id,domain
14,ezviz7.com
85,edgekey.net
97,edgesuite.net
113,europa.eu
152,epicgames.com
177,example.com
185,ebay.com
228,edgcdn.net
318,etsy.com
335,ea.com
345,enacdn.net
371,ezvizlife.com
427,expireddomains.com
436,espn.com
446,edgecdn.ru
468,eye4.cn
478,eventbrite.com
487,exp-tas.com
510,elasticbeanstalk.com
542,e2ro.com
558,easebar.com
561,eset.com
634,elpais.com
815,erome.com
821,epam.com
830,eeroup.com
833,ebay.de
864,ebay.co.uk
896,eporner.com
897,eu-1-id5-sync.com
916,epa.gov
919,eu.com
987,elmundo.es
1018,ecosia.org
1051,epicgames.dev
1129,economist.com
1171,espncricinfo.com
1183,elconfidencial.com
1203,elsevier.com
1270,emag.ro
1324,edna.ru
1336,e621.net
1371,e-hentai.org
1405,everesttech.net
1439,eenadu.net
1445,eci.gov.in
1453,ekstrabladet.dk
1462,eff.org
1484,epfindia.gov.in
1508,exhentai.org
1587,ey43.com
1629,ewaybillgst.gov.in
1635,eepurl.com
1659,escort.club
1677,eroterest.net
1678,ecnavi.jp
1701,espn.com.ve
1717,edgecastdns.net
1756,education.dz
1758,examinationservices.nic.in
1820,enable-javascript.com
1865,elegantthemes.com
1889,economictimes.com
1920,ecdnx.com
1945,ezvizru.com
1961,exelator.com
1971,easy4ipcloud.com
1989,euronews.com
1992,ed.gov
1993,evernote.com
2031,eskimi.com
2068,engadget.com
2092,excite.co.jp
2103,expedia.com
2120,ebay.it
2149,e-msedge.net
2168,example.org
2226,edu-servers.net
2253,earthlink.net
2278,eltiempo.es
2317,energy.gov
2340,entrepreneur.com
2362,express.co.uk
2407,ey.com
2538,ethz.ch
2542,emaktab.uz
2600,eyeota.net
2612,evergage.com
2719,edge.apple
2746,elastic.co
2750,easybrain.com
2762,elastic-cloud.com
2768,envato.com
2891,e-volution.ai
2925,entrust.net
2999,eqtv.io
3009,eurodns.com
3032,easytrader.ir
3082,education.ne.jp
3116,esquire.com
3132,eastmoney.com
3147,elle.com
3148,esa.int
3149,ed.ac.uk
3172,emxdgt.com
3212,egnyte.com
3261,ex.co
3377,eventbrite.co.uk
3392,epicsports.in
3495,eum-appdynamics.com
3507,edx.org
3519,ec-lyon.fr
3520,envato.market
3564,es.io
3637,emb-api.com
3645,e-recht24.de
3686,emarsys.net
3752,ethdisco.net
3760,expressapisv2.net
3815,ekatox.com
3820,elementor.com
3826,ettdnsv.com
3853,ebayimg.com
3892,evgnet.com
3945,eurekalert.org
4030,elevenlabs.io
4051,easyjet.com
4129,espncdn.com
4154,elespanol.com
4204,emojipedia.org
4232,elster.de
4256,eclipse.org
4270,expressvpn.com
4284,ebsco.com
4315,edgedns-tm.info
4326,eia.gov
4332,ezoic.net
4396,eu.org
4404,ebaycdn.net
4507,echostarcdn.com
4513,easydns.com
4574,eldiario.es
4602,ebay.ca
4606,etrade.com
4636,ecwid.com
4640,ebay.com.au
4706,estadao.com.br
4707,ev2-msedge.net
4732,ebaystatic.com
4760,ertelecom.ru
4763,eatingwell.com
4830,enlightenment.org
4857,ecombdapi.com
4898,ew.com
4927,eufylife.com
4944,everydayhealth.com
4971,espressif.com
4974,exitlag.net
4982,expiredwixdomain.com
4990,eagllwin.com
4992,exacttarget.com
5045,eleconomista.es
5058,edgetcdn.io
5164,eltiempo.com
5175,emory.edu
5189,etherscan.io
5192,eb.mil.br
5224,emirates.com
5244,eonline.com
5249,epfl.ch
5264,experian.com
5357,e1c-ops.com
5375,ebay.fr
5377,emarketer.com
5446,expressen.se
5465,elcorteingles.es
5519,edgekey88.net
5555,e5.sk
5562,eyeo.com
5616,etoro.com
5697,elcomercio.pe
5705,emerald.com
5761,enjoei.com.br
5797,empik.com
5819,ebscohost.com
5843,edmunds.com
5885,eiga.com
5926,esxdos.org
6051,ecfr.gov
6095,edgecdn.world
6130,euractiv.com
6147,eitaa.com
6201,evidon.com
6215,ezydomain.com
6293,exblog.jp
6359,esri.com
6389,eater.com
6420,emol.com
6448,europepmc.org
6478,easports.com
6621,eaton.com
6666,europapress.es
6696,episerver.net
6737,eset.systems
6744,elcorreo.com
6749,evri.com
6795,eloqua.com
6869,expo.dev
6882,easy4ip.com
6889,eurogirlsescort.com
6928,eapteka.ru
6951,evo-games.com
6971,elperiodico.com
6973,ekitan.com
6988,eonet.ne.jp
6993,ensonhaber.com
7000,esteri.it
7005,emgsound.ru
7036,eventim.de
7040,euro.com.pl
7075,epluscdn.com
7092,elstc.co
7115,exponea.com
7142,ecer.com
7164,encyclopedia.com
7187,ebird.org
7190,eurogamer.net
7194,e-planning.net
7218,epicentrk.ua
7253,eksisozluk.com
7271,edge2befaster.net
7323,exoclick.com
7328,ehow.com
7341,eukdns.com
7405,espn.com.br
7435,emptyhammock.com
7526,e.leclerc
7532,eurosport.fr
7559,eldebate.com
7588,education.gov.in
7598,esper.cloud
7634,ext-twitch.tv
7661,ets.org
7677,ecobee.com
7682,epson.com
7687,examiner.com
7724,edmentum.com
7752,ewg.org
7759,envoyer.io
7837,elcinema.com
7849,elbalad.news
7850,esic.gov.in
7889,egais.ru
7926,eroprofile.com
8003,elfsight.com
8036,exlibrisgroup.com
8082,enuygun.com
8118,emlakjet.com
8152,elitebabes.com
8161,emojidb.org
8239,esocial.gov.br
8243,extremereach.io
8244,etsystatic.com
8286,ethereum.org
8303,espn.com.ar
8330,esm1.net
8367,energystar.gov
8405,eki-net.com
8458,espn.com.mx
8464,engagelab.cc
8532,erothots1.com
8587,eluniversal.com.mx
8608,er.ru
8612,elfinanciero.com.mx
8665,emojicombos.com
8743,eyemedvisioncare.com
8798,epey.com
8808,eyefinity.com
8855,ero-video.net
8875,esakal.com
8887,evotor.ru
8951,emc.com
8978,ernet.in
9005,eboblack.com
9039,eleadcrm.com
9045,equant.net
9056,ensighten.com
9117,etisalatdomains.ae
9153,eredmenyek.com
9172,em.com.br
9187,esuteru.com
9204,ecuabet.com
9218,ezoicns.com
9263,escortbabylon.net
9281,electrodepot.fr
9290,e-estekhdam.com
9298,egov.uz
9397,eropuru.com
9451,estama.jp
9497,e-jumbo.gr
9513,enterprise.com
9515,escortsandbabes.com.au
9524,evite.com
9528,etrain.info
9574,egramswaraj.gov.in
9580,easyhomescreen.com
9612,easybell.de
9644,espn.com.do
9671,epicgamescdn.com
9690,eprocure.gov.bd
9755,everlastting.com
9782,eronity.com
9793,educacao.sp.gov.br
9801,elmaz.com
9842,elephantbet.co.mz
9852,eduvulcan.pl
9856,esy1.com
9887,espacioapk.com
9906,ericsson.com
9950,erotikchat4free.org
9961,elephantbet.co.ao
9974,eghrmis.gov.my
10007,ebharatgas.com
10018,ethiolottery.et
10020,enloteria.com
10021,eufy.com
10029,educationportal3.in
10139,edu.gob.sv
10145,ebet.co.sz
10246,esdnevnik.rs
10310,europeana.eu
10325,edublogs.org
10349,exodus.io
10361,eeoc.gov
10454,egihosting.com
10495,expansion.com
10525,ebxcdn.com
10527,embedly.com
10556,exitgames.com
10610,echosat.net
10672,e-monsite.com
10723,en25.com
10787,ebi.ac.uk
10798,elsevierpure.com
10811,electrek.co
10863,equifax.com
10868,enphaseenergy.com
10882,eventbrite.ca
10930,expresso.pt
10945,eastday.com
10956,exeter.ac.uk
10985,expediapartnercentral.com
10989,everestop.io
11009,etahub.com
11047,edgetcdn.net
11052,effirst.com
11129,ecoflow.com
11141,ebc.com.br
11154,epichosted.com
11203,ele.me
11312,erothots.co
11322,engenius.ai
11355,erne.co
11373,eppo.cloud
11418,env.go.jp
11526,eizzih.com
11571,e1.ru
11585,emb-japan.go.jp
11594,elgato.com
11596,elvebredd.com
11624,extremecloudiq.com
11625,eneba.com
11637,exs.pl
11638,edweek.org
11744,etagi.com
11751,edgedns.ru
11784,extcam.com
11820,elong.com
11827,earnin.com
11867,eu-4-id5-sync.com
11922,editmysite.com
11937,etrusted.com
11965,epicurious.com
11985,escholarship.org
11991,entrust.com
12015,exame.com
12020,elespectador.com
12024,elte.hu
12060,eurosport.it
12146,echofungames.com
12202,engagelab.com
12257,ecombdimg.com
12272,en-thunderscans.com
12325,etoote.com
12334,ensembl.org
12344,euskadi.eus
12348,eu-3-id5-sync.com
12349,espn.com.co
12373,ezoic.com
12375,escapefromtarkov.com
12381,equalweb.com
12421,ezdnscenter.com
12443,eccentricsterilizevastness.com
12447,easytomessage.com
12505,eldorado.gg
12525,educacion.gob.es
12566,eye4cloud.com
12616,ecmwf.int
12641,ee.co.uk
12665,etstur.com
12668,epubgame.com
12696,extremetech.com
12697,elcompanies.com
12749,esputnik.com
12751,eso.org
12766,edna.id
12807,eplus.jp
12815,earn.fm
12832,elisa.ee
12900,espn.co.uk
12905,ebay.es
12941,exchbet365.live
12963,elisa.fi
12982,england.nhs.uk
13030,ecbsn.com
13061,elle.fr
13187,eitaa.ir
13228,epo.org
13239,eadaily.com
13242,exxonmobil.com
13306,evidence.com
13338,edgegslb.com
13339,egress.com
13382,exhera.com
13387,etymonline.com
13404,eromecdn.com
13416,ename.net
13421,eurovisionworld.com
13430,eveonline.com
13470,epik.com
13483,elavon.com
13499,evraz.com
13512,e911cloud.com
13587,eganet.go.tz
13600,expirenotification.com
13702,ecoticias.com
13781,einpresswire.com
13930,eurosport.com
14015,edgecdn.co
14041,eugdpr.org
14066,express.dhl
14079,embrapa.br
14086,ezlo.com
14122,eleman.net
14132,europa.eu.int
14149,espn.in
14161,easeus.com
14207,einnews.com
14214,ettoday.net
14244,exness.com
14249,elluciancloud.com
14255,enabiz.gov.tr
14258,editorialmanager.com
14277,epson.net
14302,element.io
14307,english-heritage.org.uk
14328,espritgames.ru
14402,ezgif.com
14414,ecnl.ru
14416,escapistmagazine.com
14482,eagleeyenetworks.com
14512,efe.com
14602,elliemae.io
14731,etihad.com
14751,ecomdata.de
14791,e-tesda.gov.ph
14804,explodie.org
14820,ecitizen.go.ke
14822,edelman.com
14834,educacao.go.gov.br
14842,evvelcevap.com
14876,earthday.org
14883,expedia.ca
14906,espn.net
14912,efscloud.net
14964,esped.com
14980,elpais.com.uy
14992,educacao.pe.gov.br
15011,eib.org
15065,earnpalsolutions.com
15068,eschool.edu.ps
15098,elifesciences.org
15139,explodingtopics.com
15154,easemytrip.com
15156,err.ee
15178,efko.ru
15182,eircom.net
15189,ens.fr
15214,esimdiscovery.com
15228,engageforce.net
15229,engage7.com
15263,estrepublicain.fr
15278,expertini.com
15288,emag.bg
15289,edgenuity.com
15365,ebay-kleinanzeigen.de
15373,ecourts.gov.in
15375,extra.com.br
15393,exploratorium.edu
15407,excite.com
15427,eftydns.com
15452,edutopia.org
15511,eweek.com
15586,europe1.fr
15624,etix.com
15647,emrata.top
15655,eqads.com
15729,ebaydesc.com
15828,ecouser.net
15913,ezforview.com
15917,elonara.com.au
16005,easynet.co.uk
16030,elnacional.cat
16032,epi.org
16047,easychair.org
16059,edupage.org
16216,extendthemes.com
16235,ebizautos.net
16326,emailsrvr.com
16341,emochi.com
16379,etonline.com
16383,eu.cc
16385,elledecor.com
16406,ezinearticles.com
16414,ei.aero
16424,eetimes.com
16441,erli.pl
16477,eurowings.com
16521,e24.no
16577,eatbu.com
16622,echosign.com
16631,edoinc.com
16690,etsi.org
16696,emailvision.net
16703,edwardjones.com
16806,espacenet.com
16858,eyugame.com
16948,eac-front.com
16993,educause.edu
17000,eyeo.it
17034,ekiga.net
17035,elibrary.ru
17063,epoq.de
17070,ed.nl
17077,essex.ac.uk
17080,edf.fr
17087,e-gov.go.jp
17094,equibase.com
17154,eva.ua
17156,eur.nl
17160,evetech.net
17161,eyeofhorusslot.com
17202,edge-9d7c.com
17297,eftps.gov
17313,elastic.dev
17354,emqxcloudpro.com
17360,e2ma.net
17400,elwatannews.com
17456,esportsinsider.com
17477,entekhab.ir
17488,eightfold.ai
17505,ethyca.com
17537,emerson.com
17542,everdns.com
17562,ellenmacarthurfoundation.org
17604,eklablog.com
17631,electro-com.ru
17656,eiu.com
17670,escavador.com
17688,eduquestzone.pro
17689,education.com
17694,edgedns-tm.us
17695,elsevierhealth.com
17712,epic.com
17730,elfsightcdn.com
17741,expatriates.com
17749,evolution.com
17792,eventbrite.de
17866,empireonline.com
17878,enchanted.gg
17884,everestengagement.com
18064,eyny.com
18072,ema.md
18073,etisalat.ae
18086,elitedaily.com
18107,everestjs.net
18115,earthlinkiq.com
18150,ebally.co.uk
18155,elderscrollsonline.com
18168,ef.com
18185,evapqnina.com
18204,eva.vn
18205,ep.com
18230,earthsky.org
18240,ext.to
18243,eurosport.de
18275,emeraldinsight.com
18333,easyliveauction.com
18334,e4mc.link
18386,ecorebates.com
18387,eurobet.it
18393,elliemae.com
18396,eudora.com.br
18436,eldiariomontanes.es
18447,ehu.eus
18448,ens-lyon.fr
18472,effectivecpmnetwork.com
18503,exprealty.com
18506,eamobile.com
18513,eyoucms.com
18597,elpalaciodehierro.com
18598,eeyeful.com
18671,eldestapeweb.com
18726,eleconomista.com.mx
18738,emu-dns.com
18811,embedgooglemap.net
18822,eatthis.com
18828,exoscale.ch
18849,extreme-ip-lookup.com
18862,eero.com
18867,ecal.com
18881,ethicsdinnerpave.online
18978,eol.org
19051,ebanking-services.com
19064,excellenth5game.com
19108,edpharmahub.com
19109,externulls.com
19113,eatright.org
19123,econsultancy.com
19157,engagently.com
19178,eqxiu.com
19275,efsyn.gr
19347,elysee.fr
19358,escardio.org
19362,eurostar.com
19375,export.gov
19393,ezodn.com
19427,euromonitor.com
19509,eheya.net
19558,emcd.io
19564,entel.cl
19590,empiresandpuzzles.com
19611,eventbrite.it
19619,eaglecdn.com
19652,echodnia.eu
19657,epinfraservices.com
19684,elevate.cafe
19713,elcolombiano.com
19779,euronext.com
19819,ebalka.love
19828,euobserver.com
19861,edge-inf.net
19864,ebay.be
19887,easysyncr.io
19898,ezlynx.com
19909,extra.cz
19916,emalls.ir
19932,equidia.fr
19947,employeenavigator.com
20012,erofus.com
20028,edreams.es
20039,essence.com
20054,eventsair.com
20068,exclaimer.net
20104,exactag.com
20137,exodus.com
20152,easybet.co.za
20155,eqoe.cn
20163,epson.biz
20210,enamad.ir
20214,escolavirtual.gov.br
20230,elsevier.es
20231,extole.io
20239,epidemicsound.com
20368,euronic.fi
20375,ebay-us.com
20411,ebonygalore.com
20435,eventbrite.com.au
20468,eaqbr.com.br
20508,ernstings-family.de
20616,elempleo.com
20661,economica.net
20692,express.de
20701,ecovadis.com
20703,eztvx.to
20745,estadiodeportivo.com
20748,easydns.net
20771,empathy.co
20789,expertcity.com
20844,encount.press
20894,earnbitmoon.club
20926,elif.news
20948,exp.host
20953,extremenetworks.com
20954,ecowatch.com
21020,emltrk.com
21022,esecured.net
21051,electronjs.org
21053,expedia.co.uk
21081,ezojs.com
21100,envatousercontent.com
21138,education.fr
21139,ecwcloud.com
21161,eolas.fr
21177,epsilon.com
21265,essentiallysports.com
21290,emmikochteinfach.de
21310,ekatox-ru.com
21319,ec21.com
21357,evaluationkit.com
21364,edmedix.com
21366,epochtimes.com
21398,easeslb.com
21399,epizy.com
21447,eol.cn
21451,edreams.it
21468,erodate.pl
21481,emiratesnbd.com
21496,e-dc-msedge.net
21502,elconsolto.com
21523,expf.ru
21580,enrtx.com
21584,espacejeux.com
21596,endnote.com
21699,epoznan.pl
21750,educacion.gob.ar
21784,erogarga.com
21827,exshinetech.com
21839,emergent.sh
21863,espace-citoyens.net
21876,ecomsend.com
21879,erotikforum.at
21884,e-i.com
21922,ebayadservices.com
21974,ecu.edu
21980,eutelia.it
22027,esphere.ru
22051,eni.com
22068,egain.cloud
22123,ebrd.com
22153,escort-advisor.com
22160,eisz.kz
22173,els-cdn.com
22246,ebanx.com
22311,esa.co.za
22358,esthe-ranking.jp
22359,emedny.org
22367,embedsocial.com
22376,ewtn.com
22414,esse-online.jp
22430,ekino-tv.pl
22466,eliteprospects.com
22477,even3.com.br
22490,ehu.es
22508,emisorascolombianas.co
22527,estacio.br
22564,emergingthreats.net
22582,emisoras.com.mx
22591,eshot.gov.tr
22595,embarqhsd.net
22677,emailverification.info
22683,earthcam.com
22702,electricitymaps.com
22704,etnews.com
22715,enca.com
22739,estranky.cz
22743,eacdn.com
22769,ethnc.com
22849,eddie4.nl
22866,enthdf.fr
22894,entergy.com
22940,emag.hu
22949,eukns.com
22973,educacao.mg.gov.br
22981,esm.sh
23035,edenrobe.com
23059,elneswangy.com
23123,evony.com
23146,edf.org
23168,edeka.de
23238,ebayi.org
23240,etudiant.gouv.fr
23264,ecopsy.com
23275,e-personam.com
23276,epiccare.ie
23303,eventscloud.com
23328,extranjeria.gob.cl
23352,ejalshakti.gov.in
23408,ecukwai.com
23429,evodevicemanager.com
23469,elem.mobi
23499,examens-concours.gouv.fr
23536,eiscprts.com
23545,eapayapi.com
23570,eagle-insight.com
23579,engelvoelkers.com
23600,endowmentoverhangutmost.com
23603,engie.fr
23666,edgeonedy1.com
23689,esquelasdeasturias.com
23733,eazypaytech.net
23734,estpak.ee
23739,ebaumsworld.com
23795,eway.in.ua
23814,e-docs.es.gov.br
23815,eromani777.com
23869,eba.gov.tr
23930,easygoosutilitytol.com
23969,europeanparslogokick.com
23996,eurointegration.com.ua
23997,enacdn.info
23999,edinos.ru
24004,edna.io
24007,ebay.ie
24017,enabler.ne.jp
24033,esmplus.com
24045,earlywarning.io
24088,eetapps.com
24100,expert.ru
24179,evo-box.com
24189,entelchile.net
24330,earth.com
24371,eckwai.com
24373,esi-prd.net
24397,etherstress.su
24399,enacdn.biz
24487,edb.com
24535,euroauto.ru
24550,elephantjournal.com
24575,encipher.io
24664,erau.edu
24691,essential.gg
24711,esy.es
24738,echoechoechonet.com
24752,egcvi.com
24754,encar.com
24789,evaair.com
24796,emplifi.io
24813,etnet.com.hk
24838,ee-share.com
24866,ea-mct-live.com
24868,embarcadero.com
24890,ekantipur.com
24945,eenews.net
25002,eventmonitoringpro.com
25015,euro-football.ru
25018,eurecom.fr
25060,epsonconnect.com
25100,efsystem.ru
25155,etb.net.co
25173,exct.net
25208,excelsior.com.mx
25218,evtrust.com
25265,easyhost.be
25296,ebay.at
25304,edgedns-tm.cn
25323,esafeline.com
25349,endress.com
25386,esit.info
25404,extra.com
25463,ertnews.gr
25537,e-n-c-r-y-p-t.net
25542,espn.ph
25549,easemob.com
25577,epic.org
25587,earnest.com
25645,exactdn.com
25713,expressjs.com
25730,extreme-dm.com
25738,emqxcloud.com
25740,experiment.com
25762,eislz.com
25777,ednsglobal.net
25811,evan.im
25834,explore.org
25858,eluniverso.com
25879,ebaydns.com
25932,exceedlms.com
25981,epreselec.com
25995,elearningindustry.com
26025,ekathimerini.com
26055,eskimo.com
26113,ege.edu.tr
26114,etermun.com
26139,edge-retina.net
26237,espssl.com
26240,eurovision.com
26271,etrailer.com
26288,equinix.com
26435,exosrv.com
26493,edis.global
26529,ecolab.com
26534,expressnews.com
26552,eventbrite.fr
26576,element14.com
26609,eesysoft.com
26611,exteragram.app
26727,etc.uz
26750,ezviz.com
26752,enorth.com.cn
26813,earth.org
26834,envisacor.com
26860,elitedomains.com
26882,egym.com
26888,exclusivetvs.com
26911,ethiopianairlines.com
26926,email-messaging.com
26955,express-scripts.com
27074,ecma-international.org
27079,elmueble.com
27082,eye-able.com
27184,eolo.it
27225,echodata.tv
27249,etracker.com
27257,emporiaenergy.com
27294,entradas.com
27320,embl-heidelberg.de
27349,e-i.net
27396,edgecastcdn.net
27485,einfachbacken.de
27490,endocrine.org
27507,enrollbusiness.com
27554,easy.gr
27555,exco-pb.com
27570,eda.yandex
27579,enea.it
27597,exploretock.com
27630,edjoin.org
27635,engineersaustralia.org.au
27670,exist.ru
27686,econstor.eu
27740,ezyvet.com
27768,enel.com.br
27780,evz.ro
27796,express.com
27820,emailarray.com
27830,epark.jp
27860,ecerdns.com
27902,embed-player.space
27933,ecfr.eu
27949,estore.co.jp
27985,ecomposer.app
28001,eyekraft.ru
28007,echocdn.com
28008,everybodywiki.com
28050,etuovi.com
28121,eponesh.com
28134,erudit.org
28171,etherealvpn.uk
28176,easypanel.host
28182,eui.eu
28184,expedia.de
28221,efrontcloud.com
28292,egydead.live
28330,emsisoft.com
28373,expressandstar.com
28408,ellieservices.com
28423,emptyfieldgrassm.com
28439,econlib.org
28452,equityapartments.com
28458,een.com
28465,elin.hu
28497,eharmony.com
28528,enplus.ru
28619,earthweb.com
28653,eastbaytimes.com
28674,everyaction.com
28679,ebay.nl
28751,espn.com.au
28764,eapps.com
28769,everythingmoe.com
28909,excavatenearbywand.com
28924,edigitalsurvey.com
28929,experian.co.uk
28939,esmadrid.com
29042,expatica.com
29056,escapefromtarkov.ru
29079,ezcater.com
29162,ebuckler.com
29177,eb.com
29186,edrone.me
29249,ecovacs.com
29258,efilli.com
29437,exito.com
29443,egov66.ru
29449,ecnu.edu.cn
29465,elements.video
29486,enter-system.com
29547,en-gage.net
29570,expensify.com
29591,excelsecu.com.cn
29611,eastlink.ca
29613,efercro.com
29649,ewuye.vip
29657,elcomercio.com
29672,ellcom.ru
29719,emailsys1a.net
29732,edmontonjournal.com
29757,echofungames.net
29811,ekartlogistics.com
29850,emailmeform.com
29889,easyname.com
29895,eldia.com
29915,excalidraw.com
29959,empregos.com.br
29970,etisalat.com.eg
30006,elementgames.co.uk
30041,eldorado.ru
30057,elmostrador.cl
30069,eurid.eu
30075,edhrec.com
30105,ecoportal.net
30113,easycounter.com
30136,ezmob.com
30148,euid.eu
30155,education.gov.uk
30173,eniris.be
30246,eurekamag.com
30264,edaily.co.kr
30285,ecu.edu.au
30330,e-efka.gov.gr
30336,evan-musics.ir
30341,ebalovo.click
30413,enes.tech
30459,ev2-dc-msedge.net
30471,efortuna.pl
30482,evenue.net
30499,enbw.com
30516,edgetag.io
30528,ellielabs.com
30533,exeporn.net
30566,everything2.com
30616,esggi.com
30638,explained.today
30644,ecstuning.com
30645,edgesuite88.net
30653,ewtnnews.com
30659,easy-orders.net
30673,elavon.net
30677,exchangerates24.com
30749,emuseum.com
30763,etam.com
30793,europapark.de
30794,epssanitas.com
30817,expediagroup.com
30822,elgiganten.se
30862,elecfans.com
30864,eiu.edu
30881,eduson.tv
30886,elite.uk
30900,enc.net.cn
30920,entertainmentearth.com
30924,eddirasa.com
30931,esn.com
30932,enedis.fr
31016,eatcells.com
31057,edge.org
31117,escolavirtual.pt
31156,embratel.net.br
31181,endclothing.com
31192,expert.de
31213,edp24.co.uk
31218,educacao.ba.gov.br
31254,eccdn.co
31257,ehiweb.it
31263,emis.am
31293,embassy.gov.au
31343,epunjabschool.gov.in
31373,edreams.com
31380,elegoo.com
31472,earmuffpostnasalrisotto.com
31486,engage-x.io
31556,edong.com
31622,enotes.com
31624,embercascademaple.com
31630,eu9g.com
31641,enjin.com
31716,envs.net
31776,eps.go.kr
31777,edrive-hosting.cz
31779,essilor.com
31802,ednuva.com
31803,europefreechat.com
31804,eventossistema.com.mx
31805,examsarkariresult.info
31920,easyslimnow.com
31929,extravpn.io
31979,escalax.io
31989,elmercurio.com
32002,enzymic.co
32036,elnuevodia.com
32048,elbotola.com
32096,empowher.com
32125,enel.it
32126,e-flux.com
32128,exonhost.com
32151,empower-retirement.com
32175,es.net
32204,etecsa.net
32209,everbridge.net
32210,engineering.com
32232,esrb.org
32274,edubirdie.com
32283,etoland.co.kr
32316,ebezy.tech
32436,easyviewercloud.com
32448,einzahlungbonus.de
32457,evbuc.com
32464,europcar.com
32466,ello.co
32507,ezoicanalytics.com
32555,ecopsy.ru
32583,ecured.cu
32593,expansion.mx
32608,etracker.de
32646,exo.io
32668,emex.ru
32684,eslgaming.com
32711,elmir.ua
32723,energybillcruncher.com
32744,extremetracking.com
32785,eventbrite.es
32831,eventim-light.com
32840,eghtesadonline.com
32847,epravda.com.ua
32862,europeanbc.ru
32885,euromaidanpress.com
32907,elobservador.com.uy
32912,ed-cl.com
32984,emofid.com
33002,emeritus.org
33004,econodata.com.br
33047,ebay.ch
33128,expertvoice.com
33129,englishclub.com
33156,edc.org
33181,empower.com
33228,egensajt.se
33241,eurovision.tv
33287,esam.ir
33311,eccic.com.cn
33355,energysavingtrust.org.uk
33366,ecnypay.cc
33390,eltorerospielen.com
33470,edu.ru
33488,egov.kz
33541,ethicspoint.com
33543,erols.com
33597,ecode360.com
33618,easelive.tv
33637,eencloud.com
33704,eniro.se
33771,edusite.ru
33794,evo-node.com
33841,emcali.net.co
33877,everyeye.it
33906,economia.gov.br
33912,elpts.ru
33937,elexapp.com
33940,ezizgulmyratmix.ru
33985,engineeringtoolbox.com
33986,extremereach.com
34014,ebayinc.com
34037,etvbharat.com
34044,emploi-territorial.fr
34098,essencedrive.su
34101,eggsinc.se
34117,en-japan.com
34122,easylist.to
34137,ersjournals.com
34158,eturbonews.com
34235,ecuadorpreguntas.com
34290,energysage.com
34332,eko.com
34465,embl.de
34468,elindependiente.com
34479,eventticketscenter.com
34487,enscape3d.com
34494,elim.net
34499,ebu.io
34508,e-stat.go.jp
34516,ems.com.cn
34523,eastendapps.com
34570,eventim.com
34596,eurobyte.ru
34625,ewn.co.za
34675,ebu.ch
34676,elev.io
34813,entrata.com
34881,europeantour.com
34907,eidos.com
34931,eastman.com
34999,emcd.network
35011,elfcosmetics.com
35039,elkdata.ee
35133,elationemr.com
35152,elschool.ru
35154,enhanced.live
35166,endlesshandbaglinked.com
35203,empornium.sx
35277,encuentra24.com
35300,eb.ac.cn
35306,einstein.br
35311,etsu.edu
35332,ebay.pl
35379,ert.gr
35445,edfenergy.com
35461,edurev.in
35488,engnovate.com
35537,evolv.ai
35540,eurekaselect.com
35608,ewha.ac.kr
35616,eudemon365.net
35622,etos.nl
35641,empflix.com
35649,epson.jp
35688,ekb.eg
35706,eurolandir.com
35712,enr.com
35732,edoox.com
35733,empire88-183.xyz
35909,envothemes.com
35911,edu22.info
35939,enterprisedb.com
35941,elle.de
35948,ekmdomains.net
35958,esl.com
36052,exportersindia.com
36061,exa.ai
36108,e15.cz
36109,espreso.tv
36128,excellmedia.net
36137,es.tl
36182,evolushost.com
36193,enchantedlearning.com
36197,ebilet.pl
36204,eshram.gov.in
36219,ember-energy.org
36224,elal.com
36235,en-academic.com
36278,embopress.org
36302,eventbrite.ie
36327,elcomercio.es
36432,ethnologue.com
36442,elimparcial.com
36465,elushretail.com
36468,edimaxcloud.com
36545,entersekt.com
36568,em6b6vip.com
36581,enzuzo.com
36638,european-server.com
36660,eurasiareview.com
36687,ethicalads.io
36689,ereplacementparts.com
36705,ezekielflores.com
36780,eatel.net
36791,everlane.com
36802,edu.ro
36804,elsevier-ae.com
36813,edn.com
36824,eyebuydirect.com
36834,enetscores.com
36855,espol.edu.ec
36900,ekomiapps.de
36958,equant.com
36988,er4ustartup.in
37013,ebc.net.tw
37048,e-boticario.com.br
37113,exitlag.com
37163,exemplarfederallithe.com
37173,enel.com
37252,epolice.ir
37253,exoticindiaart.com
37256,evyy.net
37376,esports.net
37450,earz.com
37454,eauctionsindia.com
37460,euroweeklynews.com
37494,evoevoevo.com
37498,elpais.com.co
37530,exploit-db.com
37532,eslite.com
37533,eccdnx.com
37587,expertise.com
37592,exposure.co
37677,examine.com
37687,eclick.vn
37718,evomi.com
37719,extraspace.com
37746,empowerlocal.co
37770,eddiebauer.com
37816,eurocontrol.int
37829,esquire.de
37847,everlit.audio
37872,esselunga.it
37917,eurochem.ru
37936,elpuntavui.cat
37989,euroncap.com
38061,ezblogz.com
38111,ebay.us
38119,evonik.com
38129,extension.org
38141,evvnt.com
38142,emjcd.com
38211,eccouncil.org
38230,ethiotelecom.et
38233,e-freewifi.com
38253,emich.edu
38267,easypack24.net
38272,earth911.com
38332,everskies.com
38335,elicit.com
38430,expedia.co.jp
38437,entreda.com
38463,elganador.com
38501,elitedomains.de
38526,eurojadul.com
38558,eluniversal.com
38590,ercdn.net
38626,educaplay.com
38651,ebay.com.sg
38678,embed.st
38681,edge2befaster.io
38723,ezboard.com
38740,enot.dev
38750,elemecdn.com
38786,estatesales.net
38818,exmainclcknew.com
38846,earthjustice.org
38864,elnortedecastilla.es
38895,edgecache.fun
38910,efinancialcareers.com
38914,exitbee.com
38926,ecosense.io
38943,ellco.ru
38975,edu.ie
38989,egyptair.com
39002,eureka.tokyo
39045,eji.org
39114,e2open.com
39120,epilepsy.com
39148,eposnowhq.com
39174,efteling.com
39203,ecco.com
39205,ecombdpage.com
39318,eon.com
39324,eclinicalweb.com
39340,edudns-a3.edu.tw
39347,examinerlive.co.uk
39378,eloview.com
39386,ecomid.com
39397,example3.com
39418,eosdns.net
39503,eprema.com.my
39504,epsa.gov.my
39551,environment.gov.au
39561,esmo.org
39683,elgaronline.com
39691,ecdn.am
39699,epm.net.co
39737,emedicinehealth.com
39791,ecosoberhouse.com
39792,emmys.com
39816,electronicintifada.net
39818,empact.digital
39835,easyfundraising.org.uk
39842,eab.com
39903,electronica.art
39921,e-szigno.hu
39942,elsalvador.com
39945,estantevirtual.com.br
39983,ersnet.org
39985,eroski.es
40023,extremeterrain.com
40031,employmenthero.com
40045,edpuzzle.com
40071,esat.net
40077,erwinmueller.com
40087,euronetworldwide.com
40117,eduhk.hk
40133,eos.org
40225,eversource.com
40241,elheraldo.co
40313,ergo.de
40323,egotisticexcavateplywood.com
40324,ehgt.org
40329,europehog.com
40332,earlham.edu
40341,ejsino.net
40344,eg.ru
40355,ebgames.ca
40374,effem.com
40378,englandfootball.com
40380,etersoft.ru
40435,econventa.com
40455,elon.edu
40456,expired.ru
40473,ebooks.com
40527,ediblearrangements.com
40540,edpharmahub.store
40562,eurasianet.org
40593,eft-project.com
40665,ewetel.de
40682,em-consulte.com
40684,esihs.net
40698,eslint.org
40724,express-shina.ru
40741,ekiten.jp
40837,emojiterra.com
40843,e-chords.com
40868,eifan.cn
40870,edenred.com
40901,edudns-a2.edu.tw
40912,elinux.org
40933,elperiodicodearagon.com
40944,es-dis.net
40963,eveeno.com
40969,es-pio.net
41077,eluniversal.com.co
41135,eadt.co.uk
41153,edgepilot.com
41180,erkapharm.com
41247,enhancv.com
41265,eurohoops.net
41277,elecom.co.jp
41304,edclub.com
41307,ennit.net
41308,egcloud.gov.eg
41357,encycolorpedia.com
41366,esportesdasorte.com
41372,emergentagent.com
41442,eubank.kz
41450,elpasotimes.com
41503,earnapp.com
41517,erepublik.com
41537,easybroker.com
41596,equinox.io
41609,emdns.uk
41637,eurofins.com
41697,eventive.org
41706,ecb.int
41728,elearnportal.science
41732,esteelauder.com
41739,eyesonff.com
41759,easydns.ca
41764,eventbus.me
41775,ecency.com
41803,education.gouv.fr
41817,easynews.com
41820,endorphina.network
41831,ex.ac.uk
41835,elementor.cloud
41842,energizedit.com
41866,envybox.io
41868,embl.org
41874,ezhostingserver.com
41894,eurosport.io
41896,eprints.org
41897,e.foundation
41899,emk.ru
41921,erieri.com
41956,eu-startups.com
41991,edan.io
42048,eska.pl
42058,electrolux.com
42087,eldia.es
42113,e-food.gr
42122,ehess.fr
42125,e3dc.com
42138,ecr.aws
42186,edsurge.com
42193,eqx.systems
42198,eumetsat.int
42217,echovita.com
42224,entsvcs.com
42230,eda1.ru
42234,ec-it.ir
42246,edison.tech
42255,elnacional.com
42258,ecrater.com
42259,essilorluxottica.com
42269,ekir.de
42279,esahubble.org
42309,el5-energo.ru
42367,exonet.nl
42395,enphase.com
42406,etpgpb.ru
42467,edadeal.ru
42507,egospodarka.pl
42512,ezlocal.com
42600,erowid.org
42610,ejobs.ro
42613,etf.com
42681,easytier.cn
42785,evergreen.edu
42819,e.hu
42867,envoy.com
42869,elfhosted.com
42876,erlang.org
42888,eth.limo
42904,ecb.co.uk
42914,elnnap.com
42928,edrawsoft.com
42934,eldeber.com.bo
42939,ecombdstatic.com
42971,eksmo.ru
42992,ecodibergamo.it
43057,edudns-a4.edu.tw
43067,eyecon-app.com
43101,ebth.com
43122,ecowitt.net
43167,exo-msedge.net
43187,everand.com
43209,ectostroy.ru
43212,enbek.kz
43233,elitescastle.com
43270,eevblog.com
43313,ebizautos.com
43375,edgedns.co
43377,ebalka.cc
43383,euronics.it
43394,eastpak.com
43405,e-elgar.com
43435,exchange-rates.org
43450,euroclear.com
43453,elsiglodetorreon.com.mx
43476,examsoft.com
43593,edion.com
43610,emoryhealthcare.org
43613,escorenews.com
43615,erzrf.ru
43632,empretienda.net
43646,ecco.ru
43651,equinenow.com
43656,erosberry.com
43658,enea.pl
43664,ecom.tech
43762,ewrc-results.com
43784,express.ms
43834,ebndns.com
43839,enhance.co.jp
43859,elplural.com
43903,equatorialenergia.com.br
43916,ecitic.com
43918,eweka.nl
43957,etimg.com
43999,exaly.com
44042,equisolve.com
44073,edudns-c1.edu.tw
44125,electric.net
44136,equalityhumanrights.com
44139,er-api.com
44154,eeo.cn
44157,eventscribe.net
44190,eurobank.gr
44191,exotel.in
44222,evocdn.net
44223,elektroda.pl
44236,edudns-c2.edu.tw
44325,expedia.mx
44341,errortrace.dev
44343,experts-exchange.com
44363,edustatlab.com
44391,entropia.de
44435,engagemedia.tv
44444,education.tn
44475,embed.ly
44489,easee.com
44511,ewscloud.com
44538,elcode.ru
44549,elconfidencialdigital.com
44580,eobuwie.com.pl
44605,eondns.com
44649,esafety.gov.au
44742,expedient.com
44747,essen-und-trinken.de
44751,education.gov.il
44791,enterprisecarsales.com
44859,etree.org
44878,emusprint.com
44887,eurosurveillance.org
44896,ek.ua
44919,electoralcommission.org.uk
44975,embluemail.com
45013,elbloglibre.com
45042,epicdn.net
45098,extralargecoffee.com
45141,edgeuno.com
45203,evo.com
45206,exclusivehosting.net
45207,ecosia-browser.net
45268,epidc.co.kr
45347,etoday.co.kr
45463,estrategiaconcursos.com.br
45551,ezzed.com
45570,eplaneta.rs
45621,edkt.io
45647,eathealthy365.com
45655,eint.cz
45686,exacdn.com
45726,emoji.gg
45746,eventbrite.nl
45764,emailservice.io
45845,emp.de
45870,elo7.com.br
45908,eku.edu
45914,ephotozine.com
45927,e2n.de
45952,estate-blog.com
45961,eaa.org
46025,eftel.com
46053,educations.com
46146,eatopiablog.com
46148,estugo-webhosting.com
46165,expo2025.or.jp
46249,everydollar.com
46263,evorra.net
46283,extreme.digital
46315,execulink.com
46335,eviivo.com
46338,eonet.jp
46342,esaunggul.ac.id
46361,eenet.ee
46384,ed2go.com
46414,esvpnapp.com
46431,ec922003.com
46493,eajzzxhro.com
46532,excelliance.cn
46546,efarma.com
46561,e-pages.dk
46580,ethnos.gr
46582,edudip.com
46609,espnpressroom.com
46633,elotrolado.net
46666,elion.ee
46701,easy-bets.org
46704,e-cigarette-forum.com
46721,electrive.com
46752,evrensel.net
46756,enviou.com.br
46776,extensis.com
46777,elliot.ai
46798,ehost.pl
46806,eurogamer.de
46862,estar.jp
46863,emeraldgrouppublishing.com
46877,enanyang.my
46915,ezhomesearch.com
46956,electrolux.com.br
46997,equinor.com
47013,elcorreogallego.es
47017,ecooparts.com
47025,emojiall.com
47113,elcom.ru
47120,euume.com
47140,eonnext.com
47150,engie.com
47159,extendedstayamerica.com
47166,ehtracker.org
47168,eulerpool.com
47290,ezeefiber.net
47291,ebsco-assets.com
47312,e-chalupy.cz
47313,epocacosmeticos.com.br
47323,eybond.com
47344,enpara.com
47520,elheraldo.hn
47521,e-mobile.ne.jp
47554,ebony.com
47555,education.gov.au
47574,echecks.com
47612,excalls.mobi
47616,ellitoral.com
47627,engime.org
47642,epicnpc.com
47676,espreso.co.rs
47689,eitb.eus
47728,epc-data.com
47754,esvalabs.com
47760,exclaim.ca
47790,eastasiaforum.org
47809,expressnetw.com
47832,e-mordovia.ru
47879,evbstatic.com
47942,electricimp.com
47952,expasy.org
47954,eurail.com
47961,etorostatic.com
48009,e-bebek.com
48089,essaypro.com
48109,effiliation.com
48132,edgeaccelerator.website
48140,esentire.services
48165,estaticos-marca.com
48180,entradium.com
48207,espinof.com
48216,echatsoft.com
48220,erply.com
48225,edna.cz
48258,ethernet.edu.et
48264,ezprk.dev
48270,echostar.com
48298,elserver.com
48353,envysion.com
48419,evetpractice.com
48510,esbnyc.com
48522,emusic.com
48639,ecommunity.com
48654,egm.gov.tr
48679,exponenthr.com
48688,eco-dns.co.uk
48713,elperuano.pe
48764,esippbx.com
48776,eco-mx.cz
48789,epicbrowser.com
48823,educationalimpactblog.com
48998,elperiodicoextremadura.com
48999,elitepvpers.com
49042,electronicdesign.com
49064,exetel.com.au
49079,esportsgames.club
49092,etecsa.cu
49093,efi.com
49147,editorialist.com
49158,exaservers.com
49180,emergencyemail.org
49256,evendo.com
49293,eedblog.com
49294,e7cod.com
49372,entrykeyid.com
49388,etm.ru
49404,encirca.net
49415,elive.fans
49470,exeloncorp.com
49493,emetriq.de
49504,ecampus.com
49530,emerson.edu
49536,euroleaguebasketball.net
49538,exatel.pl
49706,echostarbeta.com
49708,ekom21.de
49719,etherscan.com
49723,egygolds.xyz
49727,exavault.com
49735,eurocarparts.com
49765,everfulwholesale.com
49766,exponential-e.net
49775,eyeplay.org
49778,ezfacility.com
49818,elementary.io
49879,espritgames.com
49916,expedia-aarp.com
49958,espn.com.sg
49963,edealer.ca
49973,evolutionstarbucks.com
50009,escapadarural.com
50016,estatesales.org
50065,esc.net.au
50107,e-builder.net
50114,expressturn.com
50119,emis.gov.eg
50138,ems01.eu
50149,eeaak2940637fafa.com
50161,everloved.com
50175,edgenextsdns.biz
50182,easyslimnow.store
50232,easypropertysearch.org
50288,entirelydigital.com
50391,eomisae.co.kr
50400,enea.com
50421,exifnet.hu
50434,explainxkcd.com
50443,einfomax.co.kr
50456,eroticbeauties.net
50476,efukt.com
50484,expedia.fr
50503,egz.cn
50525,ellipsus.com
50542,egger.com
50550,egamersworld.com
50556,ebay.com.hk
50600,envato-static.com
50661,epinions.com
50697,esk-ural.ru
50699,ecogra.org
50713,eximpedia.app
50754,engoo.com
50779,enerjoy.life
50794,enguard.com
50860,elnorte.com
50863,echo24.cz
50916,eset.eu
50918,en-hyouban.com
50926,elar.ru
50963,empirehost.me
51023,echo-news.co.uk
51026,eascdn.net
51034,eflorist.com
51050,enikos.gr
51054,ethn.io
51058,escalated.io
51101,equalityadvisoryservice.com
51173,elperiodicomediterraneo.com
51176,efisiensuster123.com
51184,earthlink-vadesecure.net
51196,epexspot.com
51198,eagleplatform.com
51219,esade.edu
51236,expedia.it
51263,edmonton.ca
51268,eyrolles.com
51289,elnuevoherald.com
51305,eerstekamer.nl
51320,entercom.com
51346,empire88-187.xyz
51395,ehime-u.ac.jp
51452,edupoint.com
51466,exceptionless.io
51518,ecocert.com
51550,entorno.com
51555,eldesmarque.com
51561,elkdata.net
51606,ely.by
51615,efrontier.com
51624,eehome.ru
51631,expert.nl
51764,e.hbo
51873,edgexml.com
51917,emsc-csem.org
51919,edri.org
51931,eztravel.com.tw
51939,easy.co.il
52022,euppublishing.com
52036,ensilo.com
52058,epgsky.com
52075,epicsportz.xyz
52095,enterprise.co.uk
52105,elcorteingles.pt
52114,edge.app
52131,epicsportz.live
52154,egy.sex
52195,eeo.com.cn
52235,eurostarshotels.com
52242,equativ.com
52288,ebayrtm.com
52293,eros.com
52329,exchangle.com
52330,essencereferencetummy.com
52414,energycasinos.net
52429,e-ir.info
52434,e-junkie.com
52481,events.com
52494,erste.pl
52500,easybook.com
52566,eclipse.dev
52582,emon77mantul.xyz
52610,elanco.com
52642,editpad.org
52673,elpub.ru
52719,eitvcloud.com
52760,eventcinemas.com.au
52822,elron.net
52857,edfringe.com
52879,ebs.co.kr
52898,easyredir.net
52905,eremnews.com
52916,expedia.com.au
52922,everpuredata.com
52945,eporner.video
52980,equipmentshare.com
52982,epikads.com
53022,einforma.com
53041,emblstatic.net
53130,express.pk
53165,exaroton.com
53182,europlan.ru
53257,evike.com
53266,e-shop.gr
53298,epicsports.mobi
53316,e-aidem.com
53344,encodable.com
53371,enduringword.com
53388,eponuda.com
53389,eunow4u.com
53390,elkjop.no
53394,evidencelibrary.com
53399,eon.de
53423,escortnews.com
53452,editorialedomani.it
53463,earthdoc.org
53476,eureporter.co
53484,eflorbal.cz
53490,ekd.de
53514,eintracht.de
53541,ekonomim.com
53554,expatistan.com
53586,esdiario.com
53609,euphoriawins.org
53613,egyankosh.ac.in
53654,electro-torrent.pl
53725,esosuite.net
53727,economx.hu
53757,effic.pro
53788,easyddns.tech
53861,epider.me
53869,emqxsl.com
53913,evolveip.uk
53939,energycasinos.org
53945,epub.pub
53959,epimg.net
53970,europages.co.uk
53986,edomex.gob.mx
54029,entsoe.eu
54105,efhub.com
54108,e-radio.gr
54114,ekoniva-apk.com
54165,ezua.com
54166,europeanbusinessreview.com
54183,edpsciences.org
54193,engeniusnetworks.com
54230,elliman.com
54273,edgenextsdns.info
54300,edelkey.net
54332,eventim.com.br
54340,exdynsrv.com
54358,extratv.com
54377,edliocloud.com
54393,edilportale.com
54395,estrategia.com
54396,e-hon.ne.jp
54424,eaeunion.org
54436,exploregeorgia.org
54444,ericsson.net
54460,emax.net.tw
54478,eatserver.nl
54480,enkod.ru
54515,ecust.edu.cn
54523,equip-bid.com
54525,endesa.com
54600,everleap.com
54610,estoty.games
54672,evanscycles.com
54673,ecloudeu.com
54691,esdemarca.com
54746,emtmadrid.es
54748,expediataap.com
54755,epicsports.com
54766,ekapija.com
54767,earth.li
54797,enjoytokyo.jp
54864,educamaisbrasil.com.br
54870,exponential.com
54919,elprogreso.es
54923,egencia.com
54930,ethoswatches.com
54976,etimad.sa
55039,esp1.co
55040,ewu.edu
55058,entertainmentnow.com
55063,ejar.sa
55094,elestio.app
55137,e.fi
55155,edge4k.com
55165,enpal.de
55185,everymac.com
55195,emaratalyoum.com
55251,ewe-ip-backbone.de
55387,emta.ee
55393,elektra.ru
55437,expedia.co.in
55472,exlibris.ch
55491,educba.com
55498,easyspace.com
55528,escpe.net
55529,expertreviews.co.uk
55532,elgiganten.dk
55574,eatandsplit.com
55579,eeroupdate.com
55596,easyeda.com
55602,epsteinisland.site
55631,egyptindependent.com
55637,erobella.com
55680,emirates247.com
55682,eposcard.co.jp
55684,elsevier.systems
55711,east.net
55727,escharts.com
55749,eltex-co.ru
55753,eyeem.com
55766,evoto.ai
55786,estafeta.com
55791,ebacdn.com
55794,edikted.com
55834,exchangesolutions.com
55858,educationdata.org
55958,entrouvert.org
55972,exohosting.sk
55997,eiken.or.jp
56001,elasticemail.com
56002,ewdns.ch
56037,echolive.ie
56054,ebsco.zone
56092,echat.live
56108,eurosport.es
56147,edgar-online.com
56161,elsaltodiario.com
56187,ercot.com
56192,extendedcare.com
56199,epita.fr
56205,echonverforrinho.info
56237,epncloud.net
56249,expeditors.com
56266,emiratesgroupcareers.com
56274,einthusan.tv
56305,exophase.com
56367,eduhkdx.com
56375,elsan.care
56384,eltern.de
56402,enst.fr
56426,edsource.org
56468,easyhoster.ru
56479,echoroukonline.com
56508,efset.org
56526,epool.ru
56563,embassies.gov.il
56566,eand.ae
56603,explosm.net
56709,ewetel.net
56724,easterseals.com
56728,exaroton.me
56734,eurobasket.com
56736,eskiz.uz
56783,elec.ru
56816,euro2day.gr
56897,esports.gg
56914,ecer.co.uk
56917,elbphilharmonie.de
56923,egazette.gov.in
56926,enpass.io
56957,enshrouded.com
56966,elhacker.net
56999,edgewall.org
57031,ero-labs.com
57035,ergebnis-dienst.de
57055,e-spirit.cloud
57083,englandrugby.com
57095,e-kreta.hu
57124,easyanticheat.net
57153,ezit.hu
57179,evo.run
57213,englishrussia.com
57226,estately.com
57265,eorzeacollection.com
57306,editions-harmattan.fr
57464,ecount.com
57483,eesi.org
57485,ebgames.com.au
57509,etravel.gov.ph
57572,ew3.io
57573,erocdn.co
57609,entertimeonline.com
57643,emu.edu.tr
57648,ebtedge.com
57650,exocad.com
57664,eva.ru
57712,ecoledirecte.com
57741,epri.com
57750,e-conomic.com
57754,eveo.com.br
57767,easy.co
57810,error-report.com
57894,ecranlarge.com
57895,environmental-expert.com
57938,eneba.games
57953,emiogp.com
57958,eserver.net
57971,efloorball.net
57986,edgars.co.za
58015,econbiz.de
58031,exporntoons.net
58035,expat.com
58037,etat.lu
58046,embarqservices.net
58073,eroticmv.com
58098,extravegascasino.com
58122,etfdb.com
58160,eastwood.com
58178,ehawaii.gov
58190,exoticindia.com
58224,e-vrit.co.il
58255,essonne.fr
58270,etice.ce.gov.br
58276,ehosts.com
58284,equally.ai
58354,easycash.id
58373,erodougazo.com
58383,edgeam.am
58392,ekoi.com
58466,efipay.com.br
58467,everychina.com
58476,etm.tech
58485,eltngl.com
58517,ensdata.net
58521,ewzpuscyv.com
58538,ehime-np.co.jp
58550,elsikora.com
58567,esportsworldcup.com
58569,el-sv.ru
58650,elefanteletrado.com.br
58671,efunda.com
58680,eo-ai.com
58704,eduki.com
58711,education.gov.za
58717,exigo.ch
58854,ellos.se
58889,epochtimes.de
58945,eastidahonews.com
58954,elvenar.com
59000,e6ai.net
59033,encompass.com
59042,exact.com
59109,eet-china.com
59115,energisa.com.br
59138,elverys.ie
59150,eastbayexpress.com
59154,eco-plugs.net
59225,esc-apps-cdn.com
59305,ergoplatform.com
59324,ev5.ai
59325,eventcreate.com
59346,emaze.com
59387,educalingo.com
59402,eu-multiscreensite.com
59425,ewrestlingnews.com
59467,eprice.it
59486,emimino.cz
59494,execpc.com
59560,elintransigente.com
59619,everydaycalculation.com
59630,erratique.ch
59657,ehonnavi.net
59680,esky.pl
59689,eghtesadnews.com
59729,exch-market.in
59743,eprism-cloud.com
59745,epochbase.com
59789,evooli.com
59813,example.net
59825,egypttoday.com
59836,easyfie.com
59884,ehomeease.com
59894,elroyale-casino.com
60074,ediweb.ru
60128,ezebra.pl
60137,elcorreoweb.es
60144,eetgroup.com
60157,exposureevents.com
60162,easypost.com
60169,enom.com
60188,ezdrav.ru
60209,eet.nu
60219,ejsino.com
60246,eham.net
60255,euroconnect.fr
60287,edimdoma.ru
60306,eatsmarter.de
60328,echo-online.de
60363,elasticnet.co
60368,econombank.ru
60404,enparabank.com
60423,efbet.com
60431,edmunds-media.com
60432,etextpad.com
60474,elektra.mx
60514,e-planet.ru
60518,einfachkochen.de
60534,eufic.org
60535,equinox.com
60559,evansville.edu
60641,endava.com
60655,exiftool.org
60666,emby.media
60673,edpnet.be
60716,emiratesislamic.ae
60725,earlywarning.com
60737,edu.gov.il
60742,eurogamer.pt
60835,estranky.sk
60847,emclient.com
60894,edureka.co
60895,essen.de
60897,elonce.com
60912,elvocero.com
60948,easycosmetic.de
60972,energycasinos.io
60973,expresspros.com
60980,evrimagaci.org
61004,emailapi.info
61005,ezmanga.org
61009,exacthosting.com
61031,eat.de
61034,equipboard.com
61066,esbooks.co.jp
61092,efloorball.de
61094,editorandpublisher.com
61105,e8ys.com
61141,elisaviihde.fi
61146,e-paycapita.com
61176,erafone.com
61209,espn.nl
61255,engie.be
61257,eltrecetv.com.ar
61278,eplanet.host
61314,eltoque.com
61340,elisa.net
61341,egun.de
61363,e-tumo.jp
61383,ev.org.br
61388,efarm.pw
61429,eafit.edu.co
61533,elementy.ru
61563,epsb.ca
61621,emburse.app
61655,e-shop.co.jp
61657,earlybird.club
61664,enthuse.com
61677,esdm.go.id
61729,easyhits4u.com
61760,eventim.us
61775,ecatholic.com
61836,elle.se
61847,ebis.ne.jp
61865,entera.pro
61951,emeraldchat.com
61989,eduroam.org
61995,entertainment.ie
62015,evanshalshaw.com
62069,earthquaketrack.com
62098,easydns.org
62116,edqm.eu
62117,eeworld.com.cn
62127,echo.net.uk
62129,e-dag.ru
62157,eqbank.ca
62159,euroinvestor.dk
62163,eprize.net
62172,e-verify.gov
62200,easypara.fr
62203,expireddomains.net
62293,edgecache.online
62359,educamos.com
62426,embedded.com
62453,easemate.ai
62457,emnuvens.com.br
62499,eco-business.com
62502,elma365.ru
62527,edgedns.world
62566,eppendorf.com
62579,ehi.com
62604,ebonytube.tv
62621,enixns.com
62684,elarabygroup.com
62708,eposaudio.com
62765,emlakofisim.com
62813,ebserh.gov.br
62838,eccmp.com
62839,edc.dk
62859,epicvin.com
62860,epaenlinea.com
62871,echostarapps.net
62891,elance.com
62915,epost.go.kr
62979,elcovaforums.com
62983,edns.de
62996,euskaltel.es
63041,egovm.ru
63051,ewgp7ypy2.com
63053,eju.tv
63064,elgoog.im
63127,eclecticlight.co
63155,epiphan.cloud
63165,empregare.com
63185,espoch.edu.ec
63204,eis.de
63235,epawg.com
63263,educaweb.com
63266,elections.org.za
63312,epicgfs.com
63323,evertonfc.com
63345,entitledto.co.uk
63364,elektrikforen.de
63417,ecplaza.net
63426,e-albania.al
63434,eduzz.com
63456,eventseeker.com
63476,elsevier.nl
63482,easy.cl
63488,erg.kz
63507,e-boks.com
63516,emirates.net.ae
63540,evrythng.com
63597,etreproprio.com
63617,emall.by
63630,eniplenitude.com
63657,epicgames.net
63661,edoms.biz
63669,explainthatstuff.com
63689,edenproject.com
63708,environment-agency.gov.uk
63750,eventbid.net
63798,elle.pl
63842,evro-telecom.ru
63848,estately.net
63868,ennaharonline.com
63918,educationworld.com
63919,ergouz.com
63932,edupedu.ro
63935,electronicsweekly.com
63963,edge.network
63969,euronews.net
64100,echo360.net.au
64120,exercism.org
64134,edocr.com
64176,eshkaftak.vip
64178,espares.co.uk
64197,extcat.com
64220,elixir-europe.org
64229,esono.net
64279,extremesite.com
64312,exs.cx
64329,erotikkoleksiyon.com
64350,emergetools.com
64359,everythingkitchens.com
64365,effedupmovies.com
64376,e-podroznik.pl
64381,effectivegatecpm.com
64412,ess.fi
64435,englisch-hilfen.de
64483,euro-casinos.org
64503,evolveip.net
64525,erista.me
64530,elkhabar.com
64534,extremechat.com
64579,elnashra.com
64593,emerce.nl
64603,exoticca.com
64637,e2enetworks.net.in
64660,eshukan.com
64672,explorelearning.com
64705,emias.info
64714,easebuzz.in
64749,einsteinindustries.com
64763,emis.com
64791,engineeringnews.co.za
64813,erome.fan
64855,exchangerates.org.uk
64895,exotel.com
64919,ehealthme.com
64947,emitel.pl
64955,euronics.de
64961,easytunel.space
64970,evostream.com
65004,escolagames.com.br
65038,exodus.net
65094,eir-parts.net
65144,eigakan.org
65160,escarpe.it
65191,eventstracker.io
65221,empirescort.com
65259,edgesrivertrek.com
65273,espe.edu.ec
65313,earnforex.com
65413,explorersweb.com
65417,e-kakushin.com
65426,etermax.com
65453,elliptic.co
65460,exporthub.com
65468,epantofi.ro
65497,entel.bo
65526,enworld.org
65551,e27.co
65569,erasmusmc.nl
65584,easypay.ua
65592,ets2.lt
65627,epi.es
65640,elektramat.nl
65664,efekta.com
65675,etcconnect.com
65833,erciyes.edu.tr
65849,eden-emu.dev
65864,elsol.com.ar
65891,ereality.ru
65949,elements.amazon
65950,elferspot.com
65951,eta.gov.lk
66073,eispop.com
66117,esunbank.com
66169,ebooxa.com
66229,earth.jp
66297,epiroc.com
66311,ey.gov.tw
66324,expreso.com.pe
66342,eflorbal.sk
66347,etemadonline.com
66424,ecoinventos.com
66426,edgekey-staging.net
66467,eminza.com
66482,extremerestraints.com
66502,edisonresearch.com
66526,everestgrp.com
66534,euronews.rs
66577,eurocupid.com
66591,ezremove.ai
66628,esoft.tech
66632,earthhour.org
66655,erniefilaree.shop
66688,expirationwarning.net
66690,energylandia.pl
66736,esf.gov.kz
66794,ev1servers.net
66826,exibart.com
66830,ehorses.de
66846,ellb.ch
66847,esdict.cn
66859,eduzibo.com
66870,expres.cz
66882,economedia.ro
66923,escort-ireland.com
66943,easy.com.ar
66946,epag.net
66986,entrerios.gov.ar
67085,e-cdn77.top
67112,erokomiksi.com
67116,efortuna.ro
67143,espn.cl
67193,eu-pet.com
67213,epayworldwide.com
67245,edgecompute.app
67258,enet.vn.ua
67300,ebuyer.com
67327,enet.ru
67333,ex2.com
67351,erocurves.com
67377,emscharts.com
67383,etipos.sk
67406,eurofotbal.cz
67411,exteriores.gob.es
67449,emobg.io
67514,edreams.fr
67531,ebihoreanul.ro
67553,ebay.com.my
67568,egroups.com
67605,emule.org.cn
67657,edgeaccelerator.space
67663,endoflife.date
67755,eodev.com
67816,etmoney.com
67817,expressdose.com
67821,europris.no
67826,expreso.ec
67827,e89d45b16370ee7e43daeaf6ce8d9547.com
68006,everyone.net
68031,endu.net
68051,eroarcade.com
68064,elliberal.com.ar
68069,esyoil.com
68142,ebookers.com
68152,elefant.ro
68201,efex.com.au
68253,egestor.com.br
68268,entel.pe
68281,epiesa.ro
68296,eparaksts.lv
68315,espublico.com
68371,epicor.com
68417,ewebguru.com
68431,equitymaster.com
68435,eatthismuch.com
68437,euroland.com
68448,euronics.ee
68489,exportcenter.ru
68512,egcdn.com
68531,emojigraph.org
68560,epoch.ai
68592,eldoce.tv
68622,ens-paris-saclay.fr
68634,effectivealtruism.org
68664,esphome.io
68694,efatura.gov.tr
68700,erieinsurance.com
68737,esv.org
68836,esignal.com
68840,everymarket.com
68842,everytime.kr
68896,ekt.gr
68910,efirstbank.com
68917,enter.online
68947,eservice-drv.de
68961,encurtador.dev
68986,exbo.net
68990,e-earphone.jp
69040,ecobuy.ltd
69046,etop.pl
69063,erotischefilmpjes.net
69065,ebersbach.org
69076,expedia.com.br
69109,emergenresearch.com
69129,elitbet.bg
69148,eurasiantimes.com
69166,embedlydesk.com
69182,esfera.com.vc
69201,essexlive.news
69207,exeideas.com
69214,enel.com.co
69248,ews.ru
69255,empa.ch
69259,eepcloud.com
69270,eco-view.com.au
69331,eprize.com
69334,epson.com.br
69376,elclubdelfuego.com
69416,efax.com
69418,edikted.co.uk
69503,edesk.com
69583,eventfrog.ch
69588,esplus.ru
69592,excedodns.com
69594,echodev.net
69609,everythingfor420.com
69664,emailondeck.com
69689,edimax.com
69712,eventtrace.ru
69721,escortnews.eu
69728,exceedlms-staging.com
69842,easysize.me
69873,endhomelessness.org
69880,evga.com
69920,enlyte.com
69930,exness.io
69968,exforum.live
70012,ec-store.net
70035,eurohandball.com
70068,educacion.gob.ec
70080,eclipse.net.uk
70136,easyinvoice.vn
70139,expert.it
70146,enalquiler.com
70154,egt-ong.com
70160,elearningontario.ca
70180,educarex.es
70205,educative.io
70212,ejercito.mil.co
70295,exportleftovers.com
70363,efantasy.gr
70434,extra.ie
70447,entabe.jp
70458,exitosanoticias.pe
70465,experiancs.com
70505,ezpassnj.com
70506,ejemplos.co
70536,eserver.org
70553,emlfiles4.com
70609,eniyihacklink.com
70634,edie.net
70647,eventective.com
70666,eforms.com
70700,ergo.com
70720,elk.sh
70739,emptyclosets.com
70748,euromoney.com
70769,epapoutsia.gr
70798,eurosport.ro
70816,easycash.fr
70838,erail.in
70842,eyecity.jp
70852,eloquii.com
70853,easynet.fr
70917,epassport.gov.bd
70922,ekurhuleni.gov.za
70979,enfsolar.com
71012,efight.jp
71014,estatik.net
71031,ehealthinsurance.com
71038,e-monitoring.at
71057,eac.gov
71059,erajaya.com
71070,e-notariado.org.br
71083,ezecom.com.kh
71089,earthtimes.org
71137,eulue.com
71147,empirion.at
71178,elmon.cat
71210,exploreverity.com
71220,enbox.net
71227,euprava.gov.rs
71235,easyorders.shop
71246,euroshop.health
71340,erobokep.com
71379,elmnet.ir
71428,eurobilltracker.com
71442,ebalka.mobi
71490,edutin.com
71505,elitebidder.com
71539,eurospin.it
71540,etre-naturiste.com
71585,euronics.hu
71597,ethnicwearindia.com
71629,ecns.cn
71687,elle.co.kr
71715,east.net.cn
71741,en-vols.com
71747,exploreminnesota.com
71764,eperolehan.gov.my
71787,enma.lol
71788,exist.ua
71796,expeditionportal.com
71797,everycrsreport.com
71825,educoder.net
71835,emacswiki.org
71837,eventkiki.com
71841,expressilustrowany.pl
71844,escribemeetings.com
71869,escrow.com
71909,edziecko.pl
71915,epoch.cloud
71944,epicbet.com
72017,evosecurity.com
72019,etec.gov.sa
72049,exghost.com
72058,ex-shop.net
72059,ellingtoncms.com
72079,expressionengine.com
72120,ellos.fi
72155,eduline.hu
72168,epson.co.in
72208,engage.app
72259,expobank.ru
72289,eeo.today
72309,effectssdk.ai
72310,enel.cl
72337,entertainmentcadeau.nl
72444,eclat-bfc.fr
72458,evernimble.com
72460,eurogamer.pl
72466,emrmf.com
72475,episcopalchurch.org
72515,eon.ro
72522,educacionfpydeportes.gob.es
72529,etimeoffice.com
72546,encyclo.nl
72578,epochconverter.com
72635,e23.cn
72658,eseven.net
72691,emburse.com
72701,eprice.com.tw
72799,espn.com.ec
72808,elks.org
72830,endole.co.uk
72926,edudeploy.com
72938,eopyy.gov.gr
72983,evangelisch.de
72986,equi-score.com
72990,eisamay.com
73020,epuskesmas.id
73044,ewp.live
73053,eliteguias.com
73090,ex-fs.net
73113,ezetimibeinfo.com
73136,emsolutions.com.au
73137,eversportsmanager.com
73193,eprimo.de
73228,ecarx-zeekr.com
73294,espn.com.pe
73330,egeszsegkalauz.hu
73352,expressbydgoski.pl
73360,era.pt
73384,esfera.site
73391,e-hoi.de
73400,emuparadise.me
73426,e-get.jp
73454,express.com.pk
73476,ehealth.gov.au
73502,emailservice.cc
73524,ehl.edu
73547,exxothermic.com
73572,erosguia.com.br
73606,eaglercraft.com
73617,eshop-prices.com
73620,englishhome.com
73672,eghamat24.com
73708,eticket.mx
73723,ecuavisa.com
73746,eximtours.cz
73752,eplan.com
73755,epicenter.bg
73859,ehoadon.vn
73907,evolutio.es
73935,emailservice.co
73946,ebrun.com
73957,equideow.com
74016,epicgardening.com
74063,eurekaforbes.com
74095,extendoffice.com
74106,epublish.ru
74125,elicense.kz
74145,eshopworld.com
74177,ecerimg.com
74187,ec-cube.net
74236,eskom.co.za
74325,exelbid.com
74333,einfach-sparsam.de
74338,ebonybaddies.com
74339,exoscale.net
74340,educ.ar
74380,edenbrothers.com
74392,eurocert.pl
74399,engageclick.com
74410,elkspel.nl
74416,el.com.br
74425,egitimhane.com
74428,ero-labs.pro
74460,exmedia.co.kr
74477,erkiss.name
74484,energialimpiaparatodos.com
74536,esaimaa.fi
74547,ellii.com
74588,elaine-asp.de
74619,economybites.tv
74674,ets2world.com
74802,elk-wue.de
74810,endpointprotector.com
74873,e-nls.com
74903,ebsi.co.kr
74944,emcitv.com
75027,edenred.io
75033,electricembers.net
75065,esos.gr
75088,eastlink.de
75100,elca.org
75107,ezyreg.com
75129,esoft.digital
75155,ermitazas.lt
75163,easyparksystem.net
75190,eataly.com
75284,escitalopraminfo24.com
75285,entrepot-du-bricolage.fr
75409,elotouch.com
75413,ejoinme.org
75420,exim.org
75444,eltaott.tv
75460,eldiariodelapampa.com.ar
75485,eefkooktzo.nl
75520,endpointadx.com
75543,eudic.net
75553,efe.com.pe
75564,eldesconcierto.cl
75579,entreparticuliers.com
75587,edufocus.co.uk
75595,everydns.net
75617,exyuradio.net
75627,esdns.net
75630,egyzeb.com
75643,egzaminzawodowy.info
75651,eurosport.hu
75715,ey.net
75720,ergotron.com
75825,eepw.com.cn
75826,elaws.us
75941,eft-store.com
75968,edinburghlive.co.uk
75996,empoweremr.com
76056,economy.com
76067,etc-meisai.jp
76082,ecomputer.es
76099,easyappsecom.com
76100,eldigitaldealbacete.com
76106,everyday.com.au
76107,euskadi.net
76124,eidoslab.link
76131,euroclix.nl
76154,equasis.org
76249,erepairables.com
76284,exfamily.jp
76344,etabletka.sk
76358,e-construction.gov.ua
76399,essrtb.com
76436,electrolux.one
76443,elnss.com
76451,examveda.com
76460,edinburgh.gov.uk
76476,eagle.org
76478,eurostream.ing
76491,e-typing.ne.jp
76499,efn.se
76577,expertmarketresearch.com
76616,etton.ru
76702,elections.ca
76735,erotorrent.ru
76741,edmbilisim.com.tr
76774,easel.ly
76787,espace-des-marques.com
76840,embraer.com
76841,estsoft.com
76846,enlisted.net
76916,ecomm-search.com
76935,eczaneler.gen.tr
76957,epochgroups.com
76963,epymtservice.com
77032,ecestaticos.com
77062,emotivecdn.io
77078,elv.com
77109,equitypandit.com
77112,eagletribune.com
77142,ebalka.video
77159,euplatesc.ro
77200,electroplanet.ma
77288,ecamrips.com
77345,editdns.net
77352,energa.pl
77376,evnspc.vn
77380,espaces-atypiques.com
77485,enbridge.com
77489,eshentai.tv
77510,esky.ro
77539,esky.com
77559,euca.us
77561,ebikepartners.cz
77580,expedia.biz
77586,econeteditora.com.br
77644,espaceplaisir.fr
77656,europodroze.pl
77669,edu-hu.com
77673,excedodns.se
77679,etopaz.az
77732,ek-hosting.net
77784,eduzones.com
77789,ebanglalibrary.com
77802,efe.cl
77822,esl-lab.com
77835,exosite.com
77873,epssura.com
77917,episodi.fi
77944,eahd.or.ug
78018,eram.fr
78029,everlaw.com
78033,ekispert.net
78037,ecollege78.fr
78049,esciclismo.com
78087,estaff365.com
78092,ezprk.net
78103,e-clubhouse.org
78132,edreams.pt
78164,ebates.com
78195,examenblad.nl
78229,efficientforms.com
78238,ezderm.com
78254,eternalmangas.org
78278,easypay.bg
78295,easygosub.com
78314,edna.bg
78321,expertvillagemedia.com
78337,entrydns.net
78346,elcordillerano.com.ar
78376,ebix.com.au
78389,etonechto.com
78439,ewe.de
78481,eurweb.com
78494,ekapusta.ru
78559,egrashry.nic.in
78569,esnips.com
78605,eid.gov.rs
78623,entamenext.com
78635,everymatrix.com
78643,eliseai.com
78674,eltelegrafo.com
78737,example2.com
78744,easymerch.ru
78810,evkur.com.tr
78853,eland.co.kr
78883,eldiariony.com
78969,eventeny.com
79012,exeygo.com
79023,eva.cz
79031,ecisolutions.com
79037,equiresults.com
79054,epiruspost.gr
79130,educarriere.ci
79180,edponline.com.br
79222,ebit.com.br
79246,eon.pl
79262,esalah.com
79275,eveline.pl
79405,eternagame.org
79409,ethoslife.com
79451,elka.pl
79462,economie.gouv.fr
79482,euro-jackpot.net
79512,erpnext.com
79531,empirenovel.com
79592,earnvids.com
79611,earthlink.iq
79631,emess.co.il
79651,esunbank.com.tw
79690,etilize.com
79697,edu.uz
79706,epson.eu
79707,edtechmagazine.com
79716,essity.com
79778,emply.com
79785,ekoi.fr
79787,eiseverywhere.com
79791,explorajourneys.com
79799,ex-toreca.com
79923,elftoon.com
79936,educaciodigital.cat
79971,e-boks.dk
79974,energozrouti.cz
80016,etsmtl.ca
80098,enaa.com
80119,ekupi.hr
80124,eutelsat.com
80243,evozen.fr
80250,eurojackpot.de
80279,edb.gov.hk
80292,esolangs.org
80396,enercon.de
80430,eduno.com.br
80454,eltropy.com
80462,expat-dakar.com
80463,evans.co.uk
80464,emarsys.com
80487,egt-digital.com
80501,ersag.com.tr
80525,entensys.com
80561,eternz.com
80566,empleospublicos.cl
80571,europeanfilmgateway.eu
80575,eefocus.com
80615,evidation.com
80621,egyporn.org
80628,esports-news.co.uk
80704,e-welcia.com
80767,e-stave.com
80790,echerha.gov.ua
80815,ethizo.com
80825,eticketing.co.uk
80869,ethnobs.ru
80871,easy-hebergement.net
80884,edu.na
80936,emploi-public.ma
80947,epm.com.co
80977,ebid.net
80979,enwsi.gr
80993,elitetokens.gg
81004,ens.domains
81016,egov.bg
81080,e90post.com
81107,e2ertt.com
81117,e-architect.com
81191,empirescort.com.br
81219,ebookhunter.net
81247,esker.com
81278,empatica.com
81301,ecofamily.hu
81315,efirldjhot.net
81338,elipso.hr
81361,ekdromi.gr
81395,eduardolosilla.es
81408,electrodepot.be
81534,eranet-dns.com
81536,ex-m.jp
81541,ersasaat.com.tr
81547,electro.pl
81566,estoquenow.com.br
81573,econsulat.ro
81614,enet.com.cn
81690,esohbet.net
81699,einfachmalene.de
81720,elle.com.au
81767,e-auction.by
81779,execstays.com
81787,escortify.co.nz
81822,ecobolsa.com
81874,emisora.cl
81900,edgepipeline.com
81939,estudesemfronteiras.com
81942,eurovelo.com
81953,emberpointstock.net
81966,ecentral.my
81974,efl.com
81976,enclmph.life
82010,eleks.com
82038,egysex6.com
82069,escalentsurvey.co
82073,educationnext.org
82078,egov.mv
82083,edcil.co.in
82102,epiuselabs.com
82147,edp.pt
82189,ee8uyhvuybibibu.com
82199,eestiloto.ee
82215,embraconnet.com.br
82240,emis.gov.bd
82286,ejoy.com
82414,e3expo.com
82427,elevenforum.com
82502,elephantdrive.com
82546,emisora.org.es
82550,easywin.ng
82571,evalar.ru
82605,emis.de
82630,e-kondomy.cz
82705,edgecore.ru
82797,eir.ie
82829,euronews.ro
82976,evojav.pro
82980,enerbank.com
82986,exclusive-spin.com
83028,ebooks.edu.gr
83050,ecritel.fr
83135,e-catalog.co.uk
83136,educationstandards.nsw.edu.au
83144,exidecare.com
83156,epfigms.gov.in
83162,eurovps.com
83218,e-ticketbook.com
83243,etag.ee
83298,enablon.io
83330,examappointments.com
83400,eng-tips.com
83447,example123456.site
83453,enseeiht.fr
83476,ex-torrenty.org
83528,exchangerate-api.com
83582,ediblejoy.net
83626,eigachannel.jp
83644,elcom.digital
83738,egov.com
83785,elcomsoft.com
83797,economycloud.net
83802,evoliz.com
83853,equitable.com
83872,epec.com.ar
83931,elliteapostas.org
83981,emonnari.pl
83989,erecruit.co
84039,expirelot.xyz
84088,ecuadorlegalonline.com
84115,exatom.io
84197,ead.me
84202,evernorth.com
84208,emma-sleep.in
84246,editorx.com
84269,e-jumbo.ro
84280,ehsan.sa
84305,elastic.cloud
84311,edf-oa.fr
84331,enduserexp.com
84332,elplacerdelalectura.com
84361,editorajuspodivm.com.br
84372,ekyros.com
84411,e-icisleri.gov.tr
84545,ecare.nl
84546,ecchi-doujin.com
84547,ecoauc.com
84548,ecogold.ir
84549,ecotrust.ir
84550,emasex.com
84551,epsilonscan.to
84552,esanj.ir
84553,examside.com
84796,edu2iq.net
84799,evidyarthi.in
84801,eyecloudpro.com
84805,ecouterradioenligne.com
84816,e2r.jp
84837,econda-monitor.de
84839,eq.edu.au
84857,esoo.ru
84873,embark.net
84883,ecologyandsociety.org
84914,eventbrite.sg
84947,exprogram.com
84978,etenders.gov.in
85005,edgecastdns.com
85043,everstream.net
85057,extremetechcr.com
85065,enn.com
85103,exo.ir
85134,e-staffing.ne.jp
85135,ebuchka.top
85142,el-clan.com
85188,engine.com.pk
85196,efaa.sa
85253,email.it
85274,empresadns.net
85306,eamore.com.pl
85318,eloterie.ma
85329,everquote.com
85361,erinn.biz
85401,evalar.tech
85406,eartheasy.com
85409,efnet.org
85417,ewebdiscussion.com
85441,extra.cw
85448,ecogas.com.ar
85460,examsnet.com
85473,ettnet.se
85487,e-yearbook.com
85501,ememay.ir
85568,electrum.org
85616,etmall.com.tw
85619,exotic-tz.net
85651,efrete.com.br
85663,eboo.ir
85676,external-secrets.io
85678,eh.net
85683,elixir-lang.org
85709,exacq.net
85727,elliemae.net
85729,ehenho.com
85745,eraspace.com
85752,education.sn
85776,escort-side.dk
85795,educart.co
85798,eleven2.com
85800,educaciontuc.gov.ar
85809,empressleak.biz
85853,egba.eu
85855,ecat.ua
85859,encurta.app
85881,esv.ch
85903,edgecache.xyz
85922,egy69.com
85968,erdda.com
85983,e-timecard.ne.jp
86015,etnic.be
86025,eklips.kz
86070,exploader.net
86088,extra-solutions.ru
86131,editionhotels.com
86195,electraminibd.com
86228,europesays.com
86242,erotikaweb.hu
86266,eregitra.lt
86285,etomato.com
86306,eromanga-pon.com
86330,elenta.lt
86343,edifice.io
86344,eedina.com
86345,ehospital.gov.in
86346,estudioone.com.ar
86416,ezmoney.com.tw
86431,eicmai.in
86440,esr.nhs.uk
86456,elenemigos.com
86520,ergonet-dns.it
86534,earnlinks.in
86601,etailpet.com
86603,eightsleep.com
86643,e-harp.jp
86645,evo.co.uk
86663,escortsexe.net
86671,ep.gov.pk
86877,ebun.top
86920,elciudadano.com
86981,entc.ru
87024,eads.net
87054,ewrvdi.net
87080,econoblog.com.ar
87104,e-social.gov.az
87111,edwardtufte.com
87120,erodaizensyu.com
87121,expandedword.com
87132,e-pacallianz.com
87158,echo.cx
87170,eurotierce.be
87182,elausa.com.br
87187,expats.cz
87216,epw.in
87234,edu.gov.kg
87235,easycruit.com
87239,energovopros.ru
87258,efectivale.com.mx
87263,engerio.sk
87275,edcast.com
87321,energiaxxi.com
87386,engadin.ch
87460,energo-pro.bg
87473,erisscans.com
87485,ennovelas-tv.com
87494,e-nextlevel.jp
87495,eg333.io
87562,eyhukuk.com
87589,edatalink.cn
87605,expedia.es
87673,easyecom.io
87674,epusluh.id
87708,easistent.com
87713,eg-1xbet.com
87717,easydmarc.com
87725,esper.io
87731,elcats.ru
87860,elibro.net
87875,e-task.net
87904,edreams.de
87963,expo2020dubai.com
87990,eshikshya.org
87998,express-connect.com
88025,exiletribestation.jp
88040,emailinboundprocessing.com
88060,e-instituto.com.br
88061,e-ujian.com
88062,empregacampinas.com.br
88063,evg.ae
88128,economicshelp.org
88132,e-gift.co
88137,extole.com
88139,empleosperu.gob.pe
88167,eds.com
88178,eos.com
88189,ebacdn.net
88200,euvsdisinfo.eu
88214,eservices.gov.za
88225,eveyevents.com
88260,electrive.net
88298,estjt.ir
88302,echolink.org
88320,etersoft.com
88339,envia.co
88346,enfo.fi
88366,eeb.org
88432,easydinheiro.com
88490,exchange4media.com
88648,ea77.net
88649,eaglebet99.com
88650,easydoct.com
88651,easyphones.co.in
88652,ecala.net
88653,ecgglass.com
88654,educativa.org
88655,effi.com.co
88656,eggnsemulator.com
88657,ek333.net
88658,eldni.com
88659,elearnoncloud.com
88660,elivros.info
88661,eluck.mx
88662,emiyasanz.com
88663,encuentromoda.com
88664,energuate.com
88665,enterjoy.day
88666,escorteintime.com
88667,estrazionedellotto.it
88668,etmsdrive.in
88669,exphuay.com
88670,eye2serve.com
89094,escaladenotas.cl
89163,elabassist.com
89245,entree.nu
89291,edeal-soft.com
89320,eromovie-s.com
89321,erozine.jp
89380,evropochta.by
89493,enamor.co.in
89496,electricautomationnetwork.com
89503,ethicalconsumer.org
89507,extend.tv
89551,edgeone.app
89559,emtu.sp.gov.br
89560,elephantbetzone.com
89573,egu.eu
89591,eurozet.pl
89604,etrade.net.ph
89620,ecobank.com
89650,easyearn.cash
89651,emssanarlazos.org
89652,eroanime-aniruto.net
89713,eta.az
89733,evnttrck.io
89766,epublandia.com
89791,earn-pepe.com
89792,engexam.info
89822,ero.to
89862,evenkya.ru
89878,economipedia.com
89898,emtg.jp
89962,euspares.co.uk
89978,ebnhost.com
89983,eventful.com
89986,ecn.cl
90012,elog.tokyo
90044,esf.edu
90101,encyclopedia.pub
90127,ekasiwap.com
90148,ejd1s4io.com
90155,eveowiki.com
90198,erecruiter.pl
90234,efrag.org
90250,epson-europe.com
90272,eurovignettes.eu
90369,evostore.io
90375,ezectech.com.br
90410,ent-ecole.fr
90411,esheek.cam
90412,ezeepay.app
90471,e8h37h6fe3.com
90476,etap.co.nz
90487,eaomedia.ru
90558,ecotrack.dz
90575,esthauto.com
90581,eggbuddies.com
90616,e-survey.go.jp
90628,edgenextcdn.net
90644,ecommpay.com
90701,e-licitatie.ro
90713,eastview.com
90733,egov.go.th
90741,edisha.gov.in
90787,esm3ha.com
90804,epeople.go.kr
90809,editoryayinevi.net
90811,elitcar.com
90813,epimvcbipl.net
90858,eliteperfumes.cl
90859,enaos.be
90893,evoworld.io
90996,earthisland.org
91026,ezfurnitureofmayfair.com
91032,edgered.com.au
91036,erzbistum-koeln.de
91104,eroticiracconti.it
91146,exam-deco.org
91173,ezmovie.movie
91257,educationdz.com
91292,ebc.edu.mx
91326,easyxporn.com
91388,elllo.org
91488,ekapusta.tech
91489,econet24.com
91510,egitim.net.tr
91538,explozaogamer.com.br
91562,egypttrains.com
91593,echem.lk
91631,eo.nl
91645,echoes.net
91773,emakbet.com
91907,esrv.pro
91955,erovideochat.su
91993,e-fpg.com.tw
91998,etec.sp.gov.br
92002,eat-peach.sbs
92083,eclaimlink.ae
92084,elearning.org.bd
92085,emulatorgamesx.net
92086,esquelasdecantabria.com
92188,europeanconservative.com
92206,e-oa.com.cn
92216,eglo.com
92239,easydns.info
92269,evilmadscientist.com
92287,ecn.net.au
92330,edutips.in
92336,erablue.id
92386,ehtiras.ru
92393,edf.com
92402,etvnet.com
92450,enuri.com
92479,exsilia.net
93062,e-atoms.jp
93063,e-dewa.xyz
93064,e-hrms.gov.in
93065,e-impots.gouv.ci
93066,e-justice.ci
93067,e-raj.in
93068,e-sonrie.com
93069,e2necc.com
93070,e5tarle.org
93071,eagle25.com
93072,eaglebook365.club
93073,earnlom.site
93074,easyebilling.com
93075,ebuzz.world
93076,ecofactura.mx
93077,ecounselling.nic.in
93078,eden.ac
93079,edetsa.com
93080,editing4uu.com
93081,editingprompt.com
93082,editsoftsenegal.com
93083,edmeinsurance.com
93084,educ.net.br
93085,educacao.al.gov.br
93086,educacao.ma.gov.br
93087,educationindialive.com
93088,educativo.gt
93089,edudel.nic.in
93090,edus.ro
93091,edustud.nic.in
93092,eduuolvera.com
93093,eexgprhy.com
93094,effitrace.fr
93095,efs.vip
93096,egis.com.ng
93097,egytbest.live
93098,egytrains.com
93099,ehara-hiroyuki.com
93100,ehrms.nic.in
93101,ehtiras.org
93102,eiketsu-taisen.net
93103,eishq.net
93104,ejooust.ac.ke
93105,ekspertech.com
93106,eldersign.jp
93107,eleicoes.org
93108,elinknganjuk.my.id
93109,elitedate.cz
93110,elitedate.hu
93111,elitedate.sk
93112,eljooker.com
93113,elmuletazo.com
93114,emailcash.com.tw
93115,emaksaktibanget.site
93116,emanetgames.com
93117,emisoras.com.gt
93118,empire88-186.xyz
93119,empireimmo.com
93120,employmentbankwb.gov.in
93121,empresafacil.pr.gov.br
93122,emrtrenggalek.my.id
93123,emufind.com
93124,enavi-ts.net
93125,enebet.com
93126,energiapoint-game.com
93127,engine4d.com
93128,enrollonline.co.in
93129,entameboy.com
93130,eo-m.com
93131,eorn3.com
93132,epeisodia.gr
93133,epethub.in
93134,epis.gov.bt
93135,eporno.ro
93136,eprisons.nic.in
93137,eprotocolo.pr.gov.br
93138,epsianaswayuu.com
93139,epubera.com
93140,erca.gov.et
93141,erlangga.id
93142,eroanime-movie.com
93143,eroticportal.com
93144,erovns.com
93145,erpid.cz
93146,erpimplementationguide.com
93147,erpstcourier.com
93148,esalaryhry.nic.in
93149,escortdimension.net
93150,escortskubota.com
93151,esdsconnect.com
93152,eseat.lk
93153,esis.com.tw
93154,esperanzagraciaoficial.es
93155,espps.net
93156,esprit-turf.fr
93157,essen.com.ar
93158,estailofashion.com
93159,estudandoead.com
93160,esw.et
93161,ethiocoders.et
93162,etitan.hu
93163,etle-pmj.id
93164,etrendgigs.com
93165,examgir.ir
93166,exams.ir
93167,excellentsistemas.com.br
93168,exch666.com
93169,excise.gos.pk
93170,expertduturf.com
93171,expertmistry.com
93172,ezdriveohio.com
94911,engagebay.com
94930,envia.com
94948,explorads.com
94981,engagement.ai
95003,energogarant.ru
95018,eiger.io
95021,emaar.com
95064,encircadns.bank
95074,efeedbacktrk.com
95076,e-bookshelf.de
95100,exacq.com
95140,estotygames.io
95208,eagle.cool
95216,eyefinityehr.com
95230,eka-net.ru
95249,emb.gov.ph
95302,ekostavs.ru
95391,enkod.tech
95455,eso-hub.com
95460,edu-kingdom.com
95469,everyoneactive.com
95471,exmasters.com
95501,egnewses.com
95520,eazybi.com
95573,expedia.com.sg
95699,enhanced.tools
95758,edgecompute.lol
95765,educatorpages.com
95791,easywp.com
95829,efgshiefg.org
95831,ecologistasenaccion.org
95840,evoplay.games
95850,ezcname.com
95863,ecommercetimes.com
95873,earthnetworks.com
95892,emotiveapp.co
95908,ecomparkour.io
95961,e-periodica.ch
95968,elcat.kg
96054,ehs.com
96080,eltern-portal.org
96082,etes.de
96146,esadidasol.com
96216,expresscomputersystems.com
96232,epoch8.dev
96236,exrx.net
96300,edgecenter.ru
96434,ena.net
96454,editage.com
96471,easymanua.ls
96490,electricliterature.com
96491,elephanttek.com
96521,eschuhe.de
96572,esecurityplanet.com
96612,eazeapps.io
96639,economiadigital.es
96642,evexxx.me
96677,easyhosting.com
96693,edgeone.dev
96697,engplus.ru
96702,edgeaccelerator.xyz
96706,exoscale.com
96716,elmastudio.de
96721,espc.com
96730,ex.ua
96743,emacinc.com
96747,europa-casino.io
96785,ecologi.com
96801,echeapflights.com
96891,epixtechnology.com
96907,elegislation.gov.hk
96919,ellipse.net
96957,edunitas.com
96971,enamae.net
96992,emojis.com
96997,eternalcast.com
97005,edgedrive.com
97074,elevancehealth.com
97131,esportsearnings.com
97134,ecosyste.ms
97157,espanix.es
97162,evervault.com
97220,economicsandpeace.org
97251,environmentamerica.org
97262,eatingbirdfood.com
97273,eliteskyblock.com
97307,ez-web-hosting.com
97315,elevensports.pl
97330,energizer.com
97339,excelsior.edu
97380,ehangcom.com
97407,edmontonsun.com
97444,esimcloud.net
97464,everydayfeminism.com
97495,esamsungchina.com.cn
97509,e-marubouro.com
97542,etp-ets.ru
97564,euronet.nl
97602,eln3ax.com
97609,eterfund.ru
97616,eljur.ru
97618,europeansleeper.eu
97621,easydigitaldownloads.com
97658,energyandcleanair.org
97663,ema.games
97719,etacloud.org
97733,echelongateway.com
97753,eyalbitton.com
97761,ebay.in
97762,esu.edu
97767,energy-storage.news
97812,exabeam.com
97896,embedan.com
97897,everydaypuzzlesgame.com
97900,edurank.org
97913,edmodo.com
97920,enitel.net.ni
97943,eltc.ru
98002,easynet.net
98020,eventim.pl
98024,eos-numerique.com
98073,e-animalhealth.ru
98083,eastman.org
98084,enap.gov.br
98100,ecoregistros.org
98103,electrolider.com
98109,eco-vector.com
98145,egat.co.th
98167,e-fiveflowers.ru
98198,evisa.gov.tr
98202,eaufrance.fr
98225,expressone.hu
98239,eqs.com
98244,efty.com
98303,egosoft.com
98305,exos.fm
98311,eurac.edu
98345,expedia.com.hk
98363,esic.in
98385,epocrates.com
98404,evoke.ie
98419,e-disclosure.ru
98445,ecotel.net
98473,ellucian.com
98502,eatingonadime.com
98542,electude.com
98577,evisaform.us
98594,eyewind.com
98607,easyship.com
98611,expathealthseoul.com
98614,eccang.com
98650,emailfake.com
98662,exalate.cloud
98678,extra.hu
98689,elementsofai.com
98698,engine.com
98736,excelforum.com
98746,eshoped.gr
98764,ehstoday.com
98770,ekonsilio.io
98819,e-catalog.com
98873,emailoctopus.com
98885,ecompany.ae
98893,enforta.ru
98902,emblemhealth.com
98923,ekb-info.ru
98936,electricitymap.org
98955,et4.de
98968,ex-ante.cl
98990,everestkc.net
99076,ekstatic.net
99097,ecp-mis.ru
99100,eastnet.com.cn
99139,eurovaistine.lt
99163,elisa-laajakaista.fi
99176,eagle-spins.com
99202,enac.fr
99330,edu35.ru
99335,enhertusavings.com
99339,edlio.com
99350,e-klase.lv
99550,enbridgegas.com
99560,expandedramblings.com
99636,ebnserver.com
99667,exa-networks.co.uk
99723,en-ambi.com
99802,elis.com
99812,everyware-cloud.com
99863,edulastic.com
99883,edwards.com
99885,eventhubs.com
99900,europeansink.com
99911,ebook.de
100013,edgedatg.com
100026,extragum.com
100037,elnacional.com.do
100048,epower.cn
100086,exim.gov
100099,eda.gov
100108,edugovconnect.com
100154,euroki.org
100164,event-bus.io
100171,epe.es
100183,econotimes.com
100186,expressvpn.works
100214,espos.id
100239,ecuahosting.net
100272,eua.eu
100280,erm.com
100334,eiturbanmobility.eu
100345,eryayixue.com
100351,ezeep.com
100385,emodul.tech
100392,ecarstrade.com
100426,enjin.io
100433,ehr.com
100438,esrtech.com
100612,elperiodico.cat
100650,extremeoverclocking.com
100664,elitetrader.com
100672,emu-land.net
100699,engeplus.com.br
100712,egnyte-internal.com
100715,ecpr.eu
100753,elclasificado.com
100759,echo.com
100775,earthdata3.com
100776,elle.com.br
100780,en.cx
100821,ezpublishing.com
100894,esbgforum.de
100913,eventim.bg
100931,ethervds.com
100932,easywebshop.com
100941,edu.gov.qa
101001,entersect.co.za
101010,endomondo.com
101024,elloha.com
101115,endource.com
101122,ents24.com
101200,ellijay.com
101213,ertflix.gr
101229,emporda.info
101245,emmengnlsn.com
101249,eunews.it
101270,ecreativeworks.com
101329,eaglecable.net
101366,easypark.com
101436,esconlinecasino.net
101447,easykassa.ru
101473,economycarrentals.com
101545,enwovenspences.cyou
101595,ezprovider.net
101614,eu5.org
101617,ecowas.int
101629,enby.software
101647,etrn.com
101713,e5171.com
101770,eleavers.com
101775,epal.gg
101784,ethw.org
101786,enter.it
101791,expresscomputer.in
101829,enicbcmed.eu
101849,everlywell.com
101860,epidermispushupvariable.com
101863,equipmenttrader.com
101904,evolve.com
101913,ecp123.com
101922,equifax.ca
102003,eroticmonkey.ch
102018,elavil365y.com
102033,essec.edu
102039,extremetracking.net
102099,eventfrog.de
102111,entitydata.net.au
102199,entireweb.com
102201,eventbriteapi.com
102256,easychat.co
102267,eversheds-sutherland.com
102294,elementexpress.com
102400,economistjurist.es
102401,eventbrite.be
102505,eastarjet.com
102520,elektro-wandelt.de
102530,etcnameserver.com
102531,edicomgroup.com
102540,emailemnuvem.com.br
102564,espm.br
102630,enerpac.net
102656,emojiguide.com
102678,everbridgedns.net
102693,ems.host
102695,enormapps.com
102761,energyeducation.ca
102774,enotalone.com
102777,ecuhealth.org
102809,everymaterial.com
102819,eazydiner.com
102822,esrf.fr
102847,ehardhat.com
102850,ero18x.com
102873,envelopes.com
102889,easybib.com
102933,elevenwarriors.com
102971,e-lyco.fr
103032,e-words.jp
103069,enshi.cn
103088,edh.tw
103208,extradom.pl
103215,eternl.io
103248,ecomm.events
103251,e-map.ne.jp
103374,edkongames.com
103428,eski.sk
103432,effectiveratecpm.com
103449,epguides.com
103477,expertiniworldtech.com
103480,etg.team
103514,eventzilla.net
103530,emaerket.dk
103562,effix.be
103619,eskorti.ge
103637,ecgh.dk
103692,eg-services.net
103708,enplug.com
103729,ergobaby.com
103730,eveningnews24.co.uk
103823,ecareme.com
103826,etc-consult.de
103857,eipedge.io
103874,esound.app
103887,easynet.be
103908,expandeo.com
103949,ecn-ldr.de
103973,engagereaders.net
104001,esquiremag.ph
104019,emlnk.com
104081,easyhoster.com
104089,edstem.org
104100,emedicine.com
104127,eospods.ru
104158,electronics-tutorials.ws
104208,espwebsite.com
104232,essent.nl
104283,eabr.ru
104314,entnet.org
104334,edkj.club
104370,eromexxx.com
104374,enough.scot
104393,elitmaster.com
104400,elperiodic.com
104459,export-avia.site
104461,eatforum.org
104469,elementaltv.io
104471,evergy.com
104483,environmentalleader.com
104489,educationconnection.com
104499,englishcentral.com
104530,estrategiasdeinversion.com
104536,emailsp.com
104544,erosmactv.com
104549,ecoiran.com
104553,e-zpassny.com
104559,emlone.com
104565,eca.ir
104579,easyname.eu
104590,ente.com
104605,evereve.com
104634,elinkbuy.cn
104645,ecartelera.com
104699,eumed.net
104718,ether.fi
104719,ebemate.com
104750,embratel.com.br
104755,emergency-lighting.com
104781,enjoyillinois.com
104815,evolutionsystems.com.au
104850,europeanbestdestinations.com
104883,easypass.cn
104888,edapp.com
104900,easymediashare.com
104904,e-kama.com
104916,englishwell.org
104973,egyhunt.net
105038,evermatch.me
105082,extmovie.com
105095,ecommercefastlane.com
105099,elsaspeak.com
105125,explorelouisiana.com
105146,epcastingportal.com
105159,elpais.es
105210,ebdoor.com
105329,enerdata.net
105344,ebonenet.com
105367,eventsinamerica.com
105368,estuda.com
105371,emirates.estate
105404,ehotelsreviews.com
105416,etuc.org
105430,eltima.com
105453,embarkvet.com
105481,educacion.es
105495,economica.md
105497,estav.ru
105498,esvacloud.com
105553,expatguidekorea.com
105566,ecri.org
105578,exam.net
105615,emberjs.com
105618,evomag.ro
105623,espartos.ru
105645,ethanallen.com
105682,eibrt2940637fafa.com
105704,edmundoptics.com
105725,email.hosting
105732,edrive.cz
105771,ert.com
105783,e-droid.net
105879,eac.int
105919,ensta.fr
105989,electronics-lab.com
106073,encyclopediaofarkansas.net
106173,esc7.net
106203,edaboard.com
106209,epygi.com
106236,easy-peasy.ai
106241,experience.com
106261,elongstatic.com
106274,everipedia.org
106284,eso.lt
106297,evolutionadv.it
106390,energia.co.jp
106427,emporia.edu
106435,enjoyebooks.com
106439,exloader.net
106471,e.gov.ph
106548,edgenextcname.com
106567,editcookie.com
106645,evidentscientific.com
106676,elementvape.com
106707,empirewiki.com
106720,ecsbr.net
106743,everstylish.com
106781,e-kei.pl
106809,edl.io
106821,every.to
106830,easylockdownapp.com
106832,ecircle.de
106900,earringsatisfiedsplice.com
106902,epuap.gov.pl
106961,evolok.net
106984,everytown.org
106986,edubox.pt
107064,ex-cdn.com
107144,elusivedisc.com
107146,ehasla.pl
107157,evawiki.com
107213,engdis.com
107283,essential-apps.com
107341,equifax.co.uk
107348,easypromosapp.com
107364,etagdigital.com
107368,example1.com
107376,enmlounge.com
107445,exoscale-cdn.com
107448,edo.com
107468,estitor.com
107530,edabit.com
107607,elmhurst.edu
107608,ewubd.edu
107728,escogroup.org
107744,ecklers.com
107763,edinros.ru
107876,etherpad.org
107897,enu.kz
107902,eclipse.co.uk
108000,etb-tech.com
108008,engei.net
108052,eigver.com
108101,emhudong.cn
108149,elevateapp.com
108159,eyereturnmarketing.com
108164,e-rasaneh.ir
108187,escp.eu
108220,eurozine.com
108262,eslcafe.com
108264,elektmb.ru
108348,enfield.gov.uk
108357,elfagr.org
108358,educationendowmentfoundation.org.uk
108393,eb.mil
108434,eschoolnews.com
108451,ekma-is.ru
108537,expresswins.net
108571,ecostruxureit.com
108584,ebmeb.gov.bd
108606,expresso.blog
108609,ersties.com
108617,ezpointweb.com.br
108643,ebusinesspages.com
108646,eltribuno.com
108666,erotik.com
108701,eventbrite.co.nz
108767,expeditions.com
108863,ebox.net
108869,epbfi.com
108915,ecoatm.com
108975,erstegroup.com
109025,etargetnet.com
109040,ebay.ph
109048,expedia.co.id
109133,euroleague.net
109146,endirect24.com
109229,elbenwald.de
109271,east.net.ua
109381,escortbook.com
109390,elitesingles.com
109417,edge.run
109420,e-turysta.pl
109507,eflow.team
109529,elmira.es
109545,eesti.ee
109554,eil.com
109573,endeavor.org
109577,escorta.com
109596,eleximg.com
109632,emulab.net
109647,egloos.com
109707,esetnod32.ru
109715,epdf.pub
109725,eldos.xyz
109764,exhibit-e.com
109776,editionsladecouverte.fr
109784,encyclopediavirginia.org
109791,eeagrants.org
109811,eadplataforma.com
109839,elyrics.net
109850,eshia.ir
109854,everbridge.com
109865,entriforccm.eu
109870,eauction.gov.in
109923,exbo.dev
109924,ekntg2940637fafa.com
109943,erdwas.com
110013,esf.org
110078,euautoteile.de
110110,everytownresearch.org
110171,ee.net
110177,etsy.me
110182,easyprovider.eu
110207,ef-service.nl
110208,emart.com
110216,excavatorspart.com
110223,etro.com
110252,esko.com
110279,edrawing.cn
110362,engineersedge.com
110384,essence.eu
110418,epx.com
110440,esp32.com
110455,espacotenis.com.br
110462,elektrotanya.com
110490,esic.edu
110514,ecsimple.com
110516,eneos.co.jp
110554,ebp.com
110575,e-loreal.com
110593,edgeprop.sg
110609,edhec.edu
110665,ename.com
110673,everhour.com
110683,evolver.de
110744,elchapuzasinformatico.com
110746,esewa.com.np
110754,enterprisersproject.com
110773,easydnssec.com
110789,eschooldata.com
110805,evitecdn.com
110888,excel.london
110900,esomar.org
110903,emaplan.com
111010,edocente.com.br
111054,ensidirui.com
111069,envertetcontretous.fr
111145,evoxt.com
111158,epsilonnet.gr
111166,eyefilm.nl
111193,engiraffe.net
111217,evergreenjb.me
111258,explainfast.live
111270,ertecho.gr
111279,englibrary.com
111310,enelx.com
111314,evio-edc.com
111345,ember-climate.org
111348,eglobalreach.net
111426,etq.com
111437,elblogsalmon.com
111480,e.gov.ua
111552,europaplus.ru
111554,echovideo.ru
111557,euro-service.ru
111587,entertainmentcloud.net
111611,economistenterprise.com
111647,earthquakenetwork.it
111663,ensideas.com
111730,etlong.com
111738,ejiltalk.org
111776,esi.uz
111803,endpts.com
111832,esosoft.net
111833,eawag.ch
111839,erfurt.de
111863,ecommerce-platforms.com
111901,e-linter.com
111925,envoyproxy.io
112020,etftrends.com
112095,extremevital.com
112102,expose-news.com
112105,eebbk.net
112143,ekstat.com
112197,eunethosting.com
112201,econozi.com
112202,elovebook.com
112222,erie.gov
112237,etapestry.com
112256,eruditor.link
112275,ernahrungsweg.de
112306,ethos.com
112312,evenea.pl
112361,evrealestate.com
112365,endorphina.fun
112377,easycredit.de
112398,eurodata.de
112399,eu-casinos.net
112457,endel.io
112466,elevate.services
112504,exoticaz.to
112563,exacttargetapis.com
112581,eophcp.com
112594,earthgreenclub.com
112617,ebox.ca
112619,eslov.se
112653,elica.com
112675,eatyourbooks.com
112713,edition.in
112758,eastern-tele.com
112800,ednet.ns.ca
112858,encurtador.com.br
112869,ergonet-dns.com
112909,education.ua
112915,eboundhost.com
112962,extbv.com
112963,educationalnetworks.net
112965,espares.ie
112985,ecritel.com
112994,eastvalleytribune.com
113015,erkiss.live
113104,e-rad.go.jp
113125,esmcastilho.pt
113138,ecentria.com
113188,egghead.io
113202,easycontrol.io
113303,eobuwie.cloud
113304,e6ui8pc.com
113322,eatrightpro.org
113352,ecidns.net
113396,easygenerator.com
113501,europeangaming.eu
113551,evanzo-server.de
113573,edready.org
113603,embo.org
113607,evoweb.uk
113694,eagleyun.cn
113705,erpsaas.co.uk
113714,emule-project.net
113728,esgtoday.com
113746,etwinning.net
113768,economybookings.com
113781,ephost.com
113819,educationperfect.com
113822,enneagraminstitute.com
113823,energyinst.org
113826,emtb-news.de
113827,em2d.cn
113834,eupedia.com
113842,econgood.org
113884,es-cf.net
113898,eap.gr
113936,esp.k12.ar.us
114008,expertphotography.com
114034,edarabia.com
114070,echemi.com
114097,eurotunnel.com
114152,ebonystate.com
114158,eastriding.gov.uk
114215,effixads.com
114267,eyyo.com.tr
114325,elisirdipositano.it
114341,ecourtsindia.com
114393,evacrm.ru
114395,education-securite-routiere.fr
114410,epsteinhub.lol
114411,e3s-conferences.org
114460,evryjewels.com
114482,extensiv.com
114506,europafm.ro
114530,eileenfisher.com
114531,examples.com
114559,e-zab.ru
114637,e-lactancia.org
114676,eix304.com
114818,eolas-dns.eu
114833,exefiles.com
114849,eltonjohn.com
114887,evaluacion.gob.ec
114917,ecositewebhost.com
114929,easycgi.com
114957,ethoca.com
114966,everywatch.com
114971,eurosport.co.uk
115027,eurobets.io
115038,eduiss.it
115049,enmu.edu
115061,everyjoe.com
115117,enplus-telecom.ru
115145,electrolux.com.co
115146,englishpracticetest.net
115212,escape.hr
115223,esmero.nl
115240,eternet.cc
115289,edu-penza.ru
115312,emis.ge
115321,everyplate.com
115327,east.ru
115331,e-mapa.net
115355,e-mind.com
115365,europa-uni.de
115374,emlid.com
115376,electronicsforu.com
115402,eletronicasantana.com.br
115459,eortologio.net
115502,evergent.com
115542,ebgaffiliates.com
115627,emsservice.de
115628,ewm.co.uk
115693,edinoepole.ru
115701,elektroauto-news.net
115721,enroutejewelry.com
115784,elle.in
115809,edpnet.net
115843,e-estonia.com
115845,elevify.com
115882,erincondren.com
115920,externet.hu
115923,emailsecurity.app
115935,embalses.net
115965,esrt.space
115991,emefka.sk
116005,e-hosting.com.br
116057,espnfc.com
116065,eun.org
116081,euqueronestle.com.br
116122,eticket.cr
116139,egedesonsoz.com
116237,edreams.co.uk
116239,edvibe.com
116280,easybank.de
116318,equator-network.org
116358,erasmusu.com
116362,esc-kompakt.de
116367,everllence.com
116414,enerji.gov.tr
116430,essayservice.com
116439,ezcontacts.com
116476,esv2.com
116481,emblibrary.com
116492,eoidentity.com
116534,earwolf.com
116537,e323e.com
116559,eao.ru
116566,evsu.edu.ph
116568,ebs.ru
116585,ekahau.com
116593,ec3gghda.com
116605,exlservice.com
116656,europalibera.org
116682,easyasdns.com
116687,esa.com
116703,eaizzxhro.com
116755,e-odin.ru
116783,edgemedianetwork.com
116812,exsite.pl
116830,ecsmedia.pl
116855,elasticemail.info
116856,email-provider.eu
116868,experityhealth.com
116878,electrifyamerica.com
116908,emdria.org
116915,emsecure.net
116925,elogic.it
116941,enterprisenews.com
117038,encycolorpedia.cn
117039,ethio-arena.et
117041,eclub.se
117045,emodo.io
117060,easyhaitao.com
117140,eggplantstudios.ca
117195,eskying.net
117213,easyvista.com
117250,energievergelijk.nl
117288,edgehill.ac.uk
117342,ezlink.ca
117346,editorialabiertafaia.com
117364,eick-it.com
117374,explorecams.com
117479,eagleagent.com.au
117497,edgeuno.net
117515,ettelaat.com
117517,evolutionofsmooth.com
117550,ekomi.de
117584,eenewseurope.com
117596,ezcast.com
117607,em-lyon.com
117610,enssib.fr
117624,eshre.eu
117625,ec1.de
117673,empr.com
117676,enegic.com
117690,eng.it
117714,evolife.su
117735,ecnet.jp
117813,epilot.io
117840,ezhikvpn.xyz
117845,ellijewelry.com
117896,espn.com.pa
117923,electroiq.com
117925,exxpress.at
117947,e-cancer.fr
118027,elekta.com
118041,experian.in
118051,edebiyatdefteri.com
118066,epom.com
118081,entelnet.bo
118096,entryrise.com
118140,exctech.ru
118146,ergadx.com
118170,englishlib.org
118184,e-rara.ch
118190,espacepourlavie.ca
118206,ecommercebytes.com
118208,edenviaggi.it
118241,eminem.com
118259,entapp.work
118321,eqs-news.com
118331,evennode.com
118379,etcanada.com
118397,enjoy.ne.jp
118410,eclectic79furniturestore.com
118446,ernieball.com
118451,exploreasheville.com
118473,exepto.ru
118490,evergreendns.com
118500,eva-online.cloud
118510,enquirer.com
118518,evanzo.com
118546,ecift.com
118547,eduka.lt
118548,eindexamensite.nl
118549,elevspel.se
118550,eyewearlabs.com
118640,esurfingcloud.com
118658,educacao.rj.gov.br
118734,ecosightsecurity.com
118756,ejohn.org
118762,enverus.com
118804,erstebank.hr
118810,earth-policy.org
118821,emassrisemantan.com
118828,epiwin.download
118891,esb.co.id
119162,easyluxfb5.com
119163,ecebac.fr
119164,echecs.asso.fr
119165,econcours.gov.bf
119166,edg.bg
119167,edoc.se.gov.br
119168,eduelo.pl
119169,egaza.ps
119170,eh5whts3.com
119171,elitekingy.com
119172,elmundodelasmayores.com
119173,emot-tickets.jp
119174,englishhelper.com
119175,ensap.gouv.fr
119176,epinionglobal.com
119177,escoladigital.pr.gov.br
119808,eo-college.org
119812,egr.global
119837,elidealgallego.com
119842,elizabetharden.com
119899,eobuv.cz
119919,elktube.com
119927,examtopics.com
119955,e-jumbo.bg
119967,eudora.com
119982,evrydns.net
120042,epix.com
120101,eysound.com
120128,euractiv.fr
120167,extendons.com
120171,el663rr366le.com
120178,exactsciences.com
120183,e-lfh.org.uk
120258,eda.ru
120269,esiee.fr
120282,edu-74.ru
120286,eulerian.net
120299,enchantedmc.net
120327,ekadm.ru
120358,egnyte-appliance.com
120373,ezamowienia.gov.pl
120386,elliottelectric.com
120393,email-marriott.com
120395,eqnextwiki.com
120398,e-qazyna.kz
120420,ecopetrol.com.co
120421,email-ssl.com.br
120443,entix.ru
120491,edb.gov.sg
120528,erkiss.club
120534,elogo.com.tr
120582,enlightcloud.com
120608,earthtrekkers.com
120627,epplink.net
120647,expurgate.net
120720,exactonline.nl
120747,etigris.com
120758,ebmpapst.com
120778,eduskunta.fi
120785,edge-schutt.com
120810,emol.cl
120924,edp.com
120936,enlauncher.online
120967,easybathrooms.com
120973,eventfinda.co.nz
120994,ek.gov.ng
121009,envia-tel.net
121031,everymancinema.com
121037,emisiondof6.com
121062,epg.one
121105,edenfantasys.com
121110,ellumehealth.com
121141,experianplc.com
121150,eyewitnesstohistory.com
121159,electron-services.com
121199,expert4house.com
121217,exacteditions.com
121249,echtsexgeschichten.net
121258,efavormart.com
121261,e-reading.club
121316,edumsko.ru
121359,empresasdobrasil.com
121449,egwwritings.org
121499,empire.edu
121517,explosion.ru
121672,epg.pw
121686,eneos-ss.app
121721,ethiofarmers.com
121743,ethosce.com
121790,europasur.es
121803,equipmentfacts.com
121809,esportlive.vip
121812,epodex.com
121821,exisport.com
121854,edhat.com
121856,e-boekhouden.nl
121858,eugene-or.gov
121909,emagister.com
121917,ereleases.com
121935,extro-media.de
121949,estadisticas.pr
121968,e-stradivarius.net
121989,emaildiscussions.com
122011,etapa.net.ec
122030,ececshop.com
122034,epodravina.hr
122071,epn.edu.ec
122090,enta.net
122138,energy-xprt.com
122223,education.govt.nz
122265,e-xecutive.ru
122300,e-nexco.co.jp
122321,edge-themes.com
122346,edm.com
122362,egahost.com
122396,eletek.ru
122401,elecrow.com
122419,esoui.com
122450,edinburgh-review.com
122500,efziqo9lqgsakqmvf.cc
122511,extratorrent.st
122521,etui.org
122538,emotionflow.com
122559,eattravelgeek.com
122569,eif.org
122593,eitca.org
122690,eah-jena.de
122707,epagine.fr
122725,edenred.it
122733,ebuajk.com
122737,erzap.com
122742,eurodns.biz
122746,esanum.de
122776,ex-markets.pro
122780,eximdigital.com
122798,ebook5.net
122803,ejecentral.com.mx
122811,esimflag.com
122882,ehrocks.com
122883,egyptianbanks.net
122903,eurordis.org
122910,eventbrite.com.br
122991,extinctionrebellion.uk
123014,ezisys.com
123026,easyfairs.com
123103,expedia.nl
123116,en-hrana.org
123125,eniro.com
123141,eftours.com
123167,extto.com
123168,eldrinlorekeeper.store
123169,expressplay.com
123172,edubambu.store
123189,ehn.org
123208,emrld.ltd
123229,elektroshopwagner.de
123246,edusparkonline.quest
123255,evobett.com
123262,everynoise.com
123306,ecwei.net
123313,eopac.net
123364,esquire.ru
123403,easysitelabs.my
123430,edinburghgrosvenorhotel.co.uk
123447,elaph.com
123471,evino.com.br
123502,essalud.gob.pe
123506,ems1.com
123542,encyclopedia-titanica.org
123571,evehome.com
123583,europosit.com
123584,ebony8.com
123587,eyzao168.com
123591,erdgeist.org
123601,explore.com
123637,etrade.net
123647,efront.com
123688,expert-images.ro
123736,entertainmentdaily.com
123749,europe-camions.com
123762,ebercool.cn
123766,ephrataministries.org
123793,ebalovo.live
123868,edgeme.sh
123948,energy-review.bg
123970,emporiolimited.com
123971,ezlinksgolf.com
123986,emp-shop.cz
123996,eshkol.one
124053,ecommercedns.uk
124084,entainpartners.com
124124,enrollware.com
124166,ejercito.mil.ec
124175,empatheticfiance.org
124237,executivetraveller.com
124277,ext-gpm.ru
124301,elenahost.ru
124349,epack-manager.com
124377,eromman.com
124401,exactitudeconsultancy.com
124421,enforta.com
124441,experientevent.com
124442,eduid.ch
124468,europe-en-rhonealpes.eu
124470,emergenzaguasti.it
124507,ebiblio.es
124551,expdns.net
124569,ezweb.ne.jp
124574,eezee.sg
124581,engames.com
124647,ev-database.org
124673,earticle.net
124703,etecnia.net
124713,ecommercebrasil.com.br
124714,eta.gov.eg
124817,ero-labs.tech
124818,easynet.it
124863,employmentcrossing.com
124927,electricsms.com
125006,ere.net
125034,egarda.com.au
125057,expedia.co.kr
125073,edomexico.gob.mx
125096,emanualonline.com
125114,ecomento.de
125121,energiewende-oberland.de
125122,edi5on.com
125125,exploitedcollegegirls.com
125136,explora-service.it
125141,emrldtp.cc
125151,ekm.net
125169,elli.eco
125189,eventtia.com
125205,emilypost.com
125251,emergentmind.com
125256,e-taxes.gov.az
125262,e-gov.az
125323,elenamiro.com
125327,equateplus.com
125386,ever-pretty.com
125391,e-konkursy.info
125532,edu.help
125563,expedia.co.nz
125577,e-unwto.org
125588,europub.co.uk
125605,efta.int
125625,el-borrego.com
125633,excitel.in
125671,energysexy.com
125715,ebparks.org
125746,emjreviews.com
125794,etebligat.gov.tr
125814,exir.io
125868,elemis.com
125935,evocar.ua
126000,eventim.co.uk
126007,educagri.fr
126013,echotrailharbor.com
126073,enhasusg.co.kr
126088,el-nacional.com
126094,etableraweb.com
126103,easyslave.com
126123,euskalfondoa.org
126180,eigene.io
126229,educacionbc.edu.mx
126243,ezetap.com
126259,es6-features.org
126272,exahost.ru
126280,erlanger.org
126345,expertsphp.com
126353,evn.com.vn
126377,entrecode.de
126379,eu-globaldns.com
126420,eliteukserve.net
126423,e-douguya.com
126479,etam.es
126482,esk.onl
126493,edtell.com
126507,ekhokavkaza.com
126510,emailable.com
126514,elakiri.com
126519,eloquentjavascript.net
126523,elektrika.lv
126538,eurodate.com
126553,empresia.es
126590,eu-azcontentstackapps.com
126636,euphoria-tv.click
126650,eng-mo.it
126661,eidoloncorp.com
126733,elocal.com
126768,ebajacalifornia.gob.mx
126795,europe-moto.com
126799,eunet.rs
126801,evrika-games.ru
126824,estella.de
126866,ec-nantes.fr
126872,ebury.com
126908,ebookrenta.com
126918,e-magnum.kz
126923,ekhn.de
127038,english-for-students.com
127051,evian.com
127054,experteditor.com.au
127063,enetworksgy.com
127069,elektronik-kompendium.de
127070,elrepo.org
127099,electrocomponents.com
127213,edwaypoint.com
127221,eadv.it
127261,emaar.ae
127282,egygold.net
127304,ebonytoday.com
127312,ebola.cz
127328,eloelo.in
127331,esm-computer.de
127347,elisa-mobile.fi
127388,eagledynamics.ch
127425,ediblecommunities.com
127429,excedodns.eu
127451,et-gv.fr
127464,eagledistro.com
127478,europeancuphistory.com
127484,emoney-hubs.com
127507,einvoicemaker.com
127519,eleyo.com
127546,easyserver.at
127591,ecoi.net
127629,experiencescottsdale.com
127677,edramatica.com
127704,ebiotrade.com
127731,e0f.network
127782,exceldemy.com
127786,erf.de
127796,e-kazan.ru
127804,evangelie.eu
127816,eversensedms.com
127896,ekord.ru
127898,ektianxia.com
127902,ecoustics.com
127927,energimyndigheten.se
127962,etermin.net
127976,eckerd.edu
127995,exolve.ru
127996,elesquiu.com
127998,efaxcorporate.com
128020,euractiv.de
128037,epochsoul.com
128040,enterprise.ca
128054,eventbrite.com.ar
128117,e1-card.ru
128270,easypark.net
128293,engageplatform.com
128295,easyspirit.com
128317,elections.am
128334,energybillcruncher.ca
128366,e-marketing.fr
128379,eteknix.com
128409,easepdf.com
128415,expresrabota.com
128421,ens.dk
128435,elca-cloud.com
128438,enigmasoft.net
128449,electronic.us
128454,explore-nyc.org
128498,educacionchiapas.gob.mx
128505,estee.com
128512,erac.com
128582,exchangerate.host
128593,elive.net
128599,egopowerplus.com
128616,ecopellet.it
128624,eutekne.it
128628,elemor.ru
128632,eneco.nl
128673,exabytes.my
128686,entrepeliculasyseries.nz
128717,euweb.cz
128719,experteer.com
128735,ellak.gr
128738,econsig.com.br
128742,erlyvideo.org
128846,exohosting.cz
128851,elemart.top
128857,easybank.at
128859,explorestlouis.com
128872,essayshark.com
128892,entrackr.com
128897,ebglaw.com
128912,eoi.es
128924,ems-ci.com
129013,everythingfury.com
129052,eyeconic.com
129057,eleven-warehouses.com
129109,egaliteetreconciliation.fr
129111,edu71.ru
129120,eyewiki.org
129150,egorealestate.com
129152,earlychristianwritings.com
129185,ersatzteilshop.de
129246,eko.org
129277,enzahome.com.tr
129293,ebica.jp
129319,enago.com
129323,elm-lang.org
129331,ekshef.com
129365,easemobi.net
129398,emseiki.com
129445,economia.gob.mx
129472,emoneyadvisor.com
129478,esuzf.biz
129501,exposuretigerphilip.com
129508,echd.ru
129523,educacaoadventista.org.br
129539,empathycenter.ru
129543,etb2bimg.com
129590,evc-int.com
129619,elle.hu
129653,exchange4study.com
129666,ellecanada.com
129675,edealer.website
129684,esteto.ro
129692,eclipse.menu
129734,elite-dns.net
129754,easystore.co
129785,estro.ua
129860,energycentral.com
129881,earthclinic.com
129944,euroradio.fm
129986,escortguide.dk
129994,ecxbwt.biz
130013,edo-tokyo-museum.or.jp
130092,ekonomikhost.net
130099,extended.exchange
130101,edel-optics.de
130111,eksbyt.ru
130152,essortment.com
130187,eyemartexpress.com
130202,esdlife.com
130222,ecsdk.com
130238,email-hosting.net.au
130255,ecocexhibition.com
130281,eduten.com
130303,evacenter.com
130338,enlit.world
130357,ereplfx.biz
130359,elasticafd.net
130375,extrabux.com
130398,eskinstore.ca
130409,eufxebus.biz
130445,ecpay.com.tw
130518,eitfood.eu
130533,emailonacid.com
130540,ecopackersinc.ca
130563,escapes.tech
130592,europarcs.nl
130620,escortforumit.xxx
130622,ebizautos.media
130642,engadin.com
130668,exercise.com
130719,extron.com
130757,equipmentworld.com
130835,eqsl.cc
130951,evisort.dev
130982,everycolor.org
131012,elia.be
131083,ewonderful.com.cn
131091,eurosignal.cz
131105,ecogrowth.ru
131118,enginediy.com
131133,ebri.org
131146,evosoft.dev
131159,elphasecure.io
131192,ebyr1w.cn
131203,e-queo.online
131309,eleco.com.ar
131374,everygame.eu
131410,examenesdepau.com
131411,excedodns.net
131449,eac-cdn.com
131478,ehostingbiz.com
131539,etri.re.kr
131544,electricdaisycarnival.com
131561,emporis.com
131565,egoworldnet.com
131581,englearning.top
131586,edgeprop.my
131591,e-net.com
131606,envestnet.com
131655,easygardenirrigation.co.uk
131665,exportgenius.in
131691,evisa.gov.kh
131712,ens-newswire.com
131731,electricunicycles.eu
131733,e-mansion.co.jp
131738,endpoints.news
131807,entremaqueros.com
131817,espiv.net
131821,edu.gov.pt
131827,evergreen-marine.com
131830,edinburghzoo.org.uk
131838,emlnk1.com
131950,eehealth.org
131967,erborian.com
131970,erdemnet.mn
131999,euroairport.com
132002,esa.org
132012,enjoytravel.com
132128,ecc.kz
132155,edelbrock.com
132183,elimparcial.es
132188,ealing.gov.uk
132221,emseyi.com
132228,enc-dec.app
132235,esfi.org
132270,evs12dev.com
132282,egardia.com
132346,erasure4rum.com
132348,engrish.com
132352,excellus.com
132376,eunet.fi
132406,enhencer.com
132425,eticaret.gov.tr
132434,emidrouter.com
132447,e-goi.com
132463,epsg.io
132466,eka.care
132485,erpservice.com
132499,ecarxmap.com
132511,ergonet-dns.net
132542,encontropicante.com
132545,eepower.com
132563,ecml.at
132568,edgevideo.ru
132585,enduranceserver.com.br
132614,everythingrf.com
132642,engineweb.jp
132658,einsteinmed.edu
132672,editions-ellipses.fr
132744,eellgg.com
132780,encodeproject.org
132847,ezhellas.com
132848,esm.dev
132852,eatwith.com
132921,easyblogspace.cyou
132934,echopark.com
132951,endeavouros.com
132995,etnownews.com
133013,edgefonts.net
133019,enjoyfunqwer.com
133026,electromaps.com
133043,energia.gob.cl
133051,educities.edu.tw
133052,eltelegrafo.com.ec
133091,electronic-component.com
133105,evina.com
133132,eldinamo.cl
133154,ekilat.com
133180,elyote.com
133181,etma.ir
133222,elamigosgamez.net
133233,eppo.int
133239,enopoly.net
133245,easy-geo-dns.com
133252,eltamd.com
133291,esknet.net
133344,embracepetinsurance.com
133351,e-catv.ne.jp
133355,earth-car.com
133378,ek.co
133552,esimplus.me
133557,elgrafico.com.ar
133636,exler.ru
133671,everythinglubbock.com
133753,engadinemusic.com.au
133754,empowerid.com
133783,edcite.com
133812,ewrewej.la
133830,e-kvadrat.ru
133869,embroiderydesigns.com
133918,epiccloud.io
133936,esl-lounge.com
133941,ebiz-cho.com
133942,embedit.cz
133949,eurobricks.com
133957,evilangel.com
133987,edq.com
133990,esseguro.net
134009,easirule.com
134054,eslove.jp
134087,esc.edu
134112,empregosaude.pt
134114,ezulk.com
134124,ecoledesloisirs.fr
134137,emolm.com
134165,emerging-europe.com
134166,enterprise.de
134215,ege314.ru
134228,ehlers-danlos.com
134279,echelonfit.com
134306,elfa.se
134322,esignanywhere.net
134372,egyshare.my
134376,educationposts.ie
134446,emisorasunidas.com
134471,everflowclient.io
134505,enpatagonia.net
134594,ezyro.com
134690,extrainfra.com
134711,evenemangskalender.se
134723,ens-cachan.fr
134805,ereel.org
134822,edsheeran.com
134856,ero-gazou.jp
134916,eschelon.com
134931,etherfax.net
134961,eaftech.cc
134963,elvisti.kiev.ua
134971,edinburghairport.com
134986,everi.com
134998,eaw.com.pl
135027,ezot.com
135052,eventbrite.hk
135067,express-office.ru
135098,echofineproperties.com
135101,easybourse.com
135105,esap.edu.co
135118,earthlink.work
135136,emolingo.games
135207,etutor.pl
135230,entrar.in
135261,esp.md
135269,ecpage.com
135277,esaohao.com
135285,e-2.at
135332,ecvery.com
135352,estream.com
135385,energy.gov.au
135389,elderscrollsportal.de
135418,escoffier.edu
135424,ezilon.com
135449,e-parwarda.com
135475,ergodesk.com.pl
135495,easypanel.io
135615,eprod.com
135630,eureg.ro
135722,escapia.com
135796,entrio.hr
135824,esut.de
135872,ekn.kr
135931,endorsal.io
136006,eximb.com
136079,emprendedores.es
136092,ecipo.hu
136106,elitelearning.com
136122,etrade.gov.et
136162,escentual.com
136210,elsoldemexico.com.mx
136219,eyeonhousing.org
136220,eonetwork.org
136245,enercity.de
136284,einaudi.it
136346,exler.es
136358,ekcochat.com
136445,eurotux.com
136446,erienewsnow.com
136458,epibrowser.com
136480,emajstor.hr
136482,ewin.biz
136538,ebmyieofyx.com
136545,eec.mn
136579,exmetis.com
136583,educanada.ca
136694,ebrod.net
136719,examiner.com.au
136741,emotiv.com
136777,efeservicios.com
136810,eazegames.com
136867,endymed.cl
136934,eletsonline.com
136986,entreesmoothstir.com
136988,electroswingthing.com
136994,e-guma.ch
137011,elandmall.co.kr
137012,ecdms-dns2.com
137019,ezcash95.casino
137028,eaeuafhuaegfugeudd.io
137033,ezpassva.com
137120,edinarealty.com
137157,ex4.pl
137189,epiuse.com.au
137203,embedgooglemaps.com
137247,expedient.net
137254,enrgtech.co.uk
137256,eco-dns.net
137312,ekmcdn.com
137324,energyvoice.com
137383,enterticket.es
137412,easy.ac
137415,ezhealth.app
137461,elixirsaudi.com
137462,elitedawgs.com
137466,europcar.de
137497,enrandevu.com
137516,emailprotection.link
137524,excellencedriving.com
137548,eulerapp.com
137584,e-grajewo.pl
137594,eskybearing.com
137657,eplus.net
137658,europarl.eu.int
137691,euro.cz
137717,emovieposter.com
137742,e1955.com
137743,etea.online
137744,exams.gov.lk
137842,erickson.it
137875,everstake.one
137882,exemple.com
137895,elliemaeservices.com
137917,enabbaladi.net
137947,easytable.com
137992,energytransfer.com
138109,eznamka.sk
138128,enxx.ru
138133,evicore.com
138203,ellexin.net
138223,energy-charts.info
138231,euro-millions.com
138292,eink.com
138293,eirehobbies.com
138432,e-satis.fr
138433,earnabhi.in
138434,earnrupee.in
138435,easy-get-online.com
138436,easytexasdriversed.com
138437,eclatformations.com
138438,eco-tek.com.vn
138439,edahabapp.com
138440,ednevnik.edu.mk
138441,edunet.bh
138442,egazar.gov.mn
138443,ehou.edu.vn
138444,elinkmadiun.my.id
138445,eloto.me
138446,elpermis.com
138447,elsana.co
138448,emon77asli.org
138449,entry24.in
138450,equra.world
138451,esarvice.online
138452,esignal.co.kr
138453,ev168.online
139031,easily-beauty.com
139032,easyfuturebiznet.co.in
139033,ebalqa.courses
139034,ecolemedia.net
139035,edan777ntd.com
139036,editztemplate.com
139037,edugames.uz
139038,edukar.in
139039,edutyping.com
139040,emestrada.org
139041,empire88-185.xyz
139042,empreendahoje.com
139043,epicwin138aj.com
139044,erpcrmexpert.com
139045,eskisehirhaberajansi.com
139046,exototo.us
139047,expeshareve.com
139048,extrabucks.site
139049,eyanghost.com
139572,eskimi-creatives.com
139651,eversl.com
139687,estateplus.gr
139691,enciclopediadelecuador.com
139704,eular.org
139723,edogs.de
139801,esfr.pl
139808,ezeeinternet.net
139821,easternct.edu
139846,exopanda.com
139895,e-chinalife.com
139910,esisostenibilita.it
139940,ecgtool.com
139951,efestivals.co.uk
139955,electropower.ro
139956,exceptionalchildren.org
139958,eden.co.uk
139964,esxscloud.com
139994,eplane.com
140020,embrace-learning.co.uk
140082,emitrr.com
140117,elobservador.me
140123,expo2015.org
140163,eventmobi.com
140235,esn.org
140255,extensionfile.net
140270,ecoonline.com
140301,ello.ch
140308,electronics-notes.com
140371,epost.ca
140384,ellink.ru
140394,econet.co.ls
140397,e-katalog.pl
140422,expoforum.ru
140447,eldish.net
140461,encorebostonharbor.com
140498,eaobearing.com
140539,eshow365.com
140585,elterritorio.com.ar
140604,ego.gov.tr
140612,edifier.com
140621,eiffage.com
140644,e-resident.gov.ee
140696,evanzo.de
140705,easycard.com.tw
140722,european-athletics.com
140735,exelaonline.com
140775,extrahop.com
140795,elsevierperformancemanager.com
140805,experianmatch.info
140827,entrelineaspapeleria.cl
140850,ecampuslife.ca
140851,ekamsply.com
140865,efdeportes.com
140888,european-alternatives.eu
140910,emastered.com
140938,ecounterp.net
141043,ekladata.com
141068,everytrail.com
141090,endless-sphere.com
141114,europosters.eu
141115,ekuriren.se
141126,evidence.io
141145,egerton.ac.ke
141160,ekonty.com
141213,exostar.com
141225,empleate.com
141251,edesk.jp
141285,ecr.co.za
141295,emerj.com
141308,electronix.ru
141311,efu.com.cn
141333,epictura.fr
141349,enterprise.es
141373,evoclub.info
141429,eurotelbd.net
141461,electronicpartscatalogue.com
141463,easytrip.fyi
141509,electronicshub.org
141517,eurecia.com
141529,emag.net
141542,etdomain.net
141543,exhibit.jp
141598,eztechglobal.com
141605,easyuefi.com
141636,evz.de
141751,erank.com
141857,exat.co.th
141865,eng45.com
141878,ezcash94.casino
141959,edtrust.org
141962,eastwestcenter.org
141965,equalitynow.org
142048,etsp.ru
142061,euro4x4parts.com
142088,ecocomputer.com
142098,easypaisa.com.pk
142112,expertmarket.com
142117,evous.fr
142170,eigenhuis.nl
142176,eigeradventure.com
142201,edu.hu
142211,emu.ee
142298,easyfoodstamps.com
142310,edshed.com
142325,ekoniva-moloko.com
142341,elxr.dev
142386,ezcash93.casino
142438,elcodis.com
142481,eposnow.io
142505,e-qanun.az
142533,easythings.pl
142581,elfarodeceuta.es
142674,exchange-rates.com
142702,elexmobile.com
142730,endorphina.online
142751,efficientflow.net
142761,enoty.eu
142843,edtechbooks.org
142853,ethias.be
142860,epson.co.id
142887,etcgroup.org
142893,envirolink.org
142903,eintaxid.com
142912,erc.edu
143021,essex.gov.uk
143042,eth.link
143059,emrldtp.com
143073,ecdtstatic.com.br
143076,equilar.com
143088,emory.net
143151,educadventista.org
143160,e46fanatics.com
143164,emfy.com
143183,easypolls.net
143281,evaluar.com
143286,eaglepredict.com
143301,edudxscp.com
143302,enpc.fr
143354,electricalsafetyfirst.org.uk
143392,ezdrowie.gov.pl
143407,elitat.ru
143422,easygame2021.com
143423,eagleguard.app
143428,easemob.net
143440,egusd.net
143464,elex-tech.net
143495,eahli.com
143498,eqtgroup.com
143510,ehx.com
143527,eavsrl.it
143547,eurojobs.com
143621,etown.edu
143628,executivegov.com
143677,ennxo.com
143713,extelia.fr
143714,epoch.com
143719,europaeducationgroup.es
143818,empire88-176.xyz
143819,empire88-177.xyz
143820,empire88-179.xyz
143821,empire88-181.xyz
143822,empire88-184.xyz
143974,eboardsolutions.com
144039,efin.ru
144085,equitablegrowth.org
144101,ev-reach.io
144112,elevate14r.com
144133,expertiza.ru
144136,editions-galilee.fr
144171,ecfvp.org
144212,epayco.co
144214,ecocitycraft.com
144255,edu-apps.org
144285,everfit.io
144343,e-ratecentral.com
144365,ewarttechnologies.net
144431,edit-pdf-online.com
144432,edovo.com
144433,enerfox.fr
144434,enlivedental.com
144435,epicbitelab2026.com
144436,eskyfun.com
144437,ethica.partners
144589,eurotopics.net
144630,egliseducampus.org
144671,eg1xbet.com
144673,eeeoeee.com
144679,ehealth.gov.ua
144690,ephhk.com
144750,emqx.cloud
144755,essentracomponents.com
144779,epa.gov.tw
144793,eurooptic.com
144821,einsteinbros.com
144825,eurocell.co.uk
144827,elfaro.net
144832,essentialnutrition.com.br
144876,e21.cn
144883,english-academy.id
144926,euromedmonitor.org
144979,ecopultrusions.com
145064,edzone.net
145076,elite-dns.co.uk
145100,earthlink.com
145119,evo.dev
145133,eduzj.cn
145141,elektro-mall.ru
145167,explorerservizi.it
145172,emtbforums.com
145191,everbee.com
145212,easytrackbloodpressure.com
145219,e-inscricao.com
145223,efpia.eu
145242,etn.com.mx
145295,encancha.cl
145328,eziot.com
145374,everdrop.de
145376,ehjaieijyg.net
145388,eyewa.com
145399,epix.net
145407,empire-technology.net
145437,ecp.fr
145508,endis.ru
145525,everaccountable.com
145536,ebrary.com
145550,equalmarriagefl.com
145574,earthmc.net
145582,eccie.net
145651,emsnet.de
145672,edinburghcastle.scot
145715,expresshardwaredirect.com
145762,e-vegas.com
145800,easyscriptgenerator.com
145878,edelmanfinancialengines.com
145892,edelweiss.plus
145901,elasticpath.com
145916,e-bfp.com
145994,euler.finance
146036,edadeal.io
146055,encyclopediaofalabama.org
146084,ecpi.edu
146124,enhanceyourlife.mom
146151,eucerin.com
146165,egyptianstreets.com
146215,etarp.com
146220,estorilsolcasinos.pt
146228,ebar.com
146237,eventregist.com
146241,encyclopediaofmath.org
146283,emse.fr
146301,e-commerce.partners
146321,enlightcorp.com
146334,elementary.center
146341,elbaladtv.net
146365,exponent.com
146373,efor.es
146389,ecmweb.com
146422,eharmony.co.uk
146427,efi.int
146452,everfocusddns.net
146534,emoneyspace.com
146596,edalnice.cz
146631,eisti.fr
146633,etranslate.io
146692,erbol.com.bo
146730,embedindia.st
146731,epnet.com
146737,esan.edu.pe
146758,e-seenet.com
146812,everquest.com
146858,esportesdasortebr.org
146881,eccm20.org
146886,ecnext.net
146895,elpasotexas.gov
146948,equippers.com
146980,expy.jp
146993,efeverde.com
147057,ewebforce.net
147059,esportsbets.com
147115,elleshop.jp
147170,etdbw.com
147217,eventpop.me
147225,ezcash99.casino
147226,elit.dz
147273,e-tiger.net
147304,echoekb.ru
147332,eliteelevensporting.com
147346,enjoyrendlake.com
147349,eyesandmore.de
147630,e-kurashi.coop
147631,e-vsmu.by
147632,eagertonfence.com
147633,egibest.ws
147634,emon77.cfd
147635,emon77.click
147636,emon77.club
147637,emon77asli.io
147638,epathshala.nic.in
147639,erpsolutionspro.com
147640,eurohidup.com
147641,eurokoki.com
147642,euroleaguef4tickets.com
147643,eurotebak.com
147644,evelynleigh.com
147645,evosdadu.com
147646,evosgusion.com
147647,evosliberty.com
147648,evosmazda.com
147649,evosonepiece.com
147650,evosspeed.com
147651,evostimur.com
147652,evoszone.com
148579,evermotion.org
148582,eduyun.cn
148601,edoreczenia.gov.pl
148619,embibe.com
148651,educacionbogota.edu.co
148663,eclinicalworks.com
148674,eagle.ru
148697,e-news.su
148718,eratel.ru
148719,exon.io
148733,emp-online.es
148752,edge-delivery-prod.com
148780,evgo.com
148791,embassypages.com
148796,eclicksmarketing.com
148815,echo360.org
148825,evolix.org
148865,expirepausedns.com
148874,epa.ie
148876,edhelper.com
148922,eztv.wf
148927,elf.site
148929,epbhbdqrol.net
148998,erfan.ir
149095,euronet-dns.de
149096,entegris.com
149113,empower.net
149116,etsc.eu
149132,e-bookmarks.com
149154,ellosgroup.com
149157,evageeks.org
149165,everreal.co
149170,edsm.net
149184,epiphone.com
149198,elinuxservers.com
149217,eromanga-show.com
149231,ercim.eu
149285,elmotalent.com.au
149312,enmiguate.net
149334,emmet.io
149338,erothots.is
149360,enterprise-ireland.com
149377,epic.net.cy
149392,elpolloloco.com
149404,etcd.io
149418,ena.com
149430,edu-top.ru
149508,extra-leker.no
149541,easytoys.nl
149591,evcc.io
149600,englishpage.com
149660,expedia.co.th
149747,exclusivebooks.co.za
149782,elbitsystems.com
149852,e-ohaka.com
149952,endocrineweb.com
149988,electoral-vote.com
149991,espon.eu
150021,econt.com
150041,everystudent.com
150060,eazyauction.de
150084,estrid.com
150102,efilive.com
150147,easterndns.com
150234,ezdrm.com
150282,e-reading.life
150286,elektraweb.com
150310,evinternal.com
150329,emailmonday.com
150330,echr.ru
150344,erikalust.com
150432,ecomsiam.com
150447,electricbikereview.com
150562,easybill.de
150566,europeanurology.com
150609,evropaavto23.ru
150625,expediacruises.com
150632,esnet.com
150694,eachporn.com
150695,eurogirlsescort.es
150699,eviews.com
150706,energycasino.com
150725,engagecore.com
150736,ecvv.com
150880,eurocampings.de
150914,engagephd.com
150930,edu.com.pl
150972,evolutionpowertools.com
150986,equip.org
151050,educationmalaysia.gov.my
151057,erythinshimmor.com
151147,expat-visa.com
151173,epbinternet.net
151190,el8.io
151226,everfi.com
151238,ebs.org.cn
151314,easy-lms.com
151332,eximg.jp
151417,e-credit.one
151453,europeanpaymentscouncil.eu
151475,ez3c.tw
151485,ekacod.ru
151528,ehub.cz
151571,electroneum.com
151619,emdeon.com
151659,exhibitsneeze.com
151742,ebmia.pl
151757,ethera.be
151776,endeavorhealth.org
151822,entel.net.pe
151837,esinet.com.br
151860,ezhostingserver.co.uk
151912,elitedangerous.com
151939,elitetraveler.com
151941,emophilips.com
151981,escortsvideollamadas.com
152006,elfster.com
152017,easyfull.cn
152039,eisai.com
152041,elonreptiloid.com
152052,engineeringjobs.co.uk
152056,easynetworks.com.cn
152063,ecmaps.de
152170,ecsi.net
152249,energotel.sk
152256,eknjizara.hr
152327,epay.bg
152333,e-land.gov.tw
152365,embraer.com.br
152369,elevate-api.cloud
152419,easons.com
152426,elnuevodiario.com.do
152432,e-traffic.ru
152450,eregulations.com
152475,expocentr.ru
152513,excel-easy.com
152553,emagine-entertainment.com
152560,ecf.com
152561,ellos.no
152601,elvis.ru
152610,empfohlen.de
152611,enetworks.co.za
152612,edns1.com
152620,elithosting.com
152714,ethicalwebservices.com
152719,editions-delcourt.fr
152728,el.kz
152732,edinburghuniversitypress.com
152733,enterprisemobility.com
152773,enstrong.com
152795,exam-eg.com
152805,emagames.cn
152835,easyar.com
152851,evolunetcorp.com.br
152893,etadiao.com
152914,evisa.gov.vn
152932,ellitoral.com.ar
152999,esurance.com
153012,econovation.co.kr
153020,eveningsun.com
153050,epsiloncloud.org
153073,every1dns.net
153075,echinacities.com
153092,eklablog.fr
153142,ehesp.fr
153156,erosnow.com
153165,englishbaby.com
153200,elitepartner.de
153236,elgrantlapalero.com
153250,esmark.dk
153253,elancasti.com.ar
153258,egnytegov.com
153274,educaciontrespuntocero.com
153301,edit.site
153307,endeavorsuite.com
153380,ezcashcasino.com
153390,essaywriter.org
153406,e-consulters.com.br
153410,ec-dns.com
153414,eut.ru
153450,edc.ca
153478,elasticsearch.org
153491,ebarafoods.com
153544,ero-top.name
153598,evening-kazan.ru
153612,elcaribe.com.do
153613,ektu.kz
153621,e-madencilik.com
153628,eli.net
153629,executiveboard.com
153680,egs63.ru
153743,e-bordados.net
153796,englefield.co.nz
153836,epson.co.uk
153845,express.com.ar
153854,ems.com
153907,eex.com
153913,earnhaus.com
153915,em-net.ne.jp
153924,ephraimstroked.cyou
153934,exocad.net
153957,eight-cdn.com
153962,esdu.com
153969,emaillabs.net.pl
153971,excelfox.com
153975,edgecenter.online
154001,eos.info
154063,electricscotland.com
154096,epanorama.net
154106,ebc.com
154128,eletromidia.com.br
154158,edgepark.com
154179,ebonypussyphotos.com
154187,elainehosting.se
154204,energyjobline.com
154215,emploi-collectivites.fr
154264,extra-life.org
154268,empirestores.co
154278,erzbistum-muenchen.de
154297,expedia.ie
154329,ekai.pl
154335,estense.com
154360,elit-tv.ru
154403,expatarrivals.com
154409,exmo.com
154441,el9nou.cat
154442,eleos.health
154564,equaltimes.org
154573,equishop.com
154586,eubusiness.com
154629,ehtemal.info
154646,enova.com
154650,ecfmg.org
154683,ekriti.gr
154685,elmanana.com.mx
154699,econjobrumors.com
154711,ecolex.org
154742,edelstahl-tuerklingel.de
154779,elbistangundemhaber.net
154784,etrias.nl
154796,embos.top
154832,ec-is.net
154861,eix.com
154875,emupedia.net
154899,easyweddings.com.au
154934,exetools.com
154951,ewealthmanager.com
154975,elastichosting.ru
154993,eatforhealth.gov.au
154996,e-to-china.com.cn
155055,edicionesjournal.com
155068,ericsson.se
155073,ei-ie.org
155074,epaysystems.com
155080,extra-cdn.com
155106,epc.eu
155134,eserviceinfo.com
155147,encompasshealth.com
155171,eco.de
155198,etimspayments.com
155209,ehealthontario.ca
155213,easydnssec.info
155219,eastmainfurniture.com
155225,el-balad.com
155250,etelecom.ru
155326,evevanguardtech.com
155327,encoderpro.com
155354,extremhost.net
155415,egypt-business.com
155427,eduo.net
155432,e-gov.am
155443,enterprisesg.gov.sg
155505,eiti.org
155534,evenflo.com
155537,e-shops.jp
155560,eldiadevalladolid.com
155568,eppgroup.eu
155580,eqmac.app
155632,egolf.jp
155633,euronics.co.uk
155705,elmundo.cr
155734,elama.ru
155740,ekwb.com
155762,etu.ru
155765,e.dealer
155772,enewstoday.co.kr
155817,exactaudiocopy.de
155870,edgecache.live
155900,emergency.it
155914,eircode.ie
155928,exeterfinance.com
155984,enigmaterial.com
155998,evok.ch
156004,embandr.ws
156024,eliane.com
156049,epiphan.com
156056,evicertia.com
156060,essentialplugin.com
156068,ecofis.de
156082,executiveplacements.com
156107,elated-themes.com
156122,easydmarc.pro
156124,ebonyline.com
156192,efka.gov.gr
156199,erickhangdao.com
156239,eindhoven.nl
156252,eu-game-sdk.com
156261,esof.eu
156270,epiqglobal.com
156298,extraetf.com
156405,egscomics.com
156419,ellenpoliticalfollow.com
156435,elle-cosmetics.me
156552,edebe.com.br
156600,educarm.es
156610,ecohome.net
156616,eneuro.org
156634,endora.cz
156654,everestwifi.com
156656,elevator.de
156660,evetech.co.za
156675,eicar.org
156746,epochteca.com
156749,esports.cz
156752,elizabethsembroidery.co.uk
156791,efreecode.com
156804,ewastemonitor.info
156841,e-signature.pro
156886,escapeyourselflyon.fr
156893,eufymake.com
156904,early-birds.fr
156949,emedcareers.com
156950,enseignement.be
156978,epaypolicy.com
156987,edisac.com
157004,exclaimer.com
157025,electronica-pt.com
157070,ester.ee
157097,eroticlinks.net
157124,emp.co.uk
157139,eveningtimes.co.uk
157146,expedia.com.tw
157151,exnessaffiliates.com
157249,eif.co.uk
157258,expocitydubai.com
157264,eldiariodechihuahua.mx
157286,elevatedpropertysolutions.com
157287,egate.net
157299,express.net.ua
157364,ergohestia.pl
157394,eps.rs
157427,endicia.com
157469,eropolis.hu
157471,emtel.net.co
157487,earthcam.net
157500,ecmrecords.com
157511,elmenus.com
157567,esab.com
157571,exxs.net
157608,ejatlas.org
157627,elma365.com
157647,ensmp.fr
157651,energomera.ru
157681,ecovis.com
157704,emqx.com
157711,eriehome.com
157725,erwinhymergroup.com
157825,elewise.com
157886,easydonate.app
157913,elderscrolls.com
157916,epornz.com
157953,electrovoice.com
157973,evolix.net
157996,estt.ru
158010,edagricole.it
158041,ecamm.com
158042,eskortero.ge
158053,elizawashere.nl
158081,engage.org.ua
158146,emojis.wiki
158181,enerpac.com
158193,e3ws.info
158211,envolvehealth.com
158219,ebhorsman.com
158265,e-leclerc.com
158277,eflora.co.jp
158283,edc.nyc
158293,ehsinsight.com
158309,eaglecreek.com
158337,euroinnova.com
158361,ecs.org
158365,enablejavascript.io
158380,elegance-hair.de
158383,elfejewelry.com
158390,elehost.com
158425,etp-prod.com
158468,echofm.online
158484,ensun.io
158492,elkhadra.com
158519,expresstire.net
158557,e-fellows.net
158561,ecuriedugraal.fr
158700,eodhd.com
158773,eladelantado.com
158788,espn.com.uy
158789,ebara.com
158806,evidea.com
158825,epusk.ru
158834,europlan-online.de
158907,epsilonagilityloyalty.com
158923,elordenmundial.com
158928,eagle.ca
158965,eveuniversity.org
159024,easytier.top
159035,erome.tv
159039,eventseye.com
159046,english-bangla.com
159075,eanews.ru
159109,eondns.net
159169,europanostra.org
159210,ekhon.tv
159213,enjarai.dev
159237,eightify.app
159270,ecoindustry.ru
159273,education-in-russia.com
159336,exxat.com
159348,ejournal.by
159378,eldia.com.do
159383,easy-prace.cz
159392,elmundo.sv
159402,esante.gouv.fr
159433,engie.ro
159434,eithealth.eu
159487,equal.in
159488,eddiesguitars.com
159516,emomed.com
159568,eurocities.eu
159624,eslprintables.com
159635,eggporncomics.com
159640,euroexchanges.com
159658,e-sword.net
159663,etledu.com
159664,era.com
159669,elliott.org
159671,egroupware.org
159677,e-katalog.kz
159761,etere.com
159769,eastsussex.gov.uk
159784,eplay24.it
159809,email.cz
159829,entertainmentcareers.net
159861,erasmusplus.fr
159877,esilnet.com
159888,e9er.com
160072,e2e4online.ru
160107,expcloud.com
160110,experianmarketingservices.com
160118,esotiq.com
160186,elementfx.com
160223,ebit.at
160272,exjjuewcx.cc
160298,evolutionet.hu
160317,equiniti.com
160335,essie.com
160375,ensie.nl
160382,era.be
160391,encosts.com
160398,everypixel.com
160415,emploitic.com
160425,examone.com
160493,englishcoach.fr
160495,elcompanies.net
160498,endorphina.tools
160528,emailmatrix.ru
160554,eroticity.net
160555,eyeonspain.com
160590,esentire.com
160596,essilor.net
160600,entaingroup.com
160616,e2net.it
160657,ellegirl.jp
160660,elchubut.com.ar
160666,ecases.us
160673,eosworldwide.com
160685,efif.dk
160687,eventix.io
160695,e-solat.gov.my
160707,eventscalendar.co
160713,elpub.pro
160741,eand.com.eg
160742,eats365pos.com
160759,ezca.io
160828,ease.com
160850,ecipele.hr
160857,energylivenews.com
160859,etcdns.net
160869,etchkshop.com
160930,enkling.com
160962,europalace-casino.net
160975,emaiq-na3.net
161022,eastwooddesign.ca
161036,ebflqmcg.biz
161075,eth0.me
161080,ebookers.fi
161114,embeddedrelated.com
161148,ent-cdn.com
161170,e-sonda.cl
161208,ecn.cz
161263,esi-web.be
161318,edumap.jp
161351,elicebeauty.com
161360,exchangeratesapi.io
161375,egifter.com
161392,evolutionm.net
161433,extra.ec
161456,elfyourself.com
161459,eso-es.net
161467,enginetroublecode.com
161495,everyculture.com
161498,equinoxpub.com
161521,expedia.com.my
161604,eeworm.com
161618,edsoo.ru
161620,eduplace.com
161628,el19digital.com
161645,elon.se
161668,ebenporno.com
161671,enka.network
161707,expiereddnsmanager.com
161744,eataly.net
161765,enterogermina.com
161776,eventhorizontelescope.org
161780,ebn.co.kr
161785,edisglobal.com
161798,ecosystem.eco
161838,especiallyyours.com
161842,erp321.com
161853,eurovisionsport.com
161928,expry.it
161934,eduroamers.nl
161969,egym-wellpass.com
161983,emwd.com
162022,europeanpharmaceuticalreview.com
162091,equitystory.com
162095,exply.ru
162096,enfamil.com
162128,espaciowww.net
162130,egaz.go.tz
162161,ethplorer.io
162177,epa.hu
162185,exmarketplace.com
162264,emma.de
162277,elite.se
162370,erzdioezese-wien.at
162381,eskarock.pl
162386,eldiarioar.com
162418,empyrethegame.com
162442,elluciancrmrecruit.com
162453,epermittest.com
162460,esignservice.fi
162504,expectingrain.com
162509,eventcinemas.co.nz
162557,equansservices.net
162591,electrolux.it
162595,ego.co.uk
162608,eastoregonian.com
162616,enghousevideo.com
162619,ecocart.io
162648,eveoh.nl
162651,eurofirany.com.pl
162659,experts-comptables.org
162721,epidemicsite.com
162775,el-mundo.net
162781,eviden.com
162809,ecimg.tw
162816,emulator-zone.com
162826,emk.com
162871,everbank.com
162878,ecoalf.com
162889,edrawsoft.cn
162892,etisalat.eg
162935,enetres.net
162953,esawebb.org
162966,edostavka.by
163031,elitefitness.com
163036,edrawmax.com
163040,etpacking.com
163050,euroline.com.ua
163051,espoo.fi
163055,eurovision.de
163068,elpub-dns.ru
163097,easybetcasino.net
163110,elasticsearch.info
163129,ebookers.ch
163164,enfocus.com
163166,eprice.com.hk
163181,ersatzteileshop.de
163227,eduplus.hk
163260,ex-unit.nagoya
163267,everydaysystems.com
163286,excify.net
163301,elle.com.tr
163324,emordovia.ru
163326,echipam.ro
163418,extrememicro.es
163438,eidebailly.com
163453,evetsites.net
163494,eventsforce.net
163537,edgexfoundry.org
163562,e-pages.pub
163575,erpsaas.org
163582,expatrio.com
163596,eb6jyjeku.com
163632,enspire4e.com
163634,es.fr
163657,employflorida.com
163673,excitead.com
163676,euttaranchal.com
163684,earthlight.co.nz
163702,ezfurnitureae.com
163741,eedomus.com
163792,earthwatch.org
163851,eastern.edu
163883,ehealth-ega.de
163927,ebrosgift.com
163958,eisnot.ru
163960,electronista.com
164026,ebay.io
164075,echovinyl.com
164086,epubli.com
164089,evolvemarketingmw.com
164099,eastangxueyuan.com
164115,etias.com
164117,elektroniknet.de
164131,ed-partner.ru
164151,elpopular.pe
164155,emcmos.ru
164166,eagledigitizing.com
164179,e-zikoapteka.pl
164207,elmira.edu
164267,ecclesia.pt
164269,entrypoint.store
164289,eu-fffast.com
164322,e-toys.cn
164324,electomania.es
164345,ecillin.com
164363,energyintel.com
164392,e-consul.gov.ua
164408,ezcon24.online
164432,expedia.com.ph
164471,european.cloud
164486,ecuad.ca
164506,etprf.ru
164540,electricireland.ie
164551,eml.ru
164580,edoobox.com
164617,elsiglo.com.pa
164625,enotum.cat
164627,erstebank.hu
164646,efc-design.com
164664,ez-push.cloud
164686,ebox.co.nz
164735,emma.fr
164765,elxire.com
164799,enac.gov.it
164810,e4education.co.uk
164865,easyfun.gg
164915,edrovoadm.ru
164940,e-school67.ru
164983,epson.com.cn
164988,enaightdecipie.com
164994,eki.ee
165025,echosilencieux.net
165033,elperiodicodelaenergia.com
165081,electronicpartner.io
165123,electronica.de
165151,easypronunciation.com
165159,einvoice.com.vn
165166,expro.pl
165232,embs.org
165246,ecupl.edu.cn
165262,ecservers.net
165293,emailserver.vn
165307,edebe.com
165465,e-devlet.gov.tr
165489,elwiki.net
165528,empresaqui.com.br
165531,energymonitor.ai
165562,e-maik.my
165570,eggoffer.com
165619,emmezeta.hr
165622,easyshiksha.com
165663,electronicexpress.com
165750,epubli.de
165771,expedia.at
165785,excellentplc.com
165797,europeanreview.org
165799,emlak.az
165831,edugem.gob.mx
165842,e2e4.ru
165861,engrocleaner.com
165863,ethnicelebs.com
165892,elopage.com
165902,effecthub.com
165974,emsmtp.us
166001,eprints-hosting.org
166015,eginsoft.cn
166081,expressindia.com
166085,elamigos.site
166114,e-plaka.com
166128,epaka.pl
166134,equi-score.de
166222,easypeasyandfun.com
166224,emmamason.com
166241,elektroroller-forum.de
166394,etb.com
166396,edgewood.edu
166492,easyofficepools.com
166500,estreznik.com
166537,explorenicecotedazur.com
166559,edelholzverkauf.de
166576,europcar.co.uk
166597,eacnur.org
166600,epaslaugos.lt
166623,eurowag.com
166726,easyparcel.com
166754,essensworld.ru
166828,epiccarry.com
166848,elzse.com
166854,erotischesexgeschichten.info
167006,e-auksion.uz
167034,environmentandsociety.org
167039,emitennews.com
167064,etailercdn.de
167132,eatwell101.com
167141,emprego.pt
167150,experianhealth.com
167151,expo.io
167168,equifax.com.au
167189,esnchocco.com
167283,ekesforay.shop
167321,emam8.com
167323,emanatelaxism.com
167331,eastmsconnect.com
167363,events-po.com
167381,egen666.com
167393,estaxi.ru
167504,emiratesnbd.com.sa
167563,eosvpn.com
167572,elefanten-welt.de
167574,eushc.org
167589,ecute.jp
167608,eldiarionuevodia.com.ar
167752,eyoom.kr
167779,ekt.kz
167781,esmas.com
167789,ethiopianreview.com
167805,eedu.org.cn
167822,erste-hilfe-shop.com
167860,eac.com.au
167891,edp-dentaire.fr
167901,easy53.com
167904,exchangedefender.com
167933,ecdb.com
167972,electronicspecifier.com
168034,ethiojobs.net
168053,e-connection.com.au
168090,elucidat.com
168122,es-navi.com
168159,evn.tools
168195,elocallink.tv
168229,elta.gr
168231,electroluxprofessional.com
168292,eastbay.com
168316,estes-express.com
168319,elcarrocolombiano.com
168333,elta-courier.gr
168338,equipe.com
168393,edc-cdn.net
168404,efrontlearning.com
168410,empasa.de
168413,eidosmontreal.com
168470,eishockeynews.de
168480,eadplataforma.app
168488,edukit.kiev.ua
168489,enlightenhosting.com
168557,emdr.com
168624,evxonline.net
168656,envmart.com
168666,easydmp.net
168674,edrwechat.cn
168679,enigmasoftware.com
168700,escmid.org
168805,eadelf.org
168811,equifax.co.in
168813,efinancialcareers.co.uk
168821,est-host.com
168825,eficode.io
168845,eservicepayments.com
168861,energias-renovables.com
168885,emdgroup.com
168905,esle.io
168906,esko-saas.com
168916,eomega.org
168939,ekstrabladet.services
168941,embarqmail.com
168945,ecommercenews.eu
168968,energie-effizienz-experten.de
168976,eqemulator.org
169004,epicwar.com
169024,engelglobal.com
169028,embedded-world.de
169059,emlfiles.com
169068,electroluxgroup.com
169108,emptywheel.net
169135,executivepensdirect.com
169147,epd-portal.ru
169151,eye.porn
169163,efeito.net
169193,edgeuno.co
169207,enthusiastnetwork.com
169217,expres.sk
169221,easyhindityping.com
169242,emp-online.fr
169356,esquirekorea.co.kr
169390,ecs.com.tw
169410,easymugcakes.com
169502,eplaneai.com
169529,easynet.nl
169534,engvid.com
169550,europe.pub
169559,eslbrains.com
169577,eblik.pl
169591,easydonate.ru
169614,extra-imagens.com.br
169623,emailsys.net
169725,e-tix.jp
169727,eclastio.com
169741,edurm.ru
169777,essense13.com
169808,excelitas.com
169809,eyezy.com
169821,extremeintimo.com
169833,exploringyourmind.com
169905,e-mark.nl
169976,evision.net.au
169984,edenred.com.mx
170007,eternl.art
170069,egs.edu
170078,eninetworks.com
170081,ehyundai.com
170117,ecologynsk.ru
170126,ernstings-family.com
170153,ethic.es
170173,evrikagames.com
170218,elotech.com.br
170229,edmullen.net
170269,ezvid.com
170318,e-glampot.com
170323,ecigtalk.org
170332,emaint.com
170345,e-teleport.net
170370,entero.ru
170376,etailorhost.com
170425,enviroliteracy.org
170468,etalenta.eu
170527,eshchina.com
170612,envoysolutions.com
170625,electrika.com
170659,eyebuydirect.ca
170669,euer-radio.com
170736,ecomdata.cloud
170739,econet.co.zw
170744,enelgreenpower.com
170753,erotom.com
170759,edge-online.com
170807,easepicks.com
170812,edge-cluster-hk-pre.com
170831,enidnews.com
170835,eastwestbank.com
170852,evanstonroundtable.com
170873,evisort.com
170887,english4u.net
170892,ejaba.com
170898,e-kuzbass.ru
170922,easysbc.io
170927,ertk.net
170935,etruemagazine.com
171026,eatalyvino.com
171060,efinding.uk
171079,ebags.com
171138,elitehubs.com
171146,engelhorn.de
171158,examus.net
171159,eserver-ru.com
171168,encompass8.com
171190,ebooksgratuits.com
171192,eloboost24.eu
171197,estudiosdemercado.org
171198,eostroleka.pl
171221,eig.org
171225,english.gov.cn
171270,ever-pretty.co.uk
171273,ebible.org
171334,etuitionking.net
171407,erfahreneladies.de
171435,evoolipxnyxzq.shop
171438,ezrip.net
171460,e2services.net
171465,ehanlin.com.tw
171472,etransport.pl
171488,eaze.com
171503,esnbranding.com
171513,easylink1.com
171550,evergreencatalog.com
171570,emexdwc.ae
171591,endian.com
171602,exploritech.com
171614,emobistudio.com
171634,econtalk.org
171704,edugeek.net
171708,embark.games
171718,eb4us.com
171748,eckeroline.fi
171751,encuesta.com
171773,emap.com
171774,emp-online.it
171778,eddieoneverything.com
171785,efn.org
171786,enviscorp.com
171789,euncn.com
171837,eudml.org
171841,easymerch.work
171890,exbabylon.net
171925,eglueweb.com
171933,ecchr.eu
171936,et.gr
171937,euxvid.top
172044,espace.cool
172077,eriks.nl
172109,evolt.org
172127,explorer-russia.ru
172134,evans-mfg.com
172135,eonnext-kraken.energy
172145,ealingtoday.co.uk
172166,epixnow.com
172196,express-garage-doors.repair
172207,environdec.com
172296,easy-cgi.com
172333,evangeli.net
172383,erbakan.edu.tr
172426,employedusa.com
172439,eservicecorp.ca
172443,eventmaker.io
172445,esveikata.lt
172517,exante.eu
172518,el.gr
172559,elgeneroplus.com
172573,element.com
172591,eccuo.net
172612,ercdn.com
172616,escorthub.org
172640,enviragallery.com
172666,emotional.ro
172685,easycalculation.com
172688,esendex.com
172704,every.org
172710,everydaypower.com
172736,esky.bg
172848,engyprint.cn
172874,eg.org
172881,elmt.io
172902,easylife.tw
172908,emberhush.com
172948,esmtp.biz
172956,evalice.net
172971,eurosport.nl
172987,ej.ru
172991,e30zone.net
173002,examiner.co.uk
173012,ellescouchent.com
173017,embedcard.com
173018,edgeofsteel.com
173023,etu.edu.tr
173029,essentiahealth.org
173072,exeweb.com
173090,e3fbosf1tz3d.xyz
173107,emberreel.com
173177,etuanjian.com
173221,ersaelectronics.com
173253,expediapartnersolutions.com
173261,egonzehnder.com
173266,endeksa.com
173268,exapro.com
173278,eurovisionfun.com
173279,ebscn.com
173291,expofp.com
173441,et360.de
173484,economicsobservatory.com
173489,en-standard.eu
173498,emu.edu
173506,electrochem.org
173517,ecancer.org
173541,evb.gg
173584,enterprise.gov.ie
173638,embroker.com
173655,entietribunali.it
173661,equentis.com
173696,enriquedans.com
173704,evomi-proxy.com
173760,easyequities.co.za
173761,edison.com
173823,europadarts.com
173853,explorerforum.com
173869,educate-yourself.org
173870,ethena.fi
173901,earlysettler.com.au
173910,eclipsecontent.org
173914,eurasiancommission.org
173969,elho.com
174011,etus.digital
174070,easysol.net
174085,editorialge.com
174094,e-info.org.tw
174104,explorer-magazin.com
174137,educ.gov.ar
174165,educake.co.uk
174180,e-studio.dk
174204,ealemw0.com
174214,elocont.ru
174219,eclac.org
174246,eltis.com
174249,erarina.com
174323,edlink.id
174325,era-comm.eu
174360,ehunt.ai
174377,edunet.tn
174384,edreams.net
174399,ehr.gov
174406,evan.ru
174418,eskisehiruroloji.com
174437,e777.casino
174489,eastwestbanker.com
174521,easyexpat.com
174587,elaninet.com
174588,extensions-hub.com
174596,eg4electronics.com
174631,edgevnpay.vn
174660,electrolux.net
174676,enr.gov.eg
174700,elitebytehostdns.com
174757,elev8.com
174758,enetworks.net
174788,exodustravels.com
174841,exxonmobilfuels.com
174852,ecsoc.org.cn
174885,e-7-u-k.com
174947,ej.nl
174979,eversports.de
174980,easyagile.zone
175014,espguitars.com
175023,eventbrite.com.mx
175032,elepcosa.com.ec
175042,eia-international.org
175046,epictura.com
175052,easyplant.com
175066,epicwebstudios.net
175074,ehostidc.co.kr
175090,emersoncollegepolling.com
175093,epson.com.mx
175116,eurodns.org
175123,elettronew.com
175151,eurekasurveys.com
175170,engagementhq.com
175183,ekonomi.gov.tr
175198,exploit.in
175211,eoapxl.com
175213,eldiariodecarlospaz.com.ar
175227,emodal.com
175229,emb.ru
175255,ekaion.network
175256,ewe-go.de
175347,elec44.fr
175367,edelmetall-handel.de
175377,edgocdn.com
175412,ekoniva.com
175439,evarazdin.hr
175466,eckharttolle.com
175478,eoearth.org
175496,experiancs.co.uk
175551,e-consulta.com
175556,e-digitalhosting.net
175583,eccellenzeindigitale.it
175591,epicorsaas.com
175606,euroauctions.com
175612,echo-wiki.win
175650,ecozaym24.ru
175664,ejpyhzzz.cc
175678,einzelhandel.de
175685,engineeringvillage.com
175701,e-arrivalcard.go.kr
175707,egofm.de
175732,edocperso.fr
175751,ertansinansahin.com
175771,esaral.com
175792,eurekanetwork.org
175893,enmi365.cc
175910,email.ua
175933,easel.com
175957,electionlawblog.org
175971,emailtooltester.com
175981,ean.com
176006,ebiweb.co.kr
176007,eckertplay.com
176010,elasticstage.com
176020,eonenergy.com
176086,ecjtu.edu.cn
176107,eibabo.com
176120,easterntechnology.cn
176155,engelsbergideas.com
176161,esasafe.com
176181,eldi.be
176190,erlangen.de
176206,europe-places.com
176212,ewebinar.com
176216,emato.net
176333,efaq.com
176365,enza.fun
176386,equitablebank.ca
176427,expedia.be
176488,enterprise.fr
176512,e-sante.fr
176542,easypcfaster.com
176583,eggka.com
176600,elanet.ir
176633,eroscripts.com
176638,egis-group.com
176653,expreview.com
176679,europaeische.at
176718,english-corpora.org
176721,elghazawy.com
176726,elyerromenu.com
176732,e-kontur.ru
176779,eppc.org
176869,entersekt.eu
176873,enshi.gov.cn
176913,eurofootball.lt
176914,efnetrbl.org
176922,edressit.com
176923,exchange-usdt-cash.com
176957,etest.lt
176978,etax.com.au
177043,edomains.com
177086,exely.com
177105,ensani.ir
177137,eastvalleycardiology.com
177144,exceljet.net
177156,easytimeclock.com
177165,emonitor.us
177181,elevatix.io
177187,erotic-hentai.com
177237,e50386fc45.com
177295,etnos.top
177303,ez.no
177347,edge.bz
177355,epsrc.ac.uk
177361,eurocamgirls.com
177487,echobookmarks.com
177611,echosdunet.net
177617,erbolario.com
177619,elvis.com
177640,eynywin.com
177658,eve-ng.net
177745,eventer.co.il
177746,exhalewell.com
177760,efirbet.com
177786,extremecustoms.com
177791,efsllc.com
177800,entfernungsrechner.net
177853,egora.fr
177874,evo73.ru
177947,ecmc.edu
177958,elprocus.com
177961,eve-rave.ch
177987,electricaltechnology.org
178042,elfbargermany.de
178052,emqx.io
178057,ethersys.fr
178058,elkjop.com
178105,evebat.com
178135,ekatalog.biz
178170,eplancare.com
178204,ejcancer.com
178230,esocialmall.com
178246,e-history.kz
178249,elevatorworld.com
178251,encarguelo.com
178256,ekklisiaonline.gr
178326,ekogate.club
178331,ecec-shop.com
178349,eager-led.com
178357,eleconomista.com.ar
178364,ehb.be
178379,ethiovisit.com
178387,examenglish.com
178396,ellibs.com
178402,eastnews.pl
178444,epicsol.org
178474,edinburgh.org
178481,eventernote.com
178482,elle.be
178539,epictv.com
178553,ecombdvod.com
178589,ekademia.pl
178611,exchangerate.guru
178664,ermolino-produkty.ru
178695,ebsco-content.com
178723,eventim-inhouse.de
178745,esconti.it
178807,emcdn.ru
178820,excelhome.net
178865,explainitdaily.com
178872,emberify.com
178900,emrld.cc
178914,escrivo.uk
178929,enivest.net
178942,enable.co.il
178968,edchoice.org
179005,eapplynow.com
179012,eldiariodehuesca.com
179030,ebazzy.com
179032,energypedia.info
179033,ecofinagency.com
179058,elnine.com.ar
179060,energo.app
179086,ecloud.global
179100,ezcom-fr.com
179118,espressotiamo.com
179145,emplifyhealth.org
179195,epilepsy.org.uk
179237,eduspa.com
179259,eaddy.org
179298,emoji-keyboard.com
179322,edt.de
179335,eramblog.com
179358,eio.com
179404,eulerhermes.com
179405,encyclopedia.kz
179408,encyclopediadramatica.com
179418,epsilonsoft.to
179443,evms.edu
179452,emilysbeauty.com
179454,epson.de
179472,exam2score.com
179513,ead.eu
179516,estrongs.com
179522,esvidzypro.sbs
179550,evenrealities.com
179561,evosoft.xyz
179576,equip.health
179600,enjoyfuck.com
179625,efectoled.com
179659,estnoc.ee
179664,eu-server.net
179676,ellevationeducation.com
179681,eshoptechhub.com
179770,ecopress.gr
179796,esm.run
179799,europneus.es
179803,euroimportpneumatici.com
179812,edusanjal.com
179839,eurolab.net
179841,eightstock.com
179849,evilsadness.ch
179886,emp.fi
179897,emiratesdraw.com
179904,elementix.com
179930,enidblytonsociety.co.uk
179946,eposstorage.com
179982,e-orda.kz
180003,edesur.com.ar
180006,eztexting.com
180034,explorebookmarks.com
180035,eflow.ie
180057,eden-park.com
180061,ekhay.com
180073,estrelabet.com
180129,essensedesigns.com
180143,edutown.jp
180150,energy.de
180153,ethiopianreporterjobs.com
180159,erra.net
180186,escuelabiblica.com
180193,elitetorrent.com
180200,euba.sk
180211,european-server.eu
180223,exportvoucher.com
180236,e5.be
180243,expresspublishing.co.uk
180253,eurogrow.es
180370,efpfanfic.net
180382,etherhub.cc
180402,elejandria.com
180415,electronshik.ru
180421,expertvagabond.com
180436,encycarpedia.com
180465,etc.se
180505,evolvear.io
180513,ecollect.co
180569,euskaltel.com
180599,elnuevosiglo.com.co
180609,emp-shop.pl
180644,exxon.com
180700,eseug.com
180721,eo.page
180723,eschool-ua.com
180756,enquetedenormandie.fr
180815,exctg.com
180820,eei.org
180823,enter.net
180829,epplink.com
180861,esd.equipment
180876,eupgroup.net
180897,ea5336970a.com
180914,eeggs.com
180918,ethblockexplorer.org
180946,eti.pw
180979,eshet.com
181058,evgcdn.net
181094,essaysrescue.com
181096,easy-myshop.jp
181135,easylaw.go.kr
181169,eesel.ai
181201,euskaltzaindia.eus
181247,enatrelpba.gob.ni
181286,elineupmall.com
181299,ehso.com
181300,elpos.net
181327,etypeuk.com
181348,eatapp.co
181363,e-tobi.net
181387,epiotrkow.pl
181437,ecmentarze.pl
181442,electro-tech-online.com
181464,es-academic.com
181561,epd.gov.hk
181569,expedia.com.ar
181585,enerspace.de
181603,euroweb.ro
181607,esgnews.com
181613,era-invest.ru
181641,ecofriends.org
181662,eek.jp
181687,elhuyar.eus
181753,enow.com
181771,enapter.com
181813,ets2mods.lt
181818,ecapsunlimited.com
181826,exerp.com
181886,e-sbt.ru
181896,eworldtrade.com
181921,exordo.com
181924,e-konsulat.gov.pl
182030,eventbrite.at
182115,elektro-company.ru
182124,esc1.net
182129,ecgkaumxj.com
182162,eliteprospects-assets.com
182173,enginecraft.ru
182175,ena.org
182220,evoevo.ai
182266,elgg.org
182311,eulacfoundation.org
182312,etxt.ru
182350,elchorrillero.com
182359,eko4u.com
182375,escuelasmex.com
182399,enit.it
182467,e-vuc.sk
182479,enpal.io
182482,eseoese.com
182490,eve-search.com
182522,evernorthcloud.com
182542,einet.net
182567,elitepornvideo.com
182589,eestinen.fi
182594,epic-xs.eu
182614,email.com
182672,ethicspoint.eu
182729,escapecollective.com
182849,eragem.com
182961,eeuroparts.com
183004,editthis.info
183046,episkopat.pl
183071,eternitynames.net
183085,eydap.gr
183105,extrabookmarking.com
183106,eluta.ca
183125,eneldistribuicao.com.br
183147,epassbusinesscenter.com
183161,essays.io
183207,easytenders.co.za
183210,e-marchespublics.com
183246,eimssoftware.in
183317,eboxingpromoter.com
183371,ec424.com
183381,enterfinland.fi
183414,email-rec.com
183431,emptyu.com
183449,expert-technomarkt.de
183470,e-menessaptieka.lv
183497,eteweb.com
183540,endocrine-abstracts.org
183551,ekvia.com
183566,eurosender.com
183573,elabet.gr
183597,eroticasearch.net
183660,electricmotorwarehouse.com
183681,e-activist.com
183698,eptech77.com
183738,expage.com
183774,educastur.es
183814,epicworks.com
183819,etalongroup.com
183821,edus.si
183827,eco-worthy.com
183841,e-tar.lt
183877,em-moto.com
183893,electropi.in
183894,emagazine.com
183921,empirebcbs.com
183927,ets-tender.kz
183948,epays.com.br
183949,evedex.com
183998,exede.net
184025,epd47.ru
184030,esminfoclub.com
184080,eimmigration.com
184098,ethereumclassic.org
184100,edu54.ru
184114,ezrk.kz
184133,e-vostok.ru
184134,esf.de
184165,eurodns.eu
184174,earthengine.app
184238,ecs.org.cn
184311,elev8global.net
184326,el-ladies.com
184382,epfo.gov.in
184398,egdun.com
184451,eveshop.com.tr
184489,ethgasstation.info
184508,edraak.org
184571,euneighbourseast.eu
184600,erokan.net
184604,efectococuyo.com
184615,edukeyapp.com
184650,eadmart.com.br
184659,edube.org
184662,editorconfig.org
184690,enfant.media
184749,erohive.com
184787,efaflex.ru
184790,equa.ls
184807,extremeprogramming.org
184828,everscreen-hosting.de
184838,elamigosgames.net
184887,enuygunfinans.com
184942,expedia.com.vn
184961,e-connecting.net
184985,event-us.kr
185031,e-noticies.cat
185035,expedia.dk
185111,energiewechsel.de
185138,ernster.com
185139,edmontonlatinfestival.com
185170,edenuniversity.edu.zm
185177,emma.io
185210,eduardoelias.com
185245,emrldco.com
185305,enthusiastenterprises.us
185318,ehang.com
185322,emailinboundprocessing.eu
185329,e-sbyt.ru
185358,emaldo.com
185403,edgen.tech
185409,etamu.edu
185423,edominations.com
185431,elleshoes.com
185450,eifel.info
185479,epicsports.blog
185480,expeshareva.com
185548,einsteinathome.org
185552,ercjsk.com
185565,eerodns.com
185590,eitaa.org
185625,elsilencio.cl
185629,ekahau.cloud
185643,embeddedcomputing.com
185646,e-net-b.net
185650,emmaapi.com
185677,eurl.io
185678,esportsmag.it
185719,ekdarun.com
185721,egyptpost.gov.eg
185724,elementwidget.com
185739,euronews.al
185800,elderecho.com
185812,experiencegr.com
185859,epicsports.football
185860,earnsolana.xyz
185861,essent.us
185877,eurex.com
185893,evilpiepirate.org
185964,eurosystemhosting.com
186044,extrahostpro.net
186117,easy-clothes.com
186118,easybook.it
186119,easyjur.com
186120,eauto.co.in
186121,ebomb.edu.vn
186122,ecuro.com.br
186123,edreams.com.mx
186124,elanza.com
186125,eldisser.com
186126,encombo.com.ar
186127,enlace-apb.com
186128,equran.me
186129,estilos.com.pe
186130,ewmjobsystem.com
186131,exness.global
186321,eli.org
186331,eu-ro-domenii.com
186370,etizer.net
186393,e-bash.ru
186396,extraparts.com.ua
186411,erozyx.com
186429,easyplay3gis.com
186467,eaglerider.com
186508,ec.gc.ca
186511,envisionware.net
186535,everett.org
186566,exp-delivery.com
186603,etest8.com
186611,eq2wire.com
186632,eno.org
186634,elastika.pe
186640,edwardsvacuum.com
186659,electrical-engineering-portal.com
186664,enagrupreklam.net
186679,endoftheamericandream.com
186689,enginethemes.com
186713,electoral-reform.org.uk
186714,echaloasuerte.com
186730,europosters.de
186774,emturbovid.com
186779,erioos.com
186879,eenadupratibha.net
186880,eleonor.mx
186881,eluban.pl
186882,eorn4.com
186883,ep777q.com
186884,ernita4dis.xyz
186885,examgod.net
186886,expotab.com
186887,ezjobsbd.com
186888,ezyintern.in
187149,esetstatic.com
187157,extrasports.com
187169,ecocertify.org
187178,euamomomi.com.br
187181,empretienda.com.ar
187206,easymusic.ai
187216,ecenglish.com
187225,estorefactory.com
187241,essentiamychart.org
187267,escapeartist.com
187271,efficios.com
187289,earnstations.com
187304,everycrack.com
187320,ecostandard.ru
187393,everysize.com
187403,ehaweb.org
187413,erase.bg
187468,ehealthcaresolutions.com
187483,empireflippers.com
187500,elegantshowers.co.uk
187524,express-page.com
187531,ehsy.com
187581,esciencenews.com
187586,elevenreader.io
187613,effectivetrade.ru
187617,ehiconnect.com
187624,enaos.net
187695,enst-bretagne.fr
187713,e-uchina.net
187752,eveworkbench.com
187824,education.gov.ng
187863,eni.it
187869,everbe.info
187888,electrical4u.com
187889,ethresear.ch
187910,exchanger.market
187996,examinations.ie
188053,editions-tissot.fr
188062,etofilm.com
188070,envirodesic.com
188083,educarchile.cl
188097,edmonst.net
188117,euroscientist.com
188121,ezkbomkwq.com
188128,econovill.com
188141,eou.edu
188157,explodingkittens.com
188172,elclasificadomx.com
188192,ebl-bd.com
188197,exfo.com
188221,euro.net
188276,emersonprocess.com
188309,exteen.com
188341,enjoyhotels.com
188346,ellisisland.org
188413,earlygame.com
188435,erasmusintern.org
188442,englandstore.com
188448,eisneramper.com
188476,elephantstock.com
188477,eng-dhub.it
188499,eduwill.net
188562,etihadrail.ae
188595,edenly.com
188607,edupia.vn
188669,enaire.es
188674,eightyeightmilesperhour.vip
188715,epistemonikos.org
188719,eajournals.org
188722,elevio.help
188729,erelocation.net
188763,eventscribe.com
188768,evkx.net
188787,exalead.com
188802,elementalgame.com
188909,ernstings-family.at
188915,eztattoosupply.com
188946,euronet.com
188969,efento.io
188973,expedia.ae
188990,eroguide.dk
188993,eurobuch.de
189012,endorphina.com
189050,easyelimu.com
189074,ev1.net
189080,emporioquatroestrelas.com.br
189093,easthamptonstar.com
189129,epthinktank.eu
189193,emotorwerks.com
189200,electrictobacconist.com
189218,empli.fi
189259,expatexchange.com
189269,elk.com.pl
189295,ep-host.ru
189298,eltrox.pl
189308,edexlive.com
189378,ebizio.com
189435,ecumedespages.com
189482,elltechnologies.com
189513,ebible.com
189523,expedia.se
189530,enoughporn.com
189537,epicpass.com
189656,eau-thermale-avene.es
189669,ecotrak.com
189672,e-aichi.jp
189713,elitefiber.net
189714,easydnssec.net
189755,easy-share.com
189777,eksiseyler.com
189824,eyetrax.net
189826,excitation.tech
189842,each.co.in
189856,eleftherostypos.gr
189874,evansdelivery.com
189894,elasticbox.eu
189907,emilfrey.ch
189908,edirectorycloud.com
189930,energe3.com.au
189937,energyconnects.com
189945,eoffcn.com
189964,essanet.org
189976,easyreadernews.com
190012,essayusa.com
190038,ec-net.jp
190039,edbo.gov.ua
190060,education.gov.dz
190173,easycolour.cn
190174,e-cadeiras.com.br
190201,ecrimea.net
190216,eyoom.net
190229,endoraland.com
190240,emailn.de
190248,eczacibasiebi.com
190249,exohosting.eu
190296,easytravel.com.tw
190318,electronicspices.com
190319,eromon.net
190373,euroresidentes.com
190391,evaluatest.com
190404,emlcdn.net
190410,ejabidb.work
190437,emeraldbeautybd.com
190449,ekaraganda.kz
190450,evolution.co.il
190496,economia3.com
190534,ex-plorsurvey.com
190563,epornleak.com
190594,elementevil.com
190598,earthtv.com
190613,ego-resource.ru
190622,everytown.info
190627,expres.online
190658,eldiadecordoba.es
190682,enacademic.com
190688,ewea.org
190697,easy.com.co
190756,egoi.site
190766,endicott.edu
190775,efunsea.com
190787,everburninglight.org
190802,ellentube.com
190820,energyintime.eu
190826,elementalmachines.io
190830,esnai.com
190858,education1.com.br
190866,edlioschool.com
190874,emirates.group
190894,elsewhere.org
190960,eagleview.com
190977,e3g.org
190988,exigen.com.au
191012,ecywang.com
191017,epeat.net
191022,ezyzip.com
191047,e-present.eu
191092,eclvps.com
191101,euro-net.pl
191111,everhonestcn.com
191116,europcar.fr
191117,electrosvyaz.com
191149,enroles.com
191154,easysoft.com
191160,eclbet03.com
191213,eoscity.com
191223,eeff.net
191224,emscripten.org
191231,easy-booking.at
191262,elite-rtb.com
191270,ente.io
191321,ec.com.cn
191351,explorationnew.com
191392,echoviewpoint.com
191393,europeanbusinessmagazine.com
191516,ewan.cn
191576,eventbrite.pt
191642,elo.com.br
191656,economiematin.fr
191664,europefortunecasino.net
191674,ebizcom.kr
191748,emerils.com
191781,ehostpros.com
191785,eyoodns.com
191866,ericgoldman.org
191897,enersys.com
191975,epraise.co.uk
192002,esotericsoftware.com
192043,e2billing.ru
192070,ebooknetworking.net
192089,exisport.eu
192097,egernsund-tegl.com
192188,entrematic-smartconnect.com
192277,expedia.net
192318,episcopalnewsservice.org
192358,ecoms.com
192367,esato.com
192384,ehayes.com
192389,engagefront.com
192405,erikafashion.cz
192427,extensionsbox.com
192452,eduvpn.org
192463,ekassir.com
192511,edprom.ru
192522,empressleak.xyz
192571,erasmuswithoutpaper.eu
192585,executime.com
192586,edge4k.net
192654,etfflows.com
192714,engeniusddns.com
192743,exigengroup.com
192747,elai.io
192771,e-cloud.ch
192791,examenpdd.com
192801,els24.com
192814,ekafe.ru
192821,essdocs.com
192845,essilor.group
192848,ejournals.eu
192851,ecco-verde.it
192875,eccsolutions.net
192880,estrelladigital.es
192897,evosworlds.com
192918,ethereal.com
192924,exto.nl
192935,easytot.com
192937,embeddables.com
192978,emsign.com
192982,equipmentlocator.com
192997,ephemeraobscura.com
193072,edispatches.com
193093,expertise.ai
193176,epnewman.edu.pe
193177,emedevents.com
193182,echaty.sk
193294,edtech.com.br
193325,elkogroup.net
193341,easy-feedback.de
193355,eadsrv.com
193367,estiavillas.com
193375,estaminas.com.br
193417,energynetworks.org
193422,enteli.cn
193433,ego4u.com
193439,examfx.com
193447,egygold.co
193506,exitgamescloud.com
193541,equitygroupholdings.com
193548,edgoo.net
193573,emanjelinsk.ru
193628,eoldal.hu
193647,enigmail.net
193656,edisound.com
193763,elvowsar.com
193775,enbank.ir
193815,extra-wiki.win
193840,episerverhotell.net
193880,electoralcalculus.co.uk
193893,expatfocus.com
193903,evilresource.com
193910,eroticacams.com
193935,expz.menu
193950,ebnull.org
194047,eurekacrystalbeads.com
194087,engagetosell.com
194137,engormix.com
194145,eskomp.ru
194164,ebahots.online
194195,emailowl.com
194200,etoll.gov.pl
194284,edunecursos.com.br
194330,elmcip.net
194341,edicloud.it
194388,ekolonline.com
194405,erovizor.top
194415,e-parvaldnieks.lv
194462,egstelecom.ru
194487,elnuevodiario.com.ni
194512,expresobrasilia.com
194522,esnlocco.com
194541,eldonmedia.com
194594,epochtimes.ru
194596,eldis24.ru
194603,expressdeutschekartes.com
194609,econofact.org
194617,easywebcamsex.com
194618,energie-experten.org
194647,edgestream.ru
194707,elaosboa.com
194720,elitecleangroups.com
194730,expertblack.com
194754,eblvd.com
194758,egullet.org
194783,ebook4u.net
194818,edag.de
194825,esladvice.com
194862,efloras.org
194872,endojournals.org
194883,evocdn.io
194885,envistaco.com
194899,esmed.org
194927,ev88vip.com
194949,eng.net
194971,ex-mus.my
194990,elektra.com.gt
195010,esprit.com.co
195045,elbistaninsesi.com
195070,e-tshwane.co.za
195090,efleets.com
195098,ehri-project.eu
195101,eonsn.ro
195109,energypk.ru
195146,erocdn.com
195151,evatarot.net
195170,erevollution.com
195175,evonicmedia.com
195198,elis.crimea.ua
195211,expertsierra.com
195248,emudhradigital.com
195276,ezanvaktipro.com
195294,elbracht.net
195326,evolutionnews.org
195337,e-primo.fr
195338,evilmartians.com
195349,emprenemjunts.es
195383,experian.de
195520,essayswriting.org
195550,extreme-prohosting.com
195572,edu.com
195600,energyaustralia.com.au
195610,empek.xyz
195697,energyfm.ru
195746,esc13.net
195762,eveselibaspunkts.lv
195798,eppi.com
195825,empruntis.com
195859,eromanga-time.com
195864,ebroauto.com
195867,elastic-sync.xyz
195868,e-shuushuu.net
195909,euro909.com
195971,epicgame.com.br
195991,eatigo.com
195993,elian-games.com
196016,eurekacloud.io
196021,ebnew.com
196040,elynx.net
196069,esclick.me
196071,emcins.com
196076,ewatlas.net
196107,ex-parrot.com
196176,ecommercedb.com
196183,ensanahotels.com
196192,ekspercilazienek.pl
196262,elegance.nl
196336,eauction.ge
196337,estakhryar.com
196393,euentrego.com.br
196422,escape.com.au
196517,europafm.com
196546,exponet.co.kr
196569,ewmagazine.nl
196575,easyshop74.ru
196636,eflydns.net
196655,ent.tw
196663,enfogroup.com
196682,eduvidual.at
196692,evolutionhosting.com
196725,escience.cn
196772,educationrobots.ru
196784,easterneast.com
196823,ecosistemas.com.br
196824,education-syria.com
196825,estrenarvivienda.com
196871,eduserver.de
196886,ensync.net
196912,earth3dmap.com
196915,e-courier.com
196977,engineerrorcode.com
197009,e-zs.com.cn
197032,evolveintl.cn
197041,europededicated.com
197065,ebone.net.pk
197089,evn.mk
197136,eep.io
197156,eztv.re
197173,emsuniversity.com
197180,ek.la
197242,elpitazo.net
197252,edgex.exchange
197277,exe.io
197296,email-cluster.com
197353,epdns.de
197407,esp8266.com
197410,essentialassessment.com.au
197435,evolutionary.org
197475,espec.ws
197495,eroganso.com
197536,efimg.com
197564,endesa.es
197612,embed69.org
197703,exclusivecarregistry.com
197749,epe.gov.br
197814,elganso.com
197852,empire88-182.xyz
197879,eurocabel.tv
197905,englex.ru
197906,elderlawanswers.com
197936,eurekaddl.art
197940,expresshost.cloud
197967,emakina.at
197986,eldiario.ec
198017,evozi.com
198044,espci.fr
198055,eyou.com
198056,e8flcru.com
198066,edwin-mall.jp
198091,etoncollege.com
198234,emersya.com
198277,eizo.co.jp
198307,elal.co.il
198337,execdubai.com
198430,explorable.com
198475,egolomt.mn
198497,eurasiagroup.net
198560,echostarprod.com
198604,ericsoft.com
198607,expatwoman.com
198608,eprussia.ru
198633,etaplius.lt
198810,eroids.com
198816,ecdms-dns3.com
198895,exercism.io
198913,eg-aman.com
198927,experiencecolumbus.com
198939,easyliao.com
198974,eu-studyweeks.ru
198986,esplanade.com
198997,elitegoltv.fi
199017,eromenovinha.blog
199020,eight789.com
199063,efood.dev
199071,eurosport.ru
199074,experteros.com
199103,euqwoirrmh.top
199124,erlc.gg
199131,eurojackpot.it
199138,eknazar.com
199143,epbinternet.com
199148,ersatzteile-24.com
199185,everydaywinner.com
199217,ethpandaops.io
199276,engagingnetworks.app
199305,equatorfestival.com
199327,easyisp.pl
199350,eyesynergy.com
199377,ebookpoint.pl
199403,exitfest.org
199502,embratelcloud.com.br
199527,ecosio-hub.com
199529,enginecms.co.uk
199578,easylinehost.net
199637,enterprisebank.com
199660,echooo.xyz
199858,easy-sales.com
199859,easymedical.ro
199860,echidnaonline.com.au
199861,ecom.com.co
199862,econt-bg.com
199863,educarecuador.gob.ec
199864,educourse.co.za
199865,ellesse.cl
199866,elparaisodepaso.com.ar
199867,empresaspolar.com
199868,enaturalnie.pl
199869,english4kidsonline.com
199870,eposlovanje.hr
199871,erodate.gr
199872,esasacloud.com
199873,escapezoom.ir
199874,estone.cc
199875,europisti.gr
199876,exel.com.mx
199877,exvagos.org
200310,elabogado.com
200313,espm.one
200353,egohomefurniture.com
200377,eais.go.kr
200412,escomtel.ru
200457,enpf-otbasy.kz
200461,eportugal.gov.pt
200520,enterpriseappstoday.com
200538,educationblog24.com
200552,einval.net
200579,evanstonsubaru.com
200596,educhel.ru
200600,editplus.com
200650,empire88id.com
200716,eduhostperm.ru
200750,eothello.com
200773,eventmarketer.com
200777,eclerx.com
200820,emiliaromagnahotel.com
200873,extcheer.com
200881,epic-sports.live
200903,e427d04a02.com
200917,edujobs.sk
200935,evilseniors.com
200943,exnet.ru
200983,educationincites.com
201042,ecforum.org.uk
201072,engwe.com
201153,epads.gov.pk
201160,entertix.ro
201166,eoeodream.com
201198,e-school.net.ua
201208,epictrip.com
201211,er2kmns.com
201228,esslearning.com
201249,exputer.com
201270,eastrolog.ro
201355,edubiotech.ru
201390,engeplusempresas.com.br
201401,eev.ee
201404,esien.com.cn
201411,eyeofriyadh.com
201491,elhayat.dz
201492,emaratiscents.com
201493,euroshops.com.ua
201657,ergonet.it
201673,epasatiempos.es
201689,environmentalscience.org
201693,edifecs.com
201705,enjoy4fun.com
201706,edit.ne.jp
201716,elections.gov.lk
201779,ebet.ls
201822,eshopadmin.com
201832,evola.ru
201849,ejoooo.com
201888,erlang-solutions.com
201921,egymoe.com
201953,enerest.world
201968,exactonline.be
202000,encry.ru
202034,economywatch.com
202051,eslilarf.com
202063,elss.com.cn
202103,ert.com.co
202142,electronic4you.at
202184,ecloudserv.net
202235,edilex.fi
202243,ega.ae
202282,elmasprode.com.ar
202328,e-pity.pl
202333,eurogamer.es
202335,elektro.ru
202421,emcrit.org
202447,ehealthsask.ca
202454,ecci.edu.co
202503,ediweb.eu
202511,ebuyclub.com
202518,entornointeligente.com
202524,emtek.com
202539,en8qi.top
202601,esolvo.es
202632,elitemailorderbrides.com
202720,eip.gg
202813,e-seikyuu.jp
202814,e9zje.com
202815,ecggh.com
202887,eromazofu.com
203013,efunds.com
203014,eurohockey.com
203021,ectransistors.com
203083,e-fork.net
203108,eastherts.gov.uk
203111,equicord.org
203158,evershinegroupofeducation.in
203163,elfinancierocr.com
203188,exposedpassion.com
203247,eurons.ro
203281,e-svitlo.com.ua
203282,emiles.fr
203283,epoll.pro
203332,escolanaturaeavon.com.br
203333,eye-move.nl
203402,exodus.co.uk
203406,ecolines.net
203446,eldercerith.icu
203463,ecre.org
203464,ethisphere.com
203471,eezy.cloud
203480,expressdrivinglicense.com
203482,engocha.com
203497,etea.edu.pk
203509,euro-net.ru
203564,embedx.name
203588,ensembleartsphilly.org
203595,escuelanaturayavon.net
203610,elefant.md
203649,ecansol.net
203656,easternbank.com
203684,elationhealth.com
203690,ekbsvalka.ru
203695,emiratesnbd.com.eg
203700,etrusted.services
203705,everland.com
203737,essaywriterbar.com
203785,emehmon.uz
203821,elib.ru
203833,expertflyer.com
203847,exterro.com
203859,eternalfashion.cn
203877,evolink.net
203894,energotele.net
203895,empi.re
203957,excelcompositedoors.co.uk
204005,episciences.org
204030,echovideo.to
204037,eg.net
204072,equipnet.com
204085,ekonika.ru
204094,evo-kazakhstan.com
204097,erado.net
204140,ecofarmacias.cl
204166,eviemagazine.com
204176,elnaturalista.com
204262,everlastgenerators.com
204266,essentialware.com
204282,egov-cdn.com
204284,edu.gm
204312,ecolo-creche.fr
204315,exbb.info
204419,eagles.com
204432,embracecloud.nl
204490,echo.net.au
204542,escorte.com
204650,eventyup.com
204724,empresaexterior.com
204743,egedatacenter.net
204814,emakina.com
204819,environnement.brussels
204838,estherperel.com
204854,easyfutbol.com
204873,e-pagos.cl
204875,evolus.com
204883,eliteyachtsclub.com
204997,euautomation.com
205010,europeanjournalists.org
205051,eizoglobal.com
205075,elevenaustralia.com
205115,evivasport.com
205117,easyquote.pw
205157,evergreen-ils.org
205166,extmanagers.com
205211,earthmom.org
205221,eventpeppers.com
205248,energage.com
205309,eae.es
205359,emarefa.net
205394,ena.co.jp
205404,epic-sports.info
205459,epicreads.com
205466,ext-dc.de
205480,e-cadastre.am
205507,eatitalian.net
205531,eisenhowerlibrary.gov
205535,exchangerates.org
205592,epu.edu.vn
205616,elke.group
205651,erento.com
205655,episoul.com
205666,eidolon.net
205686,europages.com
205690,experienceproject.com
205728,easededge.com
205812,europagricultproduct.com
205878,emvs.us
205893,escentric.com
205898,ericy.com
205916,ebpf.io
205919,ezxb.com
205922,extremelyrefined.com
205997,evm.online
206024,edpbr.com.br
206042,e-oferta.ro
206085,ef.edu
206146,eminevim.com
206257,espcloud.co
206281,ebb-bg.com
206329,exelixis.com
206335,eoportal.org
206438,exe-net.net
206516,emlnk9.com
206536,erogames.com
206537,epsg.org
206551,eibjggfihcjiiheeaach.world
206583,eindustria.com
206611,earthbreeze.com
206625,esc11.net
206626,evpanet.com
206638,evrideo.tv
206662,esmark.de
206682,ebooking.com
206687,erasmus-entrepreneurs.eu
206728,eraqc.com
206834,eventable.com
206918,etihad.ae
206935,epscu.net
206966,edemrf.com
206997,epdf.tips
207001,eyecandys.com
207002,eshoppingadvisor.com
207055,ecsrv.com
207104,electronicproducts.com
207105,espocrm.com
207123,easyiq.dk
207128,efazenda.ms.gov.br
207220,edas.info
207244,edis.at
207248,esuhandout.com
207256,eitdigital.eu
207266,e-tairyoku.jp
207271,enka.com
207288,ekolojikweb.com
207328,ettacent.dev
207345,entropiauniverse.com
207359,entomologytoday.org
207363,explainshell.com
207385,excellusbcbs.com
207392,epic-sports.online
207402,e-guvernare.ro
207413,exnova.com
207437,eteamz.com
207451,edgwryno.com
207486,erate.co.il
207542,elkodaily.com
207607,ext-dc.net
207645,easyinvoice.com.vn
207663,edemsa.com
207680,ekupi.ba
207681,eruditor-group.org
207748,euromomo.eu
207756,eoppep.gr
207769,egybests.live
207828,edgeutil.com
207912,edu2080.co.kr
207913,englishdom.com
207924,eberjey.com
207947,egov-buryatia.ru
207983,eyefitu.com
207999,eeekhosting.co.uk
208030,esquireme.com
208037,emmasdiary.co.uk
208039,esamemarketingltd.com
208057,easymarkets.com
208077,eronite.com
208087,embasa.ba.gov.br
208133,enterprisetimes.co.uk
208139,erji.net
208152,employmentcenter.ru
208179,edera.cz
208218,eldercare.com
208340,elevel3.us
208346,emailservice.cn
208359,energypost.eu
208376,elisiontec.com
208400,energymarket.com.cn
208455,ext-dc.com
208513,elecredit.com
208514,etenis.sk
208555,exactmetrics.com
208557,exquisitetimepieces.com
208572,emergemarket.io
208590,evene.fr
208596,edding.com
208601,expertmedia.pt
208658,euroricambigroup.com
208703,elcamino.edu
208758,ezcosplay.com
208816,empireofthekop.com
208818,ekmsecure.com
208824,electrolux.fr
208827,esky.gr
208842,equaldex.com
208843,eporno.sk
208844,elbilad.net
208908,edgeimpulse.com
208973,e0z3q.com
209017,enghub.pro
209049,e29oxnp8.com
209050,ecoscooting.com
209051,educartable.com
209129,escapology.com
209209,ecchi.xxx
209288,elex.com
209401,emeraldonion.org
209407,emme.it
209435,educatorinnovator.org
209452,e9pay.co.kr
209483,escortsaffair.com
209495,eduweb.vic.gov.au
209545,eplanetbrokers.com
209622,energyq.com.au
209662,eltex.co.jp
209686,ehealth-id.net
209704,europarcs.de
209711,eyeglasses.com
209732,edisonenergia.it
209734,eventportal.io
209742,eminent.com
209758,e-sistarbanc.com.uy
209811,e.gov.kw
209838,expertini.net
209861,eggrateai.com
209867,empowerlaptop.com
209892,ebx.sh
209896,equinoxplus.com
209956,enchaser.com
209975,essentialaccessibility.com
209988,ecc9c1d238.com
210012,evolus.vn
210022,efnews.co.kr
210029,emcdtech.com
210056,etniabarcelona.com
210072,elsasfurniture.com
210082,euroclinics.net
210105,eexchange.ae
210165,el-carabobeno.com
210253,ezadlive.com
210266,exam8.com
210276,enginsight.com
210289,edf-feph.org
210323,eterritoire.fr
210380,ezadtv.com
210388,easyrecipefinder.co
210413,epay88.vip
210425,eresultats.bj
210426,eyangmain.com
210472,e6d8g3.com
210473,ecaytrade.com
210474,empire-strike.com
210534,elfocorojo.com
210598,e-registration.com.ua
210599,elang138keren.beer
210600,elbruk.se
210636,epidomastegasis.gr
210661,energo.by
210680,elevatedfaith.com
210687,ekmtc.com
210694,expogates.com
210735,ecodrive.in.ua
210742,ectalvirtued.qpon
210749,ebesucher.de
210754,ellislab.com
210760,elartcom.eu
210775,eggsroot.com
210789,edu-rb.ru
210804,exitrealty.com
210834,eosfitness.com
210840,ebusy.de
210844,exgirlfriendmarket.com
210873,equiva.com
210889,egykoora.com
210890,entiredust.in
210960,educom.nu
210998,edaycosmetic.com
211051,exezhanqun.com
211064,e4628.jp
211081,emoncms.org
211088,elle.vn
211134,eduquity.com
211135,eduskillsfoundation.org
211136,ellamarbella.es
211137,etsport.rs
211241,ezsubscription.com
211258,everaoh.com
211265,erdogan.edu.tr
211266,esporteskn.com
211312,etrieve.cloud
211356,eseason.com
211377,edioca.com
211410,euribor-rates.eu
211432,easings.net
211460,erca.go.jp
211501,eve.legal
211514,eskortonline.top
211528,emmamassingale.com
211541,egi.eu
211582,exxorion.com
211625,escape-net.eu
211628,esky.rs
211697,europages.fr
211704,educationboardresults.gov.bd
211794,edurino.com
211797,experte.com
211805,ember.com
211810,erratasec.com
211814,ejfoundation.org
211844,earthshotprize.org
211854,evirma.ru
211875,employmentalert.com
211887,egovhost2.com
211968,edu.by
211996,etadirect.com
212001,ecoembes.com
212013,expotrade.ru
212056,epicsports.online
212064,espn.co.cr
212085,expedia.sa
212101,entele.net
212107,esos.co.uk
212123,ex.co.kr
212163,easysmmpanel.com
212173,explainedlyrics.com
212181,eifesun.com
212185,eiffel.com
212187,excestore.com
212205,energie-info.fr
212224,esurveyspro.com
212339,expressbookmark.com
212362,escambia.k12.fl.us
212443,em777.com
212514,epicsports.co.in
212515,evmobile.in
212516,evosimpact.com
212517,evosmicro.com
212518,exobrazil.com
212705,ecouter-en-direct.com
212706,elportaldelalumno.com
212707,elrefugiodelpirata.com
212708,eot748.com
212709,eud7st.com
212835,erayonline.com
212843,e-forologia.gr
212870,exe.ge
212909,e36c33c4d2.com
212916,etcher.io
212921,ewidzew.pl
212933,eigenstart.nl
212978,energyinnovation.org
212984,ecovadis-survey.com
213048,eletric-vehicles.com
213082,erogeschichten.com
213096,estudantesdabiblia.com.br
213103,eclinpro.com
213106,elkhebar.net
213134,eubxweikjo.net
213175,elevenplusexams.co.uk
213232,expertus.com.ua
213239,e-ducativa.com
213249,ek-media.nl
213256,ekstraklasa.org
213257,emspost.ru
213273,exalate.net
213307,eleconomistaamerica.co
213368,e-porcha.com
213474,e-ipo.co.id
213570,euphoricvocals.com
213669,ecologiaverde.com
213677,esmallpay.in
213777,ensia.com
213780,explaineverything.com
213782,ews-ingenieure.com
213802,elavon.co.uk
213817,elbashayer.com
213860,eclink.com
213868,esanok.pl
213891,ec-optimizer.com
213893,escorts69.lu
213914,estoycerca.com
213930,ecosys.gov.vn
214048,eczacibasi.com.tr
214050,expertfmghostivy.com
214054,eicp.net
214064,educationcorner.com
214072,elive.ie
214083,echointernet.net
214155,eastmoneysec.com
214190,eurosport.tv
214197,ediweb.com
214428,e8mwjpus4w.com
214429,earnlixdigital.com
214430,ekorail.net
214431,elabsacademy.net
214432,emon77mantap.org
214433,epicwin138al.com
214434,ernita4dzu.xyz
214435,exospain.com
214436,ezzp4065.com
216339,e-cgift.net
216340,e-cnam.tn
216341,e-health.go.kr
216342,e-indigo.com
216343,e-license.jp
216344,e-mineduc.cl
216345,e-nagarsewaup.gov.in
216346,e-quip.cz
216347,e-slonline.jp
216348,e-smart.care
216349,e-sorec.ma
216350,e-tdi.cloud
216351,e4k9x2.com
216352,e66.today
216353,e66co.com
216354,ead.pr.gov.br
216355,eaindustry.nic.in
216356,ealimi.com
216357,earlyrepair.com
216358,earnest-economist.com
216359,earthbetz.com
216360,eastpay.top
216361,easy-pay.in
216362,easyandspeed.app
216363,easyarmy.com
216364,easyclearx.co.za
216365,easydrop.one
216366,easypay.al
216367,eauto.my
216368,ebestflower.co.kr
216369,ebet.co.ao
216370,ebet.games
216371,ecasenotes.com
216372,ecclesia7.net
216373,ecgsistemas.com
216374,echannelling.lk
216375,eclinica.app.br
216376,ecnahad.ir
216377,ecoletter.co.kr
216378,ecom-dz.net
216379,econtrust.edu.lk
216380,ecoring.site
216381,ecsc.gov.et
216382,ecuafact.com
216383,ecza1.com
216384,edifito.com
216385,edplp.net
216386,edu.es.gov.br
216387,edu.gov.fj
216388,educacao.aju.br
216389,educacao.org.br
216390,educare.or.kr
216391,educazion.net
216392,eduintern.in
216393,edulio.com
216394,edupub.gov.lk
216395,efaas.gov.mv
216396,efficienteagerly.com
216397,efine.go.kr
216398,efjpg.com
216399,egd634.com
216400,egitakademi.com
216401,ehbn41.com
216402,ehtiras.az
216403,eikoh-lms.com
216404,einsurans.com.my
216405,eipl0.com
216406,ejesa.com.ar
216407,ejoica.jp
216408,ekartlogistics.in
216409,ekeo.org.tr
216410,eker.com
216411,ekoi.es
216412,ekoi.it
216413,elaborate-efficacy.com
216414,elafak.com
216415,elc.co.jp
216416,elchat.com
216417,elderberry-emblic.com
216418,elearningcommons.com
216419,elem.cards
216420,elesite-next.com
216421,elevana-madrid.com
216422,elforocofrade.es
216423,elgeaweb.fr
216424,elit.ro
216425,elitecarz.in
216426,elitedate.ro
216427,elizondoenlinea.com
216428,elmorshdledwagn.com
216429,elreydelentretenimiento.com
216430,elricha.com
216431,elsantorosario.es
216432,elsitiodelpelotero.com
216433,elvaquerodesonora.com
216434,em199.vip
216435,em99bet.co
216436,emahad.org
216437,emahasatta.com
216438,emailaprisoner.com
216439,emarg.gov.in
216440,embeyvally.in
216441,emblem.gr
216442,emcure.co.in
216443,emiraxmarkets.com
216444,emis.edu.ba
216445,emis.go.ug
216446,emobiletracker.com
216447,emperiacorporation.com
216448,empire-emperor.com
216449,empireludo.com
216450,empirescort.com.pe
216451,emploi.nat.tn
216452,empoweredconsumerism.com
216453,emrpacitan.my.id
216454,emu-elephant.com
216455,emversity.com
216456,enavi-sv.net
216457,enbocadetodoshd.com.ar
216458,encuentroadulto.com
216459,enfax.com
216460,english4kidsonline.site
216461,englishmadhyam.info
216462,enmongroup.com
216463,entab.online
216464,entekhabeman.com
216465,entregaresultados.net
216466,entrypocket.jp
216467,eoeca.com
216468,eoncbs.com
216469,epartners.cz
216470,episodebd.com
216471,eposavje.com
216472,epravesh.com
216473,eprawko.eu
216474,eprs.jp
216475,epss.jp
216476,eptvesr-mx.com
216477,eqrta.edu.jo
216478,equinepassion.de
216479,equipecerta.com
216480,eregistrationukgov.in
216481,ero-sceny.com
216482,erodium.hu
216483,eroist.site
216484,erpcrmmanage.com
216485,erpfranchexpress.com
216486,erpreceiptverification.com
216487,erpsrm.com
216488,ersagglobal.uz
216489,ersteleasing.pl
216490,escobar.gob.ar
216491,escola.rs.gov.br
216492,eservidor.es.gov.br
216493,esinet.ie
216494,eskola.rs
216495,esm3.com
216496,esmartdesk.com
216497,espacocasa.com
216498,esplanadamoveis.com.br
216499,espmb.com
216500,espn99.com
216501,espncric.online
216502,esport.com.pt
216503,esrmotorparts.com
216504,essa.com.co
216505,essens.kg
216506,estadosdecuentatotalplay.com.mx
216507,estekansai.jp
216508,estrdad.gov.eg
216509,estrema.biz
216510,estudanteead.com
216511,etc-shinsei.jp
216512,eum.go.kr
216513,eun.edu.ge
216514,eurocommerce.gr
216515,eurogripconnect.com
216516,euromillones.com.es
216517,ev.or.kr
216518,evaavm.com.tr
216519,everlast.cl
216520,eversafe.com.sg
216521,evidencecentral.info
216522,evitoria.com.br
216523,evobet33.com
216524,evotopup.com
216525,ewgr6sdfddd.com
216526,excavateservices.com
216527,exdokan.lol
216528,exe.nhs.uk
216529,exobooster.site
216530,exprn.com
216531,exsite24.org
216532,extensivelyexecute.com
216533,extradingue.com
216534,extrajosh.vip
216535,extramovies.miami
216536,extreme-zoophilie.com
216537,eyanguess.com
216538,ezpay.world
216539,ezpaycashier1.com
216540,ezphez.com
216541,ezspin7.com
216542,ezy789vip.com
216543,ezyreg.sa.gov.au
220222,electronicpaymentsinternational.com
220226,extensionpay.com
220231,englishteststore.net
220239,eskute.com
220273,ecomobileapp.com
220285,earlinaearrings.com
220287,epicgameshubham.com
220293,edwards.name
220295,ecademy.com
220312,efl.fr
220327,esolutionsgroup.ca
220339,engineerfix.com
220365,echocommunity.org
220392,ewe.net
220495,eatuo.com
220514,ecofactor.ru
220535,equalsmoney.com
220547,ent.com
220594,elpais.bo
220611,e-mfc.ru
220696,eafb.fr
220701,earmilk.com
220705,enterhost.com
220720,elitemate.com
220760,eldiario.com
220768,esprinet.com
220776,enjuris.com
220779,estrefa.pl
220803,e-distribuzione.it
220815,elidee.com
220831,estonianworld.com
220846,ecu-moteur.com
220854,epicstream.com
220880,euromsg.net
220904,easiestbookmarks.com
220910,eridia.it
220967,emeals.com
220971,emilyslist.org
220975,egns.eu
220984,economic.bg
221003,erdc.ru
221026,ecija.com
221038,exxosforum.co.uk
221041,eani.org.uk
221048,enguera.es
221057,echoserver.io
221078,exe.xyz
221086,economynext.com
221093,eppli.com
221104,expomap.ru
221107,eocampaign1.com
221125,eranium.net
221139,eechost.net
221150,egypttrippackage.com
221155,elwatan.com
221192,ecomz.net
221204,es8.casino
221379,ever-power.net
221411,exodjhbn.top
221415,erpmine.org
221455,exploradoresp2p.com
221460,ecols.ru
221474,e2rm.com
221482,enagas.es
221500,ethnos.app
221514,evomap.ai
221550,e30owners.com
221566,elavongateway.com
221588,ebusiness.bg
221589,edgarcayce.org
221591,enchroma.com
221639,eginity.com
221682,easycomment.ai
221743,elady.com
221797,eidanywhere.com
221830,egamersbox.com
221972,eyesoremerch.com
222020,englishelm.com
222025,eurekashopping.com
222052,egypttelegraph.com
222088,eia.edu.co
222139,egmont.pl
222151,eperde.com
222164,eurotransport.de
222185,eldala.kz
222218,elizabethdahl.com
222232,endless-tech.cn
222274,ejbb.cn
222316,eomgames.net
222325,earthview360.net
222330,elektormagazine.com
222347,euwiderrufsbutton.de
222398,etel.ru
222426,evgrp.ru
222428,emaiq-na7.net
222432,emsc.eu
222463,eminenceorganics.com
222496,eastcountymagazine.org
222503,etoideya.ru
222507,echomusicx.com
222524,expireddomain.zone
222535,egentouch.com
222547,esenyurt.cfd
222559,enginelogin.com
222603,e-scopemarket.space
222658,ethermail.io
222712,euleriancdn.net
222750,ewebdevelopment.com
222824,earth-chronicles.ru
222866,ecotelecom.ru
222907,encirca.com
222926,ecpat.org
222948,emlasts.com
222966,expressional.social
222983,erecht24.de
223005,epicair.co.uk
223029,engineexplicitfootrest.com
223088,evanescence.com
223128,executivebiz.com
223142,express-technology.com
223184,eric-bompard.com
223189,eteach.com
223192,e-iceblue.com
223222,ekonova.pro
223250,eastmojo.com
223274,ecn.co.za
223288,ehc.com
223299,egmnow.com
223324,ekohealth.com
223345,edsupportforum.com
223357,eadl.ir
223370,emojisky.com
223422,elbil.no
223437,enginemob.xyz
223481,extremesurf.com
223497,epic.com.mt
223582,eliesaab.com
223589,end-violence.org
223599,evolink.ai
223619,ejjgdihfdfcddihfaaci.world
223622,ech.be
223632,epsilondelta.co
223650,esenler.cfd
223672,euphoria.co.za
223675,el-ed.ru
223724,educationdynamics.com
223726,ed.act.edu.au
223733,eyesvision.ru
223741,europharma.kz
223750,ecoledesponts.fr
223754,easyverein.com
223783,eautoexport.com
223794,elites.ru
223796,encodasystems.com
223858,enter-pubg-new-state.com
223861,ezeroad.com
223878,exenti.ch
223902,eurotribunes.fr
223937,eventora.com
223941,ensp.edu.mx
223952,elfann.com
223963,elkstone.com.au
224026,eatingdisorderhope.com
224074,erthezi.my
224115,exeter.edu
224169,eeyeful.cn
224277,ecomation.nl
224318,experian.com.au
224329,etonshirts.com
224337,ecouteetudiants-iledefrance.fr
224344,eisys-bcs.jp
224357,ehealthscores.com
224391,emath.fr
224401,epictv.fr
224410,ek.aero
224424,easybroadcast.fr
224437,elit.edu.my
224467,emerhelp.ru
224487,ebexo.pl
224490,ecosakh.ru
224500,eurovia.es
224508,e-adsolution.com
224598,elabscience.com
224653,ethicalsuperstore.com
224676,elmec.com
224679,ee777tiger.com
224685,evertecinc.com
224739,easy-ip.com.cn
224745,ecm.online
224764,easyhotel.com
224776,extech.ru
224798,exchange-cdn.com
224805,elderly.com
224862,eveningtribune.com
224871,ebook-hunter.org
224879,ekzm.net
224906,ekologia.pl
224945,elementai.com
224957,experienceoz.com.au
224978,ein-herz-fuer-kinder.de
225064,eventsize.com
225068,ebilling.id
225100,estara.com
225108,eniscope.com
225123,eclapp.net
225128,esotericnonsense.com
225145,einhell.de
225183,enfemenino.com
225186,every-pay.eu
225222,er-duma.ru
225238,ekbo.de
225267,emodul.eu
225287,eon.cz
225299,ekfgroup.com
225391,envirogadget.com
225418,eloboss.net
225422,emeequis.com
225432,eciu.net
225506,entrata.green
225533,erzbistum-paderborn.de
225558,engnews.co.kr
225574,esarabe.com
225601,eastfootball.co.uk
225604,easd.org
225688,everythingcomics.ca
225719,egam.com.br
225782,ellechina.com
225816,eshizuoka.jp
225820,emma-sleep.com
225832,emload.com
225843,epcounty.com
225848,eo-edgefunctions7.com
225856,europart.ru
225882,etoren.com
225887,eurecat.org
225908,easycanvasprints.com
225977,etn.com
226023,ezmarkbookmarks.com
226036,euronet.sk
226049,europa-lkw.de
226068,everyplate.com.au
226069,ensam.eu
226126,ersatzteil-shop24.de
226153,e926.net
226167,emmaus-france.org
226176,eskycity-dns.com
226188,eduson.academy
226214,enjoypanel.com
226332,easyg0.net
226346,eos.io
226365,eosdesignsstudio.com
226382,ec-patr.org
226420,ebusiness32.com
226421,europa-ciezarowki.pl
226524,ednovas.org
226650,eu-japan.eu
226654,enpf.kz
226674,elitsy.ru
226763,ebdcdn.com
226773,eisp.pl
226805,eliquidhost.com
226828,eyesvisions.com
226875,esaludecopetrol.com
226879,elledecoration.co.uk
226892,eucom.mil
226915,englishgrammar.org
226949,eizo.com
226954,elkgrovesubaru.com
226967,ezidebit.com.au
227156,ensafnews.com
227162,erininthemorning.com
227188,ezshosting.com
227191,edgeix.net.au
227202,erli.tech
227228,encharge.io
227243,evonyonline.com
227286,e-billexpress.com
227337,escapemotions.com
227398,eurocitymalta.com
227462,ecowitt.com
227487,epicdn.me
227498,egypt.travel
227499,esgstud.io
227501,educom.ru
227503,enter.co
227525,ecenica.com
227623,edenred.fr
227696,ennismore.com
227713,effbot.org
227730,empoweringparents.com
227740,educationthroughmusic.com
227772,elcompanies.cn
227851,egain.com
227890,easl.eu
227904,e-ns.org
228032,eyemed.com
228054,eskisehir.edu.tr
228058,ershikov.ru
228209,entruempelung-graz.co.at
228211,earthport.com
228226,exoplanet.eu
228258,ezstat.ru
228275,economymiddleeast.com
228323,eqzaim.ru
228344,electrolux.pl
228373,eg-safety.com
228379,eibach.com
228381,everydayhealth.care
228396,edgapi.com
228410,easyapply.co
228416,er-gpt.ru
228418,ewind.cz
228419,emsd.gov.hk
228472,exiledkingdoms.com
228525,editions-hatier.fr
228549,e-lakiernik.net
228573,experiencekissimmee.com
228584,ep.de
228603,elavegan.com
228657,e-control.at
228675,evl.fi
228678,endstate.com.au
228684,e-builders.net
228712,exclusive-networks.com
228725,ep89.com
228783,ecomondo.com
228802,ehtrust.org
228804,e-careers.com
228842,eclipsewise.com
228906,europcar.com.au
228911,emmersondoors.uk
228951,evoludata.com
228972,es-betting.com
228983,eyemagazine.com
228985,empireminecraft.com
229033,ekoo.co
229068,easyllama.com
229079,esquimalt.ca
229137,evibe.in
229141,ezwv.com
229154,ecclaw.net
229164,eurocamp.co.uk
229191,emarketing-mail.com
229202,eshop-rychle.cz
229203,elevology.com
229209,everytimezone.com
229277,ecylinderonline.com
229286,elitepipeiraq.com
229309,eastleighvoice.co.ke
229313,estracom.it
229340,eientei.org
229346,employeebenefits.co.uk
229350,erudit-online.ru
229381,euroonco.ru
229431,europosters.ie
229441,elgin.edu
229456,extrabutterny.com
229473,ebrana.cz
229485,eofire.com
229506,esmmagazine.com
229544,esyoh.com
229547,eurosatory.com
229562,enablon.com
229605,ektf.hu
229612,everythingbutwater.com
229651,echobox.com
229702,expereo.com
229742,eversign.com
229775,elokence.com
229800,emporiagazette.com
229815,ensorings.com
229855,essaywriteee.com
229875,e-net.in
229904,echoforum.com
229911,ekfwomen.org
229924,eyeons.com
229957,eram-jobs.com
230028,egyseb.net
230038,enflow.nl
230049,espaciourbano.com
230050,esmarket.gr
230090,elwis.de
230124,europartsbg.com
230179,evenbalance.com
230182,ecoport.org
230238,emailvendorselection.com
230250,eventlink.com
230261,esmap.org
230265,edit.org
230274,ergocarbon.com
230277,etalmag.com
230297,endurancepro.space
230323,emlakkulisi.com
230334,emisco.eu
230352,everydaydose.com
230370,epicdope.com
230388,eltel.net
230404,etp-region.ru
230464,eismann.de
230488,eyemg.com
230521,easygoremna.com
230529,erlc.com
230614,ethii.com
230674,elog-ch.net
230677,ejournals.ph
230723,edgecdnplus.com
230792,europace2.de
230795,emailage.com
230871,endeavorstreaming.net
231036,eastoftheweb.com
231050,ebt.net
231064,equinoxlab.com
231102,eurekosigorta.com.tr
231141,epressi.com
231153,ecog.io
231170,eldiaquenaci.com
231202,ezix.org
231211,esalen.org
231265,etsglobal.org
231274,eventfinder.de
231281,eitb.com
231302,elleuk.com
231327,endorlabs.com
231360,enap.cl
231383,engineyard.com
231469,elblearning.com
231490,electre-ng.com
231577,ecf.org.cn
231620,exploreanswers.net
231624,eurobookings.com
231635,energotransbank.com
231697,energia.ru
231716,eastsidegamestudio.com
231760,estarland.com
231780,elitefts.com
231803,ellengard.de
231820,europosters.gr
231846,evovp.net
231849,exness.help
231915,eurobt.eu
231937,ensemblehp.com
231943,eharabook.com
231961,egyptholidaytours.com
232000,enfath.top
232059,eeweb.com
232083,exclusivehouseholdstaff.com
232168,euro-instal.ro
232204,edgenet.com
232208,erkul.games
232253,epson.com.ph
232255,expatforum.com
232299,ellegourmet.ca
232302,enterprisecommunity.org
232323,energybulletin.net
232333,essdatabridge.com
232349,eatoye.pk
232376,eposnow.com
232394,eternalhost.net
232405,elliott-turbo.com
232477,exo-api.tf
232516,eldo.com
232547,eprsys.com
232567,everton.news
232623,exist.group
232628,ebluejay.com
232657,energies-maison.fr
232659,eurobattle.net
232690,ewsos.com
232702,expertmanpc.com
232703,enviedeplus.com
232715,electimes.com
232866,expertrec.com
232875,energy-it.net
232885,erpsoftwareblog.com
232911,elwatan.dz
232917,etas.com
232924,ernesseallow.cfd
232945,elitefeats.com
232963,exactlybookmarks.com
232972,etherway.ru
233092,esfvape.us
233129,egemen.kz
233146,ekwamarketing.com
233152,esdm.co.uk
233154,eternalbookmarks.com
233221,elizabethwarren.com
233222,ey789.cn
233271,eunet.ee
233280,exoscale.io
233289,educationdive.com
233347,exchangewire.com
233353,ehow.co.uk
233417,eachnic.com
233501,elciudadanoweb.com
233512,erpglobalinsights.com
233523,edunetwork.ru
233557,epitaph.com
233579,ekster.com
233633,ebu-uer.be
233658,expresso.com
233660,eagleeyes.tw
233665,ecomclik.com
233693,elpasoco.com
233710,eutoday.net
233750,enviso.io
233751,ec-concier.com
233761,econocom.com
233785,ev.group
233790,elseptimoarte.net
233829,espritdesiles.com
233864,ecentime.com
233877,edcast.io
233900,expurgate.de
233940,enduhub.com
233976,etoffe.com
233989,elektroenergetika.si
234008,electro-music.com
234012,emergentindustrials.com
234013,encord.com
234076,entelpcs.cl
234097,educatorstechnology.com
234188,elboletin.com
234278,etsycloud.com
234308,esslinger.com
234451,experts-comptables.fr
234544,ecicloud.com
234550,explore-grandest.com
234577,eim.ae
234629,ecbay.xyz
234697,erco.co.il
234701,elkjop.app
234710,ecycle.com.br
234758,embodyvr.io
234791,eggsbonk.com
234824,evaplatform.tech
234869,elle.com.hk
234873,europeantimes.news
234989,everbookforever.com
235005,enduro-mtb.com
235013,ecotourism.org
235036,escolaeducacao.com.br
235039,europe-consommateurs.eu
235055,e-c-lab.com
235061,equipmentsearch.com
235234,equestripedia.org
235247,el-dev.ru
235282,ethermine.org
235284,early-retirement.org
235285,eetasia.com
235389,ensocare.com
235395,electricbargainstores.com
235402,enpro.us
235417,ehost.com
235423,erco.com
235494,epicpxls.com
235514,eastmidlandsrailway.co.uk
235520,elcorreodeburgos.com
235546,ecorostprom.ru
235552,essentialfoodsbenelux.nl
235553,eastex.net
235602,elv.de
235618,etherlink.com
235640,eezepc.com
235643,echo-usa.com
235645,ensono.com
235652,elryan.com
235667,elfadistrelec.no
235732,ejewishphilanthropy.com
235750,eddiev.com
235798,edem-v-gosti.ru
235853,envoke.com
235866,escapehunt.com
235889,entsoc.org
235906,existenzgruender.de
235954,euroconsumers.org
235960,ezopticalnh.com
235962,engage.bz
235979,epha.org
236026,eidoslab.cc
236063,earthclassmail.com
236072,epomaker.com
236073,estevas.ru
236117,entwickler.de
236151,europ-assistance.com
236159,elcompanies.co.uk
236162,ersanails.com
236191,electroverse.com
236193,esata.ir
236209,email-od.com
236220,exler.vip
236316,enovosty.com
236317,europeandns.de
236371,erhuanshiyou.com
236390,eventim.nl
236421,extremescoffee.com
236459,extreme-factory.ru
236464,e-life.jp
236531,educazionedigitale.it
236573,edwardmartin.com
236625,edengay.com
236670,enrollbookmarks.com
236759,entersektehs.com
236770,espam.edu.ec
236785,elifemall.com.tw
236815,expnode.com
236881,eor-edu.ru
236932,enexis.nl
236966,enginemob.me
237035,enginebuildermag.com
237110,enmax.com
237111,emurom.net
237171,edition-naam.com
237179,epcc.edu
237182,elsotano.com
237210,ez-bookmarking.com
237223,external247services.com
237273,esferize.com
237332,ecmpcb.in
237334,ellos.dk
237396,elpasomatters.org
237419,eng12083.net
237439,englandathletics.org
237461,excimerclinic.ru
237487,expresswebhosterscloud.com
237490,email-allstate.com
237496,edamam.com
237510,excelr.com
237612,etno.be
237615,elasticsuite.com
237624,ekspert-agd.com
237668,electrifying.com
237713,efoto.lt
237717,ekomax.sk
237744,edison.it
237776,ebuyso.com
237796,etnies.com
237818,exoca.fr
237841,elestimulo.com
237855,e-albania.gov.al
237859,eden-court.co.uk
237909,ebizcharge.net
237924,echoglobal.org
237936,edelrid.com
237980,endocrincentr.ru
237989,evolvemediallc.com
238011,exidegroup.com
238017,emzlbkz9.com
238023,europeanfilmawards.eu
238047,extremecraft.net
238080,euronet.net.tr
238083,echostrikes.com
238089,elixirforum.com
238138,eon-energia.com
238157,eduiso.com
238162,etao.com
238188,eskisehirgocukduzeltme.com
238194,een.be
238210,elperiodista.cl
238236,edag.com
238240,evolvingtable.com
238245,ericclapton.com
238280,elearningmine.com
238287,etninfo.com
238307,eagleeye.com
238334,enschede.nl
238346,eotnet.net
238349,eddy.com
238350,eginnovations.com
238353,escortradar.com
238361,easiwan.co.za
238374,edeka24.de
238381,eci2018.com
238388,emtlife.com
238408,e-mudhra.com
238417,emero.de
238449,e54b.net
238454,etenonline.be
238469,ehyp.de
238561,easyhindiblogs.com
238642,ednovas.net
238685,europeanlung.org
238699,emma-matratze.de
238702,ezjobsbangla.com
238748,epidm.net
238755,elmundoporno.com
238828,eicma.it
238839,easyterra.com
238857,ex-rate.org
238876,eleftheria.gr
238933,eventifai.com
238970,epicordistribution.com
238998,easyunzipper.com
239053,ehkaam.sa
239101,enkomion.com
239155,eliko-kmv.ru
239217,energynews.us
239241,eyenewton.ru
239248,ems.post
239332,e-merge.com
239354,europeanjobdays.eu
239371,escortadvisorit.com
239385,europcar.es
239388,elektrobode.nl
239391,ethicaljobs.com.au
239400,entrenet.jp
239407,exdesign.ru
239420,eindhovenairport.nl
239463,emojicopy.com
239468,editec-online.com
239497,eventmanagerblog.com
239498,evolve-rp.net
239550,effyjewelry.com
239564,enocean.com
239610,essemmeforniture.com
239659,ebs.edu
239713,etxstudio.com
239740,epitech.eu
239754,eeafj.cn
239759,enot.red
239772,era.ca
239783,evc-net.com
239830,easy-cert.com
239845,etheric.net
239855,ethanthesleepy.one
239858,engin.com.au
239870,eticaretns.com
239933,escritores.org
239958,evenfinancial.com
239974,eosrio.io
239979,eosusa.io
239987,eosamsterdam.net
240047,envytheme.com
240068,ewant.org
240130,expertbeacon.com
240140,eframe.co.uk
240218,emorywheel.com
240221,education-world.com
240242,ernestjones.co.uk
240257,efeler.bel.tr
240264,expertnk.ru
240293,efficity.com
240301,egymonuments.gov.eg
240319,eugeneweekly.com
240361,expoplatform.com
240364,edinboro.edu
240402,exif.co
240414,edv-buchversand.de
240462,exception.nl
240508,elnhost.com
240519,euroimpex.lt
240537,escort-girls-israel.com
240556,economyedu.net
240564,eurovoix.com
240579,eat-the-world.com
240609,estafa.info
240611,electronicbeats.net
240636,enjourney.ru
240695,etodolac365.com
240718,exit.sc
240736,emergingtravel.com
240787,editions-eyrolles.com
240845,ethanzuckerman.com
240956,ezmluva.sk
240969,exonet.eu
240973,editorial.one
241048,euroshop.be
241052,epm.se
241134,epdk.gov.tr
241142,etf.rs
241146,escortrankings.uk
241189,efmdglobal.org
241207,elexon.co.uk
241250,egisznso.ru
241262,eyecatchythemes.com
241274,explo.co
241330,eapoe.org
241410,everydayhero.com
241464,ethnomir.ru
241480,elyzion.net
241558,expertfile.com
241606,expediacruises.ca
241664,energyjobshop.com
241717,escortsbabes.com
241724,elm.sa
241743,ebridge.com
241766,eechicha.com
241784,erewhon.com
241935,epcvip.com
241952,eduxhire.com
241979,easywithvpn.ru
242016,edrussia.ru
242032,ensicaen.fr
242040,eternal.com
242069,eigory.com
242073,erotikmaps.com
242115,entertainment.com
242132,eximtur.ro
242144,exagrid.com
242201,ewarnerphoto.com
242240,editions-retz.com
242247,efalarm.com
242269,energobelarus.by
242290,eris.cc
242292,em-app-tech.com
242309,elwoodstaffing.com
242311,eai-conferences.org
242346,everystockphoto.com
242394,elefant.gg
242473,erudites.ru
242492,endurancewarranty.com
242494,excellenceresorts.com
242537,eunic.net.ua
242584,eyclienthub.com
242621,expertscape.com
242641,erotikfilme.fun
242664,ezg.com
242668,encryptlink.net
242683,euc.ac.cy
242700,eccn.com
242703,expressmarket.ru
242707,eximbank.gov.cn
242737,ezinfra.net
242744,esb.ie
242774,education2020.com
242807,emvco.com
242974,eslfast.com
243132,eaeb.cn
243171,eogresources.com
243194,edmingle.com
243198,eworm.de
243229,exceeddirectory.com
243231,egw.news
243269,enmail.co
243272,edgedns.com.cn
243278,easydrawingguides.com
243303,emiliaromagnaturismo.it
243356,enjoyx.com
243359,egoshoes.com
243381,emfcamp.org
243409,everestautomotivemarket.com
243440,elesen.lt
243483,eternityfurnitureva.com
243552,enviaflores.com
243561,eraldo.com
243566,endgamethemovie.com
243656,elbibliote.com
243694,elementwheels.com
243697,enciclopedia.cat
243713,expertnoemnenie.ru
243717,earthjournalism.net
243774,esagames.ro
243776,erahosting.net
243799,everythingtruckparts.com
243813,ett.com.ua
243828,emy.gr
243852,ero-comic-hunter.net
243856,evanmiller.org
243895,elscolab.com
243931,encyclopediaofukraine.com
243933,everardoherrera.com
243935,essentialcartdrawer.com
243937,enoughgun.com
243939,esportnow.pl
243974,exibank.ru
244005,economist.co.kr
244034,extscloud.com
244040,edmontonchina.com
244060,envolvetech.com
244077,ezday.co.kr
244128,etics.it
244170,emailjs.com
244177,elvd.tech
244179,ekburg.ru
244204,extin-hosting.nl
244239,edisonlight.ru
244257,epcicgames.com
244327,euronics.lv
244345,e-dns.hu
244347,electrifyhome.com
244356,easternherald.com
244369,encoremusicians.com
244419,encompasstpoconnect.com
244421,ezesoft.com
244422,eolss.net
244423,energydigital.com
244425,eurobt.net
244448,edutags.de
244455,edss.ee
244478,emfurn.com
244524,emlog.net
244557,etdotcom.it
244574,edgarlookup.com
244654,everyauto.com
244665,elementsprojectspuppet.com
244679,ecit.com
244687,enterpriselinuxcloud.com
244747,eenvandaag.nl
244845,exabytes.co.id
244853,elite.com
244866,epn.bz
244876,enoch.live
244877,eaglepeakstore.com
244950,eusew.eu
244951,e-meitao.com
244980,eutekne.info
244982,eschoolview.net
244988,eyeonannapolis.net
245020,enofa-vone.com
245044,eptarefrigeration.com
245096,ecophon.com
245127,emp-shop.sk
245194,exigo.com
245195,ebaconline.com.br
245234,element451.com
245241,ekvio.ru
245245,entermarathon.com
245250,enetedu.com
245255,escanav.com
245422,everlance.com
245424,esc-plus.com
245429,embed-cdn.com
245473,electric.ai
245475,equa.tours
245501,ecocart.tools
245524,entomologica.es
245536,easyclouddns.net
245561,eurocampings.nl
245603,enciklopedija.hr
245655,employment.gov.au
245682,ero-advertising.com
245696,elecboy.com.hk
245704,ensorahealth.com
245745,ensinolusofona.pt
245747,ericpetersautos.com
245787,eztoys.com
245821,empuls.io
245840,eco-files.cz
245850,etenet.com
245878,ems.press
245920,embase.com
245937,episode-live.app
246031,esprit-moto.com
246053,eromanga-cafe.com
246060,etila.com
246129,evomotion.com
246139,eighteenhockey.com
246156,electronicfirst.com
246178,ethnia.org
246194,elac.edu
246212,ecodir.net
246217,educativ.net
246255,everest.ooo
246310,em90nmz8wct2.com
246360,eth10k.io
246361,ecrater.co.uk
246395,eratead.com
246410,emdat.be
246548,erickimphotography.com
246580,eelv.fr
246584,efireplacestore.com
246595,e-office24.ru
246682,ekonomist.com.tr
246694,ecert.gov.hk
246713,enteract.com
246743,epilepsysociety.org.uk
246751,elink.io
246804,elasticrates.com
246816,eqao.com
246857,englewoodhealth.org
246894,earnware.ai
246914,easyupsellapp.com
246937,eflcocogame.com
246942,exsisto.com
246998,environment.gov.za
247050,elle.ru
247084,espn.com.gt
247091,elevatepfs.com
247118,esi-africa.com
247126,emailprofi.cz
247157,entornet.com.br
247268,ebyu.edu.tr
247292,ec-ltd.com
247331,endeavor.org.br
247349,elsiglodedurango.com.mx
247358,estreetdns.com
247369,euroimmun.de
247389,esc-rushydro.com
247417,extcam-cdn.com
247424,ehwtech.net
247444,exchange.jo
247476,epdata.es
247521,enfermeraenapuros.com
247544,emotornations.com
247545,e1nn.com
247586,ekoplaza.nl
247590,easycutgo.com
247594,e1m0r.com
247601,eportalmobile.com
247615,eshengjie.com
247623,equinetnn.com
247653,easywebland.my
247658,elnobi.com
247663,e2esoft.com
247677,edgee-dns.com
247685,eapeakwealth.com
247796,ekkow.com
247823,eczacibasiebi.com.tr
247862,eva.bg
247875,edge-byted.com
247892,ergoscan.io
247901,easeweather.com
247902,entorno.es
247923,ethnobotanyjournal.org
247980,eudonet.com
247985,ebt.li
248002,euscc.com.cn
248037,eon.se
248051,erv.de
248091,erahosting.es
248107,emrh.ru
248116,energyweb.org
248205,egeac.pt
248225,edudns-a1.edu.tw
248237,ediemidnightzombies.com
248316,enlaces.edu.sv
248343,elementfleet.com
248399,empf.org.hk
248435,ena.et
248438,ets2mp.com
248445,esim.me
248458,etex.net
248468,elkay.com
248514,extravpn.info
248519,e-nautia.com
248541,eko-bike.ru
248586,everlast.com
248612,easywebinar.com
248616,evn.at
248620,earthmagazine.org
248666,eop.bg
248738,eferrit.com
248741,endsoftwarepatents.org
248788,elevenmadisonpark.com
248809,efesalud.com
248868,etl.de
248886,edgroup.eu
248904,emzy.de
248905,ebscoatlas.com
248946,e-pago.com.mx
248975,edotsolutions.com
248989,east-plus.net
249004,econet.ru
249046,elitesecurity.org
249061,eu-globaldns.ba
249074,extel-gsm.com
249121,eghnfjaqpk.net
249153,expressdengi.ru
249168,eduplaced.com
249174,e-learn.ru
249176,emote.com
249220,empas.com
249243,ermis.nl
249274,edweb.net
249291,ehryourway.com
249357,exotica.org.uk
249407,etc-corporate.org
249419,elex-tech.com
249481,empiretoday.com
249523,ef.studio
249567,eloomi.io
249593,epygicloud.com
249761,epsiloninfra.com
249772,easteregghuntsandeasterevents.org
249829,exe.dev
249843,emulatorgamer.com
249844,ehea.info
249854,ekpark.ru
249859,edgegroup.ae
249879,egontek.net
249889,e-pard.com
249926,edinet-fsa.go.jp
249935,efunds.com.cn
249940,ebin.pub
249968,endios.one
250028,electrolux.se
250053,esernet.es
250062,elektro-online.de
250077,empiricus.com.br
250089,epldt.net
250093,elitewebsnetwork.com
250097,etihadguest.com
250122,epfcrete2019.org
250139,epiteszforum.hu
250211,e-enfance.org
250212,esirius.net
250244,exampledomain.com
250248,elevateapp.net
250284,europace.de
250287,eu.net
250313,editionsduboisbaudry.com
250333,encorebrands.info
250348,env-int.com
250350,esu.com.ua
250353,enercoop.fr
250399,euromince.info
250432,elianbibleverse.com
250482,evenup.law
250493,extraproxies.com
250530,elaele.com.br
250574,echotomorrow.com
250608,ephelper.net
250673,evasys.io
250699,eightcap.com
250702,eplindex.com
250714,erog.fr
250753,etomesto.ru
250760,economiasanitaria.it
250816,exonproject.ru
250840,evotor.tech
250842,europa-camiones.com
250859,eurocarnavales.es
250871,elkar.eus
250886,ethikrat.org
250914,emakedonia.gr
250915,eth-services.de
250926,essentiel-antwerp.com
250965,elecbee.com
251013,expertpagina.nl
251059,edupstairs.org
251126,earthday.net
251136,expurgate.cloud
251140,ezportal.com
251165,eguur.mn
251202,everyonesocial.com
251237,elperiodicodeaqui.com
251300,elexcon.com
251345,euchia.net
251363,egamings.com
251397,ecom-ai-search.com
251413,easternstate.org
251476,epcor.com
251511,espares.fr
251603,elsevier.support
251617,energycurb.com
251626,eaie.org
251629,empmonitor.com
251630,embassy.mn
251637,emlakweb.com.tr
251686,e61.pl
251694,emergencymessagesystem.com
251701,eurokidsindia.com
251764,etexgroup.com
251926,equest.com
251941,environmental-finance.com
252034,elementsmassage.com
252056,espressoapps.com
252099,essentialed.com
252110,el43.ru
252112,ebopark.com
252136,esologs.com
252149,electronika.ru
252168,earls.ca
252236,e086.net
252264,emodels.co.uk
252286,europosters.fi
252346,eusica.mx
252377,englishchess.org.uk
252378,eutimes.net
252434,engel-und-waisen.de
252453,enterbrain.co.jp
252488,ezpawn.com
252492,essaypro.club
252507,efg-tanna.de
252629,edgewebhosting.net
252650,etllao.com
252692,ecosweb.com.br
252714,equibles.com
252852,evworld.com
252864,elektro-32.ru
252866,exxen.com
252942,eth.flights
252998,eltl.ru
253115,equipex-geosud.fr
253120,egroupware.de
253138,eyof2023.it
253197,eldritch.cafe
253237,ecircle.com
253315,endpro.tech
253326,evrl.to
253342,elysi.ru
253354,enventis.net
253365,examen-rcb.ru
253385,eads.com
253398,excentus.com
253471,epsiquadvpn.com
253544,easyapps.cloud
253594,expresspersonnel.com
253635,episode-portal.app
253644,engagedly.com
253649,ewallhost.com
253698,elementor.net
253703,equestrianstockholm.com
253709,equityzen.com
253712,eoshd.com
253725,estatenearme.com
253744,elevationchurch.org
253764,enic-naric.net
253779,energinet.dk
253784,escuelaing.edu.co
253809,equities.com
253840,eticket-deutschland.de
253845,epgxs.com
253878,ebill.coop
253902,endedstrung.com
253968,epost.de
253992,enwikipedia.org
254070,ellisargi.com
254077,extremeweatherwatch.com
254083,edp-tech.com
254097,edgenyc.com
254134,ecfa.org
254146,earthobservations.org
254191,etoyoc.com
254194,el-parking.es
254196,eniyiserver.com
254232,erhvervsstyrelsen.dk
254242,eldroadmap.com
254333,eventideaudio.com
254377,eerospeedtests.com
254425,ednc.org
254452,easyinventory.com.br
254475,exoticpornvideo.com
254494,ersatzteilplan.de
254521,edg.com.au
254572,ensend.ru
254630,emailsherlock.com
254661,editions-sorbonne.fr
254678,evva.com
254684,earthpattern.com
254686,ef.de
254697,eleventickets.com
254707,eltinterotoledo.com
254730,excel-pratique.com
254744,entwst.com
254770,epson.com.au
254772,emshost.com
254794,einerd.com
254804,earthempires.com
254805,ebcbrakes.com
254813,esl.eu
254815,eurocc-access.eu
254845,emsmtp.com
254883,egyptlaptop.com
254899,euro-fusion.org
254916,elmbridge.gov.uk
254936,exposale.net
254976,escorregaopreco.com.br
255022,europaparts.com
255041,e-promo.ru
255046,emudhra.com
255079,evenito.site
255086,elite-wheels.com
255112,edgeparcel.com
255150,ew.com.cn
255171,empikfoto.pl
255196,edeka-halmschlag.de
255259,em4b.com
255266,eber.co
255270,eunet.no
255275,echo24.de
255324,emergent.host
255349,eggyra.com
255398,easymetr.ru
255441,elektrum.lv
255476,expertgamereviews.com
255486,e-teatr.pl
255513,essayhub.com
255535,elma365.tech
255552,elmia.se
255553,ezcarry.com
255606,ekolist.cz
255613,eurons.net
255622,e-coreweb.co.kr
255628,endurance.com
255649,elmirador.edu.co
255800,esquiades.com
255806,eximkart.com
255846,edenparc.eu
255869,eol.com.au
255877,elecont.mobi
255906,exchangeandmart.co.uk
255929,epochtimes-romania.com
255970,elementhk-ic.com
255998,emofid.net
256013,elysiumhealthcare.co.uk
256020,eneba-static.com
256044,europeansocialsurvey.org
256062,excellence-formation.fr
256109,eilo.org
256123,e-os.de
256157,equityunion.com
256173,eipass.com
256175,ecobij.nl
256208,exmark.com
256276,eventleaf.com
256283,elettra.eu
256294,ewxxstudio.com
256326,electroprof.team
256339,eneyida.tv
256362,endor.pl
256373,emrpg.com
256409,emp-shop.se
256419,enmacc.com
256527,essec.fr
256546,espoesia.com
256552,eisai.co.jp
256569,easyzoom.com
256639,edairynews.com
256676,everisolutions.com
256733,evonet.jp
256741,externalcoop.com
256750,eway.com.au
256766,emoney.cn
256773,easy-markets.com
256782,einreiseanmeldung.de
256810,ereaderiq.com
256823,earnbetter.com
256830,emagazines.com
256866,eventbee.com
256874,estimateone.com
256938,erovnuliliga.ge
256939,euroti.com.br
256942,europcar.it
256965,emergencemagazine.org
257001,ecocup.ru
257085,engelschall.com
257090,ev-agency.io
257106,ecbo.io
257150,eastmidlandsairport.com
257155,expasoft.com
257177,e-spirit.hosting
257241,ekhtebar.ir
257248,echl.com
257309,event-form.jp
257371,ecxon.net.br
257387,elle.ua
257492,ethika.co.nz
257507,epubor.com
257519,education-jobs.co.uk
257530,edetailing.cn
257540,embracer.com
257546,eskortebi2.ge
257568,entornodns.com
257604,e-gulfbank.com
257613,entreaguas.com
257618,eschoolsolutions.com
257624,electrum-mona.org
257634,ecosur.mx
257656,epccm19.com
257672,edinburghtrams.com
257718,e-autoparts.pl
257738,eleczo.com
257746,ebox.at
257769,ekls.de
257782,eox.at
257785,ebike-mtb.com
257787,eblorus.site
257917,esgtphotos.com
257920,e-jw.org
257923,eatr.com
257934,evanced.info
257940,emergisssi.com
257978,eurofinsus.com
258002,edworkingpapers.com
258093,entanglecommerce.com
258099,eschatonblog.com
258108,eda.video
258135,easyzic.com
258150,everlydished.cyou
258166,eoswetenschap.eu
258191,e-sonic.com
258205,elimpulso.com
258236,estesrockets.com
258259,eisgkh.ru
258271,el-emirates.com
258291,e-wood.fr
258344,elliottsboots.com
258372,enisa.es
258376,european.realestate
258433,engaldini.com
258443,edmo.eu
258464,evolis.com
258465,exdex.ru
258509,escortsdeseo.com
258510,edmaster.it
258525,esilumenergy.com
258537,eneratl.com
258540,erobodio.ru
258653,eklablog.net
258714,experten-branchenbuch.de
258775,exeter.gov.uk
258956,ewomennetworkfoundation.org
258985,einfomax.net
259011,eurocar.su
259098,emailimagecdnylmo.com
259130,ecometer.org
259134,ekstrabladet-img.com
259175,ecct.or.tz
259195,escortser.com
259228,eujournal.org
259231,ecolabel.net
259249,ekomobile.ru
259264,emailtracker.website
259267,e-opros.ru
259286,elbrusoid.org
259313,easycredit-bbl.de
259383,emerge2.net
259452,exprealty.ca
259466,enchant.com
259484,eatatjacks.com
259486,ethosgroup.com
259531,evertek.net
259544,elgrancapitan.org
259560,evosensors.com
259575,ehne.fr
259586,endesaclientes.com
259594,epharma.com.br
259606,empresskorea.com
259619,extremescatporn.com
259633,endurasport.com
259672,ecofon.lt
259674,embarcados.com.br
259742,evergreenalliance.org
259743,ebby.com
259749,e-business.ne.jp
259767,emmanuel.edu
259816,epsontour.com
259830,easytechgame.com
259841,exedra.wiki
259852,ecosmetics.com
259871,evenweb.com
259873,evry.com
259902,eat-list.fr
259920,eprocure.gov.in
259927,elentra.cloud
259941,ehd.org
259948,eurotherm.com
259967,endlessm.com
259975,efa.gr
259998,explorebranson.com
260031,easyfitness.club
260043,eastlink.com.np
260059,essential-icon-badge.uk
260151,effie.co
260164,econbrowser.com
260165,etaxnbr.gov.bd
260168,esign.com
260188,ethereum-magicians.org
260299,ennamoda.com
260301,emma-toolkit.org
260346,elmark-automation.com
260371,errea.com
260389,epd-film.de
260395,exsfdxtbzj.com
260435,ecapital.com
260442,examscouncil.org.sz
260487,easemoni.com
260503,e-rizon.co.uk
260533,ero-video.mobi
260542,eulerstream.com
260547,ecru-forest.com
260566,extjs.com
260759,euphrosynoscafe.com
260798,esquerda.net
260813,exponat-online.ru
260864,elmer-pro.de
260870,erocum.info
260915,e-tera.com
260967,editus.lu
260972,elasticsearch.com
261155,emotion-ebikes.de
261219,ecdn.dk
261265,elcanaldelfutbol.com
261268,enote.link
261276,exim.pl
261291,easyfamilyrecipes.com
261333,egotastic.com
261358,epluscdn.net
261388,expired.net.pl
261396,evalandgo.com
261428,estotycdn.com
261500,everestthemes.com
261666,elitibi.ru
261692,emp.at
261710,efind.ru
261726,efgi.ru
261734,ecotricity.co.uk
261738,enabotserverintl.com
261764,edwardsfarm.net
261808,ejmnet.com.br
261812,epr-network.com
261848,eleven.observer
261872,exnode.ru
261879,esemtia.com
261902,expertises-territoires.fr
261903,ejmanager.com
261904,empolisservices.com
261919,easyzip.co.kr
261990,e-bikes4you.com
261995,enve.com
262000,etellectdns.co.uk
262025,example.co
262060,euromix.co.il
262064,egecjeecbahedgbcaacg.world
262084,eby.org.uk
262105,elche.es
262140,erre-elle.net
262190,esalon.com
262222,elsport.com
262243,endsreport.com
262296,embedplayer.xyz
262311,en-wp.com
262312,englishbulldognews.com
262328,ecogood.org
262347,ecupirates.com
262396,engagement-global.de
262454,eve-online.com
262502,eticaretkur.com
262506,eservices-greece.net
262551,exiber.com
262618,eccj.or.jp
262703,euclidlibrary.org
262728,esignlive.com
262741,elitetruck.com
262772,eviden.fr
262807,edhardy.eu
262841,everettcc.edu
262851,emestudios.com
262885,espana-existe.es
262914,everyjobforme.com
262916,extrem.jp
262958,ephirus.team
263007,embross-airport-services.com
263035,essex.police.uk
263048,etranstax.co.kr
263063,evanescencestore.com
263103,elo.com
263126,epjob88.com
263132,eveningexpress.co.uk
263137,equestriadaily.com
263141,ebonyboutique.co.nz
263155,ebiblioteca.org
263166,eboedge.cn
263233,electrictobacconist.co.uk
263243,ever-pretty.fr
263245,envoituresimone.com
263247,eduease.com
263264,emedals.com
263287,energierecrute.com
263289,eure.fr
263364,elearning.taipei
263367,euagenda.eu
263451,energypress.gr
263477,evolution-host.com
263486,ectisp.net
263491,eliis.eu
263520,electro.cars
263524,enaea.edu.cn
263581,esrf.eu
263585,expandtelecom.com.br
263588,espacevo.fr
263645,ehostingserver.com
263695,evolutionkr.kr
263705,emskz.com
263719,estima.ru
263721,empire88portal.com
263767,egaingov.com
263774,extraholidays.com
263797,elektrokoeck.com
263849,etorox.com
263855,emenuchoice.com
263898,evobonus.ru
263970,encept.net
263994,edvisors.com
264024,evonet.be
264053,ecomt4.com.br
264054,engati.ai
264146,enviam.de
264163,en-wp.org
264256,esrc.ac.uk
264264,evpost.de
264290,emetriq.com
264291,emsys.com.br
264299,europeanfilmacademy.org
264301,eleonorabonucci.com
264305,erdoll.com
264311,egoi.page
264320,expertitsol.in
264339,educationobserver.com
264510,efcom.de
264540,edreams.com.co
264541,examwitharihant.com
264574,envu.com
264595,eurozpravy.cz
264701,extcam.net
264720,e2-5.dev
264739,es-africa.com
264763,ekol.com
264786,econdos.com.br
264793,extbo.com
264807,esigningapp.com
264829,ethanolrfa.org
264854,entertainersworldwide.com
264866,edumoov.com
264887,elite3000.us
264899,eraser.io
264901,einsure.com.au
264902,e-booksdirectory.com
264912,entwicklerautobahn.de
264938,embecosm.com
264943,ecep.edu.co
264944,ename.cn
264946,energymuse.com
264952,ee88fast.com
264954,emeditor.com
264968,europages.it
264989,eenzo.com
265061,excise.go.th
265064,eventworld.co
265068,ecovillage.org
265104,eezgm.com
265109,ehorses.media
265237,ep-cdn.com
265241,enslaved.org
265272,easydevelop.ink
265279,europa-camioes.com
265314,ext.studio
265328,esstu.ru
265348,enagic.com
265420,enzo.com
265489,etecs.ru
265504,envir.ee
265514,ecnet.ec
265535,eplatform.co
265640,easybytes.com
265688,emojitracker.com
265711,electrik.org
265730,electronique-mag.net
265736,emaze.me
265749,eisa.eu
265756,ekis.ru
265818,easytravelhosting.com
265825,e-magin.se
265827,earthworks.org
265852,email-provider.nl
265855,ethnicplus.in
265919,eightvape.com
265921,eximtradedata.com
265949,elcos.ru
266043,efacis.eu
266045,escaperoad.io
266046,exactseek.com
266051,eigeki.com
266058,eduard.com
266101,everywherepaycard.com
266130,electronicbox.net
266142,echo360.org.uk
266176,evilslesh.ru
266192,eskyservices.pl
266195,expressdigest.com
266224,evropaelire.org
266287,eticostat.it
266319,ecocompass.com
266322,everhome.cloud
266349,encoretg.net
266384,ebiz2do.com
266387,er25.ru
266408,engarde-service.com
266410,edhosting.com.au
266426,edigest.hk
266471,examzify.com
266498,erightsoft.com
266539,encryptotel.com
266547,erotiqlinks.com
266548,eas-data.net
266632,exowpn.shop
266731,eleparts.co.kr
266734,elpotosi.net
266739,edelvivesdigitalplus.com
266740,emoor.jp
266782,everybodyedits.com
266804,everout.com
266837,essonneenscene.fr
266856,eightforums.com
266871,epow0.org
266884,eachnow.com
266945,edg.io
266947,edilizianamirial.it
266968,el.ru
266983,easywebshop.tw
266989,ecok.edu
267032,esgdive.com
267063,excellencegrandprix.eu
267067,erolenta.com
267105,ecer.co.in
267203,eventsupply.com
267237,easylogicdns.gr
267260,exitpornmovies.com
267301,elconvo.com
267314,electronic4you.si
267319,emploi.gov.tn
267387,edelweiss-service.ru
267428,evicdn.com
267460,ebmud.com
267492,essgete.com
267521,e-kinox.fr
267580,ezhou.gov.cn
267594,equiloom-pro.com
267644,erasmusplay.com
267709,einhell.com
267753,eagleconverter.com
267754,equiplano.com.br
267760,euroswapper.nl
267811,epb.com
267833,eclipse-rp.net
267855,egocdn.com
267887,eic.or.jp
267931,eagleforum.org
267949,eubidderstats.com
267975,eleuther.ai
268011,egms.de
268012,expreso.com.mx
268050,exclusive.kz
268072,esboal.com
268083,everywhen.co.uk
268093,ekn.us
268100,eshopuganda.com
268110,epainassist.com
268118,ekisanzone.com
268137,elementec.ru
268179,emfa.pt
268205,elternjobs.de
268209,enotecatelaro.it
268222,e-interra.ru
268225,evisa.gov.az
268246,emots.cc
268248,efficient.it
268280,easterneye.biz
268284,eody.gov.gr
268293,enjore.com
268378,emedigital.com
268417,embed-omniapp.co
268421,elecok.com
268431,edgartamarit.com
268526,egafd.com
268543,epsilon.jp
268571,erectacloud.it
268578,examroom.ai
268595,easyupload.io
268617,europelanguagejobs.com
268670,eqipe.ch
268680,eufunds.bg
268703,exforsys.com
268707,earnlab.com
268713,ebbnet.net
268729,espa.gr
268784,energycasino72.com
268840,esmt.berlin
268858,egem-typ.site
268868,esenyurt.bel.tr
268886,echoehr.com
268893,emaily.it
268899,eaccelerator.net
268922,entandallergy.com
268948,elshinta.com
268989,eagleborgmann.com
268997,eatyourselfskinny.com
269004,esimsamsung.com
269053,ecasenka.sk
269054,ecomnavigatort.com
269055,economiafinancas.com
269056,eduboom.ro
269057,enneditore.it
269058,esst.com.br
269168,emirateswoman.com
269188,eregulations.org
269192,emotorpro.com
269207,echopress.com
269257,enterpriseappscloud.com
269297,energo.ru
269359,erikfifixa.ru
269365,essayusserv.com
269413,enstage-sas.com
269419,elexikon.ch
269434,els.ru
269443,egginc.com
269488,ethicaltrade.org
269531,evlka.de
269542,egodrift.com
269560,epp2024.eu
269568,ekool.eu
269583,esetusa.com
269623,enrichcentres.eu
269698,europeanwesternbalkans.com
269710,ekabu.ru
269721,egospodarka.gov.pl
269794,echt.com.au
269796,evrsoft.com
269821,ezgateway.net
269835,estateagenttoday.co.uk
269890,efultimatebreak.com
269917,eurelectric.org
269956,embrace-autism.com
269996,elkem.com
270103,emailcampaigns.net
270140,emmabridgewater.co.uk
270151,etagerca.ru
270153,extramsp.com
270179,egorburkin.net
270271,ega-archive.org
270285,e27.com.ua
270304,etap.com
270315,elasticemail.net
270325,elisa.com
270340,eventsmart.com
270344,eosan.ru
270346,estrack.com
270432,ecmarkets.com
270454,edwardk.info
270458,eternalune.com
270504,excluster.online
270536,emiratesline.com
270544,emumovies.com
270548,epics3.net
270561,eabr.org
270569,enbook.cz
270593,educacionit.com
270624,extpose.com
270667,eclipseinternet.com
270671,entangledweb.net
270691,ethixbase.com
270712,emigr.tv
270727,eatart.dk
270737,e-tsuyama.com
270750,eldis.org
270829,ece.org
270831,endurit.com
270852,enzazaden.com
270858,email-totalwine.com
270889,emmaandlorenzotrattoria.com
270903,euibn8e2.com
270904,evolucional.com.br
270973,eurocom.ru
270981,elliottwave.com
271006,epm.org
271013,evensi.fr
271056,embed-vpoisk.space
271076,esaludate.info
271096,endpolio.org
271163,espol.com.pl
271165,einherzfuerstreuner.de
271238,esicm.org
271260,eriesd.org
271263,european-bioplastics.org
271266,engy.info
271274,easydocs.ru
271282,endsexualexploitation.org
271350,escortdirectory.com
271358,elmundotoday.com
271360,esnet.ed.jp
271406,entrerios.edu.ar
271421,eeveeexpo.com
271464,ethicspress.com
271466,ensad.edu.pe
271471,encyclo.co.uk
271510,emeni.nl
271552,e-ansin.com
271564,europolitan.se
271575,eltech.ru
271593,emiratesholidays.com
271595,eco-smart.com.ua
271602,enterslice.com
271663,eolab.de
271682,everydayfamilycooking.com
271742,e-horyzont.pl
271775,eszoneo.com
271812,ezup.com
271814,esreality.com
271878,elektrobit.com
271917,euromise.com
271925,enthought.com
271968,ekstralys.no
271970,export-cars.eu
272031,ero-cluster.com
272033,easac.eu
272065,ecdp.cloud
272078,ebook-discount-checker.com
272124,eudat.eu
272137,eduxibit.de
272165,encommerce.com
272184,esalogica.com
272188,emailopen.com
272196,execunet.com
272227,euroinnova.edu.es
272250,esa.ch
272278,ellaola.com
272325,enet-tr.com
272331,edintattoo.co.uk
272370,eva.gg
272372,europages.de
272374,entrevue.fr
272422,eversports.com
272430,evoltactive.com
272476,edme.pro
272563,edufex.com
272632,equhost.kz
272666,e-tender.ua
272681,examly.io
272727,edenentradas.ar
272729,ergobag.com
272732,ewtn.app
272739,easter-eggs.com
272753,eatwithclarity.com
272755,esiea.fr
272784,eldiario.net
272800,euro-space.net
272856,elreferente.es
272909,englandsnorth.com
272920,espressoparts.com
272922,eejournal.com
272923,europe-today.ru
272945,edengay.net
272959,et-interac-ca-telus-refund-ca72g72h.xyz
272979,edigitalnepal.com
273022,eurofarma.com.br
273094,eneldistribuicaosp.com.br
273144,epaimages.com
273158,elite.ooo
273201,equineexchangestore.com
273210,expireddomains.co.nz
273251,edbookfest.co.uk
273350,e-wie-einfach.de
273377,entertainmentwise.com
273413,enchart.one
273487,edaegypt.gov.eg
273497,experticity.com
273543,ezlinks.com
273588,elceo.com
273634,eporner.name
273692,eaglesoa.com
273698,eclats-antivols.fr
273735,exercisebikesonline.uk
273791,eberry.cz
273823,eventbrite.fi
273841,elasticsuite.io
273880,edelamarre.com
273905,education-portal.com
273942,elan42.com
273967,expediataap.mx
273982,eclypsium.com
273984,egged.co.il
274000,elcronistadiario.com
274044,e-works.net.cn
274053,eastcontent.top
274075,eshoprent.com
274174,engine64.de
274211,e-c-m.ru
274213,ecommcheckout.com
274243,ellenshop.com
274256,eldoradofurniture.com
274283,eastdevon.gov.uk
274335,epac.to
274367,eventbrite.ch
274390,etedge-insights.com
274394,ecos.am
274432,erotikurunler.com
274508,electowiki.org
274548,enflix.net
274562,elecond.ru
274619,equalfact.com
274632,electropeak.com
274665,enzoic.com
274682,ejoyspace.com
274697,ehpa.org
274711,ezcardinfo.com
274721,erkiss.link
274745,essayhelpset.com
274771,electrical-contractor.net
274775,entrust.com.tw
274828,eurohosting.it
274936,etudier.com
274969,eagri.cz
274987,ebookers.fr
274989,entre.net.br
274997,enkaysolutions.net
275037,efsta.net
275059,efitness.com.pl
275157,ellwoodcityledger.com
275169,enet.gr
275179,evohst.org
275194,educo.co.kr
275204,elron.ee
275271,explee.com
275283,ecnext.com
275301,enterpriseproducts.com
275314,englandgolf.org
275333,electro-mpo.ru
275343,emarkmonitor.com
275363,eucerin.com.mx
275380,expert.services
275393,elweb.info
275398,easyling.com
275501,enovis.com
275515,edge-realtygroup.com
275529,extrailauto.com
275583,eaglesmail.net
275598,ebericht.nl
275649,emitra.net
275678,easychild.de
275719,ecrsoft.com
275750,extradigital.eu
275760,e0f.cx
275810,eduxibit.com
275811,esoftplanner.com
275817,emarketeer.com
275819,eujobss.com
275836,eye-est.com
275859,ehandel.se
275864,essayservok.com
275893,ersei.net
275916,esil.edu.kz
275925,engie.it
275936,econostrum.info
275938,edu2026.cn
275945,e-himart.co.kr
276008,ewise7.com
276043,elbaue-werkstaetten.de
276056,emerald.cruises
276059,expressvpn.net
276062,etq-amsterdam.com
276070,entertainment-focus.com
276125,ed-vision.net
276134,equitybank.com
276155,engunceldenemeciniz.vip
276156,europeanwatch.com
276225,ecommercebonsai.com
276247,elvees.com
276294,epj.org
276308,exodermin.net
276336,educacao.pr.gov.br
276364,electrotransport.ru
276382,enlacejudio.com
276424,ebuy7.com
276447,europeandns.net
276458,everettwa.gov
276558,elipili.net
276585,eg-online.ru
276600,ef.com.cn
276603,ehalal.io
276644,ebiografia.com
276652,epiphonetalk.com
276667,exkinoray.fun
276694,edcus.com
276765,eyeson.com
276775,expli.top
276843,exclusive.co.uk
276902,ethereum.foundation
276935,elinvoimakeskus.fi
276965,enough-full.com
276971,enternet.hu
276993,emailsignatures.com
277004,escallo.com.br
277031,esc20.net
277044,empirevolvocarssmithtown.com
277046,emsj.ca
277055,environmentalgraffiti.com
277099,envyworld.gg
277119,ex-rate.com
277166,entryway.world
277168,elmotahedaclean.com
277203,eriomem.net
277213,ep.nl
277257,eroad.com
277288,entiebank.com.tw
277302,eroom24.com
277349,ereregd.shop
277354,eurocamp.de
277389,expertcen.ru
277391,e-cegjegyzek.hu
277398,emtel.com
277400,eizvestia.com
277415,earticleslife.info
277417,eon.hu
277419,eroticmetart.com
277496,estccdn.com
277543,eteccinformatica.com.br
277588,elks1676.com
277589,expo70-park.jp
277615,e-stock.ru
277683,elementaree.ru
277685,esupport.net.au
277709,elc.co.uk
277718,e6r4r1.com
277719,easy-watts.com
277727,enoughproject.org
277752,ecodms.de
277772,experts123.com
277806,evaluate.com
277813,egreef.kr
277814,eviden.net
277893,entrance-exam.net
277895,escortguide.co.uk
278013,evangelion.co.jp
278018,easybell.com
278083,enifon.ru
278102,europosters.no
278114,edgeone.ai
278127,evike-europe.com
278152,elephantnaturepark.org
278166,esprit.com
278181,encycolorpedia.ph
278213,eee999.bet
278214,eluck.club
278233,earningswhispers.com
278253,edugroup.at
278256,essayzuzi.com
278381,eslic.es
278404,expedia.no
278435,eraball.com
278476,emailpartners.net
278501,elasticcloud.wtf
278574,espectador.com
278580,elbrusproxy.ru
278651,eeva.fi
278680,etra.fi
278695,env.cz
278714,epayment.center
278774,engageredns.com
278781,elnoviar.com
278789,ejproject.com
278883,eakids.com
278892,ebi.gov.eg
278907,elpasoinc.com
278937,emg.edu.vn
278938,estrella777.com
278961,erdera.org
278979,edwardmermelstein.com
279023,ebookers.de
279040,euroffice.co.uk
279064,eduregion.ru
279077,espanafascinante.com
279087,easycosy.be
279091,eauc.org.uk
279110,elitesportsny.com
279184,expertisefrance.fr
279189,evannex.com
279197,emhd.eu
279249,eskhata.com
279252,estrellamountain.edu
279346,ev2.hu
279355,eeagd.edu.cn
279358,easicolor.com
279440,extcam.io
279461,esko.cloud
279469,e-print.my
279474,eewosecure.com
279497,explosionporn.com
279501,egevizyon.net
279539,europeanclimate.org
279548,ejbilwbd.com
279563,exorank.com
279604,experthost.es
279659,evolutiontlm.co.uk
279668,erben.de
279705,everon.io
279796,estelacantabra.com
279826,eosweb.de
279946,effinity.fr
279963,evidentlyai.com
280007,emoforum.de
280015,enlightenedequipment.com
280091,edraft.com
280099,e87.com
280157,ebillity.com
280179,eichholtz.com
280269,exodus-strength.com
280279,ecilbmh.com
280304,epestcontrol.com
280306,edb.eu
280309,exotichuntstours.com
280327,energie-und-management.de
280338,emailnator.com
280344,exnet.com
280361,exmo.me
280363,eberlestock.com
280383,eva.ro
280450,eastlothiancourier.com
280460,ecarpetgallery.com
280471,eurocar.it
280498,elzab.pl
280515,eurosel.az
280528,efqm.org
280560,excelerondesigns.com
280574,elgin.com.br
280587,edemist.com
280646,emka.si
280752,eu-supply.com
280764,esty.com
280773,emedia.es
280780,eastclevelandpubliclibrary.org
280792,embassyofisrael.co.uk
280888,ebrary.net
280894,edu2live.com
280930,esxzorzmj.com
280947,epcsdrfirst.com
281061,ersaelectronics.jp
281067,edfilmfest.org
281081,evolveum.com
281104,episerver.com
281113,epb.gov.bd
281160,entr2marches.com
281174,epikur.de
281188,enhanced.com
281213,edx-cdn.org
281216,excursionmania.com
281257,earnreels.com
281268,evanta.co.nz
281287,ehiweb.eu
281338,energypowerworld.co.uk
281369,ecasd.us
281375,eicom.ru
281448,exospecial.com
281460,edna.de
281469,employers.com
281484,espaskincare.com
281497,eco-matras.com
281537,expedition-imports.com
281544,ebin.club
281585,euro-sd.com
281595,enci.it
281612,etail.au
281631,esf.edu.hk
281658,elpages.es
281703,ebrains.eu
281722,esslinger-zeitung.de
281723,escaramuza.com.uy
281776,eat-this.org
281814,eamesoffice.com
281839,evhost.ru
281841,espace-aubade.fr
281848,edhplay.com
281850,extensia.be
281977,ed.link
282004,exhibit-design-search.com
282051,ezrankings.com
282054,eurobike.com
282089,epartment.nl
282106,esco.ua
282113,estoesatleti.es
282183,escortsbuenosaires.com
282207,eriks.be
282238,elitbet-casino.co.uk
282250,embroideres.com
282266,ectbk.com
282274,ecoursta.com
282295,emk-schweiz.ch
282320,emilfrey.de
282379,esquirehk.com
282400,everhelper.pro
282468,emgality-patient.jp
282471,eaglequest.com
282506,ejog.org
282559,eglobal.com.mx
282561,emrsn.org
282586,edc.com
282618,empire.ca
282635,existentialcomics.com
282645,excessclaim.com
282699,ev.energy
282740,epwk.com
282782,exchangenext.net
282784,evensi.com
282800,effairs.at
282825,euruni.edu
282840,ezln.org.mx
282929,euautorecambios.es
282989,estarr.com
283003,enoteca.co.jp
283004,everonsolutions.com
283026,eibmarkt.com
283064,enbook.pl
283076,endlessleveling.net
283102,eftarkov.com
283103,edersee.com
283162,exist.ae
283186,entheosweb.com
283220,eye-mail.net
283247,ebuyso.cn
283254,essenmitfreude.de
283285,e0734.com
283323,expowest.com
283328,ebooktechnologies.com
283417,environmentaldefence.ca
283425,esportsobserver.com
283465,ebay.cn
283532,evotmlkilk.com
283577,electricoz.life
283592,esu.eu
283602,emagia.com
283672,evoguard.com
283680,euroimportmoto.com
283709,eetop.cn
283710,elecsnet.ru
283739,elmogote.com
283792,eye-able-cdn.com
283841,elmanana.com
283870,etemaaddaily.com
283902,eecaac2018.org
283933,edwardsmazda.ca
283957,essexapartmenthomes.com
283969,eukhost.com
284022,emf.camp
284035,eye.security
284202,ecva.net
284216,erstebank.rs
284224,elaborders.com
284241,ease.io
284257,earthsight.org.uk
284260,e-conomic.dk
284318,electroflot.ru
284331,enoden.co.jp
284335,eltorotv.com
284340,elf-decor.com
284351,efmfeedback.com
284357,easyseler.com
284358,edubook-learning.com
284359,eye-manga.net
284385,exkavator.ru
284421,equal-love.jp
284434,empowerly.com
284439,enable.com
284445,eigpropertyauctions.co.uk
284477,ebantuan.my
284493,eczema.org
284494,ecommercemag.fr
284496,elmundofinanciero.com
284592,entrapolis.com
284734,eatstreet.com
284774,educatio.hu
284831,ebook-123.com
284833,eurons.eu
284836,evac.sh
284872,eurnic.net
284929,eeoop.com
284937,epicerie-pro.com
284942,edc.sale
285012,ecsd.net
285083,eisenhowerhealth.org
285101,edsiohio.com
285145,edowning.net
285196,ent-nts.ca
285292,ezgrid.guru
285320,epsl1.com
285352,eliskavaea.cz
285359,evepla.com
285390,editorarealize.com.br
285413,eehub4sme.eu
285426,endangeredlanguages.com
285431,ernaehrungs-umschau.de
285513,eticomm.net
285567,examw.com
285590,editions-orphie.com
285603,esportsdesk.com
285646,epsom-ewell.gov.uk
285656,editorialexpress.com
285671,eknews.net
285680,etinv.com
285694,e8markets.com
285706,economicsdiscussion.net
285711,ebz-group.com
285758,euhost.nl
285798,eskillsforjobs.it
285840,eventgroove.com
285867,e3t.cc
285908,enovation.ie
285911,e-nomothesia.gr
285930,emdad.ir
285931,eberhardt-travel.de
285945,euplf.eu
285958,ewooow.com
285976,eploy.net
286018,eerhjzkpgv.com
286019,enteryuk.com
286075,etka.com
286076,emijay.com
286115,emag.com
286131,e-kaijou.space
286208,ecomailapp.cz
286382,e-ix.com
286383,easydcim.com
286384,easykol.com
286385,echobeamradio.com
286386,edatone.com
286387,edgenextintl.com
286388,edgequery.cc
286389,edlmanager.com
286390,eemmhh02.com
286391,egt-bg.com
286392,elhsgd35.xyz
286393,emetrotel.net
286394,emfeng.com
286395,epc-reads.com
286396,eqinoxe.com
286397,erbdail26m.com
286398,eswui.com
286399,etccooperative.org
286400,eunyvzomx.com
286401,evolucare.com
286402,ewzd.xyz
286403,eyecast.com
286404,ezsoftware.net
286921,eslfaceitgroup.com
286949,eliteshost.com
286956,eonvpn.com
286960,ehostpk.com
287009,eric1819.com
287016,energetix.tv
287019,espnbet.com
287021,econnect.tv
287027,ethertech.com.au
287029,evellet.com
287062,eettaiwan.com
287071,engineeringimpact.co.uk
287106,eviltoast.org
287128,enosui.com
287135,eftps.com
287162,esi-vpn.ru
287165,entypo.com
287183,emagine.org
287193,exan.tech
287214,emprgroup.com.au
287239,ecodebate.com.br
287244,emeil.eu
287256,edupk.cn
287313,ergo-reiseversicherung.de
287335,europadns.com
287377,enerjisa.com.tr
287395,episoden.com
287409,elmercurio.com.ec
287417,ellentv.com
287589,ecohealthalliance.org
287651,eland.net
287662,easyname.at
287668,edubreak.de
287673,elaschulte.de
287690,earthscope.org
287796,ecrobot.com
287799,etutorium.com
287827,enduro-store.de
287855,ehive.com
287860,edglossary.org
287872,eliteextra.com
287891,ebarza.com
287906,euroweb.hu
287930,eunapolis.net.br
287938,epicdeals.co.za
287973,energyx.com
287985,engec.ru
287996,ejust.edu.eg
288008,edgardcooper.com
288047,euromaster.de
288096,ementalhealth.ca
288110,earn4win.net
288219,einsdns.net
288250,esimg.jp
288253,examquestions.ng
288290,e-pao.net
288307,encyklopediateatru.pl
288315,ecogeotica.com
288349,ejabberd.im
288475,espressoenglish.net
288498,etransmail.com
288528,elevahost.com.br
288564,eboseks.click
288567,evisacam.cm
288577,egbreeze.com
288611,edgetier.com
288614,eurovision.ua
288663,eyrie.org
288689,experthosts.co.uk
288755,expandi.io
288758,evercasino.net
288819,edenred.de
288828,elm-chan.org
288862,ethglobal.com
288868,europeart.es
288885,exosp.com
288914,eclectic-garage.com
288936,ephemeix.top
288977,emis.edu.eg
288987,edugorilla.com
289029,ellsworth.com
289055,excitationcloud.com
289078,entertainmentdaily.co.uk
289112,easyladys.com
289130,eurotruck-perm.ru
289132,envasion.net
289175,eaglewebservices.com
289212,eatonsecureconnect.com
289221,ebgames.com
289233,elle.bg
289259,eicma.cu
289312,esra.ir
289316,epd.de
289325,ebbets.com
289329,expertinsights.com
289450,emojicheap.com
289462,engageli.com
289564,elektrapp.com.mx
289602,estvideo.net
289636,enjoysurvey.com
289642,escala.net.mx
289662,editions-dilecta.com
289669,eunet.cz
289674,eva-cosmetics.com
289676,enterpriseevents.com
289699,epornotubes.com
289707,etnetchina.cn
289708,evlen.az
289739,ecdgermany.de
289746,envoyglobal.com
289765,european-patent-office.org
289775,easyavvisi.it
289791,evergreenhealth.com
289813,elk-studios.com
289828,eroplaytube.com
289833,elitigation.sg
289854,elong.cn
289982,egricayir.com
289983,enepi.jp
290074,ecmag.com
290083,encycolorpedia.jp
290127,eu-cloud-xip.com
290213,epravo.cz
290219,ev-mallorca.com
290273,ellsworthamerican.com
290330,explorers.org
290390,efingo.bank
290441,elighthost.com
290464,electricandmachine.com
290471,earlyamerica.com
290510,expressafrica.net
290523,easyaccessmaterials.com
290556,encoreglobal.com
290618,eelserver.com
290649,elyxr.com
290662,energiedirect.nl
290667,edhacare.com
290674,ellievailjewelry.com
290724,ekkofilm.dk
290815,expressconsent.com
290829,esto.network
290834,edma.pt
290863,elyts.ru
290873,expressio.fr
290926,eerfumerel.com
290940,ehi-siegel.de
290956,eatbook.sg
290962,edmondsbookshop.com
290976,ecarenext.com
290983,exploreedmonton.com
291036,elaapi.com
291130,ecdpm.org
291140,ecomt5.com.br
291146,e-capcom.com
291169,enoc.com
291192,elektroda.com
291214,evnts.in
291231,e-ieppro9.com
291245,endevoronline.com
291255,equipementpro.fr
291313,evisitor.hr
291338,e-wigo.co
291339,empire.edu.vn
291340,eways.co
291441,eyeporno.com
291469,edu365.cat
291495,essentialsoundproductions.com
291505,eestatic.com
291514,ergen9.cc
291548,eloutput.com
291561,ecoporno.cc
291591,eworldship.com
291628,eachnet.com
291649,everyoneweb.com
291688,ekapusta.com
291704,elections.in
291718,epsilog.com
291735,epdlp.com
291769,eintracht.com
291798,el-torrero.de
291808,energynow.com
291832,expressunlocks.com
291931,evehost.co.kr
291971,element.lv
292009,emetop.com
292024,ehostingpoint.com
292070,ex0x40vmi8qyccxq.net
292118,eldiariodecoahuila.com.mx
292139,exoclocks.com
292147,edudemic.com
292176,explorefreeresults.com
292180,evangel.edu
292191,eurocircuits.com
292207,eresmas.com
292214,eitrawmaterials.eu
292219,email4customers.com
292276,euroh.ru
292321,epenergy.com
292340,europosters.fr
292416,e-xelixis.net
292423,everything-everywhere.com
292451,estart.jp
292465,ervers.com
292469,espen.org
292494,eslgamesplus.com
292533,emailimagecdnlut9.com
293372,e-arsakeio.gr
293373,e-chima.com
293374,e-cnhsp.sp.gov.br
293375,e-ieppro10.com
293376,e-ieppro2.com
293377,e-ieppro6.com
293378,e-kwiaty.pl
293379,e-notitia.fr
293380,e-vocacion.es
293381,e-voucher.jp
293382,e0b90pil.com
293383,e1j6o0x.com
293384,earncryptowrs.in
293385,earnheap.com
293386,easy-survey.eu
293387,easycollege.in
293388,easyfashion.com.bd
293389,easyorder.asia
293390,easyshop.co.kr
293391,ebuzzpro.com.co
293392,ecasier-judiciaire.gov.bf
293393,ecodins.com
293394,econtent.edu.mn
293395,ed-it.in
293396,edenemu.com
293397,edost.app
293398,edu.dj
293399,education.gouv.sn
293400,education.sa.gov.au
293401,educativo.co
293402,educmaster.bj
293403,edurelation.com
293404,edutel.ac.za
293405,edutest.kr
293406,eduversity.sd
293407,eec.edu.za
293408,eelu.edu.eg
293409,egba.ba.gov.br
293410,egycg3m5.com
293411,egytopup.com
293412,ehimbhoomi.nic.in
293413,ehrmsportal.com
293414,ekbet19.com
293415,eldoradobetz247.com
293416,elearningquran.com
293417,elearningunodc.org
293418,elguacharitomillonario.com
293419,elitetogelgacor.net
293420,emergings.net
293421,emotetopup.com
293422,emperor33quen.quest
293423,empire-streamings.live
293424,en-mu-su-bi.com
293425,encuentrosmilf.com
293426,encurtarapido.com
293427,enggtree.com
293428,englishrevealed.co.uk
293429,ep88bet.io
293430,epes.org
293431,eppl.co.in
293432,erdshop.com
293433,erj364.com
293434,erpcrmstack.com
293435,ersagglobal.com.ua
293436,escampa.mx
293437,eschool.dn.ua
293438,eservicesmanipur.gov.in
293439,espanaenarabe.com
293440,esrp.net
293441,estadodelmar.com.ar
293442,eu3328.com
293443,eventingscores.co.uk
293444,evobike.com.mx
293445,exaping.ir
293446,exch999.vip
293447,exkvc15q.com
293448,exoticzambia.com
293449,expidetufactura.com.mx
293450,exposuregoodwill.com
293451,expovtew.com
293452,expresscheckouts.com
293453,ez777c.com
293454,ezvipfb5.com
295679,easy-feedback.com
295683,extraweb.az
295740,erstream.com
295748,edkshop.com
295761,esportsnationscup.com
295772,ebay.to
295800,economads.com
295814,evergreen-line.com
295831,eclub.com.ua
295863,enegan.it
295875,eloshowdown.com
295898,excellentpick.co.uk
295956,expertjobmatch.com
295959,ekodar.ru
295961,ecommerceceo.com
295964,equipt.com
295976,easp.es
295978,ermeshotels.com
296013,esriuk.com
296018,expedia.ch
296025,eppingforestdc.gov.uk
296052,ecospaints.net
296079,expired-ns.com
296121,ekatalog.cz
296127,epiq11.com
296131,episodic.com
296139,essaywritingservicecvs.com
296146,ectaco.com
296157,eximbankindia.in
296164,eyfs.info
296165,elephant-blue.org
296181,eeuuee.com
296339,e-outdoor.co.uk
296360,edtime.de
296370,endometriosis-uk.org
296395,educo.org
296425,epconline.net
296484,easygoconnecta.com
296496,evite.me
296501,endswasteandbioenergy.com
296508,emploipublic.fr
296623,easyhost.pk
296628,ekonom.cz
296654,energieschweiz.ch
296668,enni.com.au
296677,epson.com.jm
296697,e-zoo.ua
296713,ecol.net
296749,exmo.club
296773,e-domizil.de
296842,expert-kits.ru
296854,euras.com
296886,euroclinix.net
296900,efabryka.net
296909,echonyc.com
296917,employmentabroad.com
296924,expcinema.org
296968,entwicklungsstadt.de
296990,easybroadcast.io
297116,easy-ads.com
297150,emsl.com
297161,eventim.ro
297199,electroworld.nl
297242,equiposcotopaxi.com
297284,endchan.net
297310,ergosites.com
297344,emtana.com
297357,extramercado.com.br
297358,entim.pl
297385,equalitytrust.org.uk
297451,elektroland24.de
297480,epicpornvideos.com
297527,eagames.com
297540,experiencealula.com
297583,ergonomicdesigns.co.uk
297585,eero.online
297608,email.com.cn
297626,enn.net.br
297669,easychickenrecipes.com
297691,easerver.net
297695,emome.net
297706,enderix.ru
297726,everythingcrossstitch.com
297737,extasywebcam.com
297779,emailhsn.com
297799,eggcave.com
297800,e8.co
297809,ej.uz
297832,eblue.com
297848,expo-guide.com
297858,emartserver.com
297862,erovi.jp
297893,ezfct.com
297915,evessalon.in
297916,elizabethgilbert.com
297947,ebag.bg
298009,englishguidex.com
298030,eotechinc.com
298036,edwardjones.ca
298077,epnetwork.cc
298113,escortsromania.net
298121,etiquetaunica.com.br
298122,enel.pl
298124,engineersgarage.com
298125,ejz.de
298127,elektronauts.com
298205,everydaycash.com
298232,esimo.io
298241,ebmad.org.tr
298249,esunsec.com.tw
298257,efun.com
298267,eightafiya.one
298308,e-kc.ru
298344,easyappointments.org
298354,esteelauder.co.uk
298358,ecnmag.com
298413,eva-vault.com
298420,extrade.global
298550,energiesparhaus.at
298581,easyvoyage.com
298588,elparking.com
298615,ecole-chien-chat.com
298618,ersatzteilblitz.de
298644,exeltools.com
298656,e-g-x-8.com
298729,ehr-prod-cch.com
298751,eoltas.lt
298763,edulinkone.com
298850,ecc.co.jp
298858,ealarmstarter.ch
298863,extrasolidweb.top
298905,eventconnect.io
298907,eichlers.com
298912,edial.pl
298930,excelmale.com
298954,evangelicalfocus.com
298955,enechange.jp
298964,emergeits.com.au
299027,edina.ac.uk
299035,elisabettafranchi.com
299093,e-utp.net
299146,e-tennis.com
299178,empireoptics.com
299192,ejan.co
299199,enhancedimageviewer.com
299216,egpu.io
299238,elnusa.co.id
299283,etenders.gov.za
299297,euspert.com
299323,eventup.com
299346,enjoymobiserver.com
299357,effy.fr
299437,em8.casino
299439,evelta.com
299448,eiotclub.com
299483,elsikora-image-router.com
299502,eurofrance.es
299533,eromeporn.com
299552,elpatagonico.com
299573,etalonline.by
299627,ehowcdn.com
299630,ecover.com
299642,entex.ch
299765,ethereal.trade
299788,everyhome.com
299846,exchangetuts.com
299867,equilter.com
299898,express-hosting.co.uk
299903,expressosaomiguel.com.br
300025,eclipso.de
300048,elpozo.com
300074,eipedge.com
300080,esabora.solutions
300116,e-ballooncastle.com.tw
300156,escpeurope.eu
300212,electrical2go.co.uk
300219,evirtualservices.co
300297,edupool.de
300363,egganddarthome.com
300366,evergreen.ca
300371,ewon.biz
300379,eventim.si
300412,eqlearning.org
300419,esapa.edu.ar
300445,extra-tipp-am-sonntag.de
300461,elizabethton.com
300512,exploreourpubliclands.org
300534,energyland.info
300549,enfohost.fi
300569,energycdn.com
300589,extrapackofpeanuts.com
300599,elektricheskie-rulonnye-shtory99.ru
300658,epta.chat
300690,ecnp.eu
300701,eliteenergyconsulting.com
300705,eztv.yt
300711,effex.ru
300720,ecenterdirect.com
300748,exadel.com
300867,ekelunds.com
300911,eventstadium.fr
300959,epokaere.com
300965,elektroteni.ru
300989,emlakkobi.com
300995,escortsaovivo.com
301026,endado.com
301027,evakuators.kz
301079,elitewatersports.com
301086,e3.software
301100,edge-apps.net
301104,ednews.net
301144,email-checker.net
301155,enterpriseam.com
301160,everythinggp.com
301231,expressoil.com
301248,esselink.nu
301288,eldoblaje.com
301292,euregionsweek2020-video.eu
301329,equestriancollections.com
301341,eeeam.com
301352,ecc.edu
301364,edatahome.com
301405,evercore.com
301429,editions-larousse.fr
301467,ellipal.com
301479,easyaspdns.com
301494,evcforum.net
301512,ewakitta.com
301575,esoft.com
301600,eaaci.org
301773,esxema.ru
301809,elvie.com
301821,econometricsociety.org
301825,evsis.com.ar
301875,eroai.me
302029,eua.be
302032,eztaxreturn.com
302057,eurosportplayer.com
302078,encost.com
302079,elizabethriemer.com
302099,e-magnetica.pl
302113,eggflow.com
302129,eyeforfilm.co.uk
302139,eurobabeindex.com
302143,ewe-netz.de
302144,eyebeam.org
302145,empower-xl.com
302227,estatesale.com
302310,evolutiongaming.com
302321,explora.com
302326,essopenarchive.org
302361,equiti.com
302382,ertebatgostar.com
302389,eriks.co.uk
302434,eshuizong.com
302471,elitefourum.com
302506,equans.com
302574,euphoria-mall.com
302586,esri.ie
302609,esports.ru
302613,edgbaston.com
302614,ethio-academy.com
302689,ezorg.nl
302738,easyapotheken.de
302761,epever.com
302792,evzuttya.com.ua
302796,esellerpro.com
302846,ecourt.com
302860,eduru.ru
302894,evisit.com
302921,esta.us
302937,e-cigserbia.com
302998,eztv.tf
303028,elboomeran.com
303030,epclink.com
303081,equn.com
303110,e-coop.it
303148,envycrm.com
303164,elite624.guru
303168,everyday-reading.com
303177,etteremwebshop.hu
303187,eomail5.com
303277,eurekaergonomic.com
303281,evently.pl
303282,explodely.com
303348,evvy.com
303367,eukhost.net
303391,e01.io
303393,engageya.com
303411,elsupermarkets.com
303459,entalpi.net
303486,eivr.net
303541,escapeyourstereotypes.eu
303546,euromoneysecure.com
303563,energypoverty.ca
303565,ekwateur.fr
303573,erikachat.ru
303600,eurodir.ru
303603,echigo-tsumari.jp
303616,ebiohippo.com
303647,essentialpim.com
303671,everytable.com
303673,emweb.be
303716,ecoinvent.org
303750,escrs.org
303772,eschaden.shop
303793,ec-current.com
303809,easytithe.com
303853,experianidworks.com
303866,electricalcounter.co.uk
303894,examiner-enterprise.com
303902,enduro.team
303919,endpot.com
303936,eimakatalogoa.eus
303986,eskilstuna.se
304029,edealinfo.com
304055,epoksizeminkaplamaci.com
304065,einstein.com
304098,ellismedicine.org
304104,edubrain.ai
304106,eddereklam.com
304214,emdigital.ru
304224,encircleapp.com
304242,exploreandgomexico.com
304268,extroverted-roll.com
304329,einfacheauto.de
304364,ejinme.com
304418,e-bp.eu
304427,evitra.lt
304461,essentialrootsmedia.com
304502,episodehive.com
304517,efollett.com
304561,extra-network.ru
304566,emergenzacultura.org
304573,ekonomickydenik.cz
304617,earnd.com
304646,evlifeservices.com
304665,eparklabs.com
304713,eliteny.com
304715,englishforums.com
304720,eoli.info
304769,eastlothian.gov.uk
304776,educantabria.es
304777,europe-solidaire.org
304876,elasticad.net
304908,e-liquid-recipes.com
304909,effect.kiev.ua
304919,exasol.com
304942,eragroup.com
304967,ed-space.net
304972,exfont.com
305126,ekeystone.com
305129,embi-media.com
305132,erwin-store.com
305142,erenet.net
305153,empreender.app
305171,earth2.io
305188,elegantresorts.co.uk
305224,enface.ai
305228,emoneyhosting.com
305259,elo.fi
305327,elektronikpraxis.de
305365,earnix.com
305462,emojione.com
305495,elvicities4.us
305534,eliv-dns.kr
305551,erdinger.de
305554,elsvents.es
305650,einmalige-erlebnisse.de
305696,einthusan.io
305709,epod.com
305726,e-architect.co.uk
305745,educont.ru
305799,everyspec.com
305805,economist.kg
305809,esctoday.com
305873,echopath.io
305888,ellemental.de
305910,explorescientific.com
306097,ex-load.com
306134,elsevier.in
306174,emob.nl
306188,ecopayz.com
306215,ecigssa.co.za
306216,e2b.app
306224,educationforindia.com
306234,eatoye.com
306251,e0f.services
306287,ecampaignstats.com
306404,epailive.com
306432,eltex.net
306486,ecomt1.com.br
306561,evdgame.com
306565,edenordigital.com
306651,engie.nl
306653,eyes.co.kr
306662,ecrs.com
306700,englishriviera.co.uk
306794,empauta.com
306819,esis.dk
306875,extravpn.net
306957,e-codices.ch
306959,ewqg.com
307020,entrees.es
307049,educanet2.ch
307060,ed-sys.net
307069,edenfoods.com
307130,esfahanhost.com
307149,epimore.com
307217,elatomo.com
307240,economyup.it
307257,egor-dev.ru
307273,ez01.cn
307290,espracom.nl
307413,exo.quebec
307456,elitbet-casino.com
307506,euroclearonline.com
307518,eurogarages.com
307570,ettus.com
307588,eciglogistica.com
307641,escortdomain.net
307670,educa.ch
307718,eastafricantube.com
307730,executivecentre.com
307742,embassy.dev
307787,epworth.org.au
307804,eetaa.gr
307812,expertsouth.ru
307836,edookit.net
307843,earlybirdbooks.com
307844,eria.org
307884,elevenforest.com
307916,epgn.com
307929,eventials.com
308018,esimservices.com
308045,europersonal.com
308047,einkaufen-in-stuttgart.de
308063,ehotelier.com
308083,even3.com
308087,enroladotecidos.com.br
308131,easyroutes.ru
308156,e-safenet.com
308240,esv.info
308299,enjoythemusic.com
308302,espritjeu.com
308398,easyticket.de
308414,etechracing.es
308416,eplay.com
308427,epg.best
308457,ensad.fr
308494,editions-bordas.fr
308511,escortboard.de
308520,ezcall.com
308527,elisalinks.fi
308533,exporeal.net
308540,eve-ru.com
308561,edp.com.pt
308578,erochats.net
308579,examplum.com
308590,equiloompro.com
308592,elrocknomuere.com
308610,engelliler.biz
308623,ebmil.com
308670,elsanow.io
308682,evercloud.dev
308698,euglena.jp
308739,edwardbetts.com
308818,esterdev.com
308826,enlyft.com
308829,elcaminohospital.org
308868,erisk.com
308903,ehostingperu.net
308943,evalar.com
308959,extern.com
308961,element-plus.org
308962,edel-optics.com
308987,emcoplastics.com
309005,esriaustraliaonline.com.au
309034,easy-to-pay.com
309047,envita.com
309066,energytrust.org
309153,effabrush.com
309174,earthlife.net
309176,eldiarioalerta.com
309181,eventos.tokyo
309199,eye-oo.com
309203,etk.club
309208,enewstree.com
309230,e-nenpi.com
309252,etesters.com
309283,elemergente.com
309316,easywebdns.co.za
309328,enpaysdelaloire.com
309354,easycamsex.com
309360,eoriginal.com
309411,eisenhower.me
309456,elhorizonte.mx
309462,edushi.com
309485,europeanleadershipnetwork.org
309495,earnware.com
309565,essentialbathrooms.co.uk
309589,eventcombo.com
309624,eplan.help
309685,emscloudservice.com
309701,elanaspantry.com
309728,evictionlab.org
309768,esignserver3.com
309775,eqyh.com
309791,economis.com.ar
309813,elnabaa.net
309878,easyaccordion.com
309894,elastics.com
309936,enpedia.org
310004,entomologiitaliani.net
310027,ecarx-zeekr-test.com
310036,equinoxmagazine.fr
310062,ekran39.ru
310101,eclecticenergies.com
310105,easily.co.uk
310123,esaote.com
310152,effie.org
310159,eqs-cockpit.com
310171,encastillalamancha.es
310181,elandortal.com
310193,ezrainstitute.com
310209,eco-serv.jp
310212,elgrafico.mx
310231,eletor.com
310249,eaw.cc
310252,e-rocks.com
310264,emuenzen.de
310267,expecn.com
310273,esrt.site
310279,ealarm-safemode.ch
310281,enjoyxxxtube.com
310333,enterprise.com.tr
310343,everquestlegends.com
310379,eversports.at
310419,edu-1c.ru
310425,electronicsbazaar.com
310485,essential-announcement-bar.cc
310494,easygov.swiss
310521,ezcash96.casino
310532,e-ctr.com.ua
310548,emob.be
310554,eversports.cloud
310589,eyouthbusiness.com
310606,eachvideo.com
310613,equipejonathanchoiniere.com
310633,esalihe.top
310640,evianresort.com
310701,epicoranywhere.com
310711,essendant.net
310736,eartharxiv.org
310758,ela.eus
310778,engelmt.de
310818,eskholding.com
310823,ephapay.net
310825,ecornell.com
310830,eusko-ikaskuntza.eus
310865,e-sistemas.net
310898,endiga.ru
310904,ewrc.cz
310917,es.com
310966,eglobaltravelmedia.com.au
310984,enforcementtracker.com
311038,escada.com
311044,eratrends.com
311057,everwallet.net
311078,erzurum.edu.tr
311174,ejuicedirect.com
311185,exportadoresbrasileiros.com.br
311190,engineparts.trade
311196,e-1.ru
311233,erudera.com
311237,expowindow.com
311239,ernis.lv
311261,eure.jp
311308,elaion.ch
311334,expekt.se
311355,euribor.com.es
311378,egencia.de
311391,endpointclinical.com
311481,erc.ua
311533,ezihosting.net
311538,emh.tn
311542,esti.city
311568,ezoshosting.com
311607,emassagechair.com
311620,eurostoc.ro
311650,esparkinfo.com
311668,elender.hu
311686,evotec.com
311700,everis.com
311713,eudl.eu
311717,epr.org.pk
311843,escortfr.net
311874,epaper-publishing-one.de
311876,eurobridge.org
311903,egiz.gv.at
311974,epochtimes.com.tw
311980,epicradiators.co.uk
312019,enap.ca
312021,ehorses.com
312054,eworld.co.in
312104,eike-klima-energie.eu
312107,ecomarket.ru
312126,evgrieve.com
312139,ekorp.com
312143,elculture.gr
312145,elisanet.fi
312147,everlytic.net
312168,entri.app
312198,emnbelgium.be
312204,express-press-release.net
312213,environmentenergyleader.com
312240,erinliveswhole.com
312252,enargus.de
312285,espaceplomberium.com
312314,engbers.com
312322,evisu.com
312326,ecdrsvc.com
312344,eucerin.de
312345,ehawk.com
312476,experteer.de
312495,eulen.com
312516,etsypayments.com
312556,ennova.energy
312607,eugenecascadescoast.org
312637,esiweb.org
312650,ekugellager.de
312720,euc.cz
312774,errenskitchen.com
312789,einslive.de
312859,earmaster.com
312887,epochtimes.com.ua
312965,expertinstitute.com
313055,ews-schoenau.de
313062,edsas.net
313068,elektro4000.de
313187,eroad.co.nz
313205,establishtherun.com
313212,ecosystemmarketplace.com
313267,einfochips.com
313339,evolute.ru
313344,electroprecio.com
313353,emmitsburg.net
313354,euroalarm.cz
313355,euroskateshop.de
313360,enterquality.online
313377,edco.com
313385,eve-kill.com
313409,eurogroupforanimals.org
313412,emberdns.se
313433,essendonfc.com.au
313440,erclassics.com
313457,eb2a.com
313508,ecours.ru
313516,elesa.com
313535,e-brusivo.cz
313554,empr.cloud
313581,ellevuparis.com
313612,empowerpharmacy.com
313614,evanschoen.com
313621,ess-news.com
313662,eskycitydns.com
313695,ejemplo.com
313781,elviscostello.info
313833,egnet.net
313885,ehex.de
313926,elecont.net
313938,ezwow.org
313960,embeddable.com
313986,eyeradio.org
314016,eslcloud.com.br
314020,escription-one.com
314135,ezega.com
314152,emfluence.com
314155,escapio.com
314223,elisa-kits.de
314278,experian.co.za
314306,encryptedconnection.net
314310,eironclad.com
314332,exoticcartrader.com
314357,evidencebasedbirth.com
314359,el-emarat.com
314367,equipfoods.com
314415,envisiongo.com
314587,extravm.com
314588,enjoyz.com
314610,enalyzer.com
314612,e-korepetycje.net
314628,explorehyperion.com
314629,eventbrite.co
314669,ecipe.org
314693,eon-energie.net
314795,enbook.sk
314796,egressforms.com
314846,eskiin.com
314849,ecigmafia.com
314875,esscor.com
314889,ericomcloud.net
314899,evona.cz
314925,euautopieces.fr
314927,eggywall.cc
314936,execafrica.com
314972,ezcash100.casino
314981,ellibero.cl
314982,ecod.pl
315049,emalighting.co.uk
315059,exelatech.com
315066,evbox.com
315108,enjoyaudio.kr
315134,elindependientedegranada.es
315154,evaneos.fr
315187,ekosport.fr
315244,excelityglobal.com
315269,eulerian.com
315275,ecotree.green
315307,eooeies.live
315313,exist.de
315347,ecredit.it
315351,eldiario.com.co
315355,estnn.com
315362,egyludo.com
315370,epcwc.com
315416,era-go.com
315418,empresawww.com
315429,ectunnel.com
315444,extend.com
315494,eicat.ca
315509,ehrenkind.de
315522,eberspaecher.com
315526,eviesiejipirkimai.lt
315532,europacasino.com
315561,exhibitoronline.com
315587,ende.app
315600,enaming.com
315601,excedonet.net
315611,efcgymnoida.com
315639,enzinger.com
315671,explorehealthcareers.org
315705,ez-receipt.com
315707,equalexchange.coop
315825,elasticon.co
315847,eulesstx.gov
315850,ent.ai
315872,easrv.cl
315887,efsanebayrak.com
315902,englishan.com
315903,esc.edu.ar
315945,eta2u.ro
315969,everafterinthewoods.com
315974,erweima.ai
315994,ecologie.gouv.fr
315996,ersatzteil-fee.de
316022,ecwusers.com
316029,ero-torrent.net
316047,errc.org
316059,eroasmr.com
316072,evoleasing.ru
316101,es-img.jp
316107,etpixe.com
316170,esolcourses.com
316213,est.ua
316214,esoterikforum.at
316241,eassist.me
316245,eframe.com
316282,eigenlayer.xyz
316305,elcierredigital.com
316320,etymotic.com
316333,eventim.hr
316355,energymatters.com.au
316356,egt.com
316396,elalmacendeloza.com
316439,esp2p.xyz
316440,et8.org
316441,euronetbike.net
316506,ersogroup.ru
316511,ese.kr
316514,epp.eu
316529,extremebb.net
316561,eaza.net
316562,ecvdo.ru
316596,egerate.biz
316601,esports.observer
316668,europassistance.it
316670,ecoledulouvre.fr
316686,ezinemark.com
316734,edusson.com
316742,ev01.ws
316793,edge-core.com
316854,ethics.org.au
316867,edidomus.it
316884,elms.pl
316933,efisteam.ru
316940,echotik.live
316947,efddgroup.eu
316973,etf2l.org
316981,eastky.net
317028,embryotox.de
317031,emerios.com
317042,eptrail.com
317067,ebn1.cc
317128,evde.ru
317154,equity.org.uk
317179,edituracorint.ro
317188,elmhurstenergy.co.uk
317191,elvista.net
317230,esp-tech.com
317322,eatwild.com
317374,e-uvt.ro
317401,elmorrocotudo.cl
317490,eastmainstream.com
317495,emmanuela.shoes
317497,ecsu.edu
317504,esantementale.ca
317509,echolabs.net
317518,educationworld.in
317526,endava.berlin
317538,everypony.com
317581,efinancialcareers.sg
317582,eth.sucks
317589,easystreet.com
317609,everest.net
317613,escudodigital.com
317617,eit.edu.au
317642,est-tatsujin.jp
317667,editverse.com
317694,elpilon.com.co
317703,eduvpn.nl
317733,efoa.br
317747,ezfly.com
317778,eppetroecuador.ec
317797,ethni-formation.com
317821,ecobuilderz.com
317885,esquiresolutions.com
317969,emedihealth.com
317975,econjournals.com
317994,euronet.biz
318002,espnmediazone.com
318070,elpais.cr
318090,everythingtulalip.com
318119,erfensewi.pw
318122,emrooz.ir
318136,etel.com.bd
318151,enlaceinmobiliario.cl
318191,entetsu.co.jp
318224,efuserassets.com
318242,endeavorco.com
318252,efacil.com.br
318272,extremerate.com
318282,eadministracio.cat
318301,examsoft.io
318305,eurohost.com
318339,ewaypayments.com
318407,exploroz.com
318503,ebillmepco.pk
318504,edpay.by
318505,empire-streamings.xyz
318506,eoydo.com
318507,eventim-inhouse.co.il
318508,examenklacht.nl
318509,expertpro.ci
318751,easywebbhotell.se
318826,eurasia.edu
318849,enmasse2.com
318878,economist.com.na
318896,expressionfiberarts.com
318946,eprintitsaas.com
318962,ez8iw1.com
318994,emanuals.com
319024,eleventa.com
319027,eurolive.co
319035,e-autopay.com
319056,emperorhost.com
319114,evbase.com
319165,ernestech.com
319167,evs6.com
319196,emultisport.pl
319234,exp.com
319271,easyfix.com.ua
319321,edmontonpolice.ca
319345,eupolicy.social
319381,etype.services
319427,easypano.com
319444,eortc.org
319501,enfusionsystems.com
319552,eps-20.com
319555,eklipse.gg
319612,eurasiajapan.com
319622,enzzo.gr
319663,eventioggi.net
319679,edmtrain.com
319725,engati.com
319780,expertinquiry.com
319840,esco-net.com
319878,esky.hu
319925,ecomodder.com
319926,enormail.eu
319957,enterprisebot.co
319969,elcohetealaluna.com
319981,elanrastudios.com
320044,embassy-worldwide.com
320049,epublibre.org
320059,edgeofnorway.com
320068,endel-engie.fr
320113,espanarusa.com
320161,entega.de
320183,experiencegoldcoast.com
320191,electronicpool.de
320212,euhdycylc.cc
320216,elgoldigital.com
320248,equiverse.com
320269,enchantingtravels.com
320322,ebonyfacial.net
320357,everbridge.eu
320366,emc.id
320373,easyayurveda.com
320382,ehi.org
320398,europarc.org
320413,erarta.com
320432,ecplaza.com
320436,eqcm.net
320439,exostechnology.com
320455,eleshop.jp
320464,eisgroup.com
320470,ective.de
320515,exalto-emirates.com
320519,exyuaviation.com
320572,eroplay.ai
320586,eeebooks.net
320602,emmiol.com
320611,eventkey.pt
320636,espresionium.com
320670,e2b.dev
320712,entensity.net
320750,ecrins-parcnational.fr
320771,elektrikervergleich.ch
320789,eurotrucksimulator2.com
320842,equitybulls.com
320872,expoints.nl
320891,electricmojoguitars.com
320895,eventdata.uk
320902,emailbyclick.com
320949,ed-era.com
320974,eherkenning.nl
320975,ecritel.net
320985,elmshoes.com
321012,euroauctionslive.com
321028,ensignfs.com
321032,economicoutlook.net
321037,epayub.com
321127,ehdf.net
321176,energy.gov.ua
321212,endtimeheadlines.org
321221,electricunicycle.org
321264,ehri-project-stage.eu
321265,extraguide.ru
321314,eezap.ru
321316,evc.de
321324,easyapotheke.de
321367,empiredrop.com
321408,energieag.at
321414,enewspf.com
321554,etodoors.com
321581,ebcflex.com
321599,escambiaclerk.com
321651,eclassics.com
321702,edgarsnyder.com
321709,edgegap.net
321771,estacioprd.net
321866,ewbillscloud.com
321900,exabit.hu
321913,emmi-dent.de
321920,ev-chargepoint.com
321926,edion.co.jp
321928,eins.jp
321947,epo.gr
321956,emakina.ch
321974,evarcha.cz
321976,emploi.ma
321979,edb.cz
321987,equivont.com
321995,e-caps.net
322002,enrole.com
322056,etigrup.com
322059,enableright.click
322095,elbuho.pe
322131,easystreetrealty-atlanta.com
322206,evisionthemes.com
322208,easytogrowbulbs.com
322220,eanalyzer.de
322270,ecu.com
322328,europe-echecs.com
322351,e-satisfaction.com
322438,edunexttechnologies.com
322493,elnuevodia.com.co
322507,emberservice.com
322520,eba.com.ua
322556,endapis.com
322621,echoyesterday.com
322631,elandorsol.com
322632,escort-galleries.com
322646,engageli-prod.com
322665,ec.cc
322673,esg-global.com
322762,eumed.ro
322792,eqixouoolk.net
322802,emccglobal.org
322805,elementagames.com
322810,esatal.com
322829,extentions.net
322887,etis.ee
323011,efdom.ru
323037,esso.ca
323080,e-rewards.com
323104,etopfun.com
323121,eetrend.com
323132,eatthegains.com
323164,emiratesvoice.com
323186,eplus.de
323189,epcomhostingservices.com
323209,enforex.com
323236,ewm.com
323313,engineinternet.com
323314,el-plat.ru
323346,entireinfra.com
323359,easy-eshop.com
323364,evertiq.com
323388,eububblejobs.com
323403,edb.co.il
323437,e-z.host
323440,easycomm.ru
323464,ez-webit.com
323476,exisport.hu
323478,ene2ese.com.br
323611,entorno.info
323613,estra.it
323621,epromos.com
323636,enpam.it
323640,ej-technologies.com
323707,electromaker.io
323721,ekovista-hosting.net
323726,englishexperts.com.br
323728,epicchq.com
323795,euronet.info
323843,eduvision.edu.pk
323893,ernaehrungsberatungsvergleich.ch
323910,easycoop.com
323920,east-ayrshire.gov.uk
323928,experte.de
323952,emf-portal.org
323972,elmobot.eu
324002,exoikonomo2025.gov.gr
324039,expekt.com
324050,emiratesnbd.co.uk
324063,egmzffzf.cn
324112,effectiviology.com
324121,editorx.io
324131,eau-thermale-avene.de
324142,eigniyvnb.cc
324147,edeka-sw-gluecksrad.de
324171,eworkorders.com
324227,eurovoice.net
324229,epcrugby.com
324258,emser.com
324266,evolution-x.org
324293,ekaig.com
324311,esajournals.org
324319,essential-japan.com
324348,eliteprime.nl
324371,eastrussia.ru
324374,eurabota.com
324381,energyfoxsolutions.com
324392,estudiopt.pt
324413,erzatz-rutor.ru
324434,einstieg.com
324449,egix.net
324457,easyleadz.com
324506,exmobi.mobi
324531,engage.it
324574,ethanschoonover.com
324601,ecommerce-europe.eu
324620,evoshield-cdn.com
324621,elice.io
324648,e-reading.mobi
324650,earthlinkbusiness.net
324688,embracon.com.br
324697,erlebe.de
324711,en-ligne.me
324729,eqweb.nl
324734,edensgarden.com
324736,edaa.eu
324768,easy-life-report.com
324819,evocalizeops.com
324849,everquest2.com
324855,epson.ca
324970,exo.net.br
324990,evimiz.ai
325001,edmsauce.com
325025,exyi.com
325035,eleven.co.il
325054,ev-image.com
325083,easescreen.com
325085,estrelando.com.br
325102,emlsend.com
325242,eurostarshotels.co.uk
325258,errepar.com
325288,elamed.com
325289,ecocerved.it
325296,euro-liga.de
325302,edukatico.org
325312,eviq.org.au
325331,elementvoip.com
325337,ev.io
325362,e-talenta.eu
325372,emaiq-na8.net
325391,espeakers.com
325415,escortbayanweb.com
325416,esc.ru
325418,elauwit.net
325518,egglandsbest.com
325524,ea3w.com
325536,e-meterai.co.id
325546,elis.ru
325651,enterprisetrucks.com
325660,edenhorticulture.co.uk
325665,esea.net
325706,electroguide.com
325756,evocsports.ch
325778,emtech-academy.com
325782,etesso.com
325784,euroinfo-kehl.com
325917,ebs.dz
325930,edubuntu.org
325959,enjoypayment.com
326033,eiying.com
326038,ezriz.com
326092,ex-astris-scientia.org
326110,eraoflight.com
326123,esmart.ru
326126,erzeszow.pl
326135,efinitytech.com
326156,edu20.org
326168,emailaptitude.com
326177,everfi.net
326245,earlycj5.com
326267,e-d.co.jp
326268,eliteessaywriters.com
326288,endy.com
326297,ecua.net.ec
326339,extendbroadband.com
326354,engaging-data.com
326359,elstile.ru
326380,ecu.de
326383,espimetals.com
326390,ekolestnica.ru
326434,extremnews.com
326459,egogames.com
326473,estheticon.de
326477,explara.com
326482,elancar.cz
326500,exedo.nl
326533,enyaq-forum.de
326579,esi-group.com
326600,elblag.eu
326614,equkuai.com
326671,eggheadforum.com
326692,e-hp.info
326783,easytvet.com
326784,educacioncampeche.gob.mx
326785,electrodepot.es
326786,eligoldgallery.com
326787,epalovo.com
326788,epson.com.pe
326789,eurospin.com
326890,enbdev.com
326896,evervault.app
326917,england365.gr
326943,energex.com.au
326995,ethinkcloud.net
326997,edhrecstaticjson.com
327068,e0f.host
327090,eventcaddy.com
327117,emailpnl.com
327195,elele.com.tr
327240,empirewine.com
327275,epicflightacademy.com
327310,e-majestic.com
327355,ever-eden.com
327364,ewvhhonmy.cc
327397,ei-navi.jp
327415,exolabs.net
327452,easystore.domains
327489,egencia.fr
327496,extranat.fr
327497,energykasynapl.com
327503,expresshealthcare.in
327513,eurocom.bg
327535,experiandirect.com
327547,educationdirectory.net
327570,egygold.club
327574,edrdg.org
327587,essex.edu
327612,enfejkade.com
327665,epic-fight.com
327689,excite.it
327696,e.lilly
327705,effia.com
327717,enercare.ca
327788,ease.org.uk
327790,eau-thermale-avene.fr
327836,ee5gbet.com
327886,extramarks.com
327891,emoi-emoi.com
327919,eoffice24.com
327975,eietoman.com
327986,emergingthreatspro.com
327996,equitable.ca
328038,epicsaholic.com
328046,emiratesnbdresearch.com
328095,esl.org
328098,everflamez.fit
328115,elcultural.com
328128,elwoodclothing.com
328151,erologz.com
328162,e24.ru
328170,energobank.ru
328171,egrnet.com.br
328181,edu.gov.az
328204,europa-nu.nl
328220,esslingen.de
328223,eqcms.com
328257,ewgf.gg
328258,elite-it.com
328269,epicplay.in
328283,elog-ch.com
328299,elara.com
328365,elsmar.com
328408,ens2m.fr
328432,ecadtpldfre.top
328449,ecoenclose.com
328462,editorum.ru
328485,effecti.com.br
328514,enchantedparks.com
328518,encycolorpedia.es
328549,env-health.org
328560,e-housing.jp
328593,esc18.net
328603,eobuv.sk
328647,europart.net
328665,egorvlasov.ru
328676,e-tec.at
328703,etcc.com
328732,ekocontent.pro
328754,eunify.net
328764,equestrian.ru
328798,e-libra.ru
328811,extra.vn
328834,exabeam.cloud
328851,eventbook.ro
328883,education.lu
328916,escooter-treff.de
328954,endocrinology.org
328975,exnessonelink.com
329034,emarsys.us
329110,emailsys2a.net
329131,efixhost.com
329149,e-konomista.pt
329197,explore.co.uk
329215,epl.ca
329246,elnino-production.com
329260,etags.com
329305,ejsino.cn
329312,elmasoyuncu.com
329353,elgodrolotto.com
329374,emeraldika-anapa.ru
329382,efdebqqy.cc
329407,etbilarabi.com
329464,elastic.com
329512,eifl.net
329519,ebecee.com
329525,edummr.ru
329559,excelahealth.org
329585,easyhosting.nl
329594,energynews.pro
329627,ellisonyoung.com
329650,evernest.com
329691,eletronicabr.com
329703,eyesoneyecare.com
329742,enigma-project.ru
329750,easyrpg.org
329804,elbierzodigital.com
329854,eumostwanted.eu
329870,emulatornexus.com
329878,efecty.com.co
329879,esm-saas.com
330009,echoglobal.nl
330029,envolvedental.com
330053,e-ecolog.ru
330112,everway.com
330176,ebsmath.co.kr
330177,etax.ir
330215,eskadauema.com
330241,equansservices.com
330324,evocycles.co.nz
330357,editions-spartacus.fr
330363,egnomi.gr
330391,elchecf.es
330421,econocheck.net
330423,egenslab.com
330470,electronow.es
330499,emosgosmart.net
330507,eleminist.com
330521,elliottbaybook.com
330559,epsteinexposed.com
330590,enguclu.net
330592,eatandys.com
330607,equinux.com
330611,excellentporn.icu
330612,elentrerios.com
330623,eldorado.ua
330634,e-zetta.ru
330699,espressocoffeeshop.com
330701,elguardia.net
330725,egepostasi.com
330729,estos.de
330798,esva.net
330808,echoplace.nl
330836,europornstar.com
330837,everex.es
330839,esosedi.ru
330854,ebara.co.jp
330909,exs5.cc
330923,envirosafetyproducts.com
330956,elfest.mx
330980,ethibox.fr
330994,euromag.ru
331001,eeongous.com
331006,elicit.org
331085,edin.ua
331086,eatingeurope.com
331100,etsyhunt.com
331102,endometriose.app
331150,emacontent.com
331172,econtechnologies.com
331235,emakina.fr
331290,eccalls.mobi
331319,electrocrete.gr
331398,esav.fr
331426,edtechreview.in
331437,escentmachine.com
331514,eurosport.no
331609,emotivcloud.com
331666,euroshow.com.br
331674,emokykla.lt
331679,everythingdisc.com
331683,eztv1.xyz
331686,enewscourier.com
331818,eyezmaze.com
331927,europ-assistance.fr
331992,elsevier.io
332026,easyparts.nl
332042,ebay.co.jp
332063,equineline.com
332070,eclicey71rnd.ru
332084,ecorenovator.org
332195,entur.no
332255,easyhttp.sbs
332275,esportsbattle.com
332277,escreen.com
332280,euro-pvp.com
332291,eclock.com.br
332362,extramileautoparts.com.au
332379,euromaster.fr
332384,expertrelocating.com
332460,eaglematerials.com
332498,encoder-technology.com
332509,eurodad.org
332511,encana.com
332517,e-pxn.com
332522,epic.com.cy
332544,easygreenhosting.com
332575,eyez-on.com
332586,epoka.edu.al
332600,ecocraftmart.com
332621,esc17.net
332655,e-clip.cl
332687,echo360.com
332707,esc20.info
332734,ewzqsyuc.link
332770,employersolutions.com
332794,evergabe-online.de
332854,eyeglassworld.com
332870,eseason.fr
332884,easyfastapp.com
332885,enature.com
332911,easytechjunkie.com
332932,energy.ch
332955,eurosommelier-hamburg.de
333024,eleonto.com
333033,ezra.com
333083,evaluationkit.eu
333112,energy-storage.cn
333124,egale.ca
333169,ecommitteesci.gov.in
333227,eaportal.org
333228,easyboss.com
333229,ecomdrivebd.com
333230,edel-optics.it
333231,ekyte.com
333232,elivaas.com
333233,eromitai.com
333234,ets3mods.com
333360,esna.com
333382,epoptavka.cz
333429,ellis.link
333453,eagleinvsys.com
333457,econshipping.com
333465,expoon.com
333470,engazmedia.com
333508,eventival.com
333639,elmnt.lol
333662,everybookinchina.com
333748,europawire.eu
333769,elmascool.com
333805,epaper-hub.com
333806,erlpaas.com
333864,ellacard.com
333874,educapoker.com
333903,etfstream.com
333909,ecuageneraus.com
333920,elshi.de
333924,externe-dns.nl
333933,echoonline.nl
333944,ebu.co.uk
333966,exp360.com
333979,ezgop.com
333988,edugence.com
333998,expressbank.az
334006,easternflorida.edu
334081,echonest.com
334086,evrodetal.com.ua
334110,electproject.org
334113,enhance-auto.jp
334181,emstechnology.net
334187,edekanet.de
334190,elcaminohealth.org
334214,elmorelab.com
334229,efcc.gov.ng
334277,elitebase.nl
334280,egoiapp2.com
334298,emergencyzone.com
334319,eliteexpert.nl
334328,eghtesaad24.ir
334332,elangcenters.com
334348,en-gy.ru
334371,eliqvapoteur.com
334374,egpet.net
334442,eramet.com
334471,efficy.com
334480,eventyrsport.dk
334490,efashion-paris.com
334501,eblong.com
334513,economia.cl
334555,edsa.dev
334572,elle.ro
334591,eventcalendarapp.com
334611,epup-vivy.com
334631,eastsuffolk.gov.uk
334635,esidoc.fr
334657,epnc.co.kr
334700,evamjoies.com
334740,eternalslots.com
334780,eurosib.biz
334836,eurescom.eu
334853,e-digitalhosting.com
334874,eviatop.eu
334883,eplaneteducation.com
334893,energeticanatura.com
334898,embratur.com.br
334912,e-bizs.net
334928,eepshopping.de
334931,eqtraders.com
334967,elfcosmetics.co.uk
334983,evervolv.com
335018,ecn.org
335020,equiphase.net
335028,embess.ws
335091,eltriangle.eu
335093,easykeys.com
335127,easytrans.org
335133,entourageyearbooks.com
335146,ejays.com
335147,epiloglaser.com
335153,eurolan.ro
335190,exit.si
335198,evelab.shop
335200,egypttoursportal.com
335204,endofinternet.net
335220,enterprisenation.com
335268,e116.com
335269,evefrontier.com
335280,eckersleys.com.au
335319,ednsglobal.com
335333,ekbl.net
335341,ejuicedb.com
335459,enotvpn.net
335485,eaxybox.com
335494,ecigarettedirect.co.uk
335556,ersatzio.com
335559,enquirybot.com
335562,elitespace.nl
335611,ernest-doss.org
335622,echoapp.in
335635,easymeetanddate.com
335651,edestad.nl
335715,eilot.org.il
335728,eclincher.com
335766,enjoygm.com
335771,eniro.dk
335818,esportsnationscup.news
335819,eplus.com
335829,esesja.pl
335876,egisplc.com
335985,etext.org
335988,exploringjs.com
336003,e-novanet.mx
336023,eventstable.com
336050,elitescorthatun.com
336121,empire-js.us
336193,everbee.io
336195,encodeplus.com
336201,esutras.com
336203,edeka-smart.de
336204,elara.ie
336268,e-staff.ru
336284,earthmyhome.com
336312,elkarbanaketa.eus
336375,enayatimedicalcity.ro
336379,ellos.us
336455,e2language.com
336484,eldisgroup.net
336517,eltako.com
336532,eaccess.ne.jp
336540,estore.ua
336544,eagleguard.pro
336575,educatout.com
336587,ebrdgeff.com
336605,esign.cn
336653,egx.com.eg
336742,e-librairie.leclerc
336746,elanfinancialservices.com
336765,exchangemail.com
336782,erhardt-leimer.com
336795,embassies.net
336805,ecgi.global
336821,emiratespost.ae
336832,easi.net
336840,eflysports.com
336929,ezaem.ru
336948,e-comptrol.com
336950,easyequities.io
336983,eslpod.com
337135,e-future.ch
337144,elem.mx
337164,ede.de
337192,eventric.com
337229,enesi2.it
337290,esbrasil.com.br
337294,edeng.cn
337763,e-drewno.pl
337764,e200m2026.cfd
337765,ectb.co.za
337766,edutainer.in
337767,efdhx.com
337768,ekoraonline.cc
337769,emon77.art
337770,emon77asli.com
337771,emon77gokil.org
337772,engkolmalam.online
337773,enlight-shop.com
337774,erabaru-terbit.com
337775,eren.com.br
337776,ernita4dil.xyz
337777,ernita4donl.online
337778,ernita4dpis.xyz
337779,esbeoemas.cc
337780,esconexpress.com
337781,eshaeq.com
337782,esimworld.com
337783,estoesservicionissan.com.mx
337784,eurolima.com
337785,eurosekalian.com
337786,eurotoples.com
337787,eve.bet
337788,evilbintang.com
337789,evoscandi.com
337790,evosselatan.com
337791,exoarena.com
337792,exokiko.com
337793,exonbet250.com
337794,exonier.com
337795,exototo.io
337796,explorr.fr
337797,extrabet2049.com
339131,enquiry-service.co.uk
339132,ecnews.it
339196,eeworldonline.com
339198,eroimg.net
339214,ewni.net
339271,ebalbharati.in
339272,elpinguino.com
339277,eresparis.com
339297,e35j.com
339309,elumind.net
339319,emeraldhost.net
339358,ethika.com
339408,exosite.io
339426,eversports.io
339446,enkod.io
339477,expero.ru
339534,e-mail.jp
339542,espertoautoricambi.it
339565,escobarvip.blog
339578,ergon.com.au
339602,execservers.online
339610,ericjavits.com
339630,eldoradoweather.com
339653,en0.de
339655,essentialparts.com
339669,e-sogi.com
339803,elviscostello.com
339832,explorepahistory.com
339833,e-marketdrive.ru
339838,evohelp.ru
339851,edunao.com
339859,eochats.tech
339867,edr.com.mx
339925,ejsook.com
339946,epagris.com
339965,ezone.hk
339979,eduhope.net
340073,evropskyspotrebitel.cz
340109,eeroportal.com
340156,eterna.de
340158,edcity.hk
340200,eventscase.com
340221,elliottwavetrader.net
340226,easyinsights.in
340255,emythmakers.net
340269,esquire.co.uk
340306,emin.vn
340364,elerhetootthon.hu
340375,ecosistemastartup.com
340442,espacolaser.com.br
340457,energia-ivanovo.ru
340475,everestforms.net
340489,epf.fr
340518,ecomare.nl
340556,ecuahosting.com.ec
340615,e21.su
340645,escorta4u.com
340670,eqtiming.com
340761,ekabe.lu
340770,ecimon.com
340781,enactmi.com
340807,electrical.com
340877,exitlagsdk.net
340912,egovdev.ru
340934,e-ofd.ru
340970,edbelcher.com
340983,ehm.com
341013,exedra.de
341014,evconnect.com
341032,emenatwork.ro
341040,e-axa.de
341073,expeed.com.au
341090,energiaestrategica.com
341177,excoino.com
341186,eccweb.mobi
341227,eatmarket.ru
341272,earthboundtrading.com
341283,euskalnet.net
341355,economylens.com
341357,ecfo.cn
341364,exafm.com
341436,euromair.com
341448,erv.ch
341456,everiaclub.com
341544,einblickvonmeinemsitzplatz.de
341581,edorteam.com
341618,ephoenix.ir
341626,edumed.org
341629,erietecinc.com
341705,engageify.com
341707,emmenetonchien.com
341758,everysport.com
341768,epicentrk.net
341786,exclusivdesign.ch
341805,efinancethai.com
341835,ex-tools.ru
341913,eiszeit-manager.de
341914,ellequebec.com
341919,ex1tp.com
341951,export.org.uk
341978,eaconsumables.com
342002,emailpref.com
342023,eerieperet.top
342076,edkaroom.com
342116,elmuseo.org
342131,exceed.ai
342188,epson.fr
342192,evasivemotorsports.com
342197,ecom-ai-solutions.com
342225,emiratesnbd.co.in
342285,everloon.com
342286,erbutler.com
342317,energylink.com
342329,ersa-shop.com
342345,extra-call.de
342355,entorno.cat
342363,everplans.com
342385,exploresetoyota.com
342400,elliottwave-forecast.com
342501,editionsdefallois.com
342522,ethiopianreporter.com
342534,ecologic.eu
342537,eutelsatnetworks.ru
342541,energo-centr.ru
342583,ecs.gov.bd
342608,ekvia.net
342656,euopsysweb.com
342657,explorerst.org
342821,enact.co.uk
342868,eparthosting.co.kr
342903,enjoy.ai
342915,echoprime.nl
343044,en-pays-basque.fr
343103,esky.eu
343112,elite-auto.fr
343113,emsend1.com
343135,emu.dk
343141,ecovisios.xyz
343164,eia.org
343165,ejy365.com
343178,ekmmetering.com
343239,edusalta.gov.ar
343246,e-shoudoku.com
343247,earthpeopletechnology.com
343273,englisher.net
343274,edisons.com.au
343290,epilstudio.ru
343379,evocon.com
343426,etimo.it
343428,epelectric.com
343464,evalight.ro
343472,elmwoodparknj.us
343489,ethos-europe.eu
343493,easyway.info
343502,ethnomuseum.ru
343512,etalongroup.ru
343522,esimdb.com
343581,eju.net
343606,elephant.art
343689,erehost.com.br
343728,electriciantalk.com
343785,enpc-center.fr
343815,essie.de
343840,eops.nl
343869,enence.com
343894,ehosting.ch
343895,earthrights.org
343904,edsonqueiroz.com.br
343908,ecohabitar.org
343938,express.ba
343944,ensondakika.com.tr
343972,ecmsglobal.com
344007,eon.tv
344008,embuni.ac.ke
344033,evo.gg
344071,ebsbio.tech
344098,ev5-road-to.com
344104,emglive.net
344151,easy-server.com
344162,evisa.gov.bh
344172,ede.nl
344230,ecoliwiki.org
344231,edriving.com
344315,entropymag.org
344342,elporvenir.mx
344344,enimatic.vip
344355,eriecountypa.gov
344406,eurorad.de
344419,euromed-omsk.ru
344428,enplus.group
344435,ewingathletics.com
344450,e-sim.org
344617,evn.pictures
344653,euronet.com.hr
344682,edwardgreen.com
344690,ezfn.dev
344706,echohouse.nl
344782,eparhia.ru
344787,etoto.pl
344797,enboarder.com
344815,extra.ge
344828,enqa.eu
344864,eurotech.com
344913,etv-mds.uk
344963,elonbets.net
344972,electrosmart.com
345052,edrawmind.com
345097,exme.shop
345114,escapenet.ch
345115,endotaspa.com.au
345120,elastic.wtf
345141,edblad.com
345164,edenkert-kormend.hu
345176,excell.net
345182,ekm.ee
345213,ebbot.app
345233,elm-dawn.live
345239,ecoportal.info
345311,ecnomikata.com
345345,exp-tech.de
345365,ebay-s9.shop
345386,emtvssp.com
345437,emergentbiosolutions.com
345440,ecomservice.bg
345480,ellis-brigham.com
345504,emon77.games
345521,eduyixue.com
345555,elhistoriador.com.ar
345588,eett.gr
345614,exploratio-paintball.com
345622,eis.net.au
345630,eynes.com.ar
345653,eppela.com
345784,edscoop.com
345796,ehardwoodsandflooring.com
345798,emtrain.com
345799,eviivo.media
345884,eth3d.net
345922,eco-plant.ru
346051,eyespecs.com
346053,experimental-history.com
346088,emuunlim.com
346138,emotivo-dns.de
346159,evercade.co.uk
346164,edbmauritius.org
346178,ezcashstorage.com
346185,expressobeans.com
346194,eczacininsesi.com
346383,esky.co.uk
346417,eventstravel.net
346424,elevenmyanmar.com
346437,ecommweb.uk
346465,edwin-europe.com
346473,eurovisionsports.tv
346499,educatly.com
346552,epsxe.com
346558,enigma.com
346597,entirecarph.com
346605,energie-fachberater.de
346608,eurazeo.com
346639,est.edu.br
346675,edicola.shop
346684,eriell.com
346750,ec-sites.jp
346757,edumilestones.com
346795,etalongame.com
346818,ejumpcut.org
346820,eutelsat.net
346858,ecampania.it
346909,erebion.eu
346943,edmonds.edu
346947,etrainu.com
346955,embersyndicate.com
347002,ecoonline.net
347021,eopiniao.com.br
347051,epicreelsworld.com
347074,edu-nation.net
347096,egais-monitoring.ru
347101,easydnssec.org
347165,englandhockey.co.uk
347207,eul.edu.tr
347209,elegantflyer.com
347281,eponline.com
347310,emkei.cz
347311,equaljusticeworks.org
347315,elephorm.com
347316,elazighakimiyethaber.com
347327,eluckpe.art
347358,espressissimo.de
347359,eventelecom.com.br
347430,elyrialibrary.org
347514,evenko.ca
347530,euplatform.net
347585,expodat.com
347588,ecotradegroup.com
347606,eku.cc
347611,ecfr.io
347674,ejinsight.com
347716,euv-frankfurt-o.de
347717,expert.ie
347752,epilot.cloud
347790,expertagent.co.uk
347862,esmchina.com
347912,edu.sh.cn
347913,experiencelife.com
347915,etourshopping.lk
347944,elasticbeats.wtf
347993,elements-show.de
347999,e-bridge.com.cn
348019,elusionvpn.com
348095,ev-lectron.com
348103,earache.com
348166,emtvalencia.es
348195,eastmarineasia.com
348212,exerciseismedicine.org
348237,eskenazihealth.edu
348297,e-next.in
348309,eastfork.com
348341,ellevatenetwork.com
348387,economicliberties.us
348411,enic.org.uk
348428,engagebud.co
348435,eastlabs.sk
348459,estarcase.com
348480,eratelecom.net
348485,email-signature-image.com
348490,engros.ru
348492,espacelafontaine.com
348509,europamulticlub.com
348552,emyspot.com
348578,eromeporno.com
348629,epg.com
348641,e.cash
348655,essential-addons.com
348818,evolix.com
348850,educationquizzes.com
348869,eadunifatecie.com.br
348961,exagopartners.com
349004,epson.es
349018,eurobuty.com.pl
349021,ehermitsinc.com
349103,egopharm.com
349145,essentiel-autonomie.com
349197,evard.ch
349241,email.gov.in
349267,elmartutino.cl
349281,edelvives.com
349310,epsu.org
349332,eprolo.com
349390,einrichtungsbeispiele.de
349399,equinox.net
349436,enjeuresponsable.fr
349451,evangelische-zeitung.de
349466,epicjackpotstation.com
349495,exitbase.pk
349512,eno.one
349538,emswebservice.com
349574,exportgpt.pro
349580,evmzone.com
349590,euautopezzi.it
349616,entreda.net
349629,englishclass101.com
349647,ehalsomyndigheten.se
349659,encompassloconnect.com
349674,eeres4water.eu
349701,eurogirlsescort.de
349781,enterdrama.com
349791,efigence.com
349804,ekmsystems.co.uk
349813,elisava.net
349818,everfocusddns.com
349831,eastbayri.com
349904,evanescencereference.info
349914,everymarket.uk
349923,ericsson.fi
349940,expresslane.org
349981,edhrecstatic.com
350010,ethr.net
350020,everwisecu.com
350078,edwardskia.net
350091,easymobiledev.xyz
350149,ehostingsupport.com
350194,enuygun.tech
350221,erben.cz
350255,elasticaccelerationzone.co
350275,e-identitet.se
350285,erofights.com
350298,elbet.com
350356,elainemedia.net
350370,euroset.ru
350397,epicmychart.com
350452,education.gov.gy
350462,ene.ba
350544,et.al
350587,efeeme.com
350607,elasticsearch.wtf
350663,ecornd.co.kr
350699,elsat.net.pl
350704,exali.de
350719,e-pal.it
350740,extreme.net.ec
350787,eurowig.de
350829,ehoh.net
350835,eurorailhobbies.com
350875,episd.org
350898,easternmirrornagaland.com
350914,expert-matras.ua
351013,ecodxn.com
351075,elizandrasoares.com.br
351083,eclipsebot.store
351088,ege-net.de
351109,eu-interact.org
351134,essence.com.cn
351158,extremeuv.com.br
351169,entreprendre.fr
351190,eventbookings.com
351191,echt-bodensee.de
351208,exposebox.com
351242,entaice.com
351247,ecal.ch
351276,epiphanydermatology.com
351286,e-ports.tech
351346,econda.de
351364,epsilon.com.ua
351397,evropa2.cz
351439,eazy.de
351523,ehime-rikujyo.jp
351525,eventdecordirect.com
351577,engineerlive.com
351600,empiresportsmedia.com
351603,epochtimes.se
351611,estaminzaptiah.shop
351698,emiratesauction.com
351811,elbrusoid.net
351822,everlight.com
351872,es96.com
351923,eruditor.io
351931,empeon.com
351937,espace-sciences.org
351941,explorist.life
351949,e30-talk.com
352061,edassist.com
352077,easyporn.xxx
352094,eventpipe.com
352100,explorernet.com.br
352128,etfrc.com
352134,egotec.com
352223,etanet.se
352231,erfurt-tourismus.de
352252,embedded-wizard.de
352262,enterprisestorageforum.com
352320,e-nautilia.gr
352321,e3ai0av1.com
352322,e3x8m4.com
352323,ecmpbjc.com
352324,eruxxwv.com
352363,ejoy-english.com
352378,e-steiermark.com
352432,etvplayvideos.com
352471,entrepreneursbreak.com
352483,easygreenhosting.it
352485,earthhero.com
352486,evaq8.co.uk
352489,edatacenter.com.br
352510,eahentai.com
352519,enthusiasmnetwork.com
352528,escape.com
352533,eqlstore.com
352565,exeed.ru
352567,eltronik.net.pl
352597,ergotopia.de
352651,eqvista.com
352704,ermetic.com
352719,easypractice.net
352720,eureka.com
352778,exaprint.fr
352791,edevau.net
352802,ebookers.ie
352816,eeye.com
352821,eligius.st
352842,earningsfeed.com
352843,eurodressage.com
352886,etlandmall.co.kr
352898,emcali.com.co
352901,export-portal.ru
352937,edudatos.com
352940,e-ssi04.net
352969,exboyfriendrecovery.com
352974,euphemismscase.site
353049,e-fms.co.kr
353063,evolve-mma.com
353100,empire-multimedia.de
353114,elisacharm.com
353131,easyretro.io
353164,exquisiteslave.com
353187,e-chihuo.com
353199,eliteslotsplatform.com
353336,edfilmfest.org.uk
353361,e-sochaczew.pl
353368,elitebettingdaily.com
353384,eureca.me
353422,eneco.be
353430,everydayshouldbesaturday.com
353462,exchangesumo.com
353471,exstream.net.ua
353506,ebpartners.click
353528,ensemble-stars.jp
353563,e-print.com.hk
353572,eclairdusktwineversailles.site
353601,ecom.gov.il
353603,enterprisezine.jp
353671,etoolads.cn
353752,epicwagergroup.com
353865,endorsely.com
353872,e-vps.pl
353877,efidelity.com
353900,eredivisie.nl
353913,etv.net
353985,enjoyzaragoza.es
354023,erratic-behavior.com
354042,eokultv.com
354044,esabglobal.net
354081,engoo-static.com
354160,eraimmobilier.com
354178,ericdigests.org
354183,elca-services.com
354247,ezwel.com
354310,euroman.dk
354323,endlayer.net
354342,esinislam.com
354412,egetelgraf.com
354423,ellyvr.dev
354466,ecogolik.ru
354515,eriksbikeshop.com
354518,eyefootball.com
354638,existenzgruendungsportal.de
354664,enstarz.com
354747,esvcb.com
354782,era-online.org
354830,e-krediidiinfo.ee
354845,elby.ch
354848,eurochange.co.uk
354856,e2.org
354862,engelbert-strauss.de
354863,elemor.by
354882,ecinteractiveplus.com
354892,energy-transitions.org
354946,eerdmans.com
354970,emlytics.me
355006,eastdunbarton.gov.uk
355032,ene.pl
355036,eurobench.com
355050,ebonymgp.com
355068,europeansting.com
355118,evelbike.ru
355127,el-mundo.es
355235,errai.ae
355239,europeanautorecycling.com
355257,eltiera-views.net
355259,edgenext.com
355271,egyptian.net
355280,ebunpro.link
355292,exiger.com
355319,eln.de
355330,eboobstore.com
355346,ef.fr
355366,ekjch.com
355444,excelerator.com
355451,epf.org.np
355479,eviware.com
355490,ekata.com
355539,echinobase.org
355629,economies.com
355635,earthtouchnews.com
355672,eknightmedia.com
355689,eurorc.com
355695,entv.dz
355701,e-kern.com
355703,ecosa.com.au
355714,etest.net.cn
355745,eb-longboat.com
355749,elektronicznezapisy.pl
355757,embark.com
355807,eps.org
355867,electrostreet.ru
355875,everythingzoomer.com
355879,echungbuk.net
355989,eliteslothub.com
356011,erospoesia.com
356080,eco-ring.com
356117,europapress.tv
356124,ensegundos.do
356144,elektroimportoren.no
356147,ejaw.net
356171,elasticapm.co
356172,elfetex.cz
356258,epicplay99.com
356259,eurogriptyres.com
356276,eynakpanda.ir
356291,eronb.net
356318,emas.cz
356319,einstitute.com.br
356332,echoarena.nl
356344,estha.net
356350,evoshield.com
356369,eliteguide.nl
356383,enzymes.bio
356385,elitetrend.nl
356450,employment-studies.co.uk
356478,eweatherhd.com
356492,entfabric-sage.com
356494,enerzine.com
356551,eauk.org
356569,elobservatodo.cl
356585,ezdrav.si
356595,ethunder-hosting.com
356610,earnesthosting.net
356650,exototo.co
356660,emiraforum.com
356741,expydoc.com
356753,eroun.net
356757,eric.org.uk
356818,ecigclick.co.uk
356858,ed-integrations.com
356877,engineswapsupply.com
356895,eddirasa.net
356934,emergentpurchasing.com
356944,exa-i.net
356960,ergotech.com
357050,enotifyapp.com
357115,electropolis.es
357192,evo-xracing.com
357194,eurol.com
357199,elxsi.de
357236,eastgate.com
357246,elepay.io
357264,enginegamesdata.cn
357290,easyrest.com
357318,ellingtonagway.com
357355,eradus.eu
357401,elo-games.com
357427,eworx.gr
357459,evewho.com
357491,easymail.net.uy
357502,e-thessalia.gr
357542,evxl.app
357550,ednchina.com
357563,evisa.gov.et
357566,enad.io
357698,equineteurope.org
357717,eurobrico.com
357759,elcastellano.org
357806,executivedaytona.com
357858,eventespresso.com
357877,easeus.de
357879,emirates.email
357905,exclusivemarkets.com
357937,exponential-e.com
357948,epayhealthcare.com
357949,expand-base.shop
357980,etoday.ru
357982,electroshield.ru
358017,eventnn.ru
358042,eastendbooksptown.com
358068,erotic4u.com
358119,emaphwtzr.cc
358122,elliquiy.com
358133,eetimes.eu
358209,elle.cz
358239,estore.nu
358255,eyuncms.com
358256,exness.org
358287,equestrianbookfair.com
358288,ecomltd.co.uk
358299,ecoassetsservice.com
358304,exaktime.com
358361,evisos.com.gt
358386,enagames.com
358397,emall.com
358431,evertonholidays.com
358458,elastic.ar
358484,exposure.software
358524,enfermeria21.com
358568,escolhasegura.com.br
358599,ewwr.eu
358651,enna.care
358654,e-park.ch
358672,eztech.vn
358698,encompassloanconnect.com
358708,exoplatform.com
358731,eohonline.com
358735,eve-scout.com
358738,energyjobsearch.com
358822,estartminigames.com
358840,europalace.com
358897,etwh-service.de
358901,enssup.gov.ma
358927,easyceo.cn
358949,etoos.com
358953,etisalatdata.net
358967,esjday.com
358975,elrancaguino.cl
358999,ezaccessory.com
359050,epickeysub.com
359051,elvigia.net
359065,edf-re.com
359117,enabel.be
359123,ergonbike.com
359160,ecospares.co.uk
359232,epicvipmarket.com
359233,etyrqg.com
359244,exc-beauty.com
359271,e-data.com.ua
359368,engboms.se
359407,edion.jp
359495,ekkb.cn
359547,entertainmentweekly.com
359550,edmtunes.com
359592,ebike-connect.com
359621,ergjbl.com
359623,eltucumano.com
359664,elystandard.co.uk
359714,ecxon.com.br
359743,eshoje.com.br
359764,exoticautoparts.co
359778,elemental.tv
359809,ewtn.co.uk
359881,empireabrasives.com
359887,evsmart.net
359904,entryx.io
359922,encycolorpedia.kr
359932,eucatur.com.br
359990,electrica-shop.com.ua
360004,eigle.com
360006,exlyapp.com
360008,extrasupport.shop
360033,exl.de
360045,ejrcf.or.jp
360046,eog.bz
360071,europhotel.com
360095,eyeuc.com
360097,euc-freshbots.ai
360160,energoprom.ru
360178,eadv.org
360204,expresso.net
360205,executedtoday.com
360243,extreme.adult
360312,encspb.ru
360338,ezhavamatrimony.com
360350,enimerotiko.gr
360440,e-teamlog.com
360485,europages.es
360493,etm-system.com
360494,eldersweather.com.au
360542,eleme.cn
360551,easyelectronics.ru
360608,enterair.pl
360621,epicviphub.com
360626,eatonvance.com
360642,ejamiya.in
360654,estliving.com
360658,elitedaily.nl
360672,euni.de
360677,eprivacy.eu
360742,eudec.gr
360816,epicjackpotplatform.com
360818,engineer.or.jp
360823,emotiva.com
360830,eesdr.com
360837,exceptionalcdn.com
360881,eclat.de
360892,ethosrisk.com
360906,eoseyes.com
360929,epicjackpotdaily.com
360961,eonlineads.com
361015,exolix.com
361024,eurogarden.be
361082,easycep.com
361098,extrememusic.com
361110,eu-ua.org
361137,empiremedals.com
361152,ellacartransfer.com
361173,evritikizygia.gr
361174,esake.gr
361188,elektrikforum.de
361205,eurocampings.co.uk
361228,elt-poisk.com
361328,ezylinkdirectory.com
361337,erotikportal-deutschland.net
361356,ehssrisk.com
361394,elvi.de
361403,e-ondiris.gov.kz
361408,eldiariodelarepublica.com
361409,entertainmentcommunity.org
361429,ethaicd.com
361488,erzabtei-beuron.de
361490,eclypsium.net
361532,emeet.com
361570,edhardyoriginals.com
361581,enjukuracing.com
361596,egdata.app
361602,exotikunderwearandlingerie.com
361631,ecsc.gov.sy
361632,edwordy.com
361633,elisworld.tv
361634,exams-council.org.zm
361727,echotrend.nl
361728,energy-yug.ru
361729,expert.cz
361789,estima.com
361795,edegan.com
361796,ellevest.com
361805,explus.vn
361873,emmarkuk.com
361886,elasticsearch.fr
361967,eurofrance24.com
361988,eduhmao.ru
362001,esvocampingshop.com
362011,eddie-ozzie.com
362119,esignonline.net
362199,evapo.co.uk
362211,easyproxy.xyz
362247,epyes.com
362299,emigra.tv
362304,e-news.pro
362379,eyemetrics.co.jp
362405,enex.cl
362406,expresszuschnitt.de
362414,enspotify.com
362417,eurostil.ru
362424,enchantmentresort.com
362462,eucionica.edu.rs
362495,eacla.com
362539,energosfera.info
362615,eroticgirlsgallery.com
362637,eldemore.com
362699,europamundo.com
362756,efzg.hr
362800,el-mexicano.com.mx
362816,emigrantas.tv
362857,egbs1.ru
362876,ecigone.co.uk
362893,enlcd.com
362907,electrocasnicedelux.ro
362914,evaneos.de
362940,eclipse.net
363012,exp.direct
363045,element5.com
363103,explainx.ai
363108,embdmstrplayer.com
363110,emias.ru
363194,econea.cz
363236,erx.com.au
363254,eveshamjournal.co.uk
363358,enhancetech.cloud
363399,ehobbyasia.com
363485,efelledns.com
363487,easymoebel-shop.de
363503,emule.com
363560,europ-assistance.be
363563,ezcreate.ai
363567,elg-26.com
363615,essentialenergy.com.au
363621,esure.com
363636,epj-conferences.org
363668,esportsku.com
363678,energymadeeasy.gov.au
363688,enarpod.com
363700,eliteblackjackhub.com
363707,europeandns.eu
363786,etoropartners.com
363806,ervs.net
363828,eo-ba.de
363861,evangnet.cz
363873,ensembleiq.com
363907,equiphorse.com
363919,eatfishwife.com
364011,energeticambiente.it
364013,eyedictive.com
364014,emp-eaw.ch
364056,environmentalhealthnews.org
364073,everviz.com
364079,electronic-ic.com
364120,eastsideco.io
364142,emiratesnbdgolf.ae
364187,elcom.net
364222,emaxme.com
364346,esc.si
364412,equisonline.com
364424,europython.eu
364455,encotentin.fr
364465,ejercito.mil.ar
364483,eberl-online.net
364500,escs.am
364549,elcomspb.ru
364585,eruptr.io
364626,ebanko2.casino
364634,ezicashier.com
364636,epicpokerstation.com
364675,e-bikesdirect.co.uk
364702,ewccv.com
364719,expertos.co.il
364754,ecp.gov.pk
364813,eversana.com
364829,expedia.fi
364830,essenza-nobile.de
364838,essikhangorilla.ir
364850,eisenbach-tresore.de
364857,ekklesia360.com
364858,echovault.nl
364870,earnstar.com
364875,euroton.si
364883,eoc.ch
364936,eurodicas.com.br
364963,espressonews.gr
364983,exponenta.ru
365030,eqfreelance.net
365107,embcart.com
365112,engine4.io
365149,europebattle.net
365160,estugo.de
365261,eleftheriaonline.gr
365349,e-daikoku.com
365389,europeanphotographers.eu
365460,empirechromeshop.com
365496,evamagazin.hu
365497,ecardwidget.com
365528,eformitize.email
365538,eurobridefinder.com
365552,elointernet.com.br
365567,elsiglo.com.ve
365608,eatmate.co.uk
365614,eobutev.si
365629,equilibriarte.org
365660,exburst.dev
365674,edufuture.biz
365689,evox-performance.com
366257,e-ahik.az
366258,e-avtomaktab.uz
366259,e-exams4.jp
366260,e-open.id
366261,e-rsudlangsa.id
366262,e-select.jp
366263,e-shahodatnoma.uz
366264,e-ziare.ro
366265,e2tamm.com
366266,e66f2.com
366267,e6p3l.com
366268,e98gg.com
366269,e98ii.com
366270,e98jj.com
366271,e98kk.com
366272,e98ll.com
366273,e9tk5vmr.com
366274,eakadamik.in
366275,earndaily9jaa.com.ng
366276,easytransfert.ci
366277,eazyclasses.com
366278,ebus.com.tw
366279,ecc.ac.cr
366280,ecm.or.kr
366281,ecmpermits.ae
366282,ecoleenligne.be
366283,ecotp.gov.za
366284,edatoto884.com
366285,eden-chat.com
366286,edgelearning.co.nz
366287,eegebest.com
366288,eformsmpsc.org.in
366289,egybst.one
366290,ehpadmin.net
366291,ehtvbj.top
366292,ejada.gov.om
366293,el-impostor-online.com
366294,elang800rush.site
366295,elaup.com.br
366296,elcaminohaciadios.com
366297,elitegoltv.pro
366298,eliterelatos.com
366299,elxicoiwan.com
366300,elzbietabutikwarszawa.com
366301,emkaykings.com
366302,empowerdb.com
366303,emsecure.in
366304,emwifashion.com
366305,encestando.es
366306,encuentra.io
366307,engeecon.live
366308,enjoy879.buzz
366309,enjoyhappy.top
366310,enjoyvideo.top
366311,entesharat.com
366312,eonblog.com
366313,epanel.pl
366314,epostal.in
366315,epowerol.com
366316,eprepare.org
366317,equranschool.com
366318,erationcard.in
366319,eservices.gov.zm
366320,esfceo.ir
366321,eskytravel.it
366322,espacioapks.com
366323,estelamonline.net
366324,etfnow.co.kr
366325,ethenika.com
366326,eupon32954.com
366327,euroturs.rs
366328,evaleo6-15.fr
366329,eve1.bet
366330,eventinbus.com
366331,eventobonus.online
366332,evercom.live
366333,ewshopping.com
366334,exactusinc.com
366335,exambank.com
366336,examens-oeeci.ci
366337,examjila.in
366338,examking.net
366339,excs.online
366340,exoticsflora.in
366341,expertyukti.com
366342,exstore.id
366343,extramod.ir
368167,e-s.tv
368180,envisionhealth.com
368269,eggplantsoftware.com
368273,edogawa-u.ac.jp
368300,electricrideoncars.co.uk
368346,evilgreed.com
368349,everycloudtech.com
368351,evolutionsrv.co.il
368363,europapress.net
368367,eurobydleni.cz
368380,elektrototaalmarkt.nl
368413,ebrpl.com
368416,enlightenment.de
368435,enjoymovie.net
368453,egygold.in
368525,edudip.market
368553,epicstoryinteractive.com
368572,effex.global
368593,eyedrohw.com
368636,essentialbranding.com
368641,e-scapegames.co.uk
368683,ebirdsall.com
368761,ezordernow.com
368817,extralifestudios.com
368827,eurosandesign.ru
368911,euromaster.nl
368933,elcomercial.com.ar
368967,elle.es
368996,education.qld.gov.au
368998,emeraldchat.online
369041,exbo.ru
369115,eg-on.com
369145,epornomovies.com
369171,editionsducerf.fr
369205,englishteachers.ru
369207,euronet.mobi
369217,ecliptictech.com
369265,expo-net.com.pl
369284,ecchyfpq.cc
369303,ezt-online.de
369331,eventjet.at
369366,ehs.gov.ae
369415,ebunge.net
369448,encycolorpedia.pt
369450,earn2trade.com
369466,elluciancloud.ca
369487,efa-bw.de
369493,eliteroyalspace.com
369495,eln7dc.com
369514,eraya.ai
369559,ewnews.com
369569,epicgamingnetwork.com
369684,ebix.com
369707,eloan.co.jp
369728,exclusiveresorts.com
369799,equalit.ie
369804,express.live
369823,e78shop.com
369847,emebehosting.com
369914,eablist.com
369915,earthpressnews.com
369924,evhgear.com
369955,ecoconso.be
369974,exo-terra.com
370020,emlakkonut.com.tr
370077,erogen.club
370086,eavic.com
370103,elsakerhetsverket.se
370118,esesja.tv
370136,emo.org.tr
370156,enjoythewood.com
370178,etvwin.com
370184,expresscta.com
370215,empyreanbenefits.com
370233,ehwplus.com
370242,eyemartindia.com
370254,epicspinonline.com
370262,e-hortico.pl
370270,elevationscu.com
370275,ewbattleground.com
370299,euvolution.com
370317,efpk.kz
370379,ebacalaureat.ro
370411,ek-hosting.nl
370419,enjoy.ad.jp
370423,eltex.ru
370496,elektrowoz.pl
370505,epitran.eu
370510,exis.tech
370526,endfieldtools.dev
370530,eraluvat.fi
370540,efile.com
370616,engeniustech.com
370677,eie.gr
370686,enforta.net
370693,editorify.com
370696,emagiz.com
370713,essentialapparel.com
370719,educationplannerbc.ca
370770,exponenthosting.net
370815,eastonarchery.com
370846,euromotors.com.ua
370848,ekf.su
370863,epicblackjackgroup.com
370866,eco-piezas.com
370876,elitecasinonetwork.com
370877,edenkert.hu
370878,eunet.ch
370892,enac.es
370937,encompasswebcenter.com
370948,eliteonline.nl
370949,elitchgardens.com
370989,electropapa.com
370999,elfporn.net
371005,ebrand.be
371007,encfs.site
371012,eyedortwin.cc
371032,ezatlas.net
371049,ellington.com
371068,edison.media
371072,evovpn.ru
371121,ensenta.com
371131,ewbankauctions.co.uk
371150,etvnews.com
371166,eaglesmessageboard.com
371188,emgpickups.com
371198,elitewoodenfloors.com.au
371206,electrical-installation.org
371302,eurofood.com.au
371318,elektor.com
371332,eurockeennes.fr
371346,e-gov.kg
371460,e21.edu.cn
371491,explorer.de
371537,edp.com.br
371547,edline.net
371565,ersds.ru
371588,em-drh.com
371606,entretech.org
371678,enovathemes.com
371785,enlightedinc.com
371808,eriones.com
371829,evaneos.com
371895,expari.com
371928,elenatex.com
371930,egywatch.com
371944,ecdwm.com
372001,extranet.ee
372014,expiredns.net
372048,eursc.eu
372164,easylink.io
372167,elinz.com.au
372171,epi.sk
372206,epicarenacentral.com
372243,ege55.ru
372252,eotinish.kz
372340,extratime.com
372347,educando.edu.do
372363,easyredmine.com
372389,euclid116.com
372456,elgouna.com
372478,educate360.com
372490,eu-cdn294.com
372526,estimote.com
372605,edinos.pl
372632,elcooperante.com
372633,enpnetwork.com
372657,evergiving.com
372660,energeticcity.ca
372679,exide.com
372680,elofootball.com
372682,etfinvio.link
372725,ekn.com
372729,e-design.net
372777,extreaming.xyz
372781,elogim.com
372815,entitysport.com
372822,e-velomania.pl
372838,evakuator-mobi.ru
372870,eye.fi
372903,eway.ca
372910,elsevier-masson.fr
372933,ecofin.io
372971,excellentfilerecovery.com
372978,encurta.net
373010,e-farm.com
373036,edcom.fr
373059,easyweek.io
373125,eq2interface.com
373151,elattrobutor.hu
373153,exaffiliate.com
373183,eprimerx.com
373195,elle.rs
373206,ekimae-r-e.co.jp
373227,esmartstart.com
373231,ethanolproducer.com
373239,eleshop.nl
373266,elektron.se
373290,eastern.bank
373305,eventize.com.br
373330,edabea.com
373335,ezmember.co.kr
373360,ezymathtutoring.com.au
373387,epages.com
373398,echowave.io
373410,elationpassport.com
373455,elektronikversicherung.de
373466,enotrans.org
373492,elitebettingbase.com
373558,ericards.net
373571,edisongroup.com
373614,eplus.tickets
373638,e-toyota.co.za
373715,epgshare01.online
373734,earthloveandmagic.com
373748,event-collector.com
373758,erodolls.com
373775,emailworldmarket.com
373779,emailmigrationhub.com
373780,evalueserve.com
373781,ewastepak.com
373802,emiratesnbd.com.sg
373845,exif.tools
373878,e-c.com
373911,etdc.com.au
373938,es-hotel.com
373940,eurodesk.eu
373943,elib.se
373961,epiccardsmarket.com
373969,europeforvisitors.com
373985,em360tech.com
374046,ean.org
374070,eebooks.de
374086,epicslotsplus.com
374093,equirus.com
374167,elitecompetitions.co.uk
374199,ekreta.hu
374200,e-adz.net
374237,e-coordina.com
374241,euroshop-tradefair.com
374303,edrmagazine.eu
374368,enotas.com.br
374387,elasticresources.com
374400,enforce.com.br
374469,eden-plus.org
374494,elleair.jp
374513,extendedreach.com
374525,erufucare.com
374532,ellevio.se
374537,eluts.com
374564,emmarelief.com
374580,edu87.ru
374589,europeanfinancialreview.com
374615,ecdscs.com
374663,enitin.xyz
374705,eflorist.co.uk
374718,eddmaps.org
374722,etnainteractive.com
374781,enterra.dp.ua
374845,entradauno.com
374868,explore-share.com
374886,essays.se
374920,eliton.org.ua
374969,e-vanguard.com
375048,e-me.edu.gr
375053,elodiechan.com
375071,e-dnafilters.es
375088,eurosport-tv.com
375094,efms.co.kr
375122,expertlaw.com
375127,egmont-shop.de
375142,eliteglobal.nl
375148,europa.com
375155,edv-crew.net
375187,everycarlisted.com
375212,emiratesnbd.sg
375234,exxonmobilchemical.com
375251,eternalai.org
375266,ecom-automate.net
375292,eit.com
375295,employmentnews.gov.in
375336,elavate.com
375449,etihadwe.ae
375453,expatperu.com
375500,engageforsuccess.org
375537,endlesspools.com
375544,eazyresearch.com
375551,extremesolutions.com.au
375606,eskigov.ru
375618,e-reading-lib.com
375690,eq2emulator.net
375789,eleshop.eu
375824,edenred.com.tr
375837,eflangtech.com
375844,ethereumworldnews.com
375904,ebf.de
375929,europapark.systems
375940,ebizmba.com
375967,epiroc.group
375968,edowonderland.net
375980,energycodes.gov
376003,empowersuite.cloud
376020,ecdsystem.com
376026,ensigame.com
376094,ewytbznpr.cc
376126,esspace.fr
376136,evilmilk.com
376176,e-cis.info
376181,egr.gov.by
376197,elasticacademy.com
376228,eastleigh.gov.uk
376313,eldiariocba.com.ar
376351,expertia.ai
376356,educationvibes.in
376370,easylink.com
376374,electrihub.com
376386,e-digital.tech
376387,e-sepia.net
376391,ezurio.com
376394,e68cname.com
376404,emakina.nl
376442,ebnmaryam.com
376456,emeraldqueen.com
376494,escort-searcher.com
376533,ecomfort.com
376556,emax-haustechnik.de
376595,elkharttruth.com
376603,eveniahotels.com
376611,esalus.it
376714,erocam.biz
376729,essaywriters.us
376741,ecobnb.com
376768,e-mrs.fr
376802,ezclassifiedads.com
376818,ermak-k.ru
376838,es.hu
376884,elys.network
376917,eservices21.de
376991,empowersuite.com
377020,estepona.es
377030,edmontonchina.ca
377144,eboardresults.com
377152,eonlinecloud.com
377160,evbg.io
377164,eurekaparts.com
377230,estrelabetpartners.com
377233,ekonomifakta.se
377248,easyprojects.net
377258,eknives.com
377268,efficient-recover-file.com
377289,ebten.jp
377436,easywerkstatt.com
377550,empresadois.com.br
377582,emailwiz.ai
377602,evnhcmc.vn
377627,e-shop.co.il
377645,entranscend.com
377663,eraready.shop
377665,enterprisenetworkingplanet.com
377707,everynet.io
377716,eventtemple.com
377765,etihadcargo.com
377767,erabyte.ru
377768,elementix.ai
377790,enextechnologies.com
377825,extranet-aec.com
377853,easfe.com
377879,etradeasia.com
377938,ezglot.com
377951,edf-solutions-solaires.com
377963,expresspk.ru
377996,e-glamour.pl
378008,ehostzilla.com
378037,euro-fh.de
378039,etraveli.com
378065,elemica.com
378086,ecpmf.eu
378101,epicblackjackbase.com
378111,edenic.io
378122,equifax.es
378130,edume.com
378134,embedmafia.in
378178,eventix.shop
378286,entyvio.com
378386,european-agency.org
378401,editorify.net
378421,eselt.de
378434,ellibrototal.com
378467,erkmann.de
378475,ejsauction.com
378529,emiratescasino.com
378556,elegrpcloud.com
378562,ebest.cl
378584,erisdating.com
378592,enisey.tv
378658,epicslotexpress.com
378688,e-redes.net
378693,expo.se
378752,ekz.de
378767,engage-bot.asia
378768,emsdiasum.com
378855,esipfed.org
378870,e-bada.com
378877,equiloompro.org
378881,elasticloud.wtf
378895,europeanvoice.com
378905,eslteachersboard.com
378938,eloshapes.com
378953,equifax.ru
378999,ericksonseniorliving.com
379008,extraclasse.org.br
379015,elprofessor.fr
379040,eporner22.com
379042,elogicals.com
379087,epuzzle.info
379116,experianaperture.io
379146,edekom.de
379220,ezy-hosts.com
379248,eliteluckyonline.com
379267,europeanheritagedays.com
379270,ekucpa.info
379297,epicwagerhouse.com
379307,esensja.pl
379313,easypc.com.ph
379326,eac.com.cy
379356,erbzine.com
379452,edition-herz.de
379486,elders.com.au
379521,eulji.ac.kr
379658,entelvias.com.br
379659,electjon.com
379707,emmi-nail.de
379736,ezugicdn.com
379759,espazium.ch
379844,euratlas.net
379923,encoline.de
379991,eastcolorabby.com
379995,espo.org
380139,eautofromchina.com
380174,eolasprints.com
380178,expertsmind.com
380194,evadav.com
380219,eutmmali.eu
380223,expertexpro.com
380242,ez2ba.com
380261,escorts-in-abudhabi.com
380282,egbc.ca
380331,ezydvd.com.au
380341,evecommunity.net
380353,ezgardentips.com
380388,econoday.com
380411,explore-mag.com
380421,ezmaker.ai
380450,espaces.ca
380475,ekmglobal.com
380535,edprodpo.com
380545,extremstyle.ua
380569,empirecenter.org
380581,emtempo.com.br
380591,e-distributie.com
380600,elinformador.com.co
380620,ecolane.com
380639,easternleaf.com
380644,enahost.com
380675,edisonoptimizer.com
380691,enallaktikidrasi.com
380751,enginehire.io
380759,equifaxsecurity2017.com
380780,egisso.ru
380787,erois2.com
380841,egrp365.ru
380878,ereportaz.gr
380887,egozaru.jp
380894,embodiaapp.com
380898,ecodb.net
380946,epicblackjackpro.com
380979,etargetcdn.com
380986,endowus.com
381029,eseoul.go.kr
381047,episodecalendar.com
381058,ecomshore.com
381073,ejercito.cl
381091,e4hats.com
381098,emmafy.com
381120,e-com-net.com
381160,erp.today
381198,ekahospital.com
381239,effizienzinstitut.de
381240,espaceagro.com
381267,easylogcloud.com
381285,edugames.vn
381291,eduonline.lk
381346,ebuero.de
381349,elaw.com.br
381435,eastessence.com
381514,essential.org
381520,expert.com.ua
381580,estage.site
381684,elliemd.com
381746,ejurnalunsam.id
381777,elitespinhouse.com
381798,eduqfix.com
381811,enni.net.au
381824,espansionetv.it
381829,elektrokarniz150.ru
381835,evoluzioneservizi.com
381853,earthviewsatellitemaps.com
381895,epicmilitaria.com
381926,egmo2022.hu
381940,eastwest.com.pl
381986,etuve.fi
381993,european-funding-guide.eu
382010,esen.edu.sv
382019,evercloud.fi
382041,ellabache.com.au
382142,etudes-litteraires.com
382148,ecofleet.com
382149,eurolive.com
382173,e-value.net
382175,elliotlaketoday.com
382208,ellusionist.com
382266,elhostingdeperu.com
382273,educity.cn
382309,enrolmy.com
382314,eternate.com
382339,eqresource.com
382370,exabytes.net
382438,eskill.com
382440,echarme.it
382470,edisoft-dz.com
382482,edirneeo.org.tr
382525,eclipsetravel.com.au
382532,evropharm.ru
382582,evocsports.com
382618,engineercy.com
382640,everialife.ru
382644,ebhusa.com
382665,enviweb.cz
382718,englishgcse.co.uk
382723,ezql.shop
382769,evebattery.com
382777,ergonomics.org.uk
382799,eazypeazymealz.com
382802,egitimkutusu.com
382829,etecsa.net.cu
382990,eigbox.net
382995,ecuagenera.com
383010,eduuni.fi
383125,eden-daoc.net
383129,ecertchile.cl
383236,everydayfinder.com
383263,ezyschooling.com
383287,egecarpets.com
383345,espace-emeraude.com
383365,emersion.cz
383370,electronicscomp.com
383372,eventimsports.de
383394,ejgallo.com
383416,edeni.fr
383501,energo.university
383506,elitecasinostation.com
383517,erc-distribution.ge
383578,egyhosting.com
383613,eztestpools.com
383617,eomail6.com
383689,economistgroup.com
383695,environmentalintegrity.org
383702,ebmpapst.net
383727,elgi.com
383782,evs50.com
383800,evripidis.gr
383829,ecb.de
383888,external-ng.cash
383966,easyparts.ua
383970,escapegames24.com
383989,endocrino.org.br
384000,elastx.net
384003,excelcloud.my
384010,edgedoor.ink
384082,exxxposed.net
384098,eargo.com
384120,epicroyalgroup.com
384122,europroject.ru
384180,etaiwannews.com
384315,etalabs.net
384365,enp.edu.dz
384402,e-n-v.net
384415,eqt.com
384417,elegantdesignsshowroom.com
384419,express-scripts.ca
384443,erocdn.net
384477,elimelight.uk
384525,emp-online.com
384535,e-signlive.com
384537,easygoconnectt.com
384545,eurocamp.nl
384576,eventim.hu
384616,etawen.dev
384666,ecohabitation.com
384667,ermanibuddie.com
384675,emberpoint.com
384710,ensoconnect.com
384735,exposure.support
384759,emeralddirectory.com
384784,eplaque.fr
384811,ersatzteil-service.de
384875,edilivre.com
384911,ethdenver.com
384938,eyefi.com
384940,eastsierra.net
384962,e2news.com
384968,endtime.com
385064,economiaynegocios.cl
385099,ereadingworksheets.com
385122,endo.com
385136,elk.zone
385158,elcanet.nl
385177,eshkol.xyz
385203,elemro.com
385235,euroswapper.info
385267,ecrans.fr
385334,ejercito.mil.uy
385342,egopay.ru
385349,euronics.es
385359,erfworld.com
385381,everlab.com.au
385383,ellucid.com
385396,easternleaves.com
385502,esoterica.de
385508,ekosport.es
385532,eblog.hu
385544,er76.ru
385560,exiledonline.com
385563,esbdgef.com
385576,eaglebrand.com
385609,erodalabs.com
385712,euroskateshop.nl
385739,espinoinsurance.com
385745,elovedolls.com
385768,elasticnetwork.com
385793,excify.com
385809,elioplus.com
385826,emaanlibrary.com
385864,easy-dnshost.com
385880,eo.pl
385898,erdosproblems.com
385918,elrellano.com
385923,expensya.com
385986,el-badia.com
386004,edcn.net
386019,expertoanimal.com
386043,egorgorich.icu
386174,electroneek.com
386181,ee88i.vip
386254,elrant.team
386403,ettu.org
386463,euroelectronics.eu
386492,eands.com.au
386520,educima.com
386550,emuca.com
386621,epdf.mx
386626,emidica.com
386670,edcgov.us
386679,esupplierconnect.com
386703,eyemarket.co.kr
386718,e-scott.jp
386782,ebosscanada.com
386816,earnthenecklace.com
386842,emailtracking.ru
386861,extpost.ru
386880,express-tehbud.com
386906,e-cigclouds.co.uk
386944,eslimdiet.com
386998,empireofminis.com
387005,exberry.com
387006,ev.com
387023,edjvntge.uk
387032,er4uenterpriseplus.in
387090,everydayonsales.com
387132,exportnames.com
387143,edustoke.com
387151,eduhi.at
387163,embassy.qa
387196,elga-best.com
387205,epieos.com
387243,elfarodemelilla.es
387292,epiqnotice.com
387303,eclicklink.com
387328,editions-legislatives.fr
387354,edns.biz
387355,ericap.com
387367,easy-collections.com
387375,editions-eni.fr
387382,exejeans.cz
387407,ewtnreligiouscatalogue.com
387515,elgrafico.com
387555,e-voice.org.uk
387650,epicreelslounge.com
387786,empleo.gob.mx
387842,electricvehicleforums.com
387869,earlybreastcancer.com
387917,estofex.org
387928,elitecardspoint.com
387953,echizen.lg.jp
387957,e-frontier.co.jp
388081,eltallerdelmodelista.com
388132,ethanmarcotte.com
388202,erogames.to
388225,ebookbbs.com
388278,espanahosting.es
388314,eunet.lv
388327,ehosting.com.au
388331,evinitech.com
388346,elternnachricht.de
388361,enfermedades-raras.org
388394,ediscdns3.com
388401,earthquake.tw
388450,ecdatasys.com
388470,eiffagebenelux.com
388484,euroaptieka.lv
388501,ent.lc
388546,empowerfcu.com
388569,esolutions.net
388594,eslvideo.com
388627,e-purifier.com
388657,epagri.sc.gov.br
388686,e-ptolemeos.gr
388708,estel.pro
388713,europe2.fr
388735,emc-corp.net
388787,easysav.com
388788,eksiduyuru.com
388810,eaul.shop
388856,epepea.com
388903,eat.ch
388926,estylecdn.com
388957,epsab.com
388977,employment-california.com
388996,earthviewmaps.net
389021,ernestarugs.com
389038,extra.fr
389099,eustat.eus
389147,evides.nl
389162,epharma.com.bd
389190,euclim.com
389209,exellent.be
389219,ed-live.de
389236,econoweb.be
389241,elitegamingdaily.com
389278,elpueblodeceuta.es
389302,eurosky.social
389315,eucms.cc
389357,e-lindsey.gov.uk
389411,engels.uk
389423,enet.it
389436,eosphere.io
389470,esso.de
389490,eligetunumero.cl
389511,eticaret.shop
389522,edufever.com
389527,earthcalendar.net
389535,ecovis.global
389538,energymntr.com
389540,evowars.io
389571,eventmaster.ie
389577,ex-tic.com
389609,ebuddy.com
389615,eltribunodejujuy.com
389652,encuestafacil.com
389657,euroskateshop.se
389665,elevateab.app
389693,ensma.fr
389709,endelcdn.net
389724,eurogirlsescort.fr
389725,expedient.cloud
389748,exness.co
389813,ebookjapan.jp
389814,eds.at
389821,esim.io
389866,enardo.gg
389922,eglinfcu.org
389939,emergencyplumberservices.com
389962,equator.com
389971,eaglesland.com
389994,eventify.io
389999,earlybird.at
390000,e-queo.xyz
390071,evnreport.com
390074,eleicoescandidatos.com.br
390079,eroeronavi.com
390082,endurance-info.com
390090,elec-co.ru
390101,econojournal.com.ar
390113,edgesupply.com
390145,epicatomic.com.tr
390216,epicpalacedaily.com
390241,eniplenitude.fr
390249,eonecloud.cloud
390305,eliluu7u.com
390306,elnusapetrofin.co.id
390307,erie-construction.com
390308,eriemetalroofs.com
390309,erieroof.com
390310,etrump.net
390358,ebest.co.jp
390428,educacional.com.br
390441,egger-russia.ru
390451,expandrive.com
390474,ecampusontario.ca
390492,eliteblackjackhouse.com
390524,esys.at
390533,eb.br
390589,electricstores.com
390593,ecookna.ru
390623,enterprise.health
390638,elitebettingmarket.com
390654,elxer.com
390759,ecssr.ae
390777,eurobooks.sk
390797,edgereg.net
390871,europe-nikon.com
390896,edmondsonsupply.com
390911,eyelidsreadingglasses.com
390946,esprit.com.pl
390955,esquio.net
390972,evergreen-hotels.com
390976,e-food.nl
391008,echelon.nl
391018,euro-assurance.com
391048,epilepsybehavior.com
391049,evva.studio
391060,e5n.com
391084,eidos.co.uk
391094,eolo.eu
391113,ethnews.com
391157,emailanalytics.com
391158,experienciajuridica.net
391183,epicpokerpoint.com
391200,electric.coop
391275,euro-sat.de
391302,epicenter.works
391345,exmed.net
391348,e-hentai.fr
391369,emd.dk
391456,elle.co.jp
391474,exleasingcar.com
391476,e-c-group.com
391484,ebnerstolz.de
391538,el-zap.ru
391558,espace-ethique.org
391571,elsaelsa.com
391579,epte.fi
391580,ewe.com
391621,engagedmd.com
391664,edotec.ro
391689,eagle3dstreaming.com
391697,everykidoutdoors.gov
391705,entethalliance.org
391739,epay.com
391745,efe.es
391762,efulfillmentservice.com
391772,eatingrecoverycenter.com
391785,egltours.com
391825,ehrmann.ru
391826,errante.com
391864,earthley.com
391980,europa-lehrmittel.de
391993,echosevera.ru
392040,estointernet.in
392056,emishealth.com
392174,emkolbaski.ru
392185,enthealth.org
392217,evergladesfarmequipment.com
392245,edsystem.cz
392255,embedmaster.link
392259,elastic.group
392271,ecotextile.com
392273,expertpaperwriter.com
392279,edayfm.com
392292,exhibitforce.com
392312,elektroplasmamusik.eu
392337,exactfarming.com
392372,elnino-parfum.pl
392383,econsumer.gov
392395,enar-eu.org
392408,elearnmarkets.com
392432,exchangerates247.com
392468,extrabom.com.br
392489,edition.mv
392512,eventsearch.jp
392520,e-yakutia.ru
392624,evgeniioneginchip.site
392639,enflexion.com.au
392671,entware.net
392708,exnet.co.uk
392716,everstage.com
392727,elgourmet.com
392736,etenders.gov.ie
392740,electionguide.org
392749,elitesupps.com.au
392757,esig.ly
392792,elerts.com
392800,epicwagerpro.com
392840,exceedtech.net
392863,ebcdecisionaid.ca
392884,el-kassa.online
392901,extrapneu.cz
392917,ezamawiajacy.pl
392936,ender.com
392970,eliteanglr.com
393051,engelstorg.ru
393052,evasivejar.com
393055,empro.ai
393056,enervit.com
393090,e10100.com
393117,eavalyne.lt
393127,efinancialcareers.co.za
393143,edoncn.com
393174,ehrmanblog.org
393182,ebrandon.ca
393207,ecojoko.com
393216,ex2b.com
393222,edtk.co
393231,evolutiontv.mx
393248,evental.icu
393252,eoscpilot.eu
393281,everydaypets.co.nz
393311,enfoquenoticias.com.mx
393390,evolveauthoring.com
393466,epsicloud.net
393481,extccp.com
393495,exe.in.th
393515,erotictube.xxx
393529,elknet.pl
393540,ev-7discgolf.com
393566,event.com.cn
393576,esahra.ir
393578,evroopt.by
393580,eurotops.de
393583,expressodasilhas.cv
393584,eukanuba.com
393609,ecms.pl
393611,explorimmoneuf.com
393612,ecolinkfiber.net
393697,eastsidegames.com
393787,ebl.com.bd
393892,entermediadb.net
393918,ezyflight.se
393928,emlakkatilim.com.tr
393950,e-file.com
394078,everpass.com
394107,esletras.com
394128,edsby.com
394161,evercast.us
394163,elareap.top
394177,ekirikas.com
394250,escapefan.com
394280,emasesa.com
394300,educecloud.com
394310,europuppy.com
394392,exponentialview.co
394412,epicgamblecentral.com
394420,emueagles.com
394447,ecomt.com.br
394468,emerson.cn
394477,extrafarma.com.br
394484,evoluhcion.es
394492,europa-camion.it
394526,eliteslotworld.com
394534,elliatt.com
394555,emploisenegal.com
394557,e-liquids.uk
394713,equisoft.com
394717,etfchannel.com
394726,energy-community.org
394746,elmah.io
394864,elietahari.com
394886,elitecardsnetwork.com
394892,elitejackpotstudio.com
394901,ecpbuilder.com
394915,e-5-d-e.com
394930,edutic.id
394940,emiratesre.com
394982,eemnd.com
395020,ericfavre.com
395022,edilnet.it
395073,enterprisedna.co
395093,elga.net.id
395146,eil.co.in
395148,e2-1.dev
395166,elpuertodesantamaria.es
395167,ergos.com
395174,eseminar.tv
395182,electrolux.com.ar
395216,ereey.net
395223,esr.cri.nz
395312,epicarenamarket.com
395351,ecosoft.ua
395373,escapevirtual.com
395391,eyekeeper.com
395394,eipkacbrq.cc
395456,eposten.se
395462,everify.gov.ph
395481,expertpay.com
395491,ezproth.com
395516,eurohosta.de
395540,easyphp.org
395566,e-knigi.com
395621,e-web-directory.com
395653,eschool.de
395711,enova.no
395716,eumamae.com
395758,etihadairways.com
395772,erfahrungen.com
395786,erima.de
395789,earlymoderntexts.com
395810,evolo.us
395814,enapter.ninja
395848,eaglequad.online
395860,ehoganlovells.com
395882,englishforward.com
395883,ezze-pay-me.com
395892,easypayfinance.com
395900,euroresidentes.es
395924,eliteslotcentral.com
395927,eat-paint-love.com
395948,emeraldx.com
395992,exabanque.net
396021,erneuerbare-energien.de
396086,elev8trading.now
396087,emuncloud.com
396097,evocdn.cc
396100,editdns.de
396143,equitybankgroup.com
396274,earthshoes.com
396281,entail.ai
396298,easygoglobal.com
396319,erowall.com
396362,eeju.com
396364,elviscostellofans.com
396384,exberliner.com
396385,ekarta-ek.ru
396404,ema.co
396442,eurosport.com.tr
396460,energyandpolicy.org
396466,evilhat.com
396484,encrypt.me
396503,e-dialog.com
396567,education.vic.gov.au
396574,everrich.com
396593,epiccardsstation.com
396628,experian.com.my
396669,ejc.net
396678,elb.com.pk
396743,ezxproxy.ru
396855,epapr.in
396868,enriqueiglesias.com
396925,evelinecosmetics.com
396927,evotech-performance.com
396958,emiralmedia.ro
397022,emastercam.com
397027,enchor.us
397046,eurofrance.cz
397075,energy-cities.eu
397084,ec-m.fr
397102,eurocajarural.es
397103,emprising.com
397141,escorthun.com
397145,emons.de
397218,ecfn.ru
397221,e-postbank.bg
397245,epicpalacenetwork.com
397346,emizentech.com
397363,emiratesislamicbank.ae
397372,economistas.es
397392,etnoxata.com.ua
397488,ecologycenter.org
397504,ecosdelcombeima.com
397507,elegosoft.com
397537,edukacija.rs
397555,ellspot.de
397650,ecomation.net
397662,echofocus.nl
397677,egrz.ru
397678,esupplier.com
397720,ebank.com.eg
397730,especial25anos.blog
397791,everydaytools.mobi
397797,egecko.cloud
397800,eeyxjjvx.cc
397840,elitehostservers.net
397855,efginternational.com
397915,electionbuddy.com
397927,everydayporn.com
397987,educationnews.org
397988,europacalcio.it
398047,eko.org.pl
398118,examcollection.com
398122,eupati.eu
398196,engwe-bikes-eu.com
398210,epicvipdaily.com
398219,easeye.com.cn
398243,eprica.ru
398272,e-petrol.pl
398298,ehosting.cz
398307,ecmsrvcs.com
398311,eb.be
398374,egeaonline.it
398375,eog.com
398392,elitechip.net
398402,esb.nu
398405,eurosport.dk
398425,e5t.ru
398463,eagcar.com
398517,e-spectacular.ru
398576,effies.com
398582,e-sbirka.cz
398591,entrecoquins.com
398609,eicra.net
398633,engie.com.br
398643,estreya.de
398684,elzzg.com
398760,entail-insights.com
398787,emusic-diy.org
398811,emacsconf.org
398820,epicblackjackplus.com
398837,eclipse1.co.uk
398845,energocontinent.ru
398856,esriemcs.com
398892,electrolux.ch
398901,electrobuzz.net
398939,event.gives
398965,elreidelarajola.com
398966,entirelypets.com
399008,eventingnation.com
399014,euroskateshop.uk
399059,emezk.ru
399149,electriciansforums.net
399199,evergabe.de
399206,evestment.com
399225,edises.it
399239,explorationpub.com
399255,easymail.ca
399270,escapeforum.org
399313,estcams.ee
399316,esellerate.net
399358,elitesports.com
399372,etgroup.info
399374,endgame.info
399398,easycrochet.com
399414,economistdatateam.com
399492,elephantlist.com
399503,einsfestival.de
399508,einval.com
399543,eintragnews.de
399565,eastlondonmosque.org.uk
399585,elma.fi
399611,effectivemeasure.net
399630,eos-serviceportal.de
399633,envie.org
399644,epochtimes.jp
399661,ebuch.de
399705,eldinero.com.do
399713,evoca.am
399783,etfs.ae
399836,elecard.com
399907,elking.vip
399973,epimedmonitor.com
400020,electronics-diodes.com
400081,eurorad.org
400095,espivblogs.net
400097,etsecureserver.com
400109,express-bank.ru
400192,edmontonoilers.cz
400196,elvis.com.au
400210,ebayimg.cn
400228,editions-tredaniel.com
400268,eflowsys.com
400332,expatschoolskorea.com
400355,ebitans.com
400407,ernte.de
400435,evand.com
400448,exmatrikulationsamt.de
400449,esens.kr
400557,eroboom.net
400583,etokavkaz.ru
400588,easyco.com
400743,emediawire.com
400761,ender-informatics.ch
400790,e-c-shop.com
400799,eva-digital-playground.com
400809,eileandonancastle.com
400824,equiloompro.cfd
400848,ev-volumes.com
400899,edeka-foodservice.de
400923,exchanger24.org
400929,ecliente2.com.br
400937,elitejackpotzone.com
400995,eigaland.com
401001,edisk.cz
401028,escrypt.com
401030,eggsok.com
401031,epigenesys.eu
401047,esennce.cz
401048,eliveragroup.com
401113,elephant-cnc.com
401145,ecovacs.cn
401166,europosteri.hr
401170,euroapprenticeship.eu
401202,ecmedia.ca
401209,emmainc.net
401234,ewsgd.com
401258,expeditersonline.com
401268,ebisu-fudousan.com
401287,ead.com.br
401318,evg.gov.br
401436,emermedica.com.co
401446,euroweb4you.eu
401516,empire-cat.com
401548,exercito.pt
401554,evertaleserver.com
401565,ecolo.be
401595,elitecasinobase.com
401599,enikonomia.gr
401607,etts.sh
401626,ezbsystems.com
401730,enbeauce.com
401805,enracha.es
401831,empowernetwork.com
401880,emr.ch
401883,eurobuch.com
401888,ecko.com
401889,ezprints.com
401982,ebiz-directory.com
401996,elecont.org
402023,estro.org
402030,emojimagic.io
402053,eu-slimdietlife.com
402086,eyangtogel.buzz
402131,eias.ru
402140,eaglecountryonline.com
402153,eomuc.de
402183,eligasht.com
402206,energia.ie
402210,exhost.com.au
402223,exploretalent.com
402232,elitevault.nl
402250,excel-downloads.com
402264,epicclubspace.com
402311,eaglezip.com
402321,epson.com.tw
402332,etlpx.com
402348,epicbettingpro.com
402356,essentialwolf.com
402417,eastvantage.com
402432,envelop-expansion.com
402480,ecampusnews.com
402503,eltiempomx.com
402518,eastsideapps.io
402527,eic-book.com
402588,estransit.ru
402614,editorinleaf.com
402665,emigre.com
402668,eurofirms.com
402705,edenor.com
402728,easy-2fa.us
402732,electrokit.com
402755,energycapitalpower.com
402764,eunittrust.com.my
402777,edlioadmin.com
402796,egegendns.com
402836,ekstrapoint.com
402867,eymenmotorluaraclar.com
402881,e107.org
402893,esc3.net
402927,emerge2.com
402930,electricallicenserenewal.com
402947,e-pandora.ua
403093,edgecdn-static.com
403096,ezofficeinventory.com
403136,exchangelabs.com
403141,edalupa.website
403161,ericchurch.com
403165,engelberg.ch
403171,elettroveneta.it
403178,esferalibros.com
403230,esatclear.ie
403247,embluejet.com
403297,eldoradogold.com
403315,enjoyjapan.co.kr
403319,evdokimenko.ru
403362,enxinlong.com
403426,esquerdadiario.com.br
403462,eaglecounty.us
403476,epexio.com
403583,easyradiology.net
403630,elperiodico.com.gt
403631,effectiveskiing.com
403668,easycreditautos.com
403686,everest.co.uk
403698,emnet.dk
403732,evps.zone
403819,eisenberg.com
403846,epremiuminsurance.com
403855,epicblackjackspace.com
403887,enerflex.com
403896,epiccardscentral.com
403919,expertscolumn.com
403966,emcloudy.com
403996,elternwissen.com
404004,empathy-portal.de
404029,edge2caster.pro
404040,elem.ru
404086,empori.se
404087,esolg.ca
404207,expr3ss.com
404243,entrysurfbot.win
404250,espirituracer.com
404275,eage.org
404300,ediysc.com
404327,elitecardszone.com
404342,espnfrontrow.com
404354,elperiodicodeyecla.com
404379,east-fruit.com
404399,exporthub.cn
404417,enreach.com
404487,elusa.de
404517,ethiomobilemoney.et
404591,ecobikecompany.com
404651,europeanceo.com
404654,economico.gr
404735,echocity.nl
404747,ead.br
404750,ems-dental.com
404780,euskotren.eus
404789,emlgrid.com
404790,eluxmkt.com
404791,elittrans62.ru
404829,enewtondesign.com
404840,educapeques.com
404843,e-shinbun.net
404858,esad-amiens.design
404861,esap.ru
404867,ece.com
404871,ekobilet.pl
404898,ecran.ru
404907,electroshoki.ru
404908,elonreptiloid.pw
404976,evecommunity.com
405021,ezp2p.com
405027,entdns.com
405077,electrikora.com
405209,easystreetrealty-vegas.com
405224,exoticwoodzone.com
405366,em-chiemgau.de
405522,etvos.com
405608,e-akademi.org
405644,eijerkamp.nl
405705,elijahlist.com
405806,enginf.ru
405831,ecopolitic.com.ua
405859,ecardoutlet.com
405867,espresa.com
405870,erstvak.com
405874,eiscolabs.com
405919,evalarm.de
405930,e-pneu.ch
405936,ed-thelen.org
405950,education.ie
405957,ensea.fr
405969,eventx.io
406063,eventphone.de
406075,elmsworld.com
406119,easyicon.net
406170,europeanvisits.com
406177,edclub.app
406228,eliamep.gr
406299,endofound.org
406329,europadisc.co.uk
406344,elgas.com.au
406363,emcl.com
406395,eazywagon.com
406417,emerge-solutions.com
406435,excathedra.co
406451,ellaskitchen.co.uk
406497,eclipse2024.org
406566,employbahamians.com
406596,easypeasyfoodie.com
406607,easyserf.top
406612,earthsquared.com
406640,europeandatajournalism.eu
406671,electrostella.com
406711,extendcp.co.uk
406718,erich-michael.de
406748,embed-googlemap.com
406779,etbu.edu
406798,engc.org.uk
406829,e249.com
406832,everythingisaremix.info
406846,euddn.net
406868,ecohosting.cl
406880,e46zone.com
406931,elasticon.com
406937,energika.id
406985,esacademic.com
407022,esbirky.cz
407025,ever-well.life
407058,evtoday.com
407076,erenterplan.com
407092,easrentcar.net
407108,ellemental.fr
407130,everty.ru
407150,eisriesenwelt.at
407189,eksu.edu.ng
407212,essencemakeup.com
407216,equestrian-centre.com
407230,everythingpromo.com
407248,esa.io
407356,edpadds.com
407389,exiporn.com
407439,everyonepiano.com
407472,elitepatiodirect.com
407498,enhost.com.br
407503,edcmeals.com
407535,engineersireland.ie
407538,evateam.ru
407541,elcontribuyente.mx
407554,esportal.com
407571,enzobertini.ro
407579,eatout.co.za
407641,educationmap.ru
407689,eq5igggjx.click
407706,eveninsight.com
407715,ef.co.id
407775,easygoingasperitydisconnect.com
407779,easy-quizzz.com
407797,exiv2.org
407810,evastore.jp
407824,emersonecologics.com
407852,eme.ru
407862,eqlwiki.com
407871,eaw.app
407874,ero-tits.club
407881,edgestreams.pro
407910,eclipsesys.live
407916,expel.io
407931,edirium.co.jp
407961,elpespunte.es
407965,epicroyalhouse.com
407982,efeo.fr
407988,epiccasinohouse.com
408012,europeandataportal.eu
408017,edv-baumgarten.de
408040,ecsdl.org
408061,ept.ca
408072,epicslotstation.com
408101,epson.it
408111,enfanttheft.qpon
408171,evasionfm.com
408176,eurobank.cy
408223,ehuhadiaghei.com
408233,epals.com
408314,exemedya.com
408322,expo2010.cn
408336,erotiskkunngjoringer.com
408380,ereality.cz
408389,elsitiodemirecreovlc.com
408431,eliteroyalhouse.com
408435,europescortguide.com
408547,emco-bath.com
408549,eliteracefab.com
408592,elbendesign99.de
408619,escaux.com
408657,egmontinstitute.be
408702,eegvcec8vcrskq12dna.lol
408717,ekacvda.com
408778,eurogirlsescort.ru
408792,exposurehub.net
408841,euromaster-neumaticos.es
408902,es-eventmarketing.de
408913,extanted1.com
408960,etoro.tw
408966,entergram.co.jp
408989,ediltecnico.it
409002,emny.com
409011,epsilontel.com
409128,enterkomputer.com
409161,enhesa.com
409165,echosdafrique.net
409202,everwilde.com
409237,exin.com
409254,enx.com
409351,eharmony.com.au
409412,equalocean.com
409481,etsgroup.ru
409484,enterprise.net
409512,email.com.br
409517,egaug.es
409542,eol.co.nz
409555,emergeortho.com
409736,e-kyklades.gr
409808,enlacelatinonc.org
409948,ecar.co.jp
410028,eva.bz
410063,ege-study.ru
410070,ezesuite.net
410073,enhauto.com
410081,evergrande.com
410096,energinyheter.se
410143,easycheesyvegetarian.com
410155,elitereaders.com
410193,erc-automatisering.net
410210,exploregloucestershire.co.uk
410221,elmogaz.com
410241,efdss.org
410245,element3ds.com
410275,esolved.com
410281,elkerliek.nl
410284,exalted.com
410316,ext-own3d.tv
410349,elon.io
410395,eurocash.pl
410420,eoni.com
410466,escritas.org
410486,eldersrealestate.com.au
410501,eliteslotsgroup.com
410515,engie.com.au
410516,elsag.it
410522,eobuwie.org
410534,ehouse411.ca
410580,eastgatefordpartscanada.ca
410618,e16811.com
410627,ethernia.net
410635,eastrenfrewshire.gov.uk
410662,elka.store
410679,engageware.com
410685,epicresearch.org
410699,elcorreodigital.com
410726,engoo.com.tw
410801,euskalmarket.com
410803,elvsoft.net
410813,erricomaria.it
410819,eisfunke.com
410824,ee88top.com
410835,ebooklibrary.org
410867,ensi.ro
411000,esenfc.pt
411060,enplus.com.tr
411126,eand.co
411292,ejuices.com
411322,etcchosted.com
411377,enhancedvoting.com
411380,etosoftware.com
411392,eplan.de
411409,ee.ge
411455,encapturemd.com
411540,elmoudjahid.dz
411542,emiratesnbdcapital.com.sa
411572,ecoleduclimat.fr
411600,economicos.cl
411606,enquiz.io
411650,enisey-servis.ru
411657,ezenhancer.ai
411695,editorajbc.com.br
411740,epicon.in
411760,eeq.com.ec
411793,etellect.com
411869,empleosrapidos.com
411875,ecoutervoir.fr
411882,ely-keskus.fi
411891,ekobieca.pl
411939,einet.kr
411956,etilika.com
412069,epceo1.com
412077,eldorado.aero
412081,edenred.ae
412101,expediafortd.com
412116,eclife.com.tw
412199,eattheweeds.com
412208,eyeofhorus-slot.de
412230,esbenshades.com
412232,escapepod.org
412278,energystroy.com
412282,embracethered.com
412291,elektrobeats.org
412302,ercim.org
412334,elitereelsgroup.com
412375,erpin.club
412381,essemusic.it
412388,economy.gov.ge
412406,els.id
412456,epicbettingdaily.com
412519,enewsletter.pl
412530,elingpark.com
412540,eliteclubpro.com
412547,esnai.cn
412569,elite-brides.com
412601,encycolorpedia.de
412611,exodirectory.com
412643,ehcp.net
412651,emas5000.biz
412656,essca.fr
412672,exegy.net
412674,elinksystems.com
412675,ekris.nl
412679,enigmaprotector.com
412720,exptech.dev
412737,edu-assist.ru
412741,esportivabet.cloud
412779,earth18090.com
412842,epccn.com
412854,eroeronews.com
412858,elconjugador.com
412860,espguitars.co.jp
412876,eternalblissyoga.com
412981,epi-haute-visibilite.com
413033,eloratings.net
413038,echoflow.nl
413057,eixdiari.cat
413083,emdmillipore.com
413103,excelr8motorsport.com
413250,esim.tools
413294,extranet.pl
413320,ejso.com
413349,epoyipiscf.net
413360,euroresina.com
413399,eridon.ua
413402,ekimemo.com
413428,eruditor.one
413440,ecommerceguide.com
413471,e-bike.com.pt
413664,eggs.mu
413672,elitecity.nl
413706,eustatsunative.com
413710,example4.com
413718,endmedicaldebt.com
413722,estate.dk
413735,ewelink.cc
413747,edisonnj.org
413811,emmen.nl
413818,exfigure.com
413851,elusionvpncom.com
413887,engravingforum.com
413902,euautoczesci.pl
413950,e-learningportal.com
413966,epicgamingbase.com
413994,edtechdigest.com
414063,elevel.ru
414074,e-begin.jp
414082,eventscouncil.org
414120,entreprosperity.co.uk
414121,eumc.ac.kr
414143,evidencia-dopravcov.eu
414153,espowerbilisim.com
414164,eventbuilder.com
414180,eurobarca.hu
414207,ezkit.net
414209,einegrossefamilie.de
414222,everhub.aero
414246,entertainease.com
414302,experis.com
414329,extractlabs.com
414423,elecfreaks.com
414462,e-ams.at
414563,esc-configurator.com
414573,earcandymusic.biz
414578,elcid.com
414617,eibl-it.com
414635,edegem.be
414662,eternalperfumeoils.com
414675,electriccalifornia.com
414700,evrazsteelbox.ru
414714,eliteroulettestudio.com
414771,edusdu.com
414808,esculab.com
414844,evangeliums.net
414880,electroon.com
414952,evg-online.org
414970,easyiran.org
414971,email.ne.jp
414983,earncrypto.com
415009,epicjackpotcentral.com
415065,edgeofexistence.org
415096,earthcharter.org
415107,equi.life
415135,eksworkshop.com
415136,elitis.fr
415146,euclinicaltrials.eu
415165,expocad.com
415210,elaan.ir
415220,ersitehosting.com
415230,egq8a3k.com
415250,erqu9.cc
415251,eurorc.fr
415316,epitonic.com
415344,exyte.net
415357,elmwatin.com
415410,erai-raws.info
415465,ergolutions.de
415526,elitecloudserver.com
415592,ens.ru
415619,eloquant.cloud
415623,edxpills.shop
415655,elkimarket71.ru
415701,emojitool.com
415716,egncw.com
415780,everfyq.com
415858,elvolcan.cl
415979,epicjackpotstudio.com
415998,escapegroom.fr
416019,ebh.vn
416035,esmaelmorais.com.br
416037,everythingbranded.com
416053,eicc.edu
416075,european-athletics.org
416123,expert-writers.net
416171,eventpay.jp
416236,easycosmetic.nl
416237,earth-fault-indicator.com
416245,emailbenefithub.com
416251,employeeexpress.gov
416255,emphasys.net
416307,equisearch.com
416310,economoves.co.za
416329,ewingsubaruofplano.com
416355,einforma.pt
416390,ekushey-tv.com
416396,eurocasetas.com
416463,evape.kr
416568,esoft.com.mx
416599,echo-questions.com
416611,epicvipplatform.com
416649,elaborare.com
416658,eshe.club
416686,eima.it
416707,evmoh.com
416713,embed.digital
416737,endorfina.shop
416761,elasgo.ru
416787,empressofdirt.net
416800,eib-rz.de
416823,ejeprime.com
416838,easystaff.io
416840,echo-pilot.com
416866,edgestream3.pro
416871,europa-cinemas.org
416895,evergoods.us
416927,ebonybird.com
416968,esmt.org
416994,ethereal.email
416997,eragon.re
417088,enex.market
417150,eurasiaaz.com
417157,erocamsclips.com
417186,efinancialnews.com
417192,euro-park.ru
417223,eaglesnestoutfittersinc.com
417251,easyspin.org
417299,estrellagalicia.es
417356,ecigplanete.com
417359,ewii.dk
417364,eurocoinhouse.com
417386,elitetourseries.com
417438,easy-hosting.net
417468,eversolo.com
417494,econofitness.ca
417530,elmedicointeractivo.com
417565,eventsxpo.com
417587,eugoeast.com
417609,enana.com
417652,extenship.com
417690,ermak-termo.com
417694,esbnetworks.ie
417714,eleanorapp.com
417729,emi.com
417736,eosdns.com
417753,e-reading.pw
417805,elitereelscentral.com
417825,easyportaler.cyou
417891,emeris.ac.za
417901,eliteclubspace.com
417931,examiner.ie
417958,easybreathe.com
417971,easywpsmtpapi.com
417977,escala.com
417987,edoc-online.com
417992,engage-ai.co
418001,edenristorantemontevecchio.it
418048,evpowered.co.uk
418080,e-pfg.ca
418107,eternityzone.com
418190,europuls.eu
418195,ejpress.org
418196,ewaucu.us
418226,e-carnavalskleding.nl
418230,ecran-total.fr
418240,elisaindustriq.com
418256,eurokos.lt
418268,envisionhw.com
418293,edenred.ro
418308,extendnet.co.uk
418352,epglogos.de
418386,emailwire.com
418390,echonetwork.nl
418401,everpro.id
418435,earnkaro.com
418449,exsbs.net
418534,equeo.info
418545,editioncollector.fr
418557,eggsnthingsjapan.com
418570,e-id.cards
418573,emive.com.br
418586,emagister.it
418678,errio.net
418697,eproshopping.fr
418702,exym1.com
418734,ecosalon.com
418800,elroq-forum.de
418819,extremeonlinestore.com
418899,e-ergaleio.gr
418903,emucasino.com
418927,easy2visit.com
418933,exhibilogist.com
418937,enterpriseintegrationpatterns.com
419039,elevateaccounts.com
419054,ekey.net
419116,elesapiens.com
419126,einfachtoll.com
419143,epikchat.com
419144,eet.energy
419193,essi.fr
419220,eblib.com
419231,eastcree.org
419250,eastgame.org
419280,e-medest.pl
419308,enginelabs.com
419321,ezstorit.com
419350,eyeofhorus-slot-online.top
419361,erasmusmagazine.nl
419396,elplanetaurbano.com
419397,edmundsassoc.com
419419,etcetera.com.mx
419464,elitewagerplatform.com
419480,europosters.ro
419509,eurovilla.hr
419516,editing.services
419527,emc-directory.com
419534,emsigner.com
419537,ewlucm.com
419549,entertainment14.net
419590,ezloan.io
419605,enceinte.com
419647,eosinbesouth.com
419653,elnueve.com
419674,eatnpark.com
419701,egalaxy.gr
419716,editboard.com
419742,emishub.org
419805,elementsuite.net
419811,erasmusplus.it
419842,elitecasinogroup.com
419904,ebanko3.casino
419928,extraits46.site
419952,erembusiness.com
419971,evar2.com
419984,erecording.com
420024,easipass.com
420035,elheraldodesaltillo.mx
420103,expo-trends.ru
420117,emofree.com
420121,eficode.com
420216,economicpolicyjournal.com
420232,eclassical.com
420261,eatdustclothing.com
420297,enloe.org
420310,enterprisego.com.sg
420326,entertainmentheute.de
420327,ezine.bg
420352,e-pos.link
420358,errin.eu
420374,etiqa.com.my
420470,editions-jclattes.fr
420501,elitejackpothouse.com
420518,eigenheim.de
420527,erisgraph.es
420545,estradas.com.br
420582,europastar.com
420607,esow.com
420609,extfilecontinue.cc
420643,exacttooling.com
420673,elvingerhoss.lu
420703,ehaso.de
420711,edwinvonholy.com
420716,e-vzl.com
420727,ecas-citizens.eu
420736,educations.es
420762,eeaa.gov.eg
420800,exoltech.us
420832,easywebpresence.com
420840,ejendomstorvet.dk
420847,exp.jp
420883,evangineer.net
420964,etv.co.za
420965,edajobs.com
421133,escherinhetpaleis.nl
421136,escapetalk.nl
421142,external.com
421153,econs.online
421159,eurocarparts.com.ua
421169,easternmarine.com
421173,evo.cloud
421180,expertoautorecambios.es
421187,extreme-developers.com
421200,elmhosting.nl
421254,e-trend.co.jp
421303,europarcs.com
421354,equestrian-hub.com
421408,epicwagerlounge.com
421431,estet-portal.com
421445,e-tla.com
421471,excavator-spareparts.com
421487,ecmvape.com
421493,eabids.com
421504,epiccardspro.com
421547,eva-info.jp
421551,entegral.net
421561,eplans.com
421583,exotravel.com
421610,esquelesquad.rip
421616,eucerin.fr
421646,eu2m.net
421680,erad.com
421722,ekdd.gr
421729,ebok.no
421731,emporioarchitect.com
421743,efca.org
421746,eclectick.net
421784,everythingwine.ca
421801,elitecasinoexpress.com
421812,edu-rosbiotech.ru
421835,emo-hannover.de
421845,expressvpn.xyz
421866,enzopennetta.it
421883,enigmaonmain.com
421891,envisiontuning.com
421914,ess.do
421921,europeanbiogas.eu
421922,eckart.net
421950,edunet.net
421980,epicjackpotpro.com
422002,engagelab.email
422019,elix-create.fun
422032,easyparts.com
422081,equilibra.it
422111,ems.org.eg
422144,entori.jp
422183,erothots.ru
422193,e27.es
422212,everydayresources.com
422278,eurekafurniture.com.au
422284,e-adm.com
422310,ellemental.hu
422445,eximbay.com
422466,escortface.com
422471,eso.bg
422473,evup.com.br
422547,ekpd.kz
422550,eurodel.no
422551,e-optikon.gr
422574,ejarn.com
422582,eximbank.com.vn
422586,e-racuni.com
422594,engoo.co.kr
422609,edgewoodhealthnetwork.com
422612,ettasembrace.com
422633,enjoyfive.com
422664,eatgoed.nl
422671,e812c.net
422714,exametoxicologico.com.br
422717,erozone.com
422725,esforces.com
422734,endchan.org
422739,etot-domen-prodayotsya.ru
422752,eza-ezy.site
422781,ecp.org.br
422823,e-liance.net
422829,echo-host.com
422836,evercars.com
422864,ecn.nl
422868,electronics.org
422894,elkh.de
422896,everycamgirl.com
422897,ecosoft.group
422920,extendedclip.com
422935,ens.enterprises
422952,essencialponto.com.br
422992,enterprisesananya.com
423008,easygosconnect.com
423022,economymagazine.it
423036,epicslotpro.com
423054,empiricalsecurity.com
423083,encodepackaging.com
423084,excavatorparts-mall.com
423197,experimenta.science
423201,eodhistoricaldata.com
423217,efir-net.ru
423247,eduscho.at
423304,elmos.de
423338,epicreelsdaily.com
423372,ellearabia.com
423378,entee.co.uk
423450,ethosdistro.com
423506,elektricheskie-rulonnye-shtory15.ru
423508,elasticgov.com
423523,entelicloud.com
423527,everforex.ca
423545,ebreliders.cat
423627,emporium.si
423647,everettpost.com
423664,everworkx.de
423682,e-cep.org
423720,equiterre.org
423726,edmond-de-rothschild.com
423771,einforma.co
423780,esfwholesalefurniture.com
423840,echoeseq.com
423853,edusense.app
423857,easycloudcdn.com
423920,edelweissmf.com
423945,eatbydate.com
423948,echosrecordbar.co.za
423983,eq3.com
424030,ekaigotenshoku.com
424031,erzincankursmerkezi.com
424042,elasticsearch.jp
424048,euro-sat.biz
424064,ehsz.net.cn
424076,ecuahosting.ec
424109,edplace.com
424155,elsewhere.co.nz
424182,espeed.com.bn
424196,epipla1.gr
424200,ezcash98.casino
424202,eyeondesign.pl
424245,escreen123.com
424351,evoltinsights.com
424379,eequ.org
424386,eztable.com
424432,eonon.com
424446,echeck-casinos.ca
424448,esun3d.com
424478,esportnewsmag.com
424496,eckerolinjen.se
424534,e-strefa.net
424560,eftapme.com
424571,etops.com
424598,elcirmo.org
424616,elixregtech.com
424617,electrik.fr
424620,ez.delivery
424627,erkers1879.com
424643,escortszonasur.com
424644,evermoreresort.com
424664,ensv.dz
424708,elated.com
424738,ezdocs123.com
424769,enskyshop.com
424785,esbu.gov.ua
424791,everdries.com
424794,eanm.org
424802,examdiscuss.com
424819,elisabet.shop
424858,europaeye.com
424873,eastonpress.com
424915,enriquevilanova.com
424990,efusercontent.com
425011,esselleparts.it
425044,eurothermen.at
425061,eden.com
425074,elcorp.group
425097,elitepublishing.com.au
425102,emojilar.com
425150,elitewagerstudio.com
425175,extremeriders.ro
425213,edusite.su
425243,epochtimes.fr
425306,elise.com
425403,ef.com.es
425418,ecampuz.com
425474,elettrovalvole.info
425509,everydayyoga.com
425520,evil.com
425530,elmich.vn
425549,erfelijkheid.nl
425592,elomilingerie.com
425653,eximnext.com
425662,e90-forum.de
425677,edmundox.org
425701,euronatur.org
425702,ea21.jp
425706,evolenta.ru
425711,edugain.com
425729,exdomain.net
425740,elliottbeachrentals.com
425770,ef360.com
425781,esupply.co.jp
425823,euroaion.com
425834,elbasistemas.net
425860,ewtnvatican.com
425872,ecologicaldata.org
425922,evotravelagent.com
425932,excelsports.com
425988,extract.pics
425998,eurexchange.com
426004,eclipseide.org
426013,esstech.com
426034,electrocity.ie
426041,eldiasegovia.es
426045,e-meria.kg
426052,e-sharegov.us
426067,ellucian.net
426069,example-code.com
426075,epapantoniou.gr
426098,earthrunners.com
426122,emailipleak.com
426157,eomail1.com
426202,emprendedor.com
426216,ejuiceconnect.com
426239,eishockey.info
426285,erindigital.com
426303,ergodirekt.de
426305,evergreen.lib.in.us
426329,ecco-verde.de
426337,esterhazy.at
426379,everythingdinosaur.com
426459,echter.top
426491,eduhire360.com
426519,exoticghana.com
426592,elite-brides.net
426594,ertsports.gr
426612,evanix.net
426652,excedodns.org
426661,eugensystems.com
426668,exmouthjournal.co.uk
426685,elearnio.net
426705,ego-digital.io
426718,eapavi.lv
426733,efa.de
426793,exmaple.com
426798,easemytrip.ae
426813,e-liks.ru
426851,everymail.com
426865,emmaagency.net
426882,elektronicznypodpis.pl
426910,esmtb.com
426934,eswe-verkehr.de
426950,extech.com
427039,eliteautoauctions.com
427186,empro.com.br
427252,elahmad.com
427267,elliottmgmt.com
427311,ecebilisim.net
427323,endocrinologyadvisor.com
427324,eplastics.com
427341,entegral.com
427376,ersangame.com
427395,einstein.edu
427405,e-agency-china.info
427447,elearninguncovered.com
427448,equusmagazine.com
427465,ends-russia.ru
427469,ethscan.org
427477,electrorepairs.co.za
427537,evernew.ca
427594,enmotive.com
427611,edge-ai-vision.com
427621,emucoupon.com
427628,elli-e.de
427649,exherbo.org
427657,exxxopedia.com
427684,egwguns.com
427710,ejcrim.com
427739,eventsorganised.co.uk
427759,elbullifoundation.com
427855,e-r-solutions.com
427865,eurospares.co.uk
427896,escobart.pl
427916,eplg.services
427926,excellent.com.pl
427933,eaglens.net
427935,eliteroyalworld.com
427941,elac.com
427949,evolliecdnsx.com
428014,evoluzioniweb.it
428095,europeia.pt
428121,ecle.biz
428125,europages.si
428149,encyclopedia.ru
428166,enkei.com
428236,eduqas.co.uk
428244,exclusiveautomobilesllc.com
428267,electriccarsreport.com
428294,easyclosets.com
428340,ep234.com
428350,economicflash.co.uk
428358,e389win.com
428380,eg7825.com
428383,ecubug.com
428400,emmywatch.com
428492,eleme.io
428519,esforum.us
428525,elitegamblestudio.com
428560,elementssecure.com
428562,edgewisero.com
428667,egencia.co.uk
428680,epicgamingexpress.com
428717,emrsn.com
428733,eyerim.com
428794,ensenada.net
428827,euro3plast.com
428854,easydatespot.com
428867,essilor.fr
428912,eis.gov.lv
428977,eewimg.cn
429036,easyname.systems
429042,edureviewer.com
429061,elma-bpm.ru
429139,edudk.net
429140,entry.edu.tw
429278,equalizersoccer.com
429305,encyclopedie-environnement.org
429320,exportstart.com
429325,electricianforum.co.uk
429410,enforcementdirectorate.gov.in
429464,elcom-net.ru
429467,etu1.com
429473,ethoscannabis.com
429504,epicslotbase.com
429515,elnk.com
429530,enyakin.com
429553,erp-recycling.org
429556,e-qo.de
429559,etouches.com
429586,eurekaskin.com
429590,edujerney.com
429699,e-expo.net
429734,endometriose-vereinigung.de
429737,ex-sis.ru
429749,epicspinmarket.com
429789,enduro21.com
429796,evetsmart.com
429812,eurofil.com
429835,embedhd.org
429879,e-redes.pt
429916,encryptionconsulting.com
429920,energybase.ru
429978,essentialaids.com
429982,estsecurity.com
430017,epc-co.com
430090,eastlondonadvertiser.co.uk
430122,exotic-seeds.com
430153,eintopf.info
430157,enperspectiva.uy
430176,ehxforms.com
430222,eulerian.fr
430227,el1digital.com.ar
430239,epicblackjackexpress.com
430265,e-do-match.com
430281,eventcartel.com
430307,extns.net
430315,efatwa.ir
430378,eastcl.com
430387,eiasmo.ru
430392,erozuna.com
430398,ez-pay.io
430411,europebet.com
430419,ezxproxy.cc
430426,ecgnetwork.co
430441,einsatzleitstelle-northeim.de
430446,eselfserve.com
430504,ebonylog.com
430588,ebrofoods.es
430621,ehost-sa.net
430636,edigno.nl
430655,erzgebirge-tourismus.de
430657,e-dem.ua
430706,elementcraft.ru
430725,egyptianmuseum.org
430731,examiner.net
430751,e-dructer.com
430767,exorigo.pl
430855,efp.org
430887,easyauth.net
430888,efidelity.it
430889,emuwarez.com
430890,eteams.cn
430891,evitas.com
430956,emilylex.com
431005,efacec.pt
431017,evoquedcs.net
431022,eliteworldhotels.com.tr
431036,englishpen.org
431044,easyadsapp.com
431073,enlit-asia.com
431102,emiratesnbdpay.com
431122,ext-ultimatix.net
431139,ebravo.jp
431148,ehotelag.com
431179,express.ru
431215,easternphoenix.cn
431239,edituratrei.ro
431276,ee888pg.com
431287,en-attendant-nadeau.fr
431290,elmotorista.es
431309,esim.plus
431319,enelint.global
431358,el-ahly.com
431436,e-apteka.com.ua
431448,elements-apps.com
431468,exotickenya.com
431497,elitewagermarket.com
431550,e-katalog.ru
431596,egmanevents.com
431669,ebonybase.com
431671,expressbusinessdirectory.com
431686,e-nitiative.eu
431720,entegreeder.com
431733,elesi.com
431772,elkomp.ru
431777,einrichten-design.de
431869,editsignal.co.uk
431890,epitomeofedinburgh.com
431929,eathappy.de
431965,elsie-sante.fr
431976,exo-cms.in
431986,experian.cl
432010,europe-connection.com
432022,editorialmd.com
432047,echodaily.nl
432064,elecpros.fr
432065,eyesonscreen.co.uk
432110,everymanhosting.com
432111,exetercityfc.co.uk
432183,eliteluckynetwork.com
432189,euskadikoorkestra.eus
432197,espacio-seram.com
432216,energiezukunft.eu
432264,energisa.io
432283,educreations.com
432284,eurogirlescort.it
432342,ehowenespanol.com
432373,epirusgate.gr
432377,e-base.gr
432448,embajada.gov.co
432462,efeindonesia.com
432511,eanlibya.com
432537,etrasparenza.it
432552,extime.com
432586,ecuagol.com
432609,elnueve.com.ar
432638,esx-hosting.net
432640,endof10.org
432652,elegantmoments.com
432681,enesi3.it
432722,epicluckylounge.com
432791,email-a.com
432806,educationhost.co.uk
432815,ecodes.org
432836,exalodns.com
432844,ellecisystem.it
432857,energyzero.nl
432861,e56dteb.com
432883,egis-otb.ru
432925,evmagazine.com
432935,educationalappstore.com
432965,echochat.live
432969,epafos.gr
433043,engage-sports.com
433054,execulink.ca
433060,epson.co.th
433076,ezconnect.to
433079,exporo.de
433101,excelii.com
433111,emi-courses.ru
433124,eccotemp.com
433134,english1.com
433216,etime.ltd
433224,entetanitim.com
433236,edirecthostx.co.uk
433240,eapi.info
433330,every.ru
433339,easybranches.com
433389,egy.best
433404,egmcartech.com
433420,equipnet.ru
433425,exorigos.com
433479,emailimagecdnr8z1.com
433493,endeavourenergy.com.au
433531,emaillisttracking.com
433565,enddc.be
433601,eft.com.br
433604,espial.io
433667,erlangga.co.id
433689,elitehavens.com
433715,enegel.ai
433729,eavideo.net
433772,epicclubbase.com
433811,exedb.com
433848,eduprosvet.ru
433856,eedition.net
433871,enaco.de
433941,englishjobs.de
433970,ensingerplastics.com
434048,earthwisepet.com
434076,espace-recettes.fr
434140,elixir-belgium.org
434145,eease.com
434151,evoblast.ru
434156,eliteblackjackcentral.com
434192,epicspinplatform.com
434198,electroandcompany.com
434245,ecosdanoticia.net
434268,evenbetgaming.com
434303,ematicsolutions.com
434322,elfa.com
434349,e-wczasy.pl
434351,edtimes.in
434390,esc2.net
434396,exozet.com
434398,expopharm.de
434399,easytel.top
434435,enkocaeli.com
434451,etandau.gov.kz
434472,equiloompro.net
434477,egyszervolt.hu
434497,ecchicix.com
434509,evh.de
434587,envy.nu
434606,essibox.com
434607,emok.io
434621,enefit.ee
434626,edinburghleisure.co.uk
434772,eldiariodeguayana.com.ve
434774,ecocash.co.zw
434775,etsregion.ru
434827,ecollege.com
434875,editionf.com
434917,eurlexa.com
434950,egitana.pt
434998,electroline.cy
435000,eevshop.ch
435015,ecohostingperu.com
435023,etonnants-voyageurs.com
435051,es2u.com
435079,eudns.nl
435083,escr-net.org
435087,ecbeing.io
435090,e26q.com
435123,elitemetaltools.com
435141,edusev.ru
435144,enginehub.org
435162,exiledexchange2.dev
435165,ezydns.net.au
435228,eudc.cloud
435253,eksobionics.com
435366,ehs.sk
435383,edenprojects.org
435448,energy-robotics.com
435455,eboighar.com
435457,encore.dev
435462,ezadmin.co.kr
435515,efinans.com.tr
435523,ecardforest.com
435558,epproach.cloud
435565,evoqua.com
435573,energielabel.nl
435600,ecoweb.ch
435608,eao.com
435639,entschiedengegenkrebs.de
435653,eorqen.ir
435673,einetwork.net
435687,enschool.org
435740,earlytorise.com
435758,europeanpetfood.org
435776,electrogor.ru
435791,eazy.im
435845,entradaweb.com.ar
435882,espaceproshop.com
435887,elainemedia.de
435994,energynow.ca
436033,ebonypulse.tv
436036,egyptra.pro
436043,endezo.com
436052,efappy.com
436071,echoclub.nl
436090,elo-forum.org
436097,easystreetrealty-tampa.com
436104,electroschematics.com
436112,enfababy.com
436232,ehrintelligence.com
436236,elitegamblepoint.com
436246,essenmitfreude.info
436254,egoitzaelektronikoa.eus
436262,errorism.co
436293,everything-pr.com
436326,euroclearproxy.se
436379,excelrenforcement.com
436545,employersforwork-lifebalance.org.uk
436555,evergentpd.com
436569,editor.si
436585,emmetistore.it
436598,ero-labs.top
436706,enderman.cloud
436726,etfdailynews.com
436773,edreform.com
436803,entryhost.com
436809,eliterature.org
436811,evokeplc.com
436817,exceliran.com
436823,empirekino.ru
436824,english.cool
436834,easyenglish.bible
436865,elloproducts.com
436891,energosale34.ru
436918,envoketalent.com
436927,electronic4you.de
436931,emtpalma.cat
436945,eldial.com
436957,everygunpart.com
437035,ediciel.com
437080,eastbabes.com
437106,ephi.gov.et
437135,euronics.ie
437160,edwldfc.com
437173,ekranelita.eu
437195,empresa.co.uk
437273,eurasia.travel
437303,ekspp.com
437333,essetresport.com
437368,eskisehir.net
437369,eurodyn.com
437377,edu.gov.by
437400,epicpalacehub.com
437429,eurekster.com
437440,eeri.org
437502,econhostings.com
437515,emeis.fr
437525,exclusiveclub.com
437553,ethos.network
437607,evangelistjoshua.com
437611,earlychildhoodaustralia.org.au
437613,eastpop.online
437620,escambray.cu
437682,erbsloeh.com
437685,eatwellguide.org
437696,ekklesia.co.uk
437711,energiesparen.be
437735,escort.dk
437753,e-ceo.com.tr
437766,especialneeds.com
437768,emathhelp.net
437824,elgipi.es
437870,echtemamas.de
437899,educly.app
437928,eliteluckymarket.com
437954,eventilla.com
437956,englishforum.ch
437965,europeaninterest.eu
437983,education-ni.gov.uk
438008,e-mince.cz
438036,exceptionalstockperformers.com
438071,emel.pt
438081,ezlo.app
438099,eventindustrynews.com
438100,eventcube.io
438180,exit109.com
438211,esldiscussions.com
438212,expresspharma.in
438221,edenred.mx
438227,e-a-site.com
438230,eibabo.us
438239,eurodomenii.eu
438258,electronics2000.co.uk
438280,eaddns.com
438283,eataly.ca
438305,easywpsmtp.com
438328,expresswriters.com
438341,electronicobarata.com
438404,emurse.com
438567,eipa.eu
438576,edv-grafik.com
438582,eliteroyaldaily.com
438598,ellaskitchencompany.com
438602,eigosapuri.jp
438608,eventbrite.dk
438610,experienceetihad.com
438667,eroboom.pw
438698,elperiodiquito.com
438703,epassi.fi
438707,erasmusplus.de
438727,edel-optics.at
438738,eamcerholv.com
438804,election.gov.np
438825,emol.ro
438850,edgeone.site
438902,elementsguard.com
438921,ecorsemi.net
438956,emirtoptan.com
438977,esimio-service.com
439016,ezplus.com
439017,envistacorp.com
439025,ef168.com
439075,elastic.info
439082,euneighbours.eu
439124,euwnujflz.cc
439153,express-scripts.io
439159,entur.io
439195,endocrinology-journals.org
439218,echodumardi.com
439311,ekiba.de
439334,ecuestre.es
439343,egranth.ac.in
439444,eguidemagazine.com
439489,epicreelszone.com
439490,e10000.cn
439508,eql.com
439570,expired-domain.to
439597,epicslotlounge.com
439648,exit.al
439669,eluniversalqueretaro.mx
439690,edsmart.org
439693,eterminservice.de
439767,evelynbobbie.com
439810,etrend.sk
439812,eward4spot.com
439899,electriclove.at
439992,edutravel.ru
439993,eatdrinkcheap.com.au
440056,extnoc.com
440064,ez-path.org
440097,egida.ru
440121,eslvault.com
440214,ebizkaia.eus
440231,edost.net
440233,epc.ru
440261,eurojackpot.org
440275,expeditionquest.com
440280,elementscity.com
440323,energy-ua.info
440324,eclipse-earn-south-africa.com
440406,evs.ee
440438,ebb.org
440480,edebiyathaber.net
440511,eclinpath.com
440531,eskridgelexus.com
440585,elizabethscarlett.com
440598,eurogirlsescort.cz
440599,erciyesanadoluholding.net
440656,exeo.co.jp
440663,econedlink.org
440753,enterpriseforever.com
440813,ent-sessionm.com
440815,enterwine.com
440917,euramet.org
440975,engagedpatrons.org
441083,equiposytalento.com
441102,eurasierkerho.fi
441106,easternaccents.com
441112,elvirrey.com
441131,e-comtec.co.jp
441212,eventsdc.com
441265,eihale.gov.tr
441297,erechim.rs.gov.br
441306,e-hps.com
441327,edtechnology.co.uk
441331,extremadura.com
441390,enarat.com
441397,elianebras.fr
441403,ecorpnet.com
441411,exl.com.au
441443,eiendomsmegler1.no
441449,evilsocket.net
441462,ess.com
441468,easeus.fr
441491,exploreparis.com
441499,emmalinebride.com
441568,eurofrance.hu
441574,endcitizensunited.org
441581,e100.eu
441622,ecozum.com
441627,emberinns.co.uk
441648,ed.nico
441656,edoop.de
441684,emmes.com
441721,e-server.com.ua
441756,errayhaneclinic.com
441766,evq1.com
441788,ecc.jp
441793,epochtimes.cz
441861,essaypay.com
441863,expresskaszubski.pl
441882,electronpribor.ru
441994,ens-rennes.fr
442046,egypt-today.com
442153,edg.de
442252,everli.com
442300,ecutesting.com
442434,ecstasybd.com
442436,english-4u.de
442464,edisonawards.com
442475,economicmodeling.com
442482,elephantparade.com
442586,edmc.to
442590,eduspot.co.uk
442644,eventgoose.com
442653,evropakipr.com
442675,electrodestock88.com
442752,e-n-cars.ru
442814,ebutik.pl
442833,eurosko.com
442841,enthrallinggumption.com
442877,erotelki.org
442914,elg-front.jp
442928,erwachsenenbildung.at
443012,euroskateshop.fr
443140,enotecapirovano.com
443206,ecampaign.pl
443227,euclidservices.net
443245,exemplore.com
443275,etermio.com
443280,egzotika.lt
443321,equinavia.com
443345,elladodelmal.com
443346,equestria.social
443366,elegante.pk
443412,erpwpcdemonstration.com
443480,esitronic.com
443576,ennit.de
443583,elementex.tech
443608,earthlite.com
443631,esencialpack.com
443653,eliteslotstudio.com
443665,ebuhnhnjx.cc
443684,examrace.com
443697,ecosystempost.co.uk
443721,earnvisits.com
443724,epicblackjackonline.com
443726,engineersupply.com
443727,evidensia.se
443734,edinamn.gov
443746,expertentesten.de
443781,esd.cc
443801,eworldsoccer.com
443860,events.at
443875,ebahissitesi.com
443881,enterprise.ie
443918,emaxhealth.com
443984,extensa.gov.sg
444009,eabm.cz
444027,eacg.net
444047,eldik.kg
444115,enterpriseconnect.com
444152,excelia-group.com
444158,eden.org.tw
444171,elriwa.de
444224,etlgr.com
444231,experthostingplus.com
444237,eloquium-host.net
444238,errors.net
444302,etqa.pl
444305,evergreen.ie
444322,echowater.com
444334,etope-lister.com
444398,exam.or.jp
444414,easylounge.com
444440,encode.su
444485,eventico.ru
444490,eera-ecer.de
444495,ezvacuum.com
444540,eliteroyalmarket.com
444565,enxadahost.com
444574,escapetravel.be
444575,editor.website
444610,eraneos.com
444654,email-advanceautoparts.com
444657,encore-editions.com
444662,ejamafoam.com
444667,easyhost4u.net
444673,elkashif.net
444674,edgemobile.net
444680,escunited.com
444698,ezonline.ru
444700,emmersion.ai
444703,enic.pk
444710,eliteplace.nl
444714,effectory.com
444762,educalab.es
444775,emtmalaga.es
444778,emailopeninsight.com
444794,epicgamblepoint.com
444802,emigma.com
444868,edwardburtynsky.com
444886,europesnus.com
444917,ebbradley.com
444932,electronicachina.com.cn
444955,ej6hmhn.com
444980,ecut.edu.cn
445008,enerflo.io
445009,excel-skills.com.au
445028,eso-community.net
445038,elektrokarnizy-dlya-shtor150.ru
445084,europlayers.com
445088,epiccasinozone.com
445097,europaart.co.za
445118,energate-messenger.de
445127,epgtrack.com
445198,esbyte.net
445215,expertelectrical.co.uk
445235,emilybites.com
445273,eqere-ohu.store
445301,eadbox.com
445319,ekikara.jp
445321,erodoujinlog.com
445517,ecanlitvizle.live
445528,enbw.cloud
445533,efisioterapia.net
445549,exoticnutrition.com
445595,elaragueno.com.ve
445642,elperiodicodevillena.com
445663,euremotejobs.com
445666,emp-online.ch
445687,estrelladamm.com
445711,esterholdings.com
445778,entryporn.com
445799,e-recepta.net
445803,ecsn.gov.au
445815,everlate.live
445842,eira-2.com
445868,easecdn.com
445941,eglv.de
445953,eurodom.ru
445970,espro.org.br
445994,etframework.com
446006,ermarolla.com
446012,etailment.de
446033,estpl.net
446045,ebsolutnet.fi
446091,expleo.com
446105,esporte.gov.br
446165,enterthejabberwock.com
446178,eyewearcanada.com
446242,expatliving.sg
446253,e3labs.net
446256,elementarywhole.com
446272,e-vo.ru
446296,eskisehir.bel.tr
446321,evlife.co
446347,epicarenagroup.com
446355,ebyiphdw.cc
446370,enf-cmnf.cc
446446,eternitynews.com.au
446475,erplinq.com
446476,epicarmoury.com
446519,ecori.org
446535,egresscloud.com
446565,ens1svr.net
446569,efilecabinet.net
446578,eliteblackjackworld.com
446638,edgeconnex.com
446651,eplanters.biz
446732,e-matras.ua
446754,edpsychology.academy
446763,edisonnj.gov
446787,e-schools.info
446808,eskimiyen.com
446817,exiros.com
446849,emaillistinsight.com
446871,e-unicred.com.br
446949,efedus.fr
446958,externcashpn.cv
447001,elosb.de
447113,edcommunity.ru
447131,ex.team
447142,esolutionscharging.com
447149,epicslotsworld.com
447153,ed-theforest.ru
447213,e-dian.com
447233,eleon.in
447234,eastyorkshirebuses.co.uk
447282,etickets.com
447343,erepublic.com
447381,eliassen.com
447393,enciclopediabresciana.it
447408,eckeroline.com
447413,emarketers.com
447417,e-tennis.gr
447431,ethertwo.sbs
447533,enciclovida.mx
447569,eens.ru
447597,elead.us
447614,eins.de
447618,elforum.info
447624,eliteroyalstudio.com
447672,euroseek.com
447694,eugs.org
447709,exotic-africa.com
447751,eduyush.com
447817,enseignementsup-recherche.gouv.fr
447855,etternal.com
447878,ego4u.de
447881,energysafetycanada.com
447940,euyansang.com.sg
447982,eventfurniturefactory.com
447983,estudei.com.br
448008,elevatefiber.com
448010,ekattor.tv
448059,evancy.fr
448148,eitmanufacturing.eu
448176,eden.dating
448189,euroconference.it
448265,elderaffairs.org
448296,edgeproducts.com
448379,enerix.de
448384,eco.com
448414,evrocom.net
448425,emporioecommerce.com.br
448441,everybattery.com.au
448476,esad.edu.br
448497,electrolux-na.com
448507,elbil24.no
448527,e-zigurat.com
448545,ebedencathyim.com
448619,edtech.ru
448628,etr.org
448678,edinavigator.com
448725,entsbio.com
448730,escoteiros.org.br
448737,ezbase.net
448745,evotecshop.com
448753,eduinfo.in
448773,emptyjowan.cyou
448797,eldiaonline.com
448802,eropic.click
448837,ecomt3.com.br
448855,e2i.com.sg
448856,ec-force.com
448871,eurobabeforum.com
448886,eestechinc.com
448890,equine-behaviour.de
448947,elearninginfographics.com
448959,evro.net
448960,eb-cdn.com.au
448964,e-dostavka.by
449002,elektroskandia.se
449019,exxactcorp.com
449020,epojisteni.cz
449043,elemer.ru
449063,economax.pt
449066,ecgwaves.com
449090,eshikhon.com.bd
449096,estatesgazette.co.uk
449109,eclectick.ovh
449179,ecrie.com.br
449191,elektraelza.cz
449207,endoria.net
449225,etw.gr
449233,easyconnect.com.br
449286,easytec.com.br
449378,enaza.ru
449380,evassist.ru
449396,ex-girlfriendis.best
449447,explorers.guru
449477,eggstv.io
449529,eisai.jp
449534,eis.at
449570,envtop.com
449571,europeanspermbank.com
449596,expomob.ro
449608,ewdhosting.com
449682,extreme-board.com
449711,existential.audio
449729,eliteclubplus.com
449767,eurolots.com
449820,eftm.com
449827,earlyretirementextreme.com
449868,esg-edelmetalle.de
449874,enzu.com
450015,eliteroulettebase.com
450061,experiant.ca
450064,esportmonitor.co.uk
450078,enasarco.it
450090,emakina.group
450111,ensit.tn
450112,epoha.ru
450128,energeticapharma.it
450160,eliteluckystation.com
450218,everydayastronaut.com
450269,eu-football.info
450289,easyapplianceparts.com
450293,efarma.nl
450302,expertrating.com
450318,estudiohanzo.com
450327,empoderar.gob.bo
450357,edapb.org
450374,eiga.moi
450386,episodeinteractive.com
450438,emwd.org
450501,engie-homeservices.fr
450527,envelopeworlds.ru
450533,e-fresh.gr
450550,envoyair.com
450583,estrellavalpo.cl
450588,epiqsystems.com
450598,ecounterp.com
450602,eliteblackjackpoint.com
450615,ebcbrakesdirect.com
450622,etn.systems
450661,eamana.gov.sa
450662,ecotec.edu.ec
450670,expensepoint.com
450680,emmaus.org.uk
450737,ethique.com
450740,exaktahosting.se
450779,easydew.co.kr
450793,empleoo.net
450884,enis.kz
450906,elevenoasis.com
450927,elderlifefinancial.com
450952,eurekarecursos.com.br
450988,edtechinnovationhub.com
451001,epicube.cc
451029,edgewell.com
451030,edge-team.cc
451063,elkhart.net
451091,eviceh.cc
451095,esourceparts.ca
451135,eand.com
451155,eatrightsc.com
451183,endeavour.edu.au
451188,epudf.org
451239,eb24.ru
451286,efa.com.eg
451287,ehs-dresden.de
451302,educateiowa.gov
451311,elest.io
451316,emma-sleep.co.uk
451351,empreinte.eu
451363,emmi.jp
451389,evropesma.org
451407,expressway.ie
451433,employees.org
451472,e0f.bz
451485,entregadigital.app.br
451506,european-virus-archive.com
451514,edmedshelper.com
451530,elektrosms.cz
451548,ehtaylorsmallbatch.com
451581,e-ktel.com
451592,e-nba.pl
451609,expedition33.com
451641,ezycourse.com
451713,extendedns6.ro
451714,eigyo.co.jp
451815,educatepark.com
451819,eastsidemarios.com
451839,electionbettingodds.com
451843,excellencerhum.com
451877,epilogueepique.fr
451982,ergacom.com
451990,esenbogaairport.com
452004,europeangreens.eu
452066,espares.de
452078,electropages.com
452132,epicroyalpro.com
452146,elitejackpotplus.com
452164,edenred.be
452191,everbet.bg
452213,eluniversaledomex.com.mx
452226,enovance.com
452262,energa-operator.pl
452267,eltrona.net
452300,ecubix.com
452303,elitechus.com
452304,edisonline.cz
452324,emec.org.uk
452329,e-commerce-inc.com
452330,exclusivemilf.com
452339,engekisengen.com
452372,edgenextns.com
452373,edah.org.tw
452392,electricescape.co.nz
452405,ehiaws.com
452492,esfri.eu
452518,elitecardspro.com
452555,evraz.market
452582,easo.org
452610,europarchive.org
452615,endl.site
452630,essenzaperfumes.cr
452639,epornhome.com
452643,edgeku.com
452658,entoireboners.qpon
452664,epubbooks.com
452665,epicspincentral.com
452728,eastriver-martesana.it
452749,ebooksite.ca
452779,evelectra.com
452791,esophaccess.com
452825,epicslotsonline.com
452886,emteria.com
452947,emis-x.uk
452951,explorethefrontierforlimitlessimaginationanddiscov.com
452980,equimundo.org
452991,electronicsurplus.com
452995,europcar.be
453001,esocom.com
453004,educandy.com
453067,erois2.tv
453071,expanssiva.com.br
453082,epublishing.net
453103,easyhorse.com
453114,eden.so
453146,energy-charts.org
453155,entorndns.com
453188,e-world-2010.com
453221,easylove-shop.com
453243,emburse.services
453260,erlangyao.com
453267,eikonwebstar.com
453301,eteknique.com
453303,escola.mom
453372,e-amkor.co.kr
453404,edasakhalin.ru
453419,extendedns5.ro
453430,edefeed.com
453447,expenterprise.com
453448,eatradingacademy.com
453456,epldiamond.ru
453504,ecitele.com
453515,expressprovider.com
453571,emploi-environnement.com
453579,erapermed.eu
453590,embark-studios.com
453617,elnet.lt
453631,evansclarke.com.au
453634,ecyklqrkcz.com
453638,emperorspalace.com
453650,epodcastnetwork.com
453687,escola.lat
453713,eastsidegolf.com
453722,ef-italia.it
453741,eltiempolatino.com
453766,essendant.com
453797,egovflow.be
453861,elitpack.ru
453889,educaplus.org
453899,econologie.com
453950,egydead.ca
453979,enhdsex.com
454064,electrolux.vn
454088,emailmarketing-gate.de
454103,eventkingdom.com
454104,educationbluesky.com
454123,eurolink.ua
454269,ebonyshow.co.uk
454304,esources.co.uk
454309,exoticanimalsforsale.net
454331,exonorway.com
454355,energetica-india.net
454370,esvc.us
454472,exactnet.nl
454481,e-groshi.com
454487,enbdreit.com
454502,emanuel-loos.eu
454507,erf.org.eg
454553,endokrinologie.net
454600,esska.de
454618,evonomics.com
454634,emojio.ru
454662,elektron.ru
454728,evault.com
454800,enbac.com
454826,ezonline.online
454845,evancarmichael.com
454862,easyshed.com.au
454866,exoticnigeria.com
454902,everydaycheapskate.com
454934,elsemanaldelamancha.com
455032,esub.com
455061,era.gov.et
455178,ecchidreams.com
455251,evaleltorkey.com
455315,enouvelles.top
455330,erih.net
455352,etrehrx.com
455429,email-libertymutual.com
455503,espacioarterestauracion.es
455540,exxookxt.com
455558,ezbid.tw
455611,ecosis.org
455612,eriebasements.com
455718,energoatom.com.ua
455763,eskinstore.com
455805,echoinggreen.org
455814,ecolohosting.com
455818,english-dictionary.help
455835,evangelikus.hu
455860,evocative.com
455865,eco.ca
455873,eros.ae
455932,eibabo.it
455996,ehealth-id.de
456035,eduludo.com
456037,elitegamblegroup.com
456044,esportbet.com
456051,eu40.eu
456084,eyeka.com
456086,etz.nl
456186,exacare.com
456206,elektrika-online.ru
456220,eirinika.gr
456230,exchange-life.com
456245,everestwebdeals.co
456256,eluxcdn.com
456265,ecdp.app
456266,evidenceclub.co.uk
456298,evanstonnow.com
456346,ecihosted.com
456365,eventmandalawaluya.ac.id
456393,elsabormarket.com
456414,ejrwstlo.cc
456449,eskytravel.de
456459,editions-stock.fr
456463,ege-hub.ru
456464,enjoyglu.com
456556,elitejackpotpoint.com
456565,egpc.com.eg
456591,elenarossini.com
456616,etch.com
456627,empeo.com
456644,elmuelle.net
456687,eurofrance.de
456691,eastera.tj
456699,emanuelemiani.it
456715,educationtimes.com
456776,epicroyalplus.com
456789,eporner-new.com
456790,exone-web.pl
456793,educaborras.com
456796,eatliver.com
456799,eos1.com
456802,enenews.com
456823,eatiqbar.com
456824,exmacau.com.cn
456851,elliottconnie.com
456858,earthquakeauthority.com
456863,emed.com
456951,epe.ir
456982,evalarlab.com
457041,ekursu.com
457152,ext.politie
457158,erthwellness.com
457160,eldiariodehoy.com
457162,educatenepal.com
457230,eye-share.com
457253,epochterritory7.online
457365,essentialsomme.com
457389,egypt.gov.eg
457394,edvoy.com
457401,escxtra.com
457424,everydentist.com
457427,evansvillegov.org
457435,eseye.com
457455,evolenta.tech
457475,elitevipnetwork.com
457542,evegravel.com
457550,essay-company.com
457566,evedomosti.md
457577,emploi.cg
457586,epicroyalcentral.com
457624,exiberalpation.com
457712,entechtaiwan.com
457716,en-web-directory.com
457735,eheim.com
457736,epicbrokers.com
457794,ecda.gov.sg
457850,edubit.vn
457855,ets2modding.com
457873,ekiga.org
457898,expertnov.ru
458073,elitecardsonline.com
458091,ew6.casino
458107,el-grossisten.dk
458117,ecloudcontrol.com
458123,edostav.ru
458144,exterioo.be
458148,evot.org
458153,expertdns.de
458165,eclac.cl
458171,elementaryos.org
458188,electrocosto.com
458204,ezmuze.co.uk
458241,erb.org
458248,edifice-watches.com
458270,esanitare.ro
458339,etiennegirardet.de
458353,eastcentral.edu
458361,elitebettingnetwork.com
458373,edgegamers.com
458379,eeroassets.com
458399,exthub.xyz
458412,ekoapp.com
458438,edinformatics.com
458440,evolvedfights.com
458470,eminza.ch
458489,el-com.ru
458557,en-ter.co.kr
458613,estarstation.com
458617,ekademia.com
458641,epicshow.co.uk
458650,eugeneyan.com
458662,emsicc.com
458729,ebikezilla.com
458739,evolllution.com
458744,e-dis-netz.de
458778,estoy.info
458779,epicviponline.com
458803,earthref.org
458804,evos.in.ua
458806,eseye.net
458846,electionpakistan.com
458926,emailcenteruk.com
459052,ejil.org
459080,estrellablanca.com.mx
459114,exotec.com
459136,elitefitnesswarehouse.com
459160,encyclobeedia.com
459174,eve-rf.ru
459190,edenstore.co.kr
459320,eticsoft.com
459381,efinancialcareers.fr
459382,edelsteine.de
459445,evacuumstore.com
459464,elektrokarniz-nedorogo77.ru
459471,energyglobal.com
459528,e-nscing.com
459554,embracerace.org
459560,ekonomigazetesi.com
459602,epicroulettepro.com
459608,epicwaterfilters.com
459609,evileye.com
459641,etundra.com
459663,eurorate.co.uk
459677,exactlyhowlong.com
459742,estrellatv.com
459763,elextra.dk
459800,eurospe.org
459811,evernest.co
459819,eliteroulettezone.com
459891,eden.io
459909,eccis.org
459923,e5t.online
459942,epldt.ph
459948,easysoftbs.com
459979,estarplay.com
460018,epharmacy.com.np
460025,encarrus.ru
460042,elenagatilova.ru
460088,etakenya.go.ke
460101,exposedmagazine.co.uk
460103,eqhosting.com
460114,enregistre-le.site
460118,epass24.com
460131,esim.net
460144,ezlandlordforms.com
460180,esc-grossiste.fr
460256,em-normandie.com
460265,exactalabcenter.it
460270,elnacional.com.py
460306,everfest.com
460373,eroicafenice.com
460409,eyepinnews.com
460414,eol.hu
460453,emergingpost.co.uk
460455,epiceriecorner.co.uk
460458,ekipa.mk
460467,efeagro.com
460476,enablz.com
460508,edigitalresearch.com
460554,electronoff.ua
460556,ecojustice.ca
460579,expert.ai
460595,einhell-live.de
460615,elonky.com
460633,elquindiano.com
460636,elektricheskie-rulonnye-shtory77.ru
460728,esri.ca
460736,edc.ru
460754,ewasp.net
460758,entax.news
460759,examcompass.com
460787,ecq.sc
460801,ecntelecoms.com
460808,energyexemplar.com
460812,ecatholic2000.com
460868,eacches.cv
460914,edubourse.com
460950,emergingmorning.co.uk
460992,egogames.it
461008,eurogate.de
461033,ecox.com.hk
461034,espadasymas.com
461035,every.education
461077,emailmaker.ru
461086,edennode.xyz
461125,edpr.com
461134,everestpartssupplies.com
461148,estoaresearch.com
461175,e9a69782e0a4bf88513c1447548cb33e44737c0c.com
461198,energia.it
461219,eternal-lands.com
461255,eventcalendar.vip
461273,e-manuscripta.ch
461288,epowerhr.be
461338,esparklearning.com
461358,electronichouse.com
461360,eldia.com.bo
461365,emanda.com.br
461367,ems.com.vn
461380,eisblog.media
461401,especes-menacees.fr
461409,epcad.org
461441,evanevanstours.com
461484,estivalgroup.com
461493,ebecoconnect.com
461534,ero-sceny.site
461576,evlis-needle.de
461587,ecom.com.ar
461590,estorecontent.com
461644,ewdifh.com
461680,efootballhub.net
461707,exposedbycmd.org
461724,elitejackpotonline.com
461743,ehftv.com
461748,esafes.co.uk
461765,edi-uae.com
461779,erlich-textil.com
461808,eisbaeren.de
461811,elevatorsc.ru
461817,elaflex.de
461830,elitarneporno.com
461930,everythingusb.com
461932,evc.edu
461936,epicreelscentral.com
461940,eubusinessnews.com
461954,elitegambleplus.com
461987,emono1.jp
462004,eurofins-biomnis.com
462012,eizo.de
462030,enerjigunlugu.net
462081,emtcity.com
462099,esplugues.cat
462101,ecavatten.se
462107,embossedpaper.com
462160,email.net
462161,englishlakes.co.uk
462182,ethercom.ro
462187,eibabo.de
462230,e-litecigs.com
462274,ewzjovkpn.com
462333,everbank422.shop
462341,ehotpics.com
462352,editorialtoday.co.uk
462360,ersatzteildirect.de
462383,exirbroker.com
462385,easyfarma.it
462389,economicaldns.com
462402,expled.cl
462403,e-kladensko.cz
462411,elrond.com
462535,emusician.com
462556,emo-planning.co.jp
462581,evo888h5.com
462600,ecomexpress.in
462625,elora.com
462641,essentialvermeer.com
462716,elms.edu
462732,ems-ph.org
462736,easyfaster.online
462752,ellopos.net
462764,eaptechka.online
462803,easyr.com.au
462805,erectix.com
462812,eet.com
462898,euansguide.com
462904,expoknews.com
462914,edited.com
462947,example.fi
462948,explorium.ai
462990,existencia.org
463001,editorialcirculorojo.com
463046,eservice.com.pl
463058,epicslotstudio.com
463084,energoportal.ru
463111,ebnbanco.com
463144,edelhitourism.com
463148,exos.net
463171,efotbal.cz
463180,entropicdreams.com
463183,elandorderstarti.com
463194,ensinoeinstein.com
463267,ebfoxtelecomltda.com.br
463279,epicclubdaily.com
463281,eskimo.travel
463366,elefun.no
463506,e-plastic.ru
463512,ev10.az
463525,e-jejubank.com
463591,ellydee.ai
463608,evostock.com
463682,enacom.gob.ar
463702,e5288.com
463727,editeur.org
463742,electricbikereport.com
463851,elitespot.nl
463855,eosauthority.com
463912,eyo.net
463917,esuhsd.org
463975,edghonry.cc
464003,eurotier.com
464047,empereur.fr
464059,erasme.be
464064,estal.com
464077,etruesports.com
464090,erocast.me
464108,efficientip.com
464111,eckankar.org
464114,electronicbuildingdirectory.com
464120,egsoftware.com
464127,eskayvie.com
464139,explorelaketaupo.com
464172,earcu.com
464190,ebanko9.casino
464211,equirodi.com
464232,eltiempove.com
464243,espago.com
464287,easy-surfshop.com
464294,elluel.net
464362,editorji.com
464370,elemez.com
464380,ed-diamond.com
464399,elmofburford.com
464415,erpmantra.com
464463,evidia.de
464468,epicluckypoint.com
464541,e84.casino
464558,edgehostingdns.net
464579,elitejackpotworld.com
464623,etotopes.click
464691,e-kurier.net
464715,ecarjp.com
464743,eta.cz
464770,europeancoffeetrip.com
464771,excitewin.fi
464794,estrasol.com.mx
464855,examlex.com
464893,elektroversand-schmidt.de
465010,eduschool40.blog
465015,extraimage.net
465041,evrasia.rest
465133,eveseliba.gov.lv
465160,ekiren.co.jp
465163,eternalzero.cloud
465179,etfiber.net
465248,elektrokarnizy777.ru
465249,edgecdnstatic.com
465273,elitepokerbase.com
465280,extraholidaysvacations.com
465290,eclitgo.com
465311,evertonfcservices.co.uk
465322,eu-opensci.org
465368,elmoudjahid.com
465396,ezatlas.us
465409,edge-local.com
465423,e-paint.co.uk
465471,ecodeteruel.tv
465472,efko.digital
465495,ema.gov.sg
465515,ebf.eu
465518,ehallpass.pro
465521,echoliveapp.com
465529,eway2pay.com
465560,easymerch24.com
465583,eu-robotics.net
465596,entrelineas.com.mx
465610,earthsatellitemaps.co
465633,electro-torgi.ru
465647,exploreclarion.com
465653,enforme.com
465710,empreiteiraemribeiraopreto.com.br
465729,ehostingserver.net
465752,ecsigner.pl
465754,ec-mall.com
465821,eklavvya.com
465840,etpayment.com
465851,evergreenseeds.com
465903,elephanttube.com
465947,englishvocabulary.ir
465972,evolutiongroup.digital
465975,eutelnet.net
466009,ebbot.eu
466048,e-nacalai.jp
466064,ed.coop
466204,emisfr.net
466206,elfest.es
466213,espanika-school.ru
466258,epicslotzone.com
466260,elheraldoslp.com.mx
466293,esenyurt.edu.tr
466300,evima.gr
466321,e6ma.com
466341,eicher.in
466343,explica.co
466361,elgrupoinformatico.com
466368,epson.com.sg
466378,elektrons-k.lv
466408,e-agencias.com
466424,elehear.com
466430,eifoundation.org
466447,ergodotisi.com
466456,eastpetrotech.com
466462,elite-electronics.com.au
466505,effinghamdailynews.com
466528,euroshop-online.de
466533,edrid.ru
466552,ensiie.fr
466553,elysiumhealth.com
466564,e-hotelarz.pl
466577,e3w.es
466585,editorialdirect.co.uk
466589,exoplatform.org
466598,entrustdatacard.com
466624,etradefinancial.com
466628,excalibur-craft.ru
466653,eof.gr
466661,eilat.city
466699,eastlawnsupply.com
466778,educationhq.com
466780,exideindustries.com
466782,eizo.be
466830,etherchain.org
466837,econ.st
466839,etes.it
466896,eurojuris.fr
466947,e-derslik.edu.az
466960,eyeko.com
466998,ecranenchanteur.fr
466999,ebookbrowse.com
467036,elrincondelcarpfishing.com
467046,edinburghmuseums.org.uk
467050,etude-nutrinet-sante.fr
467053,excitingads.com
467055,ez.net.sa
467062,ecocycle.org
467064,economytalk.kr
467133,exito.site
467192,ecmapps.com
467195,ekookna.pl
467264,eprajournals.com
467266,esc4.net
467269,edgewall.com
467337,epicsportss.com
467338,ettika.com
467350,epicgamingzone.com
467351,eightouncecoffee.ca
467427,elementor.careers
467455,espn.co
467478,eck.org.tw
467489,endurancewatch.co.uk
467516,epiklava.com
467542,ecareerfa.jp
467554,eapo.org
467589,education.wa.edu.au
467602,ekvw.de
467638,eaglemtncasino.com
467724,epicvippro.com
467750,energieforschung.de
467764,easychoicetime.com
467785,epa.eu
467789,englischboard.de
467853,eesnet.ru
467873,emailerlogin.com
467883,elitehrcareers.com
467905,en-marche.fr
467977,envivas.de
468001,externalbee.cc
468009,extrafm.hr
468106,ep69hewp.com
468175,ecosrch.com
468191,exparrot.de
468224,ensures.run
468243,estatediamondjewelry.com
468283,europeancorrespondent.com
468302,eurofinsgenomics.eu
468319,engineeredarts.co.uk
468332,einform.net
468355,elhogaraldia.com
468357,elektronik-star.de
468574,ecu.org
468594,elitespinonline.com
468602,editions-jouvence.com
468603,exustrans.com
468686,ephoto.sk
468709,elsewhere.se
468732,easyonlinesolutions.com
468767,ek22.casino
468786,eacourier.com
468798,easyskins.com
468824,eurofighter.com
468833,escapadah.com
468854,eldiariosur.com
468907,ehomeamerica.org
468958,eurekastreet.com.au
468972,escondido.org
468989,eai.eu
469020,ecomation.eu
469041,edestinos.com
469081,etsserver.com
469142,ega.edu
469244,eusemfronteiras.com.br
469247,etepetete-bio.de
469283,eua101-8010.com.br
469292,economstom.ru
469330,elitearenalounge.com
469334,earn.com
469404,es-maniax.com
469457,ebmt.org
469476,evgroup.com
469529,ecosio.com
469547,estart-search.jp
469556,esafbank.com
469677,eukservers.com
469678,eaieducation.com
469686,enkoping.se
469710,ecgrid3.com
469771,encorepulse.com
469855,edval.education
469862,electrotherm.com
469973,ecovero.com
470024,ejie.me
470102,ehosting.com
470114,ecdsa.net
470122,electricenergyonline.com
470155,energy-uk.org.uk
470175,enderrock.cat
470194,ediy.co.nz
470216,etiketbio.eu
470248,egyin.com
470279,edition-originale.com
470298,ericeastweight.com
470361,ermak-ufa.ru
470371,e4udns.ch
470397,esper.com
470425,esky.ie
470440,economicpopulist.com
470501,elearners.com
470504,escoladainteligencia.com.br
470507,ecnstudio.cz
470516,englishscore.com
470533,edgeroar.co.uk
470578,ebranch.online
470581,emulation64.com
470611,expertafrica.com
470640,expertclima.es
470642,eventinc.de
470647,elty.it
470682,edmondok.gov
470683,elcn.ru
470694,evolenthealth.com
470737,englandnetball.co.uk
470752,episode.ninja
470797,earthskater.com
470831,ezconnect.ru
470833,easysong.com
470841,englishforeveryone.org
470882,emiratesmoney.ae
470904,experiorusa.com
470917,ebookservice.tw
470941,eon-cds.de
470951,ethelm.com
470958,endoca.com
471053,eveningreport.nz
471075,educationonline.ru
471118,eharmony.ca
471144,eduset.ru
471154,ette.biz
471163,esportenetbet-br.com
471196,environmentalprogress.org
471322,epiccasinospace.com
471352,es.pn
471377,etivera.de
471429,emergenc.com
471437,espruino.com
471471,eleken.co
471486,enternest.com
471504,escortshemales.com
471523,eplanning.ie
471545,eri.com
471595,eldoradocasino-vcr.top
471605,easydrop.vin
471616,ecwpress.com
471637,esydsa.com
471688,edificiocoltejerph.com.co
471690,elexio.com
471700,ellerfamilyassociation.com
471740,ecomsnet.com
471750,edistribucion.com
471755,emagazin.mk
471811,exchangeyourcard.com.au
471850,expatexplore.com
471859,epicblackjacklounge.com
471904,editage.cn
471919,ecslimited.com
471941,environmentjob.co.uk
471944,enelt.com
471949,ez1rri.com
471958,eduqtecnologia.com.br
471960,edeka-herzen.de
471963,e-newspaperarchives.ch
471988,elitesochi.com
472042,enginedj.com
472054,evapore.de
472057,eurocampings.fr
472069,eosda.com
472081,esportroom.co.uk
472088,ereadersforum.com
472120,eic.eu
472154,entuk.org
472169,earthfiles.com
472178,elisoftware.org
472201,eiproc.de
472202,emmavillas.com
472207,exclusivezone.co.uk
472222,enterjamaica.gov.jm
472246,eagles.org
472250,easywan.net
472323,elansports.com
472329,elcaminoconcorreos.com
472375,edenpro.com
472388,enviedebienmanger.fr
472393,eastdan.link
472425,elitegamblespace.com
472471,elitevipdaily.com
472477,effectiveny.com
472520,europaeischer-referenzrahmen.de
472538,extract.me
472543,europeamphetamineonline.com
472593,eurofiber.com
472644,evopayments.com
472650,experto.de
472700,ena.travel
472707,englishgrammarhere.com
472741,eaglelights.com
472771,evs52.com
472920,eternum.top
472937,energia.ee
473037,enableme.de
473062,exataid.com.br
473070,eiyqytwo.cc
473071,eldoriaworld.com
473128,eje21.com.co
473129,einfachtitten.com
473171,europeanbrides.net
473191,emonl.com
473222,elnegro.com.py
473241,eulenschnitt.de
473284,errorception.com
473288,edwardkurstak.com
473303,eurofyre.co.uk
473319,el7far.com
473328,eperfumy.pl
473371,extremadura7dias.com
473379,exkinoray.ru
473410,electro-tienda.net
473426,engagemedia.org
473436,eaff.eu
473555,efsol.ru
473567,eyeofhorus-slotreview.top
473570,evertz.com
473613,edeka.net
473617,eatseo.nl
473619,emutalk.net
473622,ezchildtrack.com
473623,expanddomain.shop
473721,edfinity.com
473730,elitepalacecentral.com
473733,ezink.co
473814,edengardenjewelry.com
473848,emberlove.com
473888,eksigrup.com.tr
473910,eastwestp.com
473913,ekspertit.com.pl
473917,englewoodco.gov
473984,explorevenango.com
473985,elecdirect.fr
473988,eox.hu
473997,etterem.hu
473998,erochats.su
474010,e1host.com
474037,edology.com
474069,enterice.com
474083,enterpriseleague.com
474121,eurodominio.com
474138,energyfuels.com
474142,explorefairbanks.com
474183,eyca.org
474219,enneshoes.com.br
474227,everthemes.com
474311,estacionmascota.com
474313,e-gear.dk
474330,escoladotrabalhador40.com.br
474341,etan.org
474347,edhardy.co.uk
474364,ebrschools.org
474374,expiry.com
474414,ellemental.com
474425,emmanuel.info
474430,exoswiss.com
474482,epicroyalnetwork.com
474521,egoat.net
474533,ecomosaico.ru
474537,exceedofcolumbus.com
474543,eboard.jp
474554,eyebobs.com
474585,eeeuser.com
474608,edelkrone.com
474616,ecologic-france.com
474619,el-dent.ru
474762,e-surgery.com
474809,enlacefl.com
474831,enfuce.com
474863,equi-clic.com
474880,epias.com.tr
474889,eponuda.ba
474931,ebucca.com
474975,eduself.sk
475032,eneos-ss.com
475037,electroluxgroup.eu
475088,ehirdetes.ro
475091,emergingroom.co.uk
475094,engineergirl.org
475109,easy-delivery.com
475212,emswitch.net
475223,eighttrackshow.co.uk
475224,elbichobicicletas.com
475272,eatsmarter.com
475283,energycharter.org
475309,eestipank.ee
475321,edu.eu
475323,esrs.eu
475354,enginsoft.it
475357,etzu.in
475363,extrakarte.com
475367,employnv.gov
475379,epiqo.com
475380,esperanto.net
475396,eenkleinewereld.nl
475404,etilbudsavis.dk
475430,expreso.info
475439,easycosmetic.ch
475512,ejco.com
475590,enedricarv.click
475591,epicc.com.cn
475629,epictheatres.com
475726,ena-jyfa.store
475771,estelle.ru
475800,epicpen.com
475832,ecil.co.in
475844,eastrosebudflyandtackle.com
475899,eddyfi.com
475925,expertoption.com
475960,ermoeglicher.de
475964,edeejay.com
475973,ecosoft.com
476025,esvk.de
476055,escpa.org
476068,englishhistory.net
476075,ellegirl.ru
476082,empireblue.com
476175,exitable.nl
476195,etbon.eus
476198,ehwiki.org
476240,etk21.ru
476267,elearningekpa.gr
476276,enclose.horse
476292,el-te.com
476308,emissionspost.co.uk
476309,everia.club
476317,everyonepiano.cn
476321,ets2mods.de
476349,ency-education.com
476353,el7l.online
476361,elise.vn
476396,eicub.net
476421,enfant.com
476473,emoss.ca
476504,echo.ie
476554,es-eventmarketing.com
476562,emergingtravel.in
476707,erenkaat.fi
476737,emp-shop.dk
476760,esoccerbet.org
476816,electricbike.com
476827,efa.org.au
476848,ecoinfra.io
476875,ear-system.de
476928,ehc.edu
476943,eloriente.com
476990,escort-ads.com
477007,ecco-shoes.ru
477067,encuadrado.com
477089,equitrust.com
477090,editionsleduc.com
477114,echoworld.nl
477141,editorialcircuit.com
477149,epasskorea.com
477158,empregos.sbs
477176,easymile.com
477179,empowermx.com
477204,ecuadorhotel24.com
477209,e-conomia.cz
477224,evolvemep.com
477245,egauge.net
477263,employeebenefitservice.com
477273,ebootis.de
477311,ennead.cc
477333,eventfrog.net
477340,exawizards.com
477375,e-arc.com
477397,eechina.com
477424,ethiopianorthodox.org
477426,eltbooks.com
477459,eket.lt
477484,eastmans.com
477523,enpa.org
477562,erikolsson.se
477579,engee.com
477583,ezpay.com.tw
477600,ewytek.com
477624,emulatorjs.com
477655,europe-mobile.de
477683,eletrobras.com
477725,etam.be
477737,elsevier.de
477753,e-kartoteka.pl
477764,ebikes.ca
477768,ecarx.cn
477783,eyejin.com
477809,emploitelesurveillance.fr
477810,ereport.sk
477817,emmylondon.com
477832,erstvak.team
477838,encoderhohner.com
477849,entterra.kz
477859,esport1.hu
477935,eai.org
477948,elitewagerzone.com
477994,econjwatch.org
478001,elevatestyles.com
478009,echs.gov.in
478036,elitevipzone.com
478038,ermis.su
478044,emanuel-online.com
478049,easycomforts.com
478074,exoticuganda.com
478093,edetbio.se
478132,ewnet.com.np
478161,ehandbook.com
478202,e3ow5em2.com
478203,exolaplay.com
478333,educationuk.org
478347,easyscape.com
478452,elixe.net
478504,evans.com.mx
478559,emnify.com
478589,evpl.org
478594,ergodyne.com
478611,eucerin.es
478663,ezy-dns.com
478666,elbawabh.com
478738,europost.gr
478758,everywherewireless.com
478760,edenevaldoalves.com.br
478798,exopolitics.org
478824,eversrv.com
478842,ekamus.info
478850,eclipsetravel.com
478905,easil.com
478915,evoscentral.com
478946,exent.it
478984,edfanshop.com
479025,eschools.co.uk
479117,eatris.eu
479251,easycarparts.nl
479302,emma-app.com
479351,editorialbulletin.co.uk
479395,earlypatrol.co.uk
479398,eaglehmcorp.com
479432,emier.com.au
479468,ewimax.pl
479509,enwl.co.uk
479514,edcafe.ai
479566,ens4.com
479575,enclave.io
479598,esboces.org
479631,edelmetalle.de
479686,epicgamingstation.com
479701,endlessshow.co.uk
479704,erolub.com
479771,ecorys.com
479796,eliteslotsonline.com
479825,emp.ie
479838,eumastore.com
479856,essay48.com
479875,eldoradonews.com
479878,epilogue.co
479887,epinsultan.com
479955,endemia.nc
479970,erndc.com
479992,eletrotrafo.com.br
480101,embedcdn.com
480178,estadaomatogrosso.com.br
480254,egybestvid.com
480265,epornovideos.com
480266,ezbbs.net
480268,earthstarx.com
480281,extrahub.ca
480302,enlistly.com
480307,ezvit.com.ua
480312,eishockey-magazin.de
480332,escalent.co
480352,elimarpigeons.com
480367,emmm.tw
480403,efficient.app
480445,europnet.org
480455,exactspotter.com
480459,elboyero.com
480467,everspin.com
480489,esmsv.com
480515,evercrosspro.com
480518,egerie.eu
480590,eveningworld.co.uk
480694,enable-cors.org
480755,edgc.net
480760,expertbyteslink.nl
480762,evoressio.com
480779,electromarket.co.uk
480795,eradus.com
480820,elephantsolutions.net
480833,expresso.nl
480848,elogia.net
480860,esteelauder.jp
480874,eskypartners.com
480875,europavox.com
480889,emicalculator.net
480923,evnhanoi.vn
480939,ekidenreki.com
480951,eastobacco.com
480954,elitepokerexpress.com
480955,episodetoday.co.uk
480976,edgestream1.pro
481037,endless.com
481048,endeavourlotteries.com.au
481053,engagis.com
481058,elcometer.com
481122,edostate.gov.ng
481125,eightyoptions.com.au
481136,engyes.com
481183,edilkamin.com
481226,expektcasino.org
481233,elblog.com
481294,expialidosius.com
481308,ejc.com.br
481318,edict.com
481324,encova.com
481344,europe-v-facebook.org
481361,etzion.org.il
481363,ek21.com
481437,egan.eu
481496,echoparcel.com
481500,ev123.com
481559,ehotelier.it
481576,elitearenagroup.com
481639,europosters.pt
481646,europeannewsroom.com
481661,elite-dns.org
481708,englishteastore.com
481711,enduserdrm.info
481722,edv-knott.de
481758,edibleblooms.com.au
481765,eurooppalotto.com
481852,espainfo.com
481874,ericsink.com
481905,epicroulettelounge.com
481906,eastwoodguitars.com
481929,eurozakup.com.ua
481937,enayu.com
481996,erlebnisgeschenke.de
481998,eticketing.co
482032,ezvizops.com
482083,evt.com
482125,e-gds.com
482156,elle.no
482157,erfal-shop.de
482158,e-directory2u.com
482159,esprimo.com
482174,espacodogourmet.com.br
482196,elitespingroup.com
482238,euromsg.com
482249,envylook.com
482255,ethicalhacker.net
482283,ecolecatholique.ca
482292,emerchantpay.net
482345,enlineanoticias.com.ar
482368,exantediet.com
482369,everytip.co.uk
482387,ekinsport.com
482388,etomesto.com
482772,e-hoi.ch
482773,e-htn.it
482774,e-ukrservice.com
482775,e1-vhp.com
482776,easyatwork.com
482777,easydentalcloud.com.br
482778,easypara.es
482779,easypara.it
482780,eateasily.com
482781,ebinex.com
482782,ebitsu.net
482783,eblinqx.tech
482784,ebranditalia.com
482785,echo-des-tribunes.com
482786,ecobioboutique.it
482787,ecscoffee.com
482788,edaylotto.com
482789,eddibb.cc
482790,edel-optics.fr
482791,edel-optics.nl
482792,edel-optics.pl
482793,edenredmobilidade.com.br
482794,edgoapp.com
482795,edofe.org
482796,edreams.com.au
482797,edtmeptxvs.net
482798,educarweb.net.br
482799,eladecora.com.br
482800,elawio.com.br
482801,elciaonline.com
482802,elmospa.com
482803,elprisetjustnu.se
482804,elrural.com
482805,emarinella.eu
482806,emaritimetraining.com
482807,emuline.org
482808,enfoco.com.br
482809,enjoynewballs.shop
482810,eno.co.in
482811,entregasexpressas.com.br
482812,epacs.com.br
482813,epadoca.com
482814,eparagony.pl
482815,epark-pharmacy.jp
482816,epicentrm.com.ua
482817,epu.edu.iq
482818,equisoft.io
482819,ergopouch.com.au
482820,es-ban.com
482821,escort-advisor.xxx
482822,escortinn.com
482823,escriva.org
482824,eseven-store.com
482825,eshopaid.com
482826,espace-personnel.fr
482827,esportesdavez.com
482828,esprit-padel-shop.com
482829,esthermall.co.kr
482830,estuardosanchez.com
482831,etafashion.com
482832,etam.mx
482833,euragora.gr
482834,europa92.eu
482835,evidentdigital.com
482836,evoluservices.com
482837,evweb.com.ar
482838,ewin007.com
482839,exclusivasex.com.br
482840,expediataap.ca
482841,expediataap.com.au
482842,expediataap.com.br
482843,expertplay.net
482844,ezchatbot.ai
483935,etoretro.ru
483950,escrapalia.com
483987,emmezeta.rs
484003,energyhub.net
484013,elasticpartneracademy.com
484041,eliteclubgroup.com
484057,eticaretdns.net
484159,essexcountynj.org
484201,ebaymag.com
484219,entia.systems
484288,elitespacecity.nl
484327,esvit.cz
484365,edb.se
484428,epitesti.ro
484466,ernies.ca
484479,elibrary.com.ua
484480,excavatoraccessories.com
484485,elpro.com
484489,edsparts.com
484504,ed-linkrn.com.br
484533,external.network
484542,europcar.pt
484609,ewq.ru
484714,escapethecity.org
484803,ekurd.net
484820,expertwavecity.nl
484841,entrythingy.com
484913,elari.systems
484955,enthuzst.com
484961,edugain.org
484976,embassy.org
484984,earthfuneral.com
485024,efm-net.com
485110,ejfq.com
485115,ezliving-interiors.ie
485152,e-nocleg.pl
485222,esperia-rp.net
485227,extra.com.py
485231,everwebapp.com
485239,eabco.com
485325,elsoldepuebla.com.mx
485424,e-consystems.com
485435,el12.com
485446,enterprisemission.com
485460,elpueblodigital.uy
485469,ethosinfo.com
485474,eurococ.eu
485482,emergingbase.co.uk
485498,envertecportal.com
485504,ecit.edu.cn
485510,eduvos.com
485517,eci.com
485524,eresmama.com
485557,enriccorberainstitute.com
485560,encounterbooks.com
485567,ecomm-nav.com
485625,everythingseniors.org
485636,epicgamblespace.com
485642,eijsink.nl
485661,electrotodo.es
485700,eurofest.org.ua
485706,eventprime.co
485740,exotismes.fr
485743,easyscholar.cc
485771,esv8tnj9ay.cfd
485776,egybest.co.in
485783,emploitunisie.com
485791,eliteral.com
485824,eurasia36.kz
485867,emedlab.com
485872,edgestream2.pro
485908,edtech.com
485919,educationnewscanada.com
485927,early-birds.io
485960,eaworldview.com
486022,emfcdn.com
486070,empowertribe.com
486089,examcollectionpass.com
486093,expressvb.com
486137,enlizt.me
486140,ess-et-societe.net
486143,eaxa.de
486144,erommy.com
486173,ensii.net
486198,eiyu.com
486212,ebaystatic.cn
486218,erss.in
486230,eis-inc.com
486351,epicwagernetwork.com
486358,easternwestern.co.uk
486390,elaw.org
486421,easytablebooking.com
486426,e-jolly.com
486461,euroflorist.de
486464,esl-languages.com
486527,elitepokerpro.com
486562,epionhealth.com
486628,ecol.xyz
486630,edgeherald.co.uk
486635,ekicinet.com
486647,elektrika.cz
486672,energyvanguard.com
486687,eldercare.gov
486753,e-da.site
486760,epsilonsystems.com
486794,eway-crm.com
486812,econopticas.com.pe
486813,ellotte.com
486836,exfdg.com
486861,elitespinpoint.com
486863,elgacu.com
486868,enderocean.com
486905,elea.com
486909,ejwook.com
486924,elady.ro
486929,eyewearthese.com
487024,energizetrend.fr
487077,e-135.com
487096,elitequeue.com
487097,elitepalacestudio.com
487117,easyoptic.cz
487124,email-biolifeplasma.com
487156,eluthu.com
487173,eurobox.pl
487275,emporiabuilder.com
487294,elecity.ru
487370,endtoend.com.mx
487376,eua102-9010.com.br
487434,esnotadiario.com
487452,es-yug.ru
487456,edp-biologie.fr
487458,echidnasewing.com.au
487461,e-jaib.com
487469,energymeteo.systems
487491,editweb.co.kr
487547,easyodds.com
487554,eyesnews.cn
487588,evantro.com
487991,e3oq2kxjdy.com
487992,e3x8q5n.com
487993,e7gqzbcg.com
487994,e7ighyixq8.com
487995,e8opaj.shop
487996,e8q1t7n.com
487997,eafc2026.shop
487998,ear-nova.online
487999,edan777riel.com
488000,educational-egoism.com
488001,eeteinvest.com
488002,efs277.com
488003,egov.iq
488004,egykoralive.xyz
488005,eht8n26j.com
488006,elit-growth.xyz
488007,elselt.edu.mn
488008,emasperak.cc
488009,empire-streamers.online
488010,empire-streamingz.xyz
488011,empire88-188.xyz
488012,enokul.com
488013,entertainmentapp.shop
488014,epicsports.click
488015,epicsports.world
488016,er8ql0ib.com
488017,era77cb.com
488018,ernita4dpis.online
488019,ernita4dzoro.xyz
488020,eshatoto.tech
488021,eudomainhq.shop
488022,eudomainlabs.shop
488023,eviltoto.com
488024,exolorient.com
488025,exomadrid.com
488026,exopulonia.com
488027,exototoseru.com
488028,exzun.com
489203,ebillett.no
489230,ebs.ie
489268,ebsta-webservices.com
489295,ecuadornegocios.com
489327,expo2027yokohama.or.jp
489352,emos.cz
489402,estp.ru
489447,excavatorwiringharness.com
489463,eapn.eu
489469,esportivabet-br.com
489484,esnipe.com
489485,essencepath.co.uk
489513,enationworldwide.com
489545,exonet.io
489568,exeter-airport.co.uk
489607,eaglesoftwarelabs.com
489632,einbeck.de
489695,esporteclubebahia.com.br
489709,emg.fm
489721,ergodebooks.com
489766,elagentecine.cl
489815,equality-of-opportunity.org
489848,edwiser.org
489854,e-leclerc.es
489892,europlan.it
489921,easylivingscope.nl
489943,edotto.com
489956,expressgain.shop
489963,eiyoukeisan.com
490019,e-sipky.cz
490020,estudegratis.com.br
490052,epicjackpothouse.com
490074,eastboys.com
490078,e-militaria.eu
490086,eneco.com
490093,edelpharm.ru
490104,expertfinancelink.nl
490120,evn.bg
490205,edgesuite-staging.net
490259,eatclub.com.au
490280,etdc.net.au
490301,ecowebhosting.co.uk
490327,etikora.com
490352,ensae.fr
490353,eclatcollection.com
490371,expo2005.or.jp
490374,escala-gaming-ph.com
490385,esweb.com.br
490504,espace-autoentrepreneur.com
490548,e-vels.lv
490552,emailtools.ru
490577,epicluckynetwork.com
490603,efinance.com.eg
490662,epicblackjackcentral.com
490670,evisos.es
490720,easynet-interactive.com
490745,explorethemed.com
490774,essenzahome.com
490785,equilab-tn.com
490808,e-servicing.com
490815,e-pro.fr
490836,echojournal.co.uk
490876,e-backgroundchecks.com
490895,elphasecure.com
490909,equipco.com.au
490924,easychat.ru
490982,eastbulletin.co.uk
491047,expensiveclient.su
491052,expresstrainers.com
491084,eluxemagazine.com
491124,exmoo.com
491182,exactsoftware.com
491213,europabank.be
491215,edupre.co.kr
491262,elliottsfancydress.co.uk
491263,eippit.com
491297,emojisup.org
491318,evenstadmusikk.no
491325,elmirondesoria.es
491346,elasticnameserver.com
491354,eldiariodetandil.com
491357,ecweb.jp
491358,ekwa.com
491359,espacosmart.com.br
491381,eg-888starz.com
491408,eveningcycle.co.uk
491414,estateagents1.com
491454,elviejotopo.com
491488,energybillpost.co.uk
491498,eikona.de
491503,egaming-hall.com
491505,excelimpact.com
491521,enimerosi.com
491526,ecmascript.org
491528,energyrating.gov.au
491541,europeansocialsound.it
491581,eradio.lv
491585,e25.casino
491602,enjoysecrets.de
491649,editions-eres.com
491650,epicgift.app
491657,erbvr.com
491701,eamadeo.cz
491703,equitone.com
491712,esade.es
491731,eft.su
491737,eugenefn.com
491748,elitevipplatform.com
491749,expert-leasing.ru
491754,esubonline.com
491768,ew3gkqujz7.cfd
491796,ecosia.de
491824,estils.com
491827,eprintsmandalawaluya.ac.id
491903,emergencydispatch.org
491946,eramba.org
491976,enginehost.in
491985,etk.ru
491992,educv.ro
492009,exclusivedigital.co.uk
492033,ebse.co.kr
492058,elitegamblehouse.com
492080,ejurnalmalahayati.ac.id
492087,erogamescape.org
492113,expresstrucktax.com
492142,erbe.de
492146,elitemarkethub.nl
492149,elemental.software
492166,evidencechain.co.uk
492185,employeurd.com
492246,estnation.co.jp
492251,euresa-reisen.de
492256,elitereelsstation.com
492260,efrei.fr
492281,epps-services.com
492283,echolotzentrum.de
492330,errante.net
492350,ejo.ch
492356,elon.no
492389,economicsonline.co.uk
492444,european-mrs.com
492456,eggs.ca
492465,endlessmode.jp
492495,europeanchamber.com.cn
492506,edubcn.cat
492516,executive.co.id
492539,erezlife.com
492578,elektromobilni.pl
492592,expert-watch.com
492593,emihealth.com
492597,expertautopecas.pt
492609,enginelabs.ai
492628,educrea.cl
492630,escritoresdelmundo.com
492640,estudiopatagon.com
492642,eberate.co.il
492647,englandscoast.com
492705,epubxp.com
492774,elly.vn
492810,emsmithjewelers.com
492827,engro.com
492842,espacemanager.com
492847,ebi.cloud
492866,evergreenhost2.com
492873,ellabakercenter.org
492881,ed-industry.ru
492917,expert-dacha.pro
492922,e.com
492937,elbosmedikal.com
492962,ezanvaktim.com
492969,enjoyselfish.com
492993,earsense.org
493026,eniyisunucum.com
493139,edkay.com
493148,engineersindia.com
493181,eskoool.com
493194,einvoice.vn
493233,expivi.net
493266,edinburghguide.com
493278,edvgerial.az
493350,essentialmovements.nl
493393,expomobility.com
493397,eumeworld.com
493412,eliteprinterssivakasi.com
493456,enplus.team
493468,electricradiatorsdirect.co.uk
493554,euroskat.com
493556,ettaviation.com
493596,eastbrief.co.uk
493628,exagono.net
493644,ebc.co.jp
493676,eclj.org
493767,etiasvisa.com
493897,essorusa.com
493948,eatonline.dk
493959,euronaut.com
493964,electrolux.cz
493970,erickhomeimprovementcorp.com
493978,ezyspot.com
493989,elitesoundtracks.com
493996,enciklopedija.cc
494009,ecomkassa.ru
494020,eips.ca
494043,elheraldo.com.ar
494140,engakuji.or.jp
494171,enrage.pl
494208,ekonomimandalawaluya.ac.id
494234,editura-arthur.ro
494271,extremehowto.com
494321,elegance-decor.ro
494332,elektrokarnizy33.ru
494335,entermedia.io
494353,eu5.net
494363,estav.cz
494375,elektro-pool.com
494380,eastlancsrailway.org.uk
494396,endofrance.org
494399,eminza.de
494440,electricalschool.info
494460,equatorial.com
494462,eventact.com
494469,engadinerpost.ch
494515,edmontonhomesweb.com
494516,electronet.gr
494517,ema-elektro.sk
494518,eurogarden.eu
494622,earningshub.com
494640,ellisislandcasino.com
494661,eagleburgmann.com
494694,evoice.com
494714,eldyar.net
494717,engagepeo.com
494777,electricautonomy.ca
494789,expeditionforum.com
494802,etc-solutions.de
494807,envt.fr
494839,ehimefc.com
494880,easternhoneys.com
494906,exitosites.com
494918,europafoodxb.com
494922,elpyp44pyple.com
494943,eldes.lt
495016,ecolistas.com
495034,elder.org
495051,epicslotsclub.nl
495087,esveld.nl
495094,eko-salon.ru
495132,europeanscientist.com
495143,erasmusdays.eu
495164,e-room.co
495167,epicluckystudio.com
495189,exci.ru
495220,easy-trip.ru
495222,edatel.net.co
495264,ewellchips.com
495268,enregistre-le.space
495278,ethoscarcare.com
495331,edathemepark.com.tw
495360,ezlivingfurniture.ie
495367,energysistem.com
495394,expresslrs.org
495405,elitehomefd.com
495420,ek.fi
495424,electrotm.org
495432,evindia.online
495448,espnf1.com
495464,elmark.com.pl
495466,eternal-twin.net
495468,eal-vertrieb.com
495491,ecomfly.shop
495508,exceptionalindividuals.com
495589,epickristy.link
495611,edgestudio.com
495667,epicwar-online.com
495670,ela.st
495759,edimakor.net
495802,eventnoire.com
495820,easywithai.com
495821,eurobaustoff.de
495889,easyanddelish.com
495890,emitchell.com
495899,educanium.com
495936,ennov.com
495937,ecodriver-project.eu
495951,eplan-cloud.com
496029,ebonline.be
496047,elephant.se
496061,ehost.ro
496070,enervis.de
496077,electrolux-spares.com.ua
496154,easyconfig.net
496155,eb24.net
496156,ehxbatg.xyz
496157,elepay.in
496158,embassyjapancanada.org
496350,erdc.cloud
496375,eliteroyalstation.com
496379,elmayorportaldegerencia.com
496387,evetools.org
496402,econtrolsystems.com
496405,editionsdelamartiniere.fr
496442,edgovn.com
496450,etptorgionline.ru
496452,emv2.com
496595,etla.fi
496601,epp.ee
496620,expanzo.com
496645,egegen.com
496720,economiademallorca.com
496753,eemskrant.nl
496790,epicclicks.net
496821,ener.ru
496831,enterelec.de
496874,eally.cn
496890,elle.gr
496896,erdemhastahanesi.com.tr
496999,escapegame.fr
497050,eg.be
497055,ecp-cloud-dev.com
497067,enouvelles.space
497134,evprod.org
497173,espnfc.us
497208,elevatorist.com
497232,edenperfumes.co.za
497272,economicbase.co.uk
497279,eportugalia.com
497311,empleos.net
497323,emecelec.com
497345,extortionletterinfo.com
497355,ev6.net
497398,eagerdaina.icu
497433,easynepalityping.com
497459,eastcambs.gov.uk
497481,electromenager-compare.com
497526,easthants.gov.uk
497539,eceee.org
497572,edumaps.de
497579,enasco.com
497608,epson.com.ar
497662,ellieandmac.com
497671,evolutionbikes.it
497687,epicslotsexpress.com
497689,evopowersports.com
497725,eigenwijzereizen.nl
497735,editage.jp
497772,eastsidehosting.com
497802,einkcn.com
497868,entrycentral.com
497882,epicgamingpro.com
498013,exotic-seeds.store
498038,eswe.de
498101,edicoescnbb.com.br
498113,erome.tel
498130,el-massa.com
498180,e-draft.am
498255,earthcheck.org
498272,eug-vs.xyz
498292,exusmarket.com
498293,europa.de
498306,ertech.io
498398,eleiko.com
498458,eliteshield.com
498460,enterat.com
498504,ecorazzi.com
498551,elciudadano.cl
498557,elft.nhs.uk
498564,eosd-forum.de
498588,e-reverse.com
498619,ekhealth.com
498672,enviliving.com
498729,expandshare.com
498799,eslontimes.com
498811,eibabo.fr
498820,elektra.com.mx
498835,eferrets.com
498860,encapto.com
498876,epikip.net
498902,eoscosmetic.com
498904,elsner.com
498913,energoeducation.ru
498924,epiwbzpc9o.cfd
498934,elle.com.sg
498987,earthly.dev
499012,eabulgaria.org
499020,evolvex.ru
499044,electronboxhosting.com
499056,ekalba.lt
499158,eastcoast-nsa.gov.tw
499162,extreme-bondage.cc
499164,emploi.tg
499178,engineerblogs.org
499195,e-x.xyz
499209,electric-shops.com
499247,enucuzgb.com
499314,elcomodorense.net
499376,economiasolidaria.org
499392,elstir.com
499450,etkainfo.com
499460,elitemarketworld.nl
499502,exdensur.com
499505,ecomaison.com
499577,extremedns.com.au
499583,endurancesportswire.com
499601,esjaem.net
499642,editorialreview.co.uk
499675,e-nursingcare.com
499715,experteer.co.uk
499739,electrickitten.com
499797,ecsa-maintenance.ch
499880,ewz.ch
499924,elitejackpotcentral.com
499951,esportiva.bet
499981,electronoobs.io
499984,escapers.jp
500090,evernex.com
500094,eme-devops.com
500099,es-france.com
500100,ewb-usa.org
500111,europeanheritageawards.eu
500122,essormedia.cloud
500129,eurospider.com
500160,egeturbo.ru
500200,elmwoodparkzoo.org
500205,ezochat.com
500219,eventim.fr
500225,eastsupplier.com
500288,e-vid.ru
500300,eventch.com
500314,expro.com
500315,ensignservices.net
500328,eiffage.es
500334,easygorconnect.com
500342,easytrade.ua
500365,embedsignage.com
500419,erdexim.de
500420,electrosofts.com
500455,ewizsaas.com
500485,elitz.co.jp
500530,eagle.mn
500558,euqueroinvestir.com
500559,e-service.pt
500566,europe-tp.com
500629,evlo.co.uk
500634,esynonimy.pl
500668,emi.edu.bo
500781,epicarenaexpress.com
500782,ems.com.br
500787,esprit-barbecue.fr
500846,expertideascloud.nl
500848,emulatorgames.net
500883,excurspb.ru
500908,epicgamblezone.com
500931,effinghamradio.com
500979,em.gov.lv
501044,ensemblepatterns.com
501050,eoft.eu
501081,ev1f64byl5.cfd
501107,eyesonhollywood.com
501124,elior.com
501181,en-courage.com
501194,edidannies.click
501205,elvisdk.sk
501221,elspv.net
501236,emuaustralia.com
501291,ecampus.id
501293,epcom.net
501296,elko.is
501311,energymag.gr
501341,edgesrv.com
501354,efwnow.com
501379,eplex.ru
501386,efficiencymaine.com
501389,emsiservices.com
501393,epidemz.net.co
501441,eplanters.com
501455,esvidzy99.co
501534,eehc.gov.eg
501580,elazigfirat.com
501602,efw7bg545v.cfd
501616,essential-nt.com
501680,episodate.com
501734,etf88.com
501737,eventhorizondc.com
501751,e-modusvivendi.com
501772,evli.in
501790,enrollbasis.com
501808,evox.com.tw
501861,eriba.com
501914,elektrokarnizy10.ru
501973,editalconcursosbrasil.com.br
502025,epicwow.com
502046,eureka-farms.com
502051,evolent.com
502065,exposeclub.co.uk
502083,ediscounts.it
502097,elevenpast.co.za
502123,elwyn.org
502140,emsd.ru
502153,euro-clinic.ru
502156,enacast.com
502161,eservisler.com
502195,euractiv.es
502204,e74afn9wze.cfd
502246,excaliburfilms.com
502265,elitetorrent.wf
502298,efsas.org
502311,entalk.io
502358,ekhbary.com
502368,englishbooks.jp
502398,egpostal.com
502476,ehohymnjb.cc
502493,elynx.com
502495,encorekit.com
502514,elfutbolero.com.mx
502518,elitehosts.com
502520,expresshostingsolutions.net
502526,ega-golf.ch
502586,edocom.ru
502600,ebmedicine.net
502718,egunner.com
502731,ensegundos.com.pa
502743,enwoo-wp.com
502748,earlyupdate.co.uk
502863,echowatch.co.uk
502898,esmediallc.com
502899,europabio.org
502986,embroideryhorizons.com
503015,evoluted.net
503048,erasmusplus.org.pl
503058,edumalls.com
503074,elbahouse.com
503132,epices-khla.com
503136,elektrofahrzeuge.de
503148,eliteai.tools
503170,e-printservice.net
503187,epinworld.com
503220,e2zstore.com
503235,emergentaviation.com
503297,excitel.com
503348,es.co.th
503387,elephant.com
503410,eizandensha.co.jp
503439,everylinks.com
503468,ed1.club
503477,ensto.com
503486,embroiderylegacy.com
503502,ems.ru
503507,etikemandalawaluya.ac.id
503513,eyecannndy.com
503537,epicresearchventures.com
503553,espeople.com
503596,eventfinda.com.au
503600,e-bezpeci.cz
503682,enerfip.eu
503689,elfwood.com
503694,electrickiwi.co.nz
503738,elitespindaily.com
503781,email-templates.app
503833,enoticias.site
503839,etabus.gov.hk
503841,eezixdns.com
503842,earthsongseeds.co.uk
503885,epacflexibles.com
503903,e-hardware.co.uk
503975,experthomepro.nl
504032,ebarimt.mn
504033,elian.com.br
504034,ere.bnpparibas
504035,esrahelvaci.com
504036,estrelamoveis.com.br
504037,expediataap.co.uk
504211,ec-hotel.net
504222,elitearenapro.com
504255,endurancechant.co.uk
504272,ezfreightwebsites.com
504283,evptv.net
504324,entropiawiki.com
504361,ez-i.co.kr
504362,eleostech.com
504379,elvtr.com
504392,elitepagebright.nl
504397,electriccarscheme.com
504399,epicreelsclub.nl
504407,elearnspace.org
504470,e-metall.ru
504471,ectn-cnca.com
504478,enkei.co.jp
504585,euramaxuk.com
504593,easysecurehost.com
504605,edaplayground.com
504614,electric-revival.com
504652,epicpokerzone.com
504685,ensembleschools.com
504716,esitronic.de
504738,ekhuft.nhs.uk
504820,embdev.net
504862,enjoysgame.com
504887,edscuola.eu
504927,empireescort.co.uk
504937,evuvc3ra2i.cfd
504956,ellitedigital.com.br
505006,ederm.io
505057,edition-outbird.de
505077,esoligorsk.by
505078,elitan.ru
505118,e18api2ed5ns9xh5a.xyz
505159,exrp.ru
505164,espotter.biz
505196,empirenational.com
505202,eua1dvx7ut.cfd
505210,elbilforum.no
505214,emprestimosim.com.br
505251,ebonitete.si
505255,evagirl.in
505262,et9.casino
505266,energize.net
505367,eahui.com
505377,extrim.ru
505389,equator-live.com
505414,enquiresolutions.com
505444,econtentmag.com
505468,em-alger.com
505490,ez-dock.com
505495,evertype.com
505511,evdokimov.biz
505512,epochbase.eu
505554,electronicx.de
505645,engxam.com
505661,eevconsulting.com
505681,elysium-ltd.net
505771,engineswapdepot.com
505817,efoodhandlers.com
505824,easyengine.io
505865,empirealways.shop
505881,elmundo.com
506047,estudines.com
506056,evs.onl
506066,e7play.com
506068,espnmail.com
506086,effortlessmath.com
506122,evroc.com
506143,extremegames27.it
506153,extruder-usa.com
506167,ejar-qoh.com
506216,esports-world.jp
506224,erocomic.net
506230,estorn.ru
506244,endosen.com
506271,etoolsage.com
506301,elitearenaplus.com
506366,equinoxgold.com
506392,ewaproduct.com
506393,eurobike.com.br
506430,emmaclit.com
506450,euro-technologies.eu
506453,etilaatroz.com
506514,eveningporn.com
506515,eachnight.com
506519,eescodist.com
506526,edna.by
506536,easyorders.eg
506659,eliteworksgroup.nl
506694,easee.cloud
506716,epasst.com
506718,eic.org.cn
506727,eliteblackjackstudio.com
506749,envivabiomass.com
506756,epica.nl
506763,eqtitan.com
506767,e-gro.app
506789,eastphoenixau.com
506834,envipco.com
506853,electriccastle.ro
506860,erlebnis-zoo.de
506863,event-catch.com
506937,echosagahub.co.uk
506943,eucerin.co.th
506964,engedit.com
507008,escenariomundial.com
507011,eipr.org
507014,enchilada.de
507020,elancreditcard.com
507041,eboard.com
507084,emito.net
507087,enelsrv.com
507102,eatme.eu
507109,ejot.de
507110,explorebigsky.com
507121,elitearenaguide.nl
507133,ext-jscdn.com
507178,exploapp.online
507179,eac.edu
507224,enam.gov.in
507257,ebneyamin.ir
507276,easygo-gps.co.id
507277,ebike-mag.com
507278,edreams.com.ar
507279,education-manager.ru
507280,ehabcenter.com
507281,eiluminat.ro
507376,eagleclothing.co.za
507377,epornnew.com
507378,exitshop.cz
507464,egitana.es
507465,erodouga.me
507466,estoca.com.br
507467,evod.co.za
507531,ellinger.eu
507591,erfulu.com
507611,evohealthplus.com
507642,ebsynth.com
507663,expel.com
507694,eurobeat-prime.com
507699,etomicmarketing.com
507739,eye-of-horus-try-free.top
507752,expatden.com
507819,eude.es
507838,epam.ru
507841,everything-party.com.au
507949,ezmeallapp.com
507964,eqwep.com
508004,embryolisse.com
508019,everythingaustralian.com.au
508039,eromanga-life.com
508065,ee17.com
508075,edu-bryansk.ru
508101,expedito.fr
508102,ecunion.ir
508107,editwire.co.uk
508109,exmacao.com.cn
508117,effeweg.nl
508119,euestudo.com.vc
508226,e-terns.com
508248,express-wallet.com
508254,exness.ke
508279,earthclick.net
508349,egcommunity.it
508365,ethitter.com
508387,elpev.com
508390,ernw.de
508480,esncard.org
508509,enoticias.space
508510,evservidor.net
508513,en-hijala.com
508531,essentialbag.de
508555,ekhartyoga.com
508559,eos-solutions.com
508571,ecocenter.org
508596,educaweb.mx
508602,evisa.gov.mz
508618,elitearenacentral.nl
508626,eso.de
508630,esportings.com
508655,enterprisesecuritydistribution.com
508658,easyflyer.fr
508660,echinalduties.com
508700,experiencecolumbiasc.com
508713,ehv-a.eu
508757,espotter.it
508781,etnopedia.org
508797,easyclocking.net
508814,eduonix.com
508830,epicreelsarena.nl
508885,ebs.cloud
508886,emvwt0d.cc
508907,e-osca.com
508919,erealtymedia.com
508992,endvawnow.org
509059,europasecreta.cl
509112,euro-online.org
509165,e-kanagawa.lg.jp
509193,europastry.com
509231,edunet.ru
509250,erkoware.cloud
509260,evrika.com
509283,esotericarchives.com
509288,eleducation.org
509306,europeanappliances.com
509321,elitewinscentral.nl
509329,elitecraftdeals.nl
509387,elpoderdelconsumidor.org
509395,education.gov.tn
509405,ezitsolutions.net
509416,expert.es
509435,eventbuzz.co.il
509455,elitecardshouse.com
509461,emmi.com
509489,ece.fr
509504,elmhursttoyota.com
509524,edeandravenscroft.com
509576,earlybullets.com
509593,ethos.org.br
509603,eltipografo.cl
509623,eternalbat.pro
509657,edisonfordwinterestates.org
509687,engrossingapps.com
509704,eccbc.com
509727,erden.com
509746,earthpulse.net
509770,espritroue.fr
509804,educationalproducts.com
509831,erkanfgyerdf.com
509835,ecrgroup.eu
509848,enquetes.com.br
509876,emas-solutions.com
509879,e-solarpower.ru
509884,energeticforum.com
509887,eurasiapeering.com
509906,eiicon.net
509911,elten-store.de
509953,enkatc.ru
509972,erzgebirgssparkasse.de
509987,evanta.com
510012,eprocessingnetwork.com
510079,easyrencontre.com
510136,emailconfig.com
510170,ergast.com
510215,elandahleather.com
510246,economiesuisse.ch
510274,epson.co.jp
510281,e-znet.com
510331,eucasoft.de
510343,elegantweddinginvites.com
510349,euronext.cloud
510426,esportividade.com.br
510458,excogigirls.com
510474,export4tradeindia.com
510508,elitearenaclub.nl
510511,etiqa.com.sg
510583,e-matching.nl
510599,e-spar.com.pl
510615,endless-sport.co.jp
510621,ecam.fr
510625,ebusiness.be
510627,edited.de
510653,evxzna.com
510660,etasr.com
510664,einhell-werksverkauf.de
510693,eucc-d.de
510707,eqfl.org
510715,esignserver2.com
510718,ekuonews.it
510755,egorlykraion.ru
510764,eurovision-spain.com
510806,eduplaces.io
510817,enablingthefuture.org
510883,egy.hu
510889,eightball-custom.com
510902,educacionsf.com
510962,edilizia.com
510984,elitearenahouse.com
511010,elib.gov.ph
511030,esr.com
511066,ecouterre.com
511070,eprocurement.gov.gr
511158,educacionarte.com
511195,embryo.com
511239,ecolan.net
511260,e4u.co.jp
511265,easysong.ru
511326,expert.bg
511355,earthing.com
511411,eiafans.com
511463,embargosalobestia.com
511483,eso.com
511508,edupage9.org
511528,easyplanethub.nl
511531,edupage3.org
511540,easy.com
511580,epicreelsguide.nl
511588,elitecasinopoint.com
511589,expo-titanic.com
511599,elitemarketgroup.nl
511622,etanetas.lt
511641,esoccerbet-br.com
511654,euro.ru
511688,edvance360.com
511696,evokepay.com
511719,everstridesocks.com
511728,entryninja.com
511802,e-sirketim.com
511858,evwind.es
511892,embelleze.com
511920,ecco-verde.com
511934,ebqedlrr.cc
511942,exnethellas.gr
511990,expo.app
512004,enotecasquillari.it
512054,easypay.co.za
512063,elbplanke.eu
512067,euhsd.org
512110,earthpoint.us
512124,emailtoryburch.com
512134,etac.com
512135,epoojastore.in
512191,elegantangel.com
512192,eggheads.solutions
512217,erstemarket.hu
512243,elro.eu
512266,eslforums.com
512267,europaliga.de
512286,e-teaching.org
512311,ewdirekt.com
512325,edisone.jp
512336,etemadnewspaper.ir
512350,easy-mh.com
512356,edupage4.org
512358,ebaystores.com
512433,epoch.org.il
512469,expert-pdf.com
512478,embecta.com
512491,ecopa.jp
512500,ewebtalk.com
512558,ediblemanhattan.com
512617,ethtelecom.com.br
512630,e-post.me
512734,ecolon.net
512749,einszu64.de
512806,eic8vkmuzz.cfd
512807,equipworld.com
512824,eurasip.org
512835,entnet2.com
512862,enchantedkingdom.ph
512871,experianconsumerdirect.com
513017,environewsnigeria.com
513066,ebikestore.shop
513097,edn.by
513098,eattheway.com
513102,emyonline.com
513115,ecoperation.com
513135,e-print.sg
513195,e-legnickie.pl
513262,easyteacherworksheets.com
513270,e8hskabcv0.cfd
513287,email-extractor.io
513303,enx.net.br
513342,emmy.fi
513354,evolutionet.com.br
513398,elizabethrobertson.shop
513418,efootbase.com
513462,edipresse.pl
513472,etrurianews.it
513484,exactnet.be
513507,emailbrides.net
513546,emailinspire.com
513555,ee4ityfiuyhg98j.com
513675,egdsk.ru
513679,emanuellevy.com
513699,eliteworksdirect.nl
513723,eqing.tech
513739,easy-clothes.us
513756,easybusinesseindhoven.nl
513757,esterel-cotedazur.com
513775,efm.de
513800,eptura.com
513842,ebisujapan.com
513843,ebredigital.cat
513844,ewozki.eu
513915,emmaslieblingsstuecke.com
513988,ellexin.ru
514073,ebidan.jp
514121,eximbank.ru
514158,elamuteenused.ee
514183,e-bankofbaku.com
514201,erome.vip
514218,eliq.store
514223,ecosaas.com
514228,ef.nl
514239,emprego.co.mz
514286,eliteroyalpro.com
514290,ewillys.com
514315,em70.ru
514330,exidea.co.jp
514344,emdec.com.br
514364,ethgas.com
514380,essay-writing.org
514392,emailsp.net
514427,epbf.com
514449,esquire.com.au
514542,ecommerce-news.es
514549,epmbmandalawaluya.ac.id
514559,expensewire.com
514564,eltis.org
514578,eurotaxglass.com
514597,etcgamer.com
514607,exmoor-nationalpark.gov.uk
514608,estudyando.com
514620,evelyn.com
514708,eresmas.net
514798,ef.com.br
514808,editorialscope.com
514861,european-coatings.com
514862,eatertainment.nl
514875,exmggames.com
514922,engels-lift.ru
514929,egpkr.cc
514956,everylastbite.com
515062,elektrokarnizmoskva.ru
515077,evex.ge
515086,edm.co.mz
515160,ebirlik.net
515175,entrepreneurshiplife.com
515184,early2bed.com.au
515265,energiaoltre.it
515299,eintrachttech.de
515305,eizba.pl
515311,engineeringforchange.org
515335,edk.org.pl
515366,efy.com.vn
515372,educhoice.co.uk
515404,efuzone.com
515406,expertfinancefocus.nl
515420,expeditedquoting.com
515484,emotive.io
515498,envi.net
515502,ecolespb.ru
515523,emerchantpay.com
515530,expressinformatica.art.br
515549,elpro.cloud
515570,ealingtimes.co.uk
515575,easu-burundi.com
515655,esportfire.com
515734,etv.me
515811,estory.ltd
515812,editthispage.com
515835,electricchoice.com
515872,encolombia.com
515906,enyeniweb.com
515944,enfieldindependent.co.uk
515957,emu.codes
516026,essenzahome.nl
516054,electricnights.pl
516073,eightieskids.com
516086,emf-verlag.de
516096,ebavideo.online
516137,eyeforfashion.pl
516149,exodusairsports.co.uk
516186,esalon.de
516190,eucast.org
516202,eborus.online
516242,eldiario24.com
516280,eventvesta.com
516304,essentialsx.net
516312,emorze.pl
516366,efengclouds.net
516395,ef43.com.cn
516399,emdep.vn
516480,engeocom.com
516538,ehl.de
516603,enduranceunit.com
516634,erskine.edu
516731,evofenedex.nl
516802,ekip.host
516852,exam4training.com
516879,eprci.net
516959,eyeinform.com
516973,evergreenlife.it
516990,eyesonisles.com
516991,eve.com
517013,enviro.wiki
517023,edivaldobrito.com.br
517077,easipol.co.za
517078,ebebek.co.uk
517079,emploi.ci
517080,epharma.co.il
517081,euroapteek.ee
517140,emythdarts.com
517148,elneverazo.com
517179,eliteping.ir
517180,eprezenty.pl
517271,emf.net
517289,economy-ni.gov.uk
517315,eternalpawspetcremation.com
517347,endmemo.com
517352,efinancialcareers.com.au
517357,es.ht
517382,erosmate.ai
517387,eliteworkshub.nl
517402,ein.org.uk
517403,enengineering.com
517440,elitepalacehub.com
517449,el6group.ru
517518,entrepreneurshandbook.co
517646,escriptors.cat
517660,ediscom.de
517700,elreydelcotillon.com
517703,eslbuzz.com
517741,elenasmodels.com
517772,express-med-service.ru
517773,eigencloud.xyz
517779,edimark.fr
517789,edcwsxqaz.site
517819,era-learn.eu
517943,expand263.live
517951,eyeonwater.com
517958,endurancebermuda.net
517976,euhomy.com
517978,eljekarna24.hr
518033,etginpro.ru
518041,emploidakar.com
518059,evvvai.com
518060,eiplus.com.br
518097,envoyplatform.com
518114,emmconsole.com
518155,epuservices.com
518171,elektrokarnizmsk.ru
518190,erosstar.cz
518209,eliteluckyworld.com
518224,eurodetal.by
518230,elitespinbase.com
518255,epayco.com
518286,epochbatteries.com
518312,e3d-online.com
518341,euroescortstars.com
518346,eddiescodes.com
518379,escribers.net
518381,experieneurship.com
518383,esoccerbet.com.br
518395,edgedelta.com
518445,efisystempro.com
518467,enginet.ru
518474,easypdfcloud.com
518525,enterpriserentacar.it
518555,earthnet.net
518602,emailsupport.us
518683,elib.fi
518718,etotopers.link
518724,enjoy.cl
518739,ekomi.com
518792,e-guven.com
518802,enh.org
518813,expatel.ru
518960,experienceflyover.com
519037,eph8bmjqzx.cfd
519047,eurosmi.ru
519052,educoas.org
519072,everypages.com
519076,ekeihi.net
519133,ecoweb.co.zw
519181,express-max.shop
519245,eromannga.net
519247,ecomdash.com
519273,efarda.ir
519277,eunite.com
519278,egorburkin.com
519298,evolumais.com.br
519304,esplay.com
519307,enn.ae
519313,emmasurvey.net
519377,esneft.nhs.uk
519414,eurekabookhouse.co.id
519417,exponet.ru
519422,enbart.se
519424,evrohost.com
519428,enromiosini.gr
519438,exabytes.sg
519459,easylifeline.nl
519512,erikson.edu
519538,eticodns13.com
519562,e-naniwaya.co.jp
519628,epicpokercentral.com
519693,epicpayoutworld.nl
519704,elitefeed.co.uk
519724,expert-byt.ru
519743,ecomena.org
519766,extremesportswear.com.pk
519786,enabot.com
519796,europeanwomen.net
519812,escapello.com
519826,eurojewcong.org
519849,enviatel.net
519874,eastdulwichforum.co.uk
519899,eminza.es
519977,earthol.com
520049,entfernungberechnen.com
520117,empleyado.com
520121,earnbit.com
520130,eyamhalfmarathon.org.uk
520152,encoresapphire.com
520154,emuxtras.net
520188,ebizerp.com
520199,estrellaroja.com.mx
520209,edshelf.com
520279,eracom.com.tw
520312,ecommerceday.de
520339,erincronicals.com
520346,epsnet.com.cn
520347,elitepalaceworld.com
520368,elmex.de
520398,eliteblogconnect.nl
520402,europosters.nl
520413,easybookmark.win
520416,examinerwatch.co.uk
520431,e-avrop.com
520460,escrowseal.com
520515,eofficeinnovations.com
520537,elitearenaonline.nl
520697,excce.com
520718,ekkowassets.com
520753,electricpicks.com
520755,em01.net
520792,elektro-material.ch
520797,eurofurence.org
520810,evetabi52.com
520828,edinburghbicycle.com
520854,el-mouradia.dz
520897,e-xact.com
520931,ellementry.com
520939,epigeum.com
520972,etius.jp
521020,elektron.no
521059,essensworld.es
521069,epe-asso.org
521082,e-motoryzacyjny.pl
521101,eusana.info
521106,emergingcentral.co.uk
521124,en-network.com
521164,ersnbkvnl.cc
521172,ezrate.com
521196,emsc.net
521255,evernail.shop
521272,epragathi.org
521296,eagler.host
521298,ellisons.co.uk
521303,enagicwebsystem.com
521308,elitemarketdirect.nl
521349,empathy.com
521356,ettu.ru
521364,europaowners.org
521378,emudeck.com
521418,emcdpool.com
521429,eshrahle.net
521447,elmonterv.com
521458,el5-electro.ru
521506,edupage8.org
521530,etiya.com
521535,expl.in
521566,empregos.org
521639,esht.nhs.uk
521648,ethnicraft.com
521652,esofttechinc.com
521696,eyzle.net
521699,epn.ru
521753,esteelauder.com.au
521757,emallcyprus.com
521765,ericsalodesign.com
521843,eric-carle.com
521905,euwinmy4.com
521920,eagermint.com
521925,ernaehrung.de
521934,enerparc.com
521938,emden.de
521962,eliteblackjackpro.com
521975,exam-labs.com
521980,earthexplorerapp.com
522065,econameserver.com
522071,euserv.com
522083,edhrec-cloudflare.com
522093,educationcannotwait.org
522096,educationtothecore.com
522100,echostar.pl
522140,eoo.ro
522169,e-fon.ch
522188,emdhost.com
522277,etcserver.com
522291,eccjr.co.jp
522342,ea-msedge.net
522362,euromixproject.eu
522383,express-pay.by
522400,entrepreneurshipinabox.com
522429,eyesmag.com
522447,emma-sleep.nl
522451,egritud.com
522456,everhonorslimited.info
522457,eastcoastvolkswagen.com
522499,eraj.com
522506,educateam.fr
522507,eraspiaf.org
522510,erpflex.com.br
522542,elyutin.school
522589,eligetucarro.com
522688,efon.io
522743,erokomiksi.fun
522772,everlustinglife.com
522773,everywhenatonce.com
522783,entscheidsuche.ch
522828,eleconomista.net
522833,enx.host
522845,echoaws.com
522927,ethquokkaops.io
522933,ebel.com
522957,eggo.be
522979,ebagaje.ro
522990,eurecom.edu
523057,expuniversity.com
523059,efdir.com
523099,edesainminimalis.com
523100,ediblelandscaping.com
523155,entities.fr
523191,ecberkku.com
523192,exoticsnacks.com
523210,eggsa.org
523233,edu-design.ru
523254,ecovicentino.it
523268,easyairportparking.de
523312,epfweb.org
523335,echantillonsclub.com
523344,escortsitelondon.com
523404,elaborate.com.au
523446,epicstar-casino.com
523522,eastrise.com
523689,ecostyle.nl
523717,englishessayhelp.com
523784,electrorent.com
523862,enervee.com
523870,extremetube.com
523881,epicluckygroup.com
523907,echoguide.nl
523911,edenredcdn.com
523926,elektrotresen.de
523984,echoravebuzz.co.uk
524002,endearhq.io
524004,eveningmoment.com
524034,elandrs.com
524047,ehbonline.org
524048,eirhost.ru
524071,edupoint.net
524113,ethereumpow.org
524141,elgordo.com
524165,euro-hd.net
524216,escforumwiki.com
524269,edgeonthestreet.com
524272,e-detali.com.ua
524353,etg24.de
524358,emka.com
524389,eascart.com
524442,ezenia.it
524491,ephemerajournal.org
524500,eastmancu.org
524533,e-auditoria.com.br
524562,excavatorhydraulic-parts.com
524582,entropiapartners.com
524592,elejido.es
524599,epharm.bg
524677,ekyp-utijo.online
524679,easycosmetic.at
524684,enciclo.es
524689,edenandom.com
524711,eladgil.com
524721,edprodpo.ru
524803,electrograd.pro
524944,epdsbihar.info
524977,electrocom.info
525010,eeze.com
525127,estateguru.co
525169,ero-blog.ru
525194,endofinternet.org
525198,enterprisecarclub.co.uk
525202,emeraldpark.ie
525221,epiccasinopro.com
525234,elitemarketpro.nl
525267,edin.center
525274,estore.jp
525328,egovdirect.com
525333,enet24.de
525344,e-epites.hu
525361,empretienda.com
525386,ecycledirect.co.uk
525404,evidensia.fi
525421,echovertex.xyz
525448,eirc-rb.ru
525488,experiencefestival.com
525528,ezloader.app
525571,eyesmart.digital
525593,ejves.com
525613,esk.gov.tr
525617,eventseekspot.com
525629,eutest.no
525678,ekonomiaonline.com
525687,exam4pdf.com
525742,edupole.net
525768,elixforms.it
525809,erzmotor.de
525826,esut.edu.ng
525851,elitecardscentral.com
525865,edasla.ru
525883,erhainews.com
525887,efatura.cv
525929,eventdiet.com
525931,ebest-hk.com
525961,ellalangley.com
525967,egyptpost.org
525994,europa.jobs
526022,elsecinema.com
526078,eblkn.com
526118,eloomi.com
526139,essayerudite.com
526275,escort-girls-ie.com
526284,esmoopen.com
526287,esportbet-br.com
526310,easysw.com
526380,eanadev.org
526388,evetsites.com
526393,elfbar600.de
526415,epayitonline.com
526448,ebisu-sales.com
526496,elninomallorca.com
526524,epinet.org
526529,ebucks.com
526537,exoprise.com
526568,educloud.no
526602,elcultural.es
526604,epicpokerspace.com
526609,expansao.co.ao
526641,esolutions.ro
526729,egeszsegugyitudakozo.hu
526746,elmundodeportivo.es
526794,ehandelscertifiering.se
526797,emlbest.com
526829,elloagencia.com.br
526832,elaboracja.pl
526842,euroflorist.com
526854,exium.net
526873,ex1.casino
526880,express3movie.xyz
526926,enbizopedia.com
526954,equranlibrary.com
526983,environmentnoon.com
527052,europereloaded.com
527068,evalu-8.com
527107,e-blooming.com
527108,e-hapi.com
527109,e-seeds.co.jp
527110,educacross.com.br
527111,europ24.pl
527112,expediataap.co.in
527213,easybooks.vn
527214,ezcloudhotel.com
527267,e3lam.com
527300,ekword.com
527313,ebonyfantasies.com
527344,enuggetlearning.com
527414,emniepn.cn
527442,enjoylifefoods.com
527479,epi.org.uk
527486,earthbalancenatural.com
527566,eroticonly.com
527659,e-days.com
527675,esgi.fr
527682,env-one-cloud.ru
527725,enpress-publisher.com
527731,energent.ai
527744,eldercaremanagementgroup.com
527802,echelon.com
527813,esbjerg.dk
527823,e-mogilev.com
527829,eurostemcell.org
527877,ept.casino
527913,eblett.online
527989,ehrliche-tests.de
527993,entravision.com
527994,emrap.org
527999,excelbet.ro
528013,emmasolutions.net
528080,editasmedicine.com
528094,ezen-i.com
528110,erocum.net
528133,ergonesttools.com
528134,eipcp.net
528171,elastokorrektor.ru
528212,evosec.de
528215,estg.eu
528219,eriksbo-plantskola.se
528220,e2046.com
528242,educatedbride.com
528249,ezesoft.net
528252,eeshops.net
528294,elapuron.com
528307,environmentnight.com
528314,emotional-transformation.com.au
528368,emdscloud.com
528395,ehorussia.com
528398,extraasian.com
528436,elitepve.com
528438,english-grammar.at
528447,expensein.com
528504,envirotech-online.com
528505,exploring-greece.gr
528514,equallywed.com
528588,exn.ca
528620,eyona.com
528733,explorahost.com
528737,elenamuraro.it
528740,eluxar.icu
528772,e-mat.ch
528815,evkb.de
528828,exped.com
528854,evangelische-termine.de
528864,expansys.com
528976,evolvenxt.com
528999,easycosmetic.be
529005,eventsquid.com
529007,ekupovina.ba
529108,esprit-equitation.com
529123,epicroyalexpress.com
529156,eatpunt.nl
529161,epicplayworld.nl
529170,evlks.de
529206,epinard.jp
529226,excelhighschool.com
529263,emcelettronica.com
529286,eyedro.com
529288,esdemgarden.com
529320,ea9gpxfxp8.cfd
529321,eduei.com
529355,ebookmall.com
529358,euginius.eu
529362,ezyweb.dk
529367,eastspring.co.th
529369,e2is.in
529415,emisorasmusicales.net
529420,evitamins.com
529422,ericom.com
529423,eventstaffing.co.uk
529495,eecc.de
529540,espectrum.de
529561,essencebang.co.uk
529578,easypostlife.nl
529611,eqvilibriaclub.ru
529634,easytatt.com
529659,edizionilavoro.it
529692,exhn.jp
529693,ecisd.us
529723,eada.edu
529725,east-telecom.ru
529731,engagefactory.com
529739,eb2b.com.pl
529758,estimize.com
529761,eversict.nl
529768,ebisumart.com
529791,easyterra.nl
529833,efficientlearning.com
529870,echomtg.com
529876,extremaratio.com
529897,e-enm.org
529901,egauge.io
529922,evrodush.ru
529936,elka-electronique.com
529983,explinks.com
529992,elsrift.to
530019,egoallstars.com
530042,elberadweg.de
530051,esponsor.com
530108,educonnectin.com
530113,entouch.net
530122,elcortezhotelcasino.com
530126,entrypoint.directory
530135,edgl.com
530136,entsog.eu
530162,extscreen.com
530171,edicionesdelau.com
530191,eroenebbiatorre.it
530215,educatetravel.com
530230,electricianlapuente.com
530235,enjoycycle.net
530268,emucr.com
530301,evhead.com
530344,ersllc.com
530345,electionstudies.org
530354,eh-ludwigsburg.de
530397,edexcellence.net
530407,envy0xc0.com
530474,e-data.lt
530494,enabledplus.com
530511,eserv.net.br
530517,epicreels.nl
530526,eventhub.net
530535,epromnet.com
530575,esf-world.com
530618,eldeporteconquense.com
530619,esuals.nl
530663,easy-speak.org
530664,ecalculos.com.br
530665,echomusic.fun
530666,efacilplus.com.br
530667,enertik.com
530735,eee-learning.com
530736,egarden.store
530737,elbadrgroupeg.store
530738,eldorado.am
530852,erzbistum-bamberg.de
530870,eurocarupgrades.com.au
530904,expertwebworld.in
530950,elektracomic.com
531000,efryqqbee.com
531025,edizpiemme.it
531039,ek.dk
531045,efsupit.ro
531056,energyvault.com
531068,entreemagazine.nl
531080,educategirls.ngo
531091,ecoreporter.de
531092,elsevierhealth.com.au
531122,eurojackpot.com
531126,enoc.seoul.kr
531148,estudarfora.org.br
531155,ekmd.de
531177,epsylon.net
531204,euclekarna.cz
531216,exquisitedesignsphilly.com
531260,ebbez.dev
531291,exocet.uk
531294,eticaret.com
531306,emera.com
531336,ersommelier.com
531384,e-business.be
531399,evolvewire.co.uk
531410,edicy.net
531464,embargo.ua
531581,ecpad.fr
531623,eads.com.my
531658,eldernet.co.nz
531705,essox.cz
531788,endseurope.com
531816,edus.or.kr
531833,espritdog.com
531877,elmers.com
531913,employmentlawhandbook.com
531918,epicluckonline.nl
531920,econto.de
531950,endorsedtree57.site
531953,e4.com
531958,elastichosts.com
531972,endepa.com
532002,elfbar.com
532060,electus.online
532068,elitebonus.nl
532096,equinemediaworld.com
532098,euph.space
532194,elettrodomestici.shop
532200,elegantgirls.top
532206,eliteroyalplatform.com
532212,eglobe-solutions.com
532223,evb-gesundheit.de
532262,eurekavideo.co.uk
532263,endangered.org
532286,eirhost.com
532324,ellomail.ch
532325,electro-matic.com
532381,enfoque.com.br
532423,ed22.ru
532440,ehqz8lr5.com
532441,excire.com
532569,eandc.ru
532580,englandfootballonline.com
532581,ezhotel.com.tw
532591,ewomennetwork.com
532634,evbn.org
532688,ediga.net
532696,enerya.com.tr
532702,exittoys.de
532774,elorienta.com
532811,eurofrance24.fr
532815,eckedu.com
532857,engineerscanada.ca
532931,extraserver.de
532989,eschool.edu.my
533010,edf.kr
533104,eucerahive.io
533155,evolutia.digital
533171,electrolux.co.th
533192,emeritus-analytics.io
533213,economycandy.com
533248,elesa-ganter.com
533249,egpnews.com
533260,easytoys.es
533261,ehsmith.co.uk
533290,edgear.net
533292,epi2mecloud.com
533294,elpais.hn
533298,elemanonline.com.tr
533300,emmetcounty.org
533331,ecotred.ru
533336,elementybalustrad.pl
533351,eckert-schulen.de
533392,ezgop.co.kr
533414,exposureninja.com
533424,ezbusinesscardmanagement.com
533460,engelska.se
533465,ece8.com
533480,ewddns.net
533513,edrehi.com
533535,el-periodico.com.ar
533544,eleccom.shop
533565,e-evros.gr
533567,einkaufonline.net
533569,ekusports.com
533598,earn999.com
533606,epg.team
533625,epicpornpics.com
533656,emojikitchen.dev
533662,einformatii.ro
533718,etok9oqd8z.cfd
533774,evolvehive.co.uk
533781,elmu.hu
533836,emidas.com
533876,elandcables.com
533917,elitewagerzonepoint.nl
533951,eucasino.com
533960,evanhahn.com
533970,etbet.club
533973,erikovotes.ru
533984,ewn.com
533994,enadestek.com.tr
534009,euid.com
534020,eidsiva.net
534022,easyspacepulse.nl
534027,evenracer.com
534048,ericasynths.lv
534053,eroflirt-ca.com
534069,ee-experten.com
534113,eadem.co
534135,expertcomman.co.uk
534147,ezwebtest.com
534199,enhancify.com
534220,europeanlawblog.eu
534250,economiadehoy.es
534273,eos.ru
534298,elektra.com
534324,eksjo.com
534328,estage.com
534330,expogr.com
534383,everyonetheatres.com
534430,evolarshop.de
534437,emissions.kz
534490,elm327.com
534495,ezthundermake.shop
534542,elastock.com
534543,eraofecom.org
534551,entitycheck.com
534567,ecustserv.net
534643,embedseek.com
534649,exp-lingoda.com
534664,erafrance.com
534682,e3electricals.com
534712,elitewinszone.nl
534756,easilys.net
534759,experiencedbat.com
534824,evelatus.lv
534837,ephor.online
534875,eos-forum.de
534884,ever.eu
534895,entreserver.com
534903,erotease.com
534970,expertgardenstudio.nl
534977,exmail24.ru
534988,elektronika.ba
535007,egyls.com
535107,entertainment-nation.co.uk
535185,ernorvious.com
535187,envirocenter.org
535200,equalitytec.com
535284,essensa.shop
535294,esrt.press
535303,elbwalkerapis.com
535337,evenfloapp.com
535358,e-apply.jp
535383,electdemocraticwomen.org
535456,ev-heimstiftung.de
535475,eraframebuzz.co.uk
535496,executive-accessories.com
535518,easterngraphics.com
535540,ecosystema.ru
535542,elindependiente.com.ar
535566,ecn.cricket
535568,epaa.org.uk
535598,ebcwebstore.com
535616,echobiosystems.com
535638,educationplanner.org
535639,exail.com
535663,elektrum.lt
535670,etaado.cc
535693,everyayah.com
535702,ebguangdahotel.com
535712,evolutionadvancedhr.com
535736,everybump.com.au
535741,edatadns1.com
535828,estetdveri.ru
535869,eliteplayzone.nl
535909,elfbarpods.de
535973,e-tpaic.com.cn
535999,edgelog.co.uk
536030,evricom.net
536042,eco-cabin-builder.com
536045,enchantingmarketing.com
536073,eci.edu.gr
536092,eurochannel.com
536182,enbeserver.net
536184,ebunga.online
536233,egprom.com
536245,elitecomputerrepairs.com
536301,eureka.com.kw
536304,elubaczow.com
536316,ecom.audi
536346,easyplumbing.com
536381,emporioparts.pt
536443,epicluckyspace.com
536503,ezlicence.com.au
536521,elshazly-watches.com
536543,eurocredit.ru
536550,esteit.com
536624,ec-rs.ru
536658,euro-klima.pl
536773,esp.org
536807,epicspinlounge.com
536831,empire-computers.co.uk
536920,ekr.or.kr
536934,e-census2026.go.jp
536942,etransfer.com
536950,equitableurgent.fr
536972,ega.ee
537036,explosion.com
537276,enterprise-consortiumoperation.com
537281,elek.com
537400,employinc.com
537419,entnet3.com
537435,elenia.fi
537476,ec-cloud.org
537522,empal.com
537530,ecuador.travel
537556,enviodemensagem.com
537592,ecasino.cz
537622,expressoverstock.com
537629,escreva.ai
537649,eurasia.expert
537650,exposedvocals.com
537663,efinancialcareers.de
537664,elizabethannedesigns.com
537726,endpointlockdown.com
537737,editme.com
537810,epicgambleplatform.com
537815,ekpay.gov.bd
537854,energyindian.com
537942,echovibe.us
537951,eub.no
537956,edubenchmark.com
537969,eliteforummaastricht.nl
537978,emeraldcitycomiccon.com
538009,egyptoil-gas.com
538035,ensemblgenomes.org
538046,euro-amp.com
538049,esky.fr
538057,ekosklad.si
538092,emailtuna.com
538103,egamerprofile.com
538154,e656.net
538155,essentiallynatural.co.za
538226,ekadoya.com
538227,elitemart.com.bd
538228,emotorsport.se
538229,ernest.ca
538308,ezecastle.com
538320,edge.storage
538345,eslkidsgames.com
538384,event21.co.jp
538450,eastroyalhospital.com
538486,edibleschoolyard.org
538494,espagnolfacile.com
538522,electrolux.co.uk
538523,ekja.org
538547,eurovolley.tv
538607,epson.co.kr
538611,electrolux.com.au
538612,e60-forum.de
538636,er-go.it
538648,eosnetwork.com
538658,exactlywhatistime.com
538662,english-spanish-translator.org
538677,entityyp.com
538687,eyeofhorusslotonline.top
538726,edtechhub.org
538731,epicwagerexpress.com
538742,element.market
538762,eroedemoneporto.it
538795,expcard.ru
538878,easyideasbase.nl
538906,easterncyprus.com
538930,extranet.com.br
538998,eakalra.ru
539009,euro-soccer-cards.com
539021,encompass-m.com
539110,eatg.org
539138,eobi.gov.pk
539140,edudns-r1.edu.tw
539235,eliyah.com
539262,easyplants-kunstplanten.nl
539287,elle.hr
539302,evolvelab.io
539303,e-shop-bg.eu
539346,expatmedia.onl
539362,erodoujinshi-world.com
539469,e-zofukuoka.com
539488,easygate.shop
539523,essayssolution.com
539529,entegrabilisim.com
539606,enhedslisten.dk
539611,estreamone.com
539633,elitepalacenetwork.com
539634,evrotip.mk
539636,emailr.com
539649,eshanabd.com
539690,exposereport.co.uk
539692,educibly.com
539704,egehosting.com
539716,eliminator-rc.com
539754,elitegaminghub.nl
539793,ecoprius.pl
539810,elinyae.gr
539819,elliementalhealth.com
539845,experimentinterror.com
539900,emilyley.com
539906,eayonhair.com
539909,etender-connect.com
539914,elitespinworld.com
539931,evermos.com
539938,elblag.com.pl
539972,eaglors.com
540004,e-home2u.com
540013,elisabethspoint.gr
540030,epicollect.net
540042,ezb2b.com
540066,ess.eu
540068,extradigital.es
540141,everydaycarry.com
540168,e-szklarnia.pl
540169,e-marilyn.pl
540186,eggradients.com
540210,egymonuments.com
540266,express-service.com.ua
540278,eshoprzd.ru
540316,epicbettingmarket.com
540358,eriembassy.org
540365,ecogeek.org
540393,elexp.com
540415,elektrofahrrad24.de
540510,earthsendangered.com
541144,e-casio.co.jp
541145,e-decor.gr
541146,e-gets.com
541147,e-serviceparts.info
541148,e-turkiyerehberi.com
541149,e-vesseltracker.com
541150,eahc.asia
541151,easi.live
541152,easyserver.pro
541153,easyusenet.nl
541154,ebchester.org
541155,ecenter.bg
541156,eclytics.com
541157,ecomate.cloud
541158,edgeddns.com
541159,edgequery.net
541160,ednovas.life
541161,edu-header-airport.com
541162,educationpost.in
541163,educu.xyz
541164,efan.men
541165,efspco.ir
541166,eianalytic.com
541167,eidai-kaitori.com
541168,eidai-planninng.co.jp
541169,eisbeinhock.com
541170,eixcloud.com
541171,eldersathome.com
541172,elebank.com
541173,elecdes.com
541174,elfadistrelec.pl
541175,elizabethjohnstonart.co.uk
541176,emaktalk.com
541177,emity.io
541178,emnode.top
541179,empcraft.com
541180,emulate.network
541181,emvservice.com
541182,endvn.org
541183,energitrack.io
541184,energycloud.cz
541185,engea.de
541186,engins.org
541187,ennichi-japan.com
541188,enode000.com
541189,entremt.com
541190,envisage-system.co.uk
541191,equity-admin.com
541192,eracloud.id
541193,eria.one
541194,erie.construction
541195,eriehomebasementsolutions.com
541196,erieroofing.com
541197,eriewatertreatment.com
541198,ermafirstbwts-elearning.com
541199,eroticzone.it
541200,esjzone.cc
541201,eskaller.cloud
541202,esnet.live
541203,espackeuro.com
541204,essentialsbyaai.com.au
541205,essilor-instruments.com
541206,euhreka.com
541207,eutekneformazione.it
541208,ev8kjln2.com
541209,evadavdsp.pro
541210,evaonoff.com
541211,evcompare.io
541212,evoluaeducacao.com.br
541213,evresys.com
541214,ewebstercare.net
541215,ex-mail.biz
541216,exactlywww.net
541217,excean.com
541218,exe.systems
541219,expediataap.cn
541220,explouddev.com
541221,extanalyze.com
541222,extinval.com
541223,extradtp.net
541224,ezr.digital
543071,eaevwpvsvbiv1.com
543090,epecweb.net
543111,epson.ru
543131,efluniversity.ac.in
543133,eromelive.com
543195,enduranceglorieux.fr
543201,enpv.ru
543214,esprit.de
543238,enrich.org
543283,epic-series.com
543311,e-bonsai.com
543316,enhertu.com
543341,endurancesource.co.uk
543438,enc.edu
543490,elitebettingspace.com
543544,evisos.com.ar
543573,eldiariodemadrid.es
543576,erwine.dev
543619,eliterun.co.uk
543662,e-gold.com
543681,epicjackpotarena.nl
543685,efdservices.com
543698,easternlinksmart.nl
543795,egmcigars.com
543800,e-mersion.net
543803,emahannet.com
543824,erciyan.com
543880,emergbook.win
543921,egolfmegastore.ae
543923,epicvipspace.com
543936,estec.cl
543953,elle.mx
543971,equipmaster.com.co
544003,elitec.eu
544015,estoreaffiliate.com
544029,eliteworkszone.nl
544082,e-yasamrehberi.com
544091,eaglercraft.ru
544092,edu2.com
544093,elonphoenix.com
544122,ellkay.com
544183,enable.net.nz
544256,emu-france.com
544261,enterprisesurveys.org
544273,expatkidskorea.com
544281,equipement.gov.ma
544283,exclaimer.cloud
544293,etel.ws
544345,extremehobby.com
544378,expertoption.finance
544431,ehc.gov.eg
544432,electromisiones.com.ar
544433,es-fascinante.com
544537,easyparts.fr
544538,eta.st
544669,elitejackpotbase.com
544677,eulc.edu.eg
544683,erfolgsfaktor-familie.de
544757,ecommercefuel.com
544772,escribo.pl
544781,eliteluckyplus.com
544792,e2bn.org
544811,edrington.com
544823,etudesaumaroc.com
544843,estapar.com.br
544873,earth-prints.org
544925,echobookmarks.win
544931,exploretraveler.com
545100,ecigwizard.com
545134,examen.ru
545145,ender.zone
545210,estpopulaire.fr
545259,ensg.eu
545298,euroflorist.pl
545305,escaperoad2.io
545306,edy.jp
545329,extride.ad.jp
545357,eatyourworld.com
545491,essca.eu
545526,elkspot.com
545534,exceedtimeline.de
545543,e-infra.cz
545550,ellynsatterinstitute.org
545551,eatingthaifood.com
545593,evoltel.it
545611,ecdesign.es
545660,eldesalarms.com
545665,epilepsyfoundation.org
545697,enders-germany.com
545748,ez-market.eu
545783,e-champs.com
545823,entrepotduvin.be
545841,ekstraliga.pl
545853,echoelectric.com
545899,elra.info
545914,eset.sk
545921,employdiversity.com
545967,eduzhi.com
545970,edge-cdn.net
545994,esteria.lv
546025,epicspinplus.com
546030,elite-line.net
546070,expressobrasileiro.com.br
546153,einepriselecker.de
546161,emprisebank.com
546213,epicluckyhouse.com
546241,endjgfsv.link
546314,elevenparis.com
546341,emika.pl
546349,eiskvveg.com
546431,elimite1.com
546512,enzonix.xyz
546523,e200m.bet
546544,eastwestfielders.website
546550,epicpalacezone.com
546605,es-eset.com
546627,encantadoras.com
546681,en-i1.com
546684,eroticcinema.nl
546710,extendify.com
546774,edznet.com
546796,euroxxx.net
546841,encyc.org
546848,eepkd.cc
546869,eusa.eu
546963,edinburghcollege.ac.uk
547052,expander.pl
547064,easy-web-systems.com
547075,environmentjournal.online
547154,eftuniverse.com
547198,ewa.org
547203,emaillistverify.com
547224,ezship.com.tw
547247,europsyche.org
547292,e-mis.kz
547308,epobwsreb383eyq2bi.com
547312,emojipng.com
547334,elitewagerdaily.com
547357,egrul-base.ru
547388,euautopecas.pt
547390,essenzahome.de
547395,erans.ru
547396,engineeringnet.be
547397,eurocamp.com
547400,echonetwork.us
547432,eutesalvo.com
547434,elitemediadirect.nl
547454,eracore.net
547456,echoecho.com
547460,eestipiir.ee
547465,emvs.es
547585,eichler-service.com
547617,emaaza.com.tr
547619,etfacademy.it
547718,easyworship.com
547782,emega.com.tw
547808,eaugalai.lt
547868,everylibrary.org
547882,erohub.com
547887,eliteguidedirect.nl
547889,eftel.net.au
547906,excaliburgroup.cz
547915,exhibitorbronze.com
547939,elixir.xyz
547947,evasolo.com
547973,ets9.ru
547977,evhc.net
547987,ejiaguan.com
548029,encycolorpedia.id
548058,ebayfeescalculator.com
548147,endorsedsnow.shop
548185,eliteclubpoint.com
548200,ezg88my2.com
548253,expertshopholland.nl
548293,easyecg.ru
548318,e-dimensionz.com
548337,etwinternational.com
548359,erogazou.gallery
548369,enky.com
548370,ellisdon.com
548390,europeanschoolradio.eu
548436,euantallaktika.gr
548463,eucalyptus.vc
548499,epicluckyhub.com
548534,enviro-niche.com
548536,eac.edu.ph
548560,enkontre.com.br
548597,erecept.pl
548633,expanse.studio
548634,ena.am
548659,efectecloud.com
548666,eelevriplumbing.com
548689,everii.io
548702,enpevet.de
548729,esrgear.com
548743,ekutuphane.gov.tr
548757,enceintesetmusiques.com
548760,emuseum.go.kr
548762,elitepalacemarket.com
548764,endurancelegendaire.fr
548804,esa.nl
548864,enduringhost.com
548872,ercros.es
548906,ecoleivoire.net
548944,electricmotornews.com
548981,e-onkyo.com
549011,etigris.net
549028,einride.tech
549036,eveningsphere.com
549076,eolas-services.com
549078,evachat.ru
549113,emporiodelcioccolato.com
549164,elitemarketzone.nl
549205,elitehost.net
549218,efacturacadena.com
549246,entnet7.com
549249,elizabethrider.com
549310,eqvvs.co.uk
549317,epicrecords.com
549439,edmondswa.gov
549445,eyerim.sk
549455,eleapsoftware.com
549465,euplan.eu
549572,epinal.fr
549665,emirates.store
549702,efeedlink.com
549778,epicvipgroup.com
549779,educationpost.co.uk
549859,elryad.design
549864,engadgetmobile.com
549899,eools.com
549929,europa-liga.de
549953,endriss.de
549975,excellent.co.id
550063,erotic-africa.com
550086,eshg.org
550142,expit.ro
550202,emolinks.club
550205,esvoley.es
550229,erdh72fi.com
550245,elektrony.cz
550320,everbooks.online
550329,extac.com.au
550332,electrodb.ro
550345,eventbrite.se
550351,eastlink.com.au
550375,elsolucionario.net
550394,edalatsara.com
550409,enucuzbebekmarket.com
550425,esportesdasorte-br.com
550466,eduzabawy.com
550545,easy-software.com
550584,elitebet.com.au
550589,elgpn.eu
550613,ele-king.net
550658,elitewinsworld.nl
550660,epimusic.ru
550670,ecomagazine.com
550709,edix-expo.jp
550767,etyres.co.uk
550808,enfamil.ca
550822,epicluckyplus.com
550851,e3jm2up7fz.cfd
550867,eurostavka.ru
550969,efilmcritic.com
551020,ets2mods.pl
551100,edgewoodtahoe.com
551146,examsreviews.com
551153,elbenrecords.com
551181,ellaktor.com
551207,etylina.pl
551211,easycomposites.co.uk
551229,e-medical.it
551234,easy10dev.online
551242,euro-unit.com
551274,eurolivegay.com
551318,eleveurs-online.com
551335,estiber.com
551346,eletricidade.net
551360,ethervpn.pro
551361,eastek.de
551364,easy11developer.online
551422,elixir.no
551446,edge.bond
551469,epiccosplay.com
551478,eparket.com
551546,edmundsgovtech.cloud
551636,emsonho.com
551637,efcformation.com
551646,elitewinshub.nl
551672,email-fake.com
551693,eegsa.com
551698,elaginpark.org
551728,east-td.com
551799,eduroam.us
551833,estudiodesoluciones.com
551875,egygold.xyz
551876,epf.gov.my
551906,eustore.bg
551934,ennemoser-advertising.at
551939,eu-nomen.eu
551946,edennetwork.io
551993,ecsis.net
551997,easternuni.edu.bd
552023,els.edu
552028,eclzy.com
552058,etelcom.ru
552065,enco.ru
552080,escolaweb.com.br
552158,easpd.eu
552195,ecctis.com
552211,easyfiber.net.br
552249,e-imamu.edu.sa
552281,epoch.jp
552284,earnaldo.com
552298,edgectas.com
552315,euro-sportring.com
552352,egyptpcr.com
552355,eridan.cc
552358,ezaw-qob.online
552390,editionsitaliques.com
552397,ecoreps.de
552413,emn.fr
552433,emartmall.com.vn
552458,extrapolate.com
552494,equator-principles.com
552530,erwinkuehn.de
552550,entnet.com
552556,eot.pl
552639,eastland.net
552672,ezzer-mac.com
552702,everydayhosting.net
552704,elk-vision.com
552720,explorecrete.com
552781,executableoutlines.com
552788,escmi.com
552796,emiratesnbdsecurities.com
552859,elitescancentre.com
552876,ende-gelaende.org
552890,eedistribution.com
552920,earstretching.net
552937,early.app
552940,ewingoutdoorsupply.com
552951,e-visa.al
553028,everslane.com
553056,emartdeko.pl
553066,eromarkt.nl
553080,epgshipping.com
553117,ewig.ru
553118,equidees.com
553134,examle.com
553204,edacafe.com
553226,escapethereview.co.uk
553239,ehost.us
553258,europeanspaceflight.com
553268,everestbroadband.com
553284,emachineshop.com
553320,einfach-tasty.de
553429,eltemps.cat
553477,easternspirit.org
553479,eusp.org
553488,eco-c.ru
553524,em-cms.cloud
553578,eunasolutions.com
553603,eqit.com.tw
553654,ekonomi.gov.my
553685,enziw.com
553701,euro-registrierung.com
553703,energysuspensionparts.com
553706,elitevipstudio.com
553730,expired.jp
553743,eggental.com
553750,egeskov.dk
553799,ecoaction.org.ua
553806,elcosh.org
553851,europeansources.info
553886,ephemeride.com
553926,egd.cz
553933,e0575.com
553938,eng-int.co.uk
553954,emergencyhomepreparation.org
553962,elargonauta.com
554057,e-systems.de
554082,elagha.net
554106,extremepcshop.sk
554146,energetyka24.com
554168,eznetwork.pro
554182,eduopinions.com
554198,emploi.cm
554213,elektronikforumet.com
554228,ecology.md
554247,eso-stroke.org
554262,erkapharm.ru
554265,easylife.co.uk
554281,empiregaming.com
554284,engels-prom.email
554340,entnet8.com
554342,emergingcentral.com
554350,editura-art.ro
554368,extract.ua
554373,esleschool.com
554380,eryaz.net
554453,edudns-m1.edu.tw
554489,expressmedik.ru
554524,euroclear-services.com
554529,elbrusway.pro
554551,epicpokerdaily.com
554609,eyalliance.org.uk
554699,exchmarket.net
554745,easy-com.pl
554746,espace2001.com
554759,ezsitehost.com
554771,evermart.dk
554794,erzbistumberlin.de
554797,essencemediacom.com
554823,earthquakecountry.org
554838,e-911.ru
554847,erasmusapp.eu
554848,elasticpowercloud.com
554901,eluniversalpuebla.com.mx
555032,edutelia.com
555039,embrilliance.com
555042,edukit.kr.ua
555043,electricityforum.com
555074,eservicegateway.com
555090,ecsiteapp.com
555100,e3solution.com.np
555171,ethicalinsurance.in
555196,eatmovemake.com
555219,euka.ai
555238,escuelafolklore.edu.pe
555245,elprat.cat
555303,email-image.ru
555343,eibabo.uk
555354,econolentes.com.pe
555377,euromast.nl
555393,epicvipworld.com
555397,elsefix.com
555447,elite.net
555476,e4q7rst.com
555477,eouve.com.br
555478,europcar.com.mx
555479,exordion.com.br
555527,ecg.com.gh
555528,edreams.ch
555613,e-stathatos.gr
555614,editmon.com
555615,eguias.net
555616,electricpoint.com
555617,electronics.com.bd
555618,ent27.fr
555619,enterthebattlefield.ca
555620,eptpmlmpoy.biz
555621,essens.cz
555840,edv-dns.de
555875,eqmagpro.com
555877,evangelicalfellowship.ca
555883,enerent.de
555886,envoycall.co.uk
555933,ekdp.com
555989,epicrouletteplatform.com
555996,esc.de
556024,edmidentity.com
556151,esu.k12.oh.us
556198,essbio.cl
556200,epicslotsarena.nl
556203,elfbar.de
556211,eurosrs.com
556214,evget.com
556235,elluminatiinc.com
556250,endgame.com
556270,ecclesiagreece.gr
556351,elecnor.com
556361,edupage.sk
556397,erarealestate.com
556405,evrytanika.gr
556412,esuppliersindia.com
556414,eseti.ru
556447,elitespinhub.nl
556449,efzback.com
556476,events1000.com
556510,estateinsardegna.it
556533,enostech.com
556542,eplan.net
556550,e-mac.com
556573,ebiomedicine.com
556621,electrobes.com
556641,einverne.info
556682,espnstar.com.cn
556690,ellector.com.pa
556697,embedez.com
556699,expansionstudios.net
556721,esystem.cloud
556743,elifelimo.com
556747,echigo-park.jp
556749,enanalytics.com
556765,everestx.us
556785,ems1academy.com
556789,edx-video.net
556795,equityedge.io
556801,europasaz96.eu
556807,explorica.com
556829,eleggp.com
556841,ecopedia.be
556852,escapeandcreate.co.uk
556873,expresstoll.com
556883,emx2000.net
556884,evimrenk.com
556945,employbridge.com
556962,echtshop.de
556974,elinext.com
556990,erkiss.net
557054,estrellaiquique.cl
557084,emaculation.com
557095,esky.cz
557102,electronicspoint.com
557163,extyl.pro
557170,ev25.com
557203,elcivismo.com.ar
557213,ecscard.org.uk
557237,epicgamingplatform.com
557242,expert-immigration.com
557278,eot.cloud
557381,exionnaire.com
557393,educacaoaberta.org
557404,etno-institut.co.rs
557456,ebuy16.com
557509,eastsidesubaru.com
557598,exueshi.com
557622,etke.cc
557626,eswater.co.uk
557640,estrategy-apps.nl
557674,eboy.com
557779,e4s.co.uk
557812,emra.org
557860,email-calzedonia.com
557880,endeavorb2b.com
557901,exchange-ag.de
557936,eccb-centralbank.org
558081,es-conjapan.co.jp
558086,everlense.de
558105,evolcampus.com
558174,erneuerbareenergien.de
558277,eltwhed.com
558311,enrich.in
558359,elitecardsworld.com
558363,eclecticiq.com
558371,eurispes.eu
558384,epicslotsstudio.com
558412,epolicija.lt
558438,eurofischer.de
558483,encuentre-abierto.com.mx
558486,escea.com
558528,eliteurbanpulsezone.nl
558533,euro-oboi.com
558544,eot.edu.au
558584,expecthim.com
558627,evhost.co.il
558658,einstein-online.info
558664,edel-optics.co.uk
558689,eteachergroup.com
558723,energosf.ru
558788,extrasforamazon.com
558800,elitmedic.ru
558838,eaurmc.fr
558850,email-c.com
558860,ec0451.com
558896,efr.ru
558897,emajorleague.com
558915,evsl.net
558924,elsitodesandro.it
558948,emnify.net
558977,elveesprings.com
559008,enplusgroup.com
559041,eyjar.is
559072,estibot.com
559088,edcc.edu
559090,epicroulettespace.com
559151,eye-shop.gr
559153,esportebet-br.com
559175,executech.com
559192,europc.co.uk
559227,echalk.co.uk
559231,ekspertisa55.ru
559461,evros-news.gr
559470,endpoint.com
559506,ecru.es
559509,el-elupath-elu.in
559512,equityins.com
559519,egis-online.de
559539,ekuaibao.com
559608,evs.com
559689,extendedfeed.com
559710,essential.com
559740,eleksun.com.ua
559756,electric-scooter.guide
559776,eroticmassageworld.com
559779,esuperfund.com.au
559788,entrili.com
559798,explicite-art.com
559830,ebonypornpics.net
559843,escort.it
559869,ean-search.org
559926,erommdtube.com
559930,eliterolltwisthub.nl
559948,eatsure.com
559983,ecoforest.com
560002,empresaactual.com
560003,ect.nl
560049,easytalkdelft.nl
560052,e-can.com.tw
560054,egobags.pl
560107,emergingcivilwar.com
560110,ergonis.com
560122,easytoys.be
560188,ehosting.sk
560226,eventhub.jp
560227,elhacker.info
560238,elitecasinomarket.com
560271,enovationchem.com
560284,etoper.online
560353,enav.it
560398,evolutionpayroll.com
560434,extendedmoment.com
560478,eastlaws.com
560482,eurofit.at
560526,efesrussia.ru
560549,ef.com.mx
560558,epeda.fr
560559,eveningtelegraph.co.uk
560584,e-max.sk
560628,embarca.ai
560644,eoffice.gov.in
560687,e-oro.gr
560732,ecostampa.it
560802,elfrente.com.co
560824,environmentorbit.com
560867,eventicious.ru
560872,emploibenin.com
560884,etudierenhainaut.be
560906,escapetheroom.com
560956,ergoexpert.pl
560985,excite.co.uk
560995,eastendbeacon.com
561003,echologic.nl
561055,e-nva.com
561073,enternity.gr
561095,elap.io
561103,envialia.com
561266,ez4club.asia
561267,euro-avtomatika.ru
561278,elsa.org
561297,ecokangen.com
561298,enidan.ch
561323,emersoncentral.com
561347,elektro-galerie-hamburg.de
561417,erascans.com
561449,eminza.nl
561498,eternia.fr
561539,evandesigns.com
561543,euro-shop.store
561547,emiliocavallini.com
561589,entreprises2024.fr
561642,einsames-vergnuegen.at
561659,easybooking.eu
561686,ehelicoptere.pw
561731,elife.clinic
561750,exportcomments.com
561762,equipped.org
561772,eurochemgroup.com
561776,elperiodicodemonagas.com.ve
561777,eifibra.com.br
561790,estedent-m.ru
561792,ehcbforum.com
561813,erocommunity.com
561818,elitepalacespace.com
561849,e9coupe.com
561858,electroyou.it
561864,europewebcams.com
561867,epicvipbase.com
561896,ecostandardgroup.ru
561931,eliteslotsmarket.com
561954,elryad.com
561965,expoimovel.com
561986,eda365.com
561991,evagelidis.com
562001,e-zidor.com
562006,europeangolfrankings.com
562031,extinctionwatch.co.uk
562042,euprocessing.com
562051,epiqsystems.net
562058,epicure.com
562069,excessspace.com
562096,estilohogar.es
562102,enya.com
562150,echelon.cloud
562163,e-mailrelay.com
562200,eadventist.net
562207,edu24ol.com
562215,expertworlddeals.nl
562243,edutrack.us
562252,exchange.cz
562263,eliteworksvision.nl
562349,egistec.com
562366,eduuu.com
562384,excelautomotriz.com
562437,estoxy.com
562443,ebsta.com
562474,endcorporalpunishment.org
562541,elohim.id
562601,explodingdog.com
562602,e-linkbuy.com
562658,eazee-link.com
562678,ebookee.org
562683,empirebrew.com
562725,empresite.it
562743,etasphere.com
562819,elclcd.com
562832,esc5.net
562883,emergencylighting.com
562901,eternalinteractive.com
562908,edu84.com
562911,emmasurveys.com
562919,ecobnb.it
562930,easymapmaker.com
562941,engfiltro.com.br
562945,everin.ro
562970,entuziast-spares.ru
562974,emuaid.com
562975,eloghomes.com
562982,eventim.co.il
563032,elcritic.cat
563062,easthuntsville.com
563065,eslamoda.com
563079,emmaolivia-boutique.com
563084,elasticweb.org
563108,egarden.cz
563114,editiondateline.co.uk
563136,examwizard.co.uk
563265,erewash.gov.uk
563298,efaber.net
563300,e-corp.es
563309,emeraldcomputers.ca
563344,elephany.pro
563379,ejlegal.co.uk
563426,ethics.org
563474,edit-hosting.de
563482,evisos.com
563512,edu.sk
563532,empatiya.net
563552,eoshop.cz
563574,evolabs.gg
563724,eurobuch.ch
563727,easysigns.com.au
563747,endplasticwaste.org
563760,ebookfriendly.com
563859,edenlux.de
563865,exofficio.com
563874,english.com
564061,ecomo-rakuraku.jp
564074,epiccasinoonline.com
564085,epicarenanetwork.com
564180,edels-stube.eu
564202,egcitizen.com
564249,edstellar.com
564371,e-ville.com
564393,elitecardshub.com
564413,exfoapis.com
564466,equatio.org
564507,eaxa.com.cn
564510,erfmann.dev
564523,emori.in
564532,estatesawmills.com
564617,ejob.gov.tw
564623,easybytes.be
564629,edlawcenter.org
564648,estanciamoretti.com.br
564656,enableme.com.ua
564661,europodbor.ru
564679,elitecorefieldzone.nl
564709,ehab.com
564722,ellianos.com
564732,eliteplayhub.nl
564850,ecos.com
564899,enbook.hu
564915,ers-gz.com
564916,e-ceramika.pl
564919,eomail4.com
564949,educationnewshub.co.ke
564950,expressmaps.com
564954,eremedia.com
564986,eduprovence.fr
564992,equifax.cl
565012,eversttech.net
565041,exams4collection.com
565045,escortassist.net
565058,ebanko4.casino
565061,estelonline.com
565075,economicbeat.com
565082,emvpn.ru
565126,edhtop16.com
565183,esourceonline.com
565195,elementarcycles.com
565197,elasticps.co
565209,eah.lol
565223,eojn.hr
565243,erovinieta.ro
565273,ecoevo.social
565305,epet.hk
565317,ets-armand-couverture.fr
565323,ecu-man.com
565384,eminza.it
565420,eroticfresh.com
565470,ebulteni.com
565477,e-mart.co.ke
565490,exa.nl
565508,emcosoftware.com
565551,elephant-games.com
565586,eldan.co.il
565617,eaudeparis.fr
565659,emsland.com
565700,emreaksu.com
565705,echobase.nl
565818,empiricalnetworks.com
565828,extensionworkshop.com
565837,enableloans.com
565915,edudelighttutors.com
565924,easyarea.com
565940,elopak.com
565948,erzgebirge-palast.de
565965,elearningmandalawaluya.ac.id
565985,enterstageright.com
566008,evos.uz
566010,elights.co.uk
566013,evolve-rp.su
566031,etimaden.gov.tr
566081,einstapp.com
566098,epiloges.tv
566123,edish.uk
566152,evolvis.org
566160,einsurancetraining.com
566162,eshipping.biz
566300,enson.se
566301,espplus.com
566304,efficienthosting.nl
566323,ekodiely.sk
566338,era.id
566396,expotobi.com
566411,exploreboone.com
566436,ecowater.com
566455,exmormon.org
566494,emurgo.io
566498,evadium.com
566603,exa-iservice.net
566627,econaway.com
566662,eleanorrhinehart.com
566666,epaulsen.com
566685,equifax.com.pe
566686,ekoturk.com
566743,eurovea.sk
566755,e-cbar.az
566765,energyhosting.net
566780,ezdns.nl
566804,europa2.sk
566952,encoreungateau.com
566957,emmasms.net
566962,editionslesliensquiliberent.fr
566967,ezisp.eu
566976,endocrinepractice.org
566979,eamn.net
566996,edi-art.ru
567049,eternalreturn.io
567069,egemot.com.tr
567079,eslkidstuff.com
567124,edenshop.com
567125,efectiva.com.pe
567126,enfejbazz.com
567234,e-wheels.no
567235,epson.com.co
567369,e-stayon.com
567370,eishockeyforum.at
567371,emploi.cd
567372,ezebra.com.ua
567475,edenprairie.org
567501,edgestats.co.uk
567508,edchange.org
567587,estagiotrainee.com
567615,expertworldtravel.com
567623,earth2trust.com
567653,elitmus.com
567688,educarjugando.com
567751,e-com.mobi
567762,e.pn
567772,eardropcurls.com
567773,enelsubte.com
567782,eanguan.com
567842,embassysource.co.uk
567848,edigitalgurus.com
567855,evenementielpourtous.com
567863,eridepro.com
567899,express-miejski.pl
567904,ebtshopper.com
567910,evophone.com.ar
567953,escweb.net
567959,ea.gr
567981,europ-camera.fr
568016,engravingcafe.com
568017,ehoroskop.net
568037,eclectechs.com
568061,eastnet.online
568075,ekoluv.com
568091,enetget.com
568135,easyswitch.nl
568136,escapees.com
568219,eliteagent.com
568256,eveningcentral.com
568259,eurometropolemetz.eu
568290,estatenyheter.no
568306,ewyh-odi.online
568324,echelon.nu
568351,edgehosts.com
568371,ecc.ac.jp
568381,englishfont.com
568404,essvote.com
568418,enerson.com.pl
568435,exnesstrack.org
568439,eurofred.com
568480,evisa.gov.zw
568490,erzurum.bel.tr
568501,evilfox.cc
568559,evasi0n.com
568576,eryushion.net
568596,edubily.de
568602,evomusic.com.ua
568607,episodehq.co.uk
568677,exportwire.co.uk
568678,entheogen-network.com
568688,enews.com
568694,esmeefairbairn.org.uk
568719,everki.com
568743,eschoolview.com
568771,etsnm.com
568804,energie-mediateur.fr
568811,emilyshaus.com
568853,eduego.com
568917,elitespinstormzone.nl
568942,eso3.com
568983,efectosnavales.es
569008,eblorus.co
569059,ekkovision.com
569132,esn.ac.lk
569157,eimed-server.de
569175,edgevera.info
569182,esopot.pl
569193,eventio.in
569223,ekefalonia.gr
569288,eastsoo.com
569302,elpopular.mx
569310,eso-sets.com
569339,easywebinar.live
569342,ehudenda.eus
569401,esvmedia.org
569402,embedpyrox.xyz
569417,eduprv.ru
569425,epicbettingspace.com
569458,edclifestyle.com
569474,elitecommunitystory.nl
569477,ephemeralechoes.co.uk
569519,est-ensemble.fr
569543,etymologiebank.nl
569564,eliteslotscentral.com
569569,eliteroulettegroup.com
569574,equestrian.org.au
569643,elysee.ch
569698,eshakti.com
569708,ena.fr
569809,enghouseinteractive.com
569833,eliteesteticaavanzata.it
569862,essayspin.com
569895,emporiolimitedshop.com
569898,etus.page
569912,eichertrucksandbuses.com
569913,e-portal.ru
569960,ekuep.com
569974,evoil.ru
569987,epicblackjackhouse.com
569995,escortexxx.ca
570003,enwu8.cc
570005,ejinzai.jp
570025,euroavia.ru
570030,eikoh.co.jp
570034,evalse.com
570060,ecomedia.ch
570079,e-ir.com
570090,easyfinderstudio.nl
570096,experium.ru
570124,empl.io
570127,epsilonrms.com
570168,ents.ru
570170,ewizard.io
570175,ekb.ru
570234,eej.at
570259,euronuclear.org
570352,easyrent.com.tw
570362,esg360.it
570371,editpadpro.com
570391,eyeofhorusslotreview.top
570393,erjiduo.com
570402,ege-kostroma.ru
570404,eveningview.com
570420,esp-portal.com
570441,esvarbl.com
570447,etrality.com
570473,eldiasoria.es
570476,encyclopedisque.fr
570483,eigenoverzicht.nl
570487,eisenbahn.de
570500,edhfire.com
570541,eduforex.info
570620,evermoreventures.com
570629,equipo.co.nz
570720,esenler.bel.tr
570726,elecena.pl
570733,elda.lt
570745,esch.enterprises
570749,eunet1.com
570762,evigetir.com
570786,etfcheck.co.kr
570836,exone.com
570856,energiminas.com
570937,ess-absencetracker.com
571012,eridium.com.br
571127,esignatures.com
571128,encora.com
571134,enersoft.ru
571140,egovernment.de
571159,errrotica.com
571180,edollarearn.to
571181,everywherenews.net
571204,enni.de
571211,edituradph.ro
571219,egrisi.ge
571274,epicnetworks.it
571284,emotion.com.mx
571354,easycentral.com
571355,echome.it
571356,eclinic.id
571357,edreams.pe
571358,egali.com.br
571359,ekozmetikum.hu
571360,elagage-hevea.com
571361,elbetaso.com
571362,electrobousfiha.com
571363,elfutbolero.com.ec
571364,elitefitness.co.nz
571365,elixirmakeup.gr
571366,emma-colchon.com.mx
571367,estro.pl
571553,epoxyapps.com
571645,eye-eye-isuzu.co.jp
571687,elephantbet.sl
571691,eazybe.com
571707,eclemma.org
571723,edenauto.com
571805,electronics3sixty.com
571813,elitelogicstudio.nl
571827,ebook3000.com
571852,essens.it
571882,engagehosted.com
571910,emyp.com
571911,efubon.com.tw
571936,evanmarckatz.com
571942,etianyou.net
571943,eyeline.mobi
571981,equalrightstrust.org
572030,easproject.com
572031,enterprisekitten.com
572032,eriehomeroofing.com
572033,eurorc.es
572034,evolutionfoundation.com.br
572035,evolutix.com.br
572139,eliptikyazilim.com
572178,enpap.it
572255,ellatha.com
572263,ehuche.com
572278,easygamingelite.nl
572291,etdsinfo.com
572302,event-special.com
572321,epicpalacebase.com
572364,es22.casino
572372,estrema.it
572430,ethos.co.id
572431,experienceoxfordshire.org
572524,edisaxe.com
572528,ezconcretedemo.com
572553,ewinerysolutions.com
572617,eurekarestaurantgroup.com
572635,encoreguide.com
572663,eastxianxia.com
572686,electranet.com.au
572722,e-world-essen.com
572748,easypanme.com
572755,eppi.cz
572861,eucerin.it
572889,elasticnoggin.com
572896,euro-isp.net
572957,expertology.ru
572984,encap.no
573005,epcountytx.gov
573011,expad.com.br
573031,exvitt.it
573034,every-foods.com
573079,eyecon.ro
573085,elitecardeals.com
573098,enrichmoney.in
573104,earthwindandfire.com
573116,ebabyusa.net
573179,eqbiz.ru
573180,ericawilson.com
573185,eduporntube.com
573192,echum.com
573198,ejoybar.com
573251,ediets.com
573266,e-frespo.com
573294,evergreen-fishing.com
573357,emilypolar.blog
573376,enzona.net
573381,eighty20solutions.com.au
573389,europages.com.tr
573412,eqr-applications.com
573467,edfinancial.com
573498,edocs.com
573529,ekusheysangbad.com
573579,electrodragon.com
573613,erps.org
573658,endviolenceagainstwomen.org.uk
573672,emaxindia.in
573707,elektronik-lavpris.dk
573778,exy8u0kb.com
573792,envestnet.io
573830,equinix.net
573843,expertkidsconnect.nl
573863,evertpot.com
573997,eco-s.co.jp
574015,erc-ekb.ru
574052,economicnewsbrasil.com.br
574091,etoplatezhi.ru
574110,era.int
574162,environnement-magazine.fr
574240,eamythic.com
574271,ecbahia.com
574307,embajadamundialdeactivistasporlapaz.com
574324,evrosnek.ru
574361,e-nepujsag.ro
574373,editorialvive.fr
574427,easymerch.com
574447,englishexercises.org
574497,erikaikuta.jp
574513,etlab.in
574533,eternalwater.com
574576,electricbayou.com
574577,expertsender.com
574578,eskp.de
574592,eduadvisor.my
574602,euskal-museoa.eus
574621,etaphotel.com
574659,emporiamobile.com
574671,edgewater-casino.com
574705,epicroyalworld.com
574732,evrengokesme.com
574737,epsonshop.co.in
574797,eurotoys.dk
574853,extrememanual.net
574893,errolmorris.com
574919,emule-project.com
575048,edurang.net
575111,essentialdayspa.com
575165,exploreokoboji.com
575169,elevengk.com
575170,economical.com
575191,emercurymail.net
575197,efl.uk
575271,elegancecamisas.com.br
575295,energir.com
575301,eurogold.sk
575328,emaillove.com
575329,eatwxyz.com
575333,epiccasinostudio.com
575414,evexiadiagnostics.com
575423,exspeedia.com
575467,emissourian.com
575480,etil-spirt.ru
575484,edra.com
575495,efoplistis.gr
575509,eastcoastfencing.com
575510,egyptiandrugstore.com
575529,eduphoria.net
575534,eurospace.co.jp
575545,elhamdstore.com
575567,ejante.ro
575575,epicwebresults.net
575622,easypay.co.kr
575640,etisangproperties.com
575677,eau-seine-normandie.fr
575688,envisionext.com
575775,enre.gov.ar
575840,electronic.it
575863,ebb.jp
575906,elamo.me
575931,eparhia-saratov.ru
575989,etwoodcrafts.com
576039,emotorsdirect.ca
576047,euroclinic.gr
576066,evercam.io
576070,europetnet.org
576074,etiming.ru
576086,eeasy.jp
576103,emyto.sk
576177,e-deploy.com.br
576250,ecoccpit.net
576313,earthmeta.com
576393,emed.co.in
576415,emmacruises.com
576421,e-forest.gov.ua
576478,echowatch.ru
576506,everythingwx.com
576537,ecuconnections.com
576556,esc.vn
576573,epodunk.com
576598,escoltesiguies.cat
576599,e-fumeur.fr
576617,ebonypics.org
576619,escapeall.gr
576638,enrgtechglobal.com
576677,elitewagerplus.com
576680,etalonpribor.ru
576722,eloiseplease.com
576729,eifu.online
576756,eduopen.org
576758,epicreelsonline.nl
576760,espectaculosdesexo.es
576866,enchulate.com.ar
576930,engblog.ru
576934,espacemode.be
576941,energycom.gov.gh
577027,echoinsight.us
577030,eastech.com
577051,etvp.cc
577096,ew3d.com
577114,echaoceshi.com
577152,epiccardsdaily.com
577174,ex-churchofchrist.com
577269,ecojardin.pl
577273,encode.host
577295,emdl.fr
577306,elfi.com
577365,emlakyonetim.com.tr
577411,eccc.gov.kh
577416,enduranceseat.com
577434,esitem.com
577442,ezisp.nl
577480,edeka-dokumente.de
577486,eastontowncenter.com
577512,erp5.com
577553,expert4host.com
577585,eharmony-live.com
577626,energy.or.kr
577668,ets-tec.hu
577678,easyagile.com
577779,edeka.shop
577795,eurasiamobilechallenge.com
577821,elabe.fr
577837,energybot.com
577850,ecookshop.co.uk
577902,energywatchgroup.org
577910,ese-hormones.org
577922,ellerepublic.de
577944,ezcash137.com
577961,elena-kor.ru
577966,educyber.com
577997,excelia-group.fr
578008,erogen.org
578026,electronicaeshop.eu
578027,ercis.ro
578056,emmebistore.com
578057,ershaco.com
578080,edudelight.com
578081,electromall.ma
578117,elektrokarnizy-dlya-shtor.ru
578125,etimesgut.bel.tr
578126,educhr.ru
578156,everestas.com
578166,evocalize.com
578168,expertservicespulse.nl
578175,elithair.com
578216,eurostarshotels.com.pt
578234,enib.fr
578243,employeronthego.com
578262,eqology.com
578270,elitstroycraft.ru
578345,exploitglorieux.fr
578354,evolute-borishof.ru
578375,eflservices.co.uk
578391,ebook-journey.com
578407,epglobal.org
578424,elkopry.com
578431,estoreslowcost.com
578462,edu-soft.ru
578480,experience-hotel.com
578563,examenoverzicht.nl
578570,environmentaldefense.org
578573,elektro-master.com
578574,ectasy.cc
578607,emudding.ro
578610,epodgik.pl
578627,elitespacezone.nl
578653,easymarketdeals.nl
578677,emanuel.co.il
578710,educationnews.co.ke
578732,ereferer.com
578740,enghunan.gov.cn
578795,elter.hu
578800,element14.cn
578893,ewi-vlaanderen.be
579020,esteticart.ru
579023,electriccoin.co
579062,emst.gr
579063,e-kantei.net
579067,episodebase.com
579081,epasecure.com
579116,esauto.co.uk
579175,editee.com
579178,exporters.sg
579221,ejnet.org
579222,emediahosting.co.uk
579227,eryanet.com
579311,extendly.com
579356,erosguia.com
579369,epicroulettehouse.com
579373,europa.rs
579420,exemplo.com
579450,emperors-clothes.com
579454,englishwsheets.com
579455,elblogdelnarco.com
579520,esportrift.com
579521,ershovlad.space
579544,e-sadonet.tv
579591,elcontainer.cl
579677,edu.vn.ua
579740,encheres-publiques.com
579777,eelstheband.com
579821,epiccasinolounge.com
579867,ehost.com.tr
579910,e-century.us
579938,ediya.com
579984,emamipaper.com
580021,emergingtechbrew.com
580059,ecommzone.com
580121,erlebe.bayern
580152,ecospher.ru
580178,epn.info
580189,ebnet.org
580190,everlastingfabric.com
580199,editorialcentral.fr
580253,element-iot.com
580254,easymeubles.fr
580300,evrimaquickguide.com
580357,ecuworldwide.com
580370,essenther.com
580406,e-shop.dk
580414,elaon.de
580482,economicbrief.co.uk
580484,eaglenewssource.com
580491,ecolebranchee.com
580507,echoportal.ca
580562,eca-international.com
580607,ettlingen.de
580616,elettroclick.com
580646,egyankosh.co.in
580693,e-transactions.fr
580701,edwgj.com
580753,ebizfacts.com
580760,easternnewmexiconews.com
580792,edrone-click.me
580826,espinahobbies.com
580827,eldwbj.com
580828,equallevel.com
580860,elle.dk
580875,estrellaarica.cl
580935,ejmste.com
580937,encsrvs.com
580971,emojikeyboard.top
580975,european-fasteners.com
581019,ertv.com.tr
581052,eastlines.ru
581077,entrio.si
581111,eveningflash.com
581139,evostudio.pl
581156,etrition.com
581171,exchangesupplies.org
581232,email-platform.com
581244,ezjoy.cn
581257,emergencyreporting.com
581268,eurolympic.org
581270,eduhubcampus.com
581285,erotag.org
581302,elsend.com
581328,enwild.com
581448,eaglevalleycutlery.com
581472,earlystage.pl
581512,esbd.ru
581513,elektriker.org
581538,eclipse.cx
581549,easyloginforme.app
581561,embassies.info
581563,edisontechcenter.org
581575,eucpn.org
581584,enjoysudoku.com
581608,expedrion.biz
581623,easterncareerzone.nl
581653,eda72.com
581666,evolan.ru
581670,ehana.com
581771,epicclubworld.com
581814,emagizcloud.com
581828,especialalejosauras.com
581833,enlyze.com
581835,em9rahhar9me.com
581858,esb.id
582004,ensedeciencia.com
582021,exotiks.ru
582092,elyamaje.com
582093,emp-shop.no
582094,ennap.com
582124,esp.info
582138,etraining.gov.tw
582150,ejournal.kz
582191,eximbank.com
582294,economistua.com
582335,essayzoo.org
582343,envirobuild.com
582348,equipchurch.com
582349,eyeos.org
582380,ebaymotorspro.co.uk
582393,epithimies.gr
582428,estudiantesdelaplata.com
582471,euro-journal.press
582498,everymanplayhouse.com
582627,etsjets.org
582631,echosting.io
582679,estella.eu
582735,eeo.im
582811,enrollhere.com
582815,evoclub.pro
582868,evowow.com
582925,electricsheep.org
582975,esseyepro.com
583076,epicbettingstation.com
583099,epfriends.de
583143,editions-soleil.fr
583151,elitespinhub.com
583160,euroschoolindia.com
583213,elvanto.eu
583236,ekareyazilim.com.tr
583251,electrodomesticosjugami.com
583307,enreach.de
583335,echopath.nl
583352,emilkirkegaard.dk
583444,enermax.com
583456,econecta.com
583473,echecs-online.eu
583476,edscuola.it
583478,elitepointhub.nl
583521,elixia.fi
583545,expcarry.com
583551,europenowjournal.org
583566,egdoebdg.com
583567,emancipees.com
583598,exclusivemorning.com
583622,epeeglacier.fr
583665,elektrokarniz11.ru
583681,epicgamblestation.com
583826,e-aircon.jp
583827,e-kassa.gov.az
583828,eclock.com.mx
583829,edcad.ae
583830,edsmart.com
583831,egrates.com
583832,elekdirect.co.uk
583833,eljuri.store
583834,enterprise.mx
583835,esfiya.com
583836,eshop-zemedelske-potreby.cz
583837,esportepix.site
583838,essentialhouse.club
583839,evangelistasports.com
583840,evbi.vn
583841,eventvestor.com
583842,everydaychicboutique.com
583843,evidenceforlearning.net
583844,exchanging.app
583845,expressdigibooks.com
583846,ezycargo.com
584176,esbt.ru
584177,ezepo.net
584184,endcore-tech.com
584227,everestbankltd.com
584343,eliteluckydaily.com
584355,estmd.com
584367,elitereelsexpress.com
584376,estudio-ledesma.com
584386,economicnation.co.uk
584471,elsinistro.art
584487,excel.com
584491,eliterouletteworld.com
584495,ecoss25.eu
584505,eonreality.com
584589,exoticcarrental.com.my
584592,eliteluckworld.nl
584599,esnaad.sa
584622,enjoyrust.com
584664,ehlers-danlos.org
584775,equinoxoli.org
584810,eraserpen.cc
584833,elifeidc.com
584863,edgly.net
584876,ezhyperlix.xyz
584888,etmprckg.com
584921,ecwcloud.in
584980,ecopolis-spb.ru
585007,ecamzone.cc
585016,evolv.com
585042,edithwharton.org
585074,erdem.com
585091,exoticsenegal.com
585129,edrawingsviewer.com
585141,echomark.nl
585155,e5kg.casino
585197,elitewinsonline.nl
585231,endstation-rechts.de
585243,eydology.com
585287,ernst-daheim.de
585296,experro.app
585305,easycredito.com.br
585315,elecraft.com
585356,ejx.one
585360,extradawn.pro
585400,eslband.com
585416,esoterica.com
585439,easycamp.com.tw
585464,elephant-groupe.com
585466,eyebizz.de
585491,ethocaweb.com
585530,endedzhora.name
585556,exploituk.net
585564,ellis.eu
585588,empresascif.com
585632,epicarenaonline.com
585671,elitespins.de
585673,enigmatickets.com
585757,easyvisit.com.au
585786,esfcr.cz
585788,eloboard.com
585806,elitevipspace.com
585813,elitereelszone.com
585846,echopedia.org
585862,egencia-test.com
585870,eropornx.com
585923,ethnomed.org
585924,enotify.app
585969,ecocult.com
586026,edenai.co
586113,ersatzteilfachmann.de
586146,enetco.nl
586188,emehive.co
586195,envigado.gov.co
586201,esdc.gc.ca
586255,eoptika.hu
586285,ez-captcha.com
586371,europeancasinobonuses.com
586380,euroblech.com
586402,elobr.com
586419,english-e-reader.net
586426,enqueue.ru
586455,ecodelchisone.it
586474,eplytki.pl
586493,egamschool.com
586494,eatviandas.com
586582,eliteluckyzone.com
586604,express.tc
586643,elitespinarena.nl
586647,escude.co.jp
586686,e-sen.cz
586722,europcar.ch
586744,engineeredfloors.com
586775,exactscienceslabs.com
586792,elgallomasgallo.com.hn
586807,esolent.com
586812,emma.ca
586829,ericmigi.com
586946,easycar.com
586962,eurotivity.com
587059,esel.at
587115,eventosbcn.com
587116,ezecastle.net
587129,excavatorstartermotor.com
587146,evivanlanschot.nl
587253,ever-net.ro
587268,enterpriseec.com
587281,evroto.bg
587331,etotopers.online
587387,elcart.com
587402,ecv.fr
587428,enchantedfinejewelry.com
587494,everstream.ai
587540,elitegamblecentral.com
587545,expatjobs77.com
587548,eldapi-vacances.fr
587554,e-breuninger.de
587653,ecosportsdome.ro
587666,elitegamingonline.com
587719,ezworkers.com
587829,ezadspro.co.uk
587843,esh-derevenskoe.ru
587858,eurofins-megalab.com
587861,enjoynordjylland.dk
587873,eternaltwin.org
587888,elitechoice.org
587904,evermine.com
587913,edugist.org
587924,eastmanhouse.org
587932,ecco-verde.fr
587940,ebonygirlstgp.com
587986,esales.com.pl
587996,etopornovideo.link
588064,editorialcomplet.fr
588067,enjoying.yachts
588074,ellemental.it
588089,eroticpornxxx.com
588169,enoticesonline.com
588189,emailimagecdnjmb1.com
588230,edirne.bel.tr
588287,evercom.app
588292,epicplayhub.nl
588313,elkogroup.com
588320,egov.gov.il
588332,erogedownload.com
588338,elektricheskie-zhalyuzi5.ru
588355,edenexit.it
588393,elmundodelpapelpintado.com
588401,engineering.org.cn
588419,eyupsultan.bel.tr
588434,emapta.com
588440,epexecutivecoaching.com
588463,elienai.de
588464,exystence.net
588474,epuertohost.net
588483,evduel.com
588491,eyeofhorus-slot-review.top
588498,eyzvmdyk.com
588504,eveningcast.com
588536,edu.on.ca
588570,ergc.co.za
588582,echobase.ca
588584,enterasys.com
588594,extraplus.sk
588608,eletrogate.com
588627,educamarket.com.br
588668,expera.ba
588698,ecoolbuy.com
588703,estele.co
588747,emlmkt.com
588751,equatorialtelecom.com.br
588756,easternprogress.com
588757,ecceproductions.nl
588815,eupartners2023.xyz
588853,e-know.ca
588855,elektron.com.pl
588864,exitek.io
588873,erosexus.com
588876,europages.bg
588893,engenha.com
588894,epsonprintersupportpro.us
588901,ecotools.nl
588925,epicrouletteonline.com
588956,elalmacen.shop
588961,eurasia.co.jp
588965,egyptian-gazette.com
588981,eopau.com
589012,enic-kazakhstan.kz
589017,exltrk.com
589040,eidoslab.co.uk
589085,exclusiveevening.com
589114,ebodvnpb.com
589130,ersatzteile-motorrad-bmw.de
589135,eijffinger.com
589147,espace-etudiant.net
589190,ekologistakmartxan.org
589198,esenf.pt
589231,ergatta.com
589237,educationnsw.com.au
589280,exairon.com
589302,euroexam.org
589304,espagne-gourmet.com
589367,epartconnection.com
589376,epmonthly.com
589378,editions-hermann.fr
589432,extra-casino2.com
589491,efshop.com.tw
589586,e-orchids.co.in
589646,exleasingcar.com.ua
589658,ebasesloaded.com
589670,editorialneutral.com
589716,ergames.ca
589717,epvpimg.com
589757,eriksaglia.com
589789,ezycdn.stream
589827,echotide.co.uk
589846,elite-fanstore.com
589850,euindiachambers.com
589874,emilieeats.com
589889,eleganzza.ru
589890,executiveoptical.com
589970,evohost.ro
589974,ecolines.by
589989,escorts.ninja
590018,e3melbusiness.com
590040,essepobeda.ru
590050,edsights.io
590074,economapteka.ru
590086,epornuha.xyz
590091,en.net.ua
590095,eliteblackjackgroup.com
590098,esports.id
590110,edipsaat.com
590143,explorepartsunknown.com
590160,ecgpsconline.in
590174,electricafurnizare.ro
590184,explorerstudio.org
590185,e6golf.com
590186,ecoindex.fr
590187,egyptelite.com
590233,essayforum.com
590240,eghgsnqh.cc
590242,eezybridge.com
590250,elpa.co.jp
590262,eurobrussels.com
590275,elitecardsbase.com
590282,experta.com.ar
590292,explorebreda.com
590355,exoticzimbabwe.com
590374,editeurbpc.com
590440,elevatebeta.cafe
590446,edulla.ai
590447,eggermont-ieper.be
590451,eldoctor.com.mx
590485,empregasaojose.com.br
590517,ersatzteile-garten.de
590535,esr-live-germany.com
590536,eastspring.com
590540,epactnetwork.com
590558,eqyzmet.gov.kz
590595,estac.fr
590606,ensedv.de
590630,enprimeurclub.com
590635,emblem4home.com
590641,ena.lg.jp
590653,ehitusfoorum.com
590681,editionsmilan.com
590700,e-tlaxcala.mx
590703,eparkentertainment.com
590714,everydayrewards.co.nz
590748,elkthelabel.com
590765,eastwest-wingchun.org
590784,espreso.mk
590815,ensure.com
590884,edenlivres.fr
590886,enseignement-prive.info
590923,efeminista.com
590939,easycleannow.com
590942,epicclubhub.com
590950,energy-kaszino.com
590973,elephants.com
590980,ehaier.com
591000,eclipserpg.com
591019,envoice.eu
591032,elosklinik.com
591047,estatuto.co
591060,eventgenius.co.uk
591061,emolecules.com
591064,ecliente6.com.br
591123,edebel.com
591138,edelflex.com
591140,enerwave.gr
591161,easietech.com
591221,estet-web.ru
591232,effective-group.ru
591264,elriomychart.org
591267,exworks.com
591274,esofagopisa.it
591281,essexhighways.org
591320,euralb.net
591324,energogroup.net
591341,emeye.co.kr
591387,ecocommons.org.au
591406,extraderondonia.com.br
591407,espacil.com
591408,ecommerce-info.com.ua
591450,ejfvkxjg.cc
591456,eaguingamp.com
591478,emailantidote.com
591499,energieverbraucher.de
591509,eyerim.ro
591541,esn.it
591544,elgenero.xyz
591551,efap.com
591554,elabore.coop
591574,energyombudsman.org
591661,exvalos.cz
591667,e4ward.com
591680,energetische-biomassenutzung.de
591684,efforest.com
591706,eatingrichly.com
591719,eyecatch.at
591796,etsl.jp
591807,ecad.org.br
591821,eshkol.io
591835,egon.no
591963,epicclubpoint.com
591977,emedicodiary.com
591993,erectiledysfunctionpillsx.com
592013,erdoganlarnakliyat.com
592092,ecosober.com
592119,exodusrideshop.com
592128,eblock.com
592156,entrerios.net
592185,ersanli.cn
592187,euromillones.com
592249,e-crt.org
592261,ehrgo.com
592299,elonbetfuncasino.com
592436,expopromoter.com
592452,erotiskedating.com
592514,erbegroup.com
592515,esoft.lk
592528,eimhe.com
592620,explorehomesintampabay.com
592624,econology.fr
592642,eudox-commerce.com
592661,e-rower.pl
592663,easemydeal.com
592669,entityclouds.com
592736,efrnet.net
592744,emberfund.io
592770,esalhost.com
592785,etnogenez.ru
592797,ecovtorservis.ru
592859,evrenesoglu57.click
592867,ethcasino.io
592868,epiccardsplatform.com
592913,eigendev.com
592931,electriccityusa.com
592934,electronicamartinez.es
592940,elinstallatoren.se
592964,eda-dostavka.com
592984,envibus.fr
592992,elationlighting.com
593029,ertaqy.com
593034,extremelocation.com
593094,edgeno.de
593122,everyx.ru
593144,ecatalog24.eu
593154,empleacantabria.es
593169,efox.pro
593173,elbierzonoticias.com
593196,enews.tw
593239,entexion.com
593257,eval.org
593308,ellemillashop.com
593337,empty-folder.cc
593343,enstart.ru
593365,eectuning.org
593371,ember.to
593384,ericdata.com
593409,engemix.com.br
593466,ego-telematik.de
593528,elliothospital.org
593541,evawifi.com
593558,entrainementvaillant.fr
593560,emnlp.org
593650,emkaav.com
593666,electus.co.kr
593672,e-uchebnici.com
593691,elwico.pl
593704,edenta.eu
593713,exodusbooks.com
593725,ezscale.cloud
593759,epicslotszone.com
593782,educador.com.br
593827,egca.fr
593914,eurowirecontainers.com
593931,eljannah.com.au
593950,e-mail.com
593962,eit.ac.nz
594060,ecoparcel.eu
594066,elitepartner.at
594085,englishlinx.com
594109,electricblaze.com
594132,eburg-xxx.biz
594161,enfaf.com
594167,ebriefready.com.au
594204,euroalliance.ru
594251,eggertspiele.de
594274,electricgeneratorsdirect.com
594279,econcordia.com
594284,ecrater.com.au
594310,exk.kz
594354,encyro.com
594386,epreuvesetcorriges.com
594427,eboruss.online
594436,ecmo.ru
594454,ecoteka.ru
594460,ebelanja.id
594522,embraco.com
594531,easyblock.net
594534,ejerciciosinglesonline.com
594560,eliv.kr
594561,elsalg.dk
594608,eiterp.in
594672,esuus.org
594703,elcorteingles.com
594709,enovation.net
594712,edgeverve.com
594778,elvanto.net
594784,exparta.fr
594810,editionspoints.com
594848,e-mailnews.de
594882,el-w.ru
595003,earthingharmony.com
595014,edel-optics.ch
595025,easysmx.com
595055,epocasie.com
595064,emmits.es
595087,elitebettingpro.com
595109,ethiopia-bettingoffersfinder.com
595129,ethicalcorp.com
595142,ekstrabladet.tech
595147,eu-secured.com
595152,emembercard.com
595202,emerion.com
595225,elementlab.org
595258,e-nichii.net
595288,elden-ringnightreign.com
595289,e-imo.com
595296,explainpaper.com
595312,eulenwelt.de
595324,eldiadeescobar.com.ar
595340,eclickdns.com
595365,europages.pt
595424,efficient.com
595439,ensemblecloud.com
595483,europaportalen.se
595488,elementre.com
595533,elite4k.co
595549,evrotrust.com
595600,electricsheeps.xyz
595612,etudemichel.fr
595615,eurocem.ru
595621,excilor.com
595623,e-kiosk.pl
595644,easytoys.tv
595656,esteticka-stomatologie.cz
595660,egovpayments.com
595662,egyhealthmedical.com
595663,emperorweb.net
595700,euro-sports.jp
595711,eftepedia.nl
595742,ebm.co.kr
595798,ezesoft.eu
595806,exchangecelebration.com.au
595808,egynoww.com
595819,estereoplataradio.com
595845,economy.bg
595858,eustore.gr
595893,epi4dogs.com
595914,eaton.com.cn
596017,elitetechtrendzone.nl
596054,elinchrom.com
596068,eb5investors.com
596080,exion.ch
596089,english1.co.id
596090,editorspick.com
596108,erecruiter.net
596131,emilfrey.fr
596134,e-clujnapoca.ro
596164,ekac.org
596183,esports.com
596215,eyepress.ru
596236,electroniccomponentsics.com
596294,emushroom.net
596312,esumber.my
596367,enginearch.com
596390,educationnest.com
596420,emsoft.ru
596456,elkgrove.gov
596468,enscitech.org
596492,emg-services.net
596517,esteelauder.ca
596540,earthlinkbusiness.com
596549,event-cloud.com
596570,elycathedral.org
596585,elbakin.net
596631,etlib.ru
596639,elazig.bel.tr
596646,elser.ai
596677,essentialworship.com
596696,etude-homere.org
596772,eveandboy.com
596792,ebooksread.com
596794,electrostudio.gr
596812,eveoncontainers.com
596874,ebike-24.com
596884,ekaterinburg-eparhia.ru
596886,elektrod.com.ua
597787,e-galexis.com
597788,e-insportline.pl
597789,e-mongolia.mn
597790,e-moto.gr
597791,e-mtb.es
597792,e-notariaat.be
597793,e-pet.com.ua
597794,e-roti.ro
597795,e-toolshop.gr
597796,e-ventify.com
597797,e431.jp
597798,ead.guru
597799,ealborzins.ir
597800,easy-health.app
597801,easyca.vn
597802,easyemployer.com
597803,easymail.gr
597804,easypos.vn
597805,easyposs.vn
597806,eavar.com
597807,eazle.fr
597808,ebirr.com
597809,eboxenterprise.be
597810,ebradi.com.br
597811,ecloud.co.id
597812,ecofaolfuqaro.uz
597813,ecoviasimigrantes.com.br
597814,ecuadorencifras.gob.ec
597815,ecubing.it
597816,eczane.com.tr
597817,edaxo.pl
597818,edecks.co.uk
597819,edifact.com.mx
597820,editions-narayana.fr
597821,editorasolucao.com.br
597822,editorialsystem.com
597823,edmontonrealestate.pro
597824,ednia.se
597825,edrotacultural.com.br
597826,edutap.in
597827,efact.pe
597828,efulife.com
597829,egarwolin.pl
597830,egoldenyears.com
597831,egyincs.com
597832,eigroup.co.uk
597833,eklesiaonline.com.br
597834,ekoliumenas.lt
597835,elbutik.se
597836,elchat.net
597837,elearning-total.com
597838,elecnor.es
597839,elecshop.co.kr
597840,electrolux.hu
597841,electronic-star.hr
597842,electronicsu.org
597843,elements.com.br
597844,elencodigital.com.br
597845,elettrovillage.it
597846,elevenfit.es
597847,elfaleh.sa
597848,elgallomasgallo.com.gt
597849,eliteviewers.com
597850,elmergib.edu.ly
597851,eloca.com.br
597852,elrosado.com
597853,emasantam.id
597854,embedwish.com
597855,emerald.bg
597856,emily-job.jp
597857,emma-colchon.es
597858,emomiu.jp
597859,empowersoftware.co.nz
597860,emtelco.co
597861,encheres-vo.com
597862,encontrol.mx
597863,endeporte.edu.co
597864,engelsons.se
597865,enifler.com.br
597866,eniplenitude.es
597867,enko.com.ua
597868,enkora.fi
597869,enuguairlines.com
597870,enviame.io
597871,envieshoes.gr
597872,eolia-software.com
597873,eotica.com.br
597874,epmc.gob.ec
597875,epsilonsmart.gr
597876,epson.co.cr
597877,epson.com.ec
597878,equal-online.com
597879,equipe-france.fr
597880,erlerkumas.com
597881,ero2ch.net
597882,eroanimelist.com
597883,erodouga-beam.com
597884,erohere.eu
597885,eromanga-milf.com
597886,erovoice.us
597887,esalia.com
597888,esconusted.com
597889,eshiksabd.com
597890,eskooly.com
597891,esmeraldino.com
597892,espressoapp.com.br
597893,esscobathware.com
597894,essmrdiy.co.id
597895,estacaonoticia.com.br
597896,estantemagica.com.br
597897,estarter.co
597898,estilomma.com
597899,estoque.com.br
597900,estudeseg.com.br
597901,estudyme.com
597902,et.ae
597903,etaxkorea.net
597904,etomei.com
597905,eurekaelectrodomesticos.es
597906,euro-expos.com
597907,eurobudowa.pl
597908,eurofarmacia.it
597909,eurokangas.fi
597910,euronics.pt
597911,eventoshq.me
597912,eventsoft.fr
597913,everysaving.co.uk
597914,evvohome.com
597915,examentrafico.com
597916,exodenaturel.fr
597917,expediataap.it
597918,expressoguanabara.com.br
597919,extensya.com
597920,extrading.asia
597921,eyemdemr.com
597922,eyerim.pl
597923,ez4short.com
597924,ezconnect.ir
597925,ezfunds.com.tw
597926,ezpay.ir
597927,ezpoint.com.br
600325,entwicklung.at
600327,ecofon.business
600343,erse.pt
600347,edelweiss-grossarl.com
600363,eduguide.gr
600372,eb80.com
600375,expert-cm.ru
600380,eb2a.net
600405,eucerinus.com
600433,epernay.fr
600434,essenceservers.com
600468,echoblog.co.uk
600490,eltsi.ru
600503,executivegroupfl.com
600517,edufichas.com
600526,edplatform.ru
600531,explorelincolncity.com
600555,e-osetia.ru
600595,eternalesports.club
600602,ebookbou.edu.bd
600615,eduniversal-ranking.com
600646,ewashtenaw.org
600684,explore-calvados.com
600797,esportvoid.com
600801,evergreenmuseum.org
600810,enlighten-it.com
600831,ekouaer.com
600847,emarketpeople.com
601018,epicjackpotplus.com
601034,evidencebased.info
601037,ebalka.fun
601038,epicbettingzone.com
601079,engifuosi.com
601080,ekys.ru
601083,esa.it
601101,enhancepd.com
601161,echozone.nl
601192,elitepalacestation.com
601232,edel.com
601247,emathisi.gr
601263,elserverdeinfinito.com
601273,eunice-fs.com
601274,eurofestivalnews.com
601292,elektro-baza.com.ua
601317,everymothercounts.org
601340,electroeshop.com
601341,eurotele.net.ua
601374,eporncam.com
601451,era-village.live
601477,ezpoint.online
601479,eindiatourism.com
601544,ec-lille.fr
601552,expondo.de
601554,emblemsbf.com
601582,endtimebible.com
601604,emineminoglu.com.tr
601612,evolucaopet.com.br
601617,ecommercenapratica.com
601637,energo-winstal.pl
601657,ehills.co.jp
601688,edfenr.com
601757,e-liquids.com
601777,e-sync.net
601817,elklantern.com
601921,elevenproxy.pro
601922,evision-software.com
601952,eeggcccfeiejieiagacf.world
601962,emedco.com
601971,ebnhc.org
602051,elitebusinessmagazine.co.uk
602069,epicslotonline.com
602088,ehconsultores.com
602199,em-it.at
602210,emvia.de
602226,exponor.pt
602301,evans-slipknot.com
602391,enduradocs.work
602430,extrahosting.cz
602433,eliteclubexpress.com
602436,eliteeventsbreda.nl
602480,edit-hosting.com
602563,epicbettingexpress.com
602616,ebtedge.us
602618,evh-bochum.de
602628,evgezmesi.com
602710,ebayclassifieds.com
602750,esquireindia.co.in
602786,e-5-y-l.com
602806,excavatorbreakerparts.com
602845,eastcoastcarrentals.com.au
602853,edigitalagency.com.au
602855,evalar.kz
602902,ecspublishing.com
602907,ellinikos-stratos.com
602924,elfa.com.cn
602925,english3.com
602963,exeporno.one
603027,eurocarparks.com
603046,evvntly.com
603113,eliteslotspoint.com
603201,erodoujinlab.com
603226,event-catch.eu
603229,estomazil.com.br
603247,ecdsweb.com
603263,evobet.com
603285,extraportfel.pl
603332,evolvecasinoworld.com
603353,evidentid.com
603356,etruyen.net
603395,eachlabs.ai
603402,epa4all.de
603409,eyath.gr
603468,enregistre-le.top
603502,epytec.de
603513,el-hope.com
603524,epistemelinks.com
603571,eyecay.net
603608,espressohouse.com
603664,eama.group
603687,edgerift.io
603781,eaksystem.com
603811,extremehoes.com
603838,eu-captcha.eu
603862,elsva.com
603866,eschbach-design.com
603894,echangerhabiter.fr
603904,ekolo.cz
603907,evdacams.com
603955,emoget.com
603968,elevatecommercialbp.com
604008,ekspertai.lt
604024,earlywritings.com
604072,european-accreditation.org
604076,egginfo.co.uk
604134,europixhd.org
604149,essens.ua
604162,easy-key.ru
604177,erqu8.cc
604183,e-notification.net
604189,ekaterina-school.ru
604220,engineering10.com
604244,ecuadorenventa.net
604257,ese.gov.ae
604292,edtech4.school
604310,elsteronline.de
604373,esg.fr
604414,ekotrope.com
604441,ebnermedia.de
604454,ensco.com
604456,ettitude.com
604474,enrforce.com
604534,exile.ru
604535,eduplus.edu.pl
604551,euromeets.com
604552,ewbc.net
604574,ericeirasurfskate.pt
604590,e-samas.lt
604615,elazigsonhaber.com
604622,e-globalink.net
604634,ebiketuningshop.com
604635,egolosinas.com
604649,edgeboss.net
604699,edzardernst.com
604715,edvring.eu
604751,educationdunia.com
604786,exclusiffiable.fr
604811,employerondemand.com
604847,eduhero.net
604852,epicblackjackworld.com
604865,e-oscar-web.net
604923,ecocandleco.com
604927,exototo.com
604936,evilgamerz.com
604977,eway.io
604981,e-bivi.com
604995,elitecardsmarket.com
605038,extremescience.com
605043,eidisis.gr
605061,eden-mobility.co.uk
605066,elsegundo.org
605087,eindiabusiness.com
605097,enterprise-journal.com
605101,enlace.org
605139,element-4.com
605183,empathi.com
605216,eurodict.com
605252,ecogpt.com
605277,emilenijssen.nl
605347,evisos.com.ve
605362,essexcountyparks.org
605429,ebook8.cc
605497,eve-and-co.com
605520,evalcompany.com
605551,egitim.com
605565,ekrcover.com
605566,elektrobalt.lt
605598,emarkiz.com
605629,eliteclubhub.com
605673,easier.com
605729,epost.ch
605786,ecofishingshop.com
605801,esma-artistique.com
605803,educationsupport.org.uk
605825,e-vision.com.au
605845,emakina.us
605905,estado.rs.gov.br
605947,endzonekit.co.uk
605965,empiredistrict.com
606024,engdict.com
606080,eztv4k.cc
606105,epiccasinohub.com
606178,echolinkflorida.org
606190,exploringthenorth.com
606214,entertainment.com.ua
606240,eventpower.com
606264,edudoc.ch
606272,ekutak.ba
606327,enot.io
606333,editorialfort.fr
606334,eshte.pt
606372,emilehenry.com
606390,ejuniper.com
606399,easybookmarkings.win
606469,eriba-touring-club.de
606488,edouniversity.edu.ng
606529,ez-serve.net
606531,eodmiany.pl
606534,exclusivefurniture.com
606547,ecase-pnrc.fr
606562,easy-reisen.ch
606655,eventhorizonhobbies.com
606669,embarkok.com
606701,elitecardnationpoint.nl
606713,ezcash94.com
606714,ecomatin.net
606738,elitestudiozone.nl
606743,emailablev.com
606806,edmondscooking.co.nz
606817,erocadr.net
606842,es.vg
606915,eco-cmp.cz
606930,eleganthardware.com
606943,eos-intl.net
606949,emovis-tag.co.uk
606981,ezcash104.com
607004,eewholesalevape.com
607023,email-carmax.com
607036,energyupgradeca.org
607039,e-fanclub.com
607169,ecocenter.ee
607188,e7thr0nkxtrxxk25jobd.net
607191,elitepalaceonline.com
607196,ecommur.com
607244,elma-bpm.com
607258,emiratesnbddirect.com
607260,eqrworld.com
607271,engfuel.com
607272,epicpalacemarket.com
607292,e-o3.com
607299,epiccardsplus.com
607302,extremegenes.com
607310,ecobytes.net
607324,engagevr.io
607334,enterasource.com
607428,ecosideral.com
607429,elemints.at
607430,elmecdatacenter.com
607431,enrlawfirm.com
607432,esportsworldlink.com
607433,euroluxhome.com
607434,eurooptica.com
607435,evinsights.co
607617,eriks.com
607630,energy2000.pl
607641,europeelects.eu
607644,ebike24.com
607655,eonads.com
607658,e-nyelv.hu
607659,elvxing.net
607698,emergency-planet.com
607720,ecocongress.info
607746,electricshop.com
607751,eurocast.work
607758,e-laeltd.com
607881,e-estate.co
607893,enosishermes.com
607902,experiencetherock.com
607917,eyalsflowers.com
607923,elitenextpulsehub.nl
607940,editorial.gr
607991,eurelien.fr
608036,ethosvet.com
608046,elmark.com.ro
608067,etusuora.com
608120,eperfect.net
608170,euromoto85.com
608185,est-tver.ru
608224,eiexchange.com
608254,ehl.com.br
608264,explorexpert.fr
608279,edreamsodigeo.com
608287,e46club.ru
608318,epicrouletteworld.com
608388,eurodripusa.net
608402,embedstreams.top
608405,eroticsexshop.cy
608481,e-vinil.ro
608500,eu-skladi.si
608508,escobarvipforum.co
608527,etp.com.co
608556,egifterrewards.com
608583,exxeta.info
608587,ejport.com
608619,evisaprime.com
608692,elcohost.com
608804,ecmacademy.it
608837,easterntechfactory.nl
608882,eroticsexstream.com
608971,emplot.net.ua
608999,ezvuu.com
609011,ect-p.net
609041,easygerman.org
609050,eastlinkhosting.ca
609072,edusprint.in
609076,exxeselection.com
609079,excelerator.com.mx
609089,equalvision.com
609094,eiwvtxb9.com
609108,energia.gob.mx
609144,emporioluz.com.br
609152,e-dmj.org
609233,emagister.com.mx
609253,el-libro.org.ar
609261,easy8.com
609263,erlebnis-brandenburg.de
609308,emfscientist.org
609375,ez-cx.com
609472,epicluckarena.nl
609577,ebsu.edu.ng
609582,equischoen.com
609598,editate.com
609644,efbet.net
609655,electrotrend.pl
609657,ecclesia.gr
609755,escortfinderuk.co.uk
609797,eae.net
609809,eblofficial.com
609821,etechprovedor.com.br
609871,e-komponent.com
610046,ezcash364.com
610051,expresswear.nl
610122,etjca.it
610123,empyriononline.com
610149,element3.net
610163,ewhois.org
610179,evesun.com
610227,englishtime.com
610260,edgeminds.de
610390,escortszonanorte.com
610395,elinline.com
610461,e-kolorowanki.eu
610474,energycasino71.com
610484,egb.com
610491,ewtn.de
610511,epcsheriffsoffice.com
610533,ecohoteltorredecristalcampestre.com
610573,europamel.net
610601,elmg.net
610602,elitegambleexpress.com
610624,euromail.hu
610625,elitespinspace.com
610676,europassitalian.com
610686,ekosnegocios.com
610712,eca.gov.il
610726,euro-math-soc.eu
610728,equipenutrition.ca
610808,ejwiki.org
610812,eixos.com.br
610821,eduwinkel.nl
610823,echobase.hu
610825,escortsespeciales.com
610839,elxis.com
610882,excellium-antinuisibles.com
610936,earthslab.com
610941,easyonnet.io
610947,engineered.at
610984,erilia.fr
611002,ebonymilftube.com
611008,euroking.cz
611081,eecoonline.com
611097,eo-heimat.de
611110,ergroenvjv9v39tv0dgtlib.org
611127,everypay.gr
611159,ezcash106.com
611177,edez.ro
611194,ex.net
611208,europeanlawinstitute.eu
611230,emsysvpp.de
611253,elpee.jp
611259,euroga.org
611263,ecol.com
611276,extrabux.cn
611278,eldocomp.com
611279,emergobyul.com
611280,event.it
611313,expanamarkets.com
611317,evernight.com
611355,elitewinsguide.nl
611412,emltmp.com
611470,euskirchen.de
611487,expertpower.us
611493,espngoal.nl
611537,easyjournalworld.nl
611560,eieio.games
611567,eu-debian.com
611608,eaglemount.org
611617,epollix.com
611620,erotik-von-nebenan.com
611641,emploitogo.info
611655,egy24.com
611733,ensalza.com
611765,electronicid.eu
611805,ermolenko.su
611853,ex-vulgar-tube.top
611871,earabiclearning.com
611876,eat-sh.com
611883,emperiogoldcoins.com
611884,elearnify.de
611900,eshraag.com
611927,enilive.it
611955,e-01s.com
611967,ergon.net
612168,e-ambalaj.ro
612169,e-earphone.blog
612170,e-kg.pl
612171,e-zoo.by
612172,easetolearn.com
612173,ecofort.ch
612174,ectcm.com
612175,edel-optics.ro
612176,ederluiz.com.vc
612177,edizionecaserta.net
612178,edupd.com
612179,egospodarul.ro
612180,ejuice.cz
612181,ekupi.rs
612182,el3rod.com
612183,elcerokm.com
612184,electrolux.com.tw
612185,electroncomponents.com
612186,elektromarketim.com
612187,eleyhosereels.com
612188,enteratenoticias.com.ar
612189,eparkville.com
612190,epson.cl
612191,esl-bits.eu
612192,evasota.com
612193,evercarebd.com
612194,everydaymeds.co.uk
612195,evofone.com
612196,expresswashconcepts.com
612197,ezbike.ca
612750,eocp.ca
612760,embnet.org
612796,empforce.com
612824,etomiccompanies.com
612828,endsys.net
612846,escorts24.de
612888,epodreczniki.pl
612891,ethicon.com
612895,enterprisehosting.at
612923,e-advertoriale.ro
612929,eepw.com
612930,e-sad.gov.pl
612935,emiratesrc.ae
612937,edokiacademy.com
612991,e5cnxi.shop
613009,echofon.com
613038,easypara.co.uk
613060,egsea.com
613113,echoit.net
613118,efinf.com
613255,eleven.se
613292,elektrikstore.hu
613314,eliteguidehub.nl
613325,emissary.ai
613352,epicroyalmarket.com
613360,energoneft-t.ru
613429,egame99.club
613448,ethercat.org
613464,eumedica.in
613466,encryptionin.space
613497,enlight.ru
613522,eventimsports.com
613523,emojiisland.com
613567,e-enter.md
613581,englishunlimited.ru
613621,elite-co.com
613653,exam.gov.tw
613677,eleconinfotech.net
613682,emeinfo.com
613699,etek.ru
613716,epfarms.com
613757,etke.host
613759,esky.sk
613767,erkaweb.com
613782,eldolar.info
613791,e-sscard.com
613804,energia-support.com
613849,elegancezwaag.nl
613904,e-trueconf.ru
613959,edsullivan.com
613966,exactnet.eu
613981,elsevierweekblad.nl
613991,ecity.it
614004,epuertobilbao.com
614016,esi.com.ua
614113,emuseum.ch
614181,elitearenacentral.com
614212,eman-archives.org
614216,eu-evs.com
614233,eptummers.nl
614285,ebenbild.shop
614302,endometriosis.org
614327,edimelo.net.br
614361,eastbrooktrade.com
614362,edel-optics.dk
614479,enduw.com
614486,emploi-securite.com
614531,esign-app.com
614573,etfexpress.com
614583,eamf.lv
614602,edilpaintbologna.it
614603,easternhealth.org.au
614620,estatedrift.co.uk
614647,engelholm.se
614694,ejmas.com
614702,educat.ru
614724,eldorado-casino.ro
614749,etech.lv
614820,eecu.org
614830,elsi-group.ru
614848,excelformulabot.com
614905,epicluckzone.nl
614913,euroakademie.de
614926,estonine.com
614946,euromedrights.org
614957,eroshorts.site
614959,erotickerande.cz
615006,emailimagecdn1o52.com
615033,efoli.com
615048,edutt.com
615079,easyeat.ai
615104,elifozoglucollection.com
615105,ewheel.es
615219,exactly.com
615269,eurekamagazine.co.uk
615275,elorys.com
615291,ehealth-epa.de
615307,emploi-store.fr
615314,elitepalacezone.com
615343,elix.ink
615346,ebn-gmbh.de
615354,easycancha.com
615396,eviathema.gr
615400,evolutionserver.net
615516,emsnow.com
615538,ereglionder.com.tr
615578,emlhub.com
615631,eyelashco.com
615733,enfield-rifles.com
615748,embloom.nl
615813,essenzaltro.it
615815,elettromega.it
615843,elite-games.ru
615870,exploreworldwide.com
615891,energocomm.ru
615907,epicslotsgroup.com
615922,ecopoliscorp.com
615935,edgebuildings.com
615953,exaudi.org
615958,eshragh.ir
615966,exoltech.ps
615968,elfontheshelf.com
616059,entrivia.app
616104,empulia.it
616143,etxt.biz
616158,easymoney.co.th
616162,eliassen.nl
616178,epicwagerpoint.com
616219,everfi-next.net
616233,everydaynews.online
616237,eiteljorg.org
616265,e-lnr.com
616276,elitescreens.com
616278,eose.com
616297,ezcash93.com
616310,easyjournalconnect.nl
616312,ereportmatra80.com
616321,ecq.jp
616324,esi.dz
616325,ekeynox.net
616341,explorelearning.co.uk
616373,e-dugme.com
616381,eduser.app
616444,evcentral.com.au
616479,everymanjack.com
616496,eliberico.com
616516,enakawakamiya.co.jp
616521,enaex.com
616560,epmmusique.fr
616583,electrocd.com
616584,edge-admin.com
616690,echostreamz.com
616747,enlightent.cn
616756,eatlittlebird.com
616760,elegantautoretail.com
616844,ersatzteil24.de
616867,eat.jp
616930,ekzotika.com
616950,ecranmagnifique.fr
616985,eatplanted.com
616987,easy-cloud.net
617033,eceeq.news
617039,essen-motorshow.de
617073,euromaster-pneumatici.it
617109,evisa.gov.ge
617134,ediscountperfumes.com
617135,exely.team
617138,esophia.de
617147,epices-roellinger.com
617172,epicxp.com
617196,elahotels.com
617242,elonisas.nl
617287,energyabsolute.co.th
617316,ericampire.xyz
617328,easygiga.com
617355,emsxl.com
617362,ebyteiot.com
617388,erepublik.net
617430,ecasiocentre.pk
617443,energyjustice.net
617633,ergodox-ez.com
617687,esker.fr
617688,essertze.ch
617730,exploreeverywheregift.com
617902,eulerian.eu
617925,europcar-atlantique.fr
617943,esp.cl
618019,ekimaru.com
618022,edofox.com
618023,energous.com
618033,endpointdev.com
618039,easycron.com
618044,elarion.be
618070,ecua.es
618113,epiccardshouse.com
618122,eckstein-shop.de
618161,experced.fun
618164,eternallightco.com
618206,elliq.co
618219,everywhereist.com
618238,editorialgeu.com
618272,elemosineria.va
618279,enron.com
618319,epitact.fr
618324,epicreelszone.nl
618343,eikou.com
618368,ephillips66.com
618410,enkihogar.com
618448,eqar.eu
618463,excl.cloud
618484,emersonnetworkpower.com
618490,etzuqiu.com
618530,earthreminder.com
618534,epicpull.gg
618575,earlyretirementnow.com
618646,edvfwlacluo.com
618687,espinosa.fr
618752,ebbing-tm.de
618832,emailer.help
618866,elliemaemortgates.com
618877,epmsonline.com
618931,edgegap.com
618938,edenred.jp
618953,eclisse.moda
618963,elevateent.com
618977,espexoticas.com.co
619058,e-blog.jp
619069,eravahost.com
619080,eatingbyelaine.com
619100,engie-deutschland.de
619121,everytopictoday.co.uk
619196,equada.net
619275,echoes-of-eden.com
619333,expresschemist.co.uk
619345,electronicsforyou.biz
619366,emuge-franken-group.com
619428,e2value.com
619441,epicblackjackmarket.com
619467,elysium-beach.gr
619550,ebutiken.nu
619552,esrcommerce.com
619619,ecertia.com
619620,ecolieu-lapeyre.fr
619621,edocsanywhere.com
619622,encapsulate.xyz
619623,eriehomes.com
619624,ezmkpkwldso.com
619717,ecohackerfarm.org
619718,eorb.com.cy
619807,evpn.me
619836,easycine.fr
619837,economytravel.com
619838,edg3.org
619839,enviacontador.com
619840,erieroofnow.com
619974,elara.ru
620053,editorialgg.com
620101,evo.ru
620104,enauka.gov.rs
620111,encinitasca.gov
620184,european-flight-academy.com
620197,emergys.com
620200,enlargeyourparis.fr
620215,earthship.com
620237,elitegoldentwisthub.nl
620247,estel-shop.ru
620248,electromart.com.bd
620270,esc14.net
620337,energyturnov.cz
620414,eyankit.com
620428,e-tokushima.or.jp
620462,elaeis.co
620475,esswe.in
620491,eribertdeoliveira.com
620516,euro2.net
620564,excedrin.com
620658,easylearnplatform.com
620680,endflame.co.uk
620731,echoinox.com
620744,eaut.edu.vn
620791,emails-makemytrip.com
620797,espresso.co.nz
620800,ebongaporno.top
620810,editis.com
620926,elitearenastation.com
620939,entropaycasino.ca
620943,ewmen.com
620946,epto.it
621001,eadministration.dk
621021,eckoshop.com.br
621022,ehaiki.jp
621052,engltalk.co.kr
621055,epiccardsstudio.com
621074,emonnaies.fr
621107,eatogether.com.tw
621116,erc.gov.ph
621118,estadiodeportes.mx
621142,etwinning.gr
621190,emis.com.uy
621196,evnika.gr
621204,ernestandhadleybooks.com
621246,easterntoolsmonthly.nl
621280,euci.com
621286,escom.bg
621294,enseignons.be
621310,ezo.io
621320,equitation-japan.com
621329,extrapetite.com
621348,efm-berlinale.de
621363,email-unionplus.org
621386,eatsleepride.com
621447,e-pazur.com
621462,emilydickinsonmuseum.org
621470,eureca.ru
621482,ecsnet.at
621506,ehponline.org
621550,escort-guide.tv
621597,europosters.it
621720,everyonezone.com
621729,esemtia.net
621737,exeterphoenix.org.uk
621757,elga.ru
621797,everhelper.me
621801,e-flowerpark.com
621845,esenzzia.com
621880,eyeappts.com
621931,enpareja.com
621932,ecanvasser.com
621933,epicgamingmarket.com
621935,evitastore.ru
621965,eflexfuel.com
621978,ecomed-storck.de
621984,escaperoom.com
622011,ecoactu.ma
622016,eatel.com
622027,eunet.at
622080,echoesanddust.com
622175,equipeassets.com
622184,empirehall.com.ua
622185,emobili.ro
622216,ethicspointvp.com
622235,ed-data.org
622341,eps.kz
622419,edge36.com
622443,elitebettingstudio.com
622454,epsb.net
622460,enasport.com
622518,eierschachteln.de
622554,easyink.io
622624,eefriend.com.tw
622631,ewapps.com
622660,educaenvivo.com
622667,emart.my
622674,elvisthemusic.com
622684,easy7developer.online
622692,examwatch.co.uk
622705,exisport.cz
622721,elvent.shop
622758,e2-3.dev
622898,evocargo.com
622899,ebalka.tv
622934,epicroyalonline.com
622984,emifull.jp
623052,excalibur-comics.fr
623056,easeplus.com
623059,epostersonline.com
623150,egybikers.com
623263,eaemadrid.com
623276,eb.co.uk
623299,eishockey-onlineshop.de
623330,encyklopediafantastyki.pl
623355,evolution-api.com
623410,ehg.pe
623411,emultipoetry.eu
623425,eliteslotnetwork.com
623441,exceedcard.com
623448,energycenter.org
623456,easyapps.pro
623468,espace-logement-etudiant.com
623481,energie-portal.sk
623490,experteer.fr
623518,easydomoticz.com
623528,enzanso.co.jp
623530,exchangemilling.com
623538,etpsolutions.com
623542,eskhosting.com
623551,elixirstrings.com
623556,earthworks-jobs.com
623580,evcdn.net
623590,easyprint-cdn.app
623591,elitepalaceplus.com
623652,eztvstatus.org
623674,eb5p.com
623694,ejuicestore.com
623749,erthpot.com
623788,emergencyphysicians.org
623807,em-power.it
623855,everydayspeech.com
623874,eventocompliance.com
623963,edadeal.net
623972,endoinfo.ru
623989,evonetbd.com
623994,eroica.cc
624055,eseecloud.cn
624057,exolyt.com
624072,euroffice.it
624096,eightoclock.com
624113,eonpro.io
624136,expressmailguard.com
624175,exec-appointments.com
624211,eurolines.com
624267,ety-buxu.online
624274,elitevisionzoneworld.nl
624303,evatmaster.com
624375,eurolive.es
624436,ever.ag
624441,ecomedes.com
624442,ecolines.lv
624456,emexglobal.com
624465,exclassics.com
624490,elektromax24.de
624542,eaitsm.org
624546,expnordeste.com.br
624553,engine-codes.com
624566,edovia.com
624570,easyparts-recambios.es
624596,everycircuit.com
624610,easystudentdiscounts.com
624612,eaglethougts.com
624652,erismann.de
624670,exquise.com
624707,eltaxi.app
624728,eliteoddsreelspoint.nl
624748,engagely.ai
624750,earch.cz
624775,ecoliteracy.org
624787,easternmediaconnect.nl
624814,endo-lighting.co.jp
624828,ezoe.work
624839,eznuri.co.kr
624884,elpoli.edu.co
624891,eduwriter.ai
624924,edgeeffect.com
624942,ennemisauvage.fr
625074,e-militaria.pl
625075,e-plans.fr
625076,e-smiley.dk
625077,edusign.app
625078,efisolutions.com.au
625079,eig-shop.com
625080,elbenwald.com
625081,emsan.com.tr
625082,epustakalay.com
625083,escolasconectadas.org.br
625084,escortaccess.net
625085,estework.site
625086,estiloadoracao.com
625087,estore.iq
625088,expressdoorsdirect.co.uk
625089,extreme-tennis.fr
625090,eyerim.cz
625383,electricallearner.in
625396,else.dk
625400,expandcart.com
625418,ekzeget.ru
625425,econtract.jp
625431,exodontia.info
625438,embracehomeloans.com
625447,eatingwithkirby.com
625454,edomain.co.il
625456,e-kursy-walut.pl
625460,e-351.com
625509,ecommerce.md
625524,etisalcom.net
625552,easyhardwaretrading.com
625574,evenementenhal.nl
625592,esso88.cn
625594,emorrison.com
625726,eurobike.at
625746,e-sunglasshut.com
625761,e2enetworks.net
625818,england-hill.com
625820,epress.am
625840,excanto.net
625881,ecuahosting.info
625900,eposta.hr
625905,eros.sk
625913,ecsrd.ca
625964,ecmonitor.ai
625990,emobile.jp
625991,etudehouse.com
625999,erafeed.co.uk
626001,engnetglobal.com
626032,esopconnection.com
626035,elkov.cz
626041,e-dziewiarka.pl
626050,exbulletin.com
626052,elitereelsdaily.com
626071,ecoinform.de
626086,ewybory.eu
626182,e-tarocchi.com
626191,ezhotel.cloud
626268,edgccjournal.org
626274,elhoroscopomagico.com
626295,elitewagerexpress.com
626318,em-iprefer.com
626321,embassy-finder.com
626327,eiviluxury.com
626359,edelap.com.ar
626379,erowa.com
626380,eurobank.com.cy
626387,enproindustries.com
626510,elderlygoal.com
626616,evromedportal.xyz
626627,elitecasinoplatform.com
626654,exair.com
626797,elekvora.com
626810,euroherc.it
626814,ecophonic.com
626860,eiupanthers.com
626873,eventloftpa.com
626875,edusoho.com
626907,expertvillage.com
626914,elrio.org
626935,e-taxonomy.eu
626975,epicfur.shop
626981,erkiss.biz
626999,elfax.cz
627003,einsatzleiterwiki.de
627036,escb.eu
627083,effectmatrix.com
627103,erzgebirge.co.uk
627156,elbilen.se
627158,eshare.io
627173,eird.org
627189,ergo-tel.gr
627193,exclusivemag.co.uk
627239,evilslesh.com
627245,e-teknomarket.com
627253,eudict.com
627325,elitepalace.de
627360,evio.pl
627386,escrime-info.com
627406,einhell.fr
627408,earth.fm
627410,eiconsortium.org
627438,enghouse.cloud
627485,eyeware.tech
627520,eldermark.com
627536,erling-christensen.dk
627549,eltric.com
627583,edp.ua
627627,eurodon61.ru
627672,europeanaquatics.org
627697,elbareport.it
627707,escortfrauen.de
627727,eqy.link
627728,ecotrust.org
627729,electrolux-medialibrary.com
627755,eccogta.gov.za
627770,espatial.com
627782,elitefreshinsightzone.nl
627813,engdic.org
627837,eisenbahnforum.de
627889,eskalon.com
627905,engineeringpit.com
627926,emanantial.com.ar
627933,eurosif.org
627939,enode.io
627948,electricdreams.com
627975,everettsd.org
628004,elderscrolls.net
628031,enough.org
628034,elib.com
628057,e-commerce-magazin.de
628102,epicluckyzone.com
628127,empireaccess.com
628146,epicluckcentral.nl
628161,eqprogression.com
628163,evat.ir
628169,efbet.gr
628233,elsoldemargarita.com.ve
628239,e-aerovolo.gr
628242,europaconcorsi.com
628247,eichvw.com
628258,ev22.com
628264,epicsweep.us
628309,eyep.blog
628328,exa.net.uk
628334,efficios.ca
628355,elkhornweb.org
628360,ea.argyll-bute.sch.uk
628382,entnet9.com
628420,e-mostecko.cz
628424,eonariumexperiences.com
628427,edheads.org
628440,electricscooterparts.com
628451,emersonhealth.org
628491,elimeira.com.br
628544,eltcosmetic.com
628605,euroforum.de
628657,elpartoesnuestro.es
628692,europa.ba
628703,erudis.pt
628709,ezkmusluk.com.tr
628753,eastguys.net
628754,euskomedia.org
628784,en-manuals.com
628786,emaramures.ro
628793,epixeiro.gr
628796,especialistadamente.com.br
628871,ecbeing.biz
628892,elagames.com
628927,experimentarium.dk
628933,elsmoreswim.com
628973,eurogentec.com
628978,exploratorimoderni.ro
629005,eliterouletteplus.com
629029,empoweredcomic.com
629049,eurostreaming.ovh
629101,ecotroupe.it
629120,euractiv.pl
629131,ecc.co.id
629219,easytopromo.com
629220,eauctions.co.kr
629221,echealthcare.com
629222,edifier.com.br
629223,edupay.academy
629224,edusuite.asia
629225,eherbata.pl
629226,elcorral.com
629227,embody.ro
629228,empiregames.es
629229,enoge.org
629230,epicaustraliapass.com.au
629231,episaveurs.fr
629232,eromanga-umagoya.com
629233,ets2mods.fr
629515,e-ghl.com
629516,ecosa.co.nz
629517,egpp.gob.bo
629518,ekonek.com
629519,ekyu.moe
629520,elaandearth.com.au
629521,elamigosedition.com
629522,empath.ro
629523,empirecinemas.com
629524,enexusrental.co.uk
629525,epetice.com
629526,eplus.nl
629527,ethdigitalcampus.com
629528,eurosport.com.mt
629529,evoluderm.com
629804,eaglemedia.com.tr
629805,ebookelo.com
629806,ecoida.co.za
629807,ecomm-app.com
629808,egcp.com
629809,ehtl.com.br
629810,ela.com.co
629811,eldeco.gr
629812,electrolux.co.id
629813,elektro3.com
629814,elens.com.br
629815,elizabeth.co.id
629816,elolfato.com
629817,eltestigofiel.org
629818,esocialbrasil.com.br
629819,estrosa.it
629820,exchangemonitor.net
629988,elifesimulation.io
630023,e-hogo.ru
630034,etravelsim.com
630050,ekontravel.com
630094,eroticcity.cz
630110,eurorad-it.de
630150,ecomagination.com
630181,exploitedteens.com
630240,elbraco.rs
630251,esmokingspain.es
630268,elma.com
630296,ecom-ex.com
630324,elclon.com.uy
630337,evshop.com.tr
630362,elastikaleader.gr
630401,evlithium.com
630420,ezymail.com
630558,eurolinux.org
630602,eurieka.ie
630679,erbach.saarland
630721,e-sudoku.fr
630726,extrica.com
630728,elle-et-vire.com
630731,eltexhome.ru
630837,echoux.top
630887,eweb.vn
630926,eclatvif.fr
630946,exoltech.net
630947,estprofond.fr
630956,evomotor.it
630962,elitefireworks.com
630968,eshpeyeda.ru
631010,easy-forex.com
631039,ecoinfinito.com
631053,elementownersclub.com
631128,eztalks.com
631135,explorearena.co.uk
631147,efinancemanagement.com
631159,elremont.ru
631160,elocalshops.com
631255,ehubnet.com
631275,elchoque.com
631299,evarelax.ru
631340,engineeredfloorsllc.com
631363,edokial.com
631381,eziweb.net.nz
631392,elpa.gr
631411,empireelectro.co.uk
631428,examcart.in
631456,ebuyplc.com
631526,encargomio.com
631532,ejie.es
631589,essenciagua.fr
631605,espacio-publico.com
631634,e-norm.info
631666,elektroportal.ru
631720,equans.fr
631737,ekaid.com
631763,efremov.site
631802,entegra.com.tr
631819,evolfoods.com
631839,elizovotv.ru
631841,euromundoglobal.com
631912,ekom.ai
631915,echoupdate.ca
631927,eclsm.com
631932,emerchanthosting.com
631991,e377.com
632005,edifax.com
632045,essentialsshop.com
632214,eigonlineauctions.com
632281,eromaxxx.dk
632288,epicslotshub.nl
632320,elalmacenfotovoltaico.com
632376,expta.com
632419,eilbote-online.com
632471,eiendomspriser.no
632484,ethosprofumerielauda.com
632521,engtadafii.com
632537,eldeportivo.com.co
632541,essencestory.co.uk
632576,everipedia.com
632609,echoperm.ru
632630,eln.gov.br
632671,earthenlys.com
632694,egorestaurants.co.uk
632727,elitenovascopepoint.nl
632731,einbuergerungstest-fragen.de
632734,enotis.io
632747,englishlabs.in
632794,empressmills.co.uk
632802,euroservis.com.ua
632807,ethers.org
632817,envasesduque.com
632824,eagleaccess.com
632868,elaivizh.eu
632881,episodezone.com
632914,eebriatrade.com
632919,essensworld.com
632926,eventiesagre.it
632941,evoluzionecarta.com
632996,evensi.us
633026,expresskcs.co.uk
633031,ericyhost.com
633033,epicroyallounge.com
633049,eroot.com
633077,eef.edu.gr
633101,eximbank.gov.tr
633138,eezee-web.co.uk
633176,escolaconquer.com.br
633222,edcd.io
633269,exatatelecom.com.br
633308,escinc.com
633315,erotales.cc
633379,emcor.com.ph
633380,elpasosouthwest.com
633409,en2minutes.com
633464,elo.psi.br
633470,ecorpay.net
633527,enkj.com
633535,ent-review.com
633547,exeo-japan.co.jp
633551,emy.plus
633567,elitebetreelsspace.nl
633612,eserp.com
633652,ertipi.com
633699,epicslotsstation.com
633728,epicspinnetwork.com
633752,eyepharma.in
633777,episcopalarchives.org
633788,esterad.com.eg
633815,exploreyourdna.com
633827,emailimagecdnzvjr.com
633858,ezcamlive.com
633872,eseur.ru
633884,ejemploswiki.com
633916,edomain1.net
633961,elmoods.de
633965,ekofarmarohoznice.cz
633967,exhalespa.com
633989,elektrolokarchiv.de
634017,elclarin.cl
634024,era.com.sg
634026,enclaveserver1.com
634091,eccbso.eu
634092,estore-central.com
634100,exc.ltd
634127,e6c5e4r.com
634133,eliteslotstation.com
634190,efinancialcareers.se
634206,exelearning.net
634207,esmi.com.au
634227,eggs.gg
634230,ecc.ru
634241,educrypt.ai
634267,edubs.ch
634352,elepicentro.cl
634373,e-stile.ru
634426,ebharatisampat.in
634448,e4026ext8b.com
634497,ecuadorserver.net
634537,extremserv.com
634541,epicroulettebase.com
634573,enn.tw
634609,europcar.ie
634639,eastwoodhomes.com
634659,erlcx.com
634667,ergo-corner.com
634697,elektroshopwagner.at
634699,essentim.cloud
634740,evolution-bois.com
634767,empowerins.com
634799,epostoffice.gov.in
634962,evrim.com
634977,esci.at
634991,ebsqart.com
635016,energyindepth.org
635023,english-practice.at
635058,elbocon.pe
635066,edavkus.ru
635068,evolvegames.net
635101,energycity.vn
635114,eagora.ro
635216,eceasuri.ro
635220,ez3.uk
635301,erofilmy.net
635320,engilitycorp.com
635331,eurotel.cz
635341,efdelivery.net
635362,etivera.com
635371,era-ewv-ferp.org
635396,eurobike.com.ua
635426,espaciado.cl
635473,effzeh-forum.koeln
635531,ecophytopic.fr
635537,eye-of-horus-bonus-slot.top
635581,elitewagerhubhub.nl
635604,emsow.com
635616,emergency-live.com
635618,evenreal.co
635630,emichvwofboulder.com
635712,elektronika.lt
635718,ersatzmonitor.de
635720,enhancemerchants.com
635730,executesystems.com
635740,enterpriseholdings.com
635792,europcustom.com
635903,exampro.co
636024,erealtysolution.com
636071,emdrremote.com
636079,elaymedia.ir
636137,eagle.com.eg
636152,e-vapeonline.com
636215,echofiber.us
636290,eroticbeauty.com
636299,electroenchufe.com
636300,elevatedmedicine.org
636310,eduportalbd.com
636374,eosvoip.com
636402,eoutlet.co.nz
636408,electropiese.ro
636427,emergingedtech.com
636447,eurohosta.com
636457,enolvadex.com
636478,ecommercesicuro.com
636483,eromes.ca
636493,erakonopi.pl
636513,eldictamen.mx
636516,escortsboys.com
636564,equans.nl
636577,ezithromycin.online
636591,edatadns.com
636610,eflowersdelivery.com
636683,eftsource.com
636733,emtunga.com
636742,ethiolegalshield.com
636836,ebac.mx
636859,ekoreanews.co.kr
636902,edgescloud.cloud
636921,eqhost.net
636938,equi-score.be
636971,exa.com
636988,effatuniversity.edu.sa
637013,everyhome-furniture.com
637041,evosgaming.com
637139,espnwwos.com
637163,ewas.aero
637186,equantum.ro
637222,eikichiyazawa.com
637224,evlfans.de
637225,echoline.ca
637259,etutorials.org
637363,edisonintl.com
637366,everit.biz
637412,emgfa.pt
637415,electroconnect.in
637474,elbolson.com
637497,excavatorreplacementparts.com
637527,evericharm.com
637543,escburda.com
637605,eroshenkov.ru
637652,esewingworkshop.com
637654,everpress.com
637664,epilot.ru
637683,espressoperfetto.de
637696,echocloud.us
637702,exxponentmedianetwork.com
637707,edenhostingstudio.com
637860,eastcoastgearsupply.com
637861,ecohukurou.com.tw
637862,egoist.ua
637863,electrolux.ro
637864,electronicsbangladesh.com
637865,elitamoda.com
637866,ellemental.ro
637867,elportalmigrante.org
637868,engehall.com.br
637869,erogamemod.com
637870,etnodim.ua
637871,etoilenotredame.org
637872,etuohshop.com
637873,eturia.ro
637874,euromotoelectrics.com
637875,europort.jp
637876,evangelicalbible.com
637877,evdealergroup-byd.com.au
637878,everythingpolarisrzr.com
637879,exiliumgf.com
637880,exportparts.com.ua
637881,ezyrefurb.com
638229,evpoint.bg
638267,esportsamaze.in
638272,enduro6.com
638296,elpalomazobar.com
638348,ebrides.org
638366,ellie-seattle.com
638395,escort-guide.ws
638411,eliteartspace.nl
638414,eduhol.com
638417,embraergroup.net
638459,everettcarconnection.com
638477,epoch-card.com
638488,eggheadcafe.com
638503,earlyradiohistory.us
638519,ecoosfera.com
638520,exclusifdirect.fr
638554,everychina.com.cn
638581,ersinoutdoor.com
638587,ekabel24.de
638616,edenred.es
638628,emilios.be
638663,echoportal.de
638673,empbiotech.com
638713,euractiv.ro
638725,emob-meubles.fr
638781,eyetube.net
638789,earthrhythm.com
638806,espacos-portugal.com
638813,edrm.net
638816,expertcompany.ro
638820,elitefoodstudio.nl
638844,educode.com
638862,exa-corp.co.jp
638864,easternstorynews.nl
638868,easycookie.io
638901,edgium.online
638908,eastcobbnews.com
638916,e-karonis.gr
638922,eatsleepcruise.com
638929,encontresuavaga.com.br
638948,europejazz.net
638969,esky.es
639071,e-switch.com
639120,endurancechrono.com
639123,educationnorthwest.org
639179,erotskeprice.net
639204,evaneos.es
639211,enic.vn
639223,engagelab.net
639255,ecommerce-nation.fr
639307,emlpro.com
639310,epi-reserve.com
639330,estatusconnect.com
639336,equifax.com.br
639345,everypony.ru
639362,eprinsa.es
639381,evereurofalcon.live
639435,episodemoon.com
639501,educationpinata.com
639517,eaztek.com
639518,eyecenter.com.ua
639526,eg888starz-bet.com
639538,engorengo.com
639586,elering.ee
639650,eo-uqmobile.com
639710,estheticon.fr
639729,elementallink.co
639743,eldedodedios.cl
639757,ewp.ovh
639761,enterpriseitplanet.com
639769,epicplayonline.nl
639775,expatjobs.eu
639821,e54hwpsrc0jd.com
639835,evolvebeauty.com
639855,esgr.mil
639862,edufalv.com
639888,essentialbeauty.com.au
639893,eezeekial.com
639906,edgelayer.online
639936,entrainementvictorieux.fr
639957,ecelebritymirror.com
640011,electrahotels.gr
640013,echoneutra.com
640014,exxxoticaexpo.com
640017,easysolution.eu
640032,easyslots.com
640041,eccapp.mobi
640051,emmys.tv
640161,enterprise-digital.net
640190,ekeng.am
640241,erev2.com
640279,electricfireplacesdepot.com
640292,erettszex.com
640321,epicclubcentral.com
640366,electronicsmedia.info
640373,eyuyao.com
640385,eusing.com
640424,espacoprofessor.com
640477,efficient-elements.com
640483,eheyiy.com
640506,eichendorff21.de
640562,empirical.health
640568,etk.fi
640644,e-tab.com
640657,eastrohelp.com
640685,educationaltechnology.net
640701,estimate-iq.com
640734,epicpalacestudio.com
640781,ejradiology.com
640804,edgeweave.co.uk
640831,esotel.ru
640838,expertdesigndutch.nl
640873,e28forum.nl
640944,exact.nl
640959,ekitap.link
640967,elitewatchtilburg.nl
641070,etriptrader.com
641092,eaglepictures.com
641113,elhanan.top
641155,etna.ai
641197,enzoani.com
641243,electro-master-msk.ru
641270,eagle.co.id
641339,ecshop.com
641343,epitoipartudakozo.hu
641365,eryswift.one
641371,elationdigital.com
641388,englishyogaberlin.com
641404,eliteluckonline.nl
641511,expressclient.de
641616,eshop-gyorsan.hu
641648,elringklinger.de
641675,elitereelslounge.com
641681,ets-sptk.ru
641696,eccu.edu
641744,efmaefm.org
641746,enviostore.com
641763,educationhackstoday.com
641770,echoboomer.pt
641788,etigroup.eu
641799,exceptionalvillas.com
641816,evochip.hu
641828,empresasenred.net
641839,emercedesbenz.com
641915,examinerhub.co.uk
641938,exarc.net
641951,elitemembercenter.com
641953,ezsmartbuilder.com
641959,e-prawnik.pl
641977,etcconnect.net
641994,emchummer.ru
642035,ebike-charging.com
642042,enjinx.io
642204,easyps.com.tw
642205,easytamiltyping.com
642206,ecoflowukraine.com
642207,ecomotospieces.com
642208,education.mg
642209,eegg.fun
642210,eight.com.sg
642211,elscione.com
642212,elshawwa.com
642213,emis.kr
642214,employmentboom.com
642215,erotok.com
642216,esposasymaridos.com
642217,etcseoul.com
642536,e-infin.com
642537,e1ns.jp
642538,ecco-shoes.ro
642539,enrilemoine.com
642540,esfala.com.br
642677,edify.club
642678,elyn.ai
642679,entekhabservice.com
642680,ernstings-family.nl
642681,escutaoveio.com
642682,evaneos.it
642781,espresso-gridpoint.net
642805,exposervices.de
642846,edencomputers.nz
642891,ecotao-store.co.za
642912,englemotors.com
642997,emailhippo.com
642998,exam4labs.com
643038,eburodns.ru
643041,evoplus.pro
643055,ence.es
643103,euphoriazine.com
643139,envisagerlinfinir.net
643271,ehkskavator.ru
643278,eletimes.ai
643314,elektrohome.pl
643415,eventbase.com
643423,express-prigorod.ru
643426,ecybertech.com
643433,emcorgroup.com
643515,escapes.ca
643518,ebc.one
643526,embouts-et-bouchons.fr
643631,escaladesports.com
643689,elbrusway.online
643709,easyindexportal.de
643712,esupervision.com
643723,eletrobidu.com.br
643762,evavpn.com
643773,engelmann.com
643775,expertunion.ru
643816,elocance.com
643880,ezbuy.sg
643902,ezecastlehosting.com
643909,eloweb.net
643911,edubilla.com
643944,e.inc
644001,espares.it
644004,explorenorth.com
644022,edgesnet.cc
644037,economiadomestica.net
644040,etacticsinc.com
644065,easymarket.by
644087,elgarito2000.com
644094,egamingsupply.com
644112,ethicare.com
644174,ecopc.com
644179,expresspcb.com
644195,ecomkit.ru
644205,eibabo.at
644223,easyen.ru
644258,exportcompliancedaily.com
644268,embedded-computing.com
644271,eliteslotslounge.com
644293,epicluckclub.nl
644294,electricpig.co.uk
644343,eweb.org
644350,elespare.com
644382,etoys.com
644385,entzames.com
644387,eviloverlord.com
644493,efinancialcareers.ie
644494,egyptresorts.org
644495,eiebccy.cn
644552,emailsetting.org
644566,eliteelitenodezone.nl
644574,enjoytheriderecords.com
644585,esportcrit.co.uk
644606,econ.bg
644672,edgevision.online
644678,e-arpa.jp
644709,expressautogroupva.com
644719,ehlobridge.eu
644723,eweiqi.com
644742,evergreencrypto.co
644761,ezdrivema.com
644795,elluminate.com
644807,ellesse.com
644835,eetindia.co.in
644841,esb.kg
644869,e-quran.com
644876,elleman.vn
644906,emojer.ru
644909,easyzvt.de
645011,ev-luth-kirchengemeinde-kelheim.de
645027,ectopic.org.uk
645056,esaul.pro
645078,ellwoodepps.com
645116,emag.ru
645130,easyweeknightrecipes.com
645146,empower2000.com
645161,elveayaksagligi.com
645166,energy-daily.com
645190,epicslotscentral.nl
645245,ekrembugraekinci.com
645294,effenaar.nl
645318,easy2coach.net
645333,ezcash134.com
645339,eoob.com
645359,ekashu.com
645372,esds.co.in
645385,easy-open.ru
645411,emporiocattani.com
645416,eliteclubstudio.com
645457,e-infra.com
645476,escn.com.cn
645480,edion-housing.jp
645501,exclusivepromocode.com
645551,ekkw.de
645619,e-howon.com
645626,estive.net
645630,easily.uk
645660,ecreativeworld.com
645662,ezcash121.com
645712,eatwisconsincheese.com
645755,egrupos.net
645758,erkc-grozny.ru
645779,esafetysupplies.com
645805,ecovativedesign.com
645853,emetophobia.org
645878,euu-euu.com
645900,elitegamingzone.nl
645926,elitearena.de
645936,evertrack.com.br
645954,elmundo.org
645968,efanniemae.com
645998,elektrolab.eu
646036,ersp.biz
646047,edf-powersolutions.com
646061,edualianza.com
646065,experian.pe
646165,evergreen.space
646171,eurodns.top
646245,expertzoneshop.nl
646247,ebase.com
646298,evaboot.com
646306,esthederm.fr
646320,elitevippoint.com
646326,edukalboan.org
646359,expansiondirectory.com
646360,eurobahnm.com
646369,ermua.eus
646394,ebsmedya.com
646431,eni.net
646466,entnet6.com
646488,easy.de
646489,ejecontabil.com.br
646586,emcor.net
646616,englundmarine.com
646620,enlacefiscal.com
646637,evolution.cloud
646672,esc-boutique.com
646677,eyesee8.com
646683,epoisk.ru
646755,esolutions.de
646826,ezcash118.com
646841,enzolubricants.com
646844,electricup.ro
646846,elektroelza.cz
646874,ediblebrooklyn.com
646962,expresso.sn
646994,en-for-japan.com
647003,electro.bz
647022,echofield.ca
647031,ekolay.net
647108,electropult.ru
647222,eleccircuit.com
647231,ekf.market
647244,eurometal.net
647251,eksli.ru
647299,edenred.fi
647348,expert.at
647427,eadiefleet.io
647437,exxxtrasmall.com
647439,elitespacepro.nl
647496,edazone.cn
647539,edora-bijouterie.fr
647559,eurilca.org
647564,edostavka.ru
647612,envisagedigital.co.uk
647614,elodiedetails.com
647636,espeedway.pl
647650,earthtechling.com
647677,europeanproceedings.com
647690,edgewear.com.au
647721,edo.org.au
647737,eatroyo.com
647792,etherwork.net
647794,endslaverynow.org
647795,eigenpage.nl
647812,eastcoastcu.ca
647822,eug.es
647883,ezycourse.net
647907,ezpassoh.com
647924,empoweringpumps.com
647956,ekempy.cz
647990,epicluckymarket.com
648024,ekk-hk.com
648035,ezineindustries.net
648042,espaciopampa.com
648043,e-health.gov.ua
648090,evreporter.com
648098,exclusive.radio
648115,ecoproducts.com
648122,elitepointworld.nl
648133,exe.ru
648158,epicroulettestation.com
648165,evw-forum.de
648213,entitlenow.com
648238,electrocom.su
648255,epdesignlab.com
648367,exitorrent.org
648371,ectaco.ca
648400,economistfoundation.org
648467,ee88winz.com
648478,eddna.se
648490,enzyme.finance
648501,expert-grup.org
648503,eventsstat.com
648568,evano.com
648599,educationforallinindia.com
648612,ejibe.net
648637,ellekennedy.com
648657,ez-tools.de
648676,e-sim.global
648714,easyfinancial.com
648751,eliselucekraemer.com
648809,elmoinfra.com.au
648816,equilymph.co.uk
648851,eltourism.kz
648875,escbranding.com
648887,eventcatalog.ru
648966,enchantchristmas.com
649014,epicblackjackhub.com
649019,endorphone.com.ua
649091,eajigz44.com
649093,evolutionscript.com
649101,ebanko7.casino
649110,epart.com
649150,ermasy.com
649179,expressdebanat.ro
649183,extrape.com
649190,esrtreit.com
649209,eranova.bg
649234,evero.com
649248,ehjournal.net
649281,extendedns7.ro
649316,elitecasinodaily.com
649332,extenbalanc.org
649337,easternboarddelft.nl
649343,evm.de
649385,eumonitor.eu
649391,ericshomerenovation.com
649423,economiasocialcatalunya.cat
649427,explorecredit.com
649439,easykassa.com
649454,eliteeventos.com.br
649467,egv.at
649498,eloinet.com.br
649510,e732a5ae.buzz
649568,euphoriatube.com
649581,e-steki.gr
649589,emedixus.com
649614,exvega.com
649653,emc.org
649658,everydayexplorations.co.uk
649665,e85refueling.com
649686,electroclick.co.il
649711,excom.net
649733,elitecardsexpress.com
649749,eoilreports.com
649773,eyeshenzhen.com
649828,extraitsolutions.net
649849,elitepokerplatform.com
649869,esme.com.tr
649903,eric-yanao.ru
649909,edflex.com
649916,edular.com
649922,ezicarrental.co.nz
649929,experteducationspot.nl
649933,elberegner.dk
649996,eivissa.es
650015,elmostqpalelyuom.com
650018,enablers.org
650101,edialog.fr
650104,elephantos.com
650149,em86.net
650150,extrem-bodybuilding.de
650154,email-rassylka.ru
650156,euro-diski.ru
650184,edupass.org
650193,etei.com
650208,ergo.ee
650238,enciklopedija.lv
650292,extrategiamedios.com
650328,epicpokerlounge.com
650330,europeanlemansseries.com
650368,eco-greendom.ru
650385,echosignal.ca
650401,eastms.edu
650418,euronews.bg
650449,enesk.ru
650506,elarsenal.net
650531,evs23.com
650547,eva.design
650564,ensafrica.com
650589,escambiaschools.org
650635,ed1privatedns.com
650680,ecumanual.net
650704,eliteclubzone.com
650708,eqnet.hu
650769,elitechiplaunchworld.nl
650802,espaider.com.br
650880,enterprisehostinginc.com
650892,eliteluckygroup.com
650908,enterprisingoperation-7.com
651014,e-agro.gr
651086,elcomcomponents.com
651119,excelcampus.com
651142,eenhondenleven.com
651163,emlii.com
651164,epicura.be
651221,etreedb.org
651228,e-confirm.de
651265,ec4y.cn
651360,easyconcept-motoculture.com
651363,elmarplatense.com
651386,extra.com.co
651423,eg123server.com
651427,eag.su
651439,energykaszino.org
651443,evmux.com
651473,easyfoodfactory.nl
651512,ecco-verde.ch
651537,ev30.com
651660,easimo.app
651664,equipko.com
651707,efama.org
651718,epicreelscentral.nl
651720,ecole-futee.com
651727,e-clopevape.com
651732,enkk.hu
651801,eutheniacommunity.org
651821,elitegamingclub.nl
651876,esyxny.com
651905,epidh.pt
651976,easonpaint.co.th
651984,e-budownictwo.pl
652022,etestsonline.org
652030,edk.ch
652165,eliteroyalexpress.com
652172,emailsignatures365.com
652220,equipoutdoors.co.nz
652222,expertmediagroningen.nl
652237,emohot.com
652249,e-qdiet.com
652374,esq.ro
652396,edoblog.net
652414,expressappliances.ca
652478,edgeify.online
652495,electro-meters.com
652537,ekdunia.com
652586,endd.eu
652589,evrysz.net
652681,educacaointegral.org.br
652694,empirica.pro
652725,epochai.org
652752,ewtnmission.com
652753,emeraldashborer.info
652755,ekassa.kg
652759,ebms.com
652809,exxonmobil.cloud
652907,easypay-online.com
652983,eiren.org
653016,exclusivereview.co.uk
653131,ep.at
653158,enterix.ru
653226,ereglifirma.com
653228,everybodywinslive.com
653258,e-websdirect.com
653270,energytransition.org
653315,extremesms.net
653328,e-learningforkids.org
653410,easyjf.com
653429,energiesmedia.com
653432,esg.de
653505,ecombri.com
653517,easycbm.com
653602,esd-china.com
653647,eszy.edu.cn
653649,easternmarket.org
653698,efko-trade.ru
653700,elsewedy.com
653739,easthartfordct.gov
653790,eclipsecat.com
653831,epccd.com
653853,ethernetix.com
653860,ekodevices.com
653865,evolute-ufa.ru
653870,encompassco.com
653874,e-vestnik.bg
653902,eaa.org.hk
653912,elpasonline.de
653936,effortlessgent.com
653945,eseuro.com
654016,ezphotodisplay.com
654020,ebenezeratl.org
654038,emby.tv
654092,erino.ru
654104,eduweb.co.uk
654120,eve-nn.com
654126,estreet.com
654149,energycap.com
654169,eyesopen.com
654201,erlebnisfabrik.de
654229,edanhosting.com
654283,expertdns.ru
654291,eliteslotexpress.com
654296,eplehuset.no
654315,elso.org
654351,evrsac.rs
654396,ecoportal.com
654399,erwin.com
654482,exposestrat.com
654500,etools.ch
654511,energystox.com
654512,esl-one.com
654524,ebizcharge.com
654551,enginedtc.com
654648,epdq.co.uk
654649,erdoganlarbisiklet.com
654650,etit-eg.com
654651,eyerim.hu
654811,e-maistros.gr
654812,easy4u.nl
654813,easytransfer.net
654814,ecordia.co.uk
654815,edoctrina.org
654816,edupiatutor.vn
654817,elatos.net
654818,eloasiss.com
654819,emapnet.com
654820,engdaily.com
654821,eroticmoviesonline.me
654822,esprit-ktm.com
654823,essentia.com.pk
654824,etb.com.co
654825,eunite.net
654826,eurico.com.br
654827,eurogold.lv
654828,evascans.org
654829,evolution.su
654830,examenredes.com
654831,exampur.com
654832,ezpzlearn.com
655117,egghkk.com
655118,ehituseabc.ee
655119,examupdates.in
655210,endustriyelmutfakekipmanlari.com
655246,eregrashop.biz
655318,eu07.pl
655327,ekatfit.ru
655353,estv.com.cn
655388,eoc.org.hk
655419,entreleadership.com
655432,esports8.com
655437,eduzaurus.com
655441,endometriosisaustralia.org
655454,energymanager.com
655464,elsoldetoluca.com.mx
655492,ele.ro
655504,etherios.com
655507,enkorr.ua
655522,easy-clean.store
655572,escortsecret.com
655586,e-arm.org
655600,exclusivemotors.co.nz
655606,edissweb.com
655652,eesb.be
655666,easyiosdev.ink
655669,elizabetharden.co.uk
655751,elvastower.com
655788,elpublicista.es
655792,enteentelos.com
655885,electric-bike-centre.co.uk
655908,ekatrafoundation.org
655910,et7l.net
655928,eliteluckguide.nl
655934,expansionstudios.com
655952,excitedcats.com
655993,equilerts.com
656010,eedas.com.tr
656019,ehustlehosting.com
656036,ecanis.shop
656078,enoutxt.com
656084,elowriderst.com
656085,elitereelshub.com
656094,evouchers.com
656123,empiremedicaltraining.com
656154,eiyo.ac.jp
656221,envisioniot.com
656274,era.app
656302,esamskriti.com
656315,eclipsemediahosting.com
656328,enduroleon.com
656333,eventfinder.at
656389,edcusers.com
656390,edge-stats.com
656391,efirds.net
656392,eixojgnw-l.com
656393,eltis.ua
656394,erieconstruction.org
656395,erpc.global
656396,etegold.com
656397,expertapp.org
656474,eny7kg.com
656543,eventslist.co.uk
656552,elgiultra.com
656557,energizehub.fr
656568,entnet5.com
656585,etuo.de
656652,eliteluckcentral.nl
656695,e-commerceagency.co.uk
656702,estraviz.org
656713,epicreelshub.nl
656739,echo.lu
656803,eurolife.gr
656827,elxcomplete.com
656846,elquartiere.com
656907,electrobase.lv
656923,eretikos.gr
656926,espritsciencemetaphysiques.com
656978,elitespincentral.nl
656982,elblogdecineespanol.com
656987,evolveetfs.com
656988,ebn-kaik.ai
656991,econonews.co.kr
656993,elitegamingcentral.nl
657025,encycolorpedia.in
657071,elektrine.com
657142,enigmaplus.eu
657164,edish.net
657170,electric-test.com
657178,eggdigital.com
657180,eosc-portal.eu
657185,ecclesiasticalsewing.com
657264,erpinternal.com
657289,egtk2015.kz
657294,espanolas.top
657310,emmastationery.net
657324,exotictanzania.com
657429,email-aaa.com
657433,enterprisemanagement.com
657447,ens-lsh.fr
657534,evkirchepfalz.de
657553,estechgroup.io
657561,elitearenadaily.com
657565,elitesistem.com
657590,etop.ro
657606,embforlife.com
657619,ersatzteile-auto-bmw.de
657648,equinedge.com
657672,europe-solarstore.com
657683,electronicbookreview.com
657687,eg-portal.ru
657723,energieheld.de
657739,eliteslotzone.com
657774,extremewhores.com
657792,engdb.com.br
657815,epochaplus.cz
657827,etea.com.ua
657841,exambuilder.com
657852,everydaychance.com
657854,easysearchdeal.xyz
657912,eyerys.com
657913,ecalator.ro
657928,easesolutions.com
657964,epichighroller.com
657979,everyday.app
657986,ecustomerpayments.com
658036,ebibi.com
658067,elot.org.cn
658073,ege49.ru
658087,elanskis.com
658133,ebm.one
658134,ensembleindia.com
658185,eurosrs.net
658195,elly.cloud
658202,emmyundpepe.com
658211,euro-to-dollar.net
658237,edgereels.online
658240,eelk.ee
658295,educa.city
658369,ecupiratesjerseysale.club
658387,elizabethapril.com
658427,ebo-enterprises.com
658428,easternmoviespace.nl
658437,elatebeauty.com
658440,eclipsegamesstation.com
658513,evhc.us
658544,enteratevida.com
658578,energynews.es
658596,elsherifeg.com
658603,entame-collect.com
658638,eurospares.com
658720,expresskerala.com
658753,entitymodeler.net
658790,ed3privatedns.com
658794,elitzont.ru
658906,etherboot.org
658945,emmi.ch
658953,emergecloud.com
658990,echoparkpaper.com
658991,eqpmt.net
659051,encoding.com
659094,eurolamp.gr
659150,elusionvpn.net
659171,eqca.org
659219,email-freedommortgage.com
659243,eliteclubbase.com
659246,epicor.net
659253,electronicdreams.it
659400,edgecoursebd.com
659401,etraspa.it
659402,exte.by
659538,earlysettler.co.nz
659539,ebasos.org
659540,elareducere.ro
659541,elcytec.com
659542,electrolux.sk
659543,electroslab.com
659544,emperorcinemas.com
659545,empire360.com
659546,emx.ae
659547,epaymanager.com
659548,erobot-piscine.fr
659549,etude000.com
659550,eurospin-viaggi.it
659551,extremelot.eu
659552,eyecarehealth.com.br
659768,edocuments.fr
659769,edolls.net
659770,efax.co.jp
659771,elpublicotv.com
659772,ematrak.bg
659773,encontrosintimos.pt
659774,eurosav.eu
659775,evamats.pl
659955,ems.gov
659982,edzx.com
660003,ecribmaster.com
660040,elinktek.cn
660066,enzoluca.nl
660070,elektrongames.com
660079,explainafide.net.au
660094,echtgeldpoker.com
660145,epiqdiscovery.com
660259,excavators-spareparts.com
660265,evisex.pe
660267,epicvideo.tech
660275,expatgold.asia
660304,enggpro.com
660314,eod12.com
660329,eastdane.com
660351,eco-age.com
660405,eligible.com
660410,eutopia-university.eu
660552,energiforetagen.se
660656,ev28.com
660673,elevationskatesnow.com
660682,espace-domotique.fr
660688,emagnesium.com
660700,empireeast.com
660715,eurovent-certification.com
660771,ekranhaber.com
660780,economypressreleases.com
660788,esjindex.org
660802,ecnacom.ru
660820,eduportal44.ru
660883,epicit.ru
660901,eshipper.com
660959,elbakalworld.com
660964,eatworkart.com
661058,enterprise.press
661077,elitebetarena.nl
661146,ecomhunt.com
661227,error404.click
661231,exactonline.com
661244,educationbug.org
661273,edmmrffh.cc
661316,echostream.us
661335,ebee.com
661344,earthbox.com
661396,eater.net
661428,enterpriseasia.org
661451,epicreelsworld.nl
661466,eximiusproperties.ae
661476,educacionsantacruz.gov.ar
661510,economiayfinanzas.gob.bo
661541,emco.cz
661557,epir.biz
661559,elisionpharma.co.in
661584,elgrecotreviso.it
661602,esmartcity.es
661817,epla.io
661840,e-datagate.de
661897,elysianfields.se
661912,exchangemonitor.com
661940,ezjili-ph.com
661947,e-tope.com
661956,engagedtechnologies.com
661983,ediig.com
661991,ec1lodz.pl
662027,elsezbilisim.com
662031,elitespinmarket.com
662033,effecto.app
662068,ecologybrasil.com.br
662097,eena.org
662100,eng.edu.pl
662185,ecco-ibd.eu
662232,edinburghmarathon.com
662256,euyansang.com.my
662310,epicclubgroup.com
662403,e-uchebnik.bg
662424,ehrentag.de
662440,eunavfor.eu
662451,essentialoilylife.net
662474,esquerra.cat
662488,extensionplay.com
662518,erotikfilme.tv
662543,enriquetomas.com
662553,efin.finance
662615,ebookee.net
662649,emgu.com
662661,economonitor.com
662663,europhysicsnews.org
662672,engelcoolers.com
662686,everydaymotivationhq.co.uk
662748,egzykhjcy2.com
662801,enfikir.com
662825,eliteblackjackexpress.com
662827,empirikagroup.com
662847,emaillabs.co
662852,europages.ee
662874,esencialmx.shop
662922,ebox.co.il
662943,elocalhost.com
662945,embodi3d.com
662956,emailcc.com
662987,espressotranslations.com
662990,essenzshop.at
663003,epicslotsguide.nl
663013,epicclubzone.com
663021,e-moda24.pl
663120,ellevetsciences.com
663176,energosales.ru
663193,etouch.cn
663226,eliterapidtrendzone.nl
663240,eha.eco
663295,exkalibr.cz
663327,eliselegrow.com
663358,easyfynt.com
663401,explanipedia.com
663465,evaair.at
663468,eventplanner.net
663473,earthmamaorganics.com
663526,elamyslahjat.fi
663535,eekgames.com
663547,e123.hk
663580,extellio.com
663637,evolux.cx
663641,e7digital.com.au
663669,ekstere.eco
663670,ek4.casino
663707,eshzp.com
663734,europeonline-magazine.eu
663740,emerica.com
663789,emunest.net
663795,estboproperties.com
663844,epicslothouse.com
663893,eft-ammo.com
663902,espinosludgy.cfd
664012,ekopyro.eu
664042,elkris.fi
664061,errantstory.com
664063,empiria.sk
664106,ezmetrology.com
664109,e-heritage.ru
664165,empirehost.co.zw
664211,entinux.com
664246,eatprima.com
664250,entraid.com
664254,eomahaforums.com
664265,estasifashion.it
664274,esaabparts.com
664278,euindico.net.br
664313,esel.pt
664316,expressionpub.com
664357,encentivizer.com
664400,eventtravel.com
664427,encorestatic.com
664466,exacthire.com
664470,ecxdev.io
664475,elmselect.com
664539,estatesgazette.com
664546,eliteworksworld.nl
664550,epiklearning.com
664574,ernesto-atelier-atrium.at
664585,evergreen-info.com
664679,ekanalabel.com
664749,elitereelsspace.com
664755,earsc-portal.eu
664766,entrepreneurhandbook.co.uk
664797,eiksys.net
664855,esso.co.uk
664934,equitynet.com
664964,e-fidancim.com
664970,euroeducation.net
664982,eichie.jp
665009,elecom-tl.com
665056,ezebra.de
665057,eventsense.co.uk
665065,e4s.center
665091,emri.biz.id
665104,e46-forum.de
665152,eco-act.com
665159,e70.casino
665160,estruturaimoveis.net.br
665185,emailsd.com.br
665195,express.be
665209,extreme-e.com
665213,ehamptonny.gov
665235,elitewagerworld.com
665260,erokomiksi.biz
665294,emotionum.com
665374,elmejorhostingdechile.com
665395,eknives.ru
665415,exxxposeme.com
665423,edresources.com.au
665426,expedmz.com
665457,enzkreis.de
665462,elitefreshspacehub.nl
665475,estudiojuridicorg.com.ar
665479,evisum.com
665481,efektifgrup.com.tr
665501,elektor.de
665537,eucrim.eu
665540,executive-shaving.co.uk
665671,eatojaiburger.com
665676,essaseoutras.com.br
665705,eauplaisir.com
665712,edtechdiary.com
665768,ezpz.work
665774,e-trailer.nl
665790,evoluxshop.it
665800,efulfilment.de
665821,esquelas.es
665823,eyeofhorus-slotonline.top
665859,elitecitybright.nl
665881,erinnern.at
665906,elmitel.com
665952,eutraining.eu
666080,erw12.com.br
666094,elitearenaarena.nl
666138,east-harlem.com
666142,essexwt.org.uk
666174,eyeguru.org
666202,eciinfohosting.com
666204,esunesun.com
666237,ellesse.es
666242,eggert-baumschulen.de
666259,evereve.io
666290,einhell-service.com
666299,estrategiaynegocios.net
666306,eduaide.ai
666405,ecoeatpot.com
666608,environment-textures.com
666635,emdr-training.net
666648,ecolabelindex.com
666670,ef-magazin.de
666691,eliteluckarena.nl
666753,ebuildhost.com
666781,easyhtml5video.com
666785,epsilonpaints.com
666846,essentialshoods.ca
666893,earthview3dmaps.com
666901,emu.it
666913,eaea.org
666942,elevatecycling.com
666961,eurocasino-live.com
666967,eranova.si
667009,encom.nz
667019,eventno.com
667098,eventoplus.com
667216,easternfitnesssite.nl
667230,erochats.org
667277,ezdirect.it
667320,eufordigital.eu
667334,europa-go.de
667351,edgestream.online
667410,ellenmacarthurcancertrust.org
667472,empresasenmexico.net
667490,evastoys.com
667642,elite-sub-90.lol
667682,easyreadinglist.com
667687,elkoteg.com
667703,emb-net.de
667708,edusum.com
667709,email-image.com
667717,ev6-forum.de
667740,empress-clothing.com
667765,estp.fr
667777,eorthopod.com
667821,evolute-nn.ru
667873,eventflare.io
667926,edit-co.com
667934,edeinternet.net
667936,elecproflu.com
667958,englishpractice.com
668078,essentialsvs.nz
668093,ecosl.ca
668136,equiservis.cz
668139,easydomainhost.com
668143,encompassinsurance.com
668315,e-countries.com
668316,e-liquide-fr.com
668317,e-sadownictwo.pl
668318,eapoteka.rs
668319,earthcare.co.jp
668320,ebike.hu
668321,education.gov.pg
668322,eikowa.com
668323,ejarima.uz
668324,elhekmaonline.com
668325,elienglish.com
668326,emma-sleep-japan.com
668327,emmo.ca
668328,englishvit.com
668329,enlacito.com
668330,entrepotdelareno.com
668331,enucuztoptan.com
668332,ero-fox.org
668333,estatejobs.com
668334,ethio-jobs.net.et
668335,evspec.in
668686,e-wowmotors.com
668687,earphoneman.com
668688,edj.tw
668689,eliteacompanhantes.com
668690,emma-sleep.com.ph
668691,englishchatterbox.com
668692,erokin.com
668693,esprit-donghua.xyz
668694,evdeeczane.com
668695,exhalecoffee.com
668696,eyerim.bg
668697,eyerim.hr
668698,eyesmart.com.tw
668953,eazymut.pl
668954,eccarburetors.com
668955,elinorboutique.com
668956,eteleplaza.hu
668957,evenemangsbiljetter.se
669072,erotikfilme24.net
669085,eatwell.co.id
669092,eliteworkspro.nl
669209,everydayweldingsupplies.com
669231,emailimagecdn7lc0.com
669290,edesclee.com
669313,emh.org
669330,earntalktime.com
669332,ens.edu.br
669340,eyeopt.co.kr
669404,eparts.co.in
669439,expemag.com
669447,escape.tech
669449,edgypro.net
669480,enprag.com
669520,energy-bm.ru
669626,ebook.nl
669661,elitegamingguide.nl
669753,ezvds.net
669801,esmuc.cat
669809,embold.dev
669813,easycloudtech.cloud
669830,epesuj.cz
669861,esquire.com.gr
669892,edns1.net
669897,earthwiseseed.com
669911,eshopgs.com
669940,erblearn.org
669950,express-wallet.pro
669951,ellamila.com
669952,efl.com.pl
669973,ekrfoundation.org
670070,everymum.ie
670099,exclusivemobile.me
670132,eminence.fr
670166,echineselearning.com
670213,energysolutions.com
670230,elreyestepona.com
670266,europearchery.com
670274,epicbettingpoint.com
670291,eco-dush.ru
670295,extrawatch.com
670328,elitepointzone.nl
670387,eurocable.co.hu
670408,elephantcastle.com
670431,expresslanes.com
670457,ettel.net
670463,ekwafeederproducts.com
670479,ev-portal.com
670491,elte-dh.hu
670495,energynomics.ro
670497,economyrentacar.com
670510,escalibur.eu
670574,esigngenie.com
670577,exidebattery-house.com
670579,esep.kz
670598,ecovis.lt
670635,extendedns2.ro
670654,e-plus.media
670662,electrolux-home.ru
670714,energybits.com
670719,enter.yoga
670733,eislauf-union.de
670738,eximbank.ro
670740,eastbourneherald.co.uk
670832,entitydata.net
670833,e-kit.ru
670835,essex-fire.gov.uk
670889,endoexpert.ru
670897,eightlegged2.co.uk
670947,echinagov.com
670954,esrt.website
670997,ellohaweb.com
671021,entryeeze.com
671062,exponential.earth
671079,elitebonusreelszone.nl
671106,editforgestuido.online
671116,epc.su
671177,exponea.cz
671211,ebme.co.uk
671303,electronicapc.com
671348,easy.tools
671441,eltizo.com
671476,edebiyatevi.com
671477,edtest.ai
671478,elexify.online
671479,eromanga-castle.com
671480,esica.online
671481,eveen.pk
671548,emu.com
671576,energydata.info
671597,eaglegolf.tw
671633,eje.com.bo
671634,eliteluckclub.nl
671642,eymj.org
671659,eandata.com
671665,ehost2u.com
671685,evolv-off.com
671706,eupvsec.org
671791,eivaagames.com
671805,eiffageconnect.com
671880,epicbonushub.nl
671986,e-it.be
672036,erota2.com
672063,ergonova.ru
672115,emrahcinik.com
672128,evolute-nch.ru
672144,ecoinformatics.org
672221,ekukka.fi
672243,e30.de
672265,estuary.dev
672278,europelectronics.net
672344,edcdn.com
672378,exyuteam.com
672408,everflow.io
672413,etyyy.com
672471,erlang.ru
672489,e7m6a50p.com
672521,efada.io
672578,esbiomech2025.org
672582,edlxp.com
672609,engineerboards.com
672629,edrants.com
672641,ecolandscaping.org
672667,eurodetal-nn.ru
672696,elonsport.com
672713,endsleigh.co.uk
672718,etere.su
672770,euroavocatura.ro
672805,easterntoolstalk.nl
672812,etheron.eu
672845,edubini.com
672848,expressafrica.et
672853,europalestine.com
672865,elnec.com
672870,evakuator-buster.ru
672875,erito.com
672891,easyapply.jobs
672961,essahraa.net
672982,ehealth.gov.gr
673054,eliteslotsnetwork.com
673087,ebonygirlcams.com
673098,engsdrilling.ru
673169,ecsr.io
673285,economycarparts.gr
673304,ejes.com
673388,edelia.sk
673389,educlass.ro
673390,energiademisiones.com.ar
673391,epycure.com
673392,escapescosta.com
673393,etxeondo.com
673394,evvai.com
673395,eyupsabrituncer.com
673632,earlylearningventures.org
673633,ecarla.pl
673634,edesur.com.do
673635,eksion.ru
673636,elcontraste.cl
673637,ele-gate.com
673638,elektrickevozy.cz
673639,elizawashere.be
673640,empleos.hn
673641,empresta.com.br
673642,eneos-wing.co.jp
673643,ethnasia.com
673644,eunitecidos.pt
673996,e-agents.gr
673997,ecsw.ir
673998,elsoldeantequera.com
674098,eretroporn.com
674110,em-finance.ru
674177,earthshealing.org
674227,eventimapollo.com
674236,electricfireplacesdirect.com
674297,expressoprod.com
674370,eliteschw31n.de
674393,elegance-hair.se
674395,eismann.digital
674405,emcidsand.com
674416,edrlab.org
674474,empire-riverside.de
674503,everydayfinanceadvice.com
674519,elitepress.de
674542,entatv.cc
674545,etas-dev.com
674554,elitemarketonline.nl
674558,ei-der-zeit.com
674566,easeus-software.com
674572,emtjvuuvjtme.com
674587,editorialouvert.fr
674614,eifb.ae
674629,ekbis.blog
674732,ekszer-ora.hu
674733,elite-dz.com
674835,excelclothing.com
674836,epcg.com
674837,elda.es
674855,e-commerceglobal.co.uk
674859,etlab.app
674889,elitechoicehouse.nl
674894,easy-ciphers.com
674897,egechita.ru
674904,evtol.news
674997,epoolsupply.com
675063,e-generator.ru
675131,externalworksindex.co.uk
675157,elitedataroutehub.nl
675227,eisfair.net
675262,efficiencyvermont.com
675273,elkhornmediagroup.com
675281,essar.com
675320,ewhigf.top
675327,enginy.ai
675333,emas.de
675360,equalrights.org
675393,exodusintel.com
675416,elama.global
675423,era25.ru
675445,elpunt.cat
675494,einfachtierisch.de
675502,endress.com.cn
675546,euromotiv.com
675614,embedy.eu
675620,eternalnetwork.club
675733,emirateshospitals.ae
675797,epicluckworld.nl
675807,e-nail.com
675879,extendedforecast.net
675974,elaris.eu
675984,eslgold.com
676035,ejf.de
676058,elahe.in
676060,electromarket-im.ru
676165,elitelawyer.com
676203,eaj-pnv.eus
676250,elitespaceonline.nl
676265,ekitistate.gov.ng
676283,eto-razvod.ru
676320,escuderia.com
676356,esintax.bf
676404,esho.co.uk
676449,e-net.or.jp
676450,electroneek.ru
676471,eq-3.de
676485,etto.ba
676486,elorafergustoday.com
676499,extraschicht.de
676547,eudoxus.gr
676601,empero.com.tr
676618,ehliyetkit.com
676630,easyhostnepal.com
676647,ecoverage.com
676678,ezsrv.net
676696,ekz.ch
676721,evanalytics.com
676734,e-baseus.com
676758,envirotechsolutions.co.nz
676788,embedhd.st
676814,epicroulettenetwork.com
676822,eliteroulettenetwork.com
676859,eddizhosted.us
676885,enrollment123.com
676907,edustaff.org
676924,eaglenewsonline.com
676927,eyeonsunvalley.com
677013,eldiplo.org
677139,ecodigitalhost.com
677145,eur.hr
677170,evolbiol.ru
677200,eljnoub.com
677205,experteer.be
677223,est-audit.kz
677226,elewanacollection.com
677289,emk24.ru
677299,eventfrog.at
677300,elitespinscorner.com
677318,euhost.co
677338,echozone.us
677374,eltprof.ru
677379,electionrunner.com
677383,emazzanti.net
677401,elektramat.be
677413,envialosimple.com
677438,eagleswing.org
677450,epicslots.nl
677460,expomark.fi
677461,ebc.edu.kh
677483,easyteka.com
677537,elfinhair.com
677547,exoticholiday.bg
677598,echoorbit.us
677624,europc.ua
677628,efo.no
677633,essecshop.be
677669,estoyenremoto.com
677698,envatoextensions.com
677808,extendserver.com
677818,eorservice.com
677819,easternskatesupply.com
677822,embedin.site
677827,ecsiot.com
677840,edenmed.com
677859,entegredunyasi.com.tr
677886,electrosewa.com
677930,easypayments.online
677939,esashop.top
677976,expasy.ch
677982,escape-kit.com
678040,exclusivebeautyclub.com
678047,expressodelivery.com.br
678060,elfiltrador.com
678065,ermessecurity.com
678207,e-teb.pl
678227,elipshaber.com
678235,eclectick.dev
678311,ekenkoshop.shop
678316,elbamebel.com
678330,etdns.mx
678334,evergreen-shipping.cn
678373,epicjackpotonline.nl
678397,emeihl.com
678406,enroutetaxis.com
678411,eurafric-information.com
678516,envisionfinancial.ca
678522,e-palli.com
678566,erwenmojian.com
678601,etogetherness.com
678605,etho.dev
678779,edusar.ru
678818,ensam.fr
678837,earlytelevision.org
678867,e-vision.nl
678884,etherions.us
678887,evi.gv.at
678892,endurance-data.com
678943,excellenceservers.co.ke
678979,elko24.net
679003,etsbarbeira.fr
679028,embroideryday.com
679096,enosearcher.it
679097,euroquod.ro
679100,eglenerekogrenelim.com
679117,essex-web.com
679165,elektroshop.nl
679193,esntialmotors.com
679214,evonik.de
679221,enwego.de
679239,edalerts.co.uk
679268,ebasefm.com
679343,eroticjuggs.com
679359,ewc-home.de
679390,examinspect.com
679424,edu-nv.ru
679442,expert-desamiantage.fr
679457,evolute-axis.ru
679462,ersitehosting.nl
679497,enseco.de
679513,epicpalacespace.com
679534,expertdailysource.nl
679546,egcfau.cn
679550,europadecentraal.nl
679555,eva-green.sbs
679596,everayu.com
679618,earthquakelist.org
679653,earpearp.com
679654,ethicwater.com.tr
679699,exclusifexclusif.fr
679722,eps-90.com
679724,el-sozduk.kg
679757,eselundlandspielhof.de
679759,eyoogo.com
679765,ezxshop.ru
679789,e-ijd.org
679807,ehorst.de
679878,execinc.com
679880,emailsecurityonline.com.br
679912,epharmadora.com
679937,examstudio.com
679951,energis.de
680004,epaper.fi
680060,ebalovo.porn
680095,ecofriend.com
680126,electsys.tech
680140,expert-cable.ru
680145,elex.pl
680201,e-licktronic.com
680236,europeanenergy.com
680273,erikstore.com
680278,emc.com.ph
680284,extmatrix.com
680327,edenorte.com.do
680349,entire.io
680362,eroticen.net
680372,explorethearchive.com
680416,expeditionjeux.com
680441,esu-online.org
680461,easyfashionjournal.nl
680476,enlago.com
680487,euroshop18.ru
680496,erikdemaine.org
680519,excelenciasgourmet.com
680545,edenmagnet.com.au
680580,esasd.net
680619,e-tech.ac.th
680623,euroactiveparts.com
680632,eachsprayer.com
680652,exposay.com
680666,educatrack.com
680703,entelo.eu
680815,egas.com.tw
680855,eyematch.ai
680886,enneo.ai
680904,enginer-pro.ru
680918,elcoyotemexicanfood.com
680925,estee-lauder.co.uk
680935,ecloudservers.net
680993,eborehole.com
681097,epmexperience.com
681133,empregologo.com
681154,egyediajandekotletek.hu
681176,edwinterfest.com
681207,evb.com
681224,exposuremanager.com
681231,edictsystems.com
681259,epicpayoutarena.nl
681268,emond.ca
681293,ezdatalink.com
681297,equestra.fr
681304,elonbetofficial-bd.com
681312,espare.ru
681313,evostore.com.np
681345,edgeon.online
681377,easysign.com
681381,emerald-pharma.com
681384,egoynxjjcyy.com
681402,e-butsudan.com
681466,euchebnici.com
681490,elitearenaonline.com
681497,ersagglobal.ru
681503,ecole.org
681511,e3lab.io
681557,endch77hcdne.com
681591,evbandit.com
681663,enjoy-dev-dep.com
681666,entropy.ch
681694,epicjackpotworld.com
681702,evere.co
681722,etixxsports.com
681804,ellinikahoaxes.gr
681808,eviqo.io
681855,energy-h.ru
681863,equip-raid.fr
681864,economics-sociology.eu
681898,electionsfl.org
681920,energy.mk.ua
681935,escapeboats.ie
681996,elitescope.nl
682018,eprpglobal.net
682021,edv-consulting.ch
682058,evidence.nhs.uk
682122,ekonominavet.se
682134,elitehubhub.nl
682152,eetech.com
682156,enablebanking.com
682222,eevad.com
682237,emsbilling.com
682262,evogennutrition.com
682264,encycolorpedia.vn
682287,eichsfeldforum.de
682293,epcatalogs.com
682324,ezdy.shop
682361,evionica.com
682402,eoto.jp
682406,eaglemoss.com
682450,evirtualservers.net
682491,emsland.de
682493,emercit.com
682529,electronicpresentment.com
682585,ezonetrading.co.uk
682613,energexlogin.com
682615,easy-ti.de
682649,etm-system.ru
682737,esportstales.com
682747,enscm.fr
682807,esi-audio.com
682808,eaf.org.br
682858,ejkhosting.nl
682863,e2075.click
682878,egemanset.com
682912,easbar.com
682934,elevatethemovie.com
682937,e-fisher.ru
682954,elmercantil.com
682956,eo.gov.ua
683021,ecsa.co.za
683025,education21.ch
683080,edus.kz
683096,einsofworld.com
683103,eckesit.de
683109,eisner.biz
683165,eufundingportal.eu
683173,edgeryokan.com
683174,exterro.net
683177,enxcloud.com
683225,ensahv.cm
683279,evolvebas.com.au
683322,energyandcapital.com
683358,evidiahosting.com
683359,eckoh.com
683383,eldjazaireldjadida.dz
683414,elfbeauty.com
683425,elitescope.de
683433,ebuy.mo
683448,eurosporttuning.com
683487,ebtc.org
683532,escolaavancada.com
683591,exploitee.rs
683618,elegircolegio.com
683629,ezonelb.com
683649,eunsei.net
683672,elbenwald.it
683794,easytoys.pl
683803,e-boys.nl
683878,excellentwebworld.com
683882,eliteluckhub.nl
683909,etam.pl
683923,ehr.fm
683968,educationext.com
683992,elitebonusclub.nl
684024,easthealthw.com
684046,etenads.nl
684065,erfal.de
684082,elitemarketnetwork.nl
684108,educadis.com
684128,ecuadortenisclub.com
684145,everyblock.com
684147,electricasbogota.com
684149,eukleia.co.jp
684166,elversiculodeldia.com
684270,edublin.com.br
684289,ebbonline.de
684292,etfbl.net
684304,eveserver.com
684317,eatwinkel.nl
684348,ernesto.it
684365,eroporn.club
684410,epicjackpotguide.nl
684439,euwid-recycling.de
684440,eroticup.com
684445,embassysuites.com
684463,evonetworks.net
684477,esse.fr
684492,epicroulettepoint.com
684504,eveairmobility.com
684518,eternacadencia.com.ar
684530,electioninnovation.org
684542,enamelcopenhagen.dk
684555,ecs.net
684562,eventually.io
684567,emdr.nl
684641,eskilled.com.au
684655,eaest.com
684738,epoint.com.cn
684741,egrielkerulo.hu
684770,expertlogicplus.nl
684804,eggers-umwelttechnik.de
684813,e-pepper.ru
684830,emailbison.com
684854,enterprise.nl
684870,ecmi.de
684909,echarge.de
684915,eservice.pl
685044,erinok.com
685065,elkhornpharmacy.com
685191,errotica-archives.com
685193,etypeservices.com
685210,eosanet.lol
685225,ekinoks2.com.tr
685226,enterpyme.com
685232,elbbricks.com
685245,eurocheapo.com
685272,esports-domains.com
685277,e-logic.gr
685344,eccourts.org
685351,etwall.org
685398,eidonlife.com
685400,europemc.eu
685403,eldiariodelfindelmundo.com
685420,e-ranok.com.ua
685464,electroprogress.ru
685480,e-shiten.jp
685651,epiccardsexpress.com
685665,easyscopeprime.nl
685686,energyportal.eu
685781,egetekbilgisayar.com
685840,ed-rxdrugstore.com
685856,eshhar.net
685875,examplenewsletter.blog
685898,einfach-gaming.de
686034,elmakers.com
686116,excur.ru
686129,ewleworld.rest
686143,empirestatebidsystem.com
686156,erborian.ru
686174,elitematrimony.com
686178,endgameone.com
686209,eventbrite.cl
686220,epikur-portal.de
686239,eigen-domein.be
686244,efficiencyexperiments.com
686246,euconsamo.com
686252,elitemarket.nl
686334,edcast.ai
686336,eyezon.com
686361,electroporn.vip
686385,ebanan.online
686417,easytadelakt.com
686465,el-alt.com
686481,eurotravelo.com
686530,ecclesiastical.com
686540,ebmag.com
686552,e-gitt.net
686558,enrouteinstitute.com
686613,easyparts-rollerteile.de
686674,elitefoodmedia.nl
686683,ecritel.ca
686696,ebastlirna.cz
686742,enginsoft.com
686783,eliteguideworld.nl
686869,encontracarros.pt
686882,emsa.com
686884,encimerasacero.es
686939,ellafitzgerald.com
686960,energieplus-lesite.be
686966,e-assis.com.br
686982,ediphi.com
687001,edgecube.io
687008,eifo.dk
687049,elitecommunitytoday.nl
687058,etaa-egypt.org
687060,ejia7.net
687073,elekon.ru
687093,evoams.com
687114,exactsciences.net
687130,exscn2.net
687169,eurosim2007.org
687285,e.gov.br
687297,esbaluard.org
687310,educus.nl
687311,excelmasters.io
687350,eliteslotszone.com
687351,eumet.hu
687359,eliteclubworld.com
687377,emulab.it
687386,eldarion.com
687389,ebrdbusinesslens.com
687441,empathylab.com
687513,e-dym.pl
687514,eduboom.it
687515,emma-colchon.co
687516,endulusmt.com
687517,engineerlab.co.kr
687518,europarm.fr
687519,exploreradar.com
687685,egas.ir
687686,eksae.fr
687687,elevelife.com.br
687688,emperor.gr
687689,espetinhodesucesso.com
687690,essens.md
687912,e-mehkeme.gov.az
687913,e-utrip.si
687914,eat-treat.jp
687915,edsembli.com
687916,efundae.es
687917,egooners.com
687918,ehorses.es
687919,emgcloud.net
687920,emiliekarston.com
687921,emiliie.com
687922,emilyspillow.com
687923,enemaction.com.br
687924,english-practice.net
687925,enviomedical.com
687926,eoauthsns.com
687927,eqsnotas.com
687928,ergonsistemas.com.br
687929,esage.net.br
687930,esensinews.com
687931,eterlens.com
688283,eduardolima.com.br
688292,esko-dortmund.de
688302,epicbetclub.nl
688317,escortdubai.net
688320,epicbettingbase.com
688326,eporady24.pl
688399,efinancialcareers.lu
688402,essence-development.ru
688406,einsamemilfs.com
688452,ezermester.hu
688479,essidi.cm
688485,enaminestore.com
688494,earnhardttoyota.com
688513,exalia.net
688533,ehestates.ca
688612,etest.edu.cn
688630,elyaevents.com
688678,edtechimpact.com
688716,easy-internet.co.uk
688737,easycloud.pt
688748,epicjackpot.nl
688750,estout.com
688760,ecarf.org
688764,eera-pv-kep.eu
688780,expresselblag.pl
688786,experticket.com
688803,ewinginc.com
688818,ellethailand.com
688832,elitevaultarena.nl
688844,economistas.gr
688850,energydaily.co.kr
688902,etuber.com
688944,enoughvisuals.fun
688967,epicpayouthub.nl
688980,ems-personal.at
688997,euro-grand-casino.com
689079,ecar168.cn
689151,escplus.es
689177,emuready.com
689199,etradesupply.com
689200,engraving.si
689232,energifyn.dk
689233,emons-verlag.de
689261,ericasata.com
689296,egrantsmanagement.com
689312,eduptl.kr
689431,epicclubstudio.com
689488,eje-online.org
689497,editors.ca
689565,eradimaging.com
689569,esicia.rw
689598,enterclass.com
689646,engineeringuk.com
689663,express-k.kz
689717,elmstreetbooks.com
689718,emaporn.com
689719,esns.nl
689749,eestikasiinod.info
689762,ehcache.org
689837,elcato.org
689938,evakuator-ua.com
689948,edodisha.gov.in
690012,esi.com
690026,easymarket.ir
690029,entgaming.net
690059,electgo.com
690062,ependyseis.gr
690063,erzgebirgskreis.de
690086,eixbelnoc.cc
690240,elearn.net.au
690254,erasfellowshipdocuments.org
690306,encirclephotos.com
690338,econ-application.de
690344,eaydu.com
690402,efford.co.jp
690474,electionpakistani.com
690491,emimusic.jp
690527,envisionwise.com
690528,eroqa-kile.store
690529,edgedrolle.click
690558,ellastvmax.com
690574,echaeplay.com
690604,egorkin.xyz
690615,ezramedia.tv
690689,expocar.ru
690694,eg-ad.fr
690705,enjoygrid.top
690774,ew86.com
690808,economy.gov.az
690824,ekbetz.in
690863,epicluckhub.nl
690895,expcdn.co.uk
690906,e-register.am
690922,eauctiondekho.com
690974,etlikcivciv.com
690978,executivelimousineservicesllc.com
690997,essenty.com
691014,euroinfopage.eu
691042,eag.com
691082,echogorzowa.pl
691092,esk8.news
691095,elchk.org.hk
691183,ericedmeades.com
691207,ecoinsupply.com
691212,eliteluckzone.nl
691229,expertnw.com
691249,ecrannoir.fr
691295,exxaro.com
691326,elnougarden.com
691361,elementis.com
691384,euphosphenia.com
691408,ehsdb.com
691427,elementcreativehair.co.uk
691447,evidenze.cloud
691468,electraprotocol.network
691488,efficeintforms.com
691491,ergosport.dk
691573,everydayme.pl
691698,eol.gg
691702,ecodrive.community
691757,eventland.eu
691759,engagedgood.com
691815,elliegoulding.com
691817,empowermyretirement.com
691848,exler.fit
691890,endgamegear.com
691910,esputnik.com.ua
691912,edpnc.com
691919,escortserviceudaipur.in
691922,esgms.ru
691948,e-muse.com.tw
691969,expertpressdutch.nl
691973,evoluent.com
691976,exois.com
691978,earthrangers.com
691990,elandelwoodproducts.com
692022,e-neon.ru
692133,exp1.com
692135,essaykeeper.com
692149,elephantrobotics.com
692157,e-tiketka.com
692164,eurogrand.com
692277,empresasbrasil.net
692286,eileenslounge.com
692355,erocate.com
692402,embrace.ai
692405,englewoodreview.com
692443,export.com.gt
692453,edilclima.it
692457,evolvinginstant.com
692473,epicplayzone.nl
692507,ebasos.club
692589,eurekaelearning.com
692656,enlacelabcolombia.com
692776,easydrivers.at
692777,eco-megane.jp
692778,edreams.gr
692779,eldoradowaterpark.com
692780,elementeventscanada.com
692781,elenadate.com
692782,emotionalouting.org
692783,eraindefleet.com
692784,ericemanuel.com
692785,esx.ro
692786,ezink.co.uk
693052,evolute-rnauto-krasnodar.ru
693057,eidai.com
693064,empirezero.net
693087,empoweredsustenance.com
693096,exea.pl
693098,ep-mediastore-ab.de
693102,eretzmuseum.org.il
693103,elaba.lt
693140,emmaventures.com
693172,elitearenanetwork.com
693187,edsqcleanss.life
693339,eshost.com.ar
693346,efani.com
693362,eliteoddsrushzone.nl
693403,electronicgroove.com
693405,epochechoes.co.uk
693406,earthstreasury.com
693409,ecma-solutions.com
693426,elitestudiogroup.nl
693433,embassyworld.com
693466,esterlineresearch.com
693479,evansdata.com
693480,editions-delatour.com
693493,erotik.de
693519,ericscortia.com
693523,e-ms.com.tw
693546,entropialife.com
693559,ekiosk.pro
693599,eskisehireo.org.tr
693627,elixirgardensupplies.co.uk
693660,emsworld.com
693667,energysavers.gov
693689,egadi.co.in
693696,e5j.de
693723,eurofins.de
693741,eelly.com
693746,excitingdates.com
693759,electerious.com
693761,epayments.com
693846,essexschoolsjobs.co.uk
693877,evrensurucukursu.net
693940,empolis.com
693943,entertubeporn.com
693967,ecocompany.ru
693982,empowerpathway.fr
693995,etranzact.net
694021,ehl.ch
694032,ecranbrillant.fr
694076,eliteobserver.de
694135,e-imzo.uz
694143,exo-dc-msedge.net
694148,enjoylix.com
694150,eatkaas.nl
694152,edesky.cz
694174,edraw.ai
694237,evergreen.de
694255,eliteguidenetwork.nl
694272,eurospacecenter.be
694280,europarcs-zuiderzee.nl
694325,ezclocker.com
694351,emazoo.com
694372,eidp.shop
694383,eugenol.com
694399,electude.eu
694428,ep-online.nl
694435,eclipseholsters.com
694452,epicfireworks.com
694456,expert-insapp.ru
694494,eye-swoon.com
694506,empire88.com
694526,engagekiosk.net
694530,euroassembler.eu
694574,employabilitydallas.org
694577,erobuns.com
694611,ecollectibles.ca
694647,elix.rip
694653,envisionoptions.com
694713,esportsoddscorner.com
694723,eurekakids.es
694725,eliteguidepro.nl
694729,efilecabinet.com
694739,eoe.works
694794,electricalproducts.com.au
694860,esportecorrida.com.br
694862,en-volve.com
694909,ethanhein.com
694919,eztv.ag
694969,e-fundresearch.com
694978,e-closingsecured.com
694983,easyqck.com
695027,elba.at
695044,epicooler.com
695068,ecc-idc.jp
695081,elektrotec24.de
695175,exelate.com
695249,esports-betting.pro
695257,echopromedia.co.uk
695271,elsoot.com
695319,ewapub.com
695324,ennessglobal.com
695348,elementar.com
695373,ebel-systems.de
695381,elektrolas.com
695398,euromedia24.com
695434,ezcorp.com
695444,egamescasino.ph
695469,elochkaigolochla.com
695488,exportorientedbd.com
695493,economicpolicyresearch.org
695521,eirs.gov.ng
695592,evisa.bj
695607,esslsecurity.com
695623,e-shishobako.ne.jp
695629,evothings.com
695631,emahapwd.com
695633,employmentlawworldview.com
695674,e-ssi.net
695690,executiveacademy.at
695705,ehporn.com
695712,elementhair.com
695778,evolute-albion.ru
695809,email-view.com
695854,etp.ro
695890,equipment10.com
695920,elitearenastudio.com
695932,ekonferencije.com
695933,estakhr.info
695950,e-trak.ru
695966,enrede.gal
695976,esquire.kz
695995,enah.edu.mx
696061,elitegaminghubspace.nl
696072,esite-iq.com
696084,easylinkvpn.link
696095,e-comportal.com
696147,ebv.com
696190,esource.com
696204,easysquare.com
696218,esportsbettingtop.com
696239,epicpalacehouse.com
696245,ensleybeautysupply.com
696266,electrotown.ru
696300,e-huquq.az
696377,echo-podval.ru
696400,escribiendocine.com
696444,ewalia.com
696503,eorichecker.eu
696509,exo-site.fr
696551,edexjeans.com.br
696608,experia.eu
696685,eaw.com
696732,easyshave.net
696749,er4upremium.in
696796,euro-financie.sk
696841,ekat.ru
696854,egriz.com
696900,enasis.fr
696949,e-agro.com.br
696968,europa-vrachtwagens.nl
696999,eastevs.com
697091,e3t7kszo8.com
697092,ebikeguides.com
697093,educationqld.com.au
697094,egov.sk
697095,elixiria.bg
697096,enbaks.cc
697097,enerfit.com.es
697098,eulen.gg
697099,eventnet.de
697100,exeter77.org
697278,eurotrib.com
697296,ephone.ai
697384,epodworks.com
697400,energia.fi
697433,epilpoint.it
697473,essay-writing-service.co.uk
697484,europeanjournalofhumour.org
697527,escaperoadcity2.io
697536,evit.com
697561,esimplesauditoria.com
697599,examda.com
697618,erwin-weiss.gmbh
697658,eduhansol.co.kr
697676,edctp.org
697705,elainelfo.net
697712,ewebsystem.com
697735,elitetrimworks.com
697792,edgun.ru
697800,edudip-next.com
697879,esw.com
697904,e-stories.de
697931,eshoplogistic.ru
698002,e-gate.gr
698012,editlib.org
698042,elliotjaystocks.com
698048,e-veracruz.mx
698076,ethimo.com
698117,energosale34.download
698119,eetcld.com
698126,edcilindia.co.in
698130,ers-online.co.uk
698133,echomatrix.us
698199,europresse.com
698251,esrij.com
698255,elitepalacebase.com
698338,embtools.net
698362,eep.info
698417,ergopouch.cl
698425,educationaboveall.org
698436,einfra.hu
698438,eradio.mobi
698511,escuelasuperiordemusicareinasofia.es
698538,e-glasspandoor.ro
698545,edoxi.com
698564,eshirt.it
698567,energomir.su
698571,exploros.com
698617,evstrat.space
698620,elephly.net
698646,expressandstar.co.uk
698650,ergonomictrends.com
698677,erotika.cc
698714,eiewz.cn
698763,ecommerceupdate.com.br
698790,ensoshisha.eu
698876,emshcloud.com
698882,epantos.com
698887,elmox.de
698921,electricrequiem.com
698957,execadvisor.com
698984,easyaivoice.com
699019,elbecgardenbuildings.co.uk
699028,earthspick.com
699033,escortbabylon.com
699038,ekenamillwork.com
699040,echsrl.com
699054,edpay1.com
699056,elitedns.de
699083,editgpt.app
699096,extreme-developers.ru
699105,eventstifter.de
699147,eurocasino-pl.pl
699152,e9v7u4m.com
699156,eventyon.ru
699160,eduour.cn
699173,elabayrak.com
699186,elektricheskie-rulonnye-shtory.ru
699189,esportenewsmundo.com.br
699243,el34world.com
699276,euroherz.de
699313,eugenewei.com
699325,engram.us
699377,explorer-electric-forum.de
699381,ebisu-toraji.com
699436,eaglehillconsulting.com
699451,eeejl.net
699507,electropedia.org
699509,ezweb.my
699582,expertcommentary.com
699597,editorialcycle.com
699648,ezv-weber.de
699656,epwealth.com
699675,eczanemuhendisleri.com
699702,edmarshall.com
699718,elheraldodechihuahua.com.mx
699719,eikona-server.de
699721,ebox.rs
699752,expaty.life
699764,elitehockeysim.com
699789,entireindia.com
699797,everymoviehasalesson.com
699823,esselink.online
699825,estonia-hotels.net
699889,eblo.id
699947,extsuantdiallomon.com
699996,espanadigital.gob.es
700012,echtzeit-musik.de
700048,englmaier.de
700080,efanews.eu
700214,everycaller.com
700226,elitejackpotmarket.com
700227,elitemodernhubspace.nl
700230,economicpress.co.uk
700290,emwpartners.com
700298,eclabs.io
700305,editorialuoc.com
700306,epectelco.com.ar
700313,ecprnet.eu
700326,endtoend.com
700344,enkitech.com.tr
700381,emotion.sh
700398,emailgistics.com
700418,edogs.media
700430,economy.gov.il
700437,eatplayfun.com
700504,ebiseed.com
700550,e-reading.org.ua
700574,ecuabet.com.ec
700584,echojoy.xyz
700596,entorndigital.es
700651,esteo.ru
700736,edac.net
700774,elsegundo.gov
700777,emyfriend.com
700779,ekorale.pl
700811,exmar.it
700922,edunord.ru
700953,eoas.info
700959,ez123cloud.com
700969,enjoylivcam.me
700975,e-bip.org.pl
700985,echo-brain.com
700993,emailsys1c.net
700997,emmytvlegends.org
701005,esgo.org
701016,englishsharedfutures.uk
701045,e-services.md
701103,easygo.io
701112,edinburghfestivalcity.com
701132,e5sar.ru
701147,emeralds.com
701151,ewalletratings.com
701168,edinburghcastle.gov.uk
701178,ers.pt
701194,evefurn.com
701205,efinancialcareers.be
701217,earthwiki.space
701226,eclipsepestcontrol.com.au
701243,ergobody.co.kr
701245,elitearenahub.nl
701250,ectorcountyisd.org
701273,evolute-simferopol.ru
701299,elimbiz.com
701304,elitearenaworld.nl
701318,exar.com
701342,eliteflashlights.com
701343,eupackage.com
701352,evisabot.in
701360,ealde.es
701363,eaglefinancialpublications.com
701447,energyresearchproject.net
701451,eclatredoutable.fr
701477,elementaryschools.org
701497,ethernodes.org
701510,elibrary.com
701566,erieco.gov
701644,exeter-cathedral.org.uk
701666,echd.org
701720,elfbeads.com
701730,educatlantis.com
701732,energyfromthorium.com
701752,elitefinder.de
701756,eshgheabadi.org
701761,ensfea.fr
701787,everflag.de
701810,easycashofficial.com
701820,eroscena.com
701832,exonyx.com
701855,elpc.org
701866,elevedancewear.com
701890,eunomia.online
701905,emland.net
701908,egypt-museum.com
701924,emploi.gouv.fr
701928,eibabo.in
701975,ecentry.com
702078,erenow.net
702120,electrodirect.ie
702193,eticodns10.com
702308,epicslotsspace.com
702392,estudiokroma.ar
702393,ekstracking.com
702402,etel-tuning.eu
702449,embeddedworks.net
702481,ebanko.casino
702485,ekispert.jp
702492,elab-hackerspace.org
702503,explosion.ai
702505,ella.net
702508,eroproject.com
702533,e-tape.ru
702564,et-foundation.co.uk
702758,e-panashop.store
702759,e-pasluga.by
702760,easternlines.com
702761,ebikelab.it
702762,ecocup.com
702763,edel-optics.be
702764,ehobby.com.tw
702765,ehurtwolka.pl
702766,eletronicacastro.com.br
702767,elginitour.ro
702768,elitmuzik.com.tr
702769,enaportal.com
702770,encontrarse.com
702771,enduromarket.com
702772,englody.com
702773,entrekids.cl
702774,epaync.nc
702775,equiduct.com
702776,eroinasekai.com
702777,esahayak.io
702778,esthima.fr
702779,ethiongojobs.com
702780,eurotrips.ua
702781,eve-gacha.com
702782,evolutionmilano.com
702783,evropea.com
703404,e-cars.hu
703405,e-davidwalker.com
703406,e-guru.id
703407,e-papierosy.pl
703408,e-propublico.pl
703409,ebine-womens-clinic.com
703410,ecclesiae.com.br
703411,ediliamo.com
703412,elmonitordeparral.com
703413,emhk.org
703414,emplacamentodigital.com.br
703415,endo.pl
703416,eromanga-tencho.com
703417,escape.id
703418,escolabiblicadominical.org
703419,essie.es
703420,ewheels.se
703421,exammint.in
703422,exampundit.in
704104,e-kurenai.com
704105,easybooking.uz
704106,edara.io
704107,edexcelgateway.com
704108,ehliyetsinavihazirlik.com
704109,eldiagnosticos.com.br
704110,elearn.gov.pk
704111,electrocash.es
704112,elitecampinas.com.br
704113,elmar.aw
704114,elnorte.com.ar
704115,elreydelembargo.com
704116,emri.in
704117,enargas.gob.ar
704118,eneos-power.co.jp
704119,enjoysicilia.it
704120,enstoloi.net
704121,esdi.gr
704122,esfahanahan.com
704123,estetik.pl
704124,estghfar.com
704125,estherpress.com
704126,eurovrt.hr
704127,everilion.com
704128,eyelashgarage.jp
704603,emmcoc.com.ng
704611,eurorails.com
704615,elitewagerpoint.com
704641,elecdirect.com
704671,eco-world.de
704679,ecodellojonio.it
704720,etektuning.com
704748,elasticrates.site
704817,embedreach.com
704829,eseeknives.com
704847,e-connect.com
704877,epitest.fi
704891,easy.vegas
704947,eei.jp
704965,e-skole.hr
704966,emmie-sphere.fr
705021,elnortero.cl
705035,elbrus-zapchasti.ru
705056,europepromocode.com
705067,ezcare.io
705078,essinstitute.in
705079,etenhouse.nl
705098,e-signlive.ca
705108,elie.net
705126,enso.build
705161,elobrero.es
705165,eyeworld.org
705171,engie.co.uk
705176,ecochallenge.org
705251,efectivosi.com.ar
705272,energofish.hu
705274,exist.kz
705281,evmak.net
705297,eytsoft.com
705316,emile.nl
705377,erastogaertner.com.br
705402,elitegamblenetwork.com
705409,edgemadness.xyz
705420,eric-elien.bzh
705483,envoyer-des-fleurs.fr
705502,eventsfy.com
705508,etechja.com
705630,eco-logisch.nl
705669,exclusivetravel.co
705670,enanpege.com.br
705684,elementsolutionsinc.com
705699,e2-4.dev
705702,echecsemail.com
705721,elevengo.ru
705754,ehd.es
705834,espressocafe.ro
705836,exoticfloordiscounts.com
705884,estatewinkel.nl
705898,esquerdaonline.com.br
705916,elpuentecomercial.com
705971,everythingfabric.com.au
705977,emojikeyboard.org
706041,electrictung.com
706066,eyedocs.co.uk
706069,eeve.com
706132,einschalten.in
706144,edinobike.com
706157,eroero.one
706186,excessclaimtest.co.uk
706305,everydaywonders.co.uk
706333,echocasino.ca
706342,eddom.org
706368,eldeforma.com
706379,exercere.com
706526,eeboo.com
706551,eliteelevators.com
706574,elpradopsicologos.es
706577,eprepstation.com
706579,epicpix.dev
706601,explorehockinghills.com
706619,ege.fr
706623,eorif.com
706686,eclaimsworkflow.com
706699,e-mechatronics.com
706703,e-connection.ru
706725,euphoria18.online
706776,etss.net
706861,eatout.ru
706867,elsandoval.sk
706919,edgebyks.com
706940,eufimar.eu
706952,exonline.com.br
706985,e-oki.net
707015,editoradialetica.com
707038,echoroom.ca
707140,expian.io
707151,elvium.com
707160,echolon.cloud
707193,e-exercises.com
707219,elbe-pilot.de
707246,e-kellys.com
707277,effortel-tech.com
707315,euvidx.com
707316,everyonedate.com
707317,evisu.jp
707415,eqwa.ru
707419,econyl.com
707435,ellementohost.com.br
707478,esperi.fi
707499,energytheory.com
707545,esdelatino.com
707590,espressoapp.com
707614,envisionittech.com
707625,elektrodesign.cz
707746,ethosenergy.com
707751,expandfurniture.com
707769,earthquakes.zone
707787,eliovence.com
707808,eloquens.com
707831,essemundoenosso.com.br
707868,espacioblog.com
707870,evebathurst.com.au
707878,ersenergy.com
707886,estargroup.it
707894,ebible.app
707903,ehuniversity.lt
707929,elportaldelmovil.com
707946,eibabo.cz
707960,enekoshop.jp
708038,endstream.net
708059,elitetrader.ru
708115,espritscholen.nl
708140,eis.co.za
708175,em.dk
708185,elexis.group
708213,enni.space
708238,e2-2.dev
708262,enneagramuniverse.com
708301,elixirimmobilier.com
708310,emel.my
708327,engetapps.online
708342,epipen.com
708370,esrt.online
708416,essayservicehelp.com
708465,eloking.com
708480,everythinginoneblog.co.uk
708508,expertouniversitario.es
708517,eromotors.com
708589,edwardsclan.net
708601,eliteprosports.co.uk
708674,er4uecom.in
708676,encompasstech.com
708702,engel-kunst.com
708712,eua103-3715.com.br
708716,ezmaro.com
708751,esthenos.com
708759,electronicarea.net
708761,e36club.ru
708814,enclustra.com
708824,ebpnovin.com
708838,e6o9t4x.com
708898,europechess.org
708974,evidencepartners.com
709023,ebtictic.com
709034,elitenailsnewbraunfel.com
709035,e-zpue.com
709039,easyuni.com
709090,eusd.org
709098,endler.dev
709156,etvirtualworlds.com
709192,essaouirakite.com
709240,earnmoneyadsense.com
709276,ewc.co.nz
709302,eggswiki.site
709306,experlogix.com
709389,ecooling.net
709771,e-health.gov.az
709772,e-naturessunshine.com
709773,e-obuwniczy.pl
709774,e-timberland.pl
709775,eaica.eu
709776,earningdigital.org
709777,eassessorpro.co.uk
709778,eclipsestores.com
709779,ecolectura.cl
709780,ecoportatil.es
709781,ecoremates.com
709782,ecscore.net
709783,edenboutique.ro
709784,editorafundamento.com.br
709785,edona.com.br
709786,edotcogroup.com
709787,education.gov.mr
709788,edumap.az
709789,edupluscampus.com
709790,efgroup.ca
709791,egamotomarket.com
709792,ekokoza.cz
709793,eldigitaldecuenca.com
709794,electrisa.com
709795,electrohold.bg
709796,electrooutlet.com.ar
709797,elefantszerszam.hu
709798,elektrostar.rs
709799,elektroweb.pl
709800,elemanuzmani.com
709801,elementa.rs
709802,eletrorastro.com.br
709803,elitefootballstore.com
709804,eliteoficial.com
709805,ellector.com.py
709806,eminonuboncuk.com
709807,emiratesoud.co.uk
709808,empethy.it
709809,empirescort.com.co
709810,enac.cl
709811,endorphinrepublic.cz
709812,englishturbo.com
709813,enkasa.pe
709814,eorak.hu
709815,epainfo.pl
709816,epitoanyag.hu
709817,equip.pl
709818,erbanotizie.com
709819,ereceita.net.br
709820,ergeon.in
709821,erikafashion.sk
709822,erokrad.top
709823,esans.com.tr
709824,esaschicas.com
709825,estoupreparado.com.br
709826,eta.sk
709827,eticacap.com
709828,etiqa.com
709829,etutun.ro
709830,euroansa.it
709831,euroflora.it
709832,euviemlinhares.net
709833,evadywaniki.pl
709834,evenimentulmuscelean.ro
709835,evershinecpa.com
709836,evienne.fr
709837,evolui.com
709838,exanak.am
709839,exiledrebelsscanlations.com
709840,exotictext.com
709841,explosaotricolor.com.br
709842,extraswiecie.pl
709843,ezobooks.in
710822,etus.io
710826,enjoytool.com
710835,edcardaruba.aw
710851,exploreonlinebd.net
710857,estiapro.online
710887,e-dkt.co.jp
710907,elegantflooring.ca
710916,emiliawickstead.com
710926,esims.io
710950,evebk.com
710985,evalue8.nl
710993,ecam.com
711042,epress.it
711068,exor.com
711120,environmentalpaper.org
711138,ecalc.ru
711190,e-trade-center.com
711232,elkmp.co.uk
711245,engieimpact.com
711256,eathouse.nl
711268,ecotable.fr
711281,espchat.com
711306,ebuha.cc
711325,ennemitonnerre.fr
711333,electricvehiclecouncil.com.au
711354,energy-models.com
711362,everyhit.com
711383,en.com
711405,e-woodproducts.com
711415,everythingbranded.co.uk
711454,espanso.org
711461,earlybird.com
711499,ensigngroup.net
711524,evt.live
711532,emeralddowns.com
711542,ecinteractive.com
711558,elitecorenestzone.nl
711595,e-healthcare.de
711618,elkhart.coop
711672,ecolo.org
711718,expresrozhled.cz
711766,eliteslotshouse.com
711786,emojiguide.org
711841,ergowear.com
711850,education.saga.jp
711863,enconvo.co.uk
711874,exowatts.com
711914,eranda.jp
711953,expr.net
711970,enalic.com.br
712086,emec.su
712177,erenow.org
712247,europe-re.com
712257,edudoro.eu
712280,exportsmartchain.com
712281,espaciosweb.net
712312,easytalkweb.nl
712332,ezag.com
712334,ealdormere.ca
712361,ehindustan.com
712409,escala.app
712419,elupass.com
712430,energychamber.org
712486,e-act.nl
712509,erivolos.com
712545,e-kolo.pl
712588,eclipsed.top
712627,eforosh.com
712673,emulatorjs.online
712685,essabilisim.com
712711,eazypc.in
712725,epicjackpotclub.nl
712728,elming.net
712742,elastika-online.gr
712744,european-aerosols.com
712769,eventium.io
712805,elht.nhs.uk
712806,entrepreneurindia.com
712809,era.web.tr
712881,elvisflorida.org
712897,estanciaelcaney.com
712916,eftsure.com
712950,e-extension.gov.ph
712978,extralife.cz
713000,elektro.net
713003,esmax.cl
713038,e-meitetsu.com
713062,enthusiastgaming.com
713175,euroleague.tv
713197,echoview.cz
713201,eco-pro.com
713211,evosportsfuel.de
713215,environmentalchemistry.com
713233,evantaffy.com
713247,elektropraktiker.de
713275,ehentertainment.ca
713277,echoraid.co.uk
713339,eprocode.com
713351,ezyye.com
713368,evnom.com
713443,eatframework.com
713547,emporiodiantonio.com
713584,epiccasinoplus.com
713621,epn.org
713763,eibach.de
713824,epaperpress.com
713839,erpium.com
713851,eaststaffsbc.gov.uk
713864,exeterchiefs.co.uk
713875,e-a.casino
713882,efinancialmodels.com
713884,eservicecart.net
713918,egcsd.org
713929,exo3.de
713956,extajg.com
713974,elago.com
713984,euroqol.org
714010,ersatzteile-honda.de
714039,extdns.de
714051,essentialbaby.com.au
714116,elaleph.com
714146,ebearing.com.ua
714147,etech.pw
714226,e-esupply.com
714227,equifaxengage.com
714228,erie-roofing.com
714229,erie-waterproofing.com
714230,eriehome.org
714231,eriehomeroof.com
714232,erieroofs.com
714233,eulabs.com.br
714234,evicertia.net
714355,easybit.rocks
714356,erhardt-ahnen.de
714357,escuelasdechile.com
714443,expressmind.co.uk
714484,elections.nz
714491,eurambeen.com.au
714496,eabel.com
714523,ersagglobal.de
714565,ezcomez.com
714622,eshopgamou.gr
714652,ebfr.de
714681,era-almaty.kz
714709,energy.go.th
714711,euroshop.de
714738,ek-leipzig.de
714740,edualf.com
714764,ezireturns.com
714768,echobritmedia.co.uk
714786,elsalvador.travel
714812,empirehomes.com
714824,eagent.hu
714850,everledger.io
714874,elm327rus.ru
714894,e-onsoftware.com
714923,expertbasehub.nl
714928,ezyang.com
715003,exit-planning-institute.org
715030,eraga.net
715033,emersonknives.com
715039,ezinspections.com
715067,english-at-home.com
715153,efundraisingconnections.com
715179,elitecoresolutions.co.uk
715197,elitedeckspreadmax.com
715268,emilyprogram.com
715338,essensys.tech
715424,erstenachhilfe.de
715427,educacao.rs.gov.br
715449,everandever.com
715452,efjapan.co.jp
715549,elearningsoftware.ro
715562,edgespot.net
715577,ecarup.com
715614,engineersguide.jp
715654,educaltai.ru
715655,expansioneggnog.com
715675,etp-avtodor.ru
715678,edinburgh.nl
715687,eventpro360.com
715695,eurobitmedia.com
715820,entapark.jp
715825,evus.gov
715842,edmontonveter.ca
715848,elementaryschooloftheunitedstates.xyz
715862,emmagives.com
715912,ethenelotoses.com
715920,essentialsmagazine.net.au
715945,enelt.pro
716007,ethirrorethday.com
716027,e43mv.com
716050,euroscicon.com
716130,ecoppia.com
716185,educationindex.com
716187,emdat.com
716188,eletronorte.gov.br
716193,era.org.uk
716252,ehotel.de
716281,enterclouds.com
716304,etoshanationalpark.org
716373,eps-50.com
716408,ecompleto.com.br
716421,esj.com
716492,ebizmark.id
716493,ecoserrano.com.br
716494,efarby.sk
716495,egeseramik.com
716496,elcucodigital.com
716497,els-nursingskills.kr
716498,euroskateshop.es
716499,eurotransportcar.com
716500,eventamovil.mx
716501,examgoal.com
716502,ezmax.com
716684,e-mobipower.co.jp
716691,endungen.de
716697,epicpayoutonline.nl
716708,entameclip.com
716723,efl.com.fj
716773,eliveragroup.co.uk
716786,ecoleducasse.com
716827,eastcoastappliance.com
716899,edtechagency.net
717001,enetpulse.com
717006,elhakika.info
717030,epw.qld.gov.au
717032,everestlodgelukla.com
717038,eapn.es
717082,ew855login.net
717103,everydesignersru.com
717106,elev8live.blog
717122,edw.ru
717167,export.org.au
717172,easy-mo.ru
717196,escotechnologies.com
717240,enrad.se
717266,epicmafia.com
717271,e-misora.net
717373,easyfang.com
717412,euskalit.net
717442,elcapitantheatre.com
717445,encyclopediadubuque.org
717505,earn7.net
717523,eloquentechoes.co.uk
717534,exklusiv-fliesen-shop.de
717551,ejendals.com
717621,easyviajar.com
717628,engravedrinks.com
717633,elperiodic.ad
717645,ent-en.com
717649,eporno.xyz
717689,esdivertido.com
717715,evergreenfacilitysolutions.com
717762,emersonkent.com
717765,e-reading-lib.org
717779,eatbeautiful.net
717794,enduroequipment.com
717824,electricteeth.com
717837,equilibriovisual.com.mx
717840,eljokar.com
717894,electricstuff.co.uk
717912,eliteguidezone.nl
717984,energizect.com
718036,erinlaneestate.com
718114,eweb.ai
718150,experienceegypt.eg
718175,englishsummary.com
718190,e-dazz.gr
718205,eepybird.com
718265,eaeprogramas.es
718283,emergingmediapartner.in
718306,edgenet.net
718372,earnhub.net
718387,easymoneyslots.com
718405,ehion.com
718450,espace-bonbon.fr
718479,e-sc.ru
718485,easyms.co.kr
718487,enuygunbakici.com
718506,elrow.com
718539,easy-connect.io
718580,ethrai.sa
718658,evidenceexplained.com
718670,endcoal.org
718680,esse3-medical.com
718695,eboots.co.uk
718696,elitepalacedaily.com
718760,eltrabajo.cl
718770,emmanoah.de
718809,evd54.com
718862,elitefortunezone.nl
718894,escalate.com
718907,elitliga.pl
719032,etalon-vert.com
719076,eternitylaw.com
719084,eatbobos.com
719110,e-notabene.ru
719142,eveningtribune.co.uk
719154,eservices.gov.ss
719177,epiccasinodaily.com
719192,educationalinsights.com
719193,everwellbenefits.com
719223,exactly.ai
719232,evoindia.com
719235,egykor.hu
719321,egoism.jp
719337,emarketstorage.it
719346,elementiumgroup.com
719390,echohealthinc.com
719445,effectiveagents.com
719463,euroweb.net
719497,ejsmall.com
719579,ethicsalarms.com
719585,eru.cz
719607,ezpaytechs.com
719634,eltorito.com
719644,erocom.tv
719743,exonerationregistry.org
719790,eenpunt.nl
719876,elembio.io
719942,equalpayday.de
719965,esunam.com
719978,e-news.com.ua
719990,ennonline.net
719997,expertclick.com
720162,eibar.eus
720216,ebalnik.net
720235,energizeworld.fr
720269,expertisefinder.com
720290,eoc.gov.pk
720292,elevatex.app
720307,equiinet.com
720364,espaceculturelgr.eu
720379,easycarparts.be
720384,ezparts.eu
720417,epublish.co.za
720420,emdbms.com
720442,eleos.pro
720479,editionspixnlove.com
720480,examedge.com
720527,editpadlite.com
720535,ensembles.org
720549,echodigital.uk
720561,edutubebd.com
720593,explorerspassage.com
720687,elephas.app
720756,engineeringmanagementinstitute.org
720771,espoma.com
720815,easydev9for.online
720816,echoglobalmedia.co.uk
720831,eggplant.place
720846,env7.biz
720903,e-bookshelf.ch
720918,elevatus.io
720935,ethcc.io
720984,expressionmed.com
720998,easy4engine.com
721008,encryptomatic.com
721027,epdfkitap.com
721061,econnex.com.au
721141,esschertdesign.com
721160,evolveresources.co.uk
721178,eu-inventivehosting.com
721182,eco-tag.jp
721193,exploringperutours.com
721213,erikbern.com
721214,eti.de
721226,equis-mart.com
721251,efag.com
721252,eyepegasus.com
721257,exqui.ru
721316,europeanviolins.eu
721329,efekt.net.pl
721337,egmedi.com
721369,eztv.it
721371,ems-tools.jp
721457,ero-tits.com
721468,ent-2014.kz
721503,expoagrofuturo.com
721521,exofallback.net
721524,eisenherz-lexikon.de
721549,en1ht8ec.com
721566,explorefledge.com
721580,eagirls.com
721631,eagleroofingwallsystems.com
721674,edinstvo.by
721683,e-edu.uz
721707,eesti.ca
721732,easyshop.com.tw
721746,eucalyptus.com
721748,eurofinseu.com
721836,experiencetravelgroup.com
721844,epbih.ba
721857,eluxury.com
721887,e-polish.eu
721897,essa.org.au
721954,embs.com
721999,eturnity.io
722017,executiveadvertising.com
722018,eva-air.com.vn
722095,evipscloud.com
722113,ecommerceconf.kz
722141,extremelyfast.host
722143,exi-elahe.store
722185,educacioncontinua-abm.com.mx
722218,evulid.cc
722239,europages.nl
722293,emtcontent.com
722305,earlbfeiden.com
722308,ekskluziva.ba
722322,eomail7.com
722346,ensimag.fr
722356,everycar.jp
722361,elmomento.mx
722392,e-flux.nl
722418,edenmoor.com
722421,epic7x.com
722428,exchange-mobile-center.com
722429,evs49.com
722434,ednet.jp
722468,esportscontrol.de
722490,eznews.cn
722506,ekvis.com
722536,efigip.org
722545,electroniccomponentdistribution.com
722559,eolasmagazine.ie
722604,edgetms.com
722640,easterntribunal.com
722643,e2v.com
722646,e-notary.ru
722651,etherelysium.com
722700,eko7.net
722703,e-werk.de
722720,enbaccdn.com
722730,etisalat-africa.net
722750,easyhost.bg
722761,eventplanner.be
722771,elopub.com
722883,etuddz.com
722969,enfietsen.nl
722972,elrha.org
722981,eyeofhorus-free-play.top
722986,elevatezonepath.fr
723010,ephemeralthoughts.com
723021,eichlernetwork.com
723081,enterspeed.com
723095,estates21.com
723112,epratibha.net
723146,elcarnicero.cl
723148,euirc.net
723206,epochtimes.it
723208,elitetv.mx
723292,e-rec123.jp
723303,evsr.com
723324,ensci.com
723328,etran-rzd.ru
723426,eventbank.com
723465,ewe.at
723490,ekaoyx.com
723532,ebisusbay.com
723610,evxl.co
723613,explore.fr
723642,efet.gr
723654,eurocris.org
723683,eduhr.ro
723732,eprd.de
723757,enzxitpg.cc
723769,empireautomation.de
723795,elected.cc
723857,ero-manga-platinum.net
723859,entrupy-internal.com
723883,elmosa.lv
723950,eddies.com
723956,emprosnet.gr
723996,emcap.com
724015,el-market.pro
724036,etteplan.com
724056,elitecoreworld.co.uk
724098,errenteria.eus
724136,eskisehirreklam.com.tr
724158,ellaclaireinspired.com
724180,eeschenck.com
724197,ehu.lt
724208,envawebstudios.com
724230,erraticbits.ca
724269,e-stewards.org
724279,eibabo.dk
724314,editingtools.io
724319,eastbourneauction.com
724364,enature.net
724434,egi.co.uk
724447,erasca.com
724468,etc-network.info
724525,egeeulen.de
724528,escutismo.pt
724534,ewidi1bnc.com
724590,economicsecond.com
724611,energizegrowthzone.fr
724781,estatet.ru
724810,ems-ce.com
724822,elegantlighting.com
724838,elr.info
724859,examsbook.com
724917,empiredatatech.com
724932,efinity.rs
724951,egybest.download
725021,echospace.nl
725067,erights.org
725079,elephantsql.com
725106,e9e92d9c.shop
725149,eosinc.com
725172,erbaosite.com
725176,europesegoudstandaard.be
725198,exida.com
725253,erciyes.com
725310,eutron.es
725318,espghan.org
725333,emploiburkina.com
725339,egu.lt
725346,ex18.ru
725353,economicpost.co.kr
725370,elementbrooklyn.com
725400,expressplanet.ru
725401,erokomiksix.lat
725402,edresearch.edu.au
725429,easynetworkguide.nl
725432,eurosptp.com
725452,easyhomehaarlem.nl
725453,evolveyouapi.com
725469,englishmartyrs.co.uk
725515,e-battery.ru
725524,elluis.com
725560,eauclairewi.gov
725625,epicparlayx.com
725629,evancamp.com
725631,esmart.com.bd
725654,energycontrol.org
725733,equijay.com
725747,eduvarta.com
725768,essenseurope.kz
725777,ekorolev.ru
725780,emsesizdirmazlik.com
725810,eficentrum.com
725857,easyscienceforkids.com
725863,ekasal.com
725868,elitehubnetwork.nl
725873,escdental.ru
725875,enter.de
725881,exoikonomo2023.gov.gr
725888,enjoygaming.live
725927,electrihub.in
725964,edominacy.com
726014,elektricheskie-rulonnye-shtory90.ru
726057,examcare.org
726084,emsindia.com
726100,elodge.com.br
726108,enolvadex.online
726142,espritoriental.fr
726180,endro-cosmetiques.com
726198,entpe.fr
726200,enterprisedomains.com
726217,etoneprosto.ru
726248,evolvelink.co.uk
726263,eepf.gr
726756,e-factura.net
726757,e-jagriti.gov.in
726758,e-lenovo.gr
726759,e-office.cloud
726760,e-taneya.com
726761,e4t.com.br
726762,e78bc01q.com
726763,easyme.biz
726764,easyrapport.nl
726765,ebjournal.com
726766,ecasals.net
726767,eclipse.edu.au
726768,ecostorecom.jp
726769,ecta.com.br
726770,ed-sor.com
726771,ediser.com
726772,edmwaves.org
726773,educasystem.com.br
726774,edufacil.cl
726775,efo1wn3u.com
726776,eightstore.id
726777,elarenal.com.gt
726778,elbapress.it
726779,eldex.co.kr
726780,electricityregistry.co.nz
726781,electronica.com.ve
726782,elevete.com.my
726783,elportaldelmediador.com
726784,elyndi.com
726785,elzero.org
726786,embraportonline.com.br
726787,empleonuevo.com
726788,emprenderjuntos.gob.ve
726789,enfa.co.id
726790,englishiseasy.ru
726791,enthuno-mori.com
726792,enviei.me
726793,eojogodobicho.com
726794,epfsme.rio
726795,epixmarine.ro
726796,equipepositiva.com
726797,ergalia.gr
726798,escoladepessoas.com.br
726799,escoladominical.com.br
726800,esnfs.com.br
726801,espabox.com
726802,espaciobanorte.com
726803,essl.kr
726804,esteelauder.com.mx
726805,estudarparaoab.com.br
726806,eszyby.pl
726807,etaktik.cz
726808,etdbm.mn
726809,etruscagioielli.com
726810,euroskateshop.pl
726811,eurotehnikamn.me
726812,evelintextile.ro
726813,evita-amenzi.ro
726814,evorasp.com.br
726815,exantria.com
726816,extendedforms.io
727961,excelined.org
727986,elcampeon.com.pa
728025,entrepreneurs-journey.com
728094,ebonyfreetube.com
728172,epa.ee
728191,entomelloso.com
728227,evia.de
728279,empmuseum.org
728293,energystorage.org
728302,exesio.gr
728315,edynamiclearning.com
728344,esb-online.com
728354,eyudynw.cn
728358,esmeyer-shop.de
728370,enetnube.com
728373,electroalyans.com.ua
728390,essayroo.com
728410,eraporntube.com
728431,etw-wilhelmshaven.de
728494,evaskyshop.com
728498,elitegamingonline.nl
728499,ebaptisthealthcare.org
728501,eduscapes.com
728511,echooparts.com
728519,ecomstar.co
728593,easypay.pt
728702,ersatzteile-motorrad-honda.ch
728713,explorecanmore.ca
728745,edmcouncil.org
728807,enc-dic.com
728863,eprocurement.gov.tj
728877,elitewritings.com
728960,eefcdn.com
728993,esf-kg.com
728996,eexpress.jp
729033,ebacon.com
729046,engagor.com
729227,e-karimoku.com
729239,eqbal.ac.ir
729282,etinbulle.com
729317,emove360.com
729321,esvbible.org
729328,eventfaqs.com
729382,edusites.co.uk
729387,explodinggradients.com
729394,emstv.de
729459,electricforest.com
729492,ejot.com
729502,elitehubonline.nl
729551,engelnetze.com
729567,emoranz.cfd
729570,enwubook.com
729592,efbetkazino.com
729593,ehgreen.ca
729604,evensexvideos.com
729638,emailsanta.com
729650,eagle.fishing
729684,eticketablanca.com
729718,enginakyurt.com
729747,enorm-magazin.de
729759,ekonatural.com.br
729826,epicarenapro.com
729831,energie-partagee.org
729854,elitemaxmedia.com
729855,etlehti.fi
729858,evs18.com
729883,enlefko.fm
729979,ezesoftcloud.com
729986,eshop-live.com
730004,ergosolo.ru
730012,extendedstayhotels.com
730049,eaebarcelona.com
730080,eea.eu.int
730090,electricfutureuk.co.uk
730106,energothemes.com
730121,engelsgroup.com
730141,enerpred.com
730150,exflow.cloud
730160,elitegloballinebase.nl
730235,ednyangroup.com
730252,evoapicloud.com
730328,eighteen25.com
730363,euromasterbg.com
730385,escoladeformacao.sp.gov.br
730407,equatorinitiative.org
730473,eilandennieuws.nl
730484,ethicsolutions.com
730495,ekhfuhiw.cc
730518,e-joburg.org.za
730522,explorealtai.com
730540,environmentaltest-chamber.com
730544,eron.kz
730550,erran.eus
730603,ero-video.fun
730608,exoticblanks.com
730616,eop.gr
730733,etawagen.com
730744,enhance.com
730756,essbfybm.cc
730773,eaur.ac.rw
730791,econinfosec.org
730797,ecartearmures.cyou
730871,earnne.com
730896,earthlymission.com
730909,elementalstory.com
730941,eham.ru
730967,elogic.co
731021,elitefutureforgehub.nl
731040,essentialhome.eu
731065,ecumaster.com
731102,eirgrid.ie
731141,evdatamirror.com
731144,eatcs.org
731194,esopassociation.org
731210,ecomic-app.com
731223,eplanux.de
731229,eracin.net
731251,eastonsun.com
731267,elvori.com
731269,ezgame.su
731274,electrodunas.com
731275,elib.my
731306,eecue.com
731313,easytoys.fr
731316,e-remiza.pl
731318,eklohotels.com
731391,essenzi.com
731410,epfioggfy.cc
731429,experimenteausmeinerkueche.de
731435,elitecoreonline.co.uk
731449,e-ditionsbyfry.com
731551,eigroup.biz
731567,etiantenna.net
731673,encyclopediadramatica.se
731683,expressivemindblog.co.uk
731712,elyswimbledon.co.uk
731741,elitemegavictorybase.nl
731784,expressy.co.in
731813,e-maruman.co.jp
731861,elsekdqx.bond
731862,ergqmcommercial.bond
731863,expectfpzk.bond
731864,explainjplz.bond
731865,eyzlzcarry.bond
731958,eliotsofporteliot.com
731997,emociondeportiva.com
732016,entrustsol.com
732051,endearhq.com
732106,encorelosangeles.com
732110,eenvoudigfactureren.be
732197,envoytipline.co.uk
732224,echoculture.fr
732245,enova.pl
732261,ecrlib.org
732305,exbapp.com
732310,e-tserpelis.com
732357,ekinkitap.com
732394,eventtracker.com
732456,euro-industry.com
732458,elveguiden.no
732474,exomenu.ru
732476,ejo-online.eu
732479,encheres-domaine.gouv.fr
732491,edocs.ie
732544,eliteguidegroup.nl
732592,epsilonyayinevi.com
732596,easycash777.com
732666,examomentor.in
732691,emiliopucci.com
732703,educol.net
732745,eta.co.at
732782,esellers.ne.kr
732794,exner-collection.de
732821,ensemblebuzz.co.uk
732891,easyxxxporn.pro
732912,eof.center
732937,eljueves.es
732985,engineeringnz.org
733057,editotosiap.com
733129,epoxywinkel.nl
733146,easycoinpay.com
733151,eyetronic.ru
733178,endsight.net
733198,escolar.net
733209,everydayobject.us
733215,eshopy.in
733238,ecommerce-templates.info
733305,eg.dk
733339,espis.de
733340,econriver.com
733394,educationaladvocates.com
733476,ensign.edu
733487,englishpath.com
733564,expresskitchens.com
733588,equitasbank.com
733592,emeraldchat.chat
733597,energy-news.co.kr
733600,easyadvocacy.com
733611,exceptionaldates.net
733699,eheibang.net
733707,edgewood.com
733713,ebalend.link
733714,eggoptical.com
733719,ecosure.com
733865,emova.com.ar
733892,esignflow.be
733917,elakolije.rs
733948,elearning-ministerioshebron.com
733966,extrachill.com
734031,elephantfloors.shop
734037,eldenring.jp
734038,ett-online.de
734052,eforum.com
734090,e-osgo.uz
734092,easystore.link
734107,educationinireland.com
734119,elitesystemsweb.nl
734182,eboxdigital.com.br
734183,edilpiazza.com
734184,educapanama.edu.pa
734185,elfvaping.com
734186,emsampa.com.br
734235,errors-seeds.com.ua
734265,envoyindex.co.uk
734322,energen.com.ar
734338,eporcha.tech
734392,ergeon.com
734395,elixir360.us
734398,elitehrv.com
734426,eclass.com
734512,epcplc.com
734530,egreenwatch.nic.in
734534,evapolar.com
734596,eyeota.com
734623,exncdn.com
734658,eric-rowe.com
734676,emiyabiru.com
734704,educacionrionegro.edu.ar
734714,evolvegames.co.uk
734748,eliteigaming.ca
734797,ecu360.com
734805,etctechcloud.com
734836,easysurf.cc
734857,evaniosjobs.com
734878,escueladeescritores.com
734886,enekasbonab.ir
734897,ezlink.on.ca
734973,ego-gw.it
734999,editorialamc.com
735077,eemsdelta.nl
735114,eea.gr
735152,epaperlokmat.in
735388,elog-ch.org
735419,elektormagazine.de
735454,eaparts.gr
735492,elephare.site
735494,ezpassnh.com
735495,e21.com
735516,esa-letter.com
735571,easyprovide.net
735577,eye.net
735580,easynotecards.com
735588,eldoradoparken.nl
735596,epitomegame.com
735688,educationplanetonline.com
735750,ef-it.nl
735801,erzincan.bel.tr
735864,erkenhosting.net
735866,egpuganda.go.ug
735870,erugame.ru
735877,easy-pharmacy.gr
735881,evr.ee
735909,evenium.com
735949,entorndns.net
735953,ecclix.com
736033,eventfrontier.com
736034,evaagent.com
736065,eva-herman.net
736083,eagereel.com
736124,espnsiouxfalls.com
736133,e-mj.com
736205,ecome.pro
736245,essentialparfums.com
736247,escortspots.com
736248,edge-ext.com
736252,evolutionfresh.com
736277,ewscloudhost.com
736307,excluzive.net
736319,ensta-bretagne.fr
736339,ekikore.com
736352,e-yoyaku.jp
736395,eti.at
736398,europeanjournaloftaxonomy.eu
736416,export-base.ru
736417,elektra-lite.com
736440,efmd.org
736472,e-panagrotiki.gr
736516,eva-stuttgart.de
736533,e-mesara.gr
736538,e-abclearning.com
736594,extorya.com
736601,embryolisse.fr
736649,effervescentephemera.space
736669,eurobits.es
736675,ecgpedia.org
736710,ecfaccess.net
736724,ebaynyc.com
736735,eldirectorio.co
736762,eighthdaybooks.com
736817,eslbase.com
736836,enduranceonline.it
736843,ecr.edu.co
736869,erfanhalghehacademy.com
737165,e-altsest.com
737166,easypara.com
737167,ebaomonthly.com
737168,ebooksyard.com
737169,ecoastauto.com
737170,ecredit.md
737171,edel-optics.cz
737172,edisoncareers.com
737173,efast.fr
737174,efiltry.pl
737175,egssistemas.com.br
737176,electroomega.com.do
737177,elensport.pl
737178,elevor.cloud
737179,elife.com.br
737180,elindependiente.mx
737181,elink.ai
737182,ellibrero.com
737183,elsatis.fr
737184,emartwayskincare.com.bd
737185,emccamp.com.br
737186,emitte.com.br
737187,empresasmaggi.com.br
737188,eparhija.com
737189,epop.my
737190,equals.com.br
737191,eroboom.org
737192,erovenus.com
737193,eskala.com.br
737194,esolution.com.br
737195,etronixcenter.com
737196,europlatform.pl
737197,euroskateshop.ch
737198,evitalrx.in
737199,evolutionfunding.com
737200,evotrix.com.br
737201,eximus-data.com
737202,exprezo.com.mx
737203,extrabat.com
737204,eyemobile.com.br
737205,ez-net.co.kr
737206,ezdrp.gov.pl
738000,er2imgs.com
738006,eigenbaukombinat.de
738090,ewstudio.ro
738100,edu.bydgoszcz.pl
738137,erafn.dev
738151,earthworksaction.org
738180,europrofil.rs
738181,externalip.com
738206,emisoras.tv
738217,encodehost.xyz
738280,energizepath.fr
738287,echelontravel.co.uk
738351,ektatv.com.ua
738353,epa.vic.gov.au
738367,earthroamer.com
738388,enchambered.com
738405,edupro.org
738443,earthli.com
738456,ecoop.or.kr
738497,enzian.org
738506,epropulsion.com
738517,eurom.nl
738543,elterngeld.net
738546,ecotvpanama.com
738547,easternweavers.com
738648,ehcanadatravel.com
738692,europeansociology.org
738706,edalux.com
738741,earcentric.com
738748,eventsist.com
738752,eve-fej.site
738795,evchargingstations.com
738801,ecocampor.com
738859,evergreen-logistics.com
738935,enclarapharmacia.com
738947,erasmushogeschool.be
738997,elzmannews.com
739021,eplass.de
739042,eowilsonfoundation.org
739058,eliteglobalstreamspace.nl
739064,eds-sib.ru
739186,electrabd.com
739215,espiritorebelde.pt
739217,elitefitnesschoice.nl
739295,ewsad.net
739328,expressone.ba
739338,edkeditore.it
739375,easyagentpro.com
739385,elevonzone.co.uk
739404,envisionhosting.co.uk
739428,eyeride.io
739430,eosc.eu
739449,echoesofinsight.co.uk
739463,eroro.com
739468,eparts.kiev.ua
739482,eeeguide.com
739498,ezrankings.org
739532,elmarco.sk
739576,elhamedmedical.com
739617,eklix.rs
739620,educationpartners.com
739631,equip-auto83.fr
739633,expansiveaviation.com
739698,ejs.co
739735,elbitamerica.com
739751,esther.com.au
739784,empressworld.co.uk
739890,easyjournal.com
739915,evadesigned.com
739954,ehompy.co.kr
739971,elfec.com
740006,earthdaily.com
740072,eurobankefg.rs
740096,electriclife.gr
740129,euronogomet.com
740161,ec-line.ru
740190,elternleben.de
740229,ecwebportal.com
740252,eternallybored.org
740266,edicolamanager.it
740278,empathybroker.com
740285,ebonygirlsnude.com
740297,eurogamer.it
740318,econviene.it
740332,emsi.ge
740357,elitesmm.com
740362,elitespinclub.nl
740387,eafit.com
740415,ehextra.com
740420,espi.com
740422,eb.dk
740444,esch.lu
740445,euromince.sk
740448,e-kartki.net.pl
740467,egloshop.com
740523,enjoywithcoffee.com
740539,ebookoz.net
740583,euro-petrole.com
740591,etechamila.lk
740628,esportelandia.com.br
740648,es.def.br
740673,eigver.it
740690,e-compendium.be
740710,eldarya.fr
740726,ehportal.ca
740793,elklink.com
740809,ebet.co.zm
740871,eatntrack.ro
740924,eh-freiburg.de
741043,erstrategies.org
741050,entrepreneurship.de
741055,erosstar.sk
741062,evl.de
741079,etaplighting.com
741087,essonne.gouv.fr
741101,echobit.co.uk
741105,esddb.ro
741132,easymbill.com
741139,edreports.org
741155,easycloud.digital
741204,einvoice.com.tw
741207,evtinozlato.com
741208,ed-info.de
741209,eliteschubi.name
741311,eef.or.th
741315,espaciologopedico.com
741359,engrxiv.org
741380,easydeploy.net
741433,everybodysmile.co.uk
741437,encrypt-belvabrowser.com
741450,explorerhop.com
741486,entrupy.com
741487,echelonfront.com
741515,elandroidelibre.com
741520,e-trust.com.br
741567,e-tutungerie.ro
741568,eclit.com
741621,excentos.com
741636,eminonutoptanticaret.com
741644,emmyjaneboutique.com
741663,ertheo.com
741666,erampark.ir
741674,ermitage.jp
741677,easydata.pt
741708,elevonworld.co.uk
741729,economyserviceparts.gr
741792,encore.org
741801,europa3.com
741832,euphoria.eu
741835,etaloni.ge
741836,entryexpress.net
741926,ekupi.mk
741941,entsorgo.de
741976,eunoc.net
741978,eltube.gr
742014,e-logrev.go.ug
742020,enayadiganta.com
742026,ensenadahoy.com
742049,emopp.com
742052,eatinglate.com
742056,elitespacehub.nl
742063,electronics-cooling.com
742087,elitespinguide.nl
742108,emibin.com
742115,evxonline.com
742122,efdelivery.com
742162,expertspaceexpress.nl
742195,edukitinc.com
742223,exsysplatform.com
742253,eldermanga.com
742279,ecommande.fr
742311,escreengo.com
742347,eperformax.com
742349,essilor-pro.com
742368,elsdetai.com
742400,exialoe.es
742415,empregoeeconomia.com
742419,epitome-rs.com
742472,expresfm.cz
742475,ebiano.com
742481,e-imzatr.com.tr
742542,eebxx.com
742556,elisdesign.cz
742575,erponweb.com.mx
742591,effektlageret.dk
742614,ezenana.com
742645,evangelizacion.org.mx
742666,etnatrasporti.it
742670,earlyinterventiondata.org
742688,edenge.com.tr
742698,expatlegalwills.com
742765,erokrad.cc
742782,eventsandadventures.com
742825,elizabethtowngas.com
742866,eurotools.ua
742878,ethicstechnology.net
742957,edutarget.ru
742966,e-st.lv
742993,eon-hungaria.com
743020,electriclab.app
743028,electricalworld.com
743039,eveningdispatch.co.uk
743045,eaglecu.org
743061,ehrsgroup.com
743098,ecoalliance.ru
743136,emol.org
743153,ecomposer.io
743158,escinsight.com
743174,eon-highspeed.com
743264,elitecoreconnect.co.uk
743289,env.media
743314,e-lubawa.pl
743331,ebeijing.gov.cn
743332,ebikesupershop.com
743338,echosmartblog.uk
743340,easyr.website
743346,easyplacestory.nl
743357,e-venise.com
743365,elitearena.co.uk
743383,ecaimg.com
743398,evenlink.com
743413,eduvision.tv
743505,estiloweb.cl
743512,e-mba.ru
743543,elvetino.ch
743606,elcolighting.com
743613,ebr.com.br
743662,esutd.gov.kz
743665,elitejackpotgridhub.nl
743668,easyhosting-fr.com
743670,else.se
743684,energia.gob.ar
743710,esquadrialider.com.br
743716,evawebtech.com
743717,expressvpn.org
743751,earthone.io
743779,europeandesign.org
743835,empego.ca
743844,ethio3f.com
743864,e2enetworks.com
743954,everyone.org
743989,everythingattachments.com
744046,eastasiaeg.com
744052,enbook.ro
744078,elitecorehub.co.uk
744098,embedsports.me
744106,engineparts.it
744109,egouz.com
744140,excavatorradiators.com
744164,exasoft.cz
744174,excodaegu.com
744220,eurocard.com
744244,eiconweb.net
744248,editorial.link
744273,enterwoods.cn
744350,enaiponline.com
744367,esyncs.com
744504,elysiumnet.ru
744529,elmorerepublicans.com
744564,eyeofdubai.ae
744606,eggmusic.com
744609,eurowizja.org
744619,emiratishoe.store
744646,emaileri.fi
744784,ep-infonet.com
744792,enablingdevices.com
744804,easternmarketcommunity.nl
744805,explugins.xyz
744828,elwix.org
744877,evse.com.au
744884,ebikes-hawaii.com
744908,e-skala.pl
744941,easa.com
744944,exposedworld.click
744980,educateagainsthate.com
744997,esecuredata.com
745010,exposupport.pl
745031,ecodor.ru
745084,elegantvapestore.com
745098,edmundoptics.in
745129,esilv.fr
745170,emilykylenutrition.com
745252,euro-mk.ru
745273,eurojackpotgame.net
745311,espeschit.com.br
745319,exodusinternational.org
745350,euractiv.sk
745415,exposure2.build
745424,ecis2017madrid.com
745503,euromex.com
745566,earplugstore.com
745605,e-websolutions.eu
745642,echomodernhub.co.uk
745701,ehime-clubeyes.com
745704,evhn.de
745708,estart.org.za
745731,entropicthoughts.com
745744,edizionieo.it
745757,emashop.xyz
745759,esprit.tn
745818,ecoseven.net
745831,entradasatualcance.com
745848,ecsintl.com
745867,europeanbeauty.org
745895,esvoe.video
745907,eau-et-rivieres.org
745924,espacioschillout.es
745933,emiliecolehomes.com
745952,entrustit.co.uk
745958,eroyalfashion.com
745982,enzosupercar.com
745991,easternirrigation.com
746003,edws.net.au
746009,expocity.store
746051,exploreyork.org.uk
746071,edge-cluster-jp-pre.com
746090,esagaming.com
746102,especiallyforus.net
746122,emailveritas.com
746123,enativ.com
746127,erotikon.com.ua
746128,etn.cz
746138,epayterm.com
746142,ebnermediagroup.de
746234,eleven36.com
746244,essus.net
746254,epinmedia.com
746273,epicjackpothub.nl
746284,ediblewildfood.com
746323,elvanto.com.au
746374,erblintest.com
746378,epozytywnaopinia.pl
746455,eventionlive.com
746468,easyforlifedev.online
746515,edgar.bzh
746526,elize.ru
746540,esportshighlightsplanet.us
746565,eftgroup.ru
746588,earthobservatory.sg
773192,e-account.by
773193,e-adam.com
773194,e-afsa.gov.az
773195,e-ako.co.nz
773196,e-akor.com
773197,e-alhuda.com
773198,e-amarseba.com
773199,e-aoki.com
773200,e-assessment.jp
773201,e-auctions.am
773202,e-aushadhi.gov.in
773203,e-aversev.by
773204,e-bankplus.net
773205,e-banner.com
773206,e-bargello.com
773207,e-baro.co.kr
773208,e-bbvanetcash.com.co
773209,e-bharti.in
773210,e-bills.vn
773211,e-bloc.ro
773212,e-bonsai.cz
773213,e-box.co.in
773214,e-brandid.com
773215,e-bsw.pl
773216,e-call-system.jp
773217,e-campusformacion.com
773218,e-card.my
773219,e-carelabo.com
773220,e-cargo.edu.pl
773221,e-certificado.com
773222,e-chusya.com
773223,e-civion.net
773224,e-concierge.net
773225,e-conveni.net
773226,e-coupon.online
773227,e-cover.com.my
773228,e-crvsp.sp.gov.br
773229,e-dasan.net
773230,e-denpo.net
773231,e-dermaelle.com
773232,e-didier.fr
773233,e-digital.cl
773234,e-doc.cloud
773235,e-dom.by
773236,e-doyu.jp
773237,e-dracaena.com
773238,e-drpciv.ro
773239,e-duopharm.sn
773240,e-efoa.gr
773241,e-eminonu.com
773242,e-emlak.gov.az
773243,e-epidoma.gr
773244,e-erp.hu
773245,e-essen.com
773246,e-estado.ro.gov.br
773247,e-facpos.com
773248,e-flow.app
773249,e-fornecedores.ind.br
773250,e-fpg.com.vn
773251,e-fuentedevida.com
773252,e-future.co.kr
773253,e-garette.fr
773254,e-garnize.sk
773255,e-getsmp.com
773256,e-golab.pl
773257,e-greta.fr
773258,e-grip.biz
773259,e-heads.co.jp
773260,e-hentaiplay.com
773261,e-herbapol.com.pl
773262,e-hocaakademi.com
773263,e-hostel.net
773264,e-huissier.fr
773265,e-ifef.org
773266,e-ijara.uz
773267,e-inspektimi.gov.al
773268,e-insurance.in.ua
773269,e-invoice.com.tw
773270,e-iraq.net
773271,e-iris.co.kr
773272,e-journal.my.id
773273,e-kalambury.pl
773274,e-kalvi.com
773275,e-kangeki.net
773276,e-kapetanios.gr
773277,e-katalogroslin.pl
773278,e-katomodels2.com
773279,e-kessler.at
773280,e-kinco.com
773281,e-kobi.pl
773282,e-komobil.com
773283,e-kontakti.fi
773284,e-kruk.pl
773285,e-ladybug.jp
773286,e-lats.lv
773287,e-learningalighieri.it
773288,e-leclerc.pt
773289,e-leiloes.pt
773290,e-lic.eu
773291,e-life-event.net
773292,e-liquidbolt.cc
773293,e-look.jp
773294,e-manabi.net
773295,e-manufaktura.com
773296,e-maribor.si
773297,e-mat.cl
773298,e-mazzoni.it
773299,e-mediabanks.com
773300,e-metalshop.gr
773301,e-meterai.live
773302,e-mile.hu
773303,e-mleczarnia.pl
773304,e-moit.gov.ye
773305,e-mood.shop
773306,e-mossles.jp
773307,e-motion.ro
773308,e-mpeda.nic.in
773309,e-ms.ms.gov.br
773310,e-msg.jp
773311,e-myholiday.com
773312,e-narumi.com
773313,e-nekosolution.net
773314,e-netservice.biz
773315,e-nodos.com.ar
773316,e-novum.pl
773317,e-oer.com
773318,e-ots.jp
773319,e-pachinko.org
773320,e-pai-ke.com
773321,e-peds.ch
773322,e-piesa.ro
773323,e-pletivo.cz
773324,e-plot.co.jp
773325,e-pratika.com.br
773326,e-prawojazdy.eu
773327,e-publications.org
773328,e-pueyo.com
773329,e-questionnaire.com
773330,e-quironsalud.es
773331,e-rang.kr
773332,e-raspro-hermina.com
773333,e-recipe.site
773334,e-recruiter.ng
773335,e-refax.jp
773336,e-renta.jp
773337,e-request.am
773338,e-result.net
773339,e-rewards.co.uk
773340,e-rssk.com
773341,e-s-p.com
773342,e-safari.co.jp
773343,e-saudagaar.com
773344,e-school.jp
773345,e-school.or.kr
773346,e-schooling.com
773347,e-senegal.sn
773348,e-sestricka.cz
773349,e-sfera.hr
773350,e-sgh.pl
773351,e-shoes.gr
773352,e-shopiko.com
773353,e-sjc-services.iq
773354,e-smoke.org
773355,e-smoke.sk
773356,e-soft.my
773357,e-sovtaj.com.tr
773358,e-src.net
773359,e-startupindia.in
773360,e-stashift.com
773361,e-stoklasa.de
773362,e-stratos.gr
773363,e-sueldos.com
773364,e-sur.edu.mn
773365,e-syspro.net
773366,e-taklim.id
773367,e-tal2a.org
773368,e-talent.jobs
773369,e-tax.gov.ye
773370,e-testynaprawojazdy.pl
773371,e-theone.net
773372,e-thesbank.gr
773373,e-ticketing.gr
773374,e-tokyo.lg.jp
773375,e-tokyodo.com
773376,e-tol.nl
773377,e-torty.pl
773378,e-trader.jp
773379,e-tramits.ad
773380,e-traveler.com.tw
773381,e-tribunalbcs.mx
773382,e-tutor-swissmem.ch
773383,e-tzikas.gr
773384,e-upravnik.rs
773385,e-vengo.lv
773386,e-voucher.bg
773387,e-xamit.ie
773388,e-xclaim.com
773389,e-yamanlar.com
773390,e-yazawa.com
773391,e-yj.co.kr
773392,e-youfirst.co.kr
773393,e-yoyaku.biz
773394,e-zdravlje.gov.rs
773395,e-zipavto.com
773396,e-zwdia.gr
773397,e.net
773398,e01jahz0.com
773399,e0d9g4l.com
773400,e0pd03jtf.com
773401,e1-booking.com
773402,e11net.com
773403,e12.com.tr
773404,e12stilo.shop
773405,e19.homes
773406,e19club.com
773407,e1a6o4q.com
773408,e1e7m8r.com
773409,e1f3q2j6.com
773410,e1g54.com
773411,e1m6v3.com
773412,e1p5x4.com
773413,e1r3m1gn0i9j.com
773414,e1x8m5.com
773415,e24wolka.eu
773416,e28-bet.us
773417,e28bd8.com
773418,e2bet.com
773419,e2bet.dad
773420,e2d5s2f.com
773421,e2doc.com.br
773422,e2dr5w2de.com
773423,e2n806p.com
773424,e2p6y9q.com
773425,e2q7z8.com
773426,e2q8yl.com
773427,e2v5w8.com
773428,e3.ro
773429,e33qsf6v.com
773430,e38h39.com
773431,e3a7j3.com
773432,e3e214p.com
773433,e3m6g3.com
773434,e3mfmgfv.com
773435,e3q5c.com
773436,e3z6x8.com
773437,e41ab5.com
773438,e4cc.app
773439,e4cclab.com
773440,e4t7p6.com
773441,e4t8r2.com
773442,e4vi596k.com
773443,e4z2d2k.com
773444,e4z9j5e3.com
773445,e55.digital
773446,e55.fun
773447,e55.today
773448,e55a6.com
773449,e56xka0q.com
773450,e5d7k5.com
773451,e5p9i8.com
773452,e5q7hls.com
773453,e5tl1a.com
773454,e5u7t2.com
773455,e5v2m7k.com
773456,e5w5.com
773457,e66.ai
773458,e66.io
773459,e66.life
773460,e66006.com
773461,e66fun.com
773462,e66vip.com
773463,e699c.com
773464,e699e.com
773465,e699zz.com
773466,e69z7.com
773467,e6w3r9h.com
773468,e6w6c7j3.com
773469,e77.ai
773470,e77.cash
773471,e77.space
773472,e77.win
773473,e77fun.com
773474,e7b3j4s.com
773475,e7bmw.com
773476,e7cck.com
773477,e7g9m3.com
773478,e7k2n5.com
773479,e7t9p4.com
773480,e7xh0f.com
773481,e86xka0q.com
773482,e888hot.com
773483,e8c7q5w7.com
773484,e8jj.com
773485,e8m3p6.com
773486,e90zd44.com
773487,e95mt3.com
773488,e9q7t1p.com
773489,ea-converter.com
773490,ea77.org
773491,ea88.games
773492,ea88day.com
773493,ea88fun.com
773494,eaajkaal.in
773495,eaangan.com
773496,eabags.gr
773497,eabest.xyz
773498,eabet.bet
773499,eacc.go.ke
773500,eactivo.es
773501,eactivos.com
773502,eactrading.com
773503,eadaulas.com
773504,eadcooepe.com.br
773505,eadcursosdetransito.com.br
773506,eadestudo.com.br
773507,eadminportal.ch
773508,eadmissions.com.au
773509,eadmissions.org.au
773510,eadresolve.com.br
773511,eadseed.pr.gov.br
773512,eadstarb.com.br
773513,eadtrancursos.com.br
773514,eaduff.org
773515,eaes.et
773516,eafhwxh.cc
773517,eag.ag
773518,eagenda.com.br
773519,eagle.pe
773520,eagle886.vip
773521,eagleadvance.com
773522,eaglebook.club
773523,eagleesport.com
773524,eaglei.co.mz
773525,eagleno1.com
773526,eaglercraft.win
773527,eaglescd.com.br
773528,eagless.site
773529,eaglewebcommerce.com
773530,eaglewise.it
773531,eagrar.gov.rs
773532,eagro.az
773533,eaivaliotis.gr
773534,eakxn.com
773535,ealati.hr
773536,ealbum.in
773537,ealicia.com
773538,ealimni.info
773539,eamus.jp
773540,eaql979s.com
773541,eaqvyono.com
773542,earlybird.se
773543,earlychildhoodeducator.com
773544,earlyworks.net.au
773545,earn-trump.com
773546,earn11.app
773547,earn111.xyz
773548,earn2click.xyz
773549,earnandgame.com
773550,earnclicker.com
773551,earncrib.com.ng
773552,earndailycash.shop
773553,earnerspay.com
773554,earneste.ng
773555,earningmoney.com.in
773556,earningtricks.in
773557,earningxlifafa.com
773558,earnix9ja.online
773559,earnometer.com
773560,earnovadigitalhub.com
773561,earnovix.co.ke
773562,earnpe.vip
773563,earnrupiya.com
773564,earntoday.online
773565,earnviv.com
773566,earplugs.cz
773567,earpunifim.com
773568,earth-core.jp
773569,earth-infinity.co.jp
773570,earthcinemas.co.jp
773571,earthful.me
773572,earthly-p.com
773573,earthlyjewels.co
773574,earthwardrobe.com
773575,eas.ci
773576,eas.ua
773577,easebux.com
773578,easehomejob.com
773579,easetv.info
773580,easier.jp
773581,easigrub.com
773582,easily.money
773583,easiware.fr
773584,easor.fi
773585,east.ac.ke
773586,east6.me
773587,eastboy-ec.jp
773588,eastchamparan.nic.in
773589,eastcoastfresh.co.in
773590,eastdelta-travel.com
773591,eastel.com.my
773592,eastercollege.ph
773593,easterneurope.shop
773594,easternfin.com
773595,eastmansolar.in
773596,eastonsholidays.co.uk
773597,eastridingleisure.co.uk
773598,eastrswallet.com
773599,eastwest.com.ph
773600,eastwind.to
773601,easy-agri.com
773602,easy-dressing.fr
773603,easy-getcontent.com
773604,easy-m.jp
773605,easy-rd.gr
773606,easy24.site
773607,easy3.app
773608,easy4you.app
773609,easy66.com.hk
773610,easy688.net
773611,easy88x1s.vip
773612,easyaccess.com.ng
773613,easyappear.it
773614,easyauction.com.tw
773615,easybengalityping.com
773616,easybet711.buzz
773617,easybetnam.com
773618,easybettertech.com
773619,easybio.in.th
773620,easybop.co.uk
773621,easybuyindia.com
773622,easycandle.pl
773623,easycars.net.au
773624,easycartbooster.com
773625,easychat.one
773626,easychat24.cc
773627,easycloture.com
773628,easyco.ng
773629,easycoachkenya.com
773630,easycredit.bg
773631,easycuci.live
773632,easydarshan.com
773633,easydecisionmaker.com
773634,easydo.jp
773635,easydoge.io
773636,easydots.com.br
773637,easydvm.com
773638,easyenglish.com
773639,easyenjaz.net
773640,easyent.kz
773641,easyfactperu.pe
773642,easyfid.fr
773643,easyfincare.com
773644,easyfinloans.co.za
773645,easyfishoil.com
773646,easyfit.com.ua
773647,easygame168.io
773648,easygamebazar.com
773649,easygaychat.com
773650,easyhata.ua
773651,easyhomefinance.in
773652,easyhousing.ne.jp
773653,easyinvite.in
773654,easyisp24.com
773655,easyjobalerts.com
773656,easykids.in
773657,easylend360.com
773658,easylifeportal.it
773659,easylite.io
773660,easylive.com.br
773661,easylivingnow.top
773662,easylmd.net
773663,easylona.com
773664,easylunettes.fr
773665,easyluxesl.com
773666,easymalayalamtyping.com
773667,easymart.website
773668,easymedical.ng
773669,easymobilerecharge.com
773670,easymoni.tech
773671,easyms.com
773672,easynetbooking.com
773673,easypanels.co.uk
773674,easypaper.co.kr
773675,easyparts.in
773676,easypaychess.com
773677,easypaydirectgateway.com
773678,easypick.co.kr
773679,easypickrio.com
773680,easypiscine.fr
773681,easyplayh5.cc
773682,easypos.net
773683,easypplgroundschool.com
773684,easyquestion.net
773685,easyraffle.online
773686,easyranktools.com
773687,easyrecord.se
773688,easyreg.co.za
773689,easyren.com.br
773690,easysalon.com.br
773691,easyscript.net
773692,easysell.com.tw
773693,easyshifts.com
773694,easysimulations.com
773695,easyslice.ai
773696,easysolana.io
773697,easyspace-storage.com
773698,easysport.in.ua
773699,easystaff.it
773700,easystub.ca
773701,easytao.co.kr
773702,easyteegolf.com
773703,easytelugutyping.com
773704,easyton.io
773705,easytoys.it
773706,easytrade-bc.xyz
773707,easytrip.com.mx
773708,easytrip.ph
773709,easytrx.io
773710,easyway.ge
773711,easyways.cl
773712,easywin.co.zm
773713,easywin77.org
773714,eat94.online
773715,eatapplepies.com
773716,eatcarnival.xyz
773717,eatcdc.com
773718,eatclub.in
773719,eathere.com.tw
773720,eatings.me
773721,eatonwildfirecases.com
773722,eatpal.ir
773723,eatpl.in
773724,eatwellcenter.com
773725,eau-thermale-avene.be
773726,eau-thermale-avene.gr
773727,eau-thermale-avene.pl
773728,eauction.my
773729,eaudeleon.com.br
773730,eaukcionai.lt
773731,eautokoulu.fi
773732,eauzone-spa.com
773733,eavtotalim.uz
773734,eavy-archive.com
773735,eazeebet.com
773736,eazi.com
773737,eazle.it
773738,eazybusiness.in
773739,eazyverify.com.ng
773740,eazywin999.live
773741,eb2gov.com
773742,eb7png.com
773743,ebadollah.com
773744,ebadta.hu
773745,ebalimang.id
773746,eballerina.com
773747,ebarber.gr
773748,ebath.co.il
773749,ebayglobalshipping.com
773750,ebazar724.com
773751,ebcglobal.co.uk
773752,ebco.in
773753,ebekpone.com
773754,ebenezerva.com.ar
773755,ebetsunopporo.com
773756,ebhotels.com
773757,ebi-pac.com
773758,ebible.ro
773759,ebid-osaka.jp
773760,ebidan.com
773761,ebidmotor.com
773762,ebike.es
773763,ebikecenter.fi
773764,ebilit.com
773765,ebill.com.ng
773766,ebill.pk
773767,ebill.xyz
773768,ebilling.org.in
773769,ebillsgt.com
773770,ebina-lab.com
773771,ebipqtkofr.com
773772,ebisudenryoku.net
773773,ebisuminami.com
773774,ebisx.com
773775,ebitemp-online.org
773776,ebitemp.it
773777,ebixforex.com
773778,ebiz.software
773779,ebkautodealers.co.za
773780,ebkingbet.net
773781,eblfoodyjolly.com
773782,eblonline.com.br
773783,ebloodbanking.com
773784,ebmelal.ir
773785,ebnesinahospital.ir
773786,ebnevelde.hu
773787,ebodycare.in
773788,ebolov.net
773789,ebonos.es
773790,ebook4yle.com
773791,ebookingonline.net
773792,ebooklibery.com
773793,ebooks-digital.com
773794,eboxelectric.com
773795,ebpsolution.com
773796,ebramec.edu.br
773797,ebrcko.net
773798,ebricks.co.kr
773799,ebs-rcm.com
773800,ebsa.com.co
773801,ebtpr.com
773802,ebu7qcy.com
773803,ebucesmsverify.net
773804,ebuildingstandards.scot
773805,ebullio.co.uk
773806,ebullion.in
773807,ebuprive.com
773808,ebushka.vip
773809,ebut3pl.co.kr
773810,ebuyhub.in
773811,ebyn.ru
773812,ec-tencho.jp
773813,ec2.ch
773814,ec2galileu.com.br
773815,ecalyptus.healthcare
773816,ecamps.in
773817,ecampus.ac.mw
773818,ecampus.com.tw
773819,ecampus.edu.zm
773820,ecanela.com.br
773821,ecare.hk
773822,ecareclasses.com
773823,ecaretpa.com
773824,ecarewiz.com
773825,ecartech.ro
773826,ecash-guinee.com
773827,ecassweb.co.uk
773828,ecc-group.ae
773829,ecc.ac.in
773830,eccesoftware.com
773831,eccmhub.com
773832,ecco-shoes.by
773833,ecco-verde.es
773834,ecco.pe
773835,eccom.com.cn
773836,eccor.io
773837,eccosolutions.co.uk
773838,eccppl.org
773839,eccprayagraj.org
773840,eccpsct.org
773841,ecctagsdmc.com
773842,ecdv.net
773843,eceenerji.com.tr
773844,ecelearn.com
773845,eceninbutigi.com
773846,ecentric.in
773847,ecert.my
773848,ecertla.com
773849,ecespm.gob.mx
773850,ecexams.co.za
773851,ecf.asso.fr
773852,ecgamesbr.com
773853,ecgcltd.in
773854,ecgnow.com.br
773855,ecgtemper.com
773856,echannelling.com
773857,echhawani.gov.in
773858,echi-stream.com
773859,echoarchiv.de
773860,echobooom.ai
773861,echolalia.ir
773862,echoredcap.org
773863,echos360.it
773864,echtools.com
773865,ecid.com.br
773866,ecirak.com
773867,ecitutorial.com
773868,ecjoy.com
773869,eckeroline.ee
773870,eclass.lk
773871,eclassroom.gr
773872,eclaterjewellery.com
773873,eclatparis.com
773874,eclerksla.com
773875,eclesiar.com
773876,eclinic.my
773877,eclinica.app
773878,eclipseperfumes.cr
773879,eclipso-entertainment.com
773880,ecloudsbd.com
773881,eclpi.com.ph
773882,ecms.gov.bt
773883,ecms.ph
773884,ecn.com
773885,ecnet.lk
773886,ecnex.jp
773887,ecnokamisama.com
773888,ecnz.ac.nz
773889,eco-innovation.info
773890,eco-mat.gr
773891,eco-satei.com
773892,ecoautomation.org.et
773893,ecobatenergy.ro
773894,ecocarry.co
773895,ecocertificazioni.eu
773896,ecocito.com
773897,ecocoach.net
773898,ecocuisine.fr
773899,ecod.com.tr
773900,ecod.com.ua
773901,ecodbg.com
773902,ecodesignbd.com
773903,ecofact.pe
773904,ecofiltro.mx
773905,ecogas.com.mx
773906,ecogestor.com
773907,ecogmina.com.pl
773908,ecognitiva.com
773909,ecohai.co.jp
773910,ecokruzhka.com.ua
773911,ecoldlink.jp
773912,ecole-ci.org
773913,ecolian.or.kr
773914,ecolino.ro
773915,ecollabsync.com
773916,ecologicalethic.com
773917,ecomchaco.com.ar
773918,ecomerg.com
773919,ecomiam.com
773920,ecomlikaffiliate.com
773921,econbylucky.lk
773922,econcours.bf
773923,econdutorcfc.com
773924,econo-crea.com
773925,econom.net.ua
773926,economax.pe
773927,economia.df.gov.br
773928,economiaideal.com
773929,economizou.com
773930,economydesigner3.com
773931,econopluselectromenagers.ca
773932,econoprecios.com.pa
773933,econosublime.com
773934,econsig.ms.gov.br
773935,econsigmb.com.br
773936,econtalk.lk
773937,ecopiscines.fr
773938,ecoplast.pl
773939,ecoplug.in
773940,ecopool.jp
773941,ecoportosantos.com.br
773942,ecopulseyuan.com
773943,ecorbit.com
773944,ecoright.com
773945,ecos.ba
773946,ecosaludocupacional.com
773947,ecosand.ro
773948,ecosmetics.cz
773949,ecosol.com.ar
773950,ecospa.pl
773951,ecospend.com
773952,ecostation21.com
773953,ecosys.com.mx
773954,ecotechcrm.ca
773955,ecotimeprint.com
773956,ecotour.by
773957,ecovacsindia.in
773958,ecovialec.com
773959,ecoway.group
773960,ecowaymisrgedida.com
773961,ecowheel.cz
773962,ecozen.ai
773963,ecpayretailstores.com
773964,ecpp.si
773965,ecprcertification.com
773966,ecps.gov.bd
773967,ecrea-cloud.com
773968,ecredible.co.kr
773969,ecricketgame.com
773970,ecritica.co
773971,ecropper.in
773972,ecrou.com
773973,ecsomag.hu
773974,ectec.me
773975,ecu.edu.eg
773976,ecuadorec.com
773977,ecustoms.mn
773978,ecutools.eu
773979,ecwoncasino.com
773980,ecww424th.com
773981,eczacigelisim.com
773982,eczaneecp.com
773983,ed36n.com
773984,edaa.fr
773985,edafos.it
773986,edaganlaw.com
773987,edainikazadi.net
773988,edainikpurbokone.net
773989,edaptec.id
773990,edataimagination.com
773991,edatotoindonesia.com
773992,edax.pt
773993,edayspa.com
773994,edazabd.com
773995,edc789.vip
773996,edchemy.com
773997,edcmasterhp.com
773998,edco.jo
773999,edcremote.com
774000,eddenyalive.com
774001,eddiebauer.jp
774002,eddocvermont.com
774003,eddooswipe.com
774004,eddsworld.co.uk
774005,edeaweb.com.ar
774006,edebiyat-evi.com
774007,edebiyattv.com
774008,ededcourses.com
774009,edekahr-mitarbeiterportal.de
774010,edel-optics.es
774011,edel-optics.gr
774012,edel-optics.hu
774013,edelar.com.ar
774014,edelvika.com
774015,edelweisslife.in
774016,eden-villages.fr
774017,eden.co.at
774018,edencinemas.com.mt
774019,edenhogar.com
774020,edenliberal.es
774021,edenred.com.ar
774022,edenred.com.pe
774023,edensa.com.ar
774024,edent.co.kr
774025,edeq.com.co
774026,edersa.com.ar
774027,edesa.com.ar
774028,edesalenergia.com.ar
774029,edese.com.ar
774030,edestinos.cl
774031,edestinos.com.mx
774032,edewsmohyemen.com
774033,edfeesl.com
774034,edflix.eu
774035,edgarcarvalholeiloeiro.com.br
774036,edgeconnex-evo-vip-aic.com
774037,edgefm.co.za
774038,edhpowerlevel.com
774039,edicioneslexicom.pe
774040,ediexpressinc.com
774041,edifybiz.com
774042,edilottemart.vn
774043,edimex.com.mx
774044,ediningexpress.com
774045,edinstvo.name
774046,edipo.org
774047,edisiam.com
774048,edisibet.co.uk
774049,edisibetmenang.online
774050,edismart.it
774051,edisontd.nl
774052,edisu-piemonte.it
774053,editionprivee.com
774054,editionsbookmark.com
774055,editn.in
774056,editor.audio
774057,editoraculturacrista.com.br
774058,editorafrutoproibido.com.br
774059,editoraperu.com.pe
774060,editordeletras.com
774061,editorialberlin.com
774062,editprotips.net
774063,edituraedu.ro
774064,editzpresets.com
774065,editzstock.com
774066,edixapp.com
774067,edji.com
774068,edjoinadmin.org
774069,edm-kep.com.tr
774070,edmarker.com
774071,edmeducation.co.kr
774072,edmsservice.com.my
774073,edmsvpn.gov.mm
774074,edmtogel.design
774075,edmtogel.news
774076,edmtogel.tech
774077,ednan1.go.th
774078,edo3kai0.com
774079,edo89.one
774080,edocs.co
774081,edocs.es.gov.br
774082,edocs.go.ug
774083,edoksis.net
774084,edonish.tj
774085,edoo.io
774086,edormitor.ro
774087,edp-nutrition.fr
774088,edpass.sa.edu.au
774089,edplay.online
774090,edq4uine.com
774091,edr.hk
774092,edrafter.in
774093,edrauda.lt
774094,eds-ks.com
774095,edslap.com
774096,edsonzuandotudo.info
774097,edt52.com
774098,edtworld.com
774099,edu-behira.com.eg
774100,edu-best.com
774101,edu-coding.co.kr
774102,edu-forms.com
774103,edu-net-cloud.jp
774104,edu-ok.co.kr
774105,edu-ref.jp
774106,edu-spcpu.ru
774107,edu10.com.br
774108,edu4schools.com
774109,eduadm.dk
774110,edubox.app
774111,edubridgeindia.com
774112,edubrisk.com
774113,educ21.com.br
774114,educa.com.bo
774115,educa.rr.gov.br
774116,educaauge.com
774117,educacao.df.gov.br
774118,educacaoitapeva.com.br
774119,educacaoitaqua.com.br
774120,educacaopp.sp.gov.br
774121,educacionadistancia.org
774122,educacionalaprender.com.br
774123,educacionbogota.gov.co
774124,educaciontuc.gob.ar
774125,educacionvial.cl
774126,educacionvial.go.cr
774127,educad.pe
774128,educafacilonline.com.br
774129,educaline.com.br
774130,educalinks.com.ec
774131,educalize.com.br
774132,educaloi.qc.ca
774133,educamp.org
774134,educandus.cl
774135,educapi.com.br
774136,educapinda.com.br
774137,educareac.com
774138,educarhorizonte.com.ar
774139,educatebd.com
774140,educatic.com.co
774141,educatioapps.com.ar
774142,education-online.nl
774143,education.go.ke
774144,education.go.ug
774145,education.gouv.ci
774146,educationgateway.info
774147,educationgujarati.com
774148,educationpriority.org
774149,educationworld2022.com
774150,educem.mx
774151,educertifications.google
774152,educian.com
774153,educims.org
774154,educolombia.org
774155,educube.net
774156,edudiver.com
774157,edudose.com
774158,eduerp.ai
774159,eduf.co.kr
774160,edufeeds.co.za
774161,eduflow.at
774162,edufoscal.com
774163,edufutureit.com
774164,eduge.com.ar
774165,edugest360.org
774166,eduguedes.com.br
774167,eduhelps.pk
774168,eduhome.com.vn
774169,eduhomeinstitute.com
774170,edukante.org
774171,edukati.com
774172,edukatus.se
774173,edukgroup.com
774174,edukisa.or.kr
774175,edukmc.com
774176,edulab.co.id
774177,eduli.xyz
774178,edulife.com.vn
774179,edulip.in
774180,edulive.com.ar
774181,edumagix.com
774182,edumaiskids.com.br
774183,edumaster.pl
774184,edumediamanager.com
774185,edumerge.com
774186,edumitra.in
774187,edumovil.mx
774188,edumx.org
774189,eduna.hu
774190,edunavarra.com
774191,edunect.pl
774192,eduneta.hr
774193,edunext.eu
774194,edunexttech.com
774195,eduon.com
774196,edup.co.kr
774197,edupac.co.za
774198,edupiasecondary.vn
774199,eduplus.jp
774200,eduporibar.com
774201,eduportal.pk
774202,eduprima.id
774203,edupro.app
774204,eduqrcode.com
774205,eduquiz.vn
774206,eduraonline.co.za
774207,edusap.in
774208,edusecure.in
774209,edusecure.org
774210,eduseeds.com
774211,eduskills.academy
774212,edusocialnews.com
774213,edusol.kr
774214,edusquares.com
774215,edusrp.com
774216,edusys.co.kr
774217,edutap.co.in
774218,edutecnica.it
774219,edutest.com.au
774220,edutronerp.com
774221,eduvale.in
774222,eduvalu.com
774223,eduvoltacademy.com
774224,eduware.cloud
774225,eduweb.com.ar
774226,eduxego.com.br
774227,eduzion.org
774228,edvest-529.com
774229,edwhrqaybd.com
774230,edyp.gr
774231,edziecko.edu.pl
774232,ee.g12.br
774233,ee11aa.com
774234,ee11dk.com
774235,ee11dy.com
774236,ee11k.com
774237,ee11rr7si.com
774238,ee3.us
774239,ee365vip.com
774240,ee7rp.com
774241,ee7uu.com
774242,ee8800.me
774243,ee99654712225.net
774244,ee999998.com
774245,ee9zgpwa.com
774246,eeasa.com.ec
774247,eeatingh.ro
774248,eeb3zy.com
774249,eebus.com
774250,eecuonlinebanking.org
774251,eee72377.com
774252,eef.org.pk
774253,eejersey.com
774254,eejl.net
774255,eeldevakanties.nl
774256,eelhiapps.com
774257,eellrtp.com
774258,eenour.jp
774259,eep.com.co
774260,eepmaster.com
774261,eepp000.com
774262,eepp999.com
774263,eerna.com.bd
774264,eesanje.com
774265,eesj.edu.gt
774266,eeslsmartmeter.in
774267,eesppolazar.edu.pe
774268,eetad.com.br
774269,eetspiratie.nl
774270,eevip88.club
774271,eevip88.help
774272,eexames.com.br
774273,eexcel.com.my
774274,eeyl.my
774275,eezgana.com
774276,eezi.co.za
774277,eezycars.co.ke
774278,eezygroup.net
774279,ef9gh4jk2lz7x.com
774280,efa.jp
774281,efab.fr
774282,efact.mx
774283,efactura.app
774284,efacturacr.com
774285,efajacaltenango.edu.gt
774286,efaktura.bg
774287,efan.gov.pk
774288,efanccyun.org
774289,efaninv.com
774290,efashion.com.pk
774291,efasttech.in
774292,efat.it
774293,efator.com.br
774294,efco.it
774295,efecticash.com
774296,efectifactura.com
774297,efectifintech.com.mx
774298,efectivate.com
774299,efecton.com.ar
774300,efectyvirtual.com
774301,efeiaulamagna.it
774302,efekt-rzeczoznawcy.pl
774303,efendimizinizinde.com
774304,efenix.cz
774305,efetur.com.tr
774306,eff-massvoterreg.org
774307,effectiveresume.com
774308,effeuno.biz
774309,effii.app
774310,effingut.com
774311,effism.com
774312,effitrac.com
774313,effoysira.com
774314,efghermesone.com
774315,eficacia.com.co
774316,efiche.rw
774317,eficienciaaplicada.com
774318,eficloud.eu
774319,efigas.com.co
774320,efirma.no
774321,efisiensi.id
774322,efito.uz
774323,efiwetrivia.com
774324,efixfatura.com.tr
774325,efletexia.com
774326,eflightreservations.com
774327,efm-formations.fr
774328,efmsmoeys.com
774329,efo806j.com
774330,efolia.com.br
774331,efooddokan.com
774332,efootballcoin.com
774333,efootballfreecoins.com
774334,efor.com.tr
774335,eforensics.gov.in
774336,eformation-ensp.fr
774337,eformei.com.br
774338,eforms.nic.in
774339,eformsign.com
774340,efp-ofppt.com
774341,efp862.com
774342,efpa.cz
774343,efpp.online
774344,efreightsuite.com
774345,efrem.com.ua
774346,efrenlopezonline.com.ar
774347,efriend.jp
774348,efsanetr.com
774349,efsaneuzem.com
774350,eft.xyz
774351,efusionmarket.com
774352,eg-bus.com
774353,eg-thai.com
774354,eg4.nic.in
774355,eg777egp.icu
774356,eg777slot.vip
774357,egan.it
774358,egaz.uz
774359,egbbsjp.com
774360,egbg-lucas.rs
774361,ege-supportpage.com
774362,egediscount4.com
774363,egemotorizmir.com
774364,egenius.co.in
774365,egenya.cl
774366,egestao.net
774367,egeszsegkonyha.hu
774368,egetolgayaltinay.com
774369,egfix.in
774370,eggc.best
774371,eghlimeh.com
774372,eghrhrhc.com
774373,eghsreports.com
774374,egiftpost.com
774375,egifts24.co.za
774376,egirlgames.net
774377,egitimsaraakademi.com
774378,egitimuzem.net
774379,egiweb.net
774380,egl.lv
774381,eglasbenasola.si
774382,eglen35.com
774383,eglobalfares.com
774384,eglobalt.com.py
774385,eglue.it
774386,egmod.com
774387,egmoll.com
774388,egnr.pt
774389,ego-art.by
774390,ego-gymnastics.gr
774391,egoss.in
774392,egov.phutho.vn
774393,egovcloud.gov.bd
774394,egp.gov.bt
774395,egp.gov.et
774396,egpbanget.vip
774397,egpkenya.go.ke
774398,egps.com.tw
774399,egqtcmet.shop
774400,egramswaraj.in
774401,egropadeportiva.com.ar
774402,egrw4j.com
774403,egs669.com
774404,egstrack.com
774405,egt.cl
774406,eguardianship.com
774407,egumotors.hu
774408,egw-store.com
774409,egwegho46565.icu
774410,egy-car.com
774411,egybest.la
774412,egybestapk.org
774413,egycomputers.com
774414,egydir.com
774415,egyesuletonline.hu
774416,egyptalu.com
774417,egyptdwa.com
774418,egyptpay.com
774419,egyptradio.net
774420,egyptschools.info
774421,egzamin-informatyk.pl
774422,egzaminkf.pl
774423,egzaminnaprawko.pl
774424,eh2s-ocm.com
774425,ehabomar.co.il
774426,ehailuo.com
774427,ehaostore.com
774428,ehapurnews.com
774429,ehaytam.com
774430,ehbi.com.br
774431,ehbingo.no
774432,ehdakoliyeh.ir
774433,ehealth.kg
774434,ehealthlicense.go.ug
774435,ehfh29.com
774436,ehinditimes.com
774437,ehishab.com
774438,ehisland.com
774439,ehitavada.com
774440,ehituskaup24.ee
774441,ehlanzenicollege.co.za
774442,ehlinik.cz
774443,ehliyyet.com.tr
774444,ehmis.org
774445,ehmss.buzz
774446,ehobbyshop.com.tw
774447,ehokery.pl
774448,eholo.health
774449,ehorses.at
774450,ehorses.nl
774451,ehospital.nic.in
774452,ehrenreich-der-bestatter.at
774453,ehrms.jp
774454,ehsanedu.com
774455,ehscrc.com
774456,ehsn.com.tw
774457,eht.eu
774458,eht2bxwernd.com
774459,ehunter.inf.br
774460,ei8hts.us
774461,eico.com.br
774462,eiconline.in
774463,eieiei5.com
774464,eifox.com
774465,eigamura.com
774466,eigarape.com
774467,eight.game
774468,eightcapthailand.com
774469,eigo-duke.com
774470,eigox.jp
774471,eiimsbd.com
774472,eiketsudb.com
774473,eikoh-members.com
774474,eikyuhozon.com
774475,einaky.com
774476,einbuergerung.at
774477,einhell-home.com.ua
774478,einhell.com.tr
774479,einhell.pl
774480,einkamal.is
774481,einmaleins.de
774482,eins.pl
774483,einsteinlibreria.com.ar
774484,einsurance.gov.bd
774485,einve.net
774486,einvme.com
774487,eioehj.vip
774488,eiris.ph
774489,eirunepenoticia.com.br
774490,eisdigital.com
774491,eishinkan-eica.com
774492,eishinkan.net
774493,eismann.it
774494,eisnt.com
774495,eitaabot.ir
774496,eitaayar.ir
774497,eitarosouhonpo.co.jp
774498,eivanshop.ir
774499,eiwado.space
774500,eiyoushi-worker.com
774501,eiz.org.zm
774502,ej.edu.py
774503,ejawimakmur.my
774504,ejcasino.com
774505,ejcasino9.com
774506,ejecutiva.com
774507,ejerciciosmemoria.com
774508,ejercito.mil.bo
774509,ejindiaapp.com
774510,ejob.az
774511,ejobapp-validityscreening.com
774512,ejoongang.co.kr
774513,ejor.net
774514,ejpg5s.com
774515,ejpjeip.com
774516,ejshjshajwjdas.com
774517,ejudo.info
774518,ek.cv.ua
774519,ek7.org
774520,ek88look.nl
774521,ek999.net
774522,eka-style.ru
774523,ekaakarjati.id
774524,ekaddigital.com
774525,ekaigo.net
774526,ekaitori.com
774527,ekalampaka.gr
774528,ekaltech.com
774529,ekapatas.com
774530,ekatastar.me
774531,ekatip.com
774532,ekatvamacademy.com
774533,ekaza.com.br
774534,ekbjjfjkgur.com
774535,ekc.com.ua
774536,ekchot.com
774537,ekdis.ac.kr
774538,ekenkoshop.jp
774539,ekepi.com
774540,ekepis.gr
774541,ekey.bh
774542,ekfccloud.ae
774543,ekhabartoday.com
774544,ekhadiindia.com
774545,ekhidmat.my
774546,ekhtibarat.com
774547,eki-kyz.vip
774548,ekicte.or.kr
774549,ekikyo.net
774550,ekimero.com
774551,ekinlerhirdavat.com
774552,ekintai.jp
774553,ekipol.com
774554,ekisutora.info
774555,ekitistaterevenue.com
774556,ekivotos.com
774557,ekkia.com
774558,ekkoapp.app
774559,eklavyastudypoint.com
774560,eknowhub.com
774561,eko.com.cy
774562,ekoenergas.lt
774563,ekofence.sk
774564,ekoi.cz
774565,ekomgroup.com
774566,ekonomibladet.se
774567,ekonomicke-stavby.cz
774568,ekor.cc
774569,ekos.com
774570,ekostay.com
774571,ekostormarknad.se
774572,ekotogelpro12.cc
774573,ekovovyroba.cz
774574,ekoya.fr
774575,ekp8.tech
774576,ekp8.today
774577,ekplus8.co
774578,ekplus8.site
774579,ekrizovky.cz
774580,ekrummy11.com
774581,eksana.by
774582,ekskluzywnezegarki.pl
774583,eksmys.com
774584,ekspedicija.rs
774585,eksper.mobi
774586,ekspresowykredyt.pl
774587,eksprespark.com
774588,eksprespozyczka.pl
774589,ekszer-eshop.hu
774590,ekt7ztv.com
774591,ektefa.sa
774592,ektekos.com
774593,ekuralkan.com
774594,ekuruma.co.jp
774595,ekvator.bg
774596,el-css.edu.om
774597,el-kitap.org
774598,el-pharm.gr
774599,el-pl.ch
774600,el-tasador.com.ar
774601,el6.co.jp
774602,elabdfoods.com
774603,elaborafacile.com
774604,elabschool.net
774605,elafpremium.com
774606,elafsys.net
774607,elafsys.org
774608,elamigo.com.ar
774609,elan.pk
774610,elang138elite.top
774611,elang800.com
774612,elangbola8.site
774613,elangsv.online
774614,elangwonmasterpro.com
774615,elaohm0.com
774616,elar2.com
774617,elarmariodetuhermana.com
774618,elarto.pl
774619,elastapro.com
774620,elasticrun.in
774621,elastik.mu
774622,elastobor.com.br
774623,elateapp.com
774624,elaulavirtual.com
774625,elawrasphone.com
774626,elbadry.store
774627,elbananero.com
774628,elbauldulce.com
774629,elbisco.gr
774630,elblogdelpastoroscarflores.com
774631,elbng.com.br
774632,elbodegon.com.mx
774633,elboletoganador.com
774634,elbordo.pl
774635,elbrindis.cl
774636,elbrujodelosanimalitos.com
774637,elbuhoboo.com
774638,elcampusonline.com
774639,elcelektromarket.com
774640,elcfdi.com
774641,elchacmx.com
774642,elchato.com.mx
774643,elcitur.com.tr
774644,elclubdelsweater.com
774645,elcnepal.com
774646,elcocinerocasero.com
774647,elcodigoascii.com.ar
774648,elcondor.com
774649,elcor.com.ph
774650,eld88.us
774651,eldahan.com
774652,eldahan.com.eg
774653,eldarya.com.br
774654,eldarya.es
774655,eldawaelmasry.com
774656,eldelfinverde.com
774657,eldepo.ro
774658,eldiez.com.pe
774659,eldjawda.net
774660,eldoah.com
774661,eldohome.com
774662,eldon.com.ar
774663,eldopoly.ac.ke
774664,eldorado.com.uy
774665,eldoretttiportal.ac.ke
774666,eldraven.com
774667,eldrugstoreeee.com
774668,elearn.com.tw
774669,elearn.edu.ps
774670,elearnconnect.com
774671,elearnhere.co.uk
774672,elearning-adbi.org
774673,elearning-bimbelkelasonline.com
774674,elearning-unipra.com
774675,elearning.co.za
774676,elearning.edu.sa
774677,elearningcentergtk.id
774678,elearningcollege.com
774679,elearninginfo.in
774680,elearningsmpn21smd.sch.id
774681,elebar.com.ar
774682,eleceedread.online
774683,eleceedturkiye.com
774684,eleche.com.uy
774685,elecnia.com
774686,elecos.com.ar
774687,elections.ma
774688,electoral.gob.ar
774689,electri4ka.ua
774690,electricbill.in
774691,electricidadnico.com
774692,electricon.ro
774693,electrificadoradelmeta.com.co
774694,electro-power.by
774695,electro.app.br
774696,electro24.pl
774697,electroabc.com.ar
774698,electroao.com
774699,electrochaabani.com
774700,electrodiesel.com.py
774701,electrogv.com.ar
774702,electrohuila.com.co
774703,electroinstalador.com
774704,electrolabmedic.com
774705,electrolux.cl
774706,electrolux.com.ec
774707,electrolux.com.pe
774708,electrolux.com.tr
774709,electroma.com.gt
774710,electromenager-dakar.com
774711,electronic.ba
774712,electronica2001es.com
774713,electronicajaponesa.com
774714,electronicamegatonesrl.com
774715,electronicapanamericana.com
774716,electronicattendancewa.com
774717,electronicbub.com
774718,electronicsdukaan.com
774719,electroniksindia.com
774720,electropar.com.py
774721,electropayroll.in
774722,electropc.com.ar
774723,electrosalam.ma
774724,electroventas.com.uy
774725,elegaku.com
774726,elegance-emiratie.com
774727,elegant.be
774728,elegant2018.jp
774729,elegantdesigners.info
774730,elegantelayers.com
774731,elegantsmockers.lk
774732,elegantspins.com
774733,elegantyou.com.pk
774734,eleganza.tn
774735,elegents.in
774736,elektra.com.hn
774737,elektrihind.ee
774738,elektrikell.ee
774739,elektrikmarket.com.tr
774740,elektro-cigareta.cz
774741,elektro.volyn.ua
774742,elektroantos.sk
774743,elektrobuharshop.com
774744,elektrodistribucija.rs
774745,elektrogrosshandel.ch
774746,elektron.com.mx
774747,elektronicke-znamky.sk
774748,elektronikpazar.com.tr
774749,elektropostach.mk.ua
774750,elektroroller-futura.de
774751,elektroyou.com
774752,elelanajobs.com
774753,elelebaby.com
774754,elema.by
774755,elementaloutfit.com
774756,elementgyms.pt
774757,elementstore.cz
774758,elementywear.com
774759,elemos.jp
774760,elemporiodelhogar.com.uy
774761,elen.nu
774762,elena-plenkina.ru
774763,elenaartnails.com
774764,elenadreamhouse.ir
774765,elenamag.ir
774766,elenarocca.com
774767,elentradesigns.com
774768,elepay24.com
774769,eleperfumes.com
774770,elephantbetzone.sl
774771,elephantrooms.es
774772,elephtv.com
774773,elepod.gr
774774,elerama.com
774775,eletroclub.com.br
774776,eletroflix.com
774777,eletroledpremiacoes.com.br
774778,eletroleste.com.br
774779,eletropecas.com
774780,eletrosinter.com.br
774781,elevacalcados.com.br
774782,elevaite.id
774783,elevaportal.com
774784,elevateplatform.co.uk
774785,eleveitmx.shop
774786,elevenstyle.ir
774787,eleverse.ch
774788,elevocursos.com.br
774789,elexitocr.com
774790,elezabypharmacy.com
774791,elf.com.tw
774792,elfashop.ua
774793,elfenixdigital.com
774794,elffreedom.com
774795,elfhod.com
774796,elfispa.it
774797,elga-online.gv.at
774798,elgallomasgallo.com.ni
774799,elgigantedelhogar.com
774800,elglobo.com.mx
774801,elgoloso.com.ar
774802,elgoog.eu
774803,elgrad.hr
774804,elgrandatero.com.ve
774805,elgranonan.com
774806,elgranonan.pro
774807,elgustoglobal.com
774808,elhandel.pl
774809,elhatton.com
774810,elhawag.com
774811,elhefnawygroup.com
774812,elhegazia.com
774813,elhoroscopodehoy.es
774814,elia.eus
774815,eliakids.ir
774816,eliaromoda.com
774817,elibraryofcambodia.org
774818,elicaindia.com
774819,elicense365.com
774820,elie.com.br
774821,elielfigueiredo.com.br
774822,elienscuisine.be
774823,elife.co.th
774824,elifegear.com
774825,elige-mejor.es
774826,eligemejor.eu
774827,eliittipornoa.com
774828,eliky.in.ua
774829,elili.pl
774830,elimaft.com
774831,elimag.ir
774832,elimuforum.com
774833,elina-patykova.ru
774834,elinart.gr
774835,eline-tour.com.ua
774836,elink-miniatm.com
774837,elink.in
774838,elinn.no
774839,elinor.bg
774840,elinorjewels.com
774841,elipoosh.com
774842,eliquidandco.com
774843,eliquidshop.cz
774844,elis.go.kr
774845,elis.ro
774846,elisewexler.com
774847,elistars.com
774848,elitask.com
774849,elite-coffee.co.il
774850,elitebet.cg
774851,elitebiogenix.com
774852,elitebshk.com
774853,eliteconcursospublicos.com
774854,eliteconsultores.app
774855,elitecouro.com.br
774856,elitefitness.com.vn
774857,elitegirl.com.br
774858,elitehospital.org
774859,elitejoanns.com
774860,elitejoyeria.com.co
774861,elitekingmyh5api.shop
774862,elitelearninggateway.com
774863,elitemp.net
774864,elitepaint.com.bd
774865,eliteqash.com
774866,elitesecom.ai
774867,elitesgrid.com
774868,elitestore.pk
774869,elitetrendzshop.com
774870,elitex.vip
774871,elitez.vip
774872,elitislamievlilik.com
774873,elitvalepys.net
774874,elive777.info
774875,elixbloom.com
774876,elixia.tech
774877,elizi.com.tr
774878,elizique.com
774879,eljam3ia.com
774880,eljardindeldeseo.es
774881,eljdid.com
774882,elkargest.com
774883,elke.ee
774884,elkentu.xyz
774885,elkhalily.com
774886,ellaboutique.pl
774887,ellagar.com
774888,ellarose.nl
774889,ellasport.ir
774890,ellcchoicehomes.org.uk
774891,elle-boutique.pl
774892,ellegems.nl
774893,ellemijotequelquechose.com
774894,ellena.co.jp
774895,elleosys.com
774896,ellesse.com.tr
774897,ellibertador.co
774898,ellinikiaktoploia.net
774899,ellorabookdepot.com
774900,ellosecm.com.br
774901,ellus.com
774902,ellwangen2026.de
774903,ellyrose.com
774904,elm-academy.net
774905,elm-no-machi.jp
774906,elmachetazo.com
774907,elmagopop.com
774908,elmahows.com
774909,elmajd.co
774910,elmandadoexpress.com
774911,elmarco.pl
774912,elmaresearch.com
774913,elmartillo.com.co
774914,elmashop.ir
774915,elmenyplaza.hu
774916,elmercadomx.com
774917,elmeridiano.co
774918,elmevarzesh.com
774919,elmex.com.br
774920,elmexicanounlock.com
774921,elmgram.ir
774922,elmis.ph
774923,elmlifestyle.com.au
774924,elmofed.com
774925,elmondelatele.cat
774926,elmonsf.com
774927,elmotv.com
774928,elmujib.com
774929,elmundodelaura.com
774930,elmundodeljuguete.com.ar
774931,elnas-crm.com
774932,elnet.fr
774933,elnombreperfecto.com
774934,elnourgsm.com
774935,elnovelerovariadito.com
774936,elnuevoemporio.com.ar
774937,eload.com.br
774938,elogak.gr
774939,elogi.jp
774940,elogie-siemp.paris
774941,elogipark.com
774942,elogisol.com
774943,elohas.biz
774944,elokasha.com
774945,elokawaj.com
774946,elonpac.com
774947,elopicante.com
774948,elor.com.pe
774949,elorengiyim.com
774950,elosis.com.br
774951,eloto.net
774952,elp.edu.pe
774953,elpack.net
774954,elpacmoneytransfer.es
774955,elpandelospobres.com
774956,elparaguanero.com
774957,elpatronplatas.com.br
774958,elpida-varna.bg
774959,elpidacontainer-sl.es
774960,elpino.com.pe
774961,elpisoul.site
774962,elpoderdelajo.lat
774963,elpoli.com
774964,elprimergrande.com
774965,elprimodearandas.com
774966,elprofe20.com
774967,elpy.com
774968,elrayendz.com
774969,elreydelfibro.com.ar
774970,elrollo.com.mx
774971,elrosalenio.com.ar
774972,elrutero.com.mx
774973,elsa-hp.com
774974,elsaudia.net
774975,else.com.pe
774976,elsetantanou.com
774977,elsewedydevelopment.com
774978,elshennawy.com
774979,elsmart.com
774980,elsotalalkozas.hu
774981,elsotanodealicia.com
774982,elsystm.com
774983,elt.com.tr
774984,eltapalomesr.com
774985,eltarena.com
774986,eltex-sms.jp
774987,eltimmagazalari.com
774988,eltiotech.com
774989,eltofia.jp
774990,eltplatform.com
774991,eltrekka.gr
774992,eltribunoclasificados.com.ar
774993,eltskills.com
774994,eltunel.com.uy
774995,eltuntun.com
774996,eluck.art
774997,eluck.bet
774998,eluck.fit
774999,eluck.pro
775000,eluckpe.com
775001,elumbreras.com.pe
775002,eluniversodeathena.com
775003,eluxotthon.hu
775004,elver.in
775005,elvisbeauty.com
775006,elvislab.lt
775007,elwakilimmobilier.com
775008,elwinn.com.ua
775009,elxire.in
775010,ely-sia.net
775011,elyonkoshop.com
775012,elyscents.pk
775013,elysiumsistemas.com.br
775014,elyug.bg
775015,em-sco.com
775016,em-sys.id
775017,em2tgpwa.com
775018,emaanadeel.com
775019,emaffia.hu
775020,emailaprisoner.com.au
775021,emakato.co.tz
775022,emaklikaliku.site
775023,emall.mn
775024,emamigold.com
775025,emamrezaedu.com
775026,eman.uz
775027,emandate.in
775028,emandikaran-pb.in
775029,emandiuk.in
775030,emap.pk
775031,emarmarkets.com
775032,emart.bg
775033,emarteveryday.co.kr
775034,emas44.co
775035,emas44.com
775036,emasagra.es
775037,emasesaonline.com
775038,emastpa.com.my
775039,emater.mg.gov.br
775040,ematicrecords.com
775041,ematkaplay.com
775042,embafinans.az
775043,embasanet.ba.gov.br
775044,embassylondon.co.uk
775045,embassyofficeparks.com
775046,embawood.az
775047,embercookware.com
775048,emble5.com
775049,embol.com
775050,embramaco.com.br
775051,embrujojeans.com
775052,embusk.com
775053,embux.io
775054,emcauto.it
775055,emcrey.com
775056,emcs-netport.com
775057,emcvietnam.vn
775058,emdcmnl.com
775059,emdoar.com
775060,emdonline.co.za
775061,emedelynas.lt
775062,emedpred.net.ua
775063,emelnorte.com
775064,emenu.hu
775065,emerchemie.lk
775066,emergencias.com.ar
775067,emergencypaisa.com
775068,emertxe.com
775069,emetsystem.co.kr
775070,emi.sk
775071,emias-thirdstage.com
775072,emicar.com.ar
775073,emicro.my
775074,emiliaweber.ch
775075,emilio-robba-store.com
775076,emilkpro.in
775077,emiloancalculation.com
775078,emily-recruiter.com
775079,emims.plus
775080,emineaydin.com.tr
775081,eminencedigitech.com
775082,eminevim.com.tr
775083,eminflex.it
775084,eminflex.net
775085,emingrup.com.tr
775086,eminosbutik.com
775087,emiratesparkings.com
775088,emis-moe.gov.mm
775089,emis.gov.so
775090,emision.co
775091,emisoras.com.pe
775092,emisoras.com.py
775093,emisorasdominicanasonline.com
775094,emissions-tv.com
775095,emissorweb.com.br
775096,emitrakaka.com
775097,emivasa.es
775098,emiwalk.com
775099,emiyosuomi.com
775100,emka.news
775101,emlaze.net
775102,emlife.shop
775103,emma-colchon.cl
775104,emma-materasso.it
775105,emma-paris.fr
775106,emma-sleep.com.tw
775107,emma168.com
775108,emmadisilverjewellery.com
775109,emmafrancis.jp
775110,emmamae-boston.com
775111,emmano.pl
775112,emmanouelacosmetics.com
775113,emmanouil.com
775114,emmanuel.qld.edu.au
775115,emminifigures.com
775116,emnemr.com
775117,emoji-list.jp
775118,emon77gokil.xyz
775119,emoneygroup.co
775120,emonos.mn
775121,emos.id
775122,emoticonestips.com
775123,emotionalsupportstuffedanimals.com.au
775124,emotions.cl
775125,emotivacasino.es
775126,emotorad.com
775127,emozionidavivere.it
775128,emp-moderngas.com
775129,emparadise.rs
775130,empathic.com
775131,empatia.gov.pl
775132,empenofacil.com
775133,empepe1.club
775134,emperatriz.sv
775135,emperialbloxx.com
775136,emperorsherbologist.com
775137,empgautos.com
775138,empire-application.com
775139,empire-sports.online
775140,empire-tele.com
775141,empire88-166.xyz
775142,empire88-168.xyz
775143,empire88-169.xyz
775144,empire88-173.xyz
775145,empire96.com
775146,empireauto.us
775147,empiredugains.com
775148,empirekeeway.com
775149,empiresgames.co
775150,empirestreaming.org
775151,empireway.co
775152,emplacamentoma.com.br
775153,empleorh.com
775154,empleosaqua.cl
775155,empleosmaquila.com
775156,emploi-tunisie-travail.com
775157,employtt.gov.tt
775158,empoli.gr
775159,empopasto.com.co
775160,emporio-naval.com.br
775161,emporiocollection.gr
775162,emporiopan.it
775163,emporiovacanze.com
775164,emporiovilareal.com
775165,emporium.eu
775166,emporiumexperian.com
775167,empower-youth.live
775168,empowerelsalvador.com
775169,empowerloans.in
775170,empoworbycsst.com
775171,empreendermake.com.br
775172,empregoportasabertas.com
775173,empregosantista.com.br
775174,empregosnabahia.com.br
775175,empreintesucree.fr
775176,emprendered.com.co
775177,empresaamigalg.com
775178,empresafacil.ma.gov.br
775179,empresafacil.ro.gov.br
775180,empresaiformacio.org
775181,empresaplana.cat
775182,empresaviamao.com.br
775183,emprestimohoje.com.br
775184,empty.seoul.kr
775185,emq7cb.com
775186,emr.gov.ar
775187,emr.studio
775188,emrcog.com
775189,emreakademi.com
775190,emregeldiparfums.com
775191,emroozkojaberim.com
775192,emryslacarte.fr
775193,ems.by
775194,ems.dz
775195,ems.gov.ir
775196,emsa-metal.com
775197,emserh.ma.gov.br
775198,emsetec.com.ar
775199,emsgroupglobal.com
775200,emsit.go.kr
775201,emsphere.com
775202,emssanareps.co
775203,emtanemambtu.cat
775204,emtrafesa.pe
775205,emtusahuelva.com
775206,emuasa.es
775207,emugames.com
775208,emultimax.pl
775209,emultimediatv.com
775210,emuokunmaster.com
775211,emusic.life
775212,emvisesa.org
775213,emwbl.com
775214,emzrtl.com
775215,en-009.com
775216,en-444.com
775217,en-contact.jp
775218,en-ka.com.tr
775219,en-photo.net
775220,en-trega.com
775221,enability.jp
775222,enacoach.co.ke
775223,enalog.se
775224,enamm.edu.pe
775225,enamora2.com
775226,enandro.gr
775227,enaos.fr
775228,enapor.cv
775229,enaproc.gob.mx
775230,enarmre.com
775231,enarmsimulador.com
775232,enathikaran.gov.in
775233,enatransport.com.bd
775234,enatruck.cz
775235,enature.tv
775236,enavamaratha.com
775237,enavasi.gr
775238,enavi-salary.net
775239,enavirtual.sc.gov.br
775240,enb.pt
775241,enbahce.com
775242,enc.com.pk
775243,encalm.com
775244,encanatlasauction.com
775245,encasacookingspace.com
775246,encashmobile.in
775247,encheres-alsace.fr
775248,enchriso.gr
775249,encod.edu.gt
775250,encodesa.com.ar
775251,encontactoglobal.org
775252,encontrandoadios.com
775253,encontrocomfe.com.br
775254,encontrosquentes.pt
775255,encopedia.net
775256,encounterindia.in
775257,encountersdating.co.uk
775258,encuentramiaplicacion.com
775259,encuentratumatch.com
775260,encuentros-sexuales.mx
775261,encuentros.net
775262,encuentrosamorosos.cl
775263,encuentrosfelices.com
775264,encuentrospasionales.co
775265,encuentrostrans.es
775266,encurtalink.online
775267,encustody.com.ar
775268,encvnera.net
775269,endate.dk
775270,endermagazalari.com
775271,endesa.pt
775272,endirecttv.com
775273,endlessinnovation.ru
775274,endline912.com
775275,endo.id
775276,endortechnologies.com
775277,endoscopycare.com
775278,endossa.com
775279,endovantage.com
775280,endulusmt2.com
775281,endurasupplements.com
775282,enenapiyasa.lk
775283,enenkatukatumail.com
775284,eneos-cl.com
775285,enepal.co.jp
775286,enercard.com.mx
775287,energia-gas.it
775288,energiacomune.com
775289,energianatural.eco.br
775290,energiasostenibilespa.it
775291,energiaventas.es
775292,energiefanshop.de
775293,energiers.gr
775294,energize.com.ng
775295,energo.km.ua
775296,energo.pl.ua
775297,energofish.ro
775298,energy.cv.ua
775299,energy.volyn.ua
775300,energytv.es
775301,energyvision.be
775302,enerjipazari.com.tr
775303,enerjitakibi.com
775304,enerotrade.com
775305,enerrashop.com
775306,enersa.com.ar
775307,enersavesolutions.com
775308,enessance.co.jp
775309,enets.sg
775310,eneversion.nic.in
775311,enext.online
775312,eneyfspshree.com
775313,enfonlineclass.com
775314,engage4me.fr
775315,engagehousing.app
775316,engagement360.net
775317,engaro.sk
775318,engcastleportal.com
775319,engdating.shop
775320,engel-orakel.de
775321,engel-orakel.net
775322,engelenorakel.nl
775323,engels-oefenen.nl
775324,engg-info.website
775325,enggjobalert.com
775326,engiemexico.com
775327,engince.com.tr
775328,engineeringceramicltd.com
775329,english-pro.asia
775330,english-room.com
775331,englishme.cz
775332,englishmithra.me
775333,englishmoja.com
775334,englishnesia.id
775335,englishonline.cl
775336,englishsentences.in
775337,englishtestsonline.com
775338,englishtutorialedu.com
775339,englishwritingguide.com
775340,englishwritten.com
775341,engorgedtits.com
775342,engrossonline.ro
775343,enhavale.com
775344,enherb.jp
775345,enhobim.com
775346,eniplenitude.pt
775347,enishi-konkatsu.com
775348,enivida.com
775349,enjeee.com
775350,enjikanrisystem.jp
775351,enjing.jp
775352,enjoy-game.club
775353,enjoy2eat.ca
775354,enjoy365.ch
775355,enjoy96.com
775356,enjoyfball.vip
775357,enjoyfly.uz
775358,enjoyit999.com
775359,enjoymovieshd.org
775360,enjoysex.top
775361,enkertem.hu
775362,enkeshaf.com
775363,enkicsitanyam.hu
775364,enlace.com.co
775365,enlarectafinal.net
775366,enlared.me
775367,enlargecorp.co.jp
775368,enliven-lifestyle.com
775369,enluaze.com.br
775370,enluzia.com
775371,enmon.ba
775372,enmovil.net
775373,enmqe5x.com
775374,enmusubimail000.com
775375,ennavale.com
775376,enndalgames.com
775377,enne.gr
775378,enneagram-personality.com
775379,enneagramuserguide.com
775380,ennysounds9ja.com.ng
775381,eno.com.br
775382,enokama.jp
775383,enostd.gay
775384,enotes.cloud
775385,enoweb.com
775386,enpantallatv.com
775387,enpc-ediser.com
775388,enpi-net.dz
775389,enquete-web.com
775390,enquetevrs.fr
775391,enrichbeauty.com
775392,enrolando.cl
775393,enrollonline.in
775394,enroush.ro
775395,ensagaso.com
775396,ensalud.org
775397,ensarshop.com
775398,enseignementsuperieur.bj
775399,ensemblefr.com
775400,enserbase.in
775401,enseval.com
775402,ensinc.com.br
775403,ensinofan.com.br
775404,ensinoja.com
775405,ensinoja.com.br
775406,ensinounef.com.br
775407,ent04.fr
775408,ent365.pk
775409,ent4.net
775410,entekhabcenter.com
775411,enteknoloji.com.tr
775412,enter.kg
775413,enterc8.com
775414,enterclaims.com
775415,enternet.cl
775416,enterogermina.com.co
775417,enterprise.co
775418,enterprisetrucks.ca
775419,entersnieuws.nl
775420,entertaiment4all.com
775421,entertainmentcinemas.com
775422,entertainmentlandth.com
775423,entertechpro.com
775424,enthusiasmfrosty.shop
775425,entis.app
775426,ento.partners
775427,entos.gr
775428,entradafan.com.ar
775429,entradaplay.com
775430,entrancedose.com
775431,entrargrupo.com
775432,entrasol.com
775433,entrateriscossione.it
775434,entrebragas.com
775435,entredulces.art
775436,entregadeexames.com.br
775437,entregarweb.com
775438,entregosppinheiros.com.br
775439,entrelazos.co
775440,entrenando.com.co
775441,entrepanelas.net
775442,entrepex.com
775443,entreportas.pt
775444,entrepotes.org
775445,entreprises.gouv.fr
775446,entrio.ba
775447,entronite.com
775448,entry-site.jp
775449,entryboss.cc
775450,entryfee.com.ar
775451,entution.com
775452,entwistlegreen.co.uk
775453,enuygunsigorta.com
775454,envain-materiaux.fr
775455,enviecharnelle.com
775456,enviesensuelle.com
775457,envilog.co.id
775458,envioclick.com
775459,envionet.mx
775460,enviosperros.com
775461,enviosprimeraplus.com.mx
775462,enviosrdcourier.one
775463,enviromaster-eg.com
775464,envirovn.com
775465,envyfashion.hu
775466,envyfragrances.com
775467,enway.org
775468,enyamusicglobal.com
775469,enzanso-reservation.jp
775470,enze.com.au
775471,enzosolution.ca
775472,eo1ut3.com
775473,eo3932.com
775474,eodr.pl
775475,eoe9dpgb.com
775476,eoffice.go.th
775477,eoffice.gov.pk
775478,eogx1vh.com
775479,eoit.cz
775480,eolresearch-c.cl
775481,eolsen.pl
775482,eonlinebill.com
775483,eoptika.rs
775484,eora.it
775485,eorbit.com.br
775486,eorc.ir
775487,eoriginal.bg
775488,eorzean.info
775489,eos77d.com
775490,eosmrtnice.ba
775491,eossystems.com.br
775492,ep-hris.com
775493,epacklive.com
775494,epagos.com
775495,epais.kr
775496,epamus.com
775497,epan.gov.gr
775498,epansewa.in
775499,epaperdainikaikya.com
775500,epaperdainikjansatya.com
775501,epaperhimalayadarpan.com
775502,epaperwave.com
775503,eparapheur.gov.ma
775504,epark-sekkotsuseitai.jp
775505,epasa-itaco.it
775506,epass.eu
775507,epassport.gov.mw
775508,epay.ph
775509,epay.tokyo
775510,epay178.com
775511,epay2.com
775512,epayonline.net
775513,epaysolutions.in
775514,epdemexico.mx
775515,epdnet.be
775516,epdsbiihar.com
775517,epe-online.co.za
775518,epen.gov.ar
775519,epensionhry.nic.in
775520,epenye.com
775521,eperla.gr
775522,epf.lk
775523,ephemera-group.com
775524,epi24.pl
775525,epic7db.com
775526,epicbreak.in
775527,epiccare.co.uk
775528,epicenternow.org
775529,epicgamesantos.com.br
775530,epickr.com
775531,epictotodetail.vip
775532,epicwin138ak.com
775533,epicwin88next.com
775534,epidomagennisis.gr
775535,epielenaturala.ro
775536,epiesedacia.ro
775537,epify.co
775538,epifytr-tk.com
775539,epigno.jp
775540,epiknovel.com
775541,epinfy.com
775542,epinhisar.com
775543,epiox.be
775544,epiplagoranikaias.gr
775545,epiplanow.gr
775546,epipleon.com.gr
775547,epirusbank.com
775548,episod.com
775549,episode.hu
775550,episodealert.com
775551,epitomax.net
775552,epiv.com.br
775553,eplanning.scot
775554,eplay.hk
775555,eplay88.vip
775556,eplexus.sg
775557,epm-epayslips.co.uk
775558,epms.com.tr
775559,epmtsd.gob.ec
775560,epnr.app
775561,epnu.edu.eg
775562,epochqr.com
775563,epocler.com.br
775564,epodgorica.me
775565,epolice.ma
775566,epollsurveys.com
775567,epoool.id
775568,epopulation.gov.lk
775569,eportal.com.ua
775570,eportem.es
775571,epost-indiapost.gov.in
775572,epostbank.go.kr
775573,epostlife.go.kr
775574,eposzilos.nl
775575,epower-portal.com
775576,epoxyartindia.com
775577,eppax.gov.my
775578,eppo.com.ua
775579,epportal.in
775580,eppsi.id
775581,eprashikshan.com
775582,epresence.gov.gr
775583,eprfreeflow.com.br
775584,eprice.co.jp
775585,eprimebank.com
775586,eprinting.co.kr
775587,eprnyyh3pgq.com
775588,eproc.in
775589,eprocure.gov.pk
775590,eprocurebhel.co.in
775591,eprocurement.gov.cy
775592,eprocurentpc.nic.in
775593,eprofs.fr
775594,eprom.com.eg
775595,eprosecution.gov.in
775596,eproshnobank.com
775597,eprotocolo.com
775598,eprparana.com.br
775599,eprpedagioeletronico.com.br
775600,eps.center
775601,eps.com.bd
775602,eps.com.do
775603,epsagroup.com
775604,epsath.gr
775605,epsdelagente.com.co
775606,epsgrau.pe
775607,epsnepal.gov.np
775608,epson.com.bo
775609,epson.com.do
775610,epsonadvantage.in
775611,epss.com.gt
775612,epstopikvn.com
775613,epsys.co.uk
775614,epubflix1.com
775615,epurunet.co.kr
775616,eq-nova.com
775617,eqeq11.com
775618,eqeq22.com
775619,eqeq33.com
775620,eqeq99.com
775621,eqexanwpyrrmquc.com
775622,eqi.co.uk
775623,eqk7q059.com
775624,eqsoftec.com
775625,equable4rate.com
775626,equals.tokyo
775627,equatorstores.com
775628,equi-go.com
775629,equicompetition.nl
775630,equidexperience.com
775631,equil.cz
775632,equimondo.fr
775633,equinepassion-browsergame.com
775634,equino.eu
775635,equinox-ipms.com
775636,equip.me
775637,equiparafarmacie.it
775638,equiressources.fr
775639,equivalenza.it
775640,equraninstitute.com
775641,equus.com.ar
775642,er4uenterprise.in
775643,er4uepplus.in
775644,er4upremium.co.in
775645,er73gu8i3ty.com
775646,era-commerce.hr
775647,erabun.net
775648,erabydjzinhle.com
775649,eradicationofblackmoneyscammers.com
775650,eradiologia.sk
775651,eraly.be
775652,eramio.com.uy
775653,eratelprima.my.id
775654,erbatab.com
775655,erbenobili.com
775656,erbinsupass.cy
775657,erc.go.ke
775658,erclinic.com.br
775659,ercollecta.com
775660,erdc.k12.mn.us
775661,erdelyitarskereso.com
775662,erdemirgrubu.com.tr
775663,erdoganderi.com
775664,erdolhaus.pl
775665,erecruitment.co.id
775666,erediquerin.com
775667,ereklamblad.se
775668,ereporting-upprosecution.in
775669,erett.szex.hu
775670,erettsegi.com
775671,eretttalalat.com
775672,erevir.sk
775673,erevision.uk
775674,ergastirikompologiou.gr
775675,ergfashion.gr
775676,ergo-rocket.gr
775677,ergonomic.com.mx
775678,ergonomikliniken.se
775679,ergonretail.com.au
775680,ergoquest18.com
775681,ergoquest20.com
775682,ergoquest21.com
775683,ergoquest25.com
775684,ergoquest26.com
775685,ergul.com.tr
775686,erhaultimate.co.id
775687,ericmode.com
775688,ericsontpa.com
775689,ericvideos.com
775690,ericyu.org
775691,erikkes.id
775692,eriksvids.fun
775693,erina-t.com
775694,eris.co.in
775695,erka.gr
775696,erkadob2b.pl
775697,erkhet.biz
775698,erl2.gov.lk
775699,erla.jp
775700,erlandsonsbrygga.se
775701,erlanggaonline.co.id
775702,erlensee-aktuell.com
775703,erliokazje.pl
775704,ermpkusolo.com
775705,ermzapad.bg
775706,ero-anigif.com
775707,ero-gazoum.net
775708,ero-prompt.com
775709,ero-taikendan.net
775710,ero-tic-movie.com
775711,ero-tokkyuubin.com
775712,ero-tube.jp
775713,erochronicles.com
775714,erodate.rs
775715,erodatecams.com
775716,erodera.net
775717,erodeus.xyz
775718,erodouga-onaking.com
775719,eroduma.com
775720,eroescort.pl
775721,erogame-tokuten.com
775722,erogazoo.net
775723,erogazoumura.com
775724,erogemy.com
775725,erogif-eden.com
775726,eroita.net
775727,erojong.net
775728,erokaeru.jp
775729,eroklubas.lt
775730,erolium1.com
775731,eromanga-daisuki.com
775732,eromanga-jp.org
775733,eromanga-kai.com
775734,eromanga-yado.com
775735,eromangarev.blog
775736,eromeofficial.com.co
775737,eromeporn.blog
775738,eromodo.com
775739,eropa99skandimania.com
775740,eropabetaja.live
775741,erosetcompagnie.com
775742,erosgamesroom.com
775743,erosmania.com.br
775744,erosmix.fr
775745,erospark.de
775746,erotic-scene-manga.com
775747,erotic24.ro
775748,erotickaschuzka.cz
775749,erotickekontakty.com
775750,erotickykontakt.cz
775751,eroticos.com.co
775752,erotictanzania.com
775753,erotik-seitensprung.net
775754,erotik-sex-geschichten.net
775755,erotika.app
775756,erotika.me
775757,erotikashow.hu
775758,erotikevim.com
775759,erotikfilmsitesi4.cc
775760,erotikhikaye.asia
775761,erotikhikaye.world
775762,erotikmix.dk
775763,erotismosintabu.com
775764,erotopia.se
775765,erotske.net
775766,erotskeprice.info
775767,eroty.pl
775768,erotycznyflirt.com
775769,eroumcare.com
775770,erouz.cc
775771,erovault.xyz
775772,erox.dk
775773,erozero.top
775774,erp-portal.vn
775775,erp-sop.co.uk
775776,erp60.com
775777,erpabsolute.net
775778,erpasia.app
775779,erpazul.mx
775780,erpbeacon.com
775781,erpcl.net
775782,erpcrmtrends.com
775783,erpcrmzone.com
775784,erpdairy.com
775785,erpfruits.in
775786,erphubpro.com
775787,erpinsightshub.com
775788,erpjklifestyle.com
775789,erpmontelimar.com
775790,erpproserver.com.br
775791,erpsigep.com.br
775792,erpsip.com
775793,erpsirius.xyz
775794,erpsonline.com
775795,erpsrmgroup.com
775796,erpsurya.co.in
775797,erpvending.com.br
775798,erpweb.pe
775799,erpyme.cl
775800,erregame.com
775801,erroca.co.il
775802,ersag.com.az
775803,ersagglobal.com.kz
775804,ersagglobal.kg
775805,ersagglobal.mn
775806,ersagglobal.tj
775807,erste.ne.jp
775808,ertak.ru
775809,eru.edu.eg
775810,eruit.co.il
775811,eruulsurguuli.mn
775812,erviplus.cz
775813,erwpl.co.in
775814,eryy-001.com
775815,erzsokft.hu
775816,erzulia.com
775817,es-se.jp
775818,es-silk.com
775819,es-square.net
775820,es2cloud.com
775821,es4-system.com
775822,es8jkdzo.com
775823,esa.co.tz
775824,esacool.com
775825,esafad.it
775826,esafetykorea.or.kr
775827,esall.co.kr
775828,esalon.co.in
775829,esam.edu.bo
775830,esameantincendio.it
775831,esanad.nic.in
775832,esanduce.rs
775833,esappdownload.com
775834,esarsv.com
775835,esattaking.in
775836,esavdoc.com
775837,esball.eu
775838,esbloop.co.id
775839,esbn.kr
775840,esbocosermao.com
775841,esc.go.ug
775842,esca-sc.com
775843,escabee.com
775844,escalagaming8.club
775845,escalagaming8.com
775846,escalagaming88.club
775847,escambiacountysheriffal.org
775848,escanografia.com
775849,escapadaambnens.com
775850,escapedeer.com
775851,escaperoom.co.il
775852,escarcelle.net
775853,eschool.mn
775854,eschool.pk
775855,esco.co.jp
775856,esco.com.ar
775857,escobarterbaru.com
775858,escola-ebd.com.br
775859,escoladegoverno.go.gov.br
775860,escoladeltreball.org
775861,escolaelevar.com
775862,escolafuturosistema.com.br
775863,escolainterligada.com.br
775864,escolaplenarius.com.br
775865,escolaporthal.com.br
775866,escolatecnocursos.com.br
775867,escolhaendesa.pt
775868,escolhatres.com.br
775869,escolherfotos.com.br
775870,escorcitas.cl
775871,escort-orientale.com
775872,escortads.it
775873,escorte.pro
775874,escorte365.com
775875,escorten.net
775876,escortlandeurope.com
775877,escortmod.com
775878,escortnorte.cl
775879,escortofitaly.com
775880,escorts-uruguay.uy
775881,escorts.co.in
775882,escorts69.fr
775883,escortsaze.com
775884,escortsclub.gr
775885,escortzimbabwe.co
775886,escotesting.com
775887,escozul-cuba.com
775888,escritoriogea.com
775889,escritoriovotuporanga.xyz
775890,escuela-negocios-came.com.ar
775891,escueladegendarmeria.cl
775892,escuelaespsyc.com.ar
775893,escuelafarmaceutica.com
775894,escuelagymvirtual.com
775895,escuelaipv.cl
775896,escuelanacionalpcchiapas.mx
775897,escuelanormalpasto.edu.co
775898,escuelaosteopatiamadrid.com
775899,escuelaprodermic.com.ar
775900,escuelasabaticamaestros.com
775901,escuelasdemanejocr.com
775902,esculapiosis.com
775903,escutvirtual.ec
775904,esdatings.shop
775905,esdofficial.com
775906,ese.school
775907,esec.ac.in
775908,esecouristes.fr
775909,eseleda.com
775910,esellerbuystore.cc
775911,esellerstorebuy.xyz
775912,esemtia.ec
775913,esenciabodyandhome.com.ar
775914,esenciaretro.com.ar
775915,esenior.com.br
775916,esenz.co.in
775917,esercitosportswear.it
775918,esesanfer.edu.pe
775919,esextoys24.pl
775920,esfarayen.ac.ir
775921,esferos.com
775922,eshala.in
775923,eshaorganics.com
775924,esharda.net
775925,eshet.co.il
775926,eshiksa.net
775927,eship-tool.com
775928,eshkar.shop
775929,eshop-synlab.cz
775930,eshop.fun
775931,eshopsrbija.com
775932,eshopygo.hu
775933,esiclinic.com
775934,esiga.mx
775935,esignapi.com
775936,esimson.com
775937,esinavyap.com
775938,esisla.sp.gov.br
775939,esissan.cl
775940,esitd6x.com
775941,esk.eus
775942,eskc1435.com
775943,eskilstunaauktionsverk.se
775944,eskola.ba
775945,eskolar.co
775946,eskoly.sk
775947,esky.ba
775948,esky.hr
775949,esky.nl
775950,esky.pt
775951,eslamgaming.com
775952,eslims.gov.lk
775953,eslinamoda.com
775954,eslms.ir
775955,eslot-a.com
775956,eslot-b.com
775957,eslot.best
775958,eslpals.com
775959,eslsteel.com
775960,esltd123.com
775961,esm.ae
775962,esmartbazaar.in
775963,esmartcampus.co.kr
775964,esmartclass.net
775965,esmena.edu.ec
775966,esmeralda.net.br
775967,esmeraldascolombia.com
775968,esmilnacastillo.com
775969,esmokers.kiev.ua
775970,esmrtovnica.com
775971,esocdat.com
775972,esoclife.com
775973,esol.school
775974,esolnethellas.gr
775975,esotanc.hu
775976,esotarot.es
775977,esoullyf.in
775978,esp-smart.com
775979,esp.mg.gov.br
775980,espace-competition.com
775981,espace-contention.com
775982,espace-divorce.fr
775983,espace-ombrage.com
775984,espacevelo.tn
775985,espacioapk.org
775986,espaciodecalidad01.com
775987,espacoeducar.net
775988,espacoicelaser.com
775989,espacoinvisivel.com
775990,espacojuniorautismo.com.br
775991,espacopedagogicoencantar.com
775992,espacoshop.com
775993,espacoterapias.com.br
775994,espacounimed.com.br
775995,espacypkg.com
775996,espadasyorodetoledo.com
775997,espadrilles.it
775998,espak.ee
775999,espana.fm
776000,espandolavoro.it
776001,espapp.online
776002,esparsh.in
776003,espartanos.com.br
776004,especialistas.com.mx
776005,especializadoead.com.br
776006,esperancino.com.ar
776007,esperanza.mx
776008,espiadinhas.com
776009,espirituaventurero.com.mx
776010,espirituguitarrista.com
776011,espn99.club
776012,espn99.io
776013,espoirbusiness.com
776014,espoonvarhaiskasvatus.fi
776015,esporte.pr.gov.br
776016,esportebets.club
776017,esportenet.show
776018,esportenetsp.com.br
776019,esportenetsp.vip
776020,esportenetvip.pro
776021,esportesbar.net
776022,esports-victory.com
776023,esportzone.in
776024,esppt.id
776025,esprehealth.com
776026,esprit-tn.com
776027,esptrust.co
776028,espvalentina.com.br
776029,esqtours.com
776030,esquelasdealava.com
776031,esquelasdodia.com
776032,esquimal.mx
776033,esquinadostecidos.com.br
776034,esquire.com.bd
776035,esranupam.in
776036,essa.in
776037,essalab.tech
776038,essap.com.py
776039,essareceitafunciona.com.br
776040,essasofa.co.kr
776041,essdata.ru
776042,essen-mas.com
776043,essencequebec.com
776044,essencial-airsoft.fr
776045,essenciel.cl
776046,essenla.com
776047,essentialonlive.com
776048,essentialpms.in
776049,essepaghe.it
776050,esserbellaprofumerie.it
776051,essereinformati.com
776052,esskay.co.in
776053,essocard.com
776054,essopshome.co.za
776055,esspl.com.pk
776056,esstampilla.com
776057,essyroz.com
776058,est-online.com
776059,est.so
776060,esta.co.id
776061,estacaofinancas.com.br
776062,estacaointima.com.br
776063,estacionamentodigital.com.br
776064,estacionamentofacil.com.br
776065,estacionamx.com
776066,estacionesfm.com
776067,estacionplus.com.ar
776068,estadioabierto.com
776069,estado.sc.gov.br
776070,estadotne.cl
776071,estambreskarina.com.mx
776072,estanciaschiripa.com.ar
776073,estanfi.com
776074,estar.toscana.it
776075,estarweb.it
776076,estascontratado.com
776077,estasiprofumerie.it
776078,estatesale-finder.com
776079,estationers.pk
776080,este-link-redirije-a-mhscans.com
776081,esteban.ro
776082,estebanecheverria.gob.ar
776083,esteelauder.com.tr
776084,esteeparis.fr
776085,esteio.rs.gov.br
776086,estekhare.net
776087,estelledaves.com
776088,esterelcotedazur-lebus.fr
776089,esteticmakeup.com
776090,estetus.com.br
776091,estetycznahurtownia.pl
776092,esthederm.lat
776093,estherluxurycoach.co.tz
776094,estheticaligner.com.br
776095,esthetique-osaka.com
776096,esthisis.gr
776097,estiahomeart.com
776098,estibarna.es
776099,estibol.com
776100,estiloamago.com.br
776101,estilocosmetics.pe
776102,estiloveggieshoes.com.br
776103,estore.no
776104,estorejamuna.com
776105,estoresbaratos.com
776106,estotovip.com
776107,estoturf.com
776108,estoty.com
776109,estoyhechouncocinillas.com
776110,estradafacil.com.br
776111,estrategiadmgs.com.mx
776112,estratosplus.com
776113,estrazionelotto.it
776114,estrazionidellotto.it
776115,estrazionilotto.it
776116,estrazioninumerilotto.com
776117,estrazionisuperenalotto.it
776118,estre.in
776119,estreladasorte.site
776120,estrelaguia.com.br
776121,estrelladeoro.com.mx
776122,estrellainsurance.com
776123,estrenoscinesaa.com
776124,estrenosdivx.net
776125,estrenotorrent.net
776126,estropical.com
776127,estuches-maletines.com
776128,estudafq.pt
776129,estudecombolsa.com
776130,estudent.info
776131,estudiandotributario.es
776132,estudiantefunval.org
776133,estudiochong.pe
776134,estudiosadistancia.ar
776135,estudiospepe.com
776136,estudoleiseca.com.br
776137,estudosdoespirito.org.br
776138,estudyhindi.com
776139,esubasta.ar
776140,esupply.net.in
776141,esushi.md
776142,esval.cl
776143,esvika.ee
776144,esvm2930.com
776145,eswllc.net
776146,esx.et
776147,esyariah3.gov.my
776148,eszerzodes.hu
776149,et-ge-tokorozawa.com
776150,et-phone.co.kr
776151,et2enu.com
776152,etaksis.com
776153,etalab.gouv.fr
776154,etaleem.qa
776155,etalentum.com
776156,etapal.in
776157,etapmo.com
776158,etartous.gov.sy
776159,etaska.hu
776160,etawa99.com
776161,etaz.rs
776162,etb.co
776163,etbdigital.com
776164,etc-m.uk
776165,etc-pasoca.jp
776166,etcareers.com
776167,etcareproduct.com
776168,etcasiart.com
776169,etcetera-japan.com
776170,etchcraftemporium.in
776171,etdi.gov.ae
776172,etea.one
776173,eteacherapps.com
776174,etebartaban.ir
776175,etechmobility.co.uk
776176,eteksofts.com
776177,etelecinema.hu
776178,eter.com.ar
776179,eternal-moments.org
776180,eternally.co.in
776181,eternisom.com
776182,eternitybysakshi.com
776183,eternitylogistics.co
776184,etestavimas.lt
776185,etesty.sk
776186,etesys.co.kr
776187,etfo-aq.ca
776188,etheerbe.io
776189,etheerbelogin.com
776190,etheradiamonds.com
776191,ethicfin.com
776192,ethioblackmarket.com
776193,ethiojobshub.com
776194,ethix.id
776195,ethnicboutique.in
776196,ethnicelement.in
776197,ethniki-asfalistiki.gr
776198,ethopdanslapoche.net
776199,eti.sk
776200,etib-shop.by
776201,etic.ro
776202,eticasoluzioni.com
776203,eticicibebe.com
776204,eticket.com.ng
776205,eticket.hn
776206,eticketing.my
776207,eticosweb.net
776208,etienreseller.com
776209,etigroup-eg.org
776210,etihadbureau.ae
776211,etihadwi-fly.com
776212,etikmen.com
776213,etimetracklite.com
776214,etipping.com.au
776215,etiqapartner.com.my
776216,etiquetanegra.us
776217,etiquetteapparel.com
776218,etir16.com
776219,etis.or.kr
776220,etitc.edu.co
776221,etmacard.ir
776222,etmall.com
776223,etnawellness.com
776224,etno-city.com.ua
776225,eto.com.ua
776226,etoile.co.jp
776227,etoileeg.online
776228,etola.net
776229,etonco.com
776230,etop.lv
776231,etorx.ro
776232,etowahcountysheriff.com
776233,etownpanchayat.com
776234,etplami-mpcz.com
776235,etqanoman.com
776236,etrade-miragebrokerage.net
776237,etradebill.co.kr
776238,etrafika.cz
776239,etranssolutions.com
776240,etrav.in
776241,etrg.net
776242,etristate.com
776243,etroreza.ir
776244,ets-mauger.com
776245,ets2indo.com
776246,etsingshan.com
776247,etspartners.com
776248,etsplus.com
776249,etstore.in
776250,ettic.org
776251,ettoplus.ru
776252,etudes-rc.org
776253,etudetranslations.com
776254,etufor.ce.gov.br
776255,etutorclass.com
776256,etxvip.co
776257,etyson.com
776258,etz7t5.com
776259,etzhaoren.co.il
776260,etzmaleh.co.il
776261,etzvo7.com
776262,eu-sportclub.com
776263,eu9chaua.com
776264,eu9i.com
776265,eu9mygo.com
776266,eu9myhuat.com
776267,eu9thb.vip
776268,eu9vip1.com
776269,euabet.com
776270,euamoanime.com.br
776271,euamomundoanimal.com.br
776272,eucaristiadiaria.cl
776273,eucatolica.edu.cv
776274,eucerin.com.br
776275,eucim.com
776276,euclidrcm.com
776277,eudiakok.hu
776278,eudyam.com
776279,eudyogaadhaar.org
776280,euglasses.com.br
776281,euholidays.com.sg
776282,eulermotors.com
776283,eunkkol.com
776284,eup.tw
776285,eupayment.eu
776286,eupchaarharyana.org.in
776287,euphoria-hdrezka.org
776288,euphoria-ua.net
776289,euphoriapackaging.in
776290,eurasiantech-tender.kz
776291,euremoodlesvr08.com.ar
776292,euribordiario.es
776293,euro-markt.hr
776294,euro-shop.by
776295,euro247i.com
776296,euro586.org
776297,euro7000digital.com
776298,euroamericano.edu.ec
776299,eurobanktrader.gr
776300,eurocamp.ie
776301,eurocamp.pl
776302,eurocarpet.com.ua
776303,eurocasino.ba
776304,eurocea.it
776305,eurocert.it
776306,euroclub.it
776307,eurocotton.com.mx
776308,eurocredit.it
776309,eurocupon.pt
776310,eurodataroom.com
776311,euroelectrica.com.mx
776312,euroexpress.ba
776313,eurofins-eclinical.com
776314,eurofinsanalisisclinicos.com
776315,euroformac.com
776316,eurogazongarden.ro
776317,eurohrana.ro
776318,euroins.com.ua
776319,euroizol.com
776320,eurojackpot-zahlen.eu
776321,euroko.eu
776322,euromaster.fi
776323,euromaster.pl
776324,euromedic.rs
776325,euromedicare.pl
776326,euromika.com
776327,euromind.es
776328,euromundoenlineamx.com.mx
776329,euronav.eu
776330,euronics.gr
776331,europa11668.com
776332,europafactor.it
776333,europartssrl.com
776334,europasport.dz
776335,europatravel.ro
776336,europeanbet11.com
776337,europetruckplay.com
776338,europewebcompany.com
776339,europiel.com.do
776340,europlantas.pt
776341,euroristorazione.it
776342,euroshin.com
776343,eurosmile.in
776344,eurosofa.gr
776345,eurospin.hr
776346,eurospin.si
776347,eurostreaming-nuovo-indirizzo.com
776348,eurotackle.nl
776349,eurounelte.ro
776350,eurovat.sk
776351,eurowindow-holding.com
776352,eushbi.com
776353,eusoufam.com.br
776354,eustyle-system.com
776355,euszolg13.hu
776356,eutas.uz
776357,euterapeuta.com.br
776358,euttube.com
776359,ev58te92526.cc
776360,ev99.net
776361,ev99.tv
776362,eva-mode.com
776363,eva100b.com
776364,evaberrynewyork.com
776365,evaerp.cloud
776366,evalaxy.com
776367,evalbox.com
776368,evaleda.com
776369,evaluaasi.com
776370,evaluaciondocente.lat
776371,evaluaciones.mx
776372,evamatrix.com
776373,evanda.pl
776374,evangelizarepreciso.com.br
776375,evapemayoreo.com
776376,evara.me
776377,evarashop.com
776378,evaraus.fi
776379,evariya.com
776380,evarkadasi.com
776381,evartel.com.br
776382,evarts-ponting.jp
776383,evarzytynes.lt
776384,evas.mx
776385,evashome.org
776386,evasota.pl
776387,evasub.com
776388,evaultla.com
776389,evavip.com
776390,evcharger-net.com
776391,evdekieczanem.com
776392,evdemo.com.tr
776393,evdemolojistik.com
776394,evdennakliyateve.com
776395,evdiz.com
776396,eveasf2f.com
776397,evee.pk
776398,evelatusb2b.lv
776399,evelyn.tokyo.jp
776400,evelyncs.mx
776401,evelynhone.ac.zm
776402,evemall.eu
776403,even-outdoor.com
776404,evenflirten.nl
776405,event-collect.net
776406,eventgo.ar
776407,eventguru.id
776408,eventick.com.ar
776409,eventim4u.co.il
776410,eventmenulisnasional.com
776411,eventosmx.com
776412,eventsentradas.com
776413,eventstaffapp.com
776414,eventweb.com.br
776415,eveon.pk
776416,everai.vn
776417,everanhospital.com.tw
776418,everanta.in
776419,everaustralia.com.au
776420,everbestshoes.com
776421,everbill.eu
776422,everdion.com
776423,everest24.com.ua
776424,everestdent.by
776425,everestfleet.com
776426,everestintelligent.com
776427,evergore.de
776428,everhealthyintl.com
776429,evering.jp
776430,everlast.com.mx
776431,everlasting.shop
776432,everlastingltc.com.tw
776433,eversafe.edu.sg
776434,evershiningstar.co.ke
776435,evertale-wiki.jp
776436,evertecinc.com.br
776437,evertime.es
776438,evertrade.com.br
776439,everwin.club
776440,everydaycarinsurance.com.au
776441,everydayhoroscopes.com
776442,everypropertycertificate.co.uk
776443,everythingbiomass.org
776444,everythingsub.com
776445,evevday.com
776446,evfmember.com
776447,evg.auction
776448,evierose.in
776449,evignette.ro
776450,evikomp.se
776451,evil-manga.eu
776452,eviltotonow.com
776453,evindegor.com
776454,evinemama.com
776455,evio.si
776456,evip2.fun
776457,evip3.win
776458,evip3h.com
776459,evir.hu
776460,evirtual-unisal.edu.py
776461,evisalegal.com
776462,eviscript.com
776463,evisiontechnoserve.com
776464,evisip-zamora.com
776465,evisip.com
776466,evitalcare.in
776467,evloz.com
776468,evm99.com
776469,evmone.com
776470,evmwheels.com
776471,evnlive.com
776472,evo.co
776473,evo33np.com
776474,evo365.live
776475,evo366.com
776476,evo57.com
776477,evobeauty.ro
776478,evobet33.net
776479,evobet888.biz
776480,evobetbdt.com
776481,evobike.com.co
776482,evocegonheiro.com.br
776483,evoconcursos.com.br
776484,evojilihacksaw.xyz
776485,evol.com.ar
776486,evol52.com
776487,evolink.id
776488,evoloveindia.co.in
776489,evolt24.de
776490,evolta.pe
776491,evoluaprofissional.com.br
776492,evolukit.com.br
776493,evolutionclinic.it
776494,evolutiondesigning.com
776495,evolutionwheelandtyre.com
776496,evolutor.net
776497,evoon.store
776498,evopay.africa
776499,evorevo4x4.com
776500,evosgaming-15f.site
776501,evosgaming-17g.site
776502,evotel.co.za
776503,evoucher.pk
776504,evrasia.in.ua
776505,evrib.com
776506,evrotour.com.ua
776507,evtify.com.ng
776508,evtsolutionz.com
776509,evupdate.nl
776510,evutla.edu.sv
776511,evvahedogal.com
776512,evvolli.ir
776513,ew-futures.com
776514,ewa.edu.sa
776515,ewacash.com.ua
776516,ewatpa.com
776517,ewawachowicz.pl
776518,eway.md
776519,ewbconsumerlending.com
776520,ewc.edu.za
776521,ewebacc.com
776522,ewegw.com
776523,ewgewh.com
776524,ewhgeg.com
776525,ewings.lk
776526,ewingspapers.lk
776527,ewisnacksuz.com
776528,ewsolutions.app
776529,ewugg.com
776530,ewuhek.com
776531,ewygee.com
776532,ex-999.com
776533,ex-im.cloud
776534,ex1.rs
776535,exa.pe
776536,exa123.com
776537,exa65mm7.com
776538,exade.fr
776539,exam-entry.jp
776540,exam-mate.com
776541,exam4you.com
776542,exambangla.com
776543,exambd.net
776544,exambranch.com
776545,examcloud.in
776546,examenesnacionales.com
776547,examenesoccidente.cl
776548,examenselectivitat.cat
776549,exament3p.fr
776550,examerapido.com
776551,examhaiti.com
776552,examicmai.in
776553,examin8.com
776554,examist.jp
776555,examlanka.lk
776556,examobjective.com
776557,examplazas.com
776558,exampustak.com
776559,examrobot.com
776560,examservice.com.tw
776561,examwinner.app
776562,exani.com.mx
776563,exapuni.com
776564,exarmynaukri.com
776565,exaspaper.gr
776566,excard.com.my
776567,excel-exercise.jp
776568,excel-mito.com
776569,excel-practice-online.com
776570,excelentiamusica.com
776571,exceleras.com
776572,excelestore.com.bd
776573,excelexch9.com
776574,excelexercises.com
776575,excellentholiday.hk
776576,excellmedia.in
776577,excellonconnect.com
776578,excelr.in
776579,excelreviewer.com
776580,exception-group.com
776581,excf.com
776582,exch333.com
776583,exch97.com
776584,exchangerecharge.com
776585,exchleague.com
776586,excite.dating
776587,excitementhollow.shop
776588,exclusion.it
776589,exclusive.hu
776590,exclusivosclubeshell.com.br
776591,exe.bz
776592,exe.pt
776593,execuspecs.co.za
776594,executari.com
776595,executivelease.gr
776596,executor-it.ro
776597,executorkrnl.com
776598,exedc.com
776599,exegen.info
776600,exelgreen.com
776601,exelsolar.com
776602,exercicioscorporais.xyz
776603,exerciciosquanticos.com.br
776604,exercisecoachjapan.jp
776605,exeshoes.es
776606,exevopan.com
776607,exhalessence.fr
776608,exhilawriting.com
776609,exhub.co.kr
776610,exim.gov.mk
776611,eximusedu.com
776612,exircenterclinic.com
776613,exist.com.tn
776614,exit.com.pe
776615,exitobet.com
776616,exittoys.fr
776617,exittoys.nl
776618,exituswebapps.com
776619,exo123.io
776620,exobooster.com
776621,exoderil.com
776622,exohore.com
776623,exoikonomo2021.gov.gr
776624,exoikonomoneon.gov.gr
776625,exona.ai
776626,exonova-logic.com
776627,exordonline.com
776628,exotic789.net
776629,exoticammo.com
776630,exoticestore.com
776631,exoticflora.in
776632,exoticnotes.com
776633,exp.pl
776634,expandoncloud.com
776635,expandx.in
776636,expediataap.es
776637,expediataap.jp
776638,expedienteclinico.mx
776639,expedienteeducativo.gob.do
776640,expenseanywhere.net
776641,expenseplus.co.uk
776642,experia365.com
776643,experienceit-now.com
776644,experienciabanca.cl
776645,experienciabantrab.com
776646,experisfrance.fr
776647,expert360.com.py
776648,expertaccounts.com
776649,expertchat.me
776650,expertduturf.net
776651,expertjobs24.com
776652,expertonlinetraining.com
776653,expertsfaq.com
776654,expertstool.com
776655,explainplaysettwisting.com
776656,explainsafe.nl
776657,exploitsonline.com
776658,exploracaosemlimites.com
776659,exploratio.nl
776660,explorelearning.cloud
776661,exploremoreil.com
776662,explorercanopies.com.au
776663,explorex.co.in
776664,explorit.nl
776665,explosi.bg
776666,explotool.pl
776667,explus.kz
776668,expo.co.il
776669,expo.paris
776670,expo2025shop.jp
776671,expo2027shop.jp
776672,expobite.net
776673,expoking.net
776674,expomx.in
776675,exportacioneslampire.net
776676,exportimportcourse.com
776677,expostore.pk
776678,expoyerweb.com.ar
776679,expresmenu.com
776680,expresolancioni.com
776681,expresomarvisur.com
776682,express-gc.com
776683,express.srv.br
776684,express24.al
776685,expressautoauction.net
776686,expressclassifiedstt.com
776687,expresscoursier.ma
776688,expresscredit.co.zm
776689,expresscredit.com.na
776690,expressdkv.pics
776691,expresselwadi.com
776692,expressfly.in
776693,expressgst.com
776694,expresshub.com.bd
776695,expressindiatechnology.in
776696,expresskingz.com
776697,expresso.ac
776698,expresso.pe.gov.br
776699,expresso.pr.gov.br
776700,expresso.se.gov.br
776701,expressocidadao.pe.gov.br
776702,expressoitamarati.com.br
776703,expressone.bg
776704,expressone.si
776705,expressoneltd.com
776706,expresspay.az
776707,expressportables.com.au
776708,expressprep.ca
776709,expresspullnsave.com
776710,expressretailerp.com
776711,expressretailsa.com
776712,expresssolutionscuba.com
776713,expresstickets.com.au
776714,expressway-discount.jp
776715,exprints.com
776716,exprohelp.com
776717,exsite.su
776718,extanbebe.gr
776719,extasy.com.ar
776720,extaz.kz
776721,extendedversion.org
776722,extentworld.com
776723,extraa.in
776724,extraacards.com
776725,extrabet.net
776726,extrabet777.vip
776727,extrabonus88.com
776728,extraciu.com
776729,extradecolombia.com.co
776730,extraflix.mobi
776731,extraflix.org
776732,extrajosh.net
776733,extranet-iobsp.com
776734,extranet.co.in
776735,extranetlivonius.com.br
776736,extranetrh.com
776737,extranjeriamurcia.com
776738,extraportfel.com.pl
776739,extrememodels.net
776740,extremeorders.com
776741,extremepaq.com.do
776742,extremerangeoutfitters.com
776743,exurenvios.com
776744,exwager.com
776745,exxe.com.co
776746,exxxtreme.co.kr
776747,ey2lnfj7oi.com
776748,eyagi.co.kr
776749,eyangnow.com
776750,eyangtogeltoto.com
776751,eyc.ac.ir
776752,eye-fleet.com
776753,eyedoctor.com.tw
776754,eyeelectronics.net
776755,eyegir.com
776756,eyejack.in
776757,eyekarekilitch.in
776758,eyelit.com.ar
776759,eyelovebrillen.nl
776760,eyemuse.my
776761,eyes.ua
776762,eyesmartemr.in
776763,eyetexdsr.com
776764,eyeup.co.jp
776765,eyevol.com
776766,eynakluna.ir
776767,eyoumall.co.kr
776768,eyouthlearning.com
776769,eysa.com.br
776770,ez-24h.com
776771,ez-iok.com
776772,ez-seminar.jp
776773,ez.rv.ua
776774,ez10b.com
776775,ez333v1.com
776776,ez777.game
776777,ez7777game.com
776778,ez777a.com
776779,ez88-link.lol
776780,ez96.co
776781,ez96v1.co
776782,ezabypharma.com
776783,ezanalyticx.com
776784,ezapchastyny.online
776785,ezaudita.com
776786,ezb69.com
776787,ezc.kr
776788,ezcarcare.co.uk
776789,ezcaretech.com
776790,ezcash.lk
776791,ezcashbdfb3.com
776792,ezcbdd.com
776793,ezcourtpay.com
776794,ezdealertags.com
776795,ezdravlje.me
776796,ezeecargo.com
776797,ezenedu.com
776798,ezexam.in
776799,ezez00.com
776800,ezez11.com
776801,ezez88.com
776802,ezez99.com
776803,ezezph.org
776804,ezfun777.net
776805,ezgo.co.il
776806,ezhealthtrack.com
776807,ezheng168.net
776808,ezhishi.com
776809,ezhomeselling.net
776810,ezi88diamond.com
776811,ezidara.net
776812,eziplan.com.au
776813,eziway.net.au
776814,ezjersey.com
776815,ezjersey.net
776816,ezlawyer.com.tw
776817,ezmas.mx
776818,ezmeterai.id
776819,ezmethpro.ca
776820,ezo.tv
776821,ezonecloud.com
776822,ezoworld.hu
776823,ezpassmaineturnpike.com
776824,ezplay2001.com
776825,ezplay42.com
776826,ezplay777.net
776827,ezplus.com.tw
776828,ezpretty.com.tw
776829,ezreports.com
776830,ezrich88.com
776831,ezro.kr
776832,ezspin4.com
776833,ezssc.in
776834,eztec.com.br
776835,eztwins.co.kr
776836,eztyping.com
776837,ezurchil.gov.mn
776838,ezustfenyklinika.hu
776839,ezvipv1.com
776840,ezvsms1.com
776841,ezvsms2.com
776842,ezwin168.net
776843,ezwin168.win
776844,ezwinv1.com
776845,ezwm4.com
776846,ezwm5.com
776847,ezwm6.com
776848,ezy.company
776849,ezy2ship.net
776850,ezycable.com
776851,ezykam.com
776852,ezypay.co.in
776853,ezyplay24.com
776854,ezys.lt
776855,ezytm.in
776856,ezzyshopbd.com
844324,ej.by
844376,eblockchainconvention.com
844400,ezcommunitysuite.com
844422,egmontgroup.org
844525,eic-aid.com
844571,eurosintesis.es
844599,extranewsfeed.com
844722,eldoradio.de
844823,ellasbubbles.com
844902,eagletoolandsupply.com
844945,equatorcoffees.com
844963,ergelt.mn
844978,easystockhosting.com
844984,echotechplus.co.uk
845038,editorsofficial.com
845057,eleven.ma
845071,evo-shop.ru
845079,elitegamingworld.nl
845144,evalato.com
845150,enaktif.net
845204,elmundoeats.com
845214,emdserono.com
845246,eldo.lu
845268,eishockey-world.news
845288,eltiempo.co
845341,elitecardventureworld.nl
845374,epicdeck.co.uk
845380,elitechipquestzone.nl
845424,eliteguideonline.nl
845443,eldonwater.com
845491,ezbarrier.com
845514,ecardsonlines.com
845526,e0q2uli.top
845528,eiglaw.com
845572,eduzzcdn.com
845584,emersoncollective.com
845603,estadio.com
845640,elbitsystems-de.com
845651,envayeconfort.cyou
845673,ebanksepah.ir
845731,energy-casino.hu
845814,erasmuscorp.gr
845815,evangelizo.org
845824,euro-telefon.pl
845835,ecrypto1.com
845865,evrostroy39.ru
845926,etatlibredorange.com
845966,energiewacht.nl
845969,ecs-org.eu
845974,en-hotel.com
846022,eliteroulettestation.com
846066,experttrackpro.nl
846071,ecuedit.com
846092,egu-diplom.com
846094,europe-kikaku.com
846099,egkw.com
846113,exercitatiofenae.com
846121,exonnetwork.com.tr
846168,expatgo.com
846179,emk.de
846183,ellisbrooklyn.com
846208,elbanana.sk
846235,egiftify.com
846259,etnikarchiv.hu
846282,earth911.org
846296,elantepenultimomohicano.com
846297,eropic.club
846396,ezysurf.co.nz
846417,e-pneu.ro
846418,ecvr.shop
846419,egsg.shop
846420,embroimba.org
846504,edgecdn-eu.net
846505,elephantenergy.org
846506,eurekabuilder.xyz
846507,exchangeratehq.com
846573,ekyrs.org
846594,editorialbreaking.co.uk
846634,elfarmaceutico.net
846675,eeginfo.com
846679,expowand.de
846707,echn.org
846721,easymorph.com
846739,enableme.org
846757,ehhealth.ca
846775,eznpc.com
846831,exclusiveporn.net
846860,equada.com
846904,ezc2.sh
846926,esbvolga.ru
846944,evegro.com
846947,eastwindhotels.com
847008,echocentralhub.co.uk
847023,ereznet.com
847063,expresswirerope.com
847065,ellensstardustdiner.com
847096,elsenutrition.com
847098,e-interium.pl
847099,elasticgym.ru
847105,elastic-data.fr
847179,ersatzteile-info.de
847227,ebookbrowsee.net
847253,evolvefield.co.uk
847259,eliteroom.ca
847272,exvoto.ca
847385,easyculturecentral.nl
847441,elitehubgroup.nl
847452,equals.com
847506,espaceland.com
847545,ejercitoecuatoriano.mil.ec
847551,echohub360.co.uk
847583,elitecreativetrackpoint.nl
847584,espwebsites.com
847602,eburet.tech
847627,ewk.hu
847636,edmontonoilers.com
847688,evedex.tech
847703,ecigtalk.ru
847709,esrifrance.fr
847769,eagereyes.org
847785,ezokniga.com
847816,evolvlife.com
847931,epochsjewelry.ca
847975,echomark.ca
847986,exposys.in
847987,el-com.su
848007,edenrestaurantsupply.com
848048,easeus.co.kr
848056,ezychat.app
848124,elitegrid.de
848140,euroluxechicago.com
848160,epsolarpv.com
848200,ein.uz.ua
848203,edianji.net
848236,eekang.net
848260,elitespinzone.nl
848266,elitespot.ca
848379,eamoxil.com
848445,ebalko.net
848468,estateline.ru
848489,englishconnection.es
848504,eecertification.com
848513,energylabel.org.tw
848522,ecom.et
848540,envirobatbdm.eu
848570,emseal.com
848573,easywebshop.be
848610,egrowads.com
848684,eryemov.cc
848701,estella.fr
848705,enterthebible.org
848708,edgeestimator.com
848794,epwater.org
848795,elitevistaworld.nl
848857,extremekartz.com
848885,edia.app
848908,ericaltman.net
848965,ejazzlines.com
848982,easytourchina.com
848987,elegantwebhosting.com
849004,eatingeuropean.com
849059,enigma-validator.com
849060,ee-ties.com
849079,eempodium.com
849082,echoland.ca
849109,e-point.pl
849123,economiafinanzas.com
849151,emailimagecdndmzp.com
849163,eliteoddsforge.com
849189,emdns.it
849224,engelheim.de
849279,external.at
849317,educacionenred.pe
849339,efs-survey.com
849378,euro-ins.ru
849409,electronicbox.com
849422,eternaldesire.com
849465,equmeniakyrkan.se
849467,easy-media.ru
849509,ejournal.org.cn
849521,eldalcahuino.cl
849598,eurolux.az
849641,evermaps.net
849665,eigenhaard.nl
849675,easternbaseinsider.nl
849684,evolveexchange.co.uk
849743,everbetbank.com
849800,efor-group.com
849806,edsd.org
849807,enduradocs.dev
849817,empowermentstrategiesllc.com
849831,eastparts.ru
849838,euautodily.cz
849862,eliteleague.co.uk
849872,erm.ee
849875,edalegka.ru
850054,exnessstats.com
850077,edu.pe.ca
850087,emptyeasel.com
850152,ejanews.co.kr
850188,educlub.com.br
850189,einhell.at
850190,elecodigital.com.uy
850252,epiccardslounge.com
850261,ewerly.com
850264,emule-rus.net
850404,emedias.co.uk
850422,edmprod.com
850423,engageind.com
850463,e30club.ru
850548,eacceleration.com
850555,etampuuri.fi
850556,electric.kiwi
850585,encoura.org
850592,eye-of-horus-jackpot-king.com
850600,edox.ch
850651,easytower15.site
850714,eth.net
850738,entoen.nu
850749,eigensonne.de
850756,easyseo.com.my
850774,emp1.ru
850791,etax.ru
850797,erwns.co.uk
850813,elergonomista.com
850836,easymessage.com
850839,enews-qca.com
850850,en24.news
850858,estia.fr
850959,epicjackpotcentral.nl
850975,enlpe.cn
851006,egongzheng.com
851028,express-bot-service.ru
851031,ensineme.com.br
851075,edgeboston.com
851090,exchange.name
851117,eurodental.shop
851170,elbulli.com
851175,easydail.com
851185,enttec.com
851199,ektoplazm.com
851211,emmi.fi
851258,efoli.ru
851345,evetycoon.com
851350,eventkeeper.com
851362,estmt.net
851382,ene-mene-mobile.de
851387,ethnikiasfalistiki.gr
851459,energyplus.com
851484,esunfhc.com
851509,elitebrightfieldzone.nl
851547,establishment.gov.pk
851552,ergo-versicherung.at
851582,edmondsfashion.com
851588,easttexasradio.com
851595,exploring-economics.org
851619,evintosolutions.com
851648,eju.cn
851658,emory.org
851669,elenota.pl
851711,employerpay.com.au
851789,egoiapp.com
851865,exbowl.com
851934,efriends.at
851945,endev.ru
851957,edu-2030.eu
851967,emoscape.org
852008,extendicare.com
852051,evosus.com
852073,eskortejenter.net
852076,echotechblog.co.uk
852124,englishtown.com
852133,econcepts.nl
852196,ennews.com
852204,essinc.com
852217,elitegamingarena.nl
852261,edgeserv.ru
852265,espace-ip.com
852298,erabitstudios.cn
852313,estandarte.com
852321,eblocks.hosting
852323,eboss.co.nz
852324,erectionclub.us
852344,esunfhc.com.tw
852377,elibrary.org.uk
852411,eindhovennews.com
852425,express-vpn.com
852444,easyloanplus.com
852483,edomh.nl
852511,enrad.no
852518,eplk.ru
852519,emoryday-analytics.com
852527,everydaybusinesslaw.com
852563,enamine.net
852572,eatingdisorderfoundation.org
852576,esystemy.com
852599,egyptevoyages.com
852603,edisonkitchenct.com
852664,epsom-sthelier.nhs.uk
852672,edit.az
852673,epbs.ru
852706,etaktraffic.com
852744,etaiwan.news
852779,ediblearrangements.ca
852802,elitehubpro.nl
852809,epixelmlmsoftware.com
852860,emeraldcasino.co.za
852938,empsan.com
853031,expatsinbangkok.com
853037,esim365.ru
853047,epicjackpotzone.nl
853075,easy-clinic.ru
853119,emulsive.org
853148,ezlab.im
853251,everydayhealthyrecipes.com
853272,episource.com
853330,efs.gov.pl
853378,e-yamashiroya.com
853424,eksmaoptics.com
853482,elcome.com
853575,expert-ural.com
853587,elitedailyagency.nl
853590,en-medellin.com
853592,eluzive.dev
853606,elitegreenforgepoint.nl
853657,edudns-r2.edu.tw
853666,exmiter.com
853707,entertainingwithbeth.com
853732,elektrostandard-sale.ru
853741,escacs.cat
853743,ensinolugo.com
853777,ergosimansi.gr
853793,everwall.com
853815,ets-lindgren.com
853817,esi.info
853833,equalrightsamendment.org
853861,exporttok.com
853912,electricians-r-us.co.uk
853952,endeavourgroup.com.au
854039,emailimagecdnadz7.com
854042,entetsuassist-dms.com
854057,eclipticlab.xyz
854074,emprada.com
854098,eisees.com
854107,ebiquity.com
854118,echobrit.uk
854143,ebalka.today
854149,edenart.com
854152,eurotele.com.ua
854220,elitearenalinesmax.com
854243,elstarbikes.com.au
854309,earth-syst-sci-data.net
854344,elitebase.de
854373,epicslotcentral.com
854383,envoria.app
854389,everyiowan.com
854396,evz.io
854404,excavators-spare-parts.com
854497,ecmdi.com
854498,elazienki.pl
854499,electro-market.com.ua
854500,electro365.es
854501,encore.moe
854502,euromaster.ro
854627,ee29.com
854643,ethanyoo.com
854707,easternbookmarket.nl
854710,evaa.finance
854719,europages.no
854726,explainingmortgages.com
854747,estrieplus.com
854752,escargot.chat
854794,esbenergy.co.uk
854847,earth-hosting.com
854857,elitecardarenahq.com
854863,eltexcm.ru
855013,eliteonline.ca
855029,enteracloud.com
855059,esoft24.com
855060,evrika41.ru
855126,eis-perfecto.de
855148,epicpayout.nl
855167,eloan.com
855191,eli.gov.pl
855203,expofurnituregallery.com
855234,entersoft.kr
855265,ecdns.net
855334,escol.as
855335,evoluma.com
855360,elamigosweb.com
855361,epresis.com
855389,experiencefreedom.co.uk
855431,easybiologyclass.com
855438,electrika24.ru
855447,esignserver1.com
855452,endlessoffer.com
855479,eliteroyalcentral.com
855533,epsteinscan.org
855542,elmundo.com.bo
855549,emporium.az
855692,eventdrive.com
855705,electricaltrainingalliance.org
855723,elo.org.uk
855743,eyesonmobile04.site
855784,eshopp.ro
855814,eestieest.com
855824,es-tech.co
855875,eurofile.info
855882,easternautomarket.nl
855897,e-classa.net
855898,enherts-tr.nhs.uk
855905,echonow.cz
856076,elplazas.com
856160,eat24hours.com
856276,ecomengine.com
856291,elvvs.dk
856318,eldritchpress.org
856351,econoco.com
856358,emenel.ca
856394,energosbyt.by
856411,elwaministries.org
856441,eudoramail.com
856490,electronicwerkstatt.de
856493,emeraldcoastbyowner.com
856514,eco.pt
856530,esrr.ru
856560,ellove.net
856579,epicvipcentral.com
856638,eurotp.ru
856669,edelink.ru
856691,elevensports.com
856765,eventknock.com
856785,explorechicago.org
856798,e-borghi.com
856867,echandoraicesgrowshop.com
856906,endo-society.org
856910,eurobaustoff.dev
856955,ejeonbuk.com
856989,e-bikeshop.co.uk
857033,einfachganzleben.de
857051,enoctus.com
857069,emtec.com
857071,evolveprime.co.uk
857101,eltemplodelasmilpuertas.com
857110,evansville.net
857135,esu.edu.cn
857185,engsaat.com
857208,exh.ai
857219,e-yugansk.ru
857266,evreux.fr
857279,eflomax.com
857292,esbe.eu
857304,ezbills.com
857353,enzodialer.com
857377,eaglenews.ph
857406,eoddata.com
857420,everydaydishes.com
857429,enviroent.in
857483,electronicpuffs.com
857491,eyxsp2.com
857503,ecommercetrustmark.eu
857533,engagingnetworks.net
857541,emilspec.com
857607,escapetours.com
857634,enjoy.jp
857639,edu-ukhta.ru
857659,euvino.eu
857670,every.io
857699,eddievarelaformayor.com
857716,ewalletchecks.com
857756,epicor-inet.com
857781,emesent.com
857822,ecodev.ch
857853,elcerritoliquor.com
857854,espo.sh
857909,engov.com.br
857940,epson.nl
857965,ebanko5.casino
857966,expeditools.com
857969,elphel.com
857973,elektro-nagl.at
858004,eastasset.me
858087,elitebookiecrew.com
858094,eveningalert.com
858157,epichouseesports.com
858162,estore.software
858195,ernstings-family.services
858207,evdakovo.ru
858257,echoprimeblog.co.uk
858259,e-businessassistuk.com
858275,eddyfamily.co.uk
858322,epage.pub
858352,ecreee.org
858379,escapebullying.be
858394,ezhevita.dev
858413,euromatech.com
858430,essentialbeautydeals.de
858452,elitrack.com
858462,ekbops.ru
858466,eurofer.eu
858473,emmett-technique-hq.com
858502,elitespinworld.nl
858518,expres.ua
858559,exoplanets.org
858564,espisang.shop
858572,ecolan.com
858641,eco-tartan.kz
858646,epsilla.com
858656,efott.hu
858695,esolution.services
858716,elitestackhq.com
858784,eu.sk
858818,echocreativeblog.uk
858833,encamp.com
858841,eogallery1.com
858844,efuegypt.org
858863,explorenomad.nl
858869,echoinstant.com
858871,es-notenshop.de
858898,eu-patient.eu
858924,estacaofm.com.br
858930,evolvelounge.co.uk
858934,elitenovadrivezone.nl
858945,empregoestagios.com
858952,echelonsupply.com
858958,eplocalnews.org
858964,evicon.fun
858981,etelligentsolutions.com
859028,erdmost.hu
859030,envoyage.com
859072,ectacenter.org
859110,envirodatagov.org
859115,efl.pl
859132,energint.net
859147,expekt.dk
859215,extreme-software.com
859232,earthfare.com
859284,eleganzatraders.com
859298,eumactis.org
859305,esfahanemrooz.ir
859310,edingershops.de
859312,elitespacegroup.nl
859391,egoogle.co.in
859411,experthost.ro
859413,europetheband.com
859487,escapejungle.com.br
859500,expertagentsnearme.com
859550,easyjapanese.net
859568,edmin.com
859611,ethreemail.com
859645,eliftruck.com
859653,epcos.com
859690,ebrinteractive.com
859702,europcar-infos.com
859746,ezma.de
859803,ennovelgame.xyz
859827,elsteadlighting.com
859851,epicjourneygames.ru
859870,empolifc.it
859889,elatedpullsauciness.com
859901,eercboston.org
859933,elysium.nl
859936,ehealthpsuluth.com
859939,entsyklopeedia.ee
859946,eschenbach.com
859949,esvs.org
859985,epitaphe.ma
860021,eebjit0.com
860125,exclusivefitted.com
860171,ehs.org.uk
860180,edgewaterwine.com
860200,elba.ru
860237,egoloversus.com
860273,eskalip.com
860322,email.ru
860375,experiencedays.co.uk
860376,eheats.ca
860411,essens.com.tr
860414,electromart.com.gh
860424,elizabethclairs.com
860455,education.gov.bt
860460,empirereportnewyork.com
860486,easyhost.com.na
860561,engen.com
860572,endless.horse
860574,easyflighttraining.com
860584,elmoreleonard.com
860612,epicpeople.nl
860617,exp0.dev
860618,educatransparencia.cl
860629,essnce.se
860651,eddie-hernandez.com
860673,emilianosciarra.it
860704,evapco.com
860729,efytimes.com
860762,enxoy.eu
860880,ehe.jp
860919,effectwerkt.nl
860935,epop.ai
860945,eropasture.com
860994,elitestudiodirect.nl
861012,eschein.com
861013,eliteclearscopepoint.nl
861016,evisa-egypt.info
861041,etc.ru
861096,etwarm.com.tw
861120,eigenstart.be
861125,email15.net
861181,ecadata.de
861197,ecolabel.org
861198,ecostake.com
861299,e-region.cz
861300,ehphut.asia
861301,eliotbylegrand.com
861302,endpointhere.com
861303,eniris.com
861304,erie-home.com
861305,eriebasementsolutions.com
861306,eriehomeroofingsolutions.com
861307,eservicebits.com
861308,esyorchestras.org
861309,eutekne.eu
861555,epr-apps.com
861556,eseomail.com
861567,ev26.com
861585,easygonet.ru
861595,ensilabas.com
861633,esi-cms.com
861636,eassos.com
861823,e-aboud.fr
861857,etana.org
861859,echtgeld-casinos.net
861884,eqcdn.com
861937,euromekanik.se
861967,eco-regalos.com
861986,empleate.net
862009,energyindustryreview.com
862017,etawebtasarim.com
862077,elettrostar.com
862110,ecaravanparks.com
862112,esendex.co.uk
862151,egdomino.com
862156,enotecaquick.it
862166,erusd.org
862167,evrostroy-sochi.ru
862171,ezokniga.ru
862174,effsdfgjhsjksk.com
862177,euroslot.tv
862208,epica-awards.com
862218,earthquakerdevices.com
862231,ekowebtech.net
862250,educatlantis.net
862273,erotikfoto.ru
862280,egenix.com
862343,edfgb-kraken.energy
862361,esaudihost.com
862387,expertfootball.com
862420,elecoverse.com
862451,estrela.com.br
862457,erlaan.se
862458,expocenter.or.jp
862498,edukatif.org
862538,escortsencolombia.com
862607,electrowebstore.com
862628,eclipsewagerhaven.com
862658,eltmfm.com
862663,eicon.com
862670,eflomax.online
862689,electricmotorwaterpump.com
862696,ekipirovka.ru
862720,etapes.com
862749,e-t-a.com
862761,evidencegrid.co.uk
862775,egiptologia.com
862793,europlanet-society.org
862840,english-lab.net
862869,esto.com.mx
862987,engineeringtds.net.br
863008,esportsrollhouse.com
863113,endpointexchange.com
863151,elextensions.com
863156,explorewander.nl
863186,eurofastgroup.eu
863193,excellencegateway.org.uk
863196,erxuzw.com
863229,ebolend.click
863234,etsubucs.com
863281,egqvape.com
863306,edituraherald.ro
863307,eksploracja.pl
863319,elephone.hk
863334,elitestudionetwork.nl
863348,energyson.fr
863355,eswp.com
863430,e-labochema.ee
863461,eastkingdom.org
863520,espacomaxima.com.br
863523,ezlivinginteriors.co.uk
863543,etl.go.jp
863627,enem.nl
863628,enfant-en-voyage.com
863661,ettoi.az
863681,erobertparker.com
863713,enonet.de
863726,energetisch.fit
863737,ecommerce.auction
863769,eldoraspeedway.com
863791,emagecdn.com
863830,epicjackpotworld.nl
863866,eika.no
863915,empadi.dk
863937,easternblogstory.nl
863959,elaz.ru
863978,experienceadelaide.com.au
863987,eveandersson.com
863989,elfvoetbal.nl
863990,espnevents.com
864004,epcgroup.net
864008,evangeliodeldia.org
864016,eduadm.com
864113,evs2.com
864136,electronicsignature.ru
864146,elevenpaths.com
864164,eluxhungary.com
864172,emailimagecdntsxk.com
864219,ekonomidunya.com
864236,eehaqrhpx.cc
864243,edensport.it
864262,e-integration.ru
864266,extremeperformancewpg.ca
864269,elkhdiwi.com
864282,edi.su
864331,edusign.com
864375,esp82.ru
864414,evolveplus.co.uk
864422,elcapitalfinanciero.com
864481,etrehumain.ca
864496,edinetdb.jp
864504,e-ds.cn
864537,edgetls.xyz
864604,elavonconnect.com
864614,extremelyfasthosting.in
864623,epulse.com
864647,eteamsponsor.com
864709,epicscope.co.uk
864713,easyweb.dk
864723,eltrubiroh.sk
864729,estrellafugaz.org
864754,ebs-linz.at
864789,enjoyurbiz.com
864793,equipeceramicas.com
864801,energis.pl
864907,emedtv.com
864908,ecolantvyksa.ru
864912,everygroup-job.net
864919,educationscotland.gov.uk
864920,eidosinteractive.com
864942,elegantstoreeg.com
864944,e-collantes.com
864992,edifier-prices.ru
865007,exemail.com.au
865054,exp.gg
865077,excalibur.com
865089,esquiresg.com
865099,echocentralonline.co.uk
865131,esafety.cn
865186,ecohostedservices.com
865267,elbuentono.com.mx
865276,excelcleaningservices.co.uk
865289,enda.se
865305,esupport.com
865307,elegidaparasiempre.com
865322,ewww.io
865323,entabe.com
865333,epvp.com.tr
865357,escaperoad.live
865416,ellibrotecnico.com
865433,eksmo-office.ru
865442,expertitworld.com
865471,eddymerckx.com
865486,etherpad.com
865569,entro.security
865608,e-a-a.com
865615,eduid.cz
865654,epjournal.net
865657,enfieldpages.co.uk
865665,enping.gov.cn
865686,elevartelecom.com.br
865691,entgiftungsberater.com
865692,etd-online.ru
865698,ethology.ru
865752,elgitar.com
865756,embed4me.com
865801,empirehighroller.com
865802,elancer.co.kr
865828,edgestudios.com
865831,eshopfa.net
865833,emporiaresearch.com
865887,exe-coll.ac.uk
865902,exhibited-sim.com
865904,eihc.eu
865926,elitebot.dev
865940,exploit-intel.com
865978,extraordinarz.com
865981,erochat-community.com
866012,everysaving.com.au
866066,eisenach.de
866090,enurnyboxlike.qpon
866140,eastern.in
866146,ezazlms.com
866215,eb.de
866227,esxatos.com
866233,ecology.com
866260,elksherd.ca
866337,edgelib.net
866400,eastupdate.com
866446,edicenter.de
866449,elitespinonline.nl
866452,easyaccess.cn
866469,edexone.com
866475,e-epih.org
866517,excellentphoto.ca
866521,evolux.net.br
866523,efesta.ru
866538,economytimes.ru
866542,einfach-teilhaben.de
866558,etnetera.cz
866575,ensemblepress.co.uk
866577,ekobyar.se
866581,engineroomdigital.com
866609,ethirteen.com
866614,efadh.com
866634,eposta1.com
866635,empower.it
866657,ecuadorcloud.net.ec
866694,eclipseworldnow.com
866771,elbalcondemateo.es
866772,elleme.com
866773,erstwilder.com
866774,exdat.fr
866817,eatarian.com
866881,evenbreak.com
866933,einfo.ru
866948,exotic4k.com
867030,ei-publishing.co.jp
867031,esomall.com
867061,easternhealth.ca
867065,elsur.cl
867123,enigmaappliancerepair.com
867145,edaa.sa
867200,eformity.net
867228,e3mag.com
867245,enginehousepower.com
867385,experfy.com
867442,e-space.bg
867449,elara-wijoh.online
867459,ebah.com.br
867462,europost.nl
867484,ecsxtal.com
867506,evolvebase.co.uk
867532,epson-biz.com
867542,estacion-cigars.de
867610,eurocapa.com
867628,edupadi.com
867638,ecodns.uk
867639,easyoffices.com
867653,euro-book.co.uk
867654,eadscience.com
867657,echo.ac
867742,engelsdkb.ru
867754,echocultureblog.co.uk
867775,ezcash.casino
867815,eeban.com
867829,e-baby.si
867850,eliteclearnodespace.nl
867898,echosphere.cz
867926,eta.ch
867951,eclipsedigital.net
867953,emrd.gov.bd
867958,expertboxing.com
867982,eits.pro
868054,easybriefelite.nl
868067,es-standart.com.ua
868090,ecl.net
868099,euroresources.co.uk
868122,epngames.com
868175,eschoolapp.in
868191,excite.mx
868206,elektro-slaby.cz
868211,enzomuratore.pl
868235,expondo.pl
868256,egmont.com
868293,echoglobalonline.co.uk
868323,elmscreative.com
868371,e6uhisl.com
868372,elitepalace.ca
868415,esportslandgrid.com
868493,echospot.ca
868507,elmistermovie.com
868514,elitespacenetwork.nl
868524,exwayboard.com
868559,edrnet.com
868585,eurocali.com
868599,egilse.at
868605,e-gmat.com
868634,exploration.org
868642,elliottdavis.com
868657,epicurean.com
868677,electrictoolbox.com
868712,efg.gg
868735,echoinglight.cc
868739,esportszone.my
868781,eurekamesquite.com
868792,executiveample.com
868864,evocagroup.com
868876,enkapro.net
868901,elitebluedriveworld.nl
868911,emeraldpointe.com
868922,erhvervplus.dk
868981,emergenteducationva.com
868991,elsyton.com
868998,eclipseplaymatrix.com
869018,ecareer.ne.jp
869024,evirtualservices.net
869092,emeraldislerealty.com
869132,evolvecraft.co.uk
869135,eztg.cc
869139,europeanpressprize.com
869167,elmarts.ru
869179,evian.co.uk
869232,ebaymainstreet.com
869242,eureka.edu
869247,enthub.it
869267,e-scooter-web.de
869281,ejaf.org
869297,evisaturkiyeonline.com
869305,eagzchurch.bond
869375,ebarotech.com
869418,e-imagedata.com
869442,eggsupgrill.com
869528,erethon.com
869602,ecowrd.com
869628,esnw.net
869667,electricshuffle.com
869725,europeum.org
869754,epanel.pro
869782,exploringgreece.tv
869898,echotodayplus.co.uk
869904,equivalenza.com
869914,eltianguisvirtual.net
869958,ead-it.com
870060,engitel.com
870222,epidiolex.com
870310,empireofexchange.net
870361,englishuk.com
870385,ezzin.com
870416,eyecandid.io
870431,eduindex.org
870458,economy-ru.info
870464,ezgi.com
870573,elmhost.com
870591,elementlogic.net
870607,eggerapps.at
870613,everi-interactive.com
870624,exe.ua
870628,exectours.com
870644,efaith.com.hk
870649,emaildatabase.marketing
870661,e-yazilim.net
870662,enostr.ru
870670,e-promocoes.com.br
870739,ersj.eu
870741,energyexch.com
870751,edilcommerce.com
870810,enterhome.gr
870857,eyepin.at
870917,epicwagerstation.com
870963,executeandship.com
870965,editshare.com
870979,en-jine.com
871105,epcard.com.cn
871128,elektromotorenmarkt.de
871177,esportsadvocate.net
871213,emailksa.com
871225,echohubmag.co.uk
871249,entradas.plus
871264,eztel.ca
871268,export.gov.il
871331,emailzer.com
871346,ehost.net
871383,enlawded.com
871394,effect.website
871429,ex-pa.jp
871433,elitebookietower.com
871436,echolifemag.co.uk
871443,essentiallypop.com
871466,eurokasyno-gry.com
871476,esportspeakx.com
871492,edifyedmonton.com
871546,ezviewu.net
871561,eppingforestguardian.co.uk
871628,escapes-escorpiao.com
871630,elevatescope.co.uk
871647,ejuqi.com
871682,eromanga-jkschool.com
871695,eahoraebike.com
871696,eurofides.com
871705,ewe.info
871717,ebsromania.ro
871743,euraxess.de
871796,exif.org
871804,eleveightmarkets.net
871815,elkhornhosting.com
871824,eurocopter.com
871857,estiahealth.com.au
871882,evino.eu
871898,eurolog.com
871927,escalehost.net
871966,exocharts.com
871970,engie-solutions.com
872001,egs.gov.cn
872010,evorim.com
872052,ehrenwert-dns.de
872075,engineowning.su
872077,eurobetscasino.com
872097,ebooksalamai.com
872169,ecp.com.cn
872189,enoavia.es
872212,ep.tc
872253,ext-integral.com
872256,easymathprint.com
872303,elevonvault.co.uk
872384,eta.co.uk
872390,enlazatehosting.com
872430,edenperfumes.co.uk
872436,ecopirs.ru
872437,edibazzar.pl
872456,exapro.it
872478,epponline.com
872509,esp25.com
872511,emploisoignant.com
872514,echotasarim.com
872519,ekipart.com
872528,e521.com
872531,eci.id
872539,eco-action.org
872547,enginehistory.org
872561,eal-bank.com
872570,empeople.com
872599,eucharisticrevival.org
872642,exemplar-industry.com
872722,eji-noh.site
872727,empshield.com
872729,eskimoz.fr
872755,e-gazette.it
872779,executive-magazine.com
872849,extravps.ru
872861,exorbyte.com
872890,erinapp.com
872984,exito.vix.br
872991,energidataservice.dk
873015,eunews.website
873026,elementsm.ru
873040,esportstalk.com
873072,eumm.eu
873082,enerpize.com
873097,etbvadmin.ch
873136,eidr.org
873199,ebarreau2.fr
873200,emovedistribution.com
873201,extremeteens.net
873311,engageats.co.uk
873343,eclipsedomeslots.com
873357,evolvevault.co.uk
873358,elitedrive.ca
873363,e-mobileo.de
873428,expatincroatia.com
873441,efree2net.com
873445,electricsandlighting.com
873489,echoglobal.uk
873495,enderblade.com
873511,elcongresista.mx
873551,embedgames.app
873609,earthindia.org
873623,eren.si
873653,everycafe.com.tr
873655,echoonline360.co.uk
873678,echoplatform.ca
873718,eurofins.fr
873766,eldiariomx.com
873791,ezbuilder.co.kr
873793,earthstructuresgroup.com.au
873873,expres.mk
873891,enmaxenvision.com
873900,ekb.nl
873912,exenn.net
873921,ejy-uve.site
873924,epackagesupply.com
873928,e-steyr.com
873962,easycontactnow.com
873976,easyacc.com
873980,earthmail.com
873987,etc.at
873991,environmentvoters.org
874052,ebony197304.com
874064,eitam-finance.com
874070,edcast.eu
874103,enfi.com.cn
874104,eyesbypremier.com
874120,ecrt.ru
874205,e-aufladen.de
874222,ebimarketing.com
874237,epipay.ru
874239,epicuriales.be
874254,escapegreece.com
874264,eunetip.net
874277,enetworks.jp
874299,eliteslots.ro
874309,epicroyalplatform.com
874394,elevage-volaille-gard.fr
874414,efapel.pt
874423,everstyl-svizzera.com
874425,echobritsite.co.uk
874442,expediataap.de
874459,engli.co
874472,eddyhosting.com
874490,ezdy.ru
874504,exfoexchange.com
874526,emulent.com
874550,ee-news.ch
874551,easpnet.com
874568,econduitapp.com
874585,echohouse.ca
874639,edgedavao.net
874691,esu.org
874716,euromidi.eu
874722,emsvechtewelle.de
874748,embat.io
874758,esporteemidia.com
874794,ecomtools.ru
874836,exporterapp.com
874874,exclusivesis.com.br
874947,empregospernambuco.com.br
874961,econintersect.com
874964,e-to-china.com
875005,epicluckguide.nl
875017,ewrestling.com
875020,elixirschool.com
875041,elavon.eu
875113,eurobikes.com
875176,e-tgl.com
875207,ecis2004.fi
875233,ekmeta.lt
875239,ecore.net
875251,equitylifestyle.com
875268,eazyflicks.com
875291,eliteoddsflowbase.nl
875330,eplib.or.kr
875354,europatrackdays.com
875357,edelstahlschornstein-123.de
875374,edgeflux.ru
875428,epress.fi
875452,ecooffice.ru
875497,eurohealthnet.eu
875499,epicreview.de
875535,equipifieds.com
875553,erodvd.nl
875558,elitearena.ca
875571,eastbrunswick.org
875576,ei.se
875601,eporner.sex
875619,eclatcosmetics.fr
875649,ekis.moscow
875654,eclipsemarketroulette.com
875696,ebarf.com
875699,echoontario.ca
875719,excessclaims.co.uk
875779,escort5.dk
875839,everydayreflections.co.uk
875873,evenbreak.co.uk
875874,echoduberry.fr
875971,epigram.org.uk
875989,eatfeats.com
876005,ebanca.com
876052,extremis.ro
876074,er-wangshangliao.com.cn
876109,ewb.ca
876117,essentials.lk
876131,erinmeyer.com
876158,evogov.com
876191,eglomaroc.ma
876223,etalonteh.ru
876264,eyby.com
876270,emsu.io
876300,encryptedsni.com
876312,explorewestplains.com
876315,edgewaterhotel.com
876331,ensembleui.com
876340,ecliente.com
876341,editoracrv.com.br
876354,elroyalecasino.com
876364,eurostars-eureka.eu
876400,embratur.gov.br
876406,excel-networking.com
876412,edcan.ca
876434,expertdeskgroningen.nl
876455,enewspapr.com
876516,eanjoman.ir
876519,eyeofthestormers.com
876522,eb3.work
876575,evoserv.ch
876585,eyeprosrv3.com
876588,expresweb8.nl
876608,echit.cz
876726,ekovitrin.com
876761,echoarena.ca
876769,esprityamak.com
876774,efort.org
876790,exphosted.com
876792,e-eq5.com
876805,echobritnews.co.uk
876843,etnaland.eu
876865,eoht.info
876936,etisalat.af
876993,espnkijken.nl
877002,eyeslipsface.com
877046,empowerfieldatmilehigh.com
877047,eurobreeder.com
877095,elia-lingerie.com
877134,electromechpartsdepot.com
877182,e-comps.com.ua
877193,e-journal.id
877219,epinfra.net
877221,efb-elektronik.de
877228,equalityni.org
877269,elitegoldenventurezone.nl
877274,elda.at
877314,egdatainform.dk
877317,eban.org
877320,echoclearblog.uk
877345,ec-dejavu.ru
877348,elitecoreroom.co.uk
877391,energytrend.com
877421,eclipsestakeoddspro.com
877463,eurohosted.com
877465,ei2dns.com
877473,eau-loire-bretagne.fr
877490,ewr.de
877500,echoukhub.co.uk
877555,ebibleverses.com
877622,elitebets.ca
877672,ekspos.co.id
877681,erikshjalpen.se
877784,ekd.me
877898,erste.hr
877935,eps-30.com
877939,ec2softwareservices.com
878038,eldesign.com
878079,eunicom.eu
878143,eandi.org
878157,electroother.com
878227,ezyeconomy.com
878276,e-consultants.gr
878278,egotec.net
878301,elitereelmasterspace.nl
878313,edcircuit.com
878314,elitereview.de
878326,elitecardpowerbase.nl
878328,ehooks.pl
878332,egu26.eu
878400,elevenkomputer.com
878429,emenet.com.br
878439,endlesspens.com
878472,ecomland.shop
878482,evaai.ai
878503,eramuslim.com
878516,e-cbd.com
878519,expressbankloan.com
878521,emedyczny.com
878549,epicjackpotlounge.com
878562,eps-60.com
878572,elitebettingworld.com
878647,eisenachonline.de
878677,elephant-talk.com
878724,eh.com
878733,eternalcollegest.com
878764,e-click.jp
878767,ecocarat.jp
878775,emojis.sh
878780,eliteinsight.de
878783,easyfami.com
878810,etelasavonha.fi
878832,erstestiftung.org
878851,evessa.com
878904,echoslots.ca
878946,eliechtensteinensia.li
878965,easiestwebhosting.com
879032,ekogradmoscow.ru
879049,ea22.casino
879051,eromanga.biz
879105,ex.casino
879115,englishtips.org
879174,e-orama.net
879192,ekransystem.com
879203,eko-halal.ru
879207,epal.pt
879209,elang1368goals.cc
879298,exepto.net
879330,economie-emploi.brussels
879338,ebilet.club
879355,elswefy.net
879389,egausa.org
879391,eurocentres.com
879403,eurocastaliahost9.com
879438,epicluck.nl
879445,exwspz.vip
879446,enjoycss.com
879471,ecochain.com
879485,elmercurio.com.mx
879507,enhancer.at
879531,eclipseworksconsole360.com
879545,enteproject.com
879546,eclipseplayworks.com
879584,echoonlineplus.co.uk
879586,epic.com.au
879610,epvo.kz
879636,emmers.eu
879637,ezaudiobookforsoul.com
879714,editriceshalom.com
879715,egcurrency.com
879716,eglow.me
879717,elenakalino.ru
879718,experteletro.pt
879773,esseshop.it
879808,extranet.gr
879818,entertainmentpartners.com
879825,eurosport.pl
879848,eigenmagic.net
879880,ergo-austria.at
879893,espressolab.com
879907,ethnet.com.pl
879976,eredirected.xyz
879995,entriq.net
880083,eskagsanjeevani.com
880168,even.biz
880171,ebow.gr
880184,esolutionsit.com
880230,ee2.eu
880250,ednt.eu
880285,edinumen.es
880288,estatelatvia.com
880291,esoteric.jp
880294,espanol.edu.pl
880296,emeraldgrande.com
880308,enefit.lt
880321,eagora.app
880336,editions-verdier.fr
880367,epicspinstation.com
880386,engoo.co.th
880433,edge-content.net
880511,expertsportslink.nl
880519,eboseks.one
880541,elmhurst.org
880546,erakini.id
880594,europebay.eu
880611,eond.com
880625,eroboys.ru
880644,elevatelogic.co.uk
880654,eshops.gr
880664,ecodermic.com
880685,example-scc.com
880696,epicpalaceonline.com
880757,elabscience.cn
880765,ecosupplements.eu
880791,evenito.com
880837,eyeofhoruscasinogame.top
880869,e-rescue.it
880921,eitri.tech
880929,eagleinstitutes.in
880951,ecosteamcleaningltd.co.uk
880998,eqoarevival.com
881020,elektroschetchik24.ru
881035,enformion.com
881048,eximbankbd.com
881116,ethg-api.online
881122,examedia-service.ch
881130,e0575.cn
881134,engage2convert.co
881154,e-kart.com.ar
881165,equityrealestateusa.com
881179,eosnation.io
881193,elende.ao
881194,euroviane.es
881207,emsisd.com
881225,espace-buro.com
881244,emshostingsystems.com
881246,eudoxuspress.com
881284,ecosociete.org
881296,ecole-paysage.fr
881321,essaysbank.com
881322,emojiio.com
881354,eicq.cz
881364,eternalink.ca
881391,entergynewsroom.com
881407,emf-informatique.ch
881410,educationrecruitmentboard.com
881424,energytracker.asia
881502,edel-infra.ee
881518,exponentii.org
881521,emprendepyme.net
881558,efpcb.com
881559,elmerfem.org
881560,enhj.shop
881578,elloslotrun.com
881625,ecgc.in
881629,echomodernblog.uk
881666,edvring.com
881685,edtechzine.jp
881763,eda7.ru
881765,eps-80.com
881766,edpost.com
881788,eoejhb.net
881801,echoworldmag.co.uk
881854,edgelabs.game
881894,enemyterritory.pl
881924,electricvine.com
881949,earthgrownkiddoughs.com
882048,edifika.mx
882099,elastic-gov.com
882136,elitefinanceconnect.nl
882207,eliteguidedenhaag.nl
882228,eigen-domein.eu
882239,eu2av.com
882247,en100palabras.cl
882264,e-comexpert.ru
882343,e-conolight.com
882386,elixens-france.com
882394,epicflow.com
882415,energynewsbeat.co
882431,evrazsteel.ru
882488,eco-ug.com
882621,external.es
882636,e-0-m-x.com
882690,educationexchangeltd.org
882691,epaper.com.tw
882720,expressweldcare.co.uk
882735,echocentralplus.co.uk
882738,et-bestbrands.com
882791,ezassets.com
882816,elimefc.com
882851,epicorcommerce.com
882874,expworldholdings.com
882879,enhancedvision.com
882893,elitejackpotpulseworld.nl
882933,edgeautosport.com
882964,expressdigitalonline.fr
882972,ebm-netzwerk.de
882993,ekspres-med24.ru
882996,estateweb.com
883063,etableraweb.net
883126,ensky.co.jp
883138,e-dulich.com
883273,eyepromise.com
883286,echotodaymedia.co.uk
883311,ekonomikommentar.se
883377,europe-samsung.com
883410,eibabo.pt
883418,e-river.ru
883468,elit30.ru
883502,ewdn.com
883549,encoredrift.co.uk
883663,exnessideas.com
883675,easyvoyage.co.uk
883707,eroticlab.studio
883724,eawebagency.com
883757,ehealth.com
883803,extfans.com
883819,expertlabzone.nl
883839,emc-sa.pl
883909,exascaleproject.org
883938,eventshistory.com
883945,edv-denk.com
883971,epic.mt
883983,esvbeta.com
884026,esyah.com
884027,extremehunter.ru
884085,eduref.org
884100,electronicsdatasheets.com
884114,edgescan.com
884185,eftsure.com.au
884186,etailer.de
884196,epo.de
884264,evik.com.ua
884277,entersoftsystems.com
884292,epicos.com
884302,ebun.tv
884352,elektormagazine.nl
884358,epicbasecasino.com
884362,evrobroker.com
884376,echolifeplus.co.uk
884399,elbeauty.gr
884428,ekonomstrojdom.ru
884441,experteer.it
884457,ei2.es
884525,evohair.com
884529,elitecasinos-be.com
884553,ecto1.ai
884564,enjoyphilippines.com
884593,efeglasses.com
884594,emitironline.com
884605,eufmcgallery.com
884625,ehkesebar.org
884685,ewfd9a4.cc
884698,europeanpti.com
884711,e-yaic.com
884726,eunomia.eco
884728,edjufy.com
884734,esidirectory.org
884770,elizabethestateagency.com
884814,echosimple.fr
884851,esaitech.com
884895,everretroland.com
884924,emberdns.com
884998,estatesbazaar.com
885005,epitext.de
885013,elive.dev
885062,e-venz.com
885085,e4udns.com
885130,emcorgrp.com
885188,eatbanza.com
885196,essentialphoto.co.uk
885218,ei3.com
885236,eirc-icai.org
885278,ecobobo.com
885341,eucerin.co.uk
885375,etik.co
885405,erding.de
885520,explorejeffersonpa.com
885543,edvertek.com
885556,edumefree.com
885564,e-cut-services.de
885595,een2drie.nl
885625,excelsiorcalifornia.com
885631,e-gaming.cz
885712,easygokeys.com
885769,eco2web.de
885772,ellines.com
885903,epifi.in
885918,esportsplanetprime.com
885922,easygoconnect.com
885952,express-m.ru
885978,erocams24.ru
886006,efacademy.org
886117,enubes.net
886138,ehcommerce.ca
886175,expressive-hosting.com
886259,eksisozluk1923.com
886290,employedsnmcq.ca
886300,equine.com
886328,eliteshift.au
886371,emattressoutlet.com
886383,ermak-termo.ru
886391,echoglobal.fr
886407,e-clear.cc
886495,educg.net
886496,elconciso.es
886497,elgana.com
886498,elluciancloud.com.au
886499,elmonterizo.com
886500,enfieldandactivazone.com
886501,enigmasearch.org
886502,eshermosa.com
886503,etka.ir
886504,evisa.iq
886505,ewitypos.com
886506,exiraz.com
886507,expert-gaming.tn
886725,employerportal.info
886844,entokey.com
886857,esc19.net
886890,esportsslotwave.com
886899,editionsbdl.com
886912,epos.cz
886961,echobrightblog.uk
886988,electricmania.co.uk
886990,einhaus.nl
886997,enviolo.com
887072,endata.cx
887078,etherealrpg.com
887128,e9f97504qc.cc
887129,exmanga.com
887220,echotodaymag.co.uk
887255,energymeteo.com
887284,elllobregat.com
887291,ezad.io
887305,eastlinkespresso.com.au
887326,ero-chat.net
887332,electrolux.co.jp
887455,echosciences-grenoble.fr
887464,echoproblog.co.uk
887474,elmamm.org
887485,enapart.com
887521,efs-ag.services
887579,emranibiza.store
887614,elltel.net
887617,energomash.ru
887643,equans.co.uk
887664,eximguru.com
887687,encounter.cx
887690,elitepit.com
887702,echotodaysite.co.uk
887740,exercisecoach.com
887747,eurotuin.be
887754,eurotarget.com
887767,elevatefield.co.uk
887795,elitecasinoverse.com
887810,ecrjournal.com
887839,enetica.com.au
887869,eurobetturkey.com
887885,eventcrazy.com
887905,eftasurv.int
887927,e-tangata.co.nz
887935,excel-vision.com
887944,esi.com.au
887953,escolas.com.br
887959,emptyspace.nl
887985,express-chat.com
887999,elpais.uy
888016,epicjackpotcorner.com
888066,eurowebbiz.com
888173,economy.ac
888242,epsilontheory.com
888252,eastedu.com.cn
888259,evolvespace.co.uk
888287,esto.ee
888301,engops.tech
888308,euro-asia.ru
888310,examsnap.com
888317,ebp.global
888374,echoculture.uk
888377,everyday-delicious.com
888419,elmuseocanario.com
888474,eztv.io
888484,enservidor.com
888503,elfaradio.com
888505,enexon.pl
888523,equalizedigital.com
888532,engels-fagel.de
888579,echofreshblog.uk
888583,e-yantra.org
888609,ecpi.com
888619,engye.cn
888633,edpolicyinca.org
888650,echohubnews.co.uk
888683,elreyferretero.com
888741,erni.com
888781,excellentwebspace.com
888842,epamneoris.com
888874,eurocollective.co.uk
888881,eclipsesp.com
888882,eos-magazine.com
888893,elofy.com.br
888937,elevonhub.co.uk
888959,enegren.com
888960,eastern-star.eu
888978,esnfublender.com
888990,elephantvoices.org
888996,eliteclearvisionworld.nl
888997,eksnecc.com
889007,eatclub.com
889042,engineeringim.com
889052,essarair.com
889094,echobrandgeeks.com
889102,envasadosproductossalud.com
889111,ehmtheblueline.com
889199,elrus.ru
889276,epinvestiga.com
889322,extrastaruk.com
889395,epicfurious.com
889409,everjackpotpcnow.com
889433,error500.net
889470,elkpark.ru
889504,easternfoodfocus.nl
889511,egirisim.com
889525,exacti.com.br
889543,ezzi.net
889544,etilika.dk
889557,equidirectory.com.au
889592,evergreenpodcasts.com
889611,ebisu.com.au
889673,easypsim.com
889676,eshockey.es
889681,eleventybillion.ltd.uk
889756,edbms.pl
889757,enwatmon.de
889792,elitemadzone.org
889794,egazetka.com
889797,europ-assistance.de
889803,eligon.ro
889808,elitetrackr.com
889862,erudyt.net
889887,elmercurio.cl
889955,everything4wd.com.au
889981,edsmartparts.nl
890018,endai.com
890048,exploringnature.org
890058,es-weisswasser.de
890076,ez4view.com
890078,erection24h.us
890106,eke.eus
890145,epicechoes.co.uk
890206,erb.pw
890248,elregionalpiura.com.pe
890267,eartheclipse.com
890388,erlikprivatens.com
890407,entornobano.com
890421,elib.vn
890445,ecgomez.com
890462,einteractivemedia.net
890463,elko.ru
890465,essaypromaster.com
890469,etux-bod.site
890488,evidentbummerhike.com
890502,eola.co
890505,edv-medienverlag.de
890508,eimskip.com
890535,emerch.com
890556,enn.cn
890584,embark.ca
890666,europebesthosting.com
890708,eatcbq.com
890726,extraliva.name
890748,eacsd.com
890797,eatoncounty.org
890808,engagemx.app
890905,ecpi.net
890910,evcargo.com
890922,elite.net.uk
890948,ervinas.net
890970,eliteporno.com
890974,emercoin.com
890980,eyougame.com
890998,ensub.ru
891037,emailsaanmaken.nl
891038,eduu.com
891042,ecopsychology-journal.eu
891048,europa-lucrari-publice.com
891082,ecustomersupport.com
891085,espnanalytics.com
891104,expobelgrade2027.org
891110,emds.com
891124,emienwx.cn
891136,emergingneutral.com
891153,economicexpert.com
891165,evolvemedia.ca
891189,elitejackpotcrew.com
891205,evira.fi
891207,ecsdev.org
891268,engelkemper.de
891304,evrazia.org
891377,experiencegifts.com
891390,eventsource.ca
891398,emldlv.net
891408,educato.com
891428,eskipaper.com
891477,ensham.com.au
891486,entrepriseemfleury.com
891487,epiccardroulette.com
891489,eapps.com.au
891507,editorjee.com
891577,e-4-z-x.com
891598,ee-mobility.com
891608,expertsuisse.ch
891648,eitowers.it
891680,ersaelectronics.mx
891693,eumedbridge.eu
891721,ensightplus.com
891726,exsrv.eu
891839,evolvelab.co.uk
891863,enviri.com
891870,elitedigitalglobebase.nl
891872,everymundo.net
891915,ecomply.us
891924,equalizerbeavereaglemystic.ru
891992,esfantastica.com
892022,exclusivepatch.com
892039,e-sangsin.com
892044,extendhealth.com
892046,eyewishoptics.gr
892052,eclipsepeaklevelup.com
892068,ebuenasnoticias.com
892086,eytqaxt.cn
892119,exemplifi.io
892145,evalyngoemer.com
892210,eventist.ro
892221,extremtextil.de
892241,ex-currency.com
892243,eioba.pl
892284,epiclandblackjack.com
892366,enyaqforums.co.uk
892452,entry.domains
892484,echoonlineblog.co.uk
892511,elevatefactory.co.uk
892559,enefectivo.es
892595,ecxsystems.com
892597,e-apteka.md
892608,echouknews.co.uk
892633,essilorusa.com
892692,e-polytechnique.ma
892705,eiffagegeniecivil.com
892793,eurostreamings.ink
892803,escola.ch
892811,enviroportal.sk
892902,elw.ru
892927,eurailpress.de
892931,expertlivingdigital.nl
892945,ecole-navale.fr
892961,eegaming.org
892963,enoc.ae
892996,eldiadigital.es
893041,ereproperty.ru
893088,europeanpapers.eu
893111,e-paco.com
893173,e-healthdomains.com
893270,experience.care
893279,edgeeffects.net
893284,epinet.it
893334,elektronickeobojkypropsy.cz
893339,ekonomstroy.ru
893373,easylettingsbirmingham.co.uk
893376,encyclopediaofbuddhism.org
893381,engineerring.net
893399,equivalents.de
893430,ergon.ch
893432,expressyourjourney.co.uk
893455,expressoffice.online
893470,elektrovoz.com.ua
893471,evergreentrees.com.au
893576,egsv.kz
893583,e2.ma
893585,edgemagazine.net
893605,eccee.com
893635,etudes.ru
893703,epsiquad.com
893712,egov.md
893766,elchoyerotv.com
893777,erico.com
893792,esa.edu.au
893816,ebahots.fans
893824,escuelapce.com
893853,ellsberg.net
893910,eberswalde.de
893929,extremezone.com
893950,elplanteo.com
893972,elitehnw.com
894017,everspringpartners.com
894051,ep59.cn
894094,easywifi.biz
894117,elitenet.com.br
894132,echoworldblog.co.uk
894150,eben-ezer.de
894227,encephalitis.info
894255,europosters.hu
894336,easytrend.cz
894348,equality.gr
894370,ed-net.de
894386,emts.at
894392,embroideryparts.in
894402,envie4u.co.uk
894410,eye-saver.net
894425,etoilediese.fr
894461,eslahoradelastortas.com
894476,estatebud.com
894491,elkanko.ru
894499,edbc.no
894523,exe-gate.ru
894583,etherisc.com
894616,elkproducts.com
894674,ernix.de
894708,enriquealcalaortiz.com
894727,eanixter.com
894731,esportshighlightsworld.us
894772,exd.ru
894786,excomo.ru
894798,esselte.com
894822,emporium-italy.com
894856,europenews.dk
894979,echosimple.uk
894990,ecoski.co.uk
895018,elektrichkoy.net
895030,e-zoo.com.ua
895079,ezcash101.casino
895085,essentia.org.in
895095,ebarrelracing.com
895103,exceldisc.com
895131,excessups.com
895144,egasishost.com
895177,eciks.org
895180,eca.com.tr
895221,ebalovo.cloud
895244,efantbearing.com
895315,e-grafite.com
895316,eagleeyes.com.mx
895317,eminent.pk
895337,embralote.com.br
895338,epmmop.gob.ec
895368,e-yuzawa.gr.jp
895369,expertmarket.co.uk
895408,echocentralmedia.co.uk
895415,equinoxpayments.com
895440,en-pornhub.com
895464,echocore.ca
895491,elnekhelytechnology.com
895557,economychosun.com
895573,essway.net
895680,eurasian-research.org
895686,elizabethnj.org
895725,esportscrewgo.com
895751,easyflirt.com
895819,elevateshoes.de
895830,expertbridge.uk
895867,en-former.com
895874,emkanfinance.com.sa
895886,epicstar-ei.com
895902,elcoserv.com
895905,electronicsforless.ca
895911,ebbo.com
895915,enterprisetalk.com
895921,ericdsnider.com
896072,ese.com.bo
896078,european-left.org
896098,economicsnetwork.ac.uk
896139,editionstextuel.com
896193,educhenggong.com
896199,ezformz.net
896207,eaglenet.cn
896216,extraaedge.com
896221,energuide.be
896277,exe-craft.ru
896290,enjoy-minakami.jp
896293,entertainrankreprimand.com
896372,ecoabm.com
896376,elecom-nt.ru
896385,esweets.net
896422,eurofitness.com
896447,elevategames.co.uk
896455,escuela.in
896501,etbgdf.com
896507,ebalka.nl
896531,ecommercenews.nl
896538,en-dev.ru
896544,ellity.eu
896557,everycloudtech.us
896626,eyeofhorus.uk
896641,e37.se
896664,efoqa.com
896672,elitearchery.com
896681,extreme.com
896685,exiap.com
896708,eng5.ru
896746,estl.ru
896782,edly.io
896793,eshopmas.com
896821,erosnude.com
896892,enelcypher.com
896925,evilincorporated.com
896950,echoscope.us
896956,eryamankadin.com
896961,eduxiji.net
897000,egosportthailand.com
897007,emptyloop.com
897008,eliteglobalhavenbase.nl
897074,entershikari.com
897103,estudiomx.com.br
897106,eupry.com
897131,eto-ya.com
897140,eeyuchchateus.qpon
897147,euro-joe.com
897190,eventdb.us
897204,easyselectnijmegen.nl
897206,everymature.com
897227,everee.com
897252,equestrianhousepa.com
897253,echo.xyz
897269,ecovita.ru
897295,edremitweb.com
897409,eoe.university
897419,easypay-group.com
897457,edoras.cz
897462,elmag.com.ua
897470,edm2.com
897477,eglos.pl
897524,eufortewheels.com
897602,ermilova-decor.ru
897657,equiloompro.app
897688,euclidchemical.com
897725,eutonomic.com
897814,evositeserver.com
897880,ebbsfleetunited.co.uk
897898,edibon.com
898007,eastofedenpdf.site
898091,engine.cz
898108,empirehub.co.uk
898165,elis.org
898175,eriez.com
898188,easetuner.com
898192,exportech.com.ar
898204,enix.ru
898225,erkayadeveloper.com
898255,elflockhormigo.com
898300,enercast.de
898343,exaltedporn.com
898357,eurasiangroup.org
898358,east.vc
898412,epuppyai.xyz
898468,enigmaweb.de
898472,epdvr.com.br
898476,edgarwrighthere.com
898488,exa-dns.net
898507,expertfoodlab.nl
898570,evolt.pt
898606,ernur.kz
898624,evenium.net
898643,evergabemv.de
898679,escapeoutdoors.com
898726,etiantian.com
898727,euromedication.com
898754,elitusdesign.com
898783,easyvideodownloaderplayer.com
898830,eloeth.com.br
898851,etiketes24.lt
898893,evoorestaurant.com
898925,everforth.com
898941,etherions.com
898968,expressoemprego.pt
898984,expertdirect.uk
898989,echotechonline.co.uk
899012,emailimagecdnk1f3.com
899021,esdownload.de
899027,echomodern.co.uk
899036,empirevip.de
899056,emichvw.com
899066,enjoyserver.uk
899068,expressbuzz.com
899071,elfia.com
899092,efsgrp.cloud
899105,ecobiz.co.ke
899214,ezvillageswift.pro
899219,eargasm.com
899233,evs53.com
899264,eyeviewads.com
899267,evolvepath.co.uk
899288,eastvillagetimes.com
899295,egbon-group.com
899331,elcomerciodigital.com
899332,easydrawingtutorials.com
899351,echoworldtoday.co.uk
899379,eastcom.ne.jp
899392,empireevents.com
899419,energiogklima.no
899425,emarket-services.com
899468,ecal.nu
899554,educhina.net
899562,expiring-soon.xyz
899604,elmosoftware.com.au
899630,ebc.mx
899634,expresswifi.com
899651,eatlola.com
899653,elevonarena.co.uk
899698,evergreengrowers.com.au
899703,ecoplatform.tech
899709,elorium-edge.net
899754,easyiqcloud.dk
899762,eurafric.com
899763,ethswarm.org
899800,elportaldemusica.es
899840,escapetrailer.com
899875,everphone.app
899908,engelsrufer.de
899909,ewm-group.com
899916,evolvespot.co.uk
899965,esperion.com
900016,estuary-data.com
900053,euractiv.it
900063,eduhost.eu
900090,exchristian.hk
900093,educationaldatamining.org
900112,earlytimes.in
900125,europathek.de
900141,eit.org
900179,epf.com.cn
900181,echaab.dz
900193,elitespace.ca
900203,etramping.com
900215,email-securegateway.com
900219,enjoyitaewon.com
900220,evolvemax.co.uk
900302,essexcricket.org.uk
900306,eliteserien.no
900326,eogify.vip
900395,expo-torg.ru
900414,electrihub.ca
900421,extra-services.eu
900440,edmundoptics.eu
900441,egasmoniz.com.pt
900565,epichosts.co.uk
900586,elevatemark.co.uk
900599,emkielce.pl
900619,echonetonline.co.uk
900644,eurowomen.org
900687,equixcentral.com
900747,elevateclub.co.uk
900762,eliophot.com
900780,ebaytoday.ru
900810,eosmultimedia.nl
900811,eventrid.cl
900812,evroplast.ru
900835,editwave.co.uk
900879,efoodcard.com
900943,eelet.org.uk
900961,eruditecoachingcentre.com
900980,elfo.org
900984,emco.ca
901034,editpress.co.uk
901062,eifelsteig.de
901121,entre-preneur.com
901126,ewma.org
901190,emporio.id
901250,edcparis.edu
901312,edostate.com
901316,early-novelty.com
901366,edizioniets.com
901396,ethicaljournalismnetwork.org
901465,equalityforflatbush.org
901511,egeflex.school
901516,entrefleuristes.com
901541,extarusa.com
901562,ecstasycrafts.com
901611,edusense.com.br
901615,epicureandculture.com
901690,epicslotsbase.com
901694,eround.de
901820,euroblackjack.co.uk
901917,eparts.pro
901929,ebalovo.online
901936,em.com
901968,elektrostal-czn.ru
901979,emarinehub.com
901984,echobrit.co.uk
902011,evoxforums.com
902067,easyxpress.com.ua
902079,emblocsoft.com
902091,experttexting.com
902092,ecw.zone
902094,executedirect.com
902132,exac.com
902142,epsmaroc.net
902202,enzyme-information.de
902246,eu-tanais.com
902362,ellenbrown.com
902363,eblya.org
902377,epb.at
902429,eblooms.net
902430,ebenezer.de
902465,ega-net.de
902548,esp-congress.org
902573,elijahshopper.com
902586,eltonjohnaidsfoundation.org
902604,einloesen.de
902612,eeknet.com
902665,edelrausch.de
902671,emansion.gov.lr
902680,exame.com.br
902727,ebookcdn.com
902728,elitereelsmarket.com
902764,e-cons.ru
902801,earthmatrixhosting.net
902828,emilyluxton.co.uk
902840,expertclubsimple.nl
902855,excite.de
902905,eis.ee
902926,everyoneon.org
902941,ecity01.com
902954,ear0.com
902973,efashion.sk
902975,ewltx.net
902988,ecotone-telemetry.com
903030,eight-x.com
903077,educdesign.lu
903080,empendium.com
903089,eghost.net
903098,elevationmap.net
903125,ehfintech.com
903130,elitedatahavenhub.nl
903141,ebwine.com
903233,eniso-fiq.com.tr
903249,e-nabavki.gov.mk
903277,eagleslair.net
903283,efprocycling.com
903297,elboroom.com
903304,estarbikes.com
903308,eksjoenergi.se
903345,estacticalshop.com
903415,examer.ru
903431,edarling.de
903488,enfoque-ti.com
903577,eazy-dns.com
903599,entratus.ai
903600,ebcdn.de
903607,emploimali.com
903609,exclus1ves.co.za
903631,emme-italia.com
903649,e-domizil.ch
903666,eos-aus.com
903677,echobrit360.co.uk
903713,echoprime.uk
903764,extranet.com.tr
903781,e-psikiyatri.com
903813,evolvecentral.co.uk
903839,est5.ru
903856,edisonline.sk
903857,edgedns1.com
903859,escollection.es
903894,eberhard-co-watches.ch
903940,epicforamerica.org
903945,electromusica.pt
903948,expobeds.com
903959,elysiatools.com
903976,europepadelshop.com
903983,eresalud.com
903996,eariane.com
904005,ehrlichemuenchner.de
904008,essnshosting.nl
904023,easyrgb.com
904044,express-work.com
904071,expertcommunityguide.nl
904085,ewb-uk.org
904108,evogenlab.ru
904118,ecotel.de
904130,eventlive.pro
904149,esturri.com
904190,epiquerealty.com
904215,elabor.com
904244,eifel.de
904252,eyetracking.pl
904253,ensedev.com
904265,empirecollective.co.uk
904291,evolvehouse.co.uk
904292,edizionidedalo.it
904307,ensocarechoice.com
904326,esportsbay360.com
904351,enrichedrealestate.com
904373,ediinsight.com
904377,edilaciliacrea.com
904378,ebook.hu
904398,eduke32.com
904412,everywomaneverychild.org
904414,eddna.de
904416,evertrue.com
904510,emotv.link
904532,emoneysource.com
904588,elitefuturenestzone.nl
904589,esms.vn
904603,emania.com.br
904609,elitespacedirect.nl
904618,eotimedopovo.com.br
904621,erbolarioboutiques.ch
904652,easy4host.net
904661,elcom.com.au
904672,easytracknation.nl
904675,earthfirstjournal.org
904750,experimentanium.ru
904759,espositocollezioni.com
904804,eziban.com
904841,epicwinslots.com
904867,ejmcm.com
904891,ewp.co.kr
904921,eastcool.com
904922,ebidar.com
904923,ecu911.gob.ec
904924,elektrilevi.ee
904925,epo18.com
904980,eveappeal.org.uk
905005,e-shot.org
905014,educationjustice.net
905022,enem2016.com
905028,eternifortis.shop
905117,evo-ag.de
905149,enjoy1v1chat.me
905240,estelarbet.vip
905262,entdecker-kids.com
905287,echomodernmedia.co.uk
905308,euvideocdn.com
905326,emaillabs.info.pl
905441,eiffageconstructionbelux.be
905480,eatserver.de
905481,elitegoldenhubworld.nl
905508,europarts360.com
905515,ettoday.com
905529,e-puzzle.ru
905573,ecologystoter.com
905584,electricityplans.com
905693,e-ncp.com
905719,emotional-orange.com
905758,ednetics.com
905767,echovault.ca
905814,ets-horticoles-mougenot.fr
905859,elitearenamobile.com
905891,eugreenweek.eu
905930,evero.ro
905950,emmasballoons.com
905964,ees-europe.com
905999,ecw.org.af
906015,europeancatalog.com
906030,enginecomponents.com
906084,e763.com
906122,exiahost.com
906162,edir.hu
906180,eyetronic.net
906198,ecocyc.org
906277,euroleagues.net
906298,estelab.ru
906333,e-kniga.ru
906360,enae.es
906361,ermione.com
906377,elitemania.de
906455,edu-time.ru
906499,ensba.fr
906553,elitegamblehub.com
906611,emokon.com.tr
906626,enneo.dev
906630,emilydrawing.com
906661,ehc7nm26pzdn.com
906692,eduzz.info
906709,ecarxgroup.com
906792,eladeneparts.com
906836,endologix.com
906875,ekgazeta.ru
906879,etik-cloud.com
906897,everydayzen.org
906938,easydomotic.fr
907044,elitefuturenodeworld.nl
907063,energymagazine.com.au
907066,elektro-mar.pl
907082,emailtick.com
907117,echoportal.co.uk
907163,energyavenue.com
907224,elitefortunespherehub.nl
907252,electis.xyz
907270,eds36.ru
907344,ebubabu.link
907402,enterprisegreece.gov.gr
907444,elecyprus.eu
907447,ekdoc.com
907453,en-confiance-pour-ma-sante.immo
907545,enexgroup.gr
907565,eliteroulette247.com
907583,elcotech.de
907620,eurodating.info
907676,energeticsynthesis.com
907681,efdinitiative.org
907687,elitemonitor.de
907751,explain.co.za
907788,evasiliou.gr
907825,edize.com
907912,elitefieldgroup.nl
907938,ecwarez.com
907939,emarketinghosting.com
907940,ecvitoria.com.br
907987,ewe.cloud
908029,espacestemps.net
908053,elitejackpot.ca
908142,eurizoncapital.com
908150,engram.de
908167,eidparry.com
908230,e-xtranets.com
908235,evistagame.com
908270,elsons.co.uk
908296,evaliahealth.com
908314,egyptinnovate.com
908318,eibabo.be
908326,eseospace.com
908339,enjoybet-mobil.vip
908357,eureka-ai.tech
908364,elinic-lautself.com
908408,edostzip.ru
908454,elitecasinomatrixpoint.nl
908458,ekmsystems.net
908485,euresearchchemicalsforsale.com
908500,extremanet.com
908503,ege32.ru
908554,edeka.digital
908637,eros.ws
908642,enterpayway.com
908654,elfenomeno.com
908709,engage.ch
908722,eduranga.pl
908732,extera.xyz
908737,elsbett.com
908775,eafiles.ru
908801,e-file.pl
908852,ezdba.com
908869,earthcaminc.net
908880,ettusais.co.jp
908884,emberwager.co.uk
908886,eintraggedanke.de
908889,ecats-library.jp
908904,e-dj.gr
908910,eocortex.com
908965,el-master.ru
908974,emailsignaturerescue.com
909001,esinc.net
909014,enesis.com
909021,eminex.jp
909038,efail.de
909126,equinoxits.com
909129,empowered.org
909141,e-businessexpress.com
909189,equinox-hotels.com
909191,ekintop-furniture.com
909260,eigsica.ma
909280,engine.travel
909283,ezwave.com
909296,extreme-carstyling.nl
909319,expertenforum-bau.de
909338,ecv360.com
909369,expertplace.uk
909410,egrpru.com
909421,earthday.ca
909437,excluso.nl
909440,ezripfast.site
909466,eighosting.com
909595,emmatthosting.com
909596,engineersonline.nl
909623,empowertotalhealth.com.au
909670,evlitos.ru
909734,eltiempo.pe
909784,enorde.com
909787,extremepsi.com
909804,ewonsupport.biz
909834,eachshell.com
909865,easatienda.com
909870,e-analytics.co.za
909886,edvimnorden.de
909930,eyelidsocchialidalettura.it
910027,eduprof.ru
910054,energy4climate.nrw
910071,ega.eu
910104,empireworld.co.uk
910115,eye-search-art.com
910127,eagleyun.com
910158,enghouse.com
910159,eliorgroup.com
910184,exactbid.com
910188,entreculturas.org
910260,eight.audio
910338,easy.jobs
910343,emi.ac.ma
910346,ecotools.com
910430,electromaintenance.fr
910474,eulawlive.com
910492,epicchain.io
910565,evolutionnetworks.net
910569,edenred.com.tw
910571,expresio.com
910587,ezplatform.com
910589,ep-x.cn
910612,edatasource.com
910621,empirecovers.com
910683,educationcity.com
910684,echotrailnest.com
910761,eastbase.uk
910808,enuchi.jp
910822,entrepotmarinemart.com
910825,ebyte.com
910877,ericcressey.com
910890,eatattheplate.com
910917,everythingblognow.co.uk
910927,everclubstake.com
910953,engrox.com
910989,engetechmed.com.br
911030,elehai.com
911052,ekkomed.gr
911087,evrekatr.com
911096,eps-40.com
911103,excelguru.ca
911104,ehostingservices.net
911150,eurodyn2020.org
911186,exemedia.net
911219,eduncle.com
911232,ezendesigns.com
911241,elitenextstreambase.nl
911255,eagleblaze.co.uk
911299,elevonpalace.co.uk
911346,enigmasignal.co.uk
911351,emp.casino
911352,elastos.net
911366,elrinet.com.br
911414,eyesearchart.com
911417,exprimetoi.net
911439,extranetwork.com
911459,epd.online
911463,eastin.eu
911502,evitca.com
911519,esinidc.com
911533,eio-lapd.eu
911544,esmil.com
911556,eatclub.net
911579,eljaya.com
911593,emersonexchange365.com
911606,eynakalikz.com
911610,eliseparts.com
911624,enofilo.com.ar
911630,evolute-avilon.ru
911657,equinoxit.net
911663,elevatenet.co.uk
911765,epc.com.mt
911768,ezglobalyazilim.com
911818,euroserver.es
911830,entropay.com
911850,e-paylinks.com
911857,eatshameless.com
911866,eagri.org
911900,editorialsecond.com
911963,empirix.com
911972,englishbix.com
911997,engomo.com
912048,experts.com
912057,echomoderne.fr
912114,euro-truck.biz
912127,epreco.net.br
912136,edmondok.com
912152,epicpew.com
912180,e-vendo.de
912184,e-cardiogram.com
912193,elysium.su
912199,eurocenter.co.uk
912238,esportshubhall.us
912247,editorsweblog.org
912254,elmundo.com.ve
912335,erection365.us
912367,eco-health.org
912368,eroxia.com
912369,etagmb.gov.hk
912436,erie-roof.com
912437,eriehome.net
912562,easyequipment.com
912563,easyshopping.ae
912564,ect.my
912565,eden114.co.kr
912566,edg.wtf
912567,egalaxy.com.cy
912568,eldistrito.es
912569,elsindbadstore.com
912570,encendidooeste.com
912571,enginemaster.com.au
912572,eseat.co.kr
912573,eulen.cc
912574,europeanaffairs.it
912575,eusji60b33d7929a.com
912576,everprintswag.com
912577,evoracingshop.com
912578,expoinstyle.com
912579,exportportal.com
912580,expresso222.com.br
912581,extramirchi.com
912870,entrelanas.com
912890,excelflow.pro
912897,everglades.org
912905,elasmo-research.org
912934,embracinghome.blog
912935,eversict.com
912947,eltibbi.com
912949,eliteoddsstormhub.nl
912971,editionsdurocher.fr
913004,eclpst.com
913036,efsme.com
913037,ehr.gov.hk
913038,esanjeevani.in
913064,ecmtuning.com
913099,elitefreshfieldhub.nl
913125,e2s4d.com
913182,ecgulls.com
913195,evangelie.ru
913199,ekoroast.com
913218,electricitephenix.com
913298,ebtedge-at.com
913368,eurotaller.com
913385,electrostoreshop.com
913402,erdinckoc.com
913478,enterid.gr
913483,easycoloso.com
913490,eastsculpture.com
913501,eastern-trading.com
913506,engineyourlife.de
913552,empireigaming.co.uk
913562,envirosuite.com
913569,eclipsedeck.com
913584,ectnews.com
913606,expoagro.com.ar
913622,elitetranslingo.com
913703,esa.ru
913712,empirebet.co.uk
913724,empirelotto.co.uk
913755,epipoca.com.br
913772,evsint.com
913773,esteelauder.cl
913789,extandet.com
913822,ereflect.com
913843,ekvatorbl.com
913847,eclipsestreammeta.com
913860,effectgames.com
913863,eagle-gryphon.com
913872,exportbureau.com
913910,elitepalacepoint.com
913929,ewxvqczax.com
913931,emdocs.net
913952,esteban.fr
913985,edu07.ru
913993,esoftskills.com
914010,echodigitalsite.co.uk
914013,enterprise.news
914033,envirofone.com
914053,everumcasino.com
914106,eu2009.cz
914144,efebiya.ru
914169,ek-cer.hu
914185,evroklimat-vrn.ru
914197,enderchest.ir
914228,eentegeneenzaamheid.nl
914229,elitenodes.com
914269,elitevisiononline.nl
914299,erudus.com
914305,easyadblocker.com
914356,elportetinmobiliaria.com
914411,etimesi.com
914423,elitewavemarket.nl
914429,esinvesticijos.lt
914443,eletive.com
914453,eastgrandforks.net
914458,elitediceclutchpro.com
914481,elephantasticvegan.com
914513,empirecentral.co.uk
914575,eshimin.com
914577,eksmo-sale.ru
914618,ebara.com.br
914619,eqbalstore.com
914704,evolveworks.ca
914710,enjoybet-gel.vip
914719,es-dating-reviews.com
914749,esli-dz.com
914780,ecell.in
914820,esigarettaportal.it
914924,endlessg.com
914962,elecosoft.com
914982,eruditorumpress.com
914994,eczine.jp
915020,eleather.it
915028,eacheng.net
915050,elizaos.ai
915052,exkiap.net
915092,eagleman.com
915093,ethicasigorta.com.tr
915122,esmasoft.com
915138,echoclear.uk
915146,esl-teachersboard.com
915219,ecuro.ru
915225,electrical-ic.com
915236,eclipseden360.com
915277,educn.co
915296,eyeincloud.com
915320,esits.net
915355,eweedpro.ca
915365,ez-backup.net
915382,ebremergencysolutions.com
915384,europaeditions.com
915426,exlink.us
915489,e3arabi.com
915565,earningshubs.com
915754,ebembed.in
915780,easyhaul.com
915811,echoroom.co.uk
915816,eclipsedicewager.com
915827,ednasia.com
915841,expresstech.fr
915844,elitebaccarat.com
915854,epristatymas.lt
915860,echobot.de
915874,eatthelove.com
915878,ecostore.com
915966,eifelpark.de
915976,eth64.de
915986,enkiai.com
915987,ensmas.com
916001,explorebitsong.com
916043,empirebet.nz
916045,engineergurukul.com
916057,elysebreannedesign.com
916091,eprosima.com
916113,everestforge.com
916127,eurosolidarity.org
916142,embarkbh.com
916145,entermore.cn
916165,encycolorpedia.it
916181,esajee.com
916198,ecommerceprofitlab.site
916211,elego.info
916287,emvolos.gr
916289,elpato.de
916302,escaperoad.org
916325,ennymonacostyle.com
916354,evreimir.com
916364,elcaputo.sk
916421,ehrensache.jetzt
916465,eseb2025.com
916581,entertainmentone.com
916624,extender.com
916633,everythingauto.com.au
916657,editorasegundoselo.com.br
916662,emisoraatlantico.com.co
916735,extremelyhot.live
916784,equalwithin.com
916812,ehplatform.ca
916882,ecnavi-tracking.jp
916883,elararchive.org
916892,efloraofindia.com
916966,empireplatform.co.uk
916974,einfachgesund.de
916995,epictripadventures.com
917073,espaceclient-axaassurance.com
917081,efilippo.de
917098,elliq.com
917145,edexcel.com
917152,eruyi.cn
917188,euark.com
917191,expresscapitalmargin.com
917224,exoticspotter.com
917225,efit.pt
917261,eurofrance.ie
917295,ejot-net.com
917339,emailjiajia.com
917359,elvisinfonet.com
917378,ezaccess.com
917468,epsip.gr
917505,easttale.com
917515,edulnk.com
917521,ecoyurus.kz
917558,estylehost.com
917583,ehumanities.nl
917625,ecosgroup.com
917673,e-maginelive.com
917703,envigo.com
917711,european-aluminium.eu
917737,enisey.net
917763,enciclopediaromaniei.ro
917767,emgpublishinggroup.com
917831,esportsmarketbankprime.com
917839,embed.tube
917846,eg-hotel.com
917872,eaachapter856.org
917889,essentialelementsinteractive.com
917921,environ.ie
917931,easyfood247.com
917946,enablesit.com
917991,eventcostsheet.com
918058,elixirvexforce.space
918065,everydayhealth.com.tw
918094,entamerush.jp
918113,eurobuildcee.com
918169,everesportsnow.com
918184,educivehapper.cfd
918253,excellenceautoexchange.com
918264,epic-xp.co.uk
918285,espressonisten.de
918308,ergo.lv
918318,everestsystemsco.com
918340,edina.com.ec
918367,evolvecenter.ca
918391,excursionpoint.com
918412,enlitence.com
918465,enistoresonline.com
918509,encuentra.com
918565,epistle.org
918569,eloreworld.com
918597,epicclubwager.com
918604,edealiconfx.com
918605,etrainings.ru
918620,evrycourcouronnes.fr
918644,empa-t.com
918680,eventid.net
918701,esportshubportal.us
918756,essenify.com
918842,ekkotek.com
918852,elovade.com
918869,ensoul.com.tw
918886,eroto4ka.vip
918893,ensite.com.br
919000,e-tugra.com.tr
919021,ezstore.gr
919041,elitespinspherebase.nl
919110,eobdcode.com
919137,euro-som.de
919141,elitebasebracketmax.com
919149,espwaterproducts.com
919159,empirelucky.de
919181,edu2you.ru
919190,envision-group.com
919274,easyguestmanagement.at
919302,europcar.co.za
919325,exasia.net
919341,everconsolearena.com
919363,eatcampogrande.com
919365,elo.cloud
919444,empireodds.co.uk
919517,easter.ne.jp
919542,enermax-com.cc
919577,everqueenslotsnow.com
919598,e44.eu
919694,expo21xx.com
919707,eev-bo.de
919717,eurovia.fr
919742,epson.pl
919773,e-sales.jp
919792,euromontres.com
919959,emktlw.com.br
919960,einza.com
920008,espardenya.cat
920020,educaweb.it
920024,edenea.com
920041,ergomarket.gr
920063,ecnk.ru
920105,emremarque.ru
920119,emcustomers.de
920120,efef.com.cn
920191,employeebenefitsgroup.net
920194,echodigitalnews.co.uk
920199,ecomhosts.com
920295,echonetnews.co.uk
920435,elastic.fr
920446,etruel.com
920469,engagiert-in-nrw.de
920481,epson.com.hk
920496,egt.de
920591,ezhomeinspectionsoftware.com
920605,everymantheatre.org.uk
920638,everdojovip.com
920650,encounterstravel.com
920674,eadclio.com.br
920683,eprdel.cz
920689,enginecodes.net
920695,efiletexas.gov
920705,e-zabel-fitnesswear.com
920719,encyclopedie.fr
920778,eventreg.cz
920779,eithtj.com
920811,echosynergy.us
920833,elitereelpowerzone.nl
920850,elmweb.com
920882,easyastra.ru
920918,ectm.fr
920924,easylearn-cdn.cloud
920968,ecv.de
920987,echurch.io
920999,eveteran.gov.ua
921122,engineeredair.com
921134,entry.com
921216,ekolhospitals.com
921222,e-gierki.com
921241,eservidor.net
921264,eyedoctorguide.com
921270,elitegoldennationspace.nl
921276,edata.business
921280,entrepreneurship.org
921382,e-mjm.org
921383,european-biotechnology.com
921404,ekonomisammanfattning.se
921428,eddiemerlots.com
921465,eatliveandlove.com
921468,emergenza.net
921530,eros.icu
921546,enbet-2026.vip
921586,economicsecurityproject.org
921587,eclipsepokerworld.com
921686,evlada.ba
921698,ems.net
921800,easy2get.in
921843,elestoque.org
921866,eduworld.sk
921977,extrakingdom.de
922012,eisa.org
922057,easyjob-online.com
922074,educationboard.gov.bd
922110,euwid.de
922145,eto.travel
922190,elegantcurtainsandblinds.co.uk
922200,ericareps.shop
922255,everwinsecurity.in
922256,etis-gmbh.eu
922350,efinancialcareers.hk
922357,esentedelux.ro
922389,el-klinika.ru
922400,emoserver9.net
922436,ebb.my
922437,edinburgh-hotels.net
922466,enterpriseai.news
922476,echigo-tokimeki.co.jp
922495,explosionnetwork.com
922496,ebican.jp
922537,eversource.online
922592,evolux.io
922611,ex22cheap.xyz
922615,ecolines.ru
922650,evilrapshield.com
922665,elexusbet147.com
922666,espaciolatino.com
922668,europavoxfestivals.com
922694,egojin.com
922716,ednovas.world
922726,elitcom.com
922752,echoworld.us
922761,ezcash97.casino
922785,empirepalace.co.uk
922812,electrotraveller.com
922860,e-collegedeparis.com
922861,edristi.in
922862,emojiflashcards.com
922863,erleina-store.com
922864,eternalparquet.com
922865,eukasa.pl
922979,envoidunet.com
922980,erozuki.com
923049,einvestingforbeginners.com
923078,eede.gr
923099,escortfox.com
923124,enjoyhosting.com.br
923129,eminentinfosystems.com
923149,epicscale.com
923153,ergowerken.nl
923155,epilepsy.org.au
923195,eurowines.co.uk
923228,ennova-it.com
923238,eps74.ru
923269,expocafeperu.com
923271,energyaspects.com
923294,eyeoftheflyer.com
923322,exodus.gr
923355,egattorneys.com
923371,entert.online
923380,echinacities.net
923384,e72.hk
923389,elekit.co.jp
923395,evolvefactory.co.uk
923398,engagementcloudformagento.com
923447,eikjuv.cn
923480,echalksites.com
923582,einternet.fi
923646,ees.ac.uk
923657,eat-and.jp
923665,explore-liverpool.com
923672,ebbitt.com
923753,exelisinc.com
923762,earth-history.com
923769,emailimagecdn4htg.com
923785,echobet.ca
923804,ecsihosting.com
923851,ee24.com
923944,explorethousand.com
923991,epistar.com.tw
924212,elitebookieprime.com
924236,e-rechnung-bund.de
924242,epionline.org
924256,enviarflor.com.br
924268,evolvegaming.ca
924282,erv-nsa.gov.tw
924308,eex-group.com
924324,echoplay.ca
924337,eco.to
924338,ewt.org
924345,emergingtechworld.co.uk
924362,exorigo-upos.pl
924364,effortlessis.com
924471,elitescope.ca
924524,evopack.com.br
924538,easline.com
924565,e-ce.org
924578,essers.com
924594,eventory.cc
924614,ergoplatform.org
924620,elitejackpotrushpoint.nl
924667,espanolas.best
924718,eatenmockingoverwhelm.com
924724,echogaming.ca
924804,eyuqzie.cn
924815,eyewish.com
924827,earlymusicshop.com
924828,ehentai.to
924844,escoltaiguiapedia.org
924857,everythingjustbaked.com
924891,expediataap.fr
924922,electroniclinic.com
924924,eaupureinternational.com
924934,echocultureonline.fr
924947,expecting.ai
924991,eldora.com
925001,escapecampervans.com
925035,enterpriseagile24.com
925059,eliteplaymatrix.com
925077,espomega.mx
925099,epusa.cz
925142,epiqon.co
925280,examiner.org
925282,emersion.eu
925316,euphonynet.be
925337,eliteflow.ca
925363,ehgriffith.com
925393,ephec.be
925407,encyklopedia.sk
925408,evoke-connect.com
925437,email.fr
925454,edu-ri.ru
925464,eqibei.com
925469,europa-shop.ru
925493,e-orthoshop.com
925508,env0.com
925510,energreen.com
925512,eimuhurte.com
925519,everaldo.com
925539,embalajesterra.com
925541,ermione.eu
925552,evelinecosmetics.de
925585,ecolesainteanne.org
925589,earnfm.fo
925590,elshroukwatches.com
925600,echopalace.co.uk
925625,enesco.com
925643,epart.kz
925649,exahost.it
925662,e-outi.jp
925726,exponentialhealth.coop
925728,etotoper.link
925740,eimagine.ro
925743,educpros.fr
925753,exceltechnovation.com
925759,emailpros.com
925774,emiratesnbdrewards.com
925827,edmilenio.com
925839,ellesbougent.com
925882,echovoice.us
925910,enklare.se
925948,echolifeblog.uk
925991,ecualama.com
926002,enhuwk.com
926069,e-car.day
926104,enlit-europe.com
926157,eatturkey.org
926172,esetsoftware.com
926183,example.edu
926216,ecoportal.su
926219,ebrso.org
926285,eyecare-partners.com
926287,engineerbd.net
926303,expertdesk.uk
926354,ekoh-store.com
926359,efpa.eu
926367,echoculture360.co.uk
926408,evolveme.org
926469,explorerplusplus.com
926489,emberglobal.co.uk
926493,ec-group.org
926528,evergreencapitalai.com
926533,ehostmart.com
926548,ergodirect.com
926567,eojgcdzdl.cc
926592,esteticafelix.it
926602,eventrhino.co.uk
926653,engineeringmechanics.cn
926668,evol-italy.com
926675,eclipsesource.com
926680,empirerigging.com
926702,e-nrp.org
926729,eigenfactor.org
926735,e-atyrau.kz
926744,ensmart.com
926787,enera.uz
926817,engenercenter.ru
926826,esneca.com
926827,edenprojectcommunities.com
926851,ekinendustriyel.com
926868,eniyiweb.net
926907,expertscopehaarlem.nl
926913,eib.org.tr
926922,elcomparador.com
926933,erpsaz.com
926949,enjoybet-yoludur2026.vip
926970,englishmonarchs.co.uk
926977,eaglesoftware.com.au
926998,edumil.ru
927057,ekst.ru
927193,eantbox.com
927211,escadron827.org
927294,eccmid.org
927296,evanstonregionalhospital.com
927339,evolveip.eu
927352,efinancialcareers-canada.com
927384,eupha.org
927402,esi.it
927421,electrolux.fi
927469,evolute-lptsk.ru
927504,empirepoker.co.uk
927581,elitedna.com
927614,ekadence.com
927618,eatcleanbro.com
927625,e-exosomes.com
927632,enter-net.com
927668,elhadat24.com
927672,elevonnetwork.co.uk
927673,extremetacticaldynamics.com
927686,elrobeko.sk
927743,erpingge.com
927774,easynet.dev
927786,earthdhs.com
927833,ewd.de
927874,edrugstore.com
927896,everydays.de
927919,esp.ac.jp
927952,e-to.ru
928041,elahring.com
928093,example5.com
928094,elektral.com.tr
928106,exceltip.com
928117,echozenpress.com
928136,enobahiscasinoadresleri.com
928139,elnorte.ec
928157,egyamerican.com
928169,evilon-spb.ru
928180,eseehosting.com
928191,efesbetcasinoadresleri.com
928197,eciusa.com
928225,ee-post.com
928322,editions-observatoire.com
928416,ekonomifokuspunkt.se
928432,energoremontplus.ru
928447,exseedhealth.com
928466,emancipet.org
928500,engenderhealth.org
928521,ecomusee.alsace
928527,equatemedia.com
928600,e-learndesign.scot
928613,ebel-kliniken.com
928617,enjoybet-mobildir.vip
928674,edition-nautilus.de
928722,exactconnections.com
928739,extremeplatformone.com
928758,e-host.net.pl
928782,ergo-plus.com
928784,evanotend.com
928828,everson.org
928853,endurance-sportswear.com
928939,emeritus.com
928940,everythingjazz.com
928942,eu2020.de
928968,e-mouse.pl
928981,eurocastaliahost11.com
929009,excavatorrockbucket.com
929055,estateslawyer10.xyz
929079,ed.team
929125,ehorus.com
929157,escapeworld.gr
929189,enssecurity.com
929201,eeros.org
929229,earpros.com
929262,estiaskouzina.com
929301,ecqun.com
929341,eurociti.ru
929344,everestcollect.ru
929365,europelilliput.com
929370,ebandlmarketing.com
929377,europafit.hu
929383,emailimagecdn8k4y.com
929416,eddu.pro
929442,ekonomiblickar.se
929459,eindhovensport.nl
929460,erotictube.net
929463,elmomc.com
929485,ericscocktailguide.com
929512,edatv.news
929538,exyu-fitness.rs
929542,edugentutor.com
929548,evolvelabs.ca
929574,elitequeenlevelup.com
929607,entercash-casinos.top
929680,eset-la.com
929688,elgorsk-adm.ru
929706,esperanzafm.cl
929738,euronews.ba
929747,elksport.com
929765,echoglobal.us
929805,elitebridgedigital.nl
929814,esgazete.com
929829,ezydog.com.au
929858,emfine.cn
929859,ebooklingo.com
929886,esolar.ro
929998,elkspringsresort.com
930003,extreemhosting.com
930004,expert101.store
930015,eldigitalsur.com
930023,emc2-clan.com
930039,echofuture.uk
930053,e-tugra.com
930069,evolveplay.co.uk
930130,eventsair.site
930147,externabeulah.cyou
930183,e-kousis.gr
930194,e-led.lv
930196,egwhite.net
930202,economy-pedia.com
930204,entomologist.net
930214,ennepetal.de
930217,emberslasvegas.com
930234,empireroulette.co.uk
930241,eyewide.gr
930248,eurovdc.eu
930291,everydaycalifornia.com
930310,ethnos360.org
930312,elocalwebsitehosting.com
930367,essential-watches.com
930383,electrolux.ua
930424,e-sign.co.uk
930501,e-cology.com.cn
930502,e24.pt
930503,eepforum.de
930504,elmas67.com
930505,elus.pl
930539,energiapura.info
930542,eia-global.org
930563,ev39.com
930613,ecumenicalnews.com
930730,essentialworkwear.com
930778,eedns.com
930826,ezi.co.nz
930857,endfossilprotection.org
930882,eliteroyalzonehub.nl
930929,erooups.com
930948,ecnl.org
931039,elements-platform.co.uk
931112,eclipsedojo.com
931132,energynewsbulletin.net
931230,estacaocultural.com.br
931246,exoticsracing.com
931256,elementsmagazine.org
931272,epermithub.com
931276,elkman.pl
931332,ebi.or.kr
931369,eduwuhan.com
931373,ezsignup.com
931381,eleganziajewelry.com
931400,epviews.com
931416,etotopes.link
931451,espfdsk.com
931460,eliatopia.com
931479,emile-education.com
931518,engen.co.za
931531,ecosoftbd.com
931532,electronic-star.hu
931570,especial.gr
931571,eyda.dk
931622,equans.be
931634,ehostkenya.co.ke
931649,exabytes.com
931652,epa.org.uk
931697,eco.gov.cn
931745,eoditor.com
931746,eriebasement.com
931747,eriebasementsolutions.net
931748,eriehomebasements.com
931749,eriehomebasementsolutions.net
931750,eriehomemetalroofs.com
931751,eriehomesolutions.com
931752,etalent.com.br
931889,e-homp.com
931919,eastjournal.net
931937,earthremediesspa.com
931938,ekon.es
931942,ebb.la
931945,ecotur.edu.pe
931965,earlyyearsresources.co.uk
931992,expii.com
931998,editions-vendemiaire.com
932018,elbuenfin.org
932030,employment-services.ru
932032,evilbeetgossip.com
932072,elitebluewavepoint.nl
932074,expresshostel.ru
932099,eris-associates.co.uk
932128,envisa.de
932154,ecomcrew.com
932171,eagleongrand.com
932222,ennweb.com
932242,eswc-conferences.org
932307,everence.com
932309,eltecolote.org
932316,echohubtoday.co.uk
932317,e-brandingtools.com
932341,erotikgeschichten.tv
932368,elektronic24.ru
932429,erkado.pl
932439,euratechnologies.com
932451,ehospice.com
932466,eroticax.com
932484,expresshosting.net
932527,edenred.com.br
932554,etboo.cc
932591,evomarine.ru
932649,euromania.com
932655,exnovin.net
932670,eoffering.org.tw
932713,ecler.com
932723,eborus.link
932733,elginil.gov
932767,e-joho.co.jp
932830,ermis.gov.gr
932843,esportsstationnow.com
932868,eurowam.net
932885,ezprovider.com
932902,etempmail.com
932955,ericpatton.com
933012,exampapersplus.co.uk
933038,evapoteur.com
933040,exclusivemotorsau.com
933044,elitecoreplatform.co.uk
933083,everslotsempirepro.com
933124,ecotonelamisport.ca
933235,esportshubplanet.us
933255,europa-lastbiler.dk
933275,eactive.pl
933288,endado.pt
933344,ecl.lt
933351,esc2ndrm.space
933492,everyhome.org
933501,ensign.de
933533,energysoft.app
933546,ebrick.co.kr
933592,etowncolorado.com
933721,energylabs.com
933735,ekonomianalysen.se
933739,esportsdynasty.de
933742,eu-info.de
933754,especiasvalencia.com
933759,emob-meubles.ch
933802,ewater.org.au
933804,elitecardsplus.com
933827,enperu.org
933831,ensait.fr
933855,effectivesoft.com
933921,evfff.ru
934000,elternsein.info
934024,entrepreneurshipessentials.com
934071,effexor.directory
934073,expertimpots.com
934081,evida-store.com
934088,essentialchemicalindustry.org
934090,eurecom.eu
934098,eagleeyenet.com
934157,evaps.fr
934160,educatedguesswork.org
934174,energymall.ng
934268,exe-staging.dev
934273,expansionsolutionsmagazine.com
934308,econtwitter.net
934355,edifika.net
934374,ewinr.com
934383,eliteresources.co.uk
934417,evolia.com
934425,emeraldeex.com
934440,etoyota.net
934450,elforodelpan.com
934503,emedicalwala.com
934513,erlab.com
934527,elbow.co.uk
934529,elevateline.co.uk
934541,elsko.net
934544,esda.org
934553,enzyklo.de
934573,epilia.com
934605,egx.net
934615,edge-connect.uk
934676,escforum.net
934677,escolarmanageronline.com.br
934802,evolute-krd.ru
934808,elitemetago.com
934841,event-dispatch-cdn.com
934924,esportsdeckprime.com
934932,exemplarias.com
934943,emunewz.net
935122,eckwebsite.com
935130,embanetkg.com
935157,eiffeltowerrestaurant.com
935164,e-cigre.org
935170,echoconnecte.fr
935222,echomodern360.co.uk
935258,espacelollini.com
935350,educom.pt
935464,easternculturesmart.nl
935480,evalink.io
935482,easy-sms.ru
935488,expertproductreview.com
935526,eprika.com
935529,eduface.ru
935552,ecommercegermany.com
935603,elektronik.gr
935614,erenis.fr
935650,elsewedyshop.com
935693,equiphotel.com
935741,exodusattack.com
935759,electrocycle.gr
935764,expired.sg
935808,echinesesong.com
935809,edujin.co.kr
935810,eic.fr
935811,endlessforest.org
935812,enova.nl
935813,etransparencia.com.br
935814,everything.co
935815,expidefactura.com
935931,eii.org
935970,everglades.farm
935978,elitealphatrackzone.nl
936037,educenter-komorow.pl
936060,ebeco.com
936127,eliteluckypointhub.nl
936144,erwinbrandenberger.ch
936207,enxo.org
936216,esimplehealth.com
936217,eugyppius.com
936232,evolute-tts.ru
936307,epicforge.au
936310,encuentrodemusicos.com
936320,eddinscounseling.com
936338,electric-sql.com
936365,elsolo.ru
936368,evermail.eu
936374,eng.ms
936390,echoprimetoday.co.uk
936404,erekrut.com
936424,elspec-ltd.com
936441,elitecorecasino.co.uk
936456,ebg.com.cn
936471,egnewaes.com
936494,espaceinstant.fr
936516,enox.com
936545,egany.com
936567,erd.gov.bd
936569,eusmecentre.org.cn
936590,earchive.cloud
936608,epel.cloud
936660,elrindemaria.com
936671,everpulsehq.com
936692,elkhaus.de
936693,easy-linx.com
936708,eile.ie
936716,europeancancer.org
936725,erdutskavina.com
936733,evolvelogic.ca
936777,egtre.info
936800,ekonomiriktning.se
936827,eldiariodelaeducacion.com
936840,e23.dk
936843,elizardbreathspeaks.com
936856,eastbrooktrade-roi.com
936879,electrolux.es
936925,emeraldbaccarat.us
936926,exto.org
936948,eoiparis.gov.in
936956,elitehouseprox.com
936965,epicworldesportsnow.com
937052,evinfrastructurenews.com
937071,esplc.ru
937091,europasol.com
937094,etimolojiturkce.com
937096,eagleclaw.com
937139,elitebrightnodehub.nl
937150,echolab.ca
937200,empiremax.co.uk
937225,edgeflyfishing.com
937233,evobsession.com
937242,e-teleport.ru
937262,emmicroelectronic.com
937296,eldrive.ru
937301,emeklihayati.com
937323,envisagesystems.com
937390,eastcompeace.com
937396,echodailyblog.uk
937398,esselungajob.it
937412,eduflat.de
937493,expressmargin.de
937543,ewmapa.pl
937545,edp-open.org
937645,evergreenechoes.co.uk
937666,education-astra.ru
937746,emira.ee
937747,expert-toolstore.com
937764,echoprimemag.co.uk
937819,esportshubbase.us
937823,emaginationz.com
937860,ekonomiperspekt.se
937861,eco-mobilier.fr
937862,eclipsescrim.com
937863,econ-krsk.ru
937868,eomail8.com
937932,elevatedmagazines.com
937964,ekubo.org
938030,e-corlu.com
938046,erfdataportal.com
938062,ebts.eu
938158,ezpclog.com
938236,easternreviewpulse.nl
938239,etpt.ru
938249,efdtandem.com
938273,energycodeace.com
938283,easypal.it
938286,emsclassics.com
938301,ezeefiber.com
938356,exclouds.com
938357,es-koyama.com
938366,elysianbrewing.com
938374,employmentscape.com
938391,ecoil.ru
938417,evc.net
938437,explorewest.fun
938476,eportrait.de
938488,echoigaming.ca
938542,escape6.cz
938554,e.vg
938575,editorbet-gunceldir.vip
938640,e-aircraftsupply.com
938647,elesy.ru
938678,emundus.fr
938680,everwinservices.com
938709,eishalleambruchweg.de
938719,eddieizzard.com
938727,englishgrammar4u.com
938737,epics.com.br
938761,emailoceanstatejoblot.com
938779,eleven15th.com
938782,enbetcanlidir.vip
938797,elfaonline.org
938803,evolvepalace.co.uk
938855,eureka.co.it
938916,enersb.ru
938952,ecoevorxiv.org
938979,evdc.xyz
939012,eme54.kz
939015,elitetaxxrelief.com
939016,eastangliabylines.co.uk
939056,eis-greissler.at
939078,euromix-y.ru
939134,erotikbase.com
939246,elitespins.ca
939254,esdallas.org
939331,erotika.co.hu
939377,energyfiend.com
939441,enjoybet-gunceldir.vip
939521,elbrus.ru
939537,esite.com
939602,eucorretorimoveis.com.br
939610,elyland.net
939630,ega.go.tz
939715,echoprime.co.uk
939762,eptondela.net
939771,easirent.com
939773,ecntech.com
939821,espeed.com
939836,energycorp.com
939896,eurochambres.eu
939899,esys.org
939907,eclipselabclutch.com
939940,eproma.lt
939951,eurasica.ru
939958,eurojackpot.net.pl
939964,ebo-connect.de
940028,erysystem.com
940040,ekakmatra.in
940077,edgehosting.uk
940105,economistwritingeveryday.com
940112,eventpicker.at
940115,e-budo.com
940121,evanstoyota.com
940142,e-cmh.org
940152,esportsdicecorner.com
940223,echinexpress.com
940271,euchems.eu
940307,eurosier.net
940318,elvisconcerts.com
940343,espacefrancais.com
940370,eliteplacehaarlem.nl
940405,ehostpk.net
940444,enlineschool.com
940453,eief.it
940454,easydailyconnect.nl
940521,echolife.co.uk
940574,ecsi.edu.cn
940582,elcom.com
940589,epsa-spb.ru
940649,emailpro.pl
940680,euroafriquecorporateskills.com
940681,e-startupindia.com
940693,epicentrochile.com
940715,egpo.net
940734,ehps.org
940743,estetica.it
940753,expandenergy.com
940858,esigns.com
940893,electronica.kz
940895,eptime.cn
940898,edsanta.com
940949,einfach-lecker.com
940951,eeip.online
940968,euroguidance-france.org
940973,etc-shop.de
940978,easternairways.com
940989,emachn.com
941015,engineeringcivil.com
941022,entero.by
941076,edimob.com
941111,essentialcivilwarcurriculum.com
941144,echoprotoday.co.uk
941147,edv.by
941151,evoevents.co.nz
941206,elspe.de
941218,europedirect-rybnik.pl
941243,europeaninstitute.org
941274,ecoumene.com
941295,esscert.com
941297,ereemby.com
941304,elektro-fontana.com
941322,effectivecooperation.org
941356,eltenedor.es
941359,element84.com
941416,exo5.com
941438,excess.com.mx
941458,ekinoiptvy.com
941492,elitewagerworldhub.nl
941494,echoprosite.co.uk
941507,europe-utilitaires.com
941508,eventingireland.com
941528,elamaule.cl
941531,enforma-nx.com
941537,elite-decor.com.ua
941610,elbuz.com
941618,eclipsedomeclutchnow.com
941639,evinz.it
941679,encheres-luxembourg.lu
941680,edi31bzi-ho9xh23.xyz
941685,est.org.uk
941700,ercantekin.com
941710,express.net.id
941742,evolutive.co.uk
941754,exdns.net
941774,echizen-aquarium.com
941794,europarfemy.cz
941833,easytobook.com
941845,e-reda.pl
941849,e26i.com
941910,eleditorplatense.com
941928,etoilesvagabondes.fr
941963,edu.com.mx
941969,endmyopia.org
941984,eu2007.de
942027,ethikdo.co
942028,everscrimmax.com
942065,easycodes.net
942142,e6tech.net
942159,engineerine.com
942204,empiresystems.co.uk
942211,eastandard.net
942216,emwaveinc.com
942264,emberprime.co.uk
942291,ebay.com.cn
942293,east.org
942299,elogii.com
942356,elevatelink.co.uk
942365,ebazarius.com
942417,embapel.com
942444,enlink.com
942447,euniv.eu
942458,eat-enjoy.net
942492,egyblanco.com
942526,edgecrate.io
942562,evstudienwerk.de
942567,effectsdatabase.com
942593,eseclab.gov
942623,educativa.com
942666,epochtimes.kr
942688,eachthing.com
942691,everydayxperts.com
942708,eurasia-assembly.org
942756,evroport.ru
942775,emkafashion.ru
942787,e4u.ru
942795,etnow.com
942812,eliterivermarket.nl
942819,es.net.pl
942838,esaoabsp.edu.br
942956,esharp.me
942983,estadiobanorte.com.mx
943049,enhance-me-training.com
943090,eufory.de
943094,enjoy-live.net
943104,elhee.com
943146,ecomobi.com
943149,evedesign.co.kr
943213,ezmiobeauty.com
943296,ethicalreviewmanager.com
943305,ekonomivinklar.se
943401,ecodalli.eu
943440,eslitegallery.com
943445,encr.app
943479,erikhayser.com
943525,eacts.org
943526,eckerts.com
943537,ebrokerpartner.pl
943550,eco-counter.com
943563,esportplanet.my
943607,ebdasoft.com
943633,exslt.org
943637,enciclopediadelledonne.it
943673,edgeuser.com
943685,expansivedistribution.com
943693,edhin.org
943720,editablecalendar.com
943725,escape-team.tech
943776,elp.group
943790,elasticit.co
943828,e-mot.co.jp
943831,entertainersworldwidejobs.com
943838,elitespintwistpoint.nl
943841,eleaiok.in
943891,euwrwclvx.cc
943944,exactshared.com
943953,e-nk.ru
943967,ee-connect.com
943979,eclipsecon.org
943981,exportbusinessmart.com
944028,everyrush.com
944071,eclipseoddsroulette.com
944074,ekonomiinslag.se
944108,everywritersresource.com
944257,el6.ru
944280,ensembia.net
944286,echobets.ca
944297,ecro.fr
944300,echohubhub.co.uk
944316,etnosemiotica.it
944317,eco879.cloud
944344,elit64.xyz
944347,escapefitness.com
944435,epassion.net
944457,equushost.com
944466,everything2.org
944481,everportmax.com
944551,epicmasters.de
944602,eightsaintsskincare.com
944606,e-cert.net
944679,ehw.gr
944718,engine.is
944728,evc-russia.ru
944798,esri.de
944829,emfa.gov.pt
944861,e-gothiczone.com
944881,engadgethd.com
944887,etpcon.net
944898,esginnova.com
944916,exchangebank.com
944920,elvacanudo.cl
944949,everythingjamiedornan.com
944953,exister.fr
945008,eop.com
945014,eworldme.com
945020,ecommprodemo.com
945052,ecosite.vn
945197,evreward.com
945257,expertpagina.be
945267,exaltedfuneral.com
945277,encasabotanics.co.uk
945315,epsir.net
945355,electriq.co.uk
945356,etabletka.ua
945357,expoegypt.gov.eg
945397,enlitic.com
945424,exchangerate.com
945430,epanshi.com
945437,endedrayne.cfd
945459,espanatimes.com
945471,echotodayblog.co.uk
945483,everydayconsumers.org
945485,extend.ai
945493,estrategia4.com.mx
945501,eventpass.co
945511,e-comptoirelectrique.com
945547,eagleredes.net.br
945558,ethiopiaforums.com
945559,episodefeed.com
945624,exotenherz.de
945653,ethhub.io
945692,eventalways.com
945696,emaildirect.com
945727,endorfy.com
945734,energiwatch.dk
945737,endofthelinegaming.com
945801,e-nemo.nl
945809,exploringtwdc.com
945838,eso-database.com
945846,eliteeventsspace.nl
945851,esign.eu
945870,esdnow.com
945887,estanaweb.com
945910,e-comet.io
945947,evopages.com
945964,ewebol.com
945965,emoji-cheat-sheet.com
946005,e-motousa.com
946041,enjoyhosts.co.uk
946060,exafire.com
946082,excentia.net
946095,epicshops.com
946132,eoncode.com
946133,elc.academy
946137,echocentralnews.co.uk
946142,esporao.com
946144,eveningreview.co.uk
946155,everylittlecrumb.com
946175,emboguemuyusa.qpon
946179,e-padel.com
946190,ergonet.pl
946204,elpro.ru
946228,eranet.com
946253,edmundsroses.com
946284,em.co.za
946345,elinformadorve.com
946346,eparking.vn
946402,edn.fr
946403,era-in-ear.com
946426,ewprod.net
946466,eurodomini.biz
946472,euroluster.ru
946481,evpersoneli.net
946496,engoo.jp
946522,elsevier.co.uk
946545,ensidia.ru
946566,ecomedteh.ru
946570,elos.vc
946571,egptechno.com
946598,enterprisedrives.com
946704,equipexpert.fr
946756,elprotectoraxa.com.mx
946802,eca.co.uk
946893,educationcoverage.us
946897,echonode.us
946898,evermorehosting.com
946916,elektron.fo
946958,energon.ru
947014,earthporm.com
947058,elsaray.sk
947071,easymint.app
947111,elamshf.com
947133,edenred.cz
947147,elrocio.es
947157,evrmemories.com
947178,elizadeuniversity.edu.ng
947207,erpstuff.com
947236,echodaily.uk
947257,eurohd.net
947276,epochhomesforsale.com
947278,elitehost.co.za
947286,exhibitly.ai
947288,edumurom.ru
947352,eshipglobal.com
947360,everywhereyouwant.com
947380,enjoyor.cc
947413,extra-cinema.ru
947427,elstudio.org
947464,ehrnfeltrecreationcenter.com
947503,ekwaterblocks.nl
947509,extralab.net
947513,evest.com
947546,exodus.mx
947564,eraworld.ru
947568,empfehlungsbund.de
947570,examguide.co.in
947585,emberbingo.co.uk
947587,ellecourbee.co.uk
947595,ebtech.net
947598,elit-apartament.ru
947630,elmoanywhere.com
947651,eduweb.com
947673,ezelnet.com
947752,elitegreenrouteworld.nl
947756,expandhost.com.br
947784,eliteprimepulseworld.nl
947814,efraudsters.com
947867,elitemarketingtechnology.com
947869,emotion.de
947884,eliteslots.ca
947929,emisoft.com.tr
948036,eurostarsoftwaretesting.com
948043,econtext.jp
948047,ellalanguage.com
948060,etscorp.ru
948145,et-edge.com
948175,ekonomiarenan.se
948180,esaweb.org
948193,ewine.cl
948194,esmagazine.com
948207,esteria.eu
948225,ezcount.co.il
948282,enjoybet-geldi.vip
948313,espressodns.co.uk
948350,egle.de
948380,europarcsruinen.nl
948401,echizen-tetudo.co.jp
948417,evolute-awdm.ru
948441,estudiopepa.jp
948518,evergreenkitchen.ca
948570,econnectglobal.com
948608,exacttoolandsupply.com
948623,eanso.org
948652,erpfocus.com
948664,euromarkcreations.com
948675,electronicsbazaarbd.com
948710,eyazs.com
948733,emlakvitrin.com
948763,editorbet-geldi.vip
948764,expressioncarnet.fr
948767,easypaydirect.com
948768,expertguide.uk
948784,enqopaproperties.com
948791,englishworksheetsland.com
948801,eoeorbisuk.com
948820,epa.wa.gov.au
948827,eligibleapi.com
948839,ezcomm.ca
948845,examtime.com
948903,ekka.com.au
948949,ere-axa.fr
948965,ebmini.de
948972,evolon.net
948973,emmafiorezi.com.br
948989,ele-math.com
949007,e-counseling.com
949012,excelahealthsystem.org
949033,euromodacarbonia.it
949049,epro.pk
949068,electrolab.fr
949125,emilia-service.ch
949146,eyeknowdns.com
949214,epworth.faith
949293,eca.edu.au
949310,exartum.com
949318,extendeddigest.com
949335,episerverhosting.com
949353,echogreentm.co.kr
949359,ethosenergygroup.com
949395,elbalahy.com
949412,eudevdays.eu
949428,etheroneph.com
949458,etno-muzej.si
949473,e-uspeh.com
949485,eliteroyalarenaspace.nl
949591,emsky.net
949619,everestglobal.com
949626,exilepw.ru
949630,erivona.com
949686,estxqdl.in
949688,escondido.gov
949786,earthcam.camera
949808,emtb-test.com
949826,ecowavepower.com
949839,eetk.ru
949871,expectedhosting.com
949877,experiencedubrovnik.com
949892,enjoybet-hizlidir.vip
949939,earthkind.com
949956,electronicarc.com
949986,electrocom.com
949987,expressautoservice.com
950035,e-novweb.com
950082,epicstar-rs.com
950135,esvabroadband.net
950228,educationapps.vic.gov.au
950230,experienceolympia.com
950289,earthene.com
950290,e-a-a.org
950316,ecrettmusic.com
950351,experienciafundae.es
950390,ekonohost.com
950394,ecomdatacentre.com
950419,europa-road.eu
950480,euroasiapub.org
950481,edicult.ru
950499,erknet.org
950503,extroblade.ru
950517,enfield-ct.gov
950529,exacode.fr
950604,elateral.com
950676,engconfintl.org
950786,eswe.com
950871,ehime-art.jp
950877,elitealphastreamspace.nl
950952,everythingisnoise.net
951013,echosmart.uk
951096,etfgi.com
951099,eventshower.com
951105,echosociety.uk
951124,eu.edu.ge
951132,everydayroots.com
951137,enjoyangels.com
951148,e-tag.tech
951150,evisos.cl
951151,eizcott.in
951153,etc-clan.de
951203,erockets.biz
951257,echolife.uk
951316,elfbears.com
951341,ecohoy.com
951405,emk-bruchsal-kraichtal.de
951409,exercisesforinjuries.com
951475,evansmedia.ca
951536,echomodernplus.co.uk
951572,ekonomiton.se
951577,elov.dk
951583,estrel.com
951608,edwardevan.com
951672,elkomhost.com
951677,engels-city.ru
951748,e66.ru
951784,euvic.com
951807,elago.co.kr
951828,echosimpleonline.fr
951895,eauresortandspa.com
951906,exweb.mobi
951910,eot.su
951917,estampille-ceramique.fr
951930,entreresource.com
951966,eaural.ru
951987,egcpr.org
951998,empireservices.co.uk
952058,elexiochms.com
952060,emmewebhosting.ch
952115,efirma.com.br
952121,ezugi.com
952148,elixads.net
952171,earyoshino.com
952222,eltom.rs
952223,experian.es
952252,e2u.org.ua
952254,envesko.com
952269,ebc.edu
952313,e98hh.com
952314,esaj.ir
952315,euamocupons.com.br
952410,evo-test.com
952416,enciclopediaiberoamericana.com
952449,expertchoice.uk
952507,echoglobalblog.uk
952515,etranzact.com
952519,epoptavky.com
952528,exscn.net
952550,eglobaldomains.com
952581,evolver.center
952589,envrad.com
952637,europeangodatabase.eu
952660,ebeninstallsvc.com
952663,econolite.com
952745,elisanavitas.com
952796,emule-web.de
952808,emperials.net
952876,empleate.org
952882,economiahoy.mx
952897,extratips.com
952949,engineeredfoamproducts.com
952975,esportshubarena.us
952988,echolounge.co.uk
953029,esperanzadeavila.com
953050,eye-of-horus-legacy-of-gold.com
953093,epicguides.de
953117,elmostaqbal.com
953137,easystreetrealty-orlando.com
953168,edifier-online.com
953196,elfartworld.com
953208,ekonomioversikt.se
953226,esaic.org
953326,e-axa.be
953355,easy-con.org
953390,ezcash92.casino
953484,epic.io
953495,empireg.ru
953506,equada.de
953515,endoftheroadfestival.com
953525,euroonline.casino
953529,ecozonia.com
953533,entrepreneurs.ng
953535,englishing.app
953545,excellinformatica.com.py
953551,egwzuzl.in
953613,enpl.bet
953694,exta.co.th
953730,exetermemories.co.uk
953734,economiacircolare.com
953737,eluroom.com
953754,ekosolar.ru
953760,empty3.one
953817,exoticcars.ae
953830,educat.net.br
953854,envirocredex.com
953899,egem.site
953948,evspecifications.com
953953,echanges-savoirs-tregor.fr
953954,en-grey.com
954129,ellerebel.com
954139,evolute-autoimport.ru
954140,easternkicks.com
954150,esgrimasantcugat.cat
954227,ekutno.pl
954234,esssby.cn
954236,enzyme-information.info
954240,enate.net
954242,echocentral.us
954269,eclipsegalaxypoker.com
954287,e-ansan.net
954312,education-services.ru
954336,evilcakegenius.com
954368,ehabgroup.com
954369,emylou.gr
954370,entregou.com.br
954371,eshopper.pl
954372,etslink.com
954373,extremepc.co.nz
954374,ezping.ir
954449,eddy-s.nl
954518,eztvtorrent.co
954542,eweb4.net
954559,elotouch.co.uk
954590,esenin-book.site
954611,ericlafforgue.com
954736,eurolab.ua
954741,elitoil.com
954817,earthlagoon.is
954821,elakeliitto.fi
954823,extravaganzi.com
954880,easypropertylistings.com.au
954903,echotoday360.co.uk
954911,epectec.com
954933,etfierdeletre.fr
954943,evaro.com
954958,easyhost.cz
955031,edcodisposal.com
955057,ejenpro.com
955087,exampl.com
955093,easygds.com
955102,elitecashadvance.com
955128,e3.pe
955142,explyt.ai
955218,essentialinformation.org
955219,elsv24.ru
955298,evolutionsessa.com
955310,ellaparadis.com
955341,egger-inside.com
955344,enexis.hu
955352,e39.hu
955404,extrusion-info.com
955409,edufind.com
955430,epidemicfun.com
955441,escort-kaluga.ru
955444,evasys.de
955490,edevhost.biz
955497,evollutionpremiumhosting.com
955500,ewido.net
955501,elimots.com
955526,edgedlv.me
955546,enconfiancepourmasante.global
955560,editorialpark.com
955567,etra.ee
955575,evonpf.ru
955615,eylcqofxg.com
955651,eromanga-sora.com
955652,escueladecomercio.cl
955653,euosuna.org
955654,ewheels.ch
955740,earthsown.com
955741,edasitalia.it
955742,educamais.com
955743,ekowolt.pl
955744,eniyisinde.com.tr
955745,everysaving.ae
955746,exchange-data.com
955832,ebrix.se
955833,elayem.news
955834,english4real.com
955835,everysaving.ca
955836,extranews.ro
955837,ezpeptides.com
955925,ekomi.fr
955952,everyoneweb.fr
955962,ekinobilet.ru
955970,envirolight.co.uk
955971,enxutxt.com
956006,elightbars.org
956009,enterdoor.ru
956037,emailmx.com
956053,espaceidee.fr
956131,elcho.casa
956142,easy-power.eu
956179,evenity.com
956188,elderc.org
956254,evolute-arsenal.ru
956291,elgauchostore.com
956293,exileinparadise.com
956317,esemblybaby.com
956351,emergencyservicestimes.com
956362,esimegypt.com.eg
956390,ensc.dz
956408,escort-girls.world
956427,e-kit.pro
956432,eatyrau.kz
956454,enobahissaglam.vip
956483,energyforgrowth.org
956523,ebu.de
956526,elten.com
956531,e-duesse.it
956548,ellendissanayake.com
956553,exametc.com
956556,etsymystery.com
956640,eunhasu.kr
956708,exam.law
956727,europeanmovement.eu
956735,estetic-gid.ru
956736,eyuzhaiwu.com
956774,estateapps.co.uk
956776,esgentry.com
956787,e-apem.org
956791,etrustmark.rs
956799,eriks.de
956800,energycosts.co.uk
956816,energypartsplus.com
956836,eurodate.org
956856,elliade.com
956862,emergencydentistsusa.com
956872,exeuntmagazine.com
956912,extoner.cn
956960,echodeck.us
957003,eczaneleri.net
957199,einstein.ai
957257,ecoknights.org.my
957258,edisonohio.edu
957262,edso.eu
957272,echoactuel.fr
957317,erm55.com
957320,ebrookes.co.uk
957321,endpointcloud.com
957341,exactindustrialsupply.com
957362,elitecoremax.co.uk
957387,echoprimeonline.co.uk
957418,emerdoc.com
957452,eanpages.org
957453,emersonautomationexperts.com
957454,eurasiantech.kz
957498,eninvs.com
957550,e-tv.it
957570,enbetaktif.vip
957623,etsk.ru
957659,eft-pos.ru
957688,estudiosdlp.com
957689,eiposgrado.edu.pe
957693,electromarket.lt
957700,einzellerxd.de
957733,efbank.ru
957747,eacommerce.it
957750,epicstar7.com
957795,eagleexpressegypt.com
957838,e-flux.io
957879,easyatm.com.tw
957903,elflamenco.nl
957907,eurowager.co.uk
957984,ekinoiptv.pl
957989,econex.de
957990,enbetgelen.vip
958038,evrosoeed.cyou
958056,ezion.co.kr
958069,exclusifvoyages.com
958101,exxatron.com
958102,emochila.com
958108,enspryngcopay.com
958149,estimatesoftware.com
958181,exiled-again.co.uk
958218,emerald-hill.com
958248,earthsciencescanada.com
958299,enobahisyeni.vip
958305,embookids.com
958336,ef-e.ru
958348,ecoonomia.com
958372,evolute-silver.ru
958387,enbetgel.vip
958407,explorerhubbase.com
958413,exceptionalsex.icu
958444,enobahiskapi.vip
958454,escortland.vip
958526,ewingvdi.com
958577,ecosunlighting.com
958593,edwardsfiresafety.com
958594,ege.ru
958609,evakuator-vyzvat-spb.ru
958631,echoventures.co.uk
958652,emma-roberts.org
958685,enobahislink.vip
958747,enbetgeliyor.vip
958755,everydaysexism.com
958791,envalior.com
958817,enrs.eu
958819,ehedg.org
958821,eleven.city
958851,ecocarry.in
958863,eliteblog.fr
958867,euroigaming.co.uk
958899,enjoytaxibangkok.com
958907,enobahisguncel.vip
958977,eliteglobalpointhub.nl
959042,excelba.com
959057,enconfiancepourmasante.biz
959103,eurochild.org
959123,earlygamecdn.com
959139,eveningarch.co.uk
959209,enmasse.com
959272,els.net
959275,eliaruizwork.com
959284,euteller-kasino-fi.top
959311,edu-games.org
959356,enobahisci.vip
959360,evesleep.co.uk
959363,enbetmobil.vip
959425,elexadent.com
959459,ebynga.one
959514,esbanque.fr
959544,entangledpublishing.com
959655,ewrdigital.com
959661,egriugyek.hu
959691,edu2review.com
959860,empoweredfreelancerhub.site
959904,erescue.it
959934,esmussnurtun.de
959940,exalate.com
959952,episcopalrelief.org
959959,engineeredequipment.com
960002,ehostsolution.net
960006,extreme-band.com
960072,elitimes.com
960128,ebool.com
960160,echoproplus.co.uk
960195,eridirect.com
960240,ensavoirplusavecaxa.mobi
960253,escwireless.com
960256,ex-theater.com
960324,eduxue.com
960391,economiadozero.com.br
960414,eclipsehighrollercove.com
960421,eny.es
960517,explorerservers.com
960615,eip.co.il
960625,evergreenpuzzles.com
960710,edle-phd.eu
960712,eda17.com
960754,electro-kot.ru
960766,ernesthealth.com
960802,edgevid.top
960831,eco-internal.life
960849,eiffageconstructionbelux.eu
960860,eaacorp.com
960866,energy-consulting.ru
960912,enobahiskapisi.vip
960977,europlatform.co.uk
961013,energymotors.ge
961014,eunorau-ebike.com
961055,emauxatlantique.fr
961197,euroflorist.nl
961242,egapark-erfurt.de
961385,english-test.net
961394,emagwiki.jp
961424,echomondeonline.fr
961479,esc.vote
961488,empire.io
961505,energybase.fm
961538,eremont.ru
961633,estadoderesultado.win
961639,euvyp.cn
961663,ebtedgemobile.com
961726,eclothing.in
961742,espacesoignant.com
961789,equinoxe.de
961811,edelvivesdigital.com
961828,evang.at
961935,enobahisicin.vip
961953,esernet.com
961965,enzzhjig.cc
962020,eliteprovedor.com.br
962026,euphoria-smartshop.eu
962053,ecommercemotori.it
962064,empirebetmax.com
962091,electromag.pl
962151,eintragalltag.de
962155,eyeprosrv2.com
962239,ezrider.nl
962290,expressionchronique.fr
962301,edge.com
962312,echodigitalmag.co.uk
962322,elitecoreland.co.uk
962341,esig.energy
962370,eplas.com.tr
962371,echourbain.fr
962374,elpulpo.com
962418,ekranka.website
962441,egeko.de
962444,evolute-arkont.ru
962462,escuelapdi.cl
962463,elxr.ae
962473,evakuatorchikof.ru
962512,enbetci.vip
962556,eberry.digital
962587,esportshighlightscentral.us
962625,elitetrack.com
962629,eljamesauthor.com
962632,eznettools.net
962635,eerieweb.com
962664,extratimepress.co.uk
962751,elektroleum.rs
962759,eternalemberoutdoorliving.com
962832,elitevistaonline.nl
962928,enko.kr
962945,explorewaterloo.ca
962976,eternitybrewing.com
963009,ecfans.com
963026,erponline.vn
963054,eliberty.fr
963082,economicwebhosting.com
963088,electronic.partners
963097,eeginc.com
963119,evs3.com
963150,e-price.ru
963237,expatriatehealthcare.com
963265,evolute-major.ru
963308,emotionsdebourgogne.com
963335,eye-love-art.com
963392,eventguide.com
963426,el-content.com
963440,expoclub.ru
963495,elevatrixsolutions.com
963522,eliteimaging.net
963536,eclipsespinsmatrix.com
963615,echomountain.com
963645,emergency.com
963659,eurochocolate.com
963728,eklipscwaas.com
963746,everestadvantage.org
963763,elitejackpothubspace.nl
963770,emtcareers.org
963783,eub.kz
963801,ecodreamers.com
963818,elamed.pl
963862,esport.ge
963953,e-prosveta.bg
963954,easyvehiclestorage.com.au
963955,elmartecnologia.com.br
963956,ems-isd.net
963957,etkiliders.com
963958,etools.bg
963959,exir.ru
964099,equatro.ru
964169,enriqueiluminacion.com
964194,empireblackjack.com
964208,echonethub.co.uk
964210,eousercontent.com
964230,explorance.com
964275,extinctionrebellion.nl
964406,email-format.com
964534,edel-schrott.de
964563,enzonix.com
964618,eylog.co.uk
964624,entitymag.com
964642,eikenshop.com
964645,evergreendev.com
964653,enecogroup.com
964689,ebnonline.com
964738,e-motorsport.se
964826,ewayitsolutions.com
964846,etc-research.com
964890,erudite.cc
964897,edstars.com.cn
964911,eosflare.io
964917,efterskolerne.dk
964925,eatmorebanana.org
964930,epclusa.com
964945,erxuwk.com
964994,escapelounges.com
965036,elitewin.fr
965038,egypt888stars.com
965069,erzoff.com
965119,espad.org
965120,elektrycznie.pl
965261,edukemy.com
965271,eazia-sdac.ru
965303,eurocasinogir.com
965320,eyeforfashion.ru
965356,empirezone.co.uk
965394,encyklopediehazardu.cz
965399,eqxiu.cn
965400,enotfast.com
965477,easycharging-tech.com
965480,emilehenryusa.com
965512,enbeticin.vip
965551,eadres.ru
965559,efecocomunicacion.com
965561,elsembradorministries.com
965571,eyekonikeyewear.com
965578,emporos.net
965591,edwinjagger.co.uk
965632,edu-app.ru
965646,eva-kovrik-auto.ru
965696,e-motion24.ru
965710,ewarrant-sec.jp
965726,enosystem.it
965729,eubuero.de
965855,eva.com.au
965859,expertiseparafarmacie.it
965870,ehangzhou.gov.cn
965882,easytechnology.gr
965889,engine-productions.de
965895,electronicadhesive.com
965941,esportshighlightsclub.us
965974,eurocasino.com
965992,ecomall.com
966041,esciencesinc.com
966050,emdr.it
966051,esportsloot.de
966098,eua.org.uk
966156,ectsi.net
966190,evs8.com
966245,elurikkus.ee
966420,epf.lu
966435,esusurent.com
966469,evelo.com
966556,essentialhospitals.org
966565,edge.ca
966597,enapart.bg
966628,externdakwerken.nl
966703,e-board.kr
966707,e-koncept.ru
966765,emilia-service.cn
966784,eletrosul.gov.br
966797,e38.casino
966809,elcok.com
966887,ederland.de
966961,everything-theatre.co.uk
966966,edgegrowth.se
967054,electroniques.biz
967107,evroenergo.com
967108,evokesmp.net
967117,ebosys.com
967120,ecolur.org
967123,ecocateringsupply.com
967132,epresse.fr
967295,este.rs
967310,ecprof.com
967358,etn.se
967401,eduksiegarnia.pl
967424,eohio.net
967436,eurekareport.com.au
967470,el-fd.org
967611,eastangxueyuan.cn
967618,europe-en-france.gouv.fr
967634,euro-training.net
967644,ewsum.info
967669,emwa.org
967671,ericasadun.com
967683,emic.gov.tw
967727,ext-offer.com
967801,energymarket.solutions
967806,exoticdrc.com
967817,eikoh-campusnet.jp
967922,e-gap.net
967963,enzymedica.com
968027,esportscircle.my
968095,echoukblog.uk
968111,estiw.ru
968121,ezday643.live
968155,electricmirror.com
968177,ecomate.co
968221,earnably.com
968336,elliottback.com
968339,eupoupo.com
968350,elastx.cloud
968351,eeancc.link
968379,events.nl
968383,escantur.com
968391,epsduvarpaneli.com
968400,experienceneworleans.com
968418,enviroweb.org
968421,eurospins.co.uk
968451,elstar32.ru
968452,educationviews.org
968453,edahomehealthcare.com
968585,elitegates.net
968592,ebookee.com
968622,enapart.co.uk
968694,ebora.nl
968705,essaybaron.com
968735,energy20.net
968739,evrone.com
968758,essenza.ng
968768,english-khmer.com
968783,ebetlab.com
968787,eucloud.host
968954,ende.bo
968955,eud6337.cc
968963,evacodes.com
968974,elektrorussia.ru
969004,echoopen.uk
969027,ecttechnik.pl
969051,eclipseleague.com
969065,expiredomains.net
969137,estemedicalgroup.uk
969158,erkiss.im
969249,eva-mosaic.ru
969285,elor.az
969328,easethemood.top
969354,empolifc.com
969362,esportsbetting.com
969369,easybit.com
969416,elitebonusquestspace.nl
969422,eth2600.com
969650,epsoftitalia.it
969779,estripes.com
969803,epaygo.bg
969827,egzotech.com
969841,edukasyon.ph
969850,explorandoh.cl
969870,easternpeak.com
969893,endometriosisassn.org
969998,esclaboratoire.com
969999,eurosmallengineparts.ie
970000,extremeride.pl
970034,emojime.click
970069,everladderoasis.com
970072,eestinextrat.fi
970082,elsahaddad-avocats.fr
970106,esinet.org.uk
970125,elon168-th.com
970131,ecisd.net
970164,euroarena.co.uk
970249,ebrics.com
970335,eachamps.rw
970400,eserialkimindis.online
970481,e-services.net
970497,ezop-antikvarijat.hr
970535,ecm-zink.ru
970601,espacehost.com
970627,elderresearch.com
970640,edgevault.co.uk
970657,eulesssba.com
970667,erotouch.eu
970679,etalon-time.ru
970686,echotechsite.co.uk
970725,egret.com
970745,eskort18.se
970790,estimoto.de
970883,emluni.com
970979,echoworldonline.co.uk
970983,exocorriges.com
970990,echoglobalmag.co.uk
971001,elk.at
971035,evils.in
971111,eurosolar.de
971113,evolute-tts-nch.ru
971118,edonkey2000.com
971188,eoproducts.com
971218,elcapulco-alcofree.ru
971222,emperion.net
971228,eyecare.nl
971234,expressionjour.fr
971277,eset.pl
971314,elitedigitalscopehub.nl
971341,elix-lsf.fr
971370,equipociclistaugeraga.com
971395,ecjtuit.com.cn
971415,electrochannel.com
971524,elpiadis.com
971536,elinformadorchile.cl
971629,emil.de
971661,expressinsuranceinfo.com
971664,eummena.org
971674,emagister.com.co
971724,evolvecore.co.uk
971734,esuppleants.net
971749,echoland.co.uk
971777,ec311447.cyou
971830,engage-powered.com
971837,energiasolare100.it
971838,eco-service.kz
971915,ecoleterrade.com
971931,express-wallet.net
971937,ecilcenter.org
971951,eiko.com
971954,ericlippert.com
971994,ekipaciones.com
972026,elcorreo.ae
972176,euroeyes.de
972206,equinate.de
972231,enciclopedia-juridica.com
972255,evercommerce.com
972266,egyptke.com
972268,eclipse23.com
972394,esuwarriors.com
972518,esimprime.com
972519,ecaeurope.com
972532,everygamegoing.com
972582,educational-access.org
972607,eogs.pro
972608,eurorum.ru
972610,everythingpe.com
972625,e-location-axa.co.uk
972671,esglesia.barcelona
972714,edmiston.com
972722,erarussia.ru
972756,e-sathi.com
972767,emailoversight.com
972781,evread.net
972797,edmlife.com
972889,eurosport-uk.net
972925,euro-rates.info
972970,eliteblackjack.fr
972985,epicpalace.us
973011,ezhost.net
973015,evolucionstreaming.com.ar
973020,empireonline.co.uk
973022,etmedia.tv
973056,earlyweather.com
973062,eassun.com
973114,easydns-us.com
973130,edgedns-tm.de
973139,echotodayonline.co.uk
973152,elasticcx.com
973193,essentialthanks.com
973196,euroroulette.co.uk
973203,exponat-mebel.ru
973299,erfgoedleiden.nl
973304,excitingpain.com
973306,elix.lol
973319,euiijdghs-url.com
973335,electric-tolk.ru
973355,eropho.run
973366,ebf.com
973404,eternalstorms.at
973429,evisex.com.mx
973441,earth4all.life
973454,epath.org
973458,exchangemarketplace.com
973489,epicpeople.org
973494,e-dnafilters.co.uk
973557,entrancezone.com
973581,esmod.com
973583,embedsports.top
973585,epicnet.sk
973656,eco-ville.ru
973670,einsendeportal.de
973727,emsend3.com
973757,emaximo.com
973822,etec-dns.com
973941,echomoderntoday.co.uk
973994,evisions.com
974015,echoreview.us
974018,elevationwinefund.com
974084,erzis.de
974129,edgehost01.com
974162,el-angel.com
974170,emanueleferonato.com
974184,everymarket.ca
974203,eddelbuettel.com
974218,educate-me.co
974238,empyrean.games
974251,elynews.com
974321,easycloudzone.net
974466,etikiletisim.com
974468,eidos.ru
974473,earthrisesites.com
974485,emocionday.com
974502,ebrand.hu
974516,eauclairefurnish123.com
974544,eukhosting.net
974551,email-intimissimi.com
974565,euradio.fr
974570,espritscovey.shop
974590,elmens.com
974597,evanwilliams.com
974616,eupo7qjt6158-8xgmegg.xyz
974660,e-polityka.pl
974661,eaglerise.com
974662,ebookmash.com
974663,eggsnsoldiers.com
974664,elumeen.com
974665,emetro.co.kr
974666,empoweredautoparts.com.au
974667,encyclopedia-of-arda.com
974668,eurocreations.co.th
974787,etc.edu.cn
974832,eaglescancloud.com
974833,eev.ru
974834,encap.to
974835,eriehomebasementsolutions.org
974836,evaluateenergy.com
974837,extscope.org
974999,eagle-matrix.com
975000,easyproxies.io
975001,echosupply.com
975002,ekjm.org
975003,emaratfinder.com
975004,eprice.fi
975005,equizoneonline.com
975006,eshutilitybuildings.com
975007,etmoc.com
975008,everythingbeautygh.com
975181,europeana1914-1918.eu
975220,emmertfamily.org
975264,eevggapy.cc
975324,esteban-frederic.fr
975325,ex3diamond.com
975352,experten.de
975420,entheobotanik.net
975498,evolvezone.ca
975506,enconfiancepourmasante.info
975508,element.hr
975525,ecofys.com
975555,echonet.bnpparibas
975664,elevateventures.co.uk
975681,ettendo.org
975695,everythingetsy.com
975711,egmdispatch.com
975756,ehealthforum.com
975760,elorion.co.kr
975768,exs99.com
975771,ennorton.uk
975797,echoenterprise.co.uk
975816,elitesport.kz
975830,ecumen.org
975855,eli1957.com
975901,esiafinance.ru
975905,ecograder.com
975929,emmcloud.com
975934,elasticlabs.training
975946,elijahmkt-ns.com
976006,ecommerce-today.app
976025,eurovault.co.uk
976087,evsinvest.nl
976088,ealingpages.co.uk
976155,eyecay.xyz
976188,engageny.org
976217,enjoysharepoint.com
976222,everytruckjob.com
976333,ectts.com
976342,edkimo.com
976356,eminence.com
976369,ebai.org
976425,expertgps.com
976430,eratopiu.qpon
976436,earthquakes.gr
976493,extropy.org
976514,eim.com
976574,erudit.team
976578,eveji-gede.online
976605,erjcchouston.org
976621,evropump.ru
976622,encapture.com
976651,edusunrising.com
976654,ethoplex.com
976711,embmarketingbusinessopportunity.com
976727,einsitcloud.com
976749,exaw.co.kr
976772,eggheads.org
976794,ekinex.com
976804,esportshighlightscircle.us
976829,espacenetworks.io
976831,elektacloud.com
976849,esportshubprox.com
976877,emiliaromagnateatro.com
976940,enderuncolleges.com
977058,e4thai.com
977076,e-sev.ru
977102,em86.cn
977106,eobot.com
977129,eco-schools.org.uk
977145,eatbetter.de
977149,elitetips.fr
977164,ewzfzfy.cn
977165,eas.ee
977175,espace-concours.fr
977192,el-parking-moto.es
977255,edirnehaber.org
977256,eftaliahotels.com
977257,esi.in
977290,edunautica.mx
977340,economics21.org
977379,ee007game.com
977459,elkw.de
977495,epl.ee
977502,empress-escort.com
977575,europeanpainfederation.eu
977629,eliegetaways.com
977636,echosocietyblog.uk
977639,eurocastaliahost10.com
977704,encontreauto.com
977706,evasion-eshop.com
977717,evolife.cn
977722,elevation-api.io
977786,electrostal.ru
977818,evyardimcisibul.com
977831,elliptics.com
977840,expondo.fr
977845,eishel.org
977881,emailitmail.com
977892,e-vesti.ru
977919,econophone.ch
977921,expressglobal.fr
977924,enbetgelmis.vip
978000,epsmogcheck.com
978003,efoy-cloud.com
978012,eplansoftreview.com
978073,edupics.com
978087,empro-cn.com
978113,eroshoppie.nl
978116,etty.ru
978130,empireconsole.com
978157,ecma.gov.et
978165,e-yahiko.com
978176,eastchinafurs.com
978179,ecolabels.fr
978237,etrack05.com
978257,e-invent.eu
978355,eblanomail.com
978365,ehousingplus.com
978401,esportbono.com
978435,e-daily.gr
978445,elfquest.com
978540,electrosuisse.ch
978629,ewb.ch
978641,ewgmbh.de
978647,ejucms.com
978678,etel.bg
978687,editsight.co.uk
978689,experts-zone.com
978710,echoonlinetoday.co.uk
978738,e-motiv.net
978740,eliteesportsplanet.us
978766,extremewoodshavings.com
978802,epresspack.eu
978835,e-v-o.de
978844,expertpoint.uk
978921,elkgrove.org
978951,easyaccesshost.com
978971,emezeta.com
978972,eliteclutchhaven.com
978998,elitereelreelspoint.nl
979050,engwrite.com
979069,entellitrak.com
979076,eurobest.com
979108,ereter.net
979114,evybuy.com
979118,elquihost.cl
979165,egbvenue.co
979198,electronicarts.co.uk
979207,exodus-dev.com
979247,explosionsinthesky.com
979297,esclans.com
979305,erdenfreund.com
979331,edusp.com.br
979357,ehostiq.net
979361,editions-foucher.fr
979394,eduq.info
979511,esla.dk
979522,eyecon.com
979540,e732a5ae.shop
979543,eshop-cy.com
979554,eter-lift.com
979568,eurolibri.com
979599,eqqualberryglobal.com
979851,eltanin.net
979881,emailko.com
979924,eachus.co.uk
979956,ecotopbio.com
979978,eventmasters.co.uk
979989,eyclienthubd.com
979991,emuladorps3.com
979993,emergelegal.in
979997,eagon.com
980003,earnvidjav.online
980040,entertainmentbusiness.nl
980066,ezcashauth.com
980083,e-aa.org
980096,euskalduna.eus
980105,earnbyclicks.in
980130,echogames.ca
980144,einstar.com
980147,entrei.net
980149,eurohockey.org
980187,easytruck.shop
980199,ep-judge.jp
980258,esri.nl
980278,e3tp1.com
980318,e-invoice.com
980334,ethicalmarketingnews.com
980392,easylife.boutique
980396,emailsecuritychecker.com
980400,euronect.com
980451,euroveterinaria.com
980496,everestwebworks.com
980506,exchangeadministrado.com
980532,epsiia.com
980589,expresstechonline.fr
980629,etechdomainhosting.com
980702,eubdi.com
980722,ekopedia.fr
980742,effortlessfoodie.com
980748,emlstart.com
980816,easybet.com
980844,empr.media
980877,examplelink.com
980880,enternews.vn
980921,edonfarmerscoop.com
980945,espaceclient-axaassurance.net
980966,easterndesignvision.nl
980968,emkt.com.cn
980971,europarcsdezanding.nl
980983,enorthfield.com
980990,elegant-media.com
980991,ecollar.com
981039,eurospark.in
981048,elfarandi.com
981074,echobright.uk
981075,eps-00.com
981102,energy.at
981191,ebnsina.top
981244,elastalink.com
981289,ecommage.com
981294,eletronuclear.gov.br
981302,elitecorezone.co.uk
981314,edenserv.net
981384,eremex.ru
981388,edlm.ru
981566,eosone.com
981570,eztrackz.com
981656,eternalsakura13.com
981689,evrofinance.ru
981704,exdat.com
981720,eishockey.net
981744,ellasanweb.gr
981753,evilangelfilms.com
981767,ephoto.fr
981797,exceldashboardwidgets.com
981805,elfin.tech
981827,enjoybet-dogrudur.vip
981839,empurionhost.nl
981840,e-shinasys.co.kr
981843,esczmw.com
981846,euromb.com
981863,europa-market.com
981877,erhanzerener.com
981898,enlite.cn
981909,europa101-3060.com.br
981919,esmhosting.com
982009,eldiarioweb.com
982013,exploreegypttours.com
982038,effexor.cyou
982040,ennostar.com
982110,emailprivacy.com
982142,ecogreentechmarket.com
982258,evolute-automash.ru
982289,elitecoreplay.co.uk
982296,everlastrussia.ru
982301,eaglenxt.com
982312,ersatzteil-check.de
982328,ezekia.com
982363,expansiveprocurement.com
982380,emprel.gov.br
982387,earthsupport-recruit.net
982442,europa-camioane.com
982556,easytechrr.com.br
982557,edpl.co.kr
982558,effeta.info
982559,elementtattoosupply.com
982560,emmelle.it
982561,establecimientosdesalud.info
982562,eumedicoresidente.com.br
982701,edenbuildingsupplies.ie
982748,expondo.com
982804,eliteneststudio.nl
982844,enterux.com
982847,edwardlowe.org
982851,eastbanctech.ru
982900,everfox.com
982921,egardata.net
982931,edwardsaquifer.org
982964,ecdaroglucelikkapi.com
983006,escaperoad2d.io
983032,enhuawei.com
983045,epicroulette.com
983065,etcblockexplorer.com
983077,edgeful.com
983158,europarabct.com
983267,elucks.io
983370,escortsdeldia.com
983373,emmi-pet.de
983400,ehsd.org
983420,eniax.cl
983451,euroleasing.hu
983470,eedskaitu.com
983577,everythinggirl.com
983600,energy-charts.de
983603,eleduck.com
983606,ephoto360.com
983621,elmachips.com.br
983622,ea-lateleassistance.com
983722,entornoturistico.com
983770,eagleridge.com
983802,edcheck.co.uk
983845,enkreis.de
983910,e-act.org.uk
983946,exactsports.com
983961,examcoo.com
983977,explorevia.com
983978,elpaso.net
984006,elektro-zerres.de
984008,easycrypto.com
984029,escaparate.kz
984034,eyewind.cn
984051,emcartsconference.org
984085,envisionexperience.com
984108,endcraft.ru
984110,edynamix.com
984117,evadim.ru
984142,egencia.cloud
984150,eclatandephemera.site
984176,exteractif.fr
984206,evolvedballistics.com
984295,epsilonspectreplatform.com
984364,eif.org.uk
984420,explorenorthmyrtlebeach.com
984428,eid-service.de
984518,enospa.jp
984547,everycancounts.eu
984600,elementunit.com
984640,everythinghorseuk.co.uk
984667,elnacain.com
984674,element451.io
984732,emanuelecavalli.org
984778,eflanalysis.com
984794,efidynotuning.com
984826,enactus.org
984829,edebris.com
984851,ekosport.it
984961,ecoplus.at
984987,eliteparlor.com
985118,egnmall.kr
985174,engduothailand.com
985215,ecomsurplus.com
985226,eahil2026.tr
985260,entnet10.com
985293,esepf.pt
985316,emetro.gr
985337,ewswebhosting.com.au
985363,elbiahosting.sk
985418,eatonphil.com
985472,eyeq.photos
985482,ecuacionnatural.com
985532,e6.com
985604,eicfl.cn
985610,emaillabs.io
985686,engine-specs.net
985693,elcdev.net
985800,elredos.cat
985803,enocean-alliance.org
985818,eatliverun.com
985857,elevationweb.org
985875,eurosanteh.md
985895,employ.co.il
985905,engagestudio.com
985960,evawintl.org
985982,emagineconcept.com
986054,envodrive.com
986058,everkingprime.com
986084,epf-acc.online
986085,ergowebshop.nl
986134,ethionet.et
986167,exide.com.pk
986169,eredivisie.com
986185,elitefamilyholland.nl
986213,erikadavisacademy.co.za
986214,everblackjack.com
986229,elysewalker.com
986265,eelslap.com
986312,e-info.ch
986344,e-sentral.com
986358,eggjs.org
986383,ecutools.ru
986411,el-annuaire.com
986451,epilepsie.nl
986468,elgatoylacaja.com
986487,exponents.com
986501,esiweb.ca
986559,ebro-armaturen.com
986572,eurolines.nl
986640,extabit.com
986713,eduportal.com.mx
986723,erase.com
986729,electricpower.com.pk
986734,effectitc.com
986773,elpuntocritico.com
986801,energydots.com
986808,echoline.nl
986850,eic.cat
986888,edgar88.de
986929,easyparcel.my
986974,esportsworldcup.news
986997,era-mebel.com
987026,efao.pt
987030,euhosted.com
987033,expres.net.ua
987035,elektrostal-gox.info
987037,erblin3.com
987049,everydayepiphanies.co.uk
987068,ewolomodule.com
987079,e-dizayner.com
987082,emailkampane.cz
987120,epassi.se
987133,esteticailmiotempo.com
987144,emaiq-na2.net
987166,elibrary.at
987179,emberportal.co.uk
987201,euroroom.co.uk
987229,eucorro.com
987235,echocentral360.co.uk
987263,eagentsonline.com
987282,empireprime.co.uk
987286,eporner.digital
987293,eens.eu
987306,endlessos.com
987336,evaporate.network
987340,easyworksexpert.nl
987368,eweu-learningplatform.eu
987461,eddizhosted.com
987473,ele1.com
987480,epatrade.com
987493,evo-shield.com
987502,energyclub.cl
987549,eighthgeneration.com
987562,eornalgi.cc
987620,epicetoo.fr
987670,eagronom.com
987678,ee3sm2.mobi
987724,epiwebservices.com
987729,electronhub.ai
987739,elearning-home.de
987749,eyeloveart.de
987762,ecobalt.ru
987767,ewebsolutions.net
987783,e-gehalt.de
987864,euromontagna.com
987882,eslvocabfox.com
987903,esdnews.com.au
987963,elitebonusspherebase.nl
987989,erdpeo.com
988034,emperador.com.mx
988042,easysendglobal.com
988058,e3hui.com
988081,eci.org
988205,easypricestore.pt
988206,educadhoc.fr
988207,elifteke.com
988208,english-hatter.nl
988209,epsonlounge.co.kr
988378,eurobets.lt
988383,eo-equality.online
988404,extendsclass.com
988405,elitehobby.eu
988438,energie.de
988459,enviam-gruppe.de
988486,eachdaykart.in
988507,emscimprovement.center
988521,edisoft.de
988589,epicturez.com
988622,elastix.com
988645,enginepartsonly.com
988647,eckertseamans.com
988664,errowsinfotech.com
988681,elub.pl
988684,ekomi.es
988686,edpro.ru
988687,esntula.ru
988732,emremedikal.net
988762,etic.or.jp
988772,egemeclisi.com
988831,eldorado-templin.de
988898,ekonomifloden.se
988973,endmalaria.org
988984,ermunp8.com
989093,estellabartlett.com
989101,emberpalace.co.uk
989117,eurocommerce.eu
989126,edelweissfin.com
989142,evishealth.com
989161,energymarket.ro
989188,esitestatus.com
989293,entrepreneursbreak.fun
989298,evs15.com
989311,eleccelerator.com
989313,eamu.info
989365,e-port-moas.jp
989369,egov-nsdl.com
989380,ecoturismovillafeliche.com
989395,ecf.org.il
989401,empiredealsllc.com
989404,eeds.com
989419,efs-emcor.com
989423,effortlessoffice.com
989427,eyzamiel.com
989440,elekalonjewelry.com
989445,escudonopeito.com.br
989470,encoskr.com
989509,eskuvoiiranytu.hu
989518,egc.gov.bn
989546,ecommercestore.com.br
989593,espressowarehouse.de
989613,eliteguide.fr
989621,enface.id
989631,express-vpn.biz
989638,elp.com
989655,earthquake-report.com
989658,everycute.com
989698,elitecrew247.com
989735,emiliaservice.ch
989739,estiatoriomilos.com
989834,ebangladeshshomachar.com
989845,easternecho.com
989849,economtut24.ru
989876,ecarebehavioralinstitute.com
989907,eraperemen.info
989922,edusarov.ru
989924,estepais.com
989965,ecolutionhome.com
989973,e-kou.jp
989983,eclipseblackjackhq.com
990015,e-star.com
990038,excelrealestateconsultants.com
990042,extranetccsmtl.ca
990062,euramobil.de
990103,egy2day.com
990120,euroguitar.com
990137,ecojournal.co.kr
990150,eagle411.com
990249,earone.com
990269,emeraldpalace.us
990308,elevateright.com
990409,emotoworld.eu
990420,energypedal.com
990456,energysecurity.gov.uk
990477,expressidee.fr
990530,elequipoperfecto.com
990537,egyhazmegye.hu
990540,esj-lille.fr
990608,email-campagne.nl
990610,efire.ro
990618,enjoynordjylland.com
990685,expresssimpleonline.fr
990709,easyhealthyrecipes.com
990716,exanovomed.com
990786,eastasiasoft.com
990822,ecologic.io
990854,esupplychain.cn
990892,eclass.com.hk
990905,eurisco.ch
991001,everafterfallswiki.com
991020,energy-kasyno-bonus.com
991056,einstein-website.de
991098,ekstraklasa.tv
991112,evo-filter.com
991122,ennak.store
991138,englishonlinefree.ru
991148,enfejaronline.net
991181,ean-shopping.de
991217,eddisons.com
991235,elitecoreportal.co.uk
991301,eaxa.co.nz
991352,exapp.mobi
991377,etudiereneurope.eu
991509,eleganza.ca
991594,ellinismosonline.gr
991609,engagexapp.com
991623,earlgreyhotels.com
991734,epiusers.help
991741,easyauction-server.com
991791,eesystemlocations.com
991815,energie-lexikon.info
991822,embernetwork.co.uk
991848,emirecords.com
991950,evolutionmoney.co.uk
991977,efim.org
991994,employsure.com.au
992003,echotechnologies.co.uk
992004,europarcsdeijsseleilanden.nl
992009,evy-eki.site
992016,esperanto.cz
992026,exlibrisgroup.com.cn
992035,eie.no
992056,earthlydirectory.com
992059,emergence.ai
992061,eduk.com.br
992069,eazzypark.nl
992089,enviedesport.fr
992119,eszakhirnok.com
992129,escrime-ffe.fr
992157,echristus.net
992219,esportshighlightsspot.us
992283,entefy.com
992334,e-zeeinternet.com
992347,edita.jp
992371,epublic.it
992413,event-photografie.de
992478,estudio.su
992496,evwest.com
992531,echosignal.us
992601,europa-rostov.ru
992620,eastside.hu
992622,ebook-land.cc
992629,enjin.be
992644,et.lv
992931,esaqui.es
992935,espres.so
992940,elsureno.cl
992954,estat.com
993063,esadir.cat
993064,enomcentral.com
993070,educationdirectory.com.au
993108,ecstech.com
993158,expressinspire.fr
993175,estado.com.br
993182,ecodemy.de
993217,emlerswimschool.com
993251,earthrated.com
993319,entegre360.com
993388,eixonortesul.pt
993418,elion.health
993483,e-material.com.cn
993489,estatetool.net
993511,eds-deep.com
993533,ekspres.net
993540,echoglobal360.co.uk
993560,epicunitscan.info
993561,edmondsun.com
993576,ewwomensclassic.in
993577,exampassdump.com
993648,elon-casino-top.com
993727,edirectory.com
993741,e-ttt.eu
993744,eggycar.onl
993749,enerton.ru
993750,edmontonhumanesociety.com
993758,ecoced.com
993760,exchangepoker.com
993771,evinrude.com
993782,et606.com
993787,echoprimenews.co.uk
993827,eishockey.at
993851,escortgaziantep.com
993891,egerhirek.hu
993896,elite-alko.ru
993925,electroniger.com
993958,emergingminds.com.au
993995,engmet.edu.eg
994011,elmonterey.com
994028,englishblinds.co.uk
994034,electricityrates.com
994072,electricforall.org
994073,egonet.se
994096,eurorscg.com
994097,ecoop.org
994292,eddietrunk.com
994392,encontraproduto.com.br
994459,elsa-support.co.uk
994470,europosters.dk
994472,ergineer.com
994487,e30-lager.de
994541,ekworld.vn
994637,e-card.io
994638,everythingicafe.com
994657,eyes.tv
994677,experibot.com
994697,edjy.com
994709,essens.no
994729,eupvp.net
994747,eyeconicspots.com
994758,erasmusmascampus.eu
994794,eventocapital.com
994813,enqueteplus.com
994815,education4kids.online
994887,evezary.co.kr
994888,explurger.com
994905,ehomer.ee
994931,experten.tools
994943,ethicsboard.org
994984,epfindia.com
994992,emmi.lv
995044,eastmanguitars.com
995067,ewadirect.com
995093,engraverscafe.com
995168,elitebazaarnow.com
995184,ezbiocloud.net
995300,estadisticaciudad.gob.ar
995308,edistribucion.es
995437,elbilforeningen.dk
995439,erai.ru
995446,expertstudio.uk
995469,expisoft.se
995484,ehungry.com
995489,elefun.se
995495,engageforgood.com
995503,e-logistyka.pl
995527,epfarms.name
995574,ez-netsys.net
995581,edubaza.pl
995600,electronicoffice.net
995616,euratlas.com
995651,exclusivenews.ge
995665,explorebrysoncity.com
995677,eonix.cx
995684,emblabunader.no
995731,exoil-lubes.com
995763,emisupply.com
995796,ebrandz.com
995805,ebooksworld.com.pl
995831,elumbraldeprimavera.com
995839,entyrecare.com
995840,enrapture.cloud
995897,energy-observer.org
995900,elmshorn.de
995954,elite-network.co.jp
995984,echoinspire.fr
995999,elsevierdirect.com
996007,everydaynotes.co.uk
996021,evident.com
996081,extto.org
996153,eddizdns.com
996168,energy-oil-gas.com
996187,easyhealthoptions.com
996189,escommanders.com
996225,ezrirx.com
996239,ext-opp.com
996240,easypackagetrack.com
996251,ewireless.rs
996261,evomeet.es
996262,etapa.cz
996275,europeanspallationsource.se
996305,echelon-cdn.com
996341,easyfly.com.tw
996352,eventim.se
996376,etokino.ru
996387,ember-online.com
996400,electronicabarata.com
996442,especialnet.com.br
996464,ewnet.net
996497,endersanalysis.com
996524,ellen-wille.de
996544,editioncircle.co.uk
996601,eprop.co.za
996637,einfach-fuer-alle.de
996676,extendicare.ca
996712,evakuatorsochi24.ru
996719,emperador.mx
996723,edid.co.kr
996757,everyday-wines.com
996785,everyzone.com
996879,electronis.de
996899,elantis.be
996927,eduscho.sk
997003,ecu-performance.net
997039,econom-trans.ru
997136,ecpm.org
997140,executive.ro
997282,e36cxt7p.com
997283,eaqfvad.cn
997284,ebms.vn
997285,educacionyfp.gob.es
997286,edukamp.pl
997287,eeth3u.com
997288,empresasportugal.net
997289,enterpriserentacar.com.au
997290,ergouzi.life
997291,erie-al-anon.org
997292,eriecleanair.com
997293,eriehomebasementsolution.com
997294,eriehomemetalroofing.com
997295,esracing.ee
997296,estatejewelersonline.com
997297,estecapa.com
997298,exchat.co
997697,evolute-alarm.ru
997701,ednannia.ua
997732,eatlyser.ru
997747,eiffageenergiasistemas.com
997763,entero.uz
997827,erbarus.com
997838,empirewc.com
997888,etymos.de
997897,emekyizrael.org.il
997909,earngov.com
997961,emeraldhost.de
997979,ekasrl.net
998013,ekonomistrategen.se
998050,expotmn.ru
998053,everylifefoundation.org
998067,eriereader.com
998125,explorehorizons.blog
998139,echoherald.com
998153,expatchoice.asia
998175,energycasino.co.hu
998179,elysiumpw.online
998204,ellalan.com
998207,enc-sorbonne.fr
998253,ehomerecordingstudio.com
998278,elevatepoint.co.uk
998341,enamesserver.com
998356,eroluv.com
998361,echochronique.fr
998413,estathe.it
998425,emperadorgamesa.com
998451,echopronews.co.uk
998466,enyo-energy.de
998474,eco.pl
998478,exinariuminix.info
998501,eforms4axa.com
998513,e-buyit.com
998527,emcinsurance.com
998538,e-ty.co.jp
998540,esimfree.org
998555,eyda.com.cn
998596,execsearches.com
998597,esmnet.net.br
998664,eplus.co.jp
998682,em-consumer.com
998684,evrevolution.co.uk
998837,empresasysociedades.com
998839,elitechasia.com
998879,educavox.fr
998929,extraordinarywebhosting.com
998952,experthub.uk
998954,ezlifetech.com
998991,elektrospektar.rs
998998,echocentralsite.co.uk
999001,engineer-history.ru
999003,ellemental.com.es
999012,eaglebankcorp.com
999051,elevatorshop.de
999064,entdecke-deutschland.de
999170,ebizland.com
999244,easy-biz.net
999259,exdezign.com
999298,ebay.st
999375,esthe-datacenter.com
999393,edurio.com
999402,europa-moebel.de
999419,eduplus.xyz
999423,em-study.com
999501,eaglescripts.com
999573,erae-paris.com
999584,euronet3dsecure.com
999611,elevehealth.com
999625,esen.gay
999646,ercangurvit.com
999652,evshop.be
999659,everflushwager.com
999682,echocreative.uk
999684,ecopower.be
999701,eryfy-fuxir.store
999703,empoweringmichigan.com
999726,escortsxp.com
999739,easysend.io
999750,entnet11.com
999787,emarketing.com.ua
999812,expertsglobal.com
999828,euroborsa.it
999861,edgaragents.com
999943,excurzilla.com
