id,domain
5,facebook.com
15,fbcdn.net
33,fastly.net
133,forms.gle
159,f5.com
172,flickr.com
198,forbes.com
225,fastly-edge.com
264,facebook.net
268,forter.com
469,featureassets.org
476,firetvcaptiveportal.com
494,fandom.com
504,foxnews.com
508,ft.com
526,firefox.com
546,fast.com
595,free.fr
621,fontawesome.com
625,force.com
669,fb.com
751,fda.gov
779,fiverr.com
835,fifa.com
844,furycloud.io
849,focus.de
866,figma.com
877,fbsbx.com
879,fwmrm.net
913,fidelity.com
918,flashtalking.com
951,freepik.com
990,fbpigeon.com
996,faphouse.com
1022,flipkart.com
1039,footprintdns.com
1085,fortune.com
1091,flashscore.com
1139,finn.no
1145,fb.me
1199,futbin.com
1215,furaffinity.net
1227,frontiersin.org
1236,fanfiction.net
1240,fetlife.com
1282,fmkorea.com
1305,faphouse2.com
1307,f95zone.to
1330,funpay.com
1355,fapello.com
1366,fdown.net
1447,fpo.xxx
1466,ficbook.net
1473,fb-t-msedge.net
1490,fedoraproject.org
1498,fuq.com
1507,fedex.com
1512,fatalmodel.com
1563,fao.org
1564,fastdl.app
1589,freepornvideo.sex
1621,fabswingers.com
1652,ftc.gov
1661,flashscore.fr
1668,flashscore.mobi
1686,fawanews.sc
1688,filmyfly.cafe
1699,fabguys.com
1741,freesexkahani.com
1761,fc2.com
1830,fb.watch
1831,firstvds.ru
1863,fastcompany.com
1898,firebaseio.com
1931,freebsd.org
1934,ford.com
1937,fazenda.gov.br
2049,fyber.com
2118,feedburner.com
2163,fliphtml5.com
2252,fullstory.com
2254,franceinfo.fr
2283,forebet.com
2314,freefiremobile.com
2344,fullxh.com
2352,fortinet.net
2422,fojik.site
2425,futbol-libre.su
2441,funinstar.com
2532,fotmob.com
2550,flurry.com
2595,flaticon.com
2622,filmyzilla39.com
2638,filmyfly.camp
2663,filmyzilla37.com
2700,fanduel.com
2797,fastly-masque.net
2805,fcc.gov
2858,faz.net
2901,footmercato.net
2917,france24.com
2936,foggymorningmist.com
2948,fbi.gov
2995,foreca.fi
3003,filgoal.com
3029,freenet.de
3050,faqs.org
3052,fortinet.com
3056,feishu.cn
3079,foursquare.com
3084,flashbots.net
3106,filmyfly.racing
3108,flic.kr
3119,foodnetwork.com
3140,fool.com
3146,flightradar24.com
3195,fox.com
3233,fang.com
3244,freshdesk.com
3250,fastclick.net
3264,flipboard.com
3305,freedesktop.org
3352,found.io
3380,ftstatic.com
3404,futbol-libres.su
3439,federalregister.gov
3464,foxsports.com
3504,feedly.com
3506,feinidi.com
3516,flightaware.com
3582,foxbusiness.com
3618,fraunhofer.de
3691,filmyfly.luxe
3702,filmyzilla45.com
3730,filmyzilla40.com
3731,filmyzilla43.com
3734,filmyfly.builders
3754,f-sos.net
3771,faceit.com
3779,fivecdm.com
3872,fastlydns.net
3874,formula1.com
3955,familysearch.org
3958,finam.ru
3959,fema.gov
3986,federalreserve.gov
4035,findagrave.com
4063,farfetch.com
4119,flixcdn.com
4139,findlaw.com
4169,fotostrana.ru
4300,faa.gov
4303,fnac.com
4327,forticloud.com
4345,fsu.edu
4360,firebaseapp.com
4367,flipsnack.com
4382,freelancer.com
4437,fandango.com
4447,fitbit.com
4464,foreignpolicy.com
4482,fastlylb.net
4553,filezilla-project.org
4616,fujitsu.com
4666,freshchat.com
4679,feednews.com
4752,farlightgames.com
4837,fastecn.com
4914,falconnet.app
4965,freshworks.com
4986,finanzen.net
5037,frdmhere.com
5040,faipod.com
5068,fastpanel.direct
5069,fastcgi.com
5129,flowgpt.com
5131,farpost.ru
5153,fansly.com
5183,forrester.com
5234,fu-berlin.de
5239,frameo.net
5247,fubo.tv
5310,fr.de
5355,fstr.rocks
5379,filmaffinity.com
5390,firstbytedns.net
5441,flingo.tv
5457,fcomet.com
5475,flysleep.cn
5494,filesusr.com
5520,free-reels.com
5540,frontiernet.net
5576,freecash.com
5588,feverup.com
5593,framer.com
5597,facebook-hardware.com
5647,freetype.org
5709,fwupd.org
5745,francetvinfo.fr
5801,fizzopic.org
5890,fhvfd.com
5918,flippingbook.com
5935,felenasoft.com
5938,formstack.com
5954,fotocasa.es
6109,finviz.com
6158,facemojikeyboard.com
6176,fpjs.io
6178,freetds.org
6220,falabella.com
6248,freep.com
6288,fourseasons.com
6318,fas.org
6423,funnyjunk.com
6431,financialcontent.com
6440,fws.gov
6453,foodandwine.com
6458,forexfactory.com
6472,fon.bet
6491,fbs1-t-msedge.net
6507,freebit.net
6510,freecodecamp.org
6517,faberlic.com
6525,forthnet.gr
6530,fanpage.it
6538,funda.nl
6544,fgov.be
6562,fragrantica.com
6563,freewebs.com
6608,frontapp.com
6614,firstbytedns.ru
6617,fineartamerica.com
6650,fabulous.com
6669,fsrv.io
6680,freeconvert.com
6705,filmweb.pl
6711,futura-sciences.com
6712,futurism.com
6723,findmykids.org
6782,fastly.com
6792,fortnite.com
6797,freeprivacypolicy.com
6891,fmb.la
6995,five64dmv.com
7012,futbol24.com
7032,famousbirthdays.com
7065,fareharbor.com
7181,fnn.jp
7199,fut.gg
7208,fiu.edu
7266,fortnitetracker.com
7308,freshworksapi.com
7311,fakt.pl
7332,freeones.com
7344,fravega.com
7385,f2pool.com
7386,filimo.com
7410,flightrising.com
7417,firebasedatabase.app
7430,fuckmoral.com
7454,farming-simulator.com
7628,filmstarts.de
7642,fanatics.com
7648,fly.dev
7668,forbesjapan.com
7670,fca.org.uk
7689,foundationapi.com
7695,freshservice.com
7735,funplus.com
7766,fotoscapes.com
7810,fastpic.ru
7811,fdj.fr
7836,fanatik.com.tr
7858,financialexpress.com
7924,fanfox.net
7941,forocoches.com
7963,fantia.jp
7973,falabella.com.co
8009,fout.jp
8093,falabella.com.pe
8112,felissimo.co.jp
8122,flashscore.com.br
8126,fortnite.gg
8129,forbes.ru
8133,fitgirl-repacks.site
8218,fikfap.com
8298,frhiys.com
8356,fresha.com
8357,famethemes.com
8373,friv.com
8385,flirtify.com
8421,futurecdn.net
8426,foreignaffairs.com
8440,freepornvideos.xxx
8453,fap-guru.pro
8465,france.tv
8496,freewebnovel.com
8551,fullhdfilmizlesene.life
8596,fischipedia.org
8626,flashscore.pl
8629,football.com
8636,fanmtl.com
8682,fujoho.jp
8705,forth.gr
8720,filmmakinesi.to
8731,freeporno.xxx
8735,flashscore.ua
8769,finalfantasyxiv.com
8793,freejobalert.com
8863,firstpost.com
8865,flashscore.co.id
8869,fdating.com
8880,fsf.org
8929,fortunebusinessinsights.com
8997,fastebridge.com
9001,filmix.my
9042,fringster.com
9047,fdownloader.net
9065,files.fm
9082,flashscore.co
9111,flashscore.ro
9169,f-secure.com
9195,flashscore.es
9205,flashscore.pe
9233,flashscore.com.ve
9239,fsiblogx.com
9271,findnovel.net
9310,filedownload-csw-lenovo.com
9329,fonts.net
9409,familyclub.jp
9444,fiservapps.com
9485,freevideo.cz
9496,fortiddns.com
9558,finance.gov.bd
9563,futurelearn.com
9590,fairyanime.net
9602,filesdl.top
9653,feedtofap.com
9667,freedot.info
9701,foxit.com
9708,fngml.com
9740,facct.ru
9762,fardayetaze.ir
9771,free-dating4you.com
9772,forogore.net
9822,fastvideosave.net
9831,filmexxx.live
9848,fussball.de
9870,francetravail.fr
9885,fullcast.jp
10005,franceconnect.gouv.fr
10034,fojik.com
10057,fulldesisex.com
10059,fr.ru
10075,folieporno.fr
10082,fictionexpress.com
10130,famikura-store.jp
10150,finra.org
10172,flexport.com
10203,fullhindisex.com
10258,funinjeet.com
10259,funinrace365.com
10341,financialpost.com
10359,ftpub.net
10376,farsnews.ir
10381,ffmpeg.org
10394,foxitsoftware.com
10397,fireeye.com
10414,fujifilm.com
10448,fivethirtyeight.com
10453,fujitv.co.jp
10456,fau.de
10535,fotor.com
10559,fsapi.com
10572,fastretailing.com
10582,forpsi.cz
10618,flashscore.ninja
10624,f.cx
10629,fingerhi.net
10647,flagcounter.com
10690,fhaccess.com
10715,framerusercontent.com
10731,fn-pz.com
10742,fireoscaptiveportal.com
10748,floors.dev
10765,fordham.edu
10772,fdic.gov
10776,faire.com
10866,f-droid.org
10880,ffm.to
10925,fudan.edu.cn
10958,fqnovel.com
10977,freeservers.com
11016,ftc.ru
11034,foundationdns.com
11080,footprint.net
11142,flourish.studio
11147,f6.security
11159,flathub.org
11227,finnair.com
11234,fotomac.com.tr
11362,first-id.fr
11369,freshrelease.com
11390,feefo.com
11405,flashscore.co.uk
11415,fextralife.com
11446,ferrari.com
11477,fashionnova.com
11485,filmfreeway.com
11496,forecast7.com
11505,fronius.com
11536,figshare.com
11589,fontanka.ru
11606,furbo.co
11620,fastwebnet.it
11647,flagcdn.com
11657,fitanalytics.com
11666,fatsecret.com
11679,fh-wgt.com
11692,fishki.net
11791,fti.net
11809,f1.com.tw
11823,fotogramas.es
11833,fornex.com
11845,forgecdn.net
11893,flixbus.com
11913,flixcart.com
11950,fanbox.cc
11953,fastpic.org
11962,fozzy.com
11996,frs2c.com
12002,fastmail.com
12061,flexwebhosting.nl
12107,fuseplatform.net
12115,forscprts.com
12125,fengkongcloud.com
12218,fogaonet.com
12276,flashscore.sk
12374,funmora.com
12414,f5clouddns.com
12418,frame.io
12476,feedbackcompany.com
12529,flepquix.com
12578,fortiguard.com
12591,fnyfeds.com
12630,fillr.com
12663,funet.fi
12682,flashscore.gr
12688,furusato-tax.jp
12700,fbise.edu.pk
12701,futbol-11.com
12806,fish.audio
12839,fuck-rkn.xyz
12869,freundin.de
12896,fluidplayer.com
12933,ffkipas.my.id
12942,funinhorse.com
12943,funinrace360.com
13031,fivem.net
13034,fastercapital.com
13046,fos5echocaptiveportal.com
13114,fmprc.gov.cn
13121,fpt.vn
13180,flocktory.com
13189,famitsu.com
13226,fisglobal.com
13243,festival-cannes.com
13266,foreflight.com
13282,fortisase.com
13311,freeipapi.com
13314,fasthosts.co.uk
13357,five9.com
13371,foodnetwork.co.uk
13375,flipkart.net
13407,fortunecity.com
13422,facepunch.com
13502,f-1-g-h.com
13513,foxweather.com
13545,freehostia.com
13582,fqnovelpic.com
13637,food.com
13664,fleetdm.com
13676,faroutmagazine.co.uk
13779,fastly-insights.com
13784,freerepublic.com
13798,fupa.net
13846,fcatvps.de
13852,francebleu.fr
13897,flashscore.com.ng
13929,ftcdn.net
13948,fmonline.app
14034,focus.cn
14048,free-electrons.com
14057,fivetran.com
14081,fireworktv.com
14178,fortigslb.com
14183,follow.it
14188,f-dns.pl
14192,fcinter1908.it
14209,f-cdn.com
14222,freedomhouse.org
14280,fhofficial.com
14331,fiocruz.br
14345,fgv.br
14373,findarticles.com
14381,fairmont.com
14383,ffbbbdc6d3c353211fe2ba39c9f744cd.com
14398,flvcdn.net
14472,fepoth.com
14513,flipp.com
14551,free-daily-spins.com
14598,fcbarcelona.com
14601,fotolia.com
14659,fotocdn.net
14725,fcf.cat
14793,framer.website
14875,fullerton.edu
14885,frankerfacez.com
14932,football365.com
14933,fanotech.ir
14942,fairplay24.win
14966,funinexch.com
14981,felizes.pt
14993,fwcdn3.com
15087,futbollibregol.pe
15116,freddiemac.com
15152,freedns.si
15235,fctg.cloud
15237,fes.de
15247,forvo.com
15291,fsc.org
15297,fitorf.ru
15325,frandroid.com
15496,foxkitcloud.ru
15512,firstcry.com
15523,feishewang.cn
15528,flexjobs.com
15559,foundit.in
15636,farnell.com
15654,fedoq.com
15750,filmyfly.ing
15751,fn7game7v9.com
15752,fn7zone5v1.com
15775,foresee.com
15805,filmyromeo.com
15806,filmywap.sarl
15807,freightpass.ca
15831,fruits.co
15855,fast-dl.org
15856,filmyfly.host
15857,filmypass.com
15858,filmywap.fast
15859,filmyzilla38.com
15860,filmyzilla93.com
15861,filmyzillaofficial.com
15954,fortes.pro
15958,fibaro.com
15962,fartit.com
15988,freshbooks.com
15990,fau.edu
16006,fender.com
16035,fitchratings.com
16068,freeimages.com
16082,familie.de
16168,factcheck.org
16191,fuse.net
16197,family.co.jp
16230,flodesk.com
16244,fbi.com
16246,fab.com
16274,fifastories.com
16302,flowroute.com
16323,fincen.gov
16459,fanvue.com
16484,film.ru
16499,familyhandyman.com
16595,fwpixel.com
16629,fpdf.org
16680,falais.com
16681,fr.im
16698,floqast.engineering
16716,futunn.com
16722,followupboss.com
16729,funtime.su
16752,fortiedr.com
16780,fastpeoplesearch.com
16786,fodors.com
16796,freee.co.jp
16859,forward.com
16864,fwdcdn.net
16892,fec.gov
16907,faceit-cdn.net
16927,flutter.dev
16944,fcdynamo.ru
16974,fanniemae.com
16983,flypgs.com
17051,funcaptcha.com
17054,freesound.org
17091,flashscorekz.com
17121,foxdoua.com
17122,fatcow.com
17162,foxdor.cc
17168,fafafaplaypokie.com
17190,fjsdn.com
17217,fhcdngroup.online
17228,flyfrontier.com
17230,forgeofempires.com
17240,filmarks.com
17276,flashback.org
17301,football360.ir
17352,feroot.com
17374,flippback.com
17433,firstdata.com
17437,fanpop.com
17483,fernsehserien.de
17516,fusion-platform.com
17580,favorit.work
17598,freepatentsonline.com
17638,fortum.ru
17713,fxtools.gl
17715,fan-slot.com
17717,fourmilab.ch
17727,fragrancenet.com
17767,funko.com
17775,fastweb.it
17782,forexpros.com
17820,frontol.ru
17908,freepeople.com
18012,freemail.hu
18116,fiserv.com
18162,financesonline.com
18211,fineboost.com
18291,fscut.com
18302,flushpersist.com
18309,fz-juelich.de
18324,format.com
18348,fnp.com
18394,fashion-press.net
18499,flsenate.gov
18505,foxtrot.com.ua
18510,fararu.com
18575,freemusicarchive.org
18643,feedspot.com
18705,first-colo.net
18716,finna.fi
18725,forsal.pl
18730,fetchrewards.com
18752,f0113.com
18778,flixcar.com
18807,fing.com
18855,foxplus.com
18872,framer.app
18915,freeserve.co.uk
18925,funeral-notices.co.uk
18936,f6s.com
18954,feedingamerica.org
18963,freshedge.net
18967,fio.cz
18989,freedom.to
18991,factset.com
19041,forgejo.org
19050,flexbe.ru
19065,flix360.com
19114,flashscore.co.za
19132,filipinocupid.com
19147,filelist.io
19163,flashscore.in
19167,food.gov.uk
19209,freedom1.ru
19213,flashscore.com.ua
19221,fhplatinum.com
19289,floridalottery.com
19295,flashscore.de
19304,filemail.com
19309,fc-zenit.ru
19320,food52.com
19447,fetnet.net
19479,fotka.com
19507,fahorro.com
19526,fwwgo.com
19531,fontsquirrel.com
19533,football.ua
19577,fhchannel.com
19582,freifunk-stuttgart.de
19593,filehippo.com
19598,funcom.com
19605,fast-dl.one
19650,fapeza.com
19687,frequency.stream
19696,files.com
19699,faphouse1.com
19738,forum24.ru
19744,flat-ads.com
19761,fbot.me
19792,finrezo.com
19879,fril.jp
19915,french-stream.one
19920,filmibeat.com
19927,fukuishimbun.co.jp
19934,footlocker.com
19939,football24.ua
20007,filmesporno.xxx
20024,flixtor.to
20031,fpcdn.io
20052,freshmeat.net
20065,folkd.com
20075,foodsharing.de
20193,fmoviess.org
20199,fuzoku.jp
20201,flashscore.com.tr
20213,fiba.basketball
20221,finecobank.com
20254,fluke.com
20313,fabrikant.ru
20317,fakti.bg
20446,flashget.com
20470,fresh8.co
20487,fancode.com
20488,fapfolder.club
20542,fullview.io
20584,fractionfridgejudiciary.com
20588,flux.jp
20597,flyordie.com
20607,ftvlist.com
20610,flytap.com
20611,fide.com
20637,forebears.io
20656,flant.com
20690,fungames-forfree.com
20734,fussballtransfers.com
20755,fidal.it
20757,fareharbor.engineering
20804,framerstatic.com
20819,focusvision.com
20828,fw-cdn.com
20850,fichajes.com
20884,feathr.co
20888,fragrantica.com.br
20958,fhcdnmedia.online
20979,facio.com.br
20987,fzbox.tools
21000,femina.hu
21012,follett.com
21015,fccn.pt
21036,farmaciasguadalajara.com
21055,futureplc.com
21104,footballant.com
21105,fireflies.ai
21120,furocare.online
21127,flashscore.pt
21153,full-count.jp
21183,flo.health
21184,findglocal.com
21199,fark.com
21217,freexh.live
21255,fragrantica.es
21328,fxstreet.com
21334,forethought.ai
21345,fcbayern.com
21377,fing.io
21418,fathom.video
21423,firefox.com.cn
21503,farmaciatei.ro
21529,fpf.org
21595,factors.ai
21618,frontier.com
21673,fl.gov
21710,fnal.gov
21714,freexh.today
21731,fullxcinema.com
21754,finya.de
21800,freexh.blog
21826,fynor.com
21843,fpcollector.com
21864,firefaucet.win
21911,farsroid.com
21952,fairplay.pink
22017,fruitmail.net
22050,faphouse4k.com
22060,fsolver.fr
22070,formlabs.com
22086,fujinkoron.jp
22087,fortra.com
22100,fow.lol
22102,femd.ws
22106,futbol11.com
22165,fattoincasadabenedetta.it
22215,funaitools.com
22267,frebsite.nl
22337,foxaholic.com
22363,filesun.com
22377,flavii.ru
22447,freesexarab.com
22472,freakyza.co.za
22548,fgirl.ch
22559,foiz.pro
22652,fashionnetwork.com
22656,fangraphs.com
22703,finder.co.kr
22723,fhgte.com
22724,fucolle.com
22725,fourthwall.com
22740,fleraprt.com
22747,fcdm.ru
22782,focusfeatures.com
22811,fortebet.ug
22844,funix.nl
22870,fsdatacentre.com
22889,federatedjournals.com
22916,fff.fr
22918,fatf-gafi.org
22923,fvds.ru
22928,free-pokies.co.nz
22937,forumwanda.pl
22941,fbsquadx.com
22944,finchoice.mobi
22946,foisonad.com
23040,filmepornonline.org
23107,filmywap.courses
23134,financemasterpro.com
23145,futbolslibre-tv.co
23183,funbabygame.top
23207,f999.com
23221,filepicker.io
23227,fangsung.com
23230,freemeteo.gr
23241,fry99.cc
23253,fin-manga.com
23277,fortunazoar.com
23343,farfetch-contents.com
23372,footystats.org
23411,filmexxxgratis.live
23464,fuegodevida.com
23485,firsts-squad.com
23537,foxsports.com.au
23582,famosas.lat
23698,filmywap.garden
23746,flowplayer.com
23748,freightwaves.com
23750,freecycle.org
23767,fiservapp.com
23789,fox8.com
23796,finalank.net
23816,fairdeal.club
23817,famu.jp
23818,fetchpixi.com
23819,funrep.pro
23883,flock.com
23897,fnos.net
23899,ftd.agency
23913,fco.gov.uk
23917,fluco.store
23987,funnyordie.com
23988,finanze.it
24012,forzamotorsport.net
24029,filestackapi.com
24031,featuregates.org
24041,fia.com
24192,fairtrade.net
24210,funky-fruits-slot.com
24237,flyertalk.com
24249,fastbundle.co
24258,forecastly.net
24266,freemeteo.com
24280,facer.io
24288,foreca.com
24292,farfetch.net
24295,fujian.gov.cn
24318,frontsrv.com
24336,fga.dev
24365,fosstodon.org
24422,flightglobal.com
24452,fueleconomy.gov
24495,fundable.com
24523,futuremarketinsights.com
24534,flinders.edu.au
24541,fuximain.com
24569,feedblitz.com
24609,freemalaysiatoday.com
24614,finder.com
24640,ftp1.biz
24656,floqast.app
24694,fashioncadeau.be
24706,footballi.net
24720,fastpath.gr
24721,fakestoreapi.com
24739,flowsixteen.com
24751,fb.gg
24759,faceapp.io
24762,freeterabox.com
24777,free-tracker.ga
24824,fourhoi.com
24826,finanznachrichten.de
24873,festo.com
24924,flashb.id
24947,fit-pay.com
24965,fs.com
25017,firstenergycorp.com
25022,freeads.co.uk
25029,fiat.com
25036,frontify.com
25042,forexby.com
25047,finzfin.com
25067,firmy.cz
25108,fastcodesign.com
25110,flightstats.com
25243,fd-api.com
25360,fixtelega.co.uk
25362,franceculture.fr
25375,fasterized.com
25387,feishucdn.com
25403,fsa.go.jp
25418,farmers.co.nz
25465,fastsimon.com
25503,foodlion.com
25516,fantasypros.com
25535,frameo.biz
25554,f5cloudservices.com
25604,flir.com
25652,fajar.co.id
25687,fox5atlanta.com
25709,force9.net
25759,fips.ru
25764,focus-news.net
25829,frvr.com
25875,fragrantica.ru
25896,faceueditor.com
25910,figpii.com
25926,figma.site
26027,flexera.com
26032,franceinter.fr
26045,fastdns.hosting
26073,featurespace.co.uk
26076,facecast.xyz
26081,fonmix.ru
26082,flareflow.tv
26094,freebeacon.com
26096,fndl.dev
26130,fairfaxcounty.gov
26187,fapnado.com
26225,fiservapis.com
26286,fxltsbl.com
26290,fapesp.br
26318,fontspace.com
26351,fap-guru.name
26353,finextra.com
26437,ftmo.com
26492,flaconi.de
26500,fusionauth.io
26541,frcapi.com
26548,fragment.com
26553,footballbet-tips.com
26617,ffe390afd658c19dcbf707e0597b846d.de
26643,fox2now.com
26660,floridahealth.gov
26672,feedad.com
26673,forrent.com
26681,factorio.com
26717,flatuslifir.is
26731,fatum.ru
26781,fox59.com
26782,forcepoint.net
26808,fortiwebcloud.net
26825,formsite.com
26862,fvnkonnect.com
26903,f95zone.ninja
26953,fnix.net
26970,firwinds.site
26980,fqnovelvod.com
26998,fendi.com
27059,fraserinstitute.org
27087,fabxh.site
27102,finam.online
27103,fox13news.com
27109,fortinetvirussubmit.com
27125,floridatoday.com
27127,ftvproxy.com
27144,flo.com.tr
27146,flashscore.info
27207,fsk-ees.ru
27289,fishersci.com
27296,factorialhr.com
27310,fortinetipssubmit.com
27318,free-ebooks.net
27328,framagit.org
27342,fd.nl
27348,fungame.cloud
27365,flipbuilder.com
27385,fju.edu.tw
27408,fastweb.com
27419,formzu.net
27422,fotki.com
27443,fortinet-notifications.com
27468,feedzai.cloud
27489,financebuzz.com
27510,ferguson.com
27550,fssai.gov.in
27572,fly.io
27590,feit-iot.com
27666,fillout.com
27672,flhsmv.gov
27679,firstlight.net
27692,fourfourtwo.com
27718,futurehybrid.tech
27722,freenom.com
27737,ftapi.com
27831,fnnews.com
27854,flywheelsites.com
27872,furry-paws.com
27878,freemake.com
27889,flixfacts.com
27904,five9.net
27979,flysas.com
27980,fee.org
28018,flykatyusha.net
28030,freedownloadmanager.org
28044,forumotion.com
28051,farmers.com
28089,fantacalcio.it
28161,fwd.com
28174,freenode.net
28335,fa.ru
28391,federalnewsnetwork.com
28403,free.nf
28428,factsmgt.com
28503,freshconnect.io
28514,farmacity.com
28517,fsvps.ru
28531,fleaflicker.com
28560,fossil.com
28594,famfamfam.com
28673,firstam.com
28684,flyasiana.com
28714,fcapp.run
28737,fittingbox.com
28747,fengpongshu.com
28785,flynas.com
28809,filedownloadlink.xyz
28831,focustaiwan.tw
28856,fox6now.com
28857,fabletics.com
28863,flyfoxgames.com
28900,fastcup.net
28967,fabricmc.net
28982,feathermc.com
29030,flashscore.fi
29059,framaforms.org
29066,fontshare.com
29107,ftscrt.com
29123,freakonomics.com
29145,forbes.com.br
29151,fancyanalytics.net
29205,frag-christel.de
29207,forceusercontent.com
29224,foreskin.cc
29245,fongo.com
29261,firefoxusercontent.com
29345,frontgatetickets.com
29417,fapaiwang.cn
29514,funinexchange360.com
29520,focus.ua
29646,freeviewplay.net
29689,fastor.cc
29692,firstmedia.com
29745,fwsyxt.com
29746,forever21.com
29792,fartingpangane.shop
29796,freiepresse.de
29802,forgen.cc
29805,first-ns.de
29832,fnb.co.za
29838,fxdx.in
29842,fortex.ru
29847,frase.io
29869,feste-ip.net
29875,freedomscientific.com
29884,faloo.com
29898,fair-spins-casino.net
29903,fukuoka.lg.jp
29912,fox4news.com
29918,frontrics.site
29919,facecast.net
29950,fox9.com
29962,finishline.com
29972,frontlineeducation.com
29995,fotocommunity.com
30037,flagship.io
30067,friendfeed.com
30084,fkupon.com
30089,freebitco.in
30166,filesyscrm.com
30196,fluentcloud.com
30203,firstcitizens.com
30204,fosdem.org
30206,futbolfantasy.com
30241,flowwow.com
30252,fatsantaslot.com
30255,fjallraven.com
30260,france.fr
30267,fortunedancer.com
30292,fiercehealthcare.com
30349,f1connect.net
30370,forzastyle.com
30456,familytreenow.com
30462,flydubai.com
30473,fzjiading.com
30493,fair-spins-casino.com
30534,freepressjournal.in
30542,fhfa.gov
30561,fonbet.kz
30567,fnf.com
30640,fbeventslog.com
30685,f1686s.com
30692,fc2web.com
30703,facai777.net
30706,frappe.io
30757,fergusonhome.com
30779,fastliii.com
30855,fullcontact.com
30874,filesafe.space
30891,forsakringskassan.se
30897,flexmls.com
30912,facilitobet.com
30967,futureoflife.org
30982,fimfiction.net
31017,frommers.com
31033,fiercepharma.com
31074,ferragamo.com
31112,fciit.ru
31129,fonts.com
31130,fox5sandiego.com
31138,floxis.tech
31141,free-scores.com
31169,fox13now.com
31219,forbes.com.mx
31222,fixpr.top
31243,fotpro135alto.com
31291,france-voyage.com
31312,footprintnetwork.org
31313,fitnell.com
31333,featurebase.app
31335,forumactif.com
31372,focusonthefamily.com
31385,fullhindibfvideo.com
31401,flyscoot.com
31434,freefireind.in
31451,fitsmallbusiness.com
31503,fidnet.com
31522,fourlevelsgame.com
31549,flashscore.vn
31563,fapclub.st
31577,fukurama.org
31593,frd5gw.com
31639,flextronics.com
31667,form-mailer.jp
31689,foreca.net
31700,festivitynextrocker.com
31717,fstoppers.com
31756,flexwebhosting.com
31868,familydoctor.org
31889,fiercebiotech.com
31901,fredmeyer.com
31909,fox5dc.com
31910,familywall.com
31917,facs.org
31922,frontrunnerpro.com
31932,fromsoftware-game.net
31958,flippa.com
31982,fox4kc.com
31998,ficto.ru
32023,floridastateparks.org
32029,feedreader.com
32037,fdu.edu
32042,forumfree.it
32065,finansbank.com
32105,fnbconnect.co.za
32114,finanztip.de
32115,flightconnections.com
32118,flyanalytics.link
32142,fifaindex.com
32143,firstmail.ltd
32170,fitday.com
32176,fdbaudio.com
32183,fox5ny.com
32201,fiberworld.net.np
32256,fss.ru
32277,flixster.com
32310,funsdata.com
32321,fox10phoenix.com
32324,fritz-berger.de
32327,full-design.com
32334,femmeactuelle.fr
32341,fsrar.ru
32354,fera.ai
32369,files-text.com
32386,ffmuc.net
32425,fecyt.es
32441,freelancer.in
32474,fsticks.net
32479,fact-finder.de
32494,futuresouls.com
32539,fundraiseup.com
32590,fluxsp.com
32620,fibertel.com.ar
32648,frankfurt-airport.com
32697,faithlife.com
32707,flexclip.com
32742,forbesindia.com
32743,fewo-direkt.de
32756,fiddler2.com
32828,freepik.es
32850,flyingcroc.com
32892,freeip.com
32916,fashionphile.com
32966,foxla.com
33048,finchvpn.com
33052,freeforums.net
33078,flybreeze.com
33092,firstthings.com
33094,fbref.com
33099,flypobeda.ru
33141,fs.blog
33177,fritz.com
33182,fanzz.tech
33206,fazenda.sp.gov.br
33211,flairadscpc.com
33214,fairphone.com
33233,fujisan.co.jp
33239,financial-ombudsman.org.uk
33240,fritz.box
33248,familyisland.games
33258,fix-price.com
33265,fitforfun.de
33307,fouanalytics.com
33308,fmhy.net
33324,farodevigo.es
33326,fnp.de
33345,freeimage.host
33354,federal.tv
33377,fabit.ru
33461,fatface.com
33473,frwiki.wiki
33495,free-slot-machines.com
33505,form.run
33511,fcawitech.com
33526,free3d.com
33558,fflivegame.com
33568,fnac.es
33601,famousfootwear.com
33611,frost.com
33639,foodmate.net
33641,famelack.com
33661,fnacspectacles.com
33721,fromsmash.com
33784,flux-cdn.com
33827,flyserv.xyz
33927,fuw.edu.pl
33931,fiservmobileapps.com
33939,ftdichip.com
33942,finance.ua
33965,freshpaint-impression.com
34017,flagsmith.com
34042,fieltorcedor.com.br
34057,flavedo.io
34059,folger.edu
34065,fcix.net
34125,filthyhero.com
34130,fresnobee.com
34168,fox2detroit.com
34173,funvideorus.net
34208,forbes.ua
34210,footlocker.id
34214,fullswingapps.com
34217,fanatical.com
34236,fixresult.in
34302,frumentum.media
34304,fciis.net
34323,fantasticfiction.com
34383,flexibits.com
34394,freevpnplanet.com
34416,feelthemusi.com
34483,fsist.com.br
34497,funlinkads.com
34504,flockingchina.com
34510,futurezone.at
34560,footballchannel.jp
34590,firstimpression.io
34613,feb.ltd
34667,flashscore.com.mx
34672,firstcycling.com
34682,fieldmuseum.org
34697,farmerama.com
34736,fazwaz.com
34778,footba11.co
34797,fyers.in
34811,fis-ski.com
34814,fssb.io
34816,freelancer.co.uk
34854,fl.ru
34913,flyporter.com
34917,foroparalelo.com
35075,flooranddecor.com
35080,fogadas-sport.com
35110,filmnudes.com
35125,finalsite.com
35144,finanzen.ch
35159,fivebelow.com
35173,fashionista.com
35177,fieldwire.com
35188,focus.it
35201,forcedcinema.net
35226,fxycpx.com
35248,fastscr.cc
35365,framasoft.org
35371,fpl.com
35378,fcpeuro.com
35403,footballkitarchive.com
35484,fenxiaocdn.com
35515,fiwfan.app
35551,ftd.com
35567,firmwareupdatechecksdoidv2627.buzz
35568,fairwork.gov.au
35577,finalsite.net
35582,fernuni-hagen.de
35610,farmandfleet.com
35637,farmprogress.com
35804,faceitanalytics.com
35824,fsb.ru
35860,fdcservers.net
35866,free2move.com
35877,fit.edu
35913,fast.net.uk
35914,funtrivia.com
35934,fiber.net
35953,fueled.io
35997,faceapp.photo
36035,forumhouse.ru
36081,fansided.com
36087,foxhis.com
36207,frieze.com
36217,freemyip.com
36228,fujifilm-x.com
36232,football.london
36249,foxtel.com.au
36320,ferryhopper.com
36324,filmyzilla36.com
36356,filmyfilm.com
36357,filmyflame.com
36358,filmyfly.city
36359,filmygarage.com
36360,filmyjahan.com
36361,filmytalkie.com
36362,filmywapofficials.com
36363,filmyzilla83.com
36364,foemovie.co.uk
36365,freethemesy.com
36428,fox32chicago.com
36473,fireblogz.com
36488,fireeyecloud.com
36529,fraudshallnotpass.com
36531,fordaq.com
36577,filenetwork.vip
36580,firstory.me
36595,forzafootball.net
36650,fi.edu
36657,foreupsoftware.com
36682,fctables.com
36693,float-zone.com
36708,fontmeme.com
36728,fontawesome.io
36743,franke.com
36810,fmgsuite.com
36829,fft.fr
36833,febas.net
36845,flava-cloud.com
36847,freecadweb.org
36858,finnautoparts.ru
36873,fwrd.com
36923,fcu.edu.tw
36930,fedpress.ru
36940,fastvanya.com
36944,fruitcloud.net
36967,fncstatic.com
36975,flowpaper.com
37026,fakenews.win
37028,flaru.com
37032,flerap.com
37036,freelancer.com.ar
37118,feeder.co
37119,fapcat.com
37121,fair.org
37123,friendquiz.me
37130,foxford.ru
37132,fashiondays.ro
37166,forms.app
37203,furiousexpansion.com
37207,fpnpmcdn.net
37218,freelancer.pk
37227,freshporno.org
37228,fastviewer.com
37238,fwdby.com
37275,foodnavigator.com
37338,ferrero.com
37368,fb77.one
37372,frbsf.org
37442,franecki.net
37458,fcps.edu
37496,forcepoint.com
37517,filmow.com
37568,freshdev.io
37591,futurity.org
37596,freelancer.si
37626,finelo.com
37628,fundednext.com
37651,fireworkadservices1.com
37662,fastrack.in
37762,footerfont.com
37769,fxnetworks.com
37870,faiusr.com
37880,facebook.de
37902,fireworkapi1.com
37904,f2s.com
37914,free-blogz.com
37924,forza.net
37944,firstpromoter.com
37977,flyingtiger.com
37992,future-s.com
37994,fmworld.net
38010,flowplayer.org
38014,foodsafety.gov
38039,fanqienovel.com
38044,fedpat.com.ar
38048,filmpornocompleto.com
38066,forhers.com
38091,financemagnates.com
38095,ffb7df5a878b59e42e257c042f54bed2.com
38192,farawaygleese.com
38209,freeporn8.com
38212,future-aihub.com
38234,flibusta.is
38249,frgimages.com
38292,famatech.net
38343,flex.ru
38363,filesor.com
38383,finansavisen.no
38385,fetchapro.com
38392,funcionpublica.gov.co
38495,francetelevisions.fr
38508,fst.onl
38518,feedaty.com
38522,fmcna.com
38553,fixthephoto.com
38581,forgerock.io
38627,fazenda.mg.gov.br
38680,found.ee
38709,fndrsp.net
38739,fancyapi.com
38751,fnac.pt
38784,familyeducation.com
38811,freedomfi.com
38814,flashdash.org
38859,friendlycaptcha.com
38872,fimgs.net
38891,francetv.fr
38893,filevineapp.com
38907,findmypast.co.uk
38931,farrow-ball.com
38956,freepdfconvert.com
38965,flash-dash.net
38985,firstcoastnews.com
39005,foodpanda.ph
39030,foreverliving.com
39073,funsilo.date
39074,freelancer.uy
39084,fhg.de
39172,folha.com.br
39261,freeddns.org
39302,flussonic.cloud
39321,funformulagames.com
39352,fotocommunity.de
39354,foxbaltimore.com
39471,fubar.com
39505,futuredigiassets.com
39552,fingersoft.net
39554,falstaff.com
39728,fwsyxt.cn
39748,fakty.ua
39773,fin.ag
39785,fetch.com
39817,fox35orlando.com
39843,flocksafety.com
39908,faidns.com
39914,familydollar.com
39927,forconect.ru
39960,freedomforum.org
39967,freeside.biz
40002,flashscoreusa.com
40008,f5silverline.com
40180,fox19.com
40214,fitnyc.edu
40230,fadv.com
40274,fsnet.co.uk
40279,forhims.com
40301,flydns.net
40303,fhnw.ch
40311,fisherinvestments.com
40339,foragentsonly.com
40353,frenzy.bingo
40359,f11-ads.com
40373,foodrepublic.com
40440,flashintel.ai
40447,funpic.de
40463,fedresurs.ru
40466,ffx.io
40481,farsunpteltd.com
40501,futuretodayinc.com
40504,foureyes.io
40534,frame.work
40547,fluentu.com
40556,freegeoip.net
40578,fccid.io
40594,furunavi.jp
40607,fireworks.ai
40638,fujifilm.co.jp
40639,fastcmp.com
40652,foleon.com
40690,furnishedfinder.com
40703,flyingpress.com
40715,flingster.com
40733,fler.cz
40742,fico.com
40746,f8824e712f4b4a9114f13c173ccf90987716b7612c5d93eeaa883fed.com
40803,free-codecs.com
40810,farap2p.ir
40897,floridarevenue.com
40916,football-italia.net
40990,fstravel.com
40995,first-server.net
41006,followfollow.com
41010,flutter-io.cn
41021,fatherly.com
41036,finanzaonline.com
41064,fc-moto.de
41088,flashforge.com
41094,fontstruct.com
41118,froma.com
41160,firewall-gateway.de
41195,facts.net
41197,frankfurt.de
41216,first.org
41246,found.com
41262,flexnetoperations.com
41270,fleetfarm.com
41278,fidoalliance.org
41291,fiord.ru
41295,fox13seattle.com
41317,foundationdns.net
41346,fanart.tv
41354,freehost.com.ua
41367,fastsdwan.com
41444,fishcloud.ru
41449,flomni.com
41467,freeola.net
41484,forzafootball.com
41504,fordpro.com
41508,flixbus.de
41509,fox11online.com
41561,fastspring.com
41582,fesco.com
41594,fixuresrethink.cfd
41672,freestyle.abbott
41719,francophonie.org
41727,freenss.com
41733,freelancer.com.co
41767,freelancer.co.za
41771,fox26houston.com
41776,foodpanda.my
41778,fraud0.com
41780,frogo-aft.tech
41830,familytreedna.com
41957,fantlab.ru
42002,forclass.net
42064,fantasynamegenerators.com
42067,fox29.com
42070,fipe.org.br
42082,freeconferencecall.com
42102,flyingvoice.net
42105,fpf.pt
42137,fortevillageresort.com
42142,frontofficesports.com
42175,fentybeauty.com
42182,fwi.co.uk
42190,fairygodboss.com
42194,forex.com
42204,fluxlink.tech
42211,frontpagemag.com
42340,fldoe.org
42366,flipox.com
42371,firstmonday.org
42377,footballtransfers.com
42387,filecr.com
42390,finder.com.au
42442,fnlfx.com
42501,fok.nl
42535,fido.ca
42566,firstduesizeup.com
42568,freifunk.net
42572,fssta.com
42587,foxiceberg.com
42608,freestrip.chat
42618,flytogarden.com
42671,fanplayr.com
42705,freeserviceplays.com
42750,freelancer.pt
42759,fastcloudcdn.net
42774,fluorescent.co
42780,fizzyacerbitymellow.com
42782,flatmates.com.au
42808,foto-webcam.eu
42837,figstatic.com
42842,fh-dxy.com
42881,famous3.top
42912,fh-koeln.de
42927,flokinet.net
42953,freelancer.cn
42989,f.hu
43001,fptshop.com.vn
43019,fantic.top
43021,fruugo.co.uk
43027,faucetpay.io
43037,funkemedien.de
43054,foodpanda.pk
43126,fondoambiente.it
43193,freelancer.co.id
43298,fileforum.com
43324,foldingathome.org
43326,freshcasinoslots.com
43376,flyingcroc.net
43379,ferc.gov
43422,fomos.kr
43444,fotolog.com
43489,fullscript.com
43512,flywire.com
43598,freedominter.net
43609,fastpark.net
43640,freading.com
43698,fci.be
43711,financnasprava.sk
43733,fastdns24.com
43752,freelancer.com.bd
43753,fcawx.net
43759,fox5vegas.com
43775,fram.fr
43803,falcdn.com
43811,forestapp.cc
43825,filefactory.com
43847,fss.or.kr
43855,flgov.com
43975,fragrancex.com
43992,franklincovey.com
44008,fxempire.com
44023,foodpanda.com.bd
44025,fcdnstatic-intl.com
44089,fintel.io
44094,f5.si
44189,ffivy002c.top
44211,fastsecurehost.com
44251,finnhub.io
44258,fundingpips.com
44313,foobar2000.org
44316,fusionad.ai
44317,freepascal.org
44346,fortidyndns.com
44393,fruugo.com
44438,factor75.com
44466,fms-udm.ru
44473,fanbyte.com
44505,filester.me
44507,ford-trucks.com
44526,feelgood.cn
44530,foodsafetynews.com
44533,frost-api.com
44589,fozzy.ru
44619,fox40.com
44642,financescout24.ch
44647,fireside.fm
44659,floridapolitics.com
44687,fuelly.com
44715,filmin.es
44743,fr0528.art
44753,feature-app.io
44777,fdske.com
44783,freecaster.com
44802,ftlaunchpad.ai
44827,freelancehunt.com
44839,fcbarcelona.es
44856,fussballdaten.de
44880,freiburg.de
44886,fmgid.com
44893,fastconnection.ink
44909,flowmusic.app
44914,falter.at
44937,fjsen.com
44946,fssoft.ru
44961,fibre2fashion.com
44966,fnnas.com
45034,falsemirrov.com
45036,freshauto.ru
45052,finaid.org
45087,ferretgo.org
45134,ford.com.tr
45158,fortiguard.net
45165,factory.ai
45183,freemans.com
45200,freethemesy.shop
45209,forvismazars.com
45220,fpt.edu.vn
45226,fixya.com
45244,fapreactor.com
45246,fkey.win
45251,futurezone.de
45290,flyeralarm.com
45302,flamp.ru
45305,familyzone.com
45306,f-i.de
45358,fix.com
45373,freecsstemplates.org
45427,freelancer.es
45464,filefront.com
45470,forgerock.com
45471,floorplanner.com
45510,fomo.family
45514,februaent.com
45542,flow.chat
45596,flitsmeister.app
45656,fawesome.tv
45694,fcagcv.com
45697,ferris.edu
45699,fct.co
45744,flightera.net
45872,forevernine.com
45873,footyheadlines.com
45883,freitag.de
45945,friendster.com
45951,flattr.com
45960,freeadblockerbrowser.com
45983,figc.it
46041,fex.net
46078,freefind.com
46080,francecompetences.fr
46096,fiduciaweb.it
46145,fastcloud.ge
46149,frozenpayerpregnant.com
46167,fiba3x3.com
46168,fhcontent.com
46216,fishboardcrew.com
46218,fredhutch.org
46246,flypeach.com
46299,five-host.com
46302,fal.ai
46303,forumcommunity.net
46327,footballdatabase.eu
46328,ftvnews.com.tw
46400,fhd.de
46421,fully-kiosk.com
46422,fastmaildns.com
46468,funnelish.com
46492,flow-content.google
46558,freelancer.hu
46559,friendempire.com
46581,faststone.org
46608,feebee.com.tw
46616,forteacher.cn
46617,fsldctr.org
46651,fastshop.com.br
46743,fashionsnap.com
46746,fieryflames.dev
46749,fileplanet.com
46766,fwpub1.com
46773,foxycart.com
46795,firpo.ru
46822,fanatec.com
46884,firestorm.ch
46895,frajussygbdq.cc
46947,fastserv.com
46965,fbr.gov.pk
46970,foodallergy.org
46991,fenerbahce.org
46994,financialmodelingprep.com
47007,foxconn.com
47034,fundera.com
47087,fnac.be
47157,freelancer.no
47204,financecharts.com
47213,fox17online.com
47287,finland.fi
47301,futurae.com
47400,finnishdesignshop.com
47439,fdcnet.biz
47458,floridabar.org
47529,futurehost.pl
47545,fakty.com.ua
47546,fastestvpn.com
47568,fiverrcdn.com
47576,fosshub.com
47595,feedbooks.com
47619,futustatic.com
47620,fold3.com
47656,facile.it
47708,foundationcenter.org
47709,freechatnow.com
47772,f1000research.com
47795,fansale.de
47829,flashjoin.net
47847,fwscripts.com
47853,f1news.ru
47874,funnyaihost.app
47943,furman.edu
47971,fare-blog.com
47972,fh-joanneum.at
47979,fast-growing-trees.com
47982,freexh.life
48024,freegeoip.app
48029,finance.si
48078,fapality.com
48098,farmersalmanac.com
48173,flip.kz
48182,famatech.com
48184,fate-go.us
48217,funbrain.com
48224,fifacm.com
48242,fairview.org
48254,fd.io
48268,fpiml2940637fafa.com
48274,failiem.lv
48294,fuqster.com
48304,fei.org
48310,footballco.cloud
48335,forbesimg.com
48352,flatfox.ch
48371,fflogs.com
48495,fellow.app
48535,forbes.kz
48565,fitzdarescasino.com
48604,flirt4free.com
48635,fmscout.com
48652,flickriver.com
48671,fivecron.com
48672,flyteam.jp
48695,freelancer.cl
48715,flightsim.to
48804,frdic.com
48837,freeawesometv.com
48841,fssprus.ru
48872,fastcoexist.com
48908,fsfe.org
48932,fwd.co.th
49002,freetcp.com
49007,fieldandstream.com
49043,flowcode.com
49070,flow.com.ar
49076,fa8c5de8.com
49116,fattureincloud.it
49144,fitmentindustries.com
49153,fo.team
49159,filestackcontent.com
49207,farmashop.com.uy
49244,fordfoundation.org
49332,freeuk.com
49338,flightclub.com
49350,flyme.cn
49360,flippenterprise.net
49409,flashscore.ca
49411,fyndiq.se
49417,fanlink.to
49429,fox8live.com
49494,folkhalsomyndigheten.se
49525,fast4streamup.com
49549,faro-cloud.com
49587,ford.ca
49643,fotbal.cz
49674,fireant.vn
49699,fanvil.com.cn
49751,fr.st
49758,flvs.net
49823,fling.com
49841,fandomwire.com
49857,footasylum.com
49858,fusion.net
49893,fuyoutianshi.com
49909,fenics.jp
49948,filedropper.com
49983,futbolred.com
50034,fielmann.de
50068,fsdn.com
50080,flibusta.site
50132,fastaichat.ru
50137,finuslugi.ru
50140,feicdn.net
50155,fanart-central.net
50174,folhavitoria.com.br
50192,factsetdigitalsolutions.com
50223,fortnox.se
50253,fretebras.com.br
50267,ftchinese.com
50285,fuxue.com.cn
50294,fhsu.edu
50349,fliggy.com
50411,foxcarolina.com
50438,flysaa.com
50447,finances.gouv.fr
50451,federal-usa.com
50474,fastrepo.org
50481,funtechservices.com
50507,fucker.com
50510,federation.edu.au
50520,freelancer.ca
50538,fdacs.gov
50581,factoriadigital.com
50611,fivepost.ru
50636,fastcomments.com
50645,fukuoka-u.ac.jp
50708,flashscore.se
50711,fast.ai
50721,fmscc.com
50725,formel1.de
50733,fossbytes.com
50753,fiat.com.br
50801,fakenamegenerator.com
50862,flat.io
50896,fruitychancecasino.net
50899,futwiz.com
50902,forecast.solar
50958,filecrypt.cc
50966,flowingdata.com
50986,fubon.com
50992,fh-muenster.de
51035,findly.com
51068,fomentoacademico.gob.ec
51089,firstinspires.org
51120,financestrategists.com
51128,firstcomm.com
51177,flosports.tv
51189,funcas.es
51195,fastrovok.net
51231,frewwebs.com
51233,fast2hands.com
51237,ferreiracosta.com
51277,famobi.com
51331,finlex.fi
51374,fusionnet.in
51380,foreclosureindia.com
51396,findmine.com
51399,filekitcdn.com
51402,flixpatrol.com
51409,fontke.com
51410,firsturl.de
51418,flix.tech
51455,finsweet.com
51469,fast-dns-host.com
51490,fnfis.com
51495,flair.co
51505,foxybingo.com
51523,forbo.com
51526,fishserver.ru
51539,fr-online.de
51551,flnet.su
51585,formulatv.com
51593,freelancer.com.jm
51605,fishingbooker.com
51625,ferienwohnungen.de
51641,falconebiz.com
51648,flexireg.net
51665,famed.online
51666,fluxtrck.site
51684,fcalatam.com.br
51700,fapeal.br
51722,fullhost.ca
51779,falixnodes.net
51793,families.google
51833,fylio.com
51850,freelistingusa.com
51867,factmonster.com
51890,freegalmusic.com
51909,fluffywins.net
51915,funneljourney.io
51964,fnmt.es
52031,flashscore.com.au
52043,findcheapbooking.com
52049,fantasyflightgames.com
52059,fiveable.me
52087,finalsitecdn.com
52116,fxgam.es
52120,ferra.ru
52126,findaspring.org
52142,fahasa.com
52161,frankenpost.de
52164,futbolemotion.com
52196,fortebets.com
52198,findmeglutenfree.com
52205,fool.com.au
52207,fzlnk.com
52295,flybuys.com.au
52361,fotbollskanalen.se
52516,finteza.com
52524,fansmetrics.com
52543,ftweb.tech
52551,fancodedev.com
52555,fulltank.top
52559,firstwatch.com
52598,flauntmedia.net
52601,familhao.com
52617,fitauto.ru
52640,fh21.com.cn
52645,fox7austin.com
52651,flowstreamhub.site
52667,fontlibrary.org
52674,fundapps.co
52703,fooddive.com
52712,feetfinder.com
52794,ford.de
52854,foter.com
52869,fanexpohq.com
52878,findresultshub.com
52888,fishbowl.com
52949,filmyzilla41.co.in
52981,fdma.go.jp
52996,fotball.no
53034,fzi.de
53039,fatquartershop.com
53061,flybondi.com
53074,funnelcockpit.com
53177,flashscore.bg
53188,filmyzilla41.com.in
53189,fsivideo.net
53206,fromjapan.co.jp
53241,faireconomy.media
53251,freecad.org
53256,firstround.com
53299,filmyzilla40.co
53337,funshion.com
53351,fbthirdpartypixel.com
53372,finder.fi
53380,fidh.org
53382,finbold.com
53386,flirservices.com
53401,fdd.org
53451,fcupdate.nl
53455,fox17.com
53458,fhi.no
53460,fordservicecontent.com
53461,fapodrop.com
53468,fogbugz.com
53501,flannels.com
53508,fundora.ru
53509,fpconfig.net
53577,freelancer.ec
53583,fourhourworkweek.com
53600,filae.com
53618,freelancer.com.pe
53621,f150forum.com
53629,farmrio.com.br
53640,fanfiction.ws
53673,fluege.de
53692,funeral-nsk.ru
53716,funsclub.com
53719,familyhubservice.com
53806,fotosik.pl
53839,forhertube.com
53843,fotop.com
53845,freemius.com
53859,fayobserver.com
53908,freesudoku.me
53914,frankonia.de
53935,familydoctor.com.cn
53947,flashscore.at
53994,fluenceenergy.com
54001,food.ru
54021,files-editor.com
54038,fordification.com
54071,fastenal.com
54142,fortebett.com
54185,formbricks.com
54207,forpsi.net
54217,familiar.co.jp
54234,ffh.de
54323,fideworldchampionship.com
54382,flyff.com
54392,floridarealtors.org
54406,financialjuice.com
54426,funkedigital.de
54432,fai.org
54437,ford.co.uk
54459,freshfields.com
54484,findfriends.jp
54509,freedombox.rocks
54533,fanaticsretailgroup.com
54570,fanatik.ro
54573,fraudblocker.com
54587,farmaline.be
54648,fortuneo.fr
54671,faststats.dev
54677,fashioncadeau.nl
54695,fux.com
54722,figoogoo.com
54800,finanzen.at
54816,freetobook.com
54828,fluencyinc.co
54851,fb.org
54873,fahrrad-xxl.de
54915,france2.fr
54926,ffcloudcdn.com
54946,flyave.cc
55005,fighters.co.jp
55065,fontsinuse.com
55097,filmsite.org
55109,fastmoss.com
55110,food.blog
55122,fantuan.ca
55130,footballfancast.com
55157,firstalert4.com
55160,f.fi
55164,fsymbols.com
55174,flingtrainer.com
55197,freeboxos.fr
55203,flipped.chat
55238,flagstar.com
55241,fertstert.org
55269,flavorwire.com
55277,footboom1.com
55288,fabfitfun.com
55328,firstserved.net
55360,fibianet.dk
55406,flashblock.trade
55426,ferryscanner.com
55457,forbes.hu
55521,fapnado.xxx
55522,flashscore.dk
55545,flughafen-zuerich.ch
55547,famly.co
55557,foxitservice.com
55562,flixlat.com
55569,flashscore.com.gh
55661,frontegg.com
55675,fda.gov.tw
55690,freeforums.org
55696,fuc.lol
55697,flurryad.com
55733,findhelp.org
55742,fabulouscdn.com
55752,freename.io
55758,fnswb.com
55796,forum-auto.ru
55804,fx-exchange.com
55876,freechargebiz.in
55920,fleshbot.com
55929,fredperry.com
55939,firstnet.com
56009,fashionmodeldirectory.com
56012,flatpay.com
56014,france3.fr
56025,footballfanatics.com
56035,footwearnews.com
56053,fetishshrine.com
56061,frugalusenet.com
56065,futuroscope.com
56073,fancaps.net
56112,freelance.ru
56166,fptls.com
56182,flavors.me
56200,frbiz.com
56209,furb.br
56254,free-spider-solitaire.com
56265,fuldaerzeitung.de
56300,fi.se
56316,fih.io
56335,flashscore.co.kr
56453,flashcable.ch
56454,fiskars.com
56481,folderz.nl
56487,fastnetserv.xyz
56489,fastmarkets.com
56533,findaya.co.id
56618,fire.org
56658,ftcelectronics.com
56716,fexori.com
56729,focusrite.com
56761,freecounterstat.com
56789,favi.cz
56810,fun88company.site
56841,firstfind.net
56882,faust-kostenlos-spielen.com
56939,full-electronic.com
56951,fc2.me
56975,facinghistory.org
57065,fincaraiz.com.co
57090,flowrestling.org
57106,fuqiangame.com
57131,feedadnova.site
57178,flaticon.es
57222,fluvenkarthon.info
57229,fiaformulae.com
57255,foodpanda.sg
57267,fksnk.com
57312,funkwhale.audio
57338,finicity.com
57365,freshplaza.com
57379,fileformat.info
57389,flashscore.ph
57394,fortishealthcare.com
57416,fidelity-media.com
57484,freeicons.io
57543,frosping.com
57554,freelancer.ph
57568,foxstreetcore.com
57574,formspree.io
57575,fearlessrevolution.com
57577,fizon.de
57583,fotoshare.co
57647,firework.com
57697,forbestravelguide.com
57724,fate-go.jp
57738,fullres.net
57772,footdistrict.com
57785,fastdbn.com
57791,fireflyops.com
57818,fastcpanelserver.com
57821,fichajes.net
57822,forss.net
57825,federalreservehistory.org
57867,fosterandpartners.com
57883,freexpussy.com
57918,famsf.org
57921,forbes.fr
57927,footballpredictions.net
57936,fuxxx.com
57975,freedommortgage.com
57988,feratel.com
58053,foreclosure.com
58066,favcomic.com
58103,femalefirst.co.uk
58124,fleetfeet.com
58171,fsb.org.uk
58228,fastcontent.xyz
58231,free-now.com
58278,fedorapeople.org
58298,fumo-spo.ru
58302,fierce-network.com
58350,filehorse.com
58395,ftd.de
58399,forescout.com
58403,flyingmag.com
58433,fijitimes.com
58451,firaxislive.com
58465,fvn.no
58513,fairgo-casino.io
58528,falcoware.com
58545,fishbrain.com
58549,fortunetelleroracle.com
58565,findation.com
58573,finbox.in
58599,framed.wtf
58623,foroactivo.com
58654,f03f.com
58662,fh-aachen.de
58677,forteinvest.ru
58739,footballwhispers.com
58794,floweraura.com
58814,flashscore.co.ke
58847,fdesouche.com
58876,fer.hr
58902,foc.zone
58937,flashscore.nl
58946,fengniao.com
58996,fapexy.com
58998,fortum.com
59032,firestonecompleteautocare.com
59035,foundries.io
59049,fapopedia.net
59050,freeplanetvpn.com
59089,fire-emblem-heroes.com
59091,fastvps.ru
59098,froxlor.org
59172,fastfox.pro
59175,freepbx.org
59187,frontiernetworks.ca
59212,fiveguys.com
59243,febspot.com
59261,financialhost.org
59271,fpri.org
59283,foot01.com
59307,filmmakers.co.kr
59313,foodnavigator-usa.com
59360,football365.fr
59386,fb.ru
59422,freelancer.de
59436,flashproxy.io
59437,foxmar536.com
59454,farmaciasanpablo.com.mx
59473,fighttime.ru
59475,fuqqt.com
59502,femina.fr
59556,fortnumandmason.com
59574,fixcore.top
59628,finanzcheck.de
59664,freeview.co.uk
59675,forum24.cz
59707,fanops.net
59716,forbion.ru
59719,futebolinterior.com.br
59726,forum2x2.ru
59738,faradars.org
59750,founderbn.com
59752,famu.edu
59805,fibernet.bg
59839,finanzero.com.br
59840,factmag.com
59861,f4wonline.com
59864,fldcore.com
59922,fanaticscollect.com
59924,financefeeds.com
59931,fmail.ru
59935,fuckery.group
59938,foreca.es
59939,firsthorizon.com
59948,farmer.pl
59982,freeslots.com
59985,flysfo.com
60006,ferienhausmiete.de
60007,fc-moto.com
60111,fd.org
60113,fr.nf
60143,flip.to
60161,flipaclip.com
60167,forestry.gov.cn
60176,foley.com
60186,formcraft-wp.com
60211,flanco.ro
60236,freerice.com
60249,franklin.edu
60259,futureplay.fi
60317,fundevsmp3.com
60400,firevegas.net
60504,farakav.com
60521,frasicelebri.it
60587,fundacionmapfre.org
60675,finvest.biz
60680,fireblocks.io
60691,flexihostings.net
60715,fashionunited.com
60722,filmnet.ir
60749,fotosdefrases.com
60831,fourth.com
60834,familienkost.de
60841,farmasave.it
60851,foundation.app
60925,fgcu.edu
60940,flugrevue.de
60963,febbox.com
60992,fintables.com
61025,fonbet.by
61049,fasb.org
61064,foodstorm.com
61069,freestyler.ws
61086,footballzaa.com
61150,fu.do
61155,facio.com
61169,feelunique.com
61225,flexireg.ru
61228,fiatforum.com
61235,fitbook.de
61268,flatpanelshd.com
61284,feilongpifa.com
61293,frankytraco.top
61322,ffcdn.xyz
61331,freshpaint-cdn.com
61339,favi.ro
61374,freelancer.hk
61384,fticonsulting.com
61410,facecheck.id
61422,flymer.ru
61426,find-it.pro
61441,fr.net.cn
61448,fahuo100.cn
61451,filmvandaag.nl
61460,fresnostate.edu
61522,friendfinderinc.com
61532,forabank.ru
61609,formotiv.com
61612,foxmail.com
61619,firehouse.com
61707,forbes.pl
61746,firemountaingems.com
61751,formassembly.com
61754,fnlondon.com
61759,fedscoop.com
61824,france-galop.com
61854,fliki.ai
61857,f319.com
61878,fora.pl
61913,fashionandfriends.com
61916,fizzo.org
61922,faraz.io
61928,fressnapf.de
61972,forbes.es
61974,fapguru.com
61992,fishbowlapp.com
62027,fundrazr.com
62063,filemaker-cloud.com
62080,fios.tv
62115,foxtv.com
62119,fomo.com
62134,fullfact.org
62154,flaschenpost.de
62160,forpsi.com
62176,fontsgeek.com
62188,fct.co.jp
62190,free-freecell-solitaire.com
62248,findozor.net
62281,forthepeople.com
62285,fundaciontelefonica.com
62292,flashscore.it
62308,fruugo.co.nz
62314,frysfood.com
62349,foodwatch.org
62363,flexireg.domains
62370,faproulette.co
62386,fblaw.com
62401,franime.fr
62406,fun.xyz
62418,firstbyte.ru
62439,fakat.net
62445,fbs.com.tw
62492,flibusta.one
62534,flashexpress.com
62547,flighthub.com
62570,freshmarketer.com
62583,flibusta.su
62630,flylevel.com
62632,football24.ru
62656,fastsnaillink.com
62676,filippo.io
62689,formula55.tj
62759,fcm.org.co
62800,felvi.hu
62806,footballtop.ru
62847,floodsmart.gov
62874,facetuneapp.com
62892,fotto.com.br
62901,firecrawl.dev
62916,fatcoupon.com
62939,foxible.pro
62956,flashdance.cx
62961,forumophilia.com
62986,fishbase.org
63027,ffm.bio
63073,forum-baza.ru
63075,forworker.monster
63080,fraenkischertag.de
63181,foxmodeq.com
63187,fintender.ru
63208,fanat1k.ru
63252,findchips.com
63287,fastdic.com
63318,fuqer.com
63320,flacsfor.me
63325,familydestinationsguide.com
63327,fabindia.com
63355,fromdoppler.com
63356,flare.network
63365,freesupertips.com
63376,fbo.gov
63441,filestore.app
63465,flowfact.com
63521,findlaw.cn
63523,freednsserver.net
63528,futfanatics.com.br
63536,francfranc.com
63706,forroundprince.com
63777,fancl.co.jp
63782,form.gov.sg
63819,fictionpress.com
63844,fight-club-casino.org
63883,feuvert.fr
63902,fansale.it
63913,fastcdn.co
63931,freedigitalphotos.net
63934,freelancer.com.au
63939,fappenist.com
63952,flying-datacenter.de
63958,flipbookpdf.net
63973,filemaker.com
63981,fgfoxcasino.net
63983,fnde.gov.br
64067,freelancer.com.ua
64083,fox43.com
64153,forexpf.ru
64156,facturama.mx
64158,fyptt.to
64175,flysafair.co.za
64250,frb.org
64309,flvc.org
64320,fromthepage.com
64328,flexlinkspro.com
64351,footba11.net
64366,fofa.info
64402,forum.hr
64408,flops.ru
64417,foyles.co.uk
64433,freeuseporn.com
64449,flant.ru
64475,fanfics.me
64504,filmtotaal.nl
64545,freedompay.com
64586,fortawesome.com
64613,freescale.com
64662,fredericksburg.com
64692,fun88.com
64796,fortnine.ca
64850,fastdns.com.au
64881,flixbus.it
64927,fzu.edu.cn
64950,flumotion.com
64983,frieslandcampina.com
65000,frontline.net
65018,foodtechconnect.com
65020,fapnfuck.com
65084,fedorainfracloud.org
65096,foodpanda.com.tw
65141,fischer.cz
65176,fashionrevolution.org
65183,fareye.co
65204,flashscore.com.ar
65220,filmmakers.eu
65254,faw-vw.com
65257,flashscore.ge
65299,fastcache.net
65354,fragdenstaat.de
65386,framar.bg
65393,fr-trading.com
65425,fontshop.com
65495,fab.mil.br
65499,funcionjudicial.gob.ec
65502,fixedfold.com
65521,fap-guru.site
65534,fap-nation.com
65600,fatedmohame.xyz
65630,fkwiki.win
65662,flixbus.fr
65687,findmykids.app
65736,fiscloudservices.com
65746,freeforumzone.com
65761,football-zone.net
65787,freshsexvideos.com
65791,fizz.ca
65825,fvrentals.com
65890,flashfootball.com
65903,fuego.io
65942,fussballfieber.de
65943,flazio.com
65963,fnbo.com
65992,femcafe.hu
66023,fuyousales.com
66028,football.by
66034,foot-national.com
66036,fiftyt.com
66040,flair.nl
66048,fredmiranda.com
66100,findmespot.com
66106,flash.net
66161,fullporn.xxx
66244,fasie.ru
66257,ftgames.com
66271,futabanet.jp
66369,firespringdns.com
66379,flos.com
66415,fgts.gov.br
66422,fap-nation.org
66434,finditproject.com
66465,foxwoods.com
66476,flagman.bg
66511,finda.co.nz
66517,ffr.fr
66535,forwonder.com
66586,finlandabroad.fi
66607,first.ua
66613,fox61.com
66648,fcbinside.de
66713,fearofgod.com
66770,fujigreenwood.com
66776,fforecast.net
66806,funandnews.de
66827,frenet.com.br
66832,filemood.com
66909,fis.ru
66937,forumspb.com
66949,fcporto.pt
66963,fly.pl
66968,finanzguru.de
66997,fivemanage.com
67008,farmina.com
67035,fastvidsaver.com
67047,fpki.gov
67049,f33lfr33d0m.online
67061,famousfix.com
67062,freeadultcomix.com
67077,folhabv.com.br
67096,freelancer.co.kr
67170,fusetracking.com
67195,franklintempleton.com
67198,fcinternews.it
67215,fullporner.com
67220,ft-crm.com
67246,frontgate.com
67271,fanfills.com
67290,f4pz.com
67297,formulapassion.it
67302,fipi.ru
67303,fitandwell.com
67392,fairprice.com.sg
67395,fany.lol
67426,faplex.to
67443,florium.ua
67471,fptplay.vn
67478,finanzen100.de
67527,flip.ro
67547,fcagroup.com
67555,fifibook.com
67578,fashiondays.bg
67625,flytoday.ir
67647,forumsport.com
67751,familypornhd.com
67761,freshports.org
67772,fukui.lg.jp
67807,fenrirealm.com
67824,finncdn.no
67842,font.download
67849,folhape.com.br
67854,finanz.at
67875,fireflyz.com.my
67926,firestorm-isp.com
67996,fave.co
68047,footballpredictions.com
68076,freeyellow.com
68079,ffg.at
68089,fangamer.com
68121,fucknovelpia.com
68187,fitstars.ru
68252,fitonapp.com
68277,family.blog
68284,fromsmash.co
68290,fanfiktion.de
68360,freitasleiloeiro.com.br
68362,fruitease.com
68392,forbes.cz
68422,fitnesspark.fr
68430,fishsticksgames.com
68451,foriio.com
68454,free4talk.com
68480,furbooru.org
68485,fast.net.id
68513,freebmd.org.uk
68576,fastwebhost.com
68577,fanverse.org
68623,furry34.com
68630,fulla.bet
68638,flamengo.com.br
68678,fbk.eu
68685,finchcare.com
68690,farmatodo.com.co
68703,flip.it
68705,futureelectronics.com
68745,filmtv.it
68756,fontys.nl
68773,fredoneverything.org
68784,fnmt.gob.es
68797,femdomvc.com
68809,fantrax.com
68825,fictiondb.com
68827,fitp.it
68867,frostbank.com
68915,flowaccess.site
68924,freehosting.com
68933,filanco.ru
68935,felgenshop.de
68968,friendsoftheearth.uk
68977,funrize.com
69006,frasesdemoda.com
69008,ferrarichat.com
69032,foursixty.com
69041,forskning.no
69094,findaphd.com
69120,familyporner.com
69130,femina.mk
69220,flydenver.com
69221,fusionfixings.co.uk
69247,fetchv.net
69249,fancourier.ro
69253,fullhost.com
69254,foe.org
69275,forbrukerradet.no
69322,fwdcdn.com
69341,focoradical.com.br
69352,future-play.net
69357,fortion.eu
69381,farmersonly.com
69401,feastingathome.com
69422,fortress.com.hk
69464,fortiweb-cloud-azure.net
69511,financial-field.com
69519,free-kniga.ru
69530,finsmes.com
69542,firebox.com
69546,feedz.com.br
69554,firstshowing.net
69563,fpo9m.top
69572,ffxs8.com
69595,freelancer.gr
69703,fastbackgroundcheck.com
69708,freelancer.pl
69709,fictionzone.net
69719,fromyouflowers.com
69726,file.al
69741,fountain.com
69755,fotosdejavier.com
69780,fortect.com
69781,frontdesksuite.com
69804,focus.bg
69835,feed-the-beast.com
69878,farmaciasdesimilares.com
69909,froedtert.com
69928,freeshipping.com
69995,fronts.ai
70060,fox10tv.com
70064,freshsingles.com
70065,fishingtoolsbox.com
70082,fortunegamescasino.com
70091,freexcafe.com
70102,fldfs.com
70103,flockmail.com
70110,f-b.no
70144,fishbase.se
70149,fossies.org
70156,fingerlakes1.com
70163,fivb.com
70183,freelancer.jp
70280,fb2.top
70285,fenghuangshoucang.com
70287,flash.co
70332,flockler.com
70355,fonts-online.ru
70397,fotospor.com.tr
70406,freshlycosmetics.com
70408,freenas.org
70424,favi.hu
70521,facetofacegames.com
70573,fun-mooc.fr
70581,fastcontent.live
70641,fonearena.com
70657,flow.cl
70658,feed-v2.com
70691,febas.de
70719,freeconnect.link
70737,fuehrerschein-bestehen.de
70742,flashapp.com.br
70743,flyadeal.com
70777,foodandwaterwatch.org
70783,flow.page
70903,foodbasics.ca
70938,fcp.codes
70952,foreks.com
70972,florist.ru
70975,fpsc.gov.pk
70998,falk-ross.eu
71007,forthcrm.com
71058,flutterwave.com
71074,flowers.ua
71076,fiveminutesgames.com
71086,fresho.com
71105,fastdns24.link
71118,flirtme.com
71124,fox13memphis.com
71156,firewalls.com
71208,forzaroma.info
71238,fwd.com.hk
71241,feeling.me
71290,fordauthority.com
71359,farmaciasnissei.com.br
71360,fragrantica.fr
71362,funcraft.com
71405,feratel.io
71419,farmatodo.com.ve
71422,foma.ru
71430,festima.ru
71449,farmaciasoccavo.it
71470,futball90.com
71483,foxcloud.net
71494,fairisaac.com
71531,filmeshentai.com
71588,free.net
71607,freelists.org
71661,flammarion.com
71681,foi.gov.ph
71690,flutterint.com
71728,finavia.fi
71731,filmlinc.org
71737,faktor.mk
71756,future.net.uk
71852,fsastore.com
71855,foodiesfeed.com
71883,fogodechao.com
71884,flixtor.li
71887,forwardemail.net
71952,faradeed.ir
71983,fox23.com
72013,flatfy.ua
72046,flightcentre.com.au
72071,foodbusinessnews.net
72086,farmacosmo.it
72105,francesoir.fr
72148,fujingaho.jp
72149,football-data.org
72256,facebook.com.br
72424,fmed.edu.uy
72462,ftnn.com.tw
72595,figsoku.net
72644,forfun.com
72652,finanzfluss.de
72681,field59.com
72692,f2f.com
72705,free-av.com
72747,fujicorporation.com
72775,flexicar.es
72806,fanforus.com
72817,fundatec.org.br
72834,fws.tw
72895,freetime2025.net
72954,freeinternat.com
72992,fhl.net
73069,fanmail.biz
73083,fisc.md
73104,fortimonitor.com
73181,fapvid.com
73206,ffxiv.com
73211,fastsupport.com
73255,frontier.co.uk
73289,farmaonline.com
73298,frii.com
73306,fortuneindia.com
73318,feabie.com
73326,frifagbevegelse.no
73357,frsapp.ru
73363,fmolhs.org
73374,fv.fi
73395,finology.in
73414,fanlore.org
73418,formidableforms.com
73444,flight-fare.com
73474,farecompare.com
73498,fpif.org
73507,flexiquiz.com
73526,futureweb.be
73555,fieldeffect.net
73616,fenrunbao.com.cn
73644,forumketqua.net
73671,freelancer.sg
73704,fast-payments.me
73737,firekirin.xyz
73739,foretees.com
73769,frienddns.info
73810,friday.ru
73880,fccs.com
73948,freetp.org
73972,finishers.com
74028,focusplus.de
74052,funeraltimes.com
74060,familyisland.com
74069,farvater.travel
74073,fencingworldwide.com
74101,freeporn.ooo
74110,freshbets.net
74140,fisc.com
74143,ford.mx
74217,frostbuddy.com
74218,foggiatoday.it
74252,fortunewins.com
74271,fulltaboo.tv
74291,forlitoday.it
74319,forescoutcloud.net
74369,fsolver.es
74372,fav-hentai.com
74389,fukushima.lg.jp
74471,fuzokudx.com
74481,fantom.network
74495,finemax.net
74544,fukuokabank.co.jp
74616,firstlook.org
74627,freshqingwa.com
74651,fxblue.com
74663,foolcdn.com
74715,fruitshake.ru
74731,fuelmedia.io
74733,farsnews.com
74788,flightsimulator.com
74791,farfeshplus.com
74817,fubiz.net
74831,fulle7.info
74856,fap-guru.biz
74869,firmenabc.at
74890,fleetmatics.com
74951,funnelytics.io
74987,fairvote.org
75000,flixbaba.mov
75024,fandalteam.com
75042,filmespornos.net
75054,fnfgo.com
75081,fruugoaustralia.com
75117,fly88h.com
75123,flyzipline.com
75142,forest-home.ru
75165,fagerneek.com
75194,freckledoutsiderundaunted.com
75212,fatmedia.io
75234,foreverpirates.co
75238,flagsapi.com
75242,fau.eu
75254,funpot.net
75262,fwbsjnakjabdname.com
75266,fruityblox.com
75291,feuerwehrspiel.de
75296,freepro.com
75308,f45training.com
75338,fr.gd
75368,fragrantica.it
75379,ford.it
75400,ffw.com.br
75445,fzqtmz.com
75458,floranext.com
75495,fapnut.net
75519,fybeca.com
75557,fsicomics.com
75570,fivestars.com
75571,fosters.com
75588,fr12.nl
75616,flyflair.com
75624,fsb.org
75638,faceunity.com
75668,forcepoint.io
75678,fetish-matters.net
75691,famileo.com
75738,furniturewarehousedirect.com
75740,fbs.com
75754,f1-gate.com
75774,fyxxr.to
75816,fcbarca.com
75844,flyedelweiss.com
75858,falabella.tech
75881,fawkesgames.com
75928,fa-fa.kz
75931,farsound.com
75990,fs25.net
76011,fasebj.org
76013,fiat.com.tr
76040,fragrantica.pl
76066,freefiremania.com.br
76073,favpng.com
76101,flexbe.com
76112,foreo.com
76118,facta.com.br
76158,farmaciasahumada.cl
76296,fnovasystems.com
76350,freightcenter.com
76383,fishpond.com.au
76391,fburl.com
76403,fohr.co
76418,ftven.fr
76421,fleurop.de
76432,foxentry.com
76438,fidelity.co.uk
76442,frisbuy.ru
76501,fairfarmsnow.org
76509,fotbolti.net
76534,fightful.com
76546,footballwebpages.co.uk
76565,frdl.hk
76572,fireinfra.net
76621,fye.com
76632,foolishgames.net
76635,flickchart.com
76695,france-education-international.fr
76700,financeads.net
76706,france-visas.gouv.fr
76737,feebee.tw
76762,fotosidan.se
76763,fashion.blog
76804,fukuri.jp
76806,filman.cc
76831,finanz.de
76938,firs.gov.ng
76960,flokubernetes.com
76993,fixr.com
76995,fairfield.edu
76997,fhteam.wtf
77009,feb.es
77042,fsonline.app
77051,freilassing.ru
77108,focusschoolsoftware.com
77124,feralinteractive.com
77147,fly4free.pl
77164,fragranticarabia.com
77263,firewalla.com
77333,fzmovies.live
77336,fable.co
77351,flaconi.net
77392,frick.org
77408,fpjscdn.net
77417,framedart.com
77449,fullscatmovies.club
77453,funzpoints.com
77458,foxsearchlight.com
77462,forobeta.com
77476,fromblancwithlove.com
77526,fcporto.ws
77529,funcrot.net
77607,famil.ru
77634,fcsuite.com
77653,francotyp.com
77714,faxage.com
77715,flightyapp.com
77716,fontmenice.com
77738,f1mania.net
77766,fremdgehen69.com
77786,f95zone.to.it
77819,faqserv.com
77824,finofilipino.org
77837,family-locator.com
77838,fleethealth.io
77847,foerderdatenbank.de
77849,flowfact-prod.cloud
77896,fususone.com
77926,famosas.vip
77935,foodora.com
77963,flosecurecloud.com
77966,futbolperuano.com
77998,funder.co.il
78023,foundationdns.org
78028,focalml.com
78050,forumactif.org
78096,familylawmaster.com
78121,filmotip.com
78153,flixbus.co.uk
78172,findpenguins.com
78176,fakaza.com
78183,fishcom.ru
78237,fiken.no
78263,forbiddenplanet.com
78279,flespi.net
78288,fmovies.co
78289,ferizy.com
78298,ffiec.gov
78325,filen.io
78328,freepress.net
78343,fonacot.gob.mx
78371,fullsail.edu
78411,filejo.com
78431,friendly.io
78529,felo.ai
78539,folhamax.com
78549,f1maximaal.nl
78565,fso360-svc.de
78574,finmarket.ru
78589,funktionstjanster.se
78609,fh-dortmund.de
78616,fareportal.com
78666,fortunajuegos.com
78671,foquz.ru
78681,flashscore.cl
78709,foroporno.com
78766,foodics.com
78773,free-tarot-reading.net
78796,ftadviser.com
78814,firenzeviola.it
78845,fal.media
78862,fcmobileforum.com
78875,fanfix.io
78896,freeddns.com
78906,freshclick.co.uk
78919,freekibble.com
78923,freetaxusa.com
78934,fortimailcloud.com
78995,fmi.fi
79020,fruugo.es
79034,fda.gov.ph
79055,fastfetch.info
79056,forum.ge
79079,funda.io
79091,fascicolo-sanitario.it
79098,fgsub.de
79132,fivem-server.net
79155,findbride.com
79184,fifa.org
79187,fencingtimelive.com
79220,forcesnews.com
79236,filmehd.to
79251,fullpornxxx.net
79259,filbet.com
79292,faggedwahoo.cyou
79310,forumer.com
79311,freeviewnz.tv
79332,freseniusmedicalcare.com
79362,foodbank.org.uk
79390,flashrewards.co
79394,filmai.in
79430,facebookmail.com
79452,fajnewczasy.pl
79453,fosonline.gr
79468,foxbet.gr
79533,frivclassic.com
79540,futbolcanli24.com
79543,fontspring.com
79546,fourthwall.dev
79600,fashn.de
79629,farmacorp.com
79643,fisher-price.com
79648,finaldraft.com
79652,freedom.press
79671,funmem.com
79674,filabra.com
79675,fitflop.com
79679,frbservices.org
79710,fajn-brigady.cz
79726,fujav.com
79733,fatsharkgames.com
79749,foxpost.hu
79751,farmer.com.cn
79784,firstrade.com
79844,finkzeit.at
79858,fridayparts.com
79863,fatecie.edu.br
79886,fruugo.co.za
79984,francaisfacile.com
79986,fashionplus.co.kr
80036,fitnessonlineapp.com
80047,foxtale.in
80062,forasna.com
80086,fastlydns.dev
80112,freelancer.com.al
80131,flowjo.com
80134,finanzen-zero.net
80159,fpmarkets.com
80218,frf-ajf.ro
80254,fb7775.com
80259,fibery.io
80275,fxpornhd.com
80277,fredericknewspost.com
80339,flexerilinfo.com
80356,freiheit.org
80419,flexecyclo.top
80429,famosos-nus-portal.com
80431,frizbit.com
80445,film1k.com
80470,fairplaypro.com
80474,foulabook.com
80475,fantasyfeeder.com
80502,frwd.energy
80508,foreca.ru
80509,facy.ai
80536,finpay.id
80579,fastbound.com
80636,foxnxx.com
80645,fukuharaso-pu.com
80662,fruitshopmegaways.com
80725,fishingmax.co.jp
80745,flussonic.com
80846,freshome.com
80889,fstrk.io
80906,felgenoutlet.at
80963,fathomentertainment.com
80988,farmingsimulator25mods.com
81007,fiuman.hr
81014,fireprobe.net
81015,fibrlink.net
81018,financieraelcorteingles.es
81045,firstheberg.net
81062,fullboys.com
81070,faveni.edu.br
81079,flixtor.vip
81089,fallcoaste.it
81090,figurapn.ru
81108,freelancer.is
81126,finances.gov.tn
81132,fakazahub.com
81156,fiskaltrust.cloud
81168,football4climate.org
81174,freshcaller.com
81177,funpaylitebot.com
81184,fastvps-server.com
81224,fairylandgame.com
81263,famima.com
81271,flashscore.si
81287,fyens.dk
81300,food4less.com
81304,fzmovies.host
81335,familjeliv.se
81346,functionhealth.com
81353,fue.edu.eg
81362,freeshell.org
81378,fonbet.gr
81383,fotosearch.com
81385,fmylife.com
81402,frc.org
81482,ffo.jp
81498,factafinanceira.com.br
81502,fastshare.cloud
81520,fr.ch
81548,fastpay.vip
81602,fyletikesmaxes.gr
81680,framadate.org
81682,festalab.com.br
81700,foujiadda.in
81701,francoisesaget.com
81763,fairprice.co.za
81803,fbmplay.com
81856,f01f.com
81958,fallingrain.com
81971,filmmakermagazine.com
82027,fastandup.com
82061,fresh-mint-market.com
82086,fashionspark.com
82093,fwusercontent.com
82107,fapachi.com
82121,firefliesapp.com
82144,f0rbet.com
82156,faber.co.uk
82161,flashexpress.co.th
82222,formlabs.cloud
82249,flirt-to-meet.com
82264,fcdo.gov.uk
82268,fortunate-responsibility.com
82292,fiftyoutlet.com
82293,finehomebuilding.com
82333,fsl.org.jm
82376,fero-term.hr
82391,freelancer.co.nz
82488,fashiongonerogue.com
82494,fon.com
82535,fondoest.it
82540,fideliscare.org
82548,flashcourier.com.br
82593,froth.zone
82644,flomaxinfo.com
82668,financial-link.com.my
82677,freudx.xyz
82736,firstdns.net
82743,fanforum.com
82757,fbbet1.com
82766,futureskillsprime.in
82785,fednetbank.com
82818,findu.com
82835,foodandpleasure.com
82926,freequizgames.com
82955,ftx.com
82987,followmyhealth.com
82995,freshloom.net
83024,foodpanda.com
83064,flowmetric.life
83100,fallcoweb.it
83170,fischkopf.de
83246,foodstandards.gov.au
83254,freemodel.dev
83256,firstcitizensgroup.com
83308,farcaster.xyz
83320,fiteasy.jp
83342,filtz.space
83378,farmlend.ru
83408,fordforums.com.au
83438,fitbod.me
83465,freeimagehosting.net
83471,flixhqz.com
83489,fe-siken.com
83504,finbox.com
83546,fashionscloud.net
83578,fvkag8x0.com
83598,feiler.jp
83672,fznews.com.cn
83683,filmesporno.net.br
83715,film-adult.com
83719,fast4dking.com
83729,fotograf.de
83788,firehousesubs.com
83821,fungameee.com
83852,fusionfabric.cloud
83875,findprice.com.tw
83886,fastrackeyewear.com
83928,futurebyte.net
83938,free-converter.com
83970,fikante.com
84035,filemong.com
84047,fastbet.it
84056,freshscarfs.com
84081,fruugo.de
84096,formafzar.com
84103,flybb.ru
84138,fortunable.com
84141,fagi.gr
84228,furuke.com
84233,fredl.ru
84249,flingpals.com
84260,foxitsoftware.cn
84295,fvip.me
84310,fintechfutures.com
84315,free-barcode.com
84326,flowermangas.net
84350,forbidden-mods.de
84392,fgol.mobi
84402,filmoviplex.com
84431,francevelotourisme.com
84449,fuse-cloud.com
84554,f8betbb1.vip
84555,faptape.com
84556,fastmedic.com.br
84557,fc2db.net
84558,fernandapessoa.com.br
84559,filmeporno.blog
84560,fiorellarubino.com
84561,fitamin.ir
84562,fixferreterias.com
84563,fj3su8tb.com
84564,flezen.com
84834,fixtur.es
84865,filmizip.com
84871,filmon.com
84939,fatima.edu.ph
84997,fiskeserver.com
85014,filma24.stream
85035,f173f.com
85147,forcemotors.com
85159,firekirin.in
85180,fantrie.com
85185,feelb.net
85191,foodrevolution.org
85214,fhr.ru
85231,forumdinheiro.com
85278,freshrpms.net
85293,fuaark.com
85313,finma.ch
85317,falke.com
85322,flybits.com
85331,futbolenvivochile.com
85344,floridagators.com
85351,frasersgroup.services
85353,fortworthtexas.gov
85374,flixmate.net
85404,ftnews.jp
85461,fildeonline.pro
85463,findauction.in
85482,flashgamespot.com
85484,fcw.com
85502,ffjav.com
85541,forklog.com
85546,fam-8.net
85580,filepuma.com
85588,fastbull.com
85590,fscdn.org
85664,froggenius.com
85695,f3f334m.com
85759,funs.me
85784,futuraim.com.br
85815,f1g.fr
85827,frostmotiveseed.net
85851,fxcm.com
85861,flashy.app
85876,fonasa.gob.cl
85883,filmschoolrejects.com
85898,flomattress.com
85938,famelifter.com
85941,fansone.co
85948,finditparts.com
86028,follettsoftware.com
86055,foreca.gr
86069,fairdeal.live
86100,freemeteo.com.hr
86158,f5apis.com
86202,freeporn8.click
86299,fsiblog.cc
86360,firstbus.co.uk
86374,foroescortsar.com
86392,fuckhain.com
86400,fullslate.com
86413,fruugo.pl
86452,flash-manga.net
86457,fenixproject.site
86506,footballcritic.com
86508,froala.com
86510,fakturowo.pl
86515,furg.br
86541,firstinmath.com
86542,fwc.gov.au
86563,flexdental.co
86585,fb77.bet
86644,feelgoodfoodie.net
86678,fibwatch.art
86684,fieldlevel.com
86687,foodora.se
86714,fantasiasonline.com
86741,freeola.com
86752,fbcdn.com
86830,flocdn.com
86889,f1clashgame.com
86903,fischerverlage.de
86928,frappe.cloud
86965,freshdirect.com
86973,freeagent.com
86987,filmkovasi.co
87019,famosasnuas.blog
87041,fdmr.party
87061,familyislandgame.com
87082,fiery.com
87099,fumdx.com
87140,ftth.iq
87227,fbsv.net
87232,fixmyspeakers.com
87244,fh39v25y.com
87312,fayda.et
87326,filmi.hu
87380,faversary.top
87398,ftp.sh
87405,friend007.com
87440,faktura.ru
87535,fyrst.de
87585,find-us-here.com
87591,freebtcco.in
87594,federbocce.it
87607,fibreapk.com
87629,finelock.app
87675,faselplus.ac
87676,freesexkahani.in
87677,fsiblogx.cloud
87744,freetron.in
87770,fsweb.no
87798,freedating.co.uk
87814,fluentbit.io
87872,freekino.net
87873,fly2url.com
87882,fishlittllebrew.com
87943,fluvius.be
87967,falkensteiner.com
87977,fullcompass.com
88012,freecurrencyrates.com
88022,fingameon.com
88026,flashsrv.com
88064,facturatech.co
88065,faphub.me
88066,fourteenfish.com
88210,fcgov.com
88233,fruitshappy.com
88239,fatpromotions.co.uk
88251,fmttmboro.com
88258,freakyhomemade.com
88266,ffxiv.com.tw
88327,featuredsavings.com
88398,facultyplus.com
88412,festivaly.eu
88434,fonality.com
88488,fanruan.com
88671,f2mc.top
88672,fa999.win
88673,fabrilife.com
88674,facturafiel.com
88675,fennoa.com
88676,filenori.com
88677,footylogic.com
88678,fotoscaserasx.com
88679,fstoolbox.com
88680,futura.com.mx
89026,fczhibo.net
89027,filepress.wiki
89051,fffiiillleee.com
89120,fsit.ch
89130,filmeserialeturcesti.org
89143,foxmovies.com
89186,freelancer.se
89197,findahelpline.com
89198,fenxi.com
89203,ffsng.com
89209,fbackup.com
89220,filmeporno.me
89229,fireflyeducation.com.au
89280,forus.ru
89322,farmacenter.com.py
89361,fibbl.com
89377,firestorm-servers.com
89378,flexkartu.com
89383,foodpanda.hk
89395,fztvseries.ng
89417,foundever.com
89437,friendcafe.jp
89459,fashionbeans.com
89494,forksoverknives.com
89504,fuelinspector.com
89512,flipkey.com
89609,frv461.com
89627,flixcloud.cc
89653,fastjobsearchers.com
89654,fastsell1688.com
89655,fpe-checkout.com
89709,friday.tw
89767,fuckmaza.com
89856,forumconstruire.com
89979,flutterflow.io
89984,ffhandball.fr
90100,futisforum5.fi
90133,forum-militaire.fr
90190,freeswitch.org
90296,favim.com
90324,fenesisu.moe
90381,france-identite.gouv.fr
90392,focomarket.com.br
90413,freeilm.com
90443,fgstudy.com
90464,footballinsider247.com
90482,fullmarketing.at
90494,fondationdefrance.org
90504,footitalia.com
90528,fpay.support
90603,flashkit.com
90624,finkeda.com
90629,flatns.de
90639,flowtype.press
90681,factmr.com
90785,fapix.porn
90800,flash-speed.com
90814,futbolparatodos2.su
90835,fetisch.de
90842,fortebank.com
90917,fiction.live
90918,flickeringmyth.com
90924,flightgear.org
90941,firstbanknigeria.com
90951,frill.co
91018,francaisporno.fr
91086,flowmailer.net
91147,free-bonk.com
91174,faucetpayz.com
91237,funxxyfe51.com
91376,frontcdn.me
91391,fanlink.tv
91409,freelancer.co.it
91410,fxmconnect.com
91418,fibramax.ec
91425,frontdoorhome.com
91426,firstteam.com
91479,fitnessblender.com
91594,fastloto365.com
91595,filminvazio.pro
91643,ffruit.eu
91656,freeanimehentai.net
91700,feishewang.com
91725,flash777.bet
91775,flickr.net
91795,fiercewireless.com
91800,foxsanantonio.com
91846,f3322.net
91859,fqnovelstatic.com
91868,forma.ru
91892,farmonline.net
91937,flamingtext.com
91957,femeba.org.ar
91974,facethefuture.store
92024,filmepornotari.com
92087,factori.com
92088,fbdownloader.to
92089,freeway-japan.com
92208,fourvenues.com
92241,fittoday.ru
92267,freloop.com
92312,fll.pl
92314,foresttrip.go.kr
92354,flatex.com
92367,f9.co.uk
92378,fibertime.app
92388,ficlaro.com
92422,findsomeone.co.nz
92434,fangwin88pro.info
93173,f-aspit.com
93174,fabricji.com
93175,fahlottoworld.com
93176,fairexchange9.com
93177,fairplay1.pro
93178,fairplay111.com
93179,fairplay24.game
93180,fairplay99.club
93181,fairplaysite.com
93182,fameviso.com
93183,familynes.in
93184,fanbinit.us
93185,farspnu.ac.ir
93186,faselplus.cx
93187,fastaccounts.io
93188,fastflirting.com
93189,fastfollow.in
93190,fastpayfastpay.com
93191,fastwin77spc.com
93192,fatii.ro
93193,fatourati.ma
93194,fatturaelettronica.pa.it
93195,fbdown.to
93196,fcbet216.com
93197,fciarms.in
93198,fey362.com
93199,ffkipas.org
93200,fighterlive-iq.com
93201,figureraisinupper.com
93202,film2mx.top
93203,filmexxx18.com
93204,filmy69.pl
93205,filmyzilla.cam
93206,finddoctors.gov.gr
93207,finexalab.com
93208,finpage.in
93209,firstcitizenstt.net
93210,firstcry.in
93211,fiscalias.gob.ar
93212,fit-portal.kz
93213,fitgurushop.com
93214,fixmyspeakertool.com
93215,fj245fhj.com
93216,flvto.onl
93217,followersmeta.com
93218,followgrow.in
93219,fortun8rummy.fun
93220,fortunazo.cl
93221,forzza1.com
93222,fox888.vip
93223,foxus.lt
93224,freedatagh.com
93225,freegame.build
93226,freeporncategories.com
93227,fridaystudentportal.com
93228,frontale-card-collection.com
93229,fuji388asikk.com
93230,fukurishop.net
93231,fullhdfilmcehennemi.cc
93232,fulltimestore.in
93233,funlab666.online
93234,funny-007.com
93235,fuzeforge.pe
93236,fwjili.com
93237,fzmovie.web.za
93238,fzmovies.ng
93239,fzt8.com
94895,fatalfans.com
94910,freelibrary.org
94986,fcviktoria.cz
94997,fefe.de
95037,fluxo.info
95073,faithweb.com
95133,flwadw.com
95178,forabodiesonly.com
95211,feedify.net
95259,fordbarn.com
95287,fwicloud.com
95304,fuelo.net
95357,firstfun.games
95370,fiscoetasse.com
95380,fuchs.com
95437,fxreplay.com
95473,finewoodworking.com
95483,flash.pt
95485,fintech.global
95638,facee.ru
95652,ftu.edu.vn
95674,fixly.work
95686,frequency33media.com
95697,fieldpulse.com
95706,ft.dk
95722,frostburg.edu
95749,fidcdn.net
95757,fastpixel.io
95766,findlabtest.com
95770,finegardening.com
95802,firstgov.gov
95816,firmofthefuture.com
95837,foxestalk.co.uk
95853,fashiongo.net
95876,fghshifgh.org
95912,flocknote.com
95930,footeo.com
95939,filmixapp.cyou
95978,fe.ru
95979,fundly.com
95987,fapl.ru
96032,fastdirectadmin.com
96047,formspring.me
96111,fxh42.net
96118,fedoramagazine.org
96205,ffalcon.cn
96220,fekahost.nl
96234,fightertechweb.com
96282,fittin.ru
96312,famoid.com
96341,forbbodiesonly.com
96356,fruitshopslot.com
96362,flowwow-images.com
96365,fh-zwickau.de
96375,fashionmagazine.com
96376,forskningsradet.no
96467,flchat.vn
96478,flamyadsserv.com
96488,forbes.it
96519,firstarrivingdigital.com
96557,frognews.bg
96558,forkit.ru
96573,formswift.com
96586,furla.com
96587,fstrk.net
96592,foxdcg.com
96602,fandm.edu
96611,fullvideoplacment.top
96618,formule1.nl
96623,faslodexsavings.com
96660,fastcast4u.com
96670,fckjzz.com
96674,forgeglobal.com
96695,flightnetwork.com
96703,finestresullarte.info
96773,fa-mag.com
96917,ft.lk
96969,fnistools.com
96976,ff14.co.kr
96980,fantasticfurniture.com.au
97001,futurumshop.nl
97008,fnote.net
97025,freespinsnodeposituk.org
97057,fmwebaudit.com
97078,fx678.com
97102,forever.com
97104,ffzap.com
97112,flutlabs.com
97129,fbmta.com
97130,freetranslation.com
97153,fanboy.co.nz
97217,fontplus.jp
97219,famaga.com
97289,fina.org
97306,furnituredealer.net
97316,fotoimpex.com
97370,firefold.com
97440,fukushima-u.ac.jp
97458,fujianda.com
97474,fm-p.jp
97476,fcstats.com
97496,ferrovial.com
97510,freehat.cc
97530,fiscalnote.com
97538,fjc.gov
97560,focus.pl
97572,foropuros.com
97586,firstclasswatches.com
97604,favish.com
97626,fondationlouisvuitton.fr
97661,fastline.com
97699,fu-cdn.com
97802,fightforthefuture.org
97871,feedify.info
97894,foundryvtt.com
97907,frns.in
98021,five9-wfo.com
98036,f.io
98060,football.org.il
98096,fiberx.co.in
98104,fitradio.com
98132,ferrohost.com
98142,forconstructionpros.com
98160,fansnetwork.co.uk
98188,flightsfrom.com
98199,fisherpaykel.com
98248,faznet.co.id
98270,footlocker.eu
98279,finaldns.com
98292,faponic.com
98309,fbits.net
98332,fastwin.trade
98366,fdn.fr
98370,fnv.nl
98376,findmypast.com
98397,foundryco.com
98444,firstpagesage.com
98488,finedininglovers.com
98535,fdot.gov
98590,faperoni.com
98605,fwsprent.qpon
98645,frcu.eun.eg
98708,fairdomhub.org
98729,forbesmiddleeast.com
98772,findersrv.com
98792,fmovies.gd
98817,fuskator.com
98847,frc.is
98921,fangoria.com
98922,foxitcloud.com
98948,freetour.com
98989,fellow.ai
99084,fizdi.com
99086,financialsamurai.com
99180,freeshipping-essential-apps.uk
99183,finambank.ru
99251,flutter.com
99253,feasingpremed.qpon
99292,fingercheck.com
99308,fl8.jp
99314,familienportal.de
99342,futuremedicine.com
99348,fenicemanagement.com
99360,forestryengland.uk
99365,francoangeli.it
99396,feng-shui.co.uk
99434,faraday.io
99463,fcgame.net
99493,futnext.com
99527,followish.io
99529,futureweb.at
99543,flrules.org
99565,farmcityer.com
99595,footholds.net
99601,f1technical.net
99602,fleetlogd.com
99612,firstsolar.com
99626,fieldengineer.com
99656,fnacdarty.com
99664,fnac-static.com
99680,firewoodhoardersclub.com
99694,football.ch
99739,fastputon.com
99742,frag-den-doc.de
99762,fortigate.com
99771,fx.gl
99791,findify.io
99800,fhcafe.lol
99834,freeimagecdn.net
99842,forem.com
99905,fptonline.vn
99912,flashput.com
99935,floridadep.gov
99962,fijiairways.com
99971,fulhamfc.com
100017,futuremark.com
100019,flagylnew.com
100038,fotoaman.com
100045,frigidaire.com
100047,fasken.com
100091,freeparking.co.nz
100105,fashionunited.uk
100165,feedmob.biz
100180,flbx.io
100184,foody.vn
100218,freesoft.ru
100226,foundry.com
100248,flip-pay.com
100257,friendlycity.net
100259,fleetio.com
100294,firstdirect.com
100313,ff.io
100314,fundacionlacaixa.org
100386,flipdot.org
100412,fabric.so
100418,fppressa.ru
100474,fintechservicesaustralia.com.au
100529,failusha.digital
100551,filson.com
100559,finanzen2.net
100569,foroatletismo.com
100609,fawkes.io
100711,footballmanager.com
100724,ft86club.com
100727,fitline.com
100738,fieldroutes.com
100740,fox21news.com
100746,fitnesskit-admin.ru
100771,filess.io
100773,fazi.rs
100781,frankfurter.dev
100812,fc.de
100910,focas.jp
100912,freedomadnetwork.com
100922,firstonline.info
100929,finaax.com
100933,froza.ru
100951,fpt.com
101013,freddys.com
101084,fazwaz.co.th
101086,forexprostools.com
101128,flyone.eu
101129,flets.com
101175,fazendomedia.com
101177,fdoctor.ru
101216,fedibird.com
101218,fusioncdn.com
101233,flixcdn.space
101251,forddirectservices.com
101258,feelmp3.com
101261,futurdigital.net
101267,flashpush.net
101318,fayerwayer.com
101321,fih.hockey
101338,feig-partner.de
101392,freckle.com
101413,foodsoul.pro
101414,funeralone.net
101434,freerangestock.com
101459,footbathmockerpurse.com
101490,ferrin.uk
101498,fastglobalserver.com
101562,frbit.net
101564,fiz-karlsruhe.de
101576,fopleg.click
101603,fyde.com
101612,flex.com
101625,fallout.wiki
101627,flashapp.services
101655,frankwatching.com
101700,fpt.net
101731,fmm.io
101741,futbolowo.pl
101777,fediap.be
101798,firat.edu.tr
101873,franceantilles.fr
101875,fashionhype.com
101877,foshan.gov.cn
101887,freedback.com
101912,frankfurt-university.de
101938,f-regi.com
101978,fdfd.com
102071,fuck-cdn888.cc
102095,fugro.com
102157,frenchconnection.com
102170,fluoxetineinfo24.com
102178,funshareapp.com
102191,freelancer.ie
102196,fpvcdn.com
102250,fundaciondelcorazon.com
102260,fdbox.net
102268,flash.cn
102273,forestriverinc.com
102281,faponhd.com
102283,fleetpride.com
102284,feierabend.de
102286,filecoin.io
102352,flightview.com
102367,fullneumaticos.cl
102417,forensic-architecture.org
102435,foundimage.com
102438,felmat.net
102463,fastpaycasinowin.com
102473,frontendmasters.com
102478,freewheel.tv
102504,fellowproducts.com
102512,frantech.ca
102580,freedompay.us
102588,facebookvirtualassistant.com
102601,funduszeeuropejskie.gov.pl
102608,freelancer.co.ke
102654,fractii.ro
102668,f-movies.org
102714,ftserussell.com
102722,fotokoch.de
102767,flychicago.com
102772,fooducate.com
102818,foodie.com
102821,frionline.com.br
102846,forosperu.net
102895,foncia.com
102900,floridadisaster.org
102902,footjoy.com
102918,florajet.com
102920,freepdfreaderzone.live
102922,finut2020.com
102946,fakku.net
102958,flameblox.store
102964,fd.ru
103005,fineapptech.com
103038,fiberby.net
103045,fool.ca
103131,fepblue.org
103135,freedom-to-tinker.com
103142,friedshrimp.xyz
103166,foofighters.com
103168,faphouselive.com
103169,ffe.com
103200,funcasinos.org
103239,flowpvp.gg
103242,fscs.org.uk
103247,featuretv.online
103271,flowwow.app
103278,firmseek.net
103280,fastrr.com
103284,finans.dk
103293,flashrpc.com
103337,freetoursite.ru
103371,fifu.app
103375,force9.co.uk
103380,fbwat.ch
103383,focus-entmt.com
103402,fabble.cc
103406,fragonard.com
103423,fromto.travel
103448,factcool.com
103452,fowlersparts.co.uk
103454,filext.com
103556,flx10.com
103565,figure.com
103613,fjyvb2940637fafa.com
103645,frontpages.gr
103646,fudzilla.com
103663,flixer.su
103675,firmooinc.com
103701,foxesscloud.com
103727,filmdaily.co
103737,fanqiesdk.com
103752,fornex.cloud
103762,fnxradio.com
103763,feelwarmth.com
103812,flcourts.org
103859,friday-ad.co.uk
103883,fastpeoplesearch.io
103905,freeunitconvert.com
103906,fstatic.nl
103920,freemcserver.net
103938,fos6echocaptiveportal.com
103941,fraganty.ai
103948,fleetowner.com
103970,fundraisingregulator.org.uk
104040,fuhaosoft.com
104048,fusionmovies.to
104101,fasti.win
104187,fastnod.vip
104201,filmthreat.com
104212,failblog.org
104237,fashionwalker.com
104275,fusedeck.net
104277,flawlessstarfall.com
104301,fuyangkongtiaoweixiu.com
104302,fresenius-kabi.com
104315,ford.com.br
104321,faro.com
104325,fair-smart.com
104377,fruugo.us
104409,fan.at
104445,factsanddetails.com
104488,fcacert.com
104520,freshmarkethome.com
104533,formilla.com
104568,flyert.com
104585,fleetnews.co.uk
104595,fr-academic.com
104602,flckw2940637fafa.com
104619,foamboard.cn
104696,fsb-tcfd.org
104697,furnituregallerystore.com
104710,farmrio.com
104745,forumpro.fr
104763,fc-rsk.ru
104771,fabric.io
104793,freecom.net
104820,faithful-to-nature.co.za
104828,fanduel.ca
104847,foodtecsolutions.com
104860,fieramilano.it
104861,forge-vtt.com
104868,f5-cloud-demo.com
104893,forewayclub.cn
104903,futisforum2.org
104938,foodingredientsfirst.com
104943,forwardrelay.cn
105018,famousboard.com
105042,fantasyfootballscout.co.uk
105120,futbolmania.com
105183,fappeningbook.com
105232,fxexchangerate.com
105239,freeporn.rodeo
105243,funnysphere.com
105248,futurist.ru
105330,flarelane.com
105413,fonecta.fi
105424,farlex.com
105445,firenzetoday.it
105447,fhh-infra.de
105470,fedsfm.ru
105510,freightos.com
105524,fangchong.com
105542,finanzas.com
105550,friv4school.com
105563,funnelfox.io
105584,fundrise.com
105605,futbolme.com
105606,fukugan.com
105611,financialreports.eu
105616,foodinsight.org
105664,farmersinsurance.com
105710,foodbev.com
105739,fifarosters.com
105748,flamingo.shop
105774,fishservices.ru
105808,fx361.com
105842,finn.com
105860,funimation.com
105887,firebase.com
106018,fundae.es
106048,fnaim.fr
106067,facil-iti.app
106094,filerecoverypicture.com
106108,forumias.com
106130,ffonts.net
106143,foundationsoft.com
106166,file-upload.net
106180,foxdealer.com
106182,footballguys.com
106183,faethm.ai
106206,fic.edu.uy
106225,fxpro.com
106275,framer.ai
106304,fc-union-berlin.de
106315,flygt.com
106402,feralhosting.com
106409,fbk.ru
106447,firsthive.com
106455,fussballnationalmannschaft.net
106476,fing.edu.uy
106521,forumex.ru
106535,freepeople-search.com
106537,flycorsair.com
106552,fsdifhj.com
106562,forpsi.it
106568,fguib-vniir.space
106581,financialit.net
106619,fnu.ac.fj
106669,fs-flowerking.com
106764,freeweb.hu
106765,fuwafuwa.moe
106800,flcourts.gov
106831,firework.tv
106889,friendi.ca
106892,flylax.com
106962,fides.org
106976,furgonetka.pl
107005,fastota.com
107037,fb.audio
107038,fwafpv.com
107056,forum-joyingauto.com
107059,fxpro.technology
107072,fallguys.com
107132,firesport.eu
107143,flatica.ru
107162,fdcampaignstudio.com
107190,fado.vn
107205,finn.pl
107222,fastenergy.de
107223,familiprix.com
107278,freshfixplus.live
107314,fanchenstatic.com
107326,fiber.net.id
107333,friends2follow.com
107335,fruugo.ie
107342,fenwick.co.uk
107384,firebirdsql.org
107393,freewebsitetemplates.com
107404,fvitj2940637fafa.com
107429,fapcam.club
107435,farmergracy.co.uk
107466,flashscore.co.jp
107482,figuredin.xyz
107572,filmkovasi.org
107573,fraps.com
107640,front.com
107706,fanclove.jp
107815,fitnesskeeperapi.com
107838,findarace.com
107850,ficwad.com
107883,fikfapcams.com
107931,firstnet.co.za
107956,fairobserver.com
108009,fareharborsites.com
108017,ftxia.com
108037,fite.tv
108057,fastdomain.com
108090,fundeu.es
108120,fractal-design.com
108137,flumetech.com
108173,flipper.net
108175,fragomen.net
108199,fluxx.io
108201,frankmedia.ru
108261,familygenes.ca
108271,freeonlinegames.com
108284,fl0r4ln3w1.top
108300,forddirectcrm.com
108306,fitclp.com
108308,facct.email
108319,fnac.ch
108335,fireworkanalytics.com
108361,fuzhou.gov.cn
108383,fapnow.xxx
108425,funky-buddha.com
108487,flexoptix.net
108497,fmi.com
108536,fastlnk.ru
108592,formiche.net
108634,flexone.cloud
108636,flowzari.info
108642,fusioncharts.com
108653,findhealthclinics.com
108674,falk.de
108713,friendlypetsclub.uk
108761,fablab-siegen.de
108773,fbitsstatic.net
108876,freefilesync.org
108901,fiscalia.gov.co
108918,fairchildsemi.com
108952,footlocker.co.uk
108967,ffxiah.com
108998,fail2ban.org
109019,firmoo.com
109029,fit.ac.jp
109050,fleetcor.com
109097,flix360.io
109142,f95.com
109149,fastevo.net
109201,fratellowatches.com
109244,freedomdebtrelief.com
109277,forte.kz
109291,fh-ooe.at
109299,filmtopp.se
109308,fi1-cosmostechnology.ru
109339,fdb.cz
109344,faphouse.tv
109350,fity.club
109375,flagma.ua
109389,fundgrube.com
109407,forsalebyowner.com
109418,forex-bitcoin.com
109482,freeletics.com
109501,fadeawayworld.net
109510,frontrun.pro
109567,filterblade.xyz
109613,fomofighters.xyz
109622,fcrdns.ie
109671,falstad.com
109676,fileden.com
109682,footysf.com
109698,fetishpapa.com
109719,foxbypitech.com
109752,fshare.vn
109755,fgub-vniir.space
109759,filmsforaction.org
109821,fantastindents.com
109834,fincult.info
109960,fluigidentity.com
109962,filmbooster.pt
109964,firerescue1.com
109988,fultoncountyga.gov
110040,fobwifi.com
110082,flat2float.gy
110103,footballsuper.tips
110123,fjsjf2940637fafa.com
110160,flipboard.social
110174,floraprima.de
110197,flowers-sib.ru
110215,fiat.it
110229,freethink.com
110304,franklloydwright.org
110308,festival-cannes.fr
110373,fieldnation.com
110394,fh-augsburg.de
110407,futbin.org
110416,focusgarden.pl
110433,firecross.jp
110445,farted.net
110469,foromtb.com
110473,fi.co
110546,fmtracking.net
110556,fruugo.ca
110563,friartuckonline.com
110605,focusoslauncher.com
110632,fresh-catalog.com
110635,fiberhost.ru
110644,funnel.io
110653,formica.com
110723,foxentry.cz
110730,flac2.com
110733,freeadvice.com
110788,fiftyplus.com.tw
110790,fanatics.ca
110851,flybase.org
110875,fitx.de
110923,fsresidential.com
110942,fiawec.com
110965,fondation-patrimoine.org
111015,fun.com
111025,felgenoutlet.de
111036,fivestarfurniturega.com
111045,freerainbowtables.com
111072,freegames.org
111083,freepbx.com
111113,fiba.com
111126,fmb.org.uk
111154,favicdn.net
111181,furniturehomekc.com
111205,fondazioneveronesi.it
111218,fcseoulite.me
111219,freeip.me
111251,feedinco.com
111263,flowserve.com
111277,flhsi.com
111278,favethemes.com
111285,fdiintelligence.com
111286,flamecomics.xyz
111337,fortestecnologia.com.br
111346,fcbint.net
111356,fidelityinvestments.com
111366,fastlydns.com
111421,fisherphillips.com
111495,felo.me
111513,freethought-dns.com
111572,futy.io
111645,fishpond.co.nz
111709,fallsviewcasinoresort.com
111728,free-signal.com
111779,finacecloud.com
111791,firedoglake.com
111804,fortion.cz
111831,firebog.net
111852,fletcher.nl
111899,forevermissed.com
111919,foodsdictionary.co.il
111988,familyds.org
112078,foresightnews.pro
112160,firabarcelona.com
112196,fmc.com
112215,fe-softrest.com
112245,fellowes.com
112317,fundacaofafipa.org.br
112350,ftorrent.com
112386,fontgen.cool
112394,feodorn.com
112400,ftmcloud.com
112467,fanhub.com
112499,ffsc.fr
112508,fiido.com
112510,filerox.com
112516,framingartcentregallery.com
112530,focal.com
112535,furniturevillage.co.uk
112542,fastzone.org
112543,furnituretoday.com
112551,fspark-ap.com
112559,fantagraphics.com
112579,fredonia.edu
112584,fake.legal
112601,financialforce.com
112629,fhinck.com
112639,fujiapuerbbs.com
112642,fan12.de
112645,fatsoma.com
112719,fforecast.dev
112784,forseasky.com
112854,funplays.app
112855,fleetback.com
112898,flyhomes.com
112938,fastconnectgw.net
112950,find-me-girl.com
112968,famousdaves.com
112970,ftbzclass.com
112991,fordonny.com
113003,freepeopledirectory.com
113027,farmaciasannicolas.com
113029,furniture123.co.uk
113046,fy-ny.com
113106,famiboards.com
113148,fvsp.shop
113181,forumsdrom.ru
113224,fukuoka-fg.com
113237,fontplus.dev
113272,freestylersupport.com
113281,fit.edu.tw
113289,fumarkel.com
113290,focus-img.cn
113291,fastvds.ru
113343,fragomen.com
113354,framesdirect.com
113356,ftdlaz.com
113359,febapi.com
113362,flukenetworks.com
113388,fat-pirate-casino.org
113402,flyingv.cc
113405,furniturecitimi.com
113412,fminside.net
113419,fimela.com
113620,freeslotsnodownload.co.uk
113634,fuoye.edu.ng
113766,flyx.cloud
113796,four.meme
113797,farmers.gov
113798,fastbots.ai
113805,fosteringsuccessmichigan.com
113840,fullhdporn.sex
113852,fxsstatic.com
113859,five88.id
113879,fzbsggljt.com
113886,foodtank.com
113888,fileinfo.com
113894,freehd.com.ua
113963,freebasics.com
114016,fanplus.co.kr
114028,flagylmetronidazoleinfo.com
114040,free-www.ru
114068,freedos.org
114092,fruugo.fr
114114,furniturecity.com
114124,freeadvertisingforyou.com
114130,fc-net.fr
114135,freethoughtblogs.com
114154,ffrf.org
114166,filmportal.de
114178,furnituretogosi.com
114191,furniturecenternyc.com
114199,fantasyparliament.co.uk
114230,frmtr.com
114364,ffii.org
114367,fintechzoom.com
114405,fiemg.com.br
114418,fair-go-casino.io
114525,fibe.in
114554,fightingillini.com
114557,freethesaurus.com
114589,firstsiteguide.com
114592,flycomm.co
114635,food-safety.com
114638,futebol365.pt
114652,freecase24.com
114653,falabella.io
114704,floridamemory.com
114772,fishusa.com
114782,fulli.com
114799,fountainpennetwork.com
114829,fairtrade.org.uk
114830,fsr.com
114846,feol.hu
114900,freehentaistream.com
114993,flatads.net
114995,frlmods.com
115009,fubo18.com
115024,fonts2u.com
115055,fps.goog
115062,fiskal.cloud
115120,fairdealmusic.co.uk
115147,fastsonar.com
115239,foto.ru
115246,frontstream.com
115271,fergana.agency
115306,fmhy.lol
115311,fastwork.id
115323,fundingcircle.com
115328,faber-castell.de
115335,fpnotebook.com
115361,fancybox.qa
115362,feelex.fun
115406,fireblocks.com
115409,freshstatus.io
115445,flespi.gw
115450,flyme.com
115455,frsport.com
115474,feed.fm
115480,freecommander.com
115494,fateback.com
115560,flixhq.one
115580,ftwconference.com
115612,fzu.cz
115645,french-property.com
115664,filmbooster.co.uk
115669,findretro.games
115695,fbschedules.com
115727,findyello.com
115739,freewill.com
115761,ferienimhaus.de
115826,followlyrics.com
115835,fruit-kings.com
115863,freebasic.net
115906,ffh28vvj4.com
115907,fomesoutra.com
115943,fedrybsport.ru
115983,freednsdedi.com
116099,fedsoc.org
116149,fc3xuccu.com
116168,fass.se
116184,flightsafety.org
116220,flatpay.dk
116224,folksam.se
116244,forsvarsmakten.se
116263,falixsrv.me
116270,fedramp.gov
116285,filmyhit.mba
116300,fury.io
116319,fdtvo.com
116320,fasttelco.net
116346,forest.gov.tw
116445,fitnessvolt.com
116508,filmkatalogus.hu
116509,fleshlight.com
116510,fast.ru
116518,forestry.gov.uk
116560,furl.net
116649,fast-serv.com
116654,foilhat.net
116697,floppydata.com
116699,franchise.org
116707,foruftuiov.com
116716,faciliteacasa.com
116725,fh-kiel.de
116760,fendt.com
116766,floridaphoenix.com
116803,ftm.nl
116818,fabkanti.monster
116905,fnts.com
116906,foodgenius.de
116940,flat2float.la
116976,fishshell.com
116984,flowcleanlite.com
116992,frogforum.net
116998,fcam.vn
117071,flagman.ua
117081,findall.co.kr
117082,flipdesk.jp
117087,felgenoutlet.lu
117096,fjnzs.com
117122,fcc.report
117130,flatpak.org
117146,fcdynamics.com
117169,fazenda.rj.gov.br
117187,fresno.gov
117200,fortna.com
117243,flowika.com
117268,fruugo.fi
117274,foodiecrush.com
117275,financialaidtv.com
117302,flowermanga.org
117313,findsmiley.dk
117329,football.fr
117337,fin.ai
117349,fotopic.net
117411,frankfurter.app
117417,free-press-release.com
117474,fuller.edu
117488,futebolcard.com
117499,fortive.net
117500,freesocks.work
117504,fullfocus.co
117524,fivebooks.com
117545,fabula.org
117560,freecreditkarmatax.com
117562,flightplandatabase.com
117577,frostbytesize.com
117605,farmasi.com
117706,familylife.com
117753,formelskin.de
117759,fijivillage.com
117781,farmaciaai.com.br
117808,franchising.com
117829,fullhost.cloud
117964,familyds.com
117968,findevgateway.org
118013,flixbd.to
118022,fliptwirls.com
118026,furniturelandmilwaukee.com
118034,follettdestiny.com
118070,futuro.pl
118089,ffbatiment.fr
118144,freinet.zone
118152,fulbrightonline.org
118193,fcsd.tv
118197,fichier-pdf.fr
118224,fruugonorge.com
118292,famillecollet.com
118294,fogu.com
118328,fsin.su
118335,forticonverter.com
118400,foremost.com
118424,feedvalidator.org
118452,floridaparcels.com
118456,flyio.net
118501,file.garden
118520,fastserver007.com
118597,fintechmagazine.com
118608,fitinsiderreport.com
118639,file.io
118645,fptcloud.com
118661,fertonabet.com
118666,freeporncave.com
118751,fastmedia.it
118849,frowstyambler.qpon
118851,falabella.services
119178,f2tiqbbj.com
119179,f5b9b3.com
119180,f6g7gt.com
119181,f9d8a9.com
119182,f9m8v6.com
119183,factsreaders.com
119184,fairplay.fan
119185,fairplay24.co
119186,faiviral.com
119187,fancywin.best
119188,fantasy-fc.com
119189,fastfan.in
119190,fastlightgames.com
119191,fastotox53.com
119192,fayzlibazar.uz
119193,fdedomestic.com
119194,film2mz.top
119195,filmefast.net
119196,filmkuuu.com
119197,filmyhit.ing
119198,findmoves.com
119199,fintechreach.com
119200,firewin24.com
119201,flirtujtutaj.com
119202,fonavi-st.gob.pe
119203,forced-sex.net
119204,fp3-siken.com
119205,freehelpdesk.in
119206,freshersindia.in
119207,freshsimdatabases.com
119208,friendzstore.pl
119209,friexam.in
119210,fs17.lol
119211,fufuslot-2026.motorcycles
119212,fulllivehot.live
119213,fundacaounespar.org.br
119214,fuwalete.com
119215,fypmu.com
119813,findtreatment.gov
119887,fitweb.or.jp
119910,familywatchdog.us
119936,fh-potsdam.de
119953,fundainbusiness.nl
119980,fenerium.com
119992,farelogix.com
120039,freepublicporn.com
120123,firstcommand.com
120209,frogiesarcade.dev
120216,fileserve.com
120267,freightdirectfurniture.com
120332,freeiconspng.com
120341,freesurfer.club
120524,fanza.jp
120565,fxiaoke.com
120633,fxtt.ru
120657,fairviewumc.church
120663,flexform.com.br
120665,furnituretogony.com
120700,funkypigeon.com
120712,flux.ai
120801,fooby.ch
120835,floor796.com
120850,feedpress.me
120896,ffycdn.net
120898,fliplife-wiki.com
120904,fmplay.ru
120907,fifaaddict.com
120932,finalwebsite.com
120939,fidelizarmais.com
120966,firstbook.org
121048,foi.hr
121049,frigate-proxy.com
121055,foodpanda.co.th
121061,fotoforma.pl
121094,fix-price.ru
121273,fruitnnuthealthstore.ie
121315,fancygamestudio.com
121333,flowja.com
121362,fastnic.ru
121374,freegame.com
121378,filestash.app
121390,funbooker.com
121402,filmac.com
121451,fromrebel.com
121482,franka-tech.cn
121492,fluxer.app
121525,foodbooking.com
121567,fanza.co.jp
121585,felafacs.org
121590,fingerprint.com
121605,fda.report
121614,fourhands.com
121632,filetracker.pl
121635,ffclub.ru
121735,fxhome.com
121765,fdoc.jp
121831,fpc.ru
121897,frequenz.com
121900,futalis.de
121910,fury.ca
121919,fourkites.com
121933,flitswallet.app
121980,foremoststar.com
121986,fastwork.co
122002,financialexpressdigital.com
122012,factorios.live
122026,f-list.net
122041,fullh4rd.com.ar
122045,fanli.com
122052,fictionhorizon.com
122067,facebookblueprint.com
122075,fam.ir
122086,facebok.com
122128,foreca.cz
122160,floridajobs.org
122175,freedownloadscenter.com
122186,fastcentrik.com
122218,friendfinder.com
122243,firm-august.ru
122245,frontastic.live
122261,fml-x.com
122293,ffrandonnee.fr
122305,frb.io
122331,famly.de
122353,fxtwitter.com
122418,fritolay.com
122426,frienddns.net
122555,fbbva.es
122643,flashflashrevolution.com
122683,finecooking.com
122689,faurecia.com
122760,fia.gov.pk
122809,faronics.com
122838,forexlive.com
122872,framablog.org
122896,fire.glass
122923,freeescortsite.com
122931,fsahr.com
122987,fina.hr
123001,fedcourt.gov.au
123046,fzxinhaixu.cn
123061,freebuf.com
123080,formate.pe
123092,fwmxt.com
123126,firststreet.org
123140,ftr.com
123161,fluoridealert.org
123162,frontlinedefenders.org
123163,feldhost.cz
123174,fruugo.se
123221,focaldata.net
123232,flexbe.net
123265,fouadraheb.com
123277,finstat.sk
123278,freecomics.xxx
123290,fujiya-peko.co.jp
123317,freemedicaljournals.com
123323,fittingneoza.shop
123333,ftlauderdaleortho.com
123342,foreca.nl
123349,freedom-sex.com
123434,fiestamericanatravelty.com
123507,forwarding-co.site
123537,fh-swf.de
123539,futgal.es
123553,fluor.com
123573,fritzing.org
123586,fdv2-t-msedge.net
123595,frc.org.uk
123609,floridablue.com
123636,fontfabric.com
123734,fresh.com
123824,freetoursbyfoot.com
123828,flayrah.com
123841,flele.com
123852,foxygamesuk.com
123857,flyerhubs.com
123900,frys.com
123905,futurumgroup.com
123911,factmata.com
123925,first4figures.com
123927,farmacialoreto.it
123938,fima-hosting.ch
123949,finastra.com
123953,f0ns3.ca
123961,fyu.se
123965,fdp.de
123974,fynd.com
124009,flashbak.com
124011,fedorahosted.org
124012,fly2houston.com
124020,flixier.com
124121,furniturevilletx.com
124149,flirt888.com
124173,flights.com
124178,fulldf.info
124191,foxtruyen2.com
124282,filmpalast.to
124305,fullnet.com.br
124333,f2c.ru
124415,frmdom.com
124422,fhcode.cn
124500,freewebspace.net
124535,fuersie.de
124537,feigetongcheng.net
124562,flareapp.io
124642,findernet.com
124654,fordnsdirect.shop
124668,football-espana.net
124705,fastbooking-services.com
124724,flair.be
124801,fastnext.com
124810,fracassi.tech
124838,figuritas.app
124851,fbto.nl
124874,furniturebrosil.com
124881,factiva.com
124887,funimada.com
124928,fntzllyx.cn
124942,figment.io
124951,federalpay.org
124977,fulltrack.org
124986,froomle.com
125001,furnitureworldsw.com
125051,funbrief.com
125116,freelancer.co.th
125118,festhome.com
125309,faxadmin.net
125336,fatkhoala.org
125339,fruugo.it
125420,famfo.xyz
125432,fiji.travel
125480,form.io
125503,flexireg.org
125508,findatopdoc.com
125521,fold.it
125539,filmzie.com
125564,flo.com
125578,fio.sk
125583,fastconnector.ru
125624,freeformatter.com
125642,familyfriendlyasheville.com
125656,freditorsuberra.com
125670,fathomevents.com
125676,fstatic.com
125755,fpadserver.com
125757,frenchweb.fr
125783,fruugo.dk
125813,farmersjournal.ie
125844,fastener.zone
125845,filmyapp.net
125856,fontainebleaulasvegas.com
125876,feliratok.eu
125934,familysearchcdn.org
125971,futures.org
125997,freefuckvids.com
126051,fantasyplanet.cz
126068,flyairlink.com
126100,filmstaden.se
126136,frontwars.io
126274,fruugo.ph
126315,flicks.com.au
126366,flow.com
126397,freecode.com
126408,feedmob.com
126413,fenixcommerce.com
126434,firstserv.com
126492,foodbeast.com
126524,fapguide.com
126548,fantastic-read.com
126570,fldcdn.com
126571,fwfallowads.com
126610,flbook.com.cn
126649,fennec-dxb.com
126655,fhcrc.org
126667,fundsforngos.org
126681,fastnear.com
126685,fifa17.ru
126695,fatwallet.com
126758,fmi.org
126855,fullfatthings.com
126869,frac.org
126895,fruugo.nl
126905,fkofficial.it
126916,famsafurniture.com
126957,fastwebserver.de
126975,fhlmc.com
127004,fom.ru
127024,funabashi.lg.jp
127073,fitatu.com
127127,footlocker.ca
127134,fairus.org
127140,fcmb.com
127245,feet9.com
127269,fetish.com
127398,france-ioi.org
127405,formassembly.app
127407,futurismworks.jp
127415,fxshield.co.kr
127420,finbytes.org
127432,facebook.fr
127583,findjob24h.com
127617,fandomspot.com
127650,foreversongs.com
127658,f11-ads.net
127676,findcompany.com.tw
127679,film2movie.asia
127710,footballia.eu
127746,federaltimes.com
127766,fixr.co
127811,fingershock.com
127812,formula1-data.com
127856,funlink.io
127887,futureskills.id
127924,f-q-4-e.com
127928,forward-to-friend.com
127939,fullspace.ru
127969,fdbcloudconnector.com
128026,flowfact.de
128067,furniture4lessnc.com
128070,fifthns.com
128088,freestyleserver.com
128094,flaconi-platform.net
128122,filestube.com
128239,fart1.com
128246,furnitureplacergv.com
128274,financialfilings.com
128289,firstfind.nl
128301,forbes.com.au
128333,furkbalancer.net
128340,findamasters.com
128385,fanjobzz.com
128388,fuyoudianxuan.com
128399,fullbrain.net
128406,ferryhalim.com
128439,fujitsu.co.kr
128462,firebase.ws
128567,flappycasinos.net
128627,ferozo.com
128710,fiboo.com.br
128753,fs-play.com
128755,fj2bdvd3ocqznm.com
128759,figure.ai
128762,fastpdfreader.com
128791,fsma.be
128802,freetips.com
128874,farmakom.io
128889,formulamasa.com
128901,foodrecipe.co.kr
128909,floabank.fr
128910,fcdn.io
128952,fx-rate.net
128974,faurecia-aptoide.com
128975,filimin.com
128978,furet.com
128995,forevernew.com.au
129041,freett.com
129076,fuse-ad.com
129126,foia.gov
129143,florealpes.com
129155,f-16.net
129157,fridaysforfuture.org
129216,flixmono.com
129268,free-git.org
129332,fatturatoitalia.it
129357,focus-economics.com
129379,fivefoxes.co.jp
129412,fisc.com.tw
129446,fortlauderdale.gov
129473,ftxlah.biz
129531,foster-net.ru
129549,flyingblue.com
129562,fddb.info
129566,fibl.org
129602,flrun.com
129668,free-proxy.info
129672,freitag.ch
129676,fotolia.net
129690,fiammaincantata.com
129698,fonciatech.net
129712,fabricahost.com.br
129730,foxsports.com.mx
129757,feegow.com
129760,fancydsp.com
129800,fobshanghai.com
129847,flatbushexpressfurniture.com
129864,fast2host.com
129871,fruugo.cz
129873,fjmu.edu.cn
129883,fendouzhe.vip
129919,foei.org
129935,futurasistemas.com.br
129983,feature.com
130054,fotop.com.br
130065,fjumtfnz.biz
130073,fronda.pl
130074,fictionlab.ai
130128,fasterdns1.net
130143,fgajqjyhr.biz
130160,fuyos.com
130163,foreigndekho.com
130210,famedly.care
130211,fq5uyfsb384w.com
130221,flexcdn.kr
130313,feeld.co
130332,farmasius.com
130374,forumotion.net
130379,ffoms.ru
130395,fuji1688.com
130432,fangyun.net
130492,fastbridge.org
130500,fitnessmagazine.com
130551,fotos-hochladen.net
130605,faceitfinder.com
130637,fortwayne.com
130638,footnews.be
130658,freedom-leisure.co.uk
130705,flaunt.com
130721,fractalaudio.com
130730,flicks.co.nz
130739,fashiontime.ru
130741,ftweak.com
130761,fastloanadvance.com
130768,fujielectric.co.jp
130774,fivestaralliance.com
130851,fumi.com
130880,footao.tv
130887,forschung-und-wissen.de
130899,frame-store.com
130908,fictionbook.ru
130934,fastcocreate.com
131004,ftservices.cloud
131050,ffv87.com
131057,fenews.co.uk
131103,finnomena.com
131132,fastfive.ru
131141,forumeiros.com
131186,flyvpn.com
131193,f1vpn.com
131212,faqtoids.com
131234,fatwin.com
131259,findmeahotelroom.com
131305,fmirobcn.org
131315,frette.com
131344,facilitiesnet.com
131359,fergusonforklifts.com
131504,feathercdn.net
131571,findnerd.com
131585,fastdns24.eu
131681,fullhousefurnituregallery.com
131716,flybreeze.team
131778,finep.gov.br
131782,fkw.com
131795,fliesenadeneuer.de
131841,faktor.ba
131873,fhda.edu
131878,fullcoll.edu
131883,fireengineering.com
131887,femaledominationworld.com
131945,fortlewis.edu
131947,financial-planning.com
131956,framen.com
131959,flyitalyadsb.com
131964,freshgardeningideas.com
131981,fboom.me
131997,flowcv.com
132041,free-hearts.com
132067,forumcomm.com
132077,fastsigns.com
132111,frontlineworker.com
132127,fshsyh.com
132152,fwiwk.biz
132170,face2faceafrica.com
132210,falklandislands.com
132247,films1080.best
132261,ficedl.info
132269,fastadmins.info
132331,fetcheveryone.com
132336,fengweigarden.com
132370,freedomsphoenix.com
132421,firmenich.com
132503,flow.host
132504,frankfurt-school.de
132506,farmakopeika.ru
132540,freedommobile.ca
132551,flightcast.com
132588,fymasauctions.dk
132623,followme.com
132667,fortunix.net
132675,fromourplace.com
132677,fingerbank.org
132702,faasafety.gov
132736,franceagrimer.fr
132756,fsscfwl.com
132766,forgeblocks.com
132796,flepipe.com
132859,ftccomplaintassistant.gov
132884,futurepedia.io
132904,furniturecitysa.com
132908,footballleagueworld.co.uk
132917,flowstreamx.com
132927,favicon.cc
132992,flexdog.sk
132996,freshdi.com
133012,fortureslot.com
133042,foxtons.co.uk
133060,franconnect.net
133070,foreignminister.gov.au
133072,fastresult.in
133087,fatbraintoys.com
133094,fienta.com
133113,fuw.ch
133128,fsmb.org
133147,filmix.tech
133182,f2pay.com
133281,furniturefactoryca.com
133322,fishingby.com
133374,flexoffers.com
133379,fourcornerfunding.com
133385,friendlydiamonds.com
133520,football-lineups.com
133537,fanzo.com
133590,freebiesupply.com
133594,fbodaily.com
133603,fbsu.edu.sa
133692,femida-justice.com
133699,firsthealth.com
133743,festival-avignon.com
133745,flora.ai
133784,flowus.cn
133801,foxconnecting.ru
133881,fhir.org
133994,fayard.fr
134004,feedjit.com
134029,financial-net.com
134043,fahrrad.de
134097,fw.hu
134098,finnkino.fi
134115,flibco.com
134189,f8betvip3.store
134197,findmycams.live
134326,filmeporno.vip
134345,fetish-matters.com
134362,f1jouhou2.com
134405,feddit.dk
134441,frodsham.photos
134442,fastfetch.xyz
134464,faceparty.com
134535,favi.sk
134549,funai.gov.br
134553,fmv.com
134566,feddit.uk
134577,fazaboa.com.br
134596,flirtchat.in
134605,factfeed.com
134607,fruitykingcasino.net
134613,fom.de
134675,fullyst.com
134680,fas.st
134740,fly.codes
134743,folksy.com
134789,fiskaltrust.at
134795,fjkjzs.com
134801,faslet.net
134812,fujirockfestival.com
134827,friktoria.net
134829,francerent.com
134874,freevisitorcounters.com
134921,f1oversteer.com
134926,filtreaoleje.sk
134938,flamedns.host
134950,feathericons.com
134966,fourthns.systems
134976,friendica.world
134983,flynorse.com
134987,facultyfocus.com
135008,freshauto2.ru
135026,frooition.com
135029,fastpriligy.top
135076,fruitnet.com
135117,fora.tv
135151,fy.edu.tw
135229,fhi360.org
135268,fezbets.org
135272,filebot.net
135293,filesharingtalk.com
135294,filmot.com
135314,fangxinzhongguo.com
135341,f-static.net
135345,furm.com
135373,flybe.com
135408,foxyform.com
135466,flightschedulepro.com
135484,florereapps.com
135505,focusgn.com
135524,filmz.ru
135542,fishlore.com
135566,fidlar.com
135599,filemasterultra.com
135601,frozenkeyboardmm.com
135614,feathermc.gg
135676,forbes.sk
135709,freedom.com.au
135726,farms.com
135743,finexvids.com
135792,feib.com.tw
135797,freieporno.com
135804,firesupport.uk
135861,freemeteo.rs
135890,ferraridealers.com
135897,football-observatory.com
135926,freebeat.ai
135949,fixando.com
135974,fishingplanet.com
135978,facty.com
136039,footballmonk.in
136046,fantaclub.it
136080,feltet.dk
136128,fly.to
136137,fathom.ai
136166,fujita-hu.ac.jp
136182,freeytmp3.org
136239,fastnet.it
136257,ffnews.com
136269,france5.fr
136323,flip-app.com
136368,french-manga.net
136378,fieldfx.com
136425,frammentidipace.it
136440,fieldgulls.com
136508,farmlabs.dev
136575,foodtalkdaily.com
136580,funconnectsg.com
136619,faimaison.net
136628,faceu.mobi
136732,freelance.com
136747,finances.bf
136757,foodinfluencersunited.com
136763,foosball.com
136764,findwords.info
136771,flespi.io
136784,flopturnriver.com
136815,fastchecker.us
136827,fotosklad.ru
136832,fitdib.com
136854,fueler.io
136860,ffa.org
136928,festspiele-reichenau.com
136946,forbes.co
136951,floryshare.com
136976,feyenoord.com
137021,fakings.com
137026,fundrich.com.tw
137036,fusionscdn.com
137094,fastjobs.sg
137098,fpp.wtf
137160,financialprofessionals.org
137170,foliospace.com
137222,francecasse.fr
137250,forsvaret.dk
137292,fantasywelt.de
137295,forward-publishing.com
137301,fatcat.wiki
137316,famous-smoke.com
137345,freepngimg.com
137367,framapiaf.org
137386,falconet.in
137423,ferrettocloud.com.br
137424,full.services
137445,furu1.online
137490,fishvpn.ru
137617,floridaweekly.com
137645,ffgolf.org
137769,fairplay.game
137822,fyun.cc
137825,farmaciasanvito.com
137886,fastfetch.live
137907,fivenines.io
137925,fbijobs.gov
137928,float.com
137929,franklincountyohio.gov
137971,fanuc.eu
138001,fast-report.com
138023,facepaint.com
138032,flokii.com
138055,farmaciasdirect.es
138084,fanchuangkeji.cn
138086,francefootball.fr
138098,fw-follow.com
138105,forecaweather.com
138151,fastmetrics.com
138171,flanagan.ca
138202,fordhaminstitute.org
138221,fieldfisher.com
138276,fullnet.com
138299,feb-web.ru
138454,f3oku.store
138455,fashnoory.shop
138456,filmyworlds.run
138457,filmyzilla1.in
138458,fleetsmarts.net
138459,flirtdusoir.com
138460,flowapp.nl
138461,flsh-agadir.ac.ma
138462,fmxbd.xyz
138463,foc113.com
138464,footini.ir
138465,fqlexin.com
138466,freefast.in
138467,freexxxhindi.com
138468,fscobill.net.pk
138469,fsiblog2.video
138470,fstu.uz
138471,ftroll.com
138472,fuckpinay.com
138473,fullsenyum.cc
138474,furusato-cms.jp
139050,f2r3l9p.com
139051,f7j3q1y.com
139052,fangwin88win.xyz
139053,fb77.shop
139054,fia34469.com
139055,filmoflix.lifestyle
139056,filmyfly.download
139057,flixfoxs.net
139058,foradasafe.com.br
139059,foxone.mx
139060,fromjepangpanpan.site
139061,fsiblog.run
139062,fsiblog5.me
139063,fufuslot-2026.autos
139064,funnylife.online
139531,fastzonefiles.net
139590,fora.travel
139623,forinvestcdn.com
139661,fortunechina.com
139663,flaminfitness.com
139668,formtitan.com
139669,feipinzhan.com
139756,foliosociety.com
139768,fullcalendar.io
139787,fotomore.com
139824,ffclub.net
139826,firespring.com
139828,finom.co
139893,fortunetiger.com.br
139901,faster.co.id
139904,furyns.com
139929,frumspeak.com
139932,fbc.io
139950,fenaco.ch
139973,freegames.com
139983,fazlanet.com
139997,freshteam.com
140060,fourweekmba.com
140077,folioazul.com
140099,firstdataclients.com
140121,freelancersunion.org
140151,falcon.io
140186,fecamsc.org.br
140196,fprxnet.ws
140245,flashpoint.io
140266,fhsfirecloud.com
140275,faelix.net
140287,facade.com
140292,fantasyislandtoys.com
140399,funnymc.net
140440,firstcom.com.sg
140472,fotbolldirekt.se
140591,fsnet.com
140619,fybthree.com
140679,faphz.com
140693,f1000.com
140724,financer.com
140745,finect.com
140765,flashmuseum.org
140771,fapvid.net
140772,fitnessmix.cz
140789,fabel.dk
140811,fedsp.com
140826,fibernet.hu
140836,focusmate.com
140881,fabrics-store.com
140894,fleek.co
140896,findresultsseek.com
140905,footballdb.com
140940,friatider.se
140991,freeskins.com
141012,futureme.org
141062,fredolsencruises.com
141069,fabtcg.com
141070,fstec.ru
141080,ffinbank.ru
141088,f1eb10ae-1d82-4c6a-b4dd-bd9525520956.com
141153,fireemblemwiki.org
141179,frigidaireapplianceparts.com
141210,fix174.ru
141220,fcc.org.br
141259,famapp.in
141268,f0nt.com
141284,fcwdns.com
141307,fnkc-fmba.ru
141326,france-petitions.com
141394,fox16.com
141413,footybite.ac
141415,flowers4saudiarabia.com
141432,fontanvpn.com
141446,feigua.cn
141459,flowaccount.com
141489,franciscanmedia.org
141527,fasthostvds.com
141725,fabrikamatrasoff.ru
141729,foundryusapool.com
141887,fanberry.com
141917,furniture-2go.com
141924,freemoviewebsites.top
141930,foratravel.com
141994,findomestic.it
142029,frappr.com
142072,finimize.com
142142,fkwallet.io
142150,filevine.com
142187,fengkongcloud.cn
142229,folders.com
142258,facilinformatica.com.br
142266,fastighetsbyran.com
142268,faber-castell.com
142323,festivalnet.com
142350,flyweight.io
142358,f1-fansite.com
142368,fhwise.com
142390,five88.in
142406,farmaciaindiana.com.br
142457,flixbus.com.tr
142529,filetransfer.io
142540,freesoft-board.to
142554,forbesargentina.com
142555,fgu.edu.tw
142563,fqapps.com
142567,fuib.com
142577,fashionpulis.com
142607,fether.app
142652,foodcity.com
142696,fjsjlt.com
142711,faster-it.com
142732,fullaventura.com
142747,foxdata.com
142816,foreignpolicyjournal.com
142828,fossil-scm.org
142831,fvap.gov
142865,farmasiet.no
142868,firestoneapp.com
142869,feimn.com
142894,floss.social
142901,fridayplans.com
142905,ffep.online
142908,fa4wu9a4f.com
142929,freo.app
142934,fotopolska.eu
142964,fitfoodiefinds.com
142966,fis-cal.com
142972,funambol.com
143004,finsfurniture.com
143047,futuhk.com
143048,fabhotels.com
143069,fubonlife.com.tw
143095,furyno.top
143194,fbreader.org
143226,forocactus.com
143251,fridaysforfuture.de
143255,feedo.sk
143307,fabrik.com
143314,foodservicedirect.com
143341,fds.com
143342,faolmbghu.com
143346,futurenowinc.com
143348,five-ten-sg.com
143360,freestart.plc.uk
143364,fixly.pl
143398,foliofn.com
143418,firstfocus.com.au
143429,furniture.com
143434,flash.gr
143441,fruityslots.com
143487,funalomax.com
143609,finet.hk
143610,forgame.su
143695,formdesk.com
143823,fentrisco5.com
143824,filmbini.site
143825,filmywap.net.tr
143826,fingrow.xin
143827,flexora.xyz
143828,fsivideo.co
143829,futbollibre.net.co
143830,futemax.ad
144003,flex-charge.com
144072,fedexfreight.com
144115,femaledaily.com
144150,furniture4less98.com
144210,firefox.fun
144233,fulltrack.net.br
144252,footlocker.fr
144259,fenrunbao.cn
144273,fabulousbingo.org
144318,forexpeacearmy.com
144329,flacso.org.ar
144346,fastlanehosting.ru
144361,flyredwings.com
144438,f2b.com.br
144439,fasthost-9472.top
144440,fireduocc.com
144441,fivems.lt
144442,flewsnark.com
144443,foxbss635.com
144444,frakta.eu
144445,frameratetech.com
144446,fualta.org
144592,foodpanda.hu
144594,foundationmedicine.com
144639,foton.com.cn
144641,fruitsfamily.com
144675,frugalfurniture.net
144700,foudebassin.com
144715,flexineb.co.nz
144745,fetch.ai
144950,forward-publishing.io
144974,flexispot.com
144978,firmas.lv
144988,fcstpauli.com
144999,fip.it
145014,freenet-mobilfunk.de
145048,finst.com
145067,fairness-im-handel.de
145078,flatfile.io
145084,filmalist.com
145095,facekindle.com
145218,fintechfestivalindia.com
145260,fort-raevskiy.ru
145277,foe.co.uk
145337,futurequest.net
145356,flatheadbeacon.com
145404,filerobot.com
145406,foropl.com
145416,fakeyou.com
145430,fortilyx.com
145467,furnitureone.net
145487,foodstruct.com
145533,fastweb.ru
145537,federalbank.co.in
145541,firewall-gateway.com
145594,filtersfast.com
145596,fzmumu.com
145600,fcavjb6u.com
145609,firstworldwar.com
145663,fela.space
145678,fsk.ru
145699,filmskachatnatelefon.ru
145702,floathomes.com
145716,forceswarrecords.com
145720,filerecoveryplus.com
145732,faucetcrypto.com
145766,freeoffice.com
145780,fm-base.co.uk
145788,fly-tech.ru
145792,filmkachat.ru
145818,frag-mutti.de
145848,forescout.cloud
145866,findanir.com
145874,fujitsu-general.com
145896,featurebase-attachments.com
145919,filmfare.com
145951,fishingsib.ru
145989,fleshdns.net
145993,fonciamillenium.net
146019,fulcrumapp.com
146033,febraban.org.br
146067,fullprogramlarindir.net
146095,feathermc.net
146280,foodnetwork.ca
146345,feelway.com
146350,fast-ns.de
146445,fruugoschweiz.com
146477,fieldedge.com
146500,film-grab.com
146522,frontpad.ru
146558,frigelar.com.br
146562,fritzhansen.com
146580,farmaciiledav.ro
146610,filmyfame.com
146617,filmekseni.cc
146623,fifa-infinity.com
146650,fifth-ocean.ru
146667,footkorner.com
146700,football-tribe.com
146745,floridaresidentsdirectory.com
146775,forumvostok.ru
146796,firstbank.com.tw
146819,florenceils.com
146820,freeruproxy.ink
146833,feedsportal.com
146838,freudenberg.com
146846,fastsecurecloudhost.com
146888,fukuoka-airport.jp
146892,freeriderhd.com
146898,free-power-point-templates.com
146903,freebox.fr
146906,foxracing.com.br
146978,flixer.cx
146981,fireandsteel.ca
147014,friendship-bracelets.net
147037,fool.co.uk
147043,ferozo.net
147083,ffedge.xyz
147093,firme.info
147098,firstdraftnews.org
147128,fj133165.com
147156,focus-wtv.be
147206,ficsit.app
147252,foodinjapan.org
147257,fixcord.gg
147266,fxleaders.com
147288,freedomdefined.org
147323,ffdns.net
147329,fitbase.io
147335,flalottery.com
147653,fabrika2022.com
147654,fat4dkeren.com
147655,fcpro.com
147656,fendy188goks.com
147657,fgjiflflfi5l.com
147658,fiatogel71.com
147659,filmatesi.com
147660,filmexclue.com
147661,filmocular.com
147662,filmyavatar.com
147663,filmybanda.com
147664,filmydom.com
147665,filmyfeeds.com
147666,filmyflare.com
147667,filmyfrenzy.com
147668,filmygallery11.lol
147669,filmygallery2.lat
147670,filmygame.com
147671,filmymarathi.com
147672,filmynap.com
147673,filmypl.com
147674,filmysamachar.com
147675,filmysport.com
147676,filmytainment.com
147677,filmytiger.com
147678,filmywap.irish
147679,filmyzilla.pg.in
147680,firstrate4u.shop
147681,flavorbewokwin.com
147682,flemmix.casa
147683,flemmix.win
147684,flixportal.net
147685,fly7guide.com
147686,frczdyiezg.net
147687,friendsofthechoo-tjoe.co.za
147688,fs03.lol
147689,fun88ind.net
147690,funbe633.com
147691,funinrace247.com
147692,futbollibreplay.pe
147693,futemax.bot
147694,futemax.charity
147695,futemax.doctor
147696,futemax.repair
148567,ferienhaus.de
148588,firmex.com
148597,fabula-ai.com
148627,finaria.it
148629,franciscanhealth.org
148650,framebridge.com
148679,funkfeuer.at
148687,ford.fr
148748,french-connexion.com
148830,foetex.dk
148834,findawayworld.com
148895,frt.vn
148914,flemingssteakhouse.com
148917,faithgateway.com
148953,flowerknows.co
148964,footballsaa.com
148982,funjet.com
148996,funfolks.net
148997,falcondns.com
149014,fanajobs.com
149023,from-de.com
149033,free-online.co.uk
149048,foodvisor.io
149051,freeintertv.com
149060,fondazioneslowfood.com
149081,fourvines.com
149084,fullsailevents.com
149100,fonterra.com
149110,facua.org
149126,fdrlibrary.org
149137,frenchmotoshop.com
149153,freebeg.com
149160,firstchoice.co.uk
149167,flameproxies.com
149259,firstlight.ai
149306,feminist.org
149313,fakturownia.pl
149323,foodjx.com
149346,fourwaves.com
149378,fagbokforlaget.no
149398,footballinfo.net
149436,freepnglogos.com
149441,freedom250.org
149470,finanze.gov.it
149490,fifplay.com
149499,fnni.com
149518,furniereholz.de
149568,fotbo.host
149580,fanavenue.com
149589,fraserhealth.ca
149627,fck.de
149698,ftel.kz
149746,f12bets.org
149750,fcf.com.co
149776,flyuia.com
149825,freehtml5.co
149845,fetishspace.com
149860,f3tcp.cc
149861,filmpolski.pl
149865,fjordline.com
149876,fujidream.co.jp
149956,fitme.expert
149993,fnis.com
150037,futuranet.it
150057,ftihzjg.com
150064,fotbo.cloud
150074,footballia.net
150114,femina.in
150122,freshrelevance.com
150136,financialafrik.com
150177,fhios.es
150178,fotografiska.com
150201,flockfreight.com
150202,fontcdn.ir
150214,freightliner.com
150230,fixmystreet.com
150235,fortworthreport.org
150252,franciskurkdjian.com
150309,fm.com
150354,frachi.cn
150370,freewebstore.com
150375,fwcdn.pl
150385,freshreports.com
150421,finmarket.online
150477,freedome.it
150522,fhentai.net
150542,foodinstitute.com
150570,filmbooster.ca
150587,fortbendisd.com
150631,fdocuments.in
150643,findologic.com
150705,fastcache.xyz
150732,freewebmarks.com
150757,ffinpay.ru
150797,freetzi.com
150801,fuer-gruender.de
150806,fortworth.com
150813,fcbarcelona.cat
150815,fcio.net
150893,financialtribune.com
150911,fox4now.com
150935,fabheavyparts.com
150952,fcterc.gov.ng
150958,finsnflora.com
150985,footstockings.com
150992,firefighternation.com
150995,figuya.com
151010,fortunateone.com
151037,fundacioncarolina.es
151038,fenix-magazin.de
151047,finfive.ru
151077,fcblonline.com
151096,filmkofilm.cn
151124,farfetchedsavor.com
151163,flashmer.com
151181,flexpag.com
151251,foodprint.org
151261,filmecran.fr
151268,filmealese.net
151356,fastream.to
151403,flourbluffschools.net
151458,fest.fr
151482,friday.lat
151490,flexdog.cz
151525,financialmodelslab.com
151576,frenzy.ai
151585,fun88thf.com
151593,firstwordpharma.com
151624,footballaustralia.com.au
151641,feedsfloor.com
151684,finanz-tools.de
151701,freebets.com
151710,flatex.de
151749,fcse.io
151840,fernsehlotterie.de
151843,fuseddns.com
151874,fevad.com
151875,fountain.fm
151890,fragrance.com
151893,foxrothschild.com
151899,forwardtomyfriend.com
151920,filmcomment.com
151987,fbgcdn.com
152003,funsubstance.com
152045,ford.es
152067,forces.net
152075,fluidtopics.net
152178,funeraltechweb.com
152206,foo.com
152229,febrafar.com.br
152237,frend-mebel.ru
152286,frequencycheck.com
152300,fxp.co.il
152357,fachanwalt.de
152364,freead1.net
152379,fwdcmp.com
152391,fitnesshouse.ru
152461,freem.ne.jp
152470,fjsgzsh.cn
152529,fkbae.to
152533,freevector.com
152543,ftsafe.com
152552,fun.ac.jp
152557,fibladi.com
152571,f150online.com
152617,fgns.info
152685,fortimail.com
152695,faktor.bg
152720,favchef.com
152739,flintshire.gov.uk
152756,fastnodegate.com
152788,fielmann.com
152808,fiberish.net.pk
152841,fiesc.com.br
152845,futemax-br.com
152866,forex-station.com
152910,fmza.ru
152964,fabric.com
152988,flothemes.com
153094,freshify.click
153095,filejoker.net
153101,fupress.net
153111,firsthop.net
153199,fast.net
153219,fr24.io
153233,foodora.cz
153252,feeyo.com
153275,frenchcuffco.com
153320,fct.ru
153322,fff.org
153352,flipgrid.com
153360,fidelitycharitable.org
153394,frittord250.se
153430,filmix.moe
153494,fvet.edu.uy
153498,furrylogichosting.net
153537,firstclasswatches.co.uk
153601,fmagazin.ru
153622,flixbus.pl
153757,fsave.io
153782,fpctc.com
153799,firecore.com
153812,freewebclub.com
153834,forteseries.com
153843,firstnews.co.uk
153846,fafu.edu.cn
153849,freiercafe.net
153858,financialsense.com
153869,filmdienst.de
153876,furnituregso.com
153887,forcbodiesonly.com
153926,faplane.com
153955,freejavbt.com
153984,forumseguranca.org.br
154021,forwardthinkingmuseum.com
154027,finedinemenu.com
154052,filmsofts.com
154062,fluentin3months.com
154066,fbonazzi.it
154085,fediscience.org
154107,furniturelandcolumbus.com
154123,fifpro.org
154124,flagler.edu
154140,finotel.com
154147,facethefuture.co.uk
154163,footlocker.it
154246,fftw.org
154299,faso.la
154301,frei.net
154308,frontusercontent.com
154317,fastdns.net
154322,fastspeed.dk
154324,flowershop.media
154440,fusebox.fm
154487,foap.com
154539,fideuram.it
154577,flacsoandes.edu.ec
154673,fdlreporter.com
154705,fabory.com
154721,feralfront.com
154722,fire-stream.ru
154772,friscotexas.gov
154783,ffbridge.fr
154809,flashyapp.com
154819,freight10541.com
154862,flowith.io
154892,fadb.xyz
154929,floresa.co
155005,folklore.org
155011,focusedi.com
155039,finaleinventory.com
155043,fintechnsk.ru
155051,fidalgo.net
155064,fa8xxccqq.com
155097,firmare.cc
155113,fotop.net
155152,fbtv3.ir
155204,fietsersbond.nl
155230,francoischarron.com
155330,familylives.org.uk
155341,feedify.org
155356,fashawn.ca
155384,fukxl.com
155391,fiskaly.com
155401,flockler.app
155406,fileworld.co
155429,fomin-clinic.ru
155446,francetravail.org
155494,foodbevg.com
155496,frauenaerzte-im-netz.de
155526,forestriverforums.com
155539,fjytgy.cn
155565,fiches-auto.fr
155572,foldlife.net
155578,fh-kit.com
155592,fedoraforum.org
155606,flymco.com
155611,francemusique.fr
155638,francebillet.com
155695,feijipan.com
155725,fashionweekdaily.com
155729,fabricwholesaledirect.com
155803,fukuyama-u.ac.jp
155814,fweds-spc.it
155846,fathomjournal.org
155853,finance.cz
155889,fsnetco.uk
155906,freedom-x.net
155909,favi.pl
155913,firstbom.com
155927,fundomainparking.com
155953,framekit.online
155961,farmingdale.edu
155983,firstsportz.com
156001,furnitureandmattressforless.com
156020,foot-africa.com
156033,fieggen.com
156063,fontainebleau.com
156067,failory.com
156078,filmscoremonthly.com
156112,fantasy-worlds.org
156189,fazwaz.com.mx
156203,fieldworkhq.com
156217,fatima.pt
156224,foodmanufacture.co.uk
156226,fanavaidc.com
156267,franchiseindia.com
156310,fortion.net
156345,fairing.co
156352,flixsyndication.net
156418,finntech.no
156428,flugladen.de
156467,fiksel.info
156507,fawnlux.com
156530,free-slots-no-download.com
156531,fancentro.com
156555,fanimani.pl
156604,foodpicasso.com
156612,flickfusion.net
156623,f-takken.com
156648,fas-bee.com
156652,filedot.to
156663,frenchbeautyhub.com
156667,findicons.com
156671,fitsnews.com
156700,fightmobdsp.com
156735,filmnadvd.cz
156760,flagma.pl
156776,fibrestream.ca
156790,footprintcalculator.org
156822,fitzdarescasino.org
156868,fevo-enterprise.com
156871,freeroms.com
156882,factoryfurnituremattressandmore.com
156930,fust.ch
157026,family.abbott
157031,fancy.com
157036,fiberlinkpe.net.br
157053,fox.co.il
157055,flyer.co.uk
157205,fruugo.sg
157273,fisheriessupply.com
157274,fastlink.lt
157292,favoritmarket.com
157297,fanvil.com
157309,fcaugsburg.de
157314,forococheselectricos.com
157315,footballsfuture.com
157324,flmmis.com
157356,fibabanka.com.tr
157402,fazwaz.id
157420,fibraprime.net
157431,fishwrangler.com
157477,fwf.ac.at
157486,fav.me
157518,fairfaxunderground.com
157525,fishpond.com
157569,flica.net
157579,fita.in
157688,firmenpresse.de
157751,freestylelibre.de
157764,finews.ch
157766,fli.de
157767,fnomceo.it
157774,fachportal-paedagogik.de
157798,fleshed.com
157831,fobizz.com
157838,f1solutions.nl
157859,fullcontrol.net
157881,footballscoop.com
157898,fiatgroup.com
157927,fullbay.com
157951,fleetone.com
157964,freenovelread.com
158011,freefy.app
158015,flexnet.co.jp
158044,fast-connect-service.site
158065,fontlab.com
158074,fparf.ru
158087,farbwood.by
158117,findacode.com
158136,foodengineeringmag.com
158158,femdom-pov.me
158160,fulqrumpublishing.com
158168,fnr.de
158229,furnitureplaceusa.com
158310,flyairnorth.com
158323,file-rf.ru
158378,fcdynamo.com
158398,fbcnews.com.fj
158462,fls-location.fr
158488,fs1.app
158499,firefliesaudio.com
158518,fahdroid.com
158548,fishersci.co.uk
158560,factor8assessment.com
158607,fast-system.ru
158612,flipcause.com
158627,fbq5tlk1.com
158636,fmoox.com
158649,flatiron.com
158650,futuhn.com
158660,fortbendcountytx.gov
158679,firsthost.lv
158702,feisheng.cc
158743,fc2blog.us
158752,ftportfolios.com
158754,freetubespot.com
158802,feministing.com
158810,fameex.com
158815,fozzyshop.ua
158860,feji.io
158876,faber.de
158890,fontba.se
158929,fortisbc.com
158990,fjnu.edu.cn
158997,flashstock.com
159012,fit2cloud.com
159014,familystrokes.com
159020,finprotect.info
159034,furukawa.co.jp
159057,fastexpert.com
159114,frontsteps.com
159130,fanbuzz.com
159139,frontline.cloud
159160,frsc.gov.ng
159167,forth.go.jp
159218,frogdesign.com
159241,foxvideochat.com
159243,foundr.com
159258,fitia.app
159264,fourxart.com
159283,fredastaire.com
159286,fconnect.ru
159352,familienplanung.de
159385,foodyas.com
159405,fravito.fr
159420,favikon.com
159431,f95.de
159478,folketidende.dk
159496,fedstat.ru
159527,feg.de
159652,fasttrack-solutions.com
159713,fine-arts-museum.be
159734,fclm.ru
159747,fftek.com.cn
159776,factinate.com
159781,furniturerow.com
159785,ffm-forum.com
159868,feedo.cz
159906,fairlymade.com
159921,farside.co.uk
159951,fragplace.com
159974,fuse.tv
159978,fullcycle.ca
159984,fabiensanglard.net
159996,fashyas.com
160048,f5u-uhpdrtwj6azysqpud.net
160058,faithstreet.com
160065,fasttax.com
160090,footlocker.de
160093,finanztrends.de
160111,floriday.io
160149,filester.sh
160172,fastestlaps.com
160173,fultonbank.com
160194,famisafe.com
160199,fhjglink.com
160245,france-airsoft.fr
160248,flitetest.com
160273,fundinguniverse.com
160314,film.at
160336,fuseuniversal.com
160341,faustos.com
160359,forexlisting.net
160373,forevernew.co.za
160390,fourchette-et-bikini.fr
160393,firstnow.ru
160421,freeslotter.info
160485,firsttechfed.com
160526,finishtime.co.za
160544,falkentire.com
160556,fucd.com
160588,fringefocus.com
160606,fmp.live
160645,financialnews.com.cn
160648,fredaldous.co.uk
160667,fitlynk.com
160679,for-ua.com
160800,fabricspark.com
160817,fors.ru
160819,fashiola.in
160820,footballforums.net
160858,fgpmyphzs.cc
160870,femh.org.tw
160879,fujiq.jp
160907,frankcasinos.org
160912,fsrmagazine.com
160965,foodloversmarket.co.za
160967,farmaceuticos.com
160982,flotrack.org
160998,fanpiece.com
161037,federicstore.it
161038,fukuoka-sec.co.jp
161172,forumjournal.org
161192,fajwa.com
161245,fai.com
161278,frozondns.com
161312,fiap.com.br
161321,faw.com.cn
161334,fosi.org
161342,funtownrv.com
161343,ffxivcollect.com
161372,francisfrith.com
161397,food4rhino.com
161412,firstcry.ae
161442,foxracing.com
161461,fazwaz.de
161479,finosfin.com
161501,forextime.com
161528,financhill.com
161552,france-cadastre.fr
161565,filmymatte.cc
161575,fablabs.io
161589,fuseki.info
161616,fuelcellsworks.com
161660,fah-dc3-ds.com
161672,funvisis.gob.ve
161690,flhealth.gov
161727,femjoyhunter.com
161760,fondationbeyeler.ch
161767,fotbo.com
161835,favorit-motors.ru
161895,fergusonsubaru.com
161910,fexcodccapps.com
161912,ff6hacking.com
161931,fetower.com
161942,fourstateshomepage.com
161945,federvolley.it
161976,fas8t.co.uk
161994,finapi.io
161996,flightdocs.com
162076,fc-angusht.ru
162083,fsw.edu
162092,farmavazquez.com
162144,freshplaza.it
162164,fuckhardclips.com
162169,flowfold.com
162207,fragoria.com
162238,fb0bf2b1.shop
162244,flyrobo.in
162246,firstvet.com
162317,foodora.at
162319,folivora.ai
162343,foxitreader.cn
162445,fservr.com
162478,fmjfee.com
162523,frenchbee.com
162527,fixpart.de
162538,fedra.com
162542,firmoo.de
162552,freewebspace.com
162565,forum-sachsen.com
162625,fastestgmt.com
162724,farmais.net
162728,fisu.net
162740,fptplay.net
162746,fcmbpensions.com
162777,fsa.gov.uk
162782,fansfirsttickets.com
162814,findingreagan.com
162819,fantasyworldtoys.com
162850,foncor.ru
162874,fr9.es
162882,forumvi.com
162938,figlinensandhome.com
162955,foxtrot-dev.ru
163034,fvtc.edu
163038,fansitehost.com
163093,floodgap.com
163114,familytreemagazine.com
163142,feedough.com
163185,funktionelles.de
163199,fantasticfiction.co.uk
163202,fttx.cn
163214,finance-commerce.com
163280,fscj.edu
163305,flyingsolo.com.au
163336,fna.gov.co
163341,fashamo.com
163378,findlay.edu
163388,flixtub.com
163420,forbiddenstories.org
163423,futurimedia.com
163439,fb7qmofdl.com
163472,fashionjobs.com
163482,firestartoys.com
163540,freespoke.com
163544,fishpond.com.sg
163558,fn-jeep.com
163581,fevo.com
163686,fsitaliane.it
163759,fygjdyf.com
163805,findsounds.com
163829,feed2js.org
163832,flixmomo.tv
163872,family.com.tw
163890,foxfordschool.com
163899,fashioneyewear.com
163906,flclearinghouse.com
163918,firestorage.jp
163922,feizan.com
163932,fermiliceobrindisi.it
163957,fxxy.net
163982,fungame.studio
164006,fastercouplings.cn
164016,finamtrade.ru
164021,folz.net
164045,furniturenowgallery.com
164057,freaner.com
164064,fwme.eu
164065,fan24.st
164072,freefonts.co
164095,fruugo.ae
164097,findmelocation.com
164118,feipiter.nl
164165,furnitureoutletwacotx.com
164208,freshemail.io
164282,funeral.com
164310,flatway.fr
164326,fanhualiaoning.com
164357,fbcd.co
164405,filersubdiewordcraft.com
164441,f3netze.de
164487,firstnetimpressions.com
164489,frm.org.br
164493,fooji.com
164516,fndk.xyz
164519,finance-monthly.com
164522,funnelleasing.com
164528,fivefilters.org
164535,frydge.uk
164560,familonet-api.net
164571,fnb-online.com
164593,fckeditor.net
164641,forsvaret.no
164654,filester.gg
164655,fruityking.org
164734,fourniresto.com
164747,flozbalancer.net
164845,faisys.com
164852,famens.com
164858,franca.sp.gov.br
164873,famigliacristiana.it
164931,flowlu.com
164966,forgood.net
164968,f-trend.com
164986,fax.plus
165022,freenet-homepage.de
165053,freebirdairlines.com
165114,finance.gov.au
165145,from-ua.com
165153,favi.hr
165181,fastmed.com
165204,freesexvideos.xxx
165233,freedom2surf.net
165296,freemeos.com
165301,fin24.com
165311,fireshieldit.com
165319,finalweb.net
165327,fondimpresa.it
165367,findmysoft.com
165371,focustodo.net
165389,fn-dns.com
165437,firstns.cc
165453,fastervpn.world
165470,filmboards.com
165480,fct.pt
165483,footballnavi.jp
165488,forodecostarica.com
165506,firstlook.gg
165510,fextralifeimages.com
165517,fnpv.net
165554,firstory.io
165555,fergananews.com
165561,finescale.com
165621,f95zone.com
165639,fhf.fr
165682,fastclient.net
165693,flagma.by
165722,fruitfulyield.com
165725,freewheel.com
165727,freeomovie.to
165732,faptor.com
165739,foxtrot-wiki.win
165772,flsrv.net
165776,fotojet.com
165784,farmsanctuary.org
165807,flocabulary.com
165829,fattal.co.il
165836,flaris.ru
165883,fluxive-flex.com
165903,frasershospitality.com
165905,feibaos.com
165930,fitomarket.ru
165938,future-shop.jp
165961,furnituredirect411.com
165970,fhsai.com
165984,finance.blog
166003,fxglossary.org
166011,freestepdodge.com
166012,funke-next-level.de
166057,freshwaysupplies.com.au
166105,falmouth.ac.uk
166130,fiberbit.net
166169,fhm-online.de
166181,funserver.gg
166243,franceverif.fr
166272,forpsi.us
166330,fansedge.com
166344,fondazioneprada.org
166366,fameiip.com
166378,fife.gov.uk
166395,forestessentialsindia.com
166405,focuspdfviewpdf.com
166435,fluentpulse.com
166461,fazenda.df.gov.br
166488,femdomhd.org
166520,fotoolog.com
166568,farmaciauno.it
166570,forum-movie.net
166577,fenglei.com
166582,farmaciamapuche.cl
166598,fapify.com
166602,fakepunchstudios.com
166614,flip.id
166624,ford.com.ar
166631,fakturoid.cz
166635,firebird.jp
166670,flows.world
166675,findinall.com
166767,freecodecamp.com
166805,fishport.ru
166863,fidushost.ro
166881,fxf774.com
166952,frbatlanta.org
166958,freshbots.ai
166961,fuselenses.com
166963,formgrids.info
167053,freedisc.pl
167069,fribourg.ch
167083,fraud.cleaning
167084,footy.com
167107,faq9.ru
167126,fediverse.party
167156,fitomag.ro
167166,flop.jp
167173,forces.ca
167186,fifa14.ru
167203,fst.com
167221,fipro.pl
167247,fremover.no
167301,fruitpickingjobs.com.au
167313,foncloud.net
167350,fraud-alert.net
167485,furniturepick.com
167497,factoryflooringliquidators.com
167515,fxverify.com
167517,fanaticus.social
167526,fxguide.com
167605,fila.com.br
167678,fc.pl
167683,freenetproject.org
167684,fiveguard.net
167686,fergus.com
167699,foedevarestyrelsen.dk
167702,fwwebb.com
167711,fibrenet.ru
167721,flaviar.com
167736,favb.cat
167739,favt.ru
167748,firelighteapp.com
167749,facebookuserprivacysettlement.com
167764,fvt.com.tr
167776,fd97-d086-d674.net
167792,flydulles.com
167867,faseb.org
167869,flx.com.pe
167872,filebin.net
167899,finops.org
167915,forwardblue.co
167938,fordownersclub.com
167942,foreveryourslingerie.ca
167957,farmaciaigea.com
167960,fsm.edu.tr
167989,fuckingpornfree.com
167992,firefistace.com
167994,flockr.co
168020,fasternet.com.br
168049,fo-online.jp
168064,fast-wiki.win
168109,forumsano.it
168121,footballgroundguide.com
168162,folk.app
168222,forsvaretsforum.no
168233,fhcm.paris
168285,flymedi.com
168297,freewechat.com
168324,foundit.sg
168350,flyairpeace.com
168419,featureos.app
168443,fazcomex.com.br
168455,freefoto.com
168466,farnuq73xy.com
168568,fiat.fr
168576,fitness.blog
168587,falundafa.org
168631,fastcloud.id
168636,farmaid.org
168651,firstforwomen.com
168670,fastssdservers.com
168684,fuskator.me
168744,flarie.com
168785,foxkit.app
168799,forestechoes.net
168841,fusion-festival.de
168843,fpt.com.vn
168851,fussballgucken.info
168869,factoryfurniture.shop
168872,future-music.net
168874,ftjcfx.com
168899,fanshawec.ca
168907,fordeer.app
168910,fet-app.com
168974,fireflyplus.com
168991,flyarystan.com
168997,free-images.com
169006,fastweather.com
169025,fifty5blue.com
169053,fusionconnect.net
169058,freednshosts.com
169080,freeflashgamesnow.com
169132,fintgo.ru
169136,film-documentaire.fr
169167,freedom24.com
169306,familyfarmandhome.com
169359,fanfooty.com.au
169372,ffxddn.cn
169415,fcmtravel.com
169422,ficci.in
169465,freethought-dns.uk
169469,fijisun.com.fj
169478,fatgalah-dns.com
169482,foot.ie
169507,fukutsu.co.jp
169571,fengqishengwu.com
169585,fhm.com
169633,footballpredictions.ai
169655,flyriver.com
169682,fastestns.com
169693,fxtm.com
169705,freecadfloorplans.com
169744,francuskie.pl
169778,fla-keys.com
169805,fem.jp
169806,furbo.com
169814,firstgiving.com
169823,freakhosting.com
169828,fark.net
169876,fluidbranding.com
169884,forewordreviews.com
169885,freedomteamapexmarketinggroup.com
169906,freshtohome.com
169919,fcn.de
169933,fisherhouse.org
170032,f9cloud.com
170043,fuelrewards.com
170107,ferry-sunflower.co.jp
170178,fashion.hr
170184,foxfilm.com
170188,fastway.co.za
170200,favore.pl
170244,flibusta.life
170273,fidelity.ca
170278,fast-boy.net
170393,fekmester.hu
170399,forces.gc.ca
170412,fia.com.br
170415,fscore.net
170448,folium.host
170449,fosteringsuccessmichigan.org
170457,focus-gesundheit.de
170486,flipanim.com
170532,favfamilyrecipes.com
170573,flashingjungle.com
170592,fusionzero.com
170613,fraport.com
170629,fdcp.co.jp
170645,finds.org.uk
170647,fde.sp.gov.br
170651,fordlibrarymuseum.gov
170675,fxmonitor.online
170687,furryraccoon.net
170695,fx.net.nz
170728,friedrich-verlag.de
170737,freshersworld.com
170776,factroom.ru
170802,foot-direct.com
170805,fickverein.com
170819,fafsa.gov
170862,fujiokadistribuidor.com.br
170879,findit.fi
170882,fietz-medien-dns.de
170960,fastxdns.com
170997,frosmo.com
171036,ff.md
171044,firda.no
171058,friulioggi.it
171078,founderz.com
171108,fclouddns.net
171110,flowfact-webparts.net
171132,freebetcasino.org
171180,fastcablenet.com
171183,founders-blog.online
171218,freshthyme.com
171219,flightroutes.com
171269,fujifilm.eu
171272,filmindependent.org
171357,flxn1.com
171376,fcappservices.in
171439,fixmyspeakercleaner.net
171447,fishbase.org.au
171449,fobos.pl.ua
171452,findyourfate.com
171471,feniksscasinoonline.lv
171477,frgs.me
171481,freshsales.io
171483,franklyinc.net
171501,fejowor.com
171542,forumfree.net
171546,forward-site.com
171547,funnelflux.pro
171548,firebirdsrestaurants.com
171555,finway.de
171557,fdc.org.br
171566,facebook.pl
171601,fans-here.com
171665,fairlife.com
171725,fxga.shop
171752,foodtimeline.org
171805,fotokto.ru
171826,farrishsubaru.com
171832,ffn.de
171848,floify.com
171866,fact18.com
171878,fromtherestaurant.com
171884,flirttendre.com
171886,fdm.dk
171904,fayettevillefurnituregallery.com
171912,foxglove.dev
171920,fantasysp.com
171922,freepornfaps.com
171942,favy.jp
171961,fctokyo.co.jp
172002,foodb.ca
172009,freesion.com
172061,freeup.app
172068,farflung-permission.com
172086,flexnetwork.fr
172136,fox-net.ru
172161,frameweb.com
172180,flixtrain.de
172193,ffmo.ru
172201,fluidra.com
172219,folkatlas.net
172245,fragrantica.gr
172260,fultonhistory.com
172263,forestnet.pro
172275,fortunebuilders.com
172282,fiorentinanews.com
172355,flashnetbrasil.com.br
172434,fileviewpro.com
172450,freevar.com
172503,fuorisalone.it
172523,freethought-dns.net
172542,footem.co.in
172575,fireflythemes.com
172594,fh-reutlingen.de
172604,factory54.co.il
172607,fridaycharm.com
172641,fundnagames.com
172702,fedweek.com
172708,freebase.com
172792,freelogodesign.org
172793,fsyzxyhxcx.com
172844,filester.si
172889,foronum.com
173079,freshmarketer.eu
173081,fahrplan.guru
173104,fotbalunas.cz
173170,fractalweb.com
173213,f1-world.ru
173217,feuvert.es
173247,freecreditreport.com
173270,forbesafrica.com
173277,flick.social
173280,fastmail.fm
173294,ftpbd.net
173330,fanp.me
173337,fanlyfun.com
173361,footmarseille.com
173383,feriepartner.de
173391,flowhunt.io
173394,fanuc.co.jp
173399,fulafia.edu.ng
173401,familienausflug.info
173409,fischer.com.br
173465,f1autocentres.co.uk
173504,formalwearoutlet.com
173551,fnhk.cz
173553,falukuriren.se
173601,freerutor.com
173653,falafelhouse.gr
173708,fitnesslove.net
173713,franklincountyauditor.com
173779,footway.com
173878,fotolia.de
173897,free-xxx-free.com
173916,filmpro.ru
173917,fairlandiot.com
173921,fhpl.net
173936,felihkatubbe.com
173939,flabelus.com
173953,fennen.sbs
173966,fightthenewdrug.org
174043,flygresor.se
174048,furpipi.net
174061,film.org.pl
174084,formative.com
174145,filedn.com
174155,fullinfonest.com
174166,fls2o2s.com
174193,f2o29nk.com
174270,finanzmarktwelt.de
174274,fxxz.com
174446,fyxy.org.cn
174465,fbfs.com
174482,ferramenta-utensili.com
174524,forvismazars.us
174529,finalroundai.com
174573,fder.edu.uy
174632,firstcallonline.com
174635,familydogs.cz
174647,free-telegram.link
174715,famei.net
174737,foodandtravel.com
174762,futuresimple.com
174820,fitfreak.net
174873,fibs.it
174894,fanpagekarma.com
174901,faberindia.com
174910,forcefulstamina.com
174928,flaglerlive.com
174929,funny-lists.com
174930,fhitrgstestswf8.com
174976,factually.co
175009,ferrariworldabudhabi.com
175010,fatsecret.co.uk
175016,feidiyi.com
175028,fs24.lol
175114,foodora.no
175118,freemacsoft.net
175120,fxlinks.rest
175145,freedoniagroup.com
175210,familyfriendpoems.com
175212,famety.net
175234,fancymenu.net
175303,flyertrip.com
175325,fakespot.com
175334,farmaciacanadiana.ro
175391,feber.se
175393,foodprocessing.com
175430,fbox360.com
175437,frontendmentor.io
175445,findatwiki.com
175527,funkygame.io
175550,findssnet.io
175566,fortunewheelz.com
175596,fullxhosting.cl
175630,fun.tv
175634,fullpornvideos.com
175644,fotw.info
175671,feedpress.it
175676,forumtogether.org
175733,focus.bi
175740,fabrikon.ru
175796,fptindustrial.com
175801,ffcam.fr
175822,finestore.ro
175841,first-avenue.com
175843,fintechbase.icu
175845,fs-host.net
175850,freebinchecker.com
175894,feliway.com
175895,fanatics.co.uk
175915,fox56news.com
175949,fallenlondon.com
175954,foneyam.co.za
176016,feuerwehr-florstadt.de
176102,foxchase.org
176145,f-solutions.fi
176152,fmlogistic.com
176165,fortunly.com
176168,forbes.ro
176180,federica.eu
176183,freeoz.org
176184,followerwonk.com
176193,faxback.com
176194,fmmu.edu.cn
176220,fonepay.com
176230,frax.com
176249,fabrik.fm
176312,firerescuetruck.com
176318,forest.co.jp
176319,futurvia.net
176354,fluxtech.ai
176356,fortcollins.gov
176367,fdcommercialitalia.com
176384,foi.se
176416,freemathpracticetest.com
176553,forceline.net
176569,fastshopbot.my
176576,ffzg.hr
176592,filmbooster.com
176601,femxdom.blog
176619,freshportal.delivery
176668,fluidconfigure.com
176669,ffrontier.com
176704,fakemailgenerator.com
176734,fibhaber.com
176797,farmingsimulator22mods.com
176816,fogcreek.com
176837,fm-cloud.com
176842,facelessreels.com
176903,fam-ad.com
176944,front.ru
176952,fiberlink.com
176966,financialfootball.com
176977,findfastercenter.com
176981,fanficlets.xyz
177028,france-attelage.com
177092,foodora.hu
177098,filterbuy.com
177107,fastdot.com
177118,famisanar.com.co
177141,fmlabsonline.com
177215,frostnyc.com
177290,ft-crypto.ru
177340,frazionabile.com
177454,fit-iot.com
177483,flashexpress.ph
177546,f2rjet.com
177578,filestore.to
177627,formula.hu
177723,feyenoord.nl
177735,filmifen.com
177763,flymee.jp
177810,fjcdn.com
177836,factlink.net
177868,foodiesinheels.com
177904,foresightsports.com
177930,fireboltt.com
177944,fourtiz.com
177980,fairpoint.net
178021,foresight.org
178022,folaplay.com
178043,frenchlick.com
178063,fininfo.hr
178066,feltrinellieditore.it
178069,fromsoftware.jp
178083,faces.run
178090,fitnessfirst.de
178198,filecamp.com
178302,freegamia.com
178317,fibank.bg
178352,fapomania.com
178409,flybirdgames.com
178435,falcom.co.jp
178451,foot8all.ir
178509,fsc.gov.tw
178550,free-socialbookmarking.com
178635,fpg.com.tw
178640,flemmix.cafe
178641,fumbbl.com
178651,fontmeyou.com
178677,fsdatans.net
178685,fresh.casino
178719,feedbucket.app
178775,forcia.com
178784,flavii.de
178788,feedbooks.net
178815,funradio.sk
178819,freshpet.com
178821,filmyquotes.com
178838,fu49vvj40.com
178879,farmershomefurniture.com
178933,flextv.cc
178939,freecash.ai
178958,far.net
179026,fast1984.io
179028,findresultsquick.com
179031,fitinline.com
179043,fltplan.com
179055,flipdish.com
179106,fable.com
179142,fclm.news
179172,footshop.cz
179192,felt.com
179241,fitinpart.sg
179249,fskees.ru
179260,fireworks.com
179275,funexpress.com
179278,fahertybrand.com
179281,fuckxxxvideos.pro
179288,floathosting.com
179308,foalsbeststart.com
179344,foreignaffairs.org
179345,fiscal-focus.it
179362,fosna-folket.no
179417,free-apply.com
179441,frenchcreoles.com
179460,feel22.com
179466,fiyonk.net
179508,fingrid.fi
179521,futuris-print.ru
179536,feratel.co.at
179548,fastproxy.app
179639,finanzanalyse.dvag
179652,flowhub.com
179679,futbollibretv.net.pe
179747,ffbb.com
179788,fashionweekonline.com
179865,futuretimeline.net
179867,furlenco.com
179868,farmville3.com
179880,fauna-flora.org
179881,flandersinvestmentandtrade.com
179920,fer.es
179959,footballkhabar.com
179964,facilisimo.com
179993,fozhldaoxs.cc
180120,fxopen.com
180175,fengj.com
180194,fwick7ets.xyz
180210,familiesusa.org
180249,freertos.org
180279,firehol.org
180285,fresenius.com
180287,fragrantica.ua
180316,federate365.com
180357,footstar.org
180361,flight.com.gr
180364,ftgsgd.com
180376,feduf.it
180383,ford.pl
180386,finombudsman.ru
180526,frhsmart.com
180585,frostscience.org
180611,fndlext.net
180621,fwaugusta.com
180631,fl511.com
180653,flashphoner.com
180705,forskning.se
180732,ftnode369.com
180750,flashhub.net
180753,friesian.com
180757,fffcdn.com
180848,football-fun-live.com
180860,flypdfviewpdf.com
180895,fearthesword.com
180970,frankiesbikinis.com
180994,freshwatersystems.com
181007,felder-group.com
181024,fonepaw.com
181079,finloop.solutions
181095,fullvideos.xxx
181110,fxhqjzinf.com
181117,futebolnatv.com.br
181174,fysiomanager.nl
181235,fashiola.de
181238,finovate.com
181253,flowershopnetwork.com
181288,fenbi.com
181311,firstmerchants.com
181321,floward.io
181328,f2.net
181374,fatboy.com
181379,fivb.org
181428,flatcar-linux.net
181447,fashionpass.com
181449,fowdwebs.com
181450,fondsfinanz.de
181461,frequency.com
181519,flyjinnah.com
181526,fbxos.fr
181547,fulleroticmovies.net
181548,fsnsys.com
181654,faculdadelibano.edu.br
181673,flightcircle.com
181722,fitfortravel.nhs.uk
181725,flagpedia.net
181734,faunaclassifieds.com
181735,felixforus.ca
181764,flymon.net
181767,flyflv.com
181770,fruux.com
181817,fmmvibe.com
181833,fugu-it.com
181834,ff4j.org
181855,ffastdomain-eu.com
181871,felicitysolar.com
181912,fast1dns.com
181966,fastmailcdn.com
181970,fortunesoo.com
182010,falling-walls.com
182012,flirtic.com
182013,flixbus.pt
182048,flotcharts.org
182104,fintechnews.sg
182109,fctv33hd.mom
182172,fistinghot.com
182188,faceitanalyser.com
182190,flythemes.net
182202,forumcinemas.lt
182206,fibi.co.il
182274,financeply.com
182293,fitness-singles.com
182330,flixboss.com
182357,firewebsitehosting.com
182361,futurex.com
182403,falcon-sandbox.com
182422,fusemail.net
182430,frusano.com
182432,fantasygrounds.com
182462,freightcom.com
182466,flat-six.net
182484,festivalconecta2.com
182509,fireberry.com
182523,frederiqueconstant.com
182575,fionapremium.com
182643,fhv.at
182655,fila7lam.com
182727,focuscamera.com
182728,fsai.ie
182744,fantasiasmiguel.com
182780,fellowfavorite.com
182789,floridatrend.com
182798,firezone.dev
182803,fleecysgame.com
182878,fast-torrent.ru
182954,freecharge.in
182971,fishingclub.ir
182979,footageoftheworld.com
182988,footyaccumulators.com
183013,flgame.net
183015,franchisetimes.com
183042,funph.top
183050,fasthostingdirect.com
183077,flavouredjuicycontent.com
183093,filmx.cyou
183118,familio.org
183265,famosasnuas.net
183292,fireplacesandstove.com
183342,fhstp.ac.at
183401,filmsgood.ru
183427,frprf.ru
183432,farmaimpex.ru
183454,fxsound.com
183461,fastcontent.store
183476,futbollibre.mx
183519,fugi.tech
183585,furryfemboy.gay
183643,fureai-cloud.jp
183649,fmr.com
183749,financialtrans.com
183753,fh-bielefeld.de
183789,fosstorrents.com
183804,fingerlakespropertyrentals.com
183816,freeconference.com
183911,fox56.com
183957,farrant.me
183960,fjordnorway.com
183980,fact-project.org
184009,fibextelecom.net
184061,fs22.com
184073,finalrewind.org
184081,fsi.co.jp
184094,faceforwardaesthetics.com
184191,faraone.shop
184193,francetelecom.fr
184194,fullhdfilmizle.mom
184215,fotoscaiunanet.com
184225,fill.ee
184229,fasterskier.com
184232,fr.edu.vn
184244,fablecdn.net
184251,fedaia.org
184252,f9p0blhu2vw6rkwo.com
184272,fluctuation.online
184310,fanwenlai.com
184397,factor.ua
184399,flibustier.top
184425,finisterre.com
184433,fluter.de
184463,farmpartner-tec.com
184495,fn.de
184504,fritchy.com
184519,fjtv.net
184525,fckrasnodar.ru
184586,flyntlok.com
184591,fishersci.ca
184625,fastcdnnet.com
184631,finchannel.com
184632,fooyoh.com
184658,fin-tech.com
184683,filmmusicreporter.com
184692,freestreams-live1d.pk
184716,freewarefiles.com
184717,footlocker.com.au
184731,fmisrael.com
184735,fragrancebuy.ca
184757,flechabus.com.ar
184779,fabasoft.com
184800,forumfree.org
184818,foundersc.com
184821,ftvpartnercontent.com
184834,fcb.com
184840,filemaru.com
184846,fellrunner.org.uk
184848,fussballoesterreich.at
184855,fformation.net
184933,fip.org
184968,freeindex.co.uk
185054,flexispot.de
185087,fatallisto.com
185154,federatedlink.com
185181,flossmanuals.net
185192,facturaelectronica.cr
185194,flexiloans.com
185254,fjcailai.com
185255,foldnfly.com
185290,foratelecom.ru
185313,fz.se
185324,funfile.org
185330,five88.ski
185348,fatchip.de
185350,flaticons.net
185359,find.com.tr
185360,fifhm.com
185361,foto-erhardt.de
185406,finanz.ru
185419,freecaseevals.com
185451,forestry-suppliers.com
185452,fgehen69.com
185481,falconcastapp.org
185482,ft.games
185514,f-o-g.eu
185529,findyourlocalflirt.com
185573,funzcity.com
185616,foony.com
185632,fybrg.in
185635,filestage.io
185666,flavorvoyage.net
185718,fiscalia.gob.ec
185730,feedroll.com
185746,fastmoneyevnfc.com
185769,flow.team
185802,fuuuuuck.com
185810,forest.go.kr
185819,freepixel.com
185920,force-user-content.com
185925,fwd.us
185931,farmsextube.net
185933,fachschaften.org
185975,fragfinn.de
185984,feedbackify.com
185986,fremdgehen69.online
186016,fg777.ph
186132,fenixconcursosmilitares.com.br
186133,fgm04.com
186134,filimo.school
186135,findis.fr
186136,firmoo.it
186137,flexi.com.mx
186138,frecuento.com
186139,freundferreteria.com
186319,friesland.nl
186344,feishu.net
186346,ftc-i.net
186374,formonline.co.in
186377,findstack.com
186434,flixxy.com
186445,from-ua.org
186455,fmc.gov
186470,freelancermap.de
186492,funeralguide.co.uk
186518,firstmall.kr
186558,favninja.com
186576,fijitimes.com.fj
186637,fstlts.com
186641,fjjcled.com
186723,filati.cc
186760,flightsafety.com
186889,f999game.com
186890,fangwin88.work
186891,fantasitoto-pro.xyz
186892,ferraritotob.online
186893,fiatogel91.com
186894,filmtvapp.in
186895,filmyfly.lat
186896,filmyzilla39.net.in
186897,formapply.in
186898,freeskill.online
186899,friendshipdares.com
186900,fsiblog.tube
186901,fufuslot-zeus.icu
186902,futvcr.com
187154,findhelp.com
187211,fwrdassets.com
187230,fro.at
187293,facciabuco.com
187297,freebiealerts.app
187306,f2x.nl
187330,filmy.gr
187373,five88.my
187386,fullamoda.com
187395,fmgente.com.uy
187411,farmaciediturno.org
187445,forgeverged.com
187519,forumreelz.com
187574,fleischmann.de
187582,feds.com.tw
187600,flumotion.net
187602,fuzenet.net.au
187641,foam.org
187652,frozemart.com
187658,fujidreamairlines.com
187668,freefans.tv
187678,fellspointsurf.com
187683,fglife.com
187687,ftp.pet
187708,foundit.com.ph
187718,flagshiphost.co.uk
187777,fujielectric.com
187783,funbox.com.tw
187858,fyoption.cn
187859,findingdulcinea.com
187895,funbookmarking.com
187899,finveo.world
187902,frontale.co.jp
187909,fontello.com
187975,fictiv.com
187980,freenodeposit-spins.com
187993,fpt.ai
188026,flickfocus.com
188059,furukawaelectric.com
188061,forced.love
188093,films.bz
188137,farsinama.com
188193,farcaleniom.com
188200,forumice.com
188202,fantastiuka.ru
188273,farmskins.com
188308,fumamx.com
188386,finveneto.org
188405,flashscore.com.my
188416,feriavalencia.com
188429,fauxid.com
188431,fluther.com
188451,freeyourmusic.com
188505,fjszx.org
188546,fitle.com
188551,featherscart.com
188571,fixthenet.net
188584,foodgawker.com
188608,fleetgomi.cfd
188628,florahealth.com
188631,foeeurope.org
188641,freelistingindia.in
188675,festivaldellealpi.it
188682,fox44news.com
188757,fxall.com
188758,fbmse.ru
188811,fluidstream.it
188816,flvcdn.jp
188861,faegredrinker.com
188871,formacioncarpediem.com
188883,fc2.net
188925,fdsk.co
188932,foom.id
188962,fastbase.com
188979,fara.gov
188981,fishstrap.app
188984,freelogoservices.com
188988,feelcycle.com
189005,fptplay53.net
189006,farmland.org
189051,farmaciasiman.com
189071,factpedia.org
189091,fluency.net.uk
189211,fiio.com
189221,fortnite-api.com
189265,fundamentus.com.br
189268,fruitelegant.com
189277,franchisedirect.com
189284,fineartcanvas.com
189357,funshinhan.com
189465,fdm.pl
189466,findafishingboat.com
189573,freefire-name.com
189581,fireeyegov.com
189603,fractioncalculator.pro
189610,fightersgeneration.com
189622,finalsurge.com
189626,floracing.com
189653,fluentd.org
189706,forwardpartners.com
189712,futbolparatodos.su
189721,fcso.com
189722,freeok.cn
189727,funplus.net
189778,filliboya.com
189803,fakazadeep.com
189807,formatconnection.icu
189847,fif.tech
189855,find-open.co.uk
189863,firstdigital.com
189944,flatimes.com
189957,foreman.mn
189960,flexboxfroggy.com
189972,fcx.com
190014,fischdeal.de
190053,finacademy.cloud
190104,farmaciaguacci.it
190141,fanatics.live
190188,fm41d5-resources.com
190200,freshful.ro
190257,frettchen4you.de
190288,forzadelivery.com
190320,ftbucket.info
190328,foxconcept.be
190394,fesmu.ru
190409,fundayshop.com
190487,fig.net
190518,flowbird.io
190551,funaisoken.co.jp
190571,forschung-und-lehre.de
190580,fire-directory.com
190599,funer24.com
190617,finasee.jp
190687,fergusson.edu
190701,fcglcdn.com
190720,filmitalia.org
190810,firmarehberim.com
190842,fastdl.zip
190853,futuretools.io
190880,fsuniverse.net
190890,famila.it
190896,freecampsites.net
190904,fitnes-mitino.ru
190955,f96.bet
190975,freebiesbug.com
190978,frntroy.org
190983,fmglobal.com
190985,fmlogistic.ru
190996,fixpart.fr
190997,findmydepartment56.com
191002,fumann.com
191096,freejavporn.mobi
191137,formcrafts.com
191144,fascicolosanitario.gov.it
191183,fashionhomefurnitureny.com
191216,forumketoan.com
191218,fortytools.com
191230,ftashark.com
191275,fyxstream.cc
191283,fdgontyeh.cc
191295,federalpremium.com
191312,fotoskoda.cz
191343,faxro.com
191346,firetree.net
191354,fltimes.com
191384,farafin.de
191430,frndlytv.com
191471,fouita.com
191479,fundaciononce.es
191490,furu1.net
191503,fundraisingbox.com
191538,forestadmin.com
191547,fireden.net
191562,ferrovie.it
191612,freze.it
191635,fox21online.com
191724,funfairtycoon.com
191773,ffvl.fr
191787,freeporn-bunch.com
191832,fakedriver.net
191846,francuskieperfumy.pl
191881,ffv202d.top
191922,fieldprint.com
191928,fews.net
191936,firsthand.ai
191948,futscore.com
191999,faena.com
192007,flirtynlocal.com
192009,furryjomi.xyz
192016,franceguide.com
192035,forit.ro
192054,friends-connected.com
192111,filmtoro.cz
192145,frontierstore.net
192146,filmix.ac
192179,footyfair.com
192283,frommyarti.com
192297,feedbin.com
192313,fapsclub.com
192327,funsol.cloud
192337,fen-shao.com
192352,fydeos.io
192368,floatplane.com
192396,fulipr.com
192406,fenixzone.com
192407,finbro.ph
192408,firmoo.com.mx
192409,freemeteo.com.ar
192467,fingexo.com
192493,favoriteshoes.us
192506,fruitchat.co.uk
192516,ftw.jp
192518,foldsofhonor.org
192521,fxpro-cdn.cloud
192616,fmt69.com
192621,fgo.ro
192645,formmagazine.com
192650,fonant.com
192661,fivemturk.net
192670,feitsui.com
192687,formaideale.rs
192698,fmsite.net
192703,findartinfo.com
192756,freelancermap.com
192799,falschgeldkaufenonline.com
192854,fiskejournalen.se
192873,flownative.cloud
192911,felinediabetes.com
192941,fdbl-int.com
193001,fi2.site
193012,fr-gt-01.com
193033,forward-it.ru
193068,feip.co
193092,funpic.hu
193098,forkast.news
193127,fspdns.com
193128,felix.net
193145,fedrepsol.com
193167,fgs.org.tw
193183,furniturelanddist.com
193285,frontiercoop.com
193295,fiscal.ai
193313,folio3.com
193318,five9.eu
193322,fytoo.com
193330,floatingislandapps.com
193349,farmaciasknop.com
193372,financialcenter.com
193380,ffffound.com
193382,flicksmore.com
193410,fs21.lol
193456,filer.net
193477,finance-calculator.co.uk
193479,forumieren.de
193552,freepublicity.com
193587,fairplay1.club
193649,fox-it.com
193651,forum-telecom.ru
193686,fabrics.cl
193687,fcjav.com
193712,forestlakescommunitylibrary.org
193715,fathosting.co.uk
193764,flowsnoggle.com
193790,fiftyflowers.com
193822,foresters.com
193832,filecloud.com
193834,fcfcoa.gov.au
193843,f3556fm3o524m9.com
193849,fonq.nl
193853,freevpnopen.com
193862,fabrykaproduktu.pl
193917,fjasonphoto.com
193920,fj-sb.com
193962,fibretechbc.ca
193999,femtasy.com
194007,funity.jp
194008,forumdaily.com
194024,fapdiner.com
194035,formulare-bfinv.de
194053,foundationinc.co
194088,fpcgilcagliari.it
194111,ffl-itelis.fr
194201,foolabs.com
194276,forgottenbooks.com
194382,freeporn-faps.com
194421,fcaudit.ru
194424,functionize.com
194505,flowbite.com
194545,fsca.co.za
194547,frontpageafricaonline.com
194551,farmae.it
194564,furgovw.org
194629,federalreserve.org
194657,filetransit.com
194677,furniturebysleepquarters.com
194692,freemus.net
194764,fistspewtery.shop
194803,forestryforum.com
194821,fvw.de
194829,fakazon.com
194854,fxbaogao.com
194866,fastdownloadersavevideo.com
194881,familyds.net
194888,fillaritori.com
194900,fly8899.com
194932,fitch.group
194998,fanfare-shop.com
194999,fxfx11.com
195011,fara-download.ir
195012,fishing-you.com
195013,fynor.me
195029,flexysound.co.za
195056,farvista.net
195062,faltynek.org
195157,feedme.cc
195190,forwp.com
195192,flirtingneighbors.com
195200,forestresearch.gov.uk
195225,feminisminindia.com
195273,fuckundies.com
195313,fkinternal.com
195316,falmouthpacket.co.uk
195324,footballticketnet.com
195334,federalnewsradio.com
195352,fidgik.ru
195379,fetchpet.com
195384,fadelink.cc
195400,f3n.de
195402,fcb.ch
195507,famille.ne.jp
195523,firstrow1.xyz
195530,fzengine.com
195541,farmaciaforyou.com
195555,firstwefeast.com
195570,fjk.wtf
195586,fortuneye.com
195653,fireflyreservations.com
195685,fisthost.com
195703,fisheries.org
195715,fscore.org.uk
195728,fxtop.com
195783,franzkraler.com
195804,ffsmoc.com
195860,flyvi.io
195875,fondation-catalyses.fr
195882,forte.net
195912,fastadsonline.com
195929,flowwer.de
195952,filebaseprotector.com
195990,forumodua.com
195996,flour.cloud
196048,flightright.de
196056,fastspinpromotion.com
196114,flexmail.eu
196125,filippo.pl
196141,findit.com
196145,fulcrum.org
196146,frasergroup.org
196150,fivenetwork.com
196168,fanq.net
196209,fazwaz.fr
196220,fermliving.com
196231,freixenet.com
196257,freebookmarkstore.win
196258,findmassleads.com
196273,frag-einen-anwalt.de
196283,frtservers.com
196288,fhb.com
196295,fireball.de
196301,fastloto-casino.com
196302,fxconvert.net
196324,farmaciajimenez.com
196338,fitgirlrepacks.org
196357,friser.pl
196381,firstinterstatebank.com
196429,finder.work
196456,filmi2k.com
196473,fileditchfiles.me
196483,flatuicolors.com
196502,fck.dk
196523,fastput.net
196526,fastlink.net
196545,followthemoney.org
196550,filedn.eu
196561,farmatodo.com
196624,futa.edu.ng
196642,futurefast.ru
196659,fact24.com
196668,frontedge.net
196711,fightdynasty.com
196720,free-litecoin.com
196749,futaihulian.com
196752,forosdeelectronica.com
196753,free.it
196764,fgjsgjss.com
196777,fermer.ru
196778,flexerasoftware.com
196793,fapellas.com
196855,fanucamerica.com
196856,factorydirectcraft.com
196897,f08.ai
196923,fkinw.com
196957,fjyinfeng.com
197012,freedownloadcenter.com
197067,finheaven.com
197077,filmpire.sc
197140,fancy-letters.com
197149,free.bg
197179,fluevog.com
197186,famoco.com
197197,flat35.com
197208,fiyo.at
197210,fuckjpg.com
197212,ferata.hr
197230,francescocirillo.com
197243,foodnavigator-asia.com
197250,forward.lc
197253,flowercomics.jp
197275,fujikyu.co.jp
197306,futbalsfz.sk
197323,fluxgate.blog
197373,fmscg.com
197386,fileforums.com
197397,fastdnsservers.com
197428,fashionbiz.co.kr
197468,freshenupapp.com
197558,fitcrazehub.com
197562,fightingirish.com
197568,factorial.es
197607,facilo.jp
197634,fie.org
197667,franpos.com
197670,fgoskomplekt.ru
197677,firefirstcu.org
197706,favorit-parts.ru
197758,frequence-turf.fr
197781,feng.com
197831,flashusdtsoftware.co
197910,futbolcentroamerica.com
197924,funliday.com
198001,fuckvideos.xxx
198041,feiertage-anlaesse.de
198043,fhem.de
198062,firstgroup.com
198098,fredericks.com
198135,facilnet.es
198174,familiabim.com.br
198220,ft.org.ua
198268,f150gen14.com
198281,freebackgroundchecks.com
198298,faoschwarz.com
198301,filipinaloves.com
198312,formulasearchengine.com
198315,futdecampo.com
198341,fz.fj.cn
198407,finabase.io
198410,feedback.org
198421,facmedicine.com
198431,firstnationalcc.com
198464,ftm.eu
198478,footballfixedmatches.net
198481,fixando.co.uk
198491,fcgo.gov.np
198541,filebogo.com
198586,farfor.pw
198651,fast-ask.com
198660,fullpath.com
198729,fr-betting.com
198830,franciscanmychart.org
198845,fintarget.ru
198887,fetchtv.com.au
198914,findandloc.com
198922,freenews.fr
198937,factretriever.com
198964,franklinwh.com
198994,fairwear.org
198999,forsite.ru
199012,fohringer.at
199013,fastexte.pro
199015,famylocate.app
199094,fdownload.app
199098,fmsinaps.net
199145,fastcccam.pw
199194,fotomoto.com
199200,facbook.com
199209,foodspotting.com
199232,frf.ro
199245,fs19.net
199250,finefittings.com
199254,flyroll.ru
199288,fairtiq.com
199356,firmguard.com
199363,freeeth.in
199373,framapad.org
199419,flaquarium.org
199433,ferie-lago-maggiore.ch
199463,freecomicbookday.com
199466,filmyzilla45.in
199467,fimled.com
199468,foldoc.org
199474,fastroptimize.io
199512,finbridge.ru
199542,fishbase.de
199559,filesonic.com
199563,fishing-tackle.net
199601,foolproofliving.com
199606,fqtag.com
199630,floranorthamerica.org
199647,frankfurt-tourismus.de
199663,flemmix.city
199878,f601111.com
199879,f602222.com
199880,f604444.com
199881,f608888.com
199882,farmadon.com.ve
199883,farmerstore88.com
199884,fatwaqa.com
199885,favino.ir
199886,fayupedia.id
199887,fhfi38.com
199888,filmapik.fitness
199889,fiscales.gob.ar
199890,fixderma.com
199891,fliptru.com.br
199892,freebch.in
199893,freebnb.in
199894,freexrp.in
199895,furorjeans.com
199896,futakuro.com
199897,fwcms.com.my
199898,fxshu.top
200301,foodpolitics.com
200304,fin.cz
200314,finevid.link
200350,fltrp.com
200393,fndk.top
200417,featherless.ai
200556,freepornpeep.com
200561,flashvalet.com
200573,fpacompeticoes.pt
200582,ftyrqg.com
200583,fanqiesdkpic.com
200594,fgo.wiki
200629,fannet.ru
200630,foothill.edu
200632,fymedu.online
200654,familyhistoryhosting.com
200672,fulbrightscholars.org
200673,fooddelive.ru
200685,footballgroundmap.com
200708,fishwc.com
200710,firsteap.com
200724,f1cache.com
200821,fanpla.jp
200910,finanzasdigital.com
200927,futureschool.com
200956,fallenlondon.wiki
201009,freemanco.com
201122,fakehub.com
201162,feiertagskalender.ch
201185,flixbus.in
201186,farma-web.it
201204,freifunk-franken.de
201213,fc-server.net
201219,fjserv.net
201241,faber-castell.net
201268,fredhopperservices.com
201296,forum-tvs.ru
201363,fastbill.com
201446,fmo.de
201453,faust.net.ua
201457,findmycollege.com
201460,festicket.com
201494,folhadosulonline.com.br
201495,fundedsquad.com
201545,filosofia.org
201547,fraud.org
201598,fpschallenge.eu
201618,foodmatters.com
201627,frontierrealtors.com
201641,fixflo.com
201711,fastline.club
201718,fondsk.ru
201726,fleetinsight.com
201772,fib-sd.com
201786,founditgulf.com
201794,foodfaithfitness.com
202010,frontdepot.com
202028,f451.casino
202043,funkyfish.nl
202061,freetrade.io
202114,filmsintranslation.org
202154,filmek.hu
202161,fleira.no
202183,fgc.cat
202198,famous-trials.com
202213,finalemusic.com
202348,fastwin77shark.com
202352,flarum.org
202391,forumactif.fr
202409,fortunejack.com
202438,festivos.com.co
202444,freet.co.kr
202448,filmforum.org
202450,fuze.finance
202534,freeman.com
202536,flowergirldresses.com
202568,fkpboz.ru
202572,filemoon.to
202574,frozenara.com
202581,firstlink.net.np
202599,fhc1.net
202675,fightcancer.org
202691,fabfibernet.com
202725,finddomainresults.com
202777,favicon.io
202816,f3gj89r.com
202817,futur-logement.com
202873,fruiunp.qpon
202883,fireball.com
202935,flot.com
202948,flow.ch
203009,funmanga.com
203075,fulltv.com.ar
203082,framercanvas.com
203126,fiturbewokwin.com
203157,fvri.kz
203206,forum-info.ru
203228,fortunemusic.jp
203284,fekrazadeh.ir
203285,fiscaal-online.nl
203334,f98fh38f.com
203335,ferraratoday.it
203336,frisby.com.co
203337,fujiking.co
203372,flexsalary.com
203373,fomostore.in
203374,freetoncoin.in
203390,flets-w.com
203411,flaconi.pl
203432,flairhosting.co.uk
203524,forum-verlag.com
203576,flograppling.com
203626,freshbookmarking.com
203629,flatio.com
203743,fmod.com
203782,farline.net
203789,flashpoint.chat
203794,fyralabs.com
203818,freeridecup.com
203836,fundacionquimica.org.ar
203841,findtheneedle.co.uk
203864,flagle-game.com
203886,fyzical.com
203923,fetishporngang.com
203994,fundsxpress.com
203996,freshstartinfo.org
203997,folhadelondrina.com.br
204009,fei.com
204012,francealzheimer.org
204017,foxprn.com
204032,forbeschina.com
204052,fap.onl
204070,flowzz.com
204088,floretaspoors.cfd
204111,fisherlandia.it
204141,fetchnbuy.in
204165,foxcorporation.com
204181,francearchives.gouv.fr
204201,factura-acueducto.com.co
204220,freethought-dns.co.uk
204241,fullhousefurnitureusa.com
204270,f2ppch.cl
204288,fastcomet.com
204309,fb-tuning.de
204362,fashionette.de
204408,fivehearthome.com
204413,flyairseoul.com
204430,flightsimlabs.com
204451,froebel-gruppe.de
204543,f07lm03.com
204568,filekuki.com
204594,freespeech.org
204597,favbet.ua
204599,freescanonline.com
204606,foxsheets.com
204609,findbox.de
204616,fitdays.cn
204629,fylehq.com
204653,fieldx.io
204700,flinyun.com
204767,freedif.org
204786,f.com
204839,feedzai.com
204848,fremont.gov
204889,firassabbass.com
204934,floraqueen.com
204951,fastmui.com
205079,freesvg.org
205107,ferio.pro
205164,foothillsbroadband.com
205194,foxtube.net
205204,fy.gov.cn
205219,freesoftwaremagazine.com
205225,franyk.com
205230,fognetgapoatseadaymagqak.com
205232,foodprotection.org
205233,fanmugua.fun
205253,finnishsaunabuilders.com
205254,feevale.br
205270,firstdnserver.com
205399,flsouthern.edu
205452,finary.com
205474,fashiola.ae
205477,flatmatefinders.com.au
205529,firstbillsmd.com
205541,frstre.com
205554,freeshot.it
205567,frog.co
205577,fatfish.pl
205634,fancaiba.com
205675,firmenwebseiten.at
205721,firstrepublic.com
205750,foody.kz
205758,flemmix.team
205759,footballsigmabd.com
205777,freemeteo.hu
205813,feversave.com
205860,f2j6p.com
205872,factmed.com
205875,fixidle.com
205900,flitch-hw.com
205953,fucname.net
206027,forefrontdermatology.com
206056,fond.com
206061,faboba.com
206075,fifadelisi.net
206101,freedom.fr
206118,for-the.biz
206202,fednet.gov.ae
206203,ffgconnection.com
206204,ftshp.digital
206223,fuckwl.top
206237,fruitmedia.de
206238,freemaptools.com
206258,fufdu6.com
206307,facturasgas.com
206308,faridagupta.com
206336,freshsites.co.uk
206362,forum-avignon.org
206413,fh-nuernberg.de
206439,fznett.com
206498,futgenie.gg
206508,fahrlehrervergleich.ch
206515,forwomeninscience.com
206550,flm1as1o0.com
206614,fiso.co.uk
206631,foodpanda.tw
206650,freshpaint-proxy.com
206672,freelistingaustralia.com
206679,fuchsia.dev
206691,findcarez.com
206729,fccrt.it
206734,foozlive.co
206783,flyroyalbrunei.com
206794,forecast.io
206835,fmv.se
206885,faberlic.by
206924,five88.nl
206944,fotos-riachuelo.com.br
206987,freshshelf.ru
207003,fatly.net
207009,fastla5100.xyz
207042,filemoon.sx
207052,fedia.io
207062,fatsecret.com.au
207089,firstsource.com
207149,faleristika.info
207160,fahlawy.com
207188,fbajee42.com
207215,familie.pl
207249,functionstring.com
207260,filmyzilla41.com
207292,feel-kobe.jp
207325,fugogames.com
207329,findphoneclap.com
207331,france-sire.com
207336,funky802.com
207351,firmdalehotels.com
207390,fx-trend.info
207427,fincantieri.com
207434,freelines.ru
207446,funradio.fr
207452,fortunesphere.buzz
207453,freekoora4you.com
207522,fjellsport.no
207585,freenet.com.ua
207589,fasare.com
207590,free-thinking.ru
207601,ff.com
207616,fanamc.com
207623,fortnitedb.com
207624,foremedia.net
207647,freestufftimes.com
207664,fceo.ir
207682,fotmarkets.com
207710,financebuddha.com
207749,faneo.es
207780,focustown.app
207802,fishinhost.com
207810,fflxj.cn
207841,fsolver.com
207849,fashiola.ph
207870,freewebsubmission.com
207871,flyreagan.com
207876,futabasha.co.jp
207893,freeonlinesurveys.com
207915,fulltimereagent.com
207923,fatbeam.com
207949,fleetcomplete.com
208051,ffwd-it.nl
208075,fraudmetrix.cn
208167,fishpond.co.uk
208184,fiaformula2.com
208194,fastcleaa.link
208206,fccs.com.cn
208211,filmywaptubehd.info
208221,fourjoy.org
208259,fastfile.cc
208325,fespa.com
208399,frigate.video
208418,football2026.life
208430,freestufffinder.com
208435,futureshop.ca
208459,fastssdserver.com
208467,fallenash.com
208486,furious.com
208553,firecrown.com
208579,freetrump.in
208593,fedstart.com
208667,fei.edu.br
208696,fressnapf.com
208722,foodbegin.com
208729,fightmatrix.com
208735,facaicheliuhao.top
208791,forumancientcoins.com
208793,followala.cn
208826,fansuite.co
208928,footmad.top
208929,fsiblog.win
208974,f8betd.tv
208975,freeshib.in
209018,follow.sale
209052,firefiles.org
209053,flikta.com
209054,foodcloud.hk
209055,freeltc.online
209153,fastcars1.com
209172,fontchanger.net
209174,freenginx.org
209188,fcnantes.com
209220,fav10.net
209278,fsocietychain.com
209297,flip.uk
209333,freeform.com
209347,forum-wodociagi.pl
209349,frompo.com
209369,fslocal.org
209393,formez.it
209411,funx.nl
209422,fha.com
209470,funkyimg.com
209480,film.com
209513,fantasylabs.com
209544,familyvacationcritic.com
209549,flynet.pro
209563,f84jo3.com
209564,fashiongroup.com.mk
209565,fluchos.es
209675,feshmebel.com.ua
209685,footballrivals.shop
209719,foodpages.ca
209725,freex2line.online
209743,falconsecure.de
209754,fawrypayments.com
209904,focusgoldcard.com
209907,fmodpro.com
209955,foco.com
209968,fabfilter.com
209991,fluidvps.com
209992,fireandflower.com
210048,fort-monitor.ru
210103,findip.net
210133,fitness.com
210138,fastdailyinsights.com
210142,fenwick.com
210230,ffc.fr
210236,financialengines.com
210246,fiestas.net
210305,fayaboutique.com
210353,floapp.io
210371,fulltilt.com
210389,fox47news.com
210401,fourwindscasino.com
210427,fafa5918.com
210428,fendy188club.com
210475,f96.pro
210476,forelli.com.tr
210535,flopsy.ir
210601,fortunesoccer.com
210602,fulipay1.com
210667,fuckhdtube.com
210705,felixreda.eu
210737,fxcorporate.com
210750,fmreview.org
210753,frostbytedns.com
210822,ficinosociety.org
210832,funlover.ru
210891,freekora.com
210892,futemax.bible
210943,freedrivemovie.cfd
210952,flag-zakaz-spb.ru
210965,formspal.com
210973,free-weblink.com
211046,financredito.es
211093,flexiti.com
211138,filipinoxstories.com
211139,filmatic.online
211140,freemeteo.si
211141,fressnapf.hu
211142,futunatura.ro
211213,flgntlt.com
211249,forumtriumphchepassione.com
211280,flashfxp.com
211296,file-upload.com
211298,fcaministers.com
211314,fivestargroup.in
211321,fitness-superstore.co.uk
211365,foxroach.com
211370,fibersavvy.com
211381,freezone.co.uk
211383,funcam.vc
211394,frilivin.fr
211421,fin-olimp.ru
211439,fotoforensics.com
211494,futurecenterphysio.com
211520,fadu.edu.uy
211531,frhc.one
211537,fsc.go.jp
211580,featurespace.com
211581,filmskino.site
211592,funq.jp
211599,flxvpn.net
211645,flynode.ru
211737,fuckdonut.com
211742,filmyporno.tv
211750,flixbus.cl
211766,fusacq.com
211773,fullhdxxx.com
211816,footywire.com
211847,finnlines.com
211891,funcheap.com
211901,fazedastur.icu
211939,fortinos.ca
211962,fondationcartier.com
211972,freeautoclicker.com
211994,fifapes.monster
212080,fournisseurs-electricite.com
212097,fermob.com
212132,flatworldknowledge.com
212149,filelocations.com
212156,fp-mailing.ru
212281,fkcloud.in
212324,futminna.edu.ng
212352,favecrafts.com
212414,forwarderfastfinder.com
212425,finances.gov.ma
212434,fayoum.com
212435,firestonetire.com
212455,freywille.com
212471,foss21.org
212519,fendy188sepuh.com
212520,filmygalleryy1.lat
212521,filmyzilla.gifts
212522,findstylenow.now
212523,fu3uvuv893.com
212524,funbe644.com
212710,f3w6g5.com
212711,f8bete.tv
212712,fashionworld.co.za
212713,femascloud.com
212714,filingcarnivorousexclaim.com
212715,florashop.com.ua
212716,forcabarca.sk
212717,fullcarga-titan.com.ec
212718,furoku.info
212876,filmfobia.com
212893,fraud.net
212917,fanrecap.com
213021,fatec.sp.gov.br
213026,freebsdfoundation.org
213081,feniel.com
213104,fsource.io
213111,floridabuilding.org
213156,footballua.tv
213168,fullsource.com
213262,forvia.com
213293,flintrehab.com
213296,foodista.com
213312,finnpartners.com
213329,fblife.com
213332,fareway.com
213342,filmywap4u.in
213362,flyawaysimulation.com
213379,ftvgirls.com
213402,free-putlockers.com
213417,facazon.com
213501,fuqstick.com
213502,filemagic.com
213583,fediverse.observer
213608,freemilf.org
213651,feddit.it
213691,fedbar.org
213723,findthisbest.com
213729,femboyvpn.ru
213734,free-powerpoint-templates-design.com
213785,fermax.com
213857,fantasynamezone.com
213918,faizeislam.net
213926,freshwateraquatica.org
213943,fortaleza.ce.gov.br
213974,freeflyapparel.com
214031,fimgohost.com
214051,fugo.ai
214078,fiban.cloud
214113,fphcare.com
214114,fortcollinsbrewery.com
214125,flipperzero.one
214138,fancdn.net
214139,freesolitaire.com
214199,fuckbitcoin.xyz
214220,fun4friends.com
214437,fangwin88.center
214438,fastotox54.com
214439,fastwalk.shop
214440,fatafatkolkata.net
214441,felipkerts-days.shop
214442,fftotoc.com
214443,fiatogel72.com
214444,filme-c.com
214445,filmesdatv.com
214446,filmimiz.com
214447,filminigay.com
214448,filmkin.com
214449,filmmanya.com
214450,films-hd.com
214451,filmshi.com
214452,filmtc.com
214453,filmygallery2x.lol
214454,filmywap.bingo
214455,filmyzilla.domains
214456,filmzzo.com
214457,fipkarrt-mega-sale.shop
214458,flashspay.com
214459,footem.me
214460,ftiph.ph
214461,fullformsmarathi.in
214462,futbollibreoficial.pe
214463,futbollibrestream.pe
214464,futisporssi.fi
214465,fzpw2864.com
216544,f.net
216545,f2md.top
216546,f2mux.top
216547,f2my.top
216548,f6d2y1a1.com
216549,f8betj.wiki
216550,f8betx.show
216551,facemarshal.com
216552,faciltecnologia.com.br
216553,factplus.co.ao
216554,fairbro9.club
216555,fairplay.red
216556,fairplay247.game
216557,fairplay399.site
216558,fairplay4.com
216559,fairplay99.live
216560,fairplaypro.vip
216561,fakboi.tv
216562,faklum.com
216563,falabellatienda.com
216564,fall-vip.com
216565,famberzbuilt.in
216566,familiardecolombia.com
216567,familyshop.cl
216568,famsuptasks.com
216569,fancywin.plus
216570,fantazijos.lt
216571,fanteziierotice.ro
216572,farashaonline.pk
216573,farmaciasgaleno.com.gt
216574,farmaciasnuevosiglo.com
216575,farmasi-ma.ma
216576,farmatizate.com
216577,farsanime.ir
216578,faselplus.pw
216579,fashion-market.it
216580,fastbizportal.com
216581,fastish19.com
216582,fastlo.com
216583,fat168s.com
216584,fattbet.net
216585,faturaodemelisin.com
216586,fb001.cc
216587,fb88ego.com
216588,fb88on.com
216589,fbg-works-foru.cloud
216590,fbt431.com
216591,fdcsalesinfo.com
216592,fdgyh6w3h7.com
216593,fdm179.com
216594,feepayr.com
216595,feim9854.com
216596,feissarimokat.com
216597,femalechoice.pk
216598,fend-pay.com
216599,ferrero-sammelspass.de
216600,festofest.in
216601,feyorra.site
216602,feyorra.top
216603,ffbetaa.app
216604,fhm98.asia
216605,fiat.dz
216606,ficha.info
216607,fileman.co.kr
216608,fill.cr
216609,filmebro.com
216610,filmepornoroz.com
216611,filmycab.co
216612,filmyfantasy.com
216613,filmyfly.land
216614,filmygod12.org
216615,filohevis.com
216616,fin999.biz
216617,financave.com
216618,fineshape.fit
216619,fingame88b.com
216620,finhry.gov.in
216621,finwebify.com
216622,fireworld.digital
216623,first3.jp
216624,firstbet216.com
216625,firstinmath.in
216626,fisiozero.pt
216627,fiu758.com
216628,fixfit.it
216629,flashventes.com
216630,fleetvigil.in
216631,flerteperto.com.br
216632,flexdrift.dk
216633,flexihoki53.com
216634,flipix.in
216635,flirtczat.com
216636,flirtespanol.com
216637,flirtfinder.mobi
216638,flirticzech.com
216639,flirtpolski.com
216640,flirtzhoda.com
216641,flixmet.net
216642,floorofnumber69.com
216643,floranet.us
216644,flvto.lol
216645,foe349.com
216646,fokusges.com
216647,follarico.com
216648,followers-store.com
216649,followersindia.com
216650,fonctionpublique.gouv.ci
216651,fooding24.com
216652,foododisha.in
216653,foodregi.com
216654,footballarena.org
216655,forel.gr
216656,formal-message.com
216657,formudle.com
216658,formulastore.in.th
216659,foroazkenarock.com
216660,fortoxsecurity.com
216661,fortune-cure.com
216662,forumsmile.com.ua
216663,forwardtechs.com
216664,foryouselect.jp
216665,forzzagold.com
216666,fourmizzz.fr
216667,foxypanel.com
216668,fp2-siken.com
216669,fp789.net
216670,fpc.es
216671,fpronto.com
216672,fpsdistribution.co.uk
216673,framora.com.mx
216674,frankielenceriamayorista.com
216675,frctup.com
216676,free-anatomy-quiz.com
216677,freebingo.ca
216678,freebiodatamaker.com
216679,freefireadvanceserver.in
216680,freethread.net
216681,frekwencja.edu.pl
216682,fridayparentportal.com
216683,friends.ge
216684,frnd.app
216685,fsave.net
216686,fsi-blog.in
216687,fty7f9f9.com
216688,fu-kakumei.com
216689,fuelone.in
216690,fuelpass.gov.lk
216691,fujisat.cm
216692,fukuriku.com
216693,fullpokko.com
216694,funbattle.in
216695,funeco.jp
216696,funerariaoyarbide.com
216697,funnystips.com
216698,funtest.net
216699,furiadetitas.net
216700,furumado.jp
216701,futbollibre-tv.com
216702,futbollufo.com
216703,fuzeforgecloud.pe
216704,fuzulev.com
216705,fycargo.com
216706,fycdtpe.org
216707,fylladiomat.gr
216708,fylliana.gr
216709,fynkus.com
216710,fyo983.com
220067,fs1inc.com
220084,fedsumologic.com
220102,flhouse.gov
220106,fondazioneifel.it
220143,fortune-pad.live
220144,fifteenspatulas.com
220183,fantasylife.com
220192,freecommander.eu
220198,fls.com
220248,foxiz.io
220265,fantbox.net
220274,formulabot.com
220308,favi.co.uk
220345,formitable.com
220346,fast-flow.org
220402,flog.pl
220448,frankandeileen.com
220480,fuelrats.com
220521,fujifilm.jp
220522,fibernetics.ca
220551,familyhomeplans.com
220572,fotostulens.be
220599,fwd.com.ph
220627,fdr.com.br
220665,flowkey.com
220698,fetishburg.com
220761,fancapitalize.com
220788,fieldandmoor.co.uk
220804,fullstar10.com
220835,foto.gd
220840,felco.com
220841,fordonssok.se
220849,fossilera.com
220927,faina.ir
220936,fenecon.de
220964,fibr.shop
220997,fproxy.site
220999,feishe.club
221001,forteinvest.ch
221002,fair-wiki.win
221055,fasttrackcomm.net
221147,fh-xy.net
221158,fss40.ru
221168,findcourses.co.uk
221184,findipv6.com
221186,fordoemmarkdown.com
221191,fastad.pro
221238,favordelivery.com
221256,frugalfiestas.com
221257,freelancer.cz
221260,fourtheye.net
221315,farmjournal.com
221320,fortchgy.com
221340,friend.work
221360,funtime.sh
221372,flexstudio.biz
221385,fuckip.me
221405,freegogpcgames.com
221432,flohockey.tv
221452,fitrecepty.sk
221511,freeflarum.com
221513,flatfishsafe.com
221525,funkenflug.app
221528,ficktube.com
221545,flibanserin.ru
221570,fupa.com
221573,filmreporter.de
221585,floqast.com
221598,fabulousfiber.net
221617,ffessm.fr
221621,froeling.com
221674,findaya.com
221679,futbor.com
221693,fherehab.com
221698,filmfest-muenchen.de
221787,free-bookmarking.com
221791,freespeechcoalition.com
221798,feederit.com
221879,fishbase.us
221942,fpb.pt
221952,finkproject.org
221956,foyr.com
222005,ffscouter.com
222079,fishangler.com
222090,fastfetch.fun
222128,flowlove.ru
222150,feed43.com
222154,facthosting.ca
222196,fixbios.com
222237,fishmhx.com
222253,firstaepic.live
222268,flightlogger.net
222282,fuzzopoly.com
222311,fbplay.vip
222342,fordpartsgiant.com
222369,fluro.io
222413,flashlight.app
222453,filtermag.org
222529,fellowshipusa.com
222536,fusionwebclinic.com
222564,fujisan-climb.jp
222600,flexxible.net
222630,freeflightbird.com
222651,freedcamp.com
222719,flytrapcare.com
222724,fracturedatlas.org
222764,financierworldwide.com
222792,floorfy.com
222808,fengjiawang.com
222823,fabster.com
222828,ftnfantasy.com
222835,favi.it
222856,fishrobotflower.com
222886,filmipop.com
222903,fbits.store
222925,foots66.com
222992,f2ff.jp
223015,feld.com
223028,feddit.nl
223074,four-paws.org
223106,fbdns.in
223171,findfilo.com
223221,fhw.gr
223276,foreignconcept.ca
223290,followbookmarks.com
223306,fraudlabspro.com
223318,fortuneita.com
223327,fh-giessen.de
223349,flymeauto.com
223401,formativ.net
223418,futrli.com
223432,fh-salzburg.ac.at
223441,fyi.org.nz
223469,funkypair.com
223471,fjrmyy.com
223488,flcgil.it
223501,fusiondms.com.br
223543,faceu.com
223628,fewpb.net
223640,fltk.org
223742,fwd.com.sg
223744,fibramaxbandalarga.com.br
223770,finelo.io
223789,formalytics.dev
223792,fluid.io
223842,feestkleding365.nl
223859,fleamydicyan.shop
223913,fakulteti.mk
223932,finca.cn
223949,fjut.edu.cn
223986,fanyv88.com
224006,flysanjose.com
224009,finamfx.ru
224021,firjan.com.br
224039,fischersports.com
224109,freeciv.org
224119,folo.is
224140,firstalert.com
224142,frenchestateagents.com
224159,frankfortamerican.com
224232,fusosha.co.jp
224234,farmacotherapeutischkompas.nl
224273,f12.net
224274,fasthealth.com
224275,facerelation.com
224280,funraise.org
224316,furuno.com
224326,firealpaca.com
224378,forumclan.net
224417,feiyinetwork.com
224466,fjdaily.com
224499,fastload.run
224503,focusedcollection.com
224526,findit.city
224535,freedombank.kz
224578,freepeoplesearch.com
224617,fuqxnxx.com
224657,filmweb.no
224666,fireflycloud.net
224681,finestro.io
224747,festool.io
224768,filmix.gg
224791,filmneweurope.com
224802,friendstrs.com
224809,forshtadt.ru
224851,fiberhub.net
224852,facebook.com.es
224902,filmbooster.es
224927,foe4372.com
224963,fxstat.com
224994,filmfestivals.com
225022,farfor.ru
225027,fluent.ltd.uk
225085,fhuylemin.cc
225094,fullarm.com
225098,foundit.my
225138,fluxcd.io
225140,frumzi.com
225153,funadvisorfrance.com
225169,fcrmedia.com
225180,fanwensan.com
225204,fastproxy.xyz
225220,fetchcore-cloud.com
225259,fpa.es
225261,furniturewholesaletothepublic.com
225300,fo.ru
225306,fwsir.com
225332,freeviewaustralia.tv
225333,four.net
225386,futureservice.ru
225389,fdoc.ru
225425,facetsjournal.com
225437,flyingpigbooks.com
225454,freepornq.com
225468,fryazino.net
225472,femeretes.org
225538,fluminense.com.br
225561,flowtrinidad.com
225566,flarecloud.net
225576,forcedexposure.com
225582,fonasa.cl
225606,fastcasual.com
225609,f-static.com
225662,funzionepubblica.gov.it
225671,fdlp.gov
225689,funai.edu.ng
225697,funshion.net
225720,flixlatam.com
225759,fortheloveofport.com
225789,fpa.ru
225802,farsonsdirect.com
225835,francetvpro.fr
225907,fullsearch.com.ar
225919,forex-brazil.com
225931,fairmarkit.com
225986,fordvehicles.com
226025,frinkiac.com
226033,fiix.software
226043,fscp.ru
226083,fassberg.se
226123,firmadigital.gob.ec
226132,filmink.com.au
226147,falconeri.com
226219,fashiola.com.au
226231,fuwanovel.moe
226249,fashionfalcone.ru
226265,fujigoko.tv
226318,fcm.ca
226322,ford.com.cn
226361,fearless-assassins.com
226371,floatcamellia.com
226412,freeoda.com
226442,feelgoodcontacts.com
226546,funddreamer.com
226550,ftbwiki.org
226664,film.it
226720,faw.cn
226751,f-h-0-b.com
226765,foundertype.com
226782,filmlinc.com
226813,fidelidade.pt
226816,flic.io
226826,forma.sk
226840,fxfactor.ru
226841,flightschoolusa.com
226854,fnaf1.io
226858,ferrettigroup.com
226937,francescas.com
226987,fahuo100.cc
227089,fuerkang888.com
227098,future-wiki.win
227108,fairfieldsubaru.com
227134,fusionmedia.io
227152,flashnews.gr
227161,ford.com.au
227172,fantaskycdn.com
227185,fmyokohama.co.jp
227195,fewpal.com
227211,fr.com
227226,faap.br
227234,fidibo.com
227272,fsspx.news
227283,fex.one
227303,fuck55.net
227322,firaxis.com
227352,furniturelandsouth.com
227384,fxyedge.com
227385,fusionconnect.com
227464,fouillez-tout.com
227466,formpl.us
227473,figo.org
227474,faceswapper.ai
227505,foneking.com.au
227579,flowers4united-kingdom.com
227600,freshtunes.ru
227606,fazwaz.ph
227612,firn.edu
227648,futmind.com
227650,fabmisr.com.eg
227687,feuxdeforet.fr
227690,ffxnow.com
227716,freeserve.com
227789,funsite.cz
227801,flydigi.com
227948,fakitonye.shop
227991,frontlinehobbies.com.au
228022,funyme.com
228035,fusiongirl.app
228067,feikua.net
228087,flomllr.com
228092,financial-cents.com
228123,formula-web.jp
228180,fresenius.de
228188,franceperles.com
228233,figurerealm.com
228236,financialplanningassociation.org
228289,fleurdumal.com
228388,foodora.fi
228420,fiedze.com
228425,flashcardmachine.com
228462,fosu.edu.cn
228507,findlaw.app
228558,flagngift.com
228578,fudbal91.com
228582,fruugo.com.tr
228616,fyi.app
228652,furthur.net
228669,filsantejeunes.com
228671,fauna-flora.ru
228688,freeshort.xyz
228689,fayde.co.uk
228698,factohr.com
228828,floxcloud.net
228853,fuelcdn.com
228859,fordparts.ca
228878,figuren-journal.com
228998,freshstore.app
229039,fairchildgarden.org
229050,fein.com
229100,fucked-tube.porn
229108,fichter-maschinen.de
229116,findic.com
229143,fidelitydigitalassets.com
229146,ftf.live
229173,fileboxjunkclean.com
229223,fazer.com
229284,filfre.net
229310,fanatics-app.com
229345,fcsochaux.fr
229368,freedomnavigate.com
229378,fritz.de
229427,fishinghunting.com
229440,francowineimport.com
229499,forum8.co.jp
229507,fbs-tax.com
229552,fap18.net
229589,faxzero.com
229608,fiducial.fr
229663,filmtoolz.ru
229671,filmmodu.one
229696,findhealthclinics.org
229711,fiberoptics4sale.com
229721,firmadigital.go.cr
229727,franceolympique.com
229732,fredzone.org
229760,fnl.pro
229777,ffcv.es
229860,feilian.cn
229868,fnx.co.il
229893,fobo-friends.ru
229913,famouskin.com
229938,festileaks.com
229951,fastcycle6.blog
229969,faceapp.com
229980,frankivsk-future.com.ua
229998,fiibgbyjs.cc
230076,forscan.org
230130,foxjapan.com
230146,frisbuy.com
230183,fiberluxperu.com
230209,fnatic.com
230211,frenvis.com
230244,f399v3hy55.com
230282,funny-games.biz
230304,frugalfun4boys.com
230321,flipdesk.net
230341,flugzeugforum.de
230366,fmk0.com
230374,fxssi.com
230402,fastwww.net
230406,filesdl.in
230442,flippermarkt.de
230541,floorp.app
230561,fiercetelecom.com
230575,facebook.co
230595,fcnt.com
230600,fineshare.com
230623,fanedit.org
230690,fsbh.net
230785,fst.kz
230809,flexioffices.co.uk
230817,foundsf.org
230851,fastestclix.com
230895,free-windows-games.com
230901,fundacionaquae.org
230905,fullhd.xxx
230906,find-searcher.com
230924,farnboroughairshow.com
230929,fdnet.com.br
230963,frdautopart.com
231148,fmsc.org
231154,facaichejituan.top
231203,futris.net
231239,fantasypresidentcareer.com
231251,freecraft.eu
231256,fondriest.com
231259,federated.nexus
231266,faster.cz
231269,freeadstime.org
231283,fabvoguestudio.com
231286,farfetch-kv.com
231310,fonduri-ue.ro
231324,fsdeveloper.com
231330,fgizbmlxp.cc
231374,fercdn.net
231386,forsaken.wiki
231431,fivesurveys.com
231442,funnyfuzzy.com
231520,familyecho.com
231537,flex.cloud
231555,fastconnect.click
231564,football-addict.com
231593,filmnoir.app
231670,first-am.ru
231717,fc-arsenal.com
231719,ffkcvidk.cc
231729,festoolownersgroup.com
231829,finanztreff.de
231855,fal.run
231860,firstalert7.com
231885,fixando.pt
231903,fourten.org.uk
231912,filmpalast.de
231916,feature.fm
231960,fg00.shop
231973,fornasetti.com
232030,faronicslabs.com
232035,friendlybookmark.com
232053,fujirumors.com
232064,funadvice.com
232084,fev.com
232087,forpost-sevastopol.ru
232159,fonio.ai
232176,franceassureurs.fr
232264,freefile.io
232276,formatik.fun
232281,fingerprintsoftware.ca
232313,fightnews.info
232338,franklinsports.com
232416,francetransactions.com
232423,fleetwoodmac.net
232432,fraudehelpdesk.nl
232465,freeslotshub.com
232490,frontpagenewspaper.com
232514,fluentstream.com
232532,fil.com
232556,fieldnotesbrand.com
232572,frowjyx.top
232594,fireflyspace.com
232654,fluidsaz.com
232673,fastbooking.com
232709,flexispy.com
232710,foreca.nz
232738,faithmobile.online
232749,fishingpoints.app
232775,fuse.io
232835,fuckedtube.xxx
232846,fmf.ru
232890,fptls2.com
232942,fraport.de
232950,fetch-mkt.com
232962,familyfreshmeals.com
232970,forumforthefuture.org
232977,fuoje498.com
232980,forevertastenyc.com
233036,flvto.top
233101,freeporn-tour.com
233157,floridarentalvacations.com
233168,farminguk.com
233171,fashionbombdaily.com
233187,fpts.com.vn
233203,fujixerox.co.jp
233211,flo.com.kz
233223,fiege.com
233228,feline.dk
233229,fjyousun.com
233264,fraudpreventionhq.com
233305,football-logos.cc
233308,futurex.sa
233315,fdds.pl
233324,farmacia24.com
233326,fmu.ac.jp
233327,foodisgood.com
233352,fabia4fun.de
233357,formation-avis.com
233374,forest.net
233379,finalforms.com
233388,fzsswwl.com
233389,fashionclyp.com
233399,fpsports.org
233401,fhcard.life
233462,forexarena.net
233464,figlobal.com
233559,friendsclub.ru
233576,finmodelslab.com
233673,furnitureinfashion.net
233682,flexjet.com
233698,fvdspeeddial.com
233763,fenclwebdesign.com
233801,fietsenwinkel.nl
233806,ficolo.net
233837,finewineandgoodspirits.com
233868,finefuck.com
233882,formed.org
233887,foalsgbs.cc
233899,fiatprofessional.com
233990,festool.de
233996,fx.co
234007,felixforyou.ca
234016,frigade.com
234017,flyingcorkmedia.net
234035,freetubeapp.io
234056,freeride.se
234126,flensburg.de
234136,foliodx.com
234144,fencebuildersdallas.com
234146,focuspredict.com
234185,frontlinewildfire.com
234212,furazh.ru
234221,fmtdata.com
234256,folloze.com
234281,flinders.nl
234307,filmik.rest
234322,forum-auto.com
234331,finereel.com
234334,floradesigns.com.au
234335,fatboysdiner.co.uk
234363,favv-afsca.be
234378,frameplay.gg
234380,forteantimes.com
234390,filafarm.de
234400,fr-provencehotel.com
234458,fiyo.be
234481,finance.gov.lb
234504,flashlabs.ai
234514,firingsquad.com
234591,flaconi.fr
234625,forprint.pt
234637,filebulldogs.com
234682,ferreromed.it
234687,farmaciaemergencias.com.mx
234689,for-system.com
234726,fairydust.space
234755,flysmartavia.com
234779,forests.org
234793,fuelforfans.com
234828,fashionclinic.com
234833,flamingobabyboutique.com
234835,fhpmco.fr
234839,flynashville.com
234907,financiallease.nl
234932,fizz.hu
234955,fod247.io
234980,familycentral.net
234985,finkoper.com
234988,fetishporn-base.com
235017,fpphoto.io
235088,faqprime.com
235101,freeglobalclassifiedads.com
235162,floodapp.com
235169,flixgaze.com
235201,fluxgrid.net
235210,flap.sh
235225,fussballeuropa.com
235239,felleskatalogen.no
235273,fardanews.com
235276,firstwave.com.au
235292,fukit.cn
235348,fcg.com
235373,fitnowinc.com
235401,fabricwarehouse.com
235441,faqs.tw
235452,figma.net
235463,fyfirsta.live
235468,fscore.ug
235469,feathery.io
235513,fuckingvideos.co
235518,finalcall.com
235534,fmoviesto.me
235548,fangpi.net
235559,fugly.com
235562,fereks.ru
235579,fsinf.at
235633,furniture1.eu
235644,fhsprivate.cloud
235655,freelock.com
235671,flyers-crm.ru
235688,filmshooting.com
235707,fuck-videos.xxx
235755,funfarm.cloud
235775,fripers.pl
235791,fetchrss.com
235810,freeforumzone.sexy
235813,fudan.sh.cn
235879,fleetcomplete.dev
235897,fwd.co.id
235919,fishertoncnn.com
235944,force11.org
235986,fctuapse.ru
236007,franyk.city
236014,flers-ouverture.fr
236029,frmf.ma
236041,forumprofi.de
236103,furyu.jp
236124,fluidone.com
236125,figures.com
236136,factoring.ru
236160,foreignassistance.gov
236182,fuq-xxx.com
236198,facilityexecutive.com
236215,fleur-ami.com
236223,flamespade.com
236279,fundserv.com
236291,fengshuidirectory.com
236293,fgonestudio.net
236295,fxclub.org
236355,feuerwerk-forum.de
236384,fcjdjx.com
236405,famillechretienne.fr
236427,firstcall-photographic.co.uk
236535,finansinvest.com
236584,fenaco.com
236602,financeit.ca
236620,fdocuments.net
236649,freestar.network
236707,fishforums.net
236712,f5k.ru
236719,flymiracle.com
236769,fineos.com
236784,flur-tec.com
236798,familyfund.org.uk
236823,foreignforce.tech
236836,freeway.gov.tw
236861,fw-notify.net
236907,fitchsolutions.com
236916,flexipaysecure.com
236931,filebridge.online
236936,femsa.com
236945,fundist.org
236955,fameswap.com
236971,firelaboratory.uk
236976,fmdollc.com
236994,fabiliciousfashion.com
237011,forum.cool
237033,fc-hansa.de
237081,freedom.com
237098,firstpartner.shop
237101,flirt.com
237108,fresh-hotel.org
237161,fromvalerieskitchen.com
237174,fieldglass.net
237208,fishingtackle24.de
237355,federalbaseball.com
237359,findthebest.com
237451,flexrentalsolutions.com
237477,federnuoto.it
237515,fanshoppe.ca
237523,faysalbank.com
237530,fila.com
237583,fnweb.de
237607,freud.org.uk
237644,f6aca.net
237648,fresheye.com
237652,fwweekly.com
237680,framatome.com
237712,f-hs.com
237751,flagylone24.com
237762,f1lasvegasgp.com
237763,fyzs.net.cn
237780,ftven.net
237800,forese.gr
237854,fiyo.fr
237880,findhername.net
237886,facebook.nl
238001,fim-moto.com
238041,facaichejiuhao.top
238057,fintechweekly.com
238060,futurism.ws
238073,fotografvergleich.ch
238081,fa-spb.ru
238082,foxscityfull.com
238090,fwrdns.com
238102,foxporns.com
238123,f1only.fr
238126,forethought.net
238129,frauenaerztin-am-stachus.de
238149,focusedbuzz.com
238164,freeproxylists.com
238169,frombalitous.com
238171,ferex.sk
238177,fflose.com
238178,fctwente.nl
238198,fiberpipe.com
238260,fiixsoftware.com
238281,fwii.net
238289,foddy.net
238335,fts368.com
238345,fastdemocracy.com
238359,fourway.net
238362,fontforge.org
238370,fstec.pro
238391,fjndqx.com
238431,frightfind.com
238433,ford.co.th
238436,fontaine.lol
238437,fanplace.com
238453,fintech.com
238484,fca.org
238541,fpa.pt
238548,founderjar.com
238553,firmenbuchgrundbuch.at
238560,fotoplenka.ru
238567,filmoclips.net
238579,fogos.pt
238616,fssg.at
238619,fabao365.com
238649,fkl-couture.fr
238669,finsphere.com
238677,fri.casino
238684,fenwayhealth.org
238732,fredolsen.es
238733,frenchcarforum.co.uk
238761,funticket.mx
238835,foodpantries.org
238838,forum-boote.de
238841,fpds.gov
238856,fortradev.com
238859,firesphere.dev
238895,fcgroningen.nl
238926,flowers4trinidad.com
238932,ff-agent.com
238945,freenetdns.com
238965,farmaplus.com.ar
238976,fsgapi.net
238981,flashfood.com
239026,fvyoabeq.cc
239028,fetishporngen.com
239082,fsinet.or.jp
239119,forumgratuit.org
239154,fulfillmentbyasap.com
239178,f1experiences.com
239206,fifthroom.com
239215,flashpull.com
239222,fanchants.com
239246,farmanddairy.com
239288,forumgaming.fr
239290,finance-heros.fr
239309,fn.org.pl
239387,fluentretail.com
239399,fishingguides.co.nz
239409,freeads.sg
239472,fabresmith.com
239481,freedomflotilla.org
239488,fontbundles.net
239507,flashresults.com
239517,ferrerorocher.com
239548,famwalls.com
239563,fullsteampay.net
239582,footshop.eu
239589,feralfungi.com
239661,flat4ever.com
239691,fitnessblog.live
239699,ftnnews.com
239705,fiestafan.com
239718,favoritexpress.ru
239719,faithwriters.com
239727,frenchpadelshop.com
239730,fabric-tokyo.com
239739,fromjoytohappiness.com
239756,flagman.click
239784,fmf.mx
239847,finistere.fr
239865,forecastinternational.com
239868,fh21static.com
239874,fmovies.cab
239909,fibraservi.eu
239910,furniturebazaarli.com
239946,fukuicompu.co.jp
239948,farmkomitet.ru
239957,fud2026.com
239967,fineboost.cn
240040,formysite.com
240056,fabricsandpapers.com
240109,foreca.uk
240115,filedeliverer.com
240134,fq.edu.uy
240163,fdiworlddental.org
240176,froxy.com
240214,fastlin.live
240289,foresthilllibrary.org
240335,fugitiverecovery.com
240375,feminax.net
240416,fishthecaribbean.net
240422,firetree.us
240434,filemastercleaner.com
240472,fruit.com
240486,flos-freeware.ch
240529,filen-1.net
240553,findmygov.in
240605,fullscript.io
240618,fcslovanliberec.cz
240638,festivalinfo.nl
240661,fulcrumgallery.com
240699,forloveandlemons.com
240704,flightsim.com
240709,fnp.org.pl
240713,foldvary.net
240808,fairtest.org
240835,fcenter.ru
240858,fuen.org
240882,finboard.cc
240897,film-rezensionen.de
240942,freeadsz.co.uk
240944,fairspin.io
240946,funami.tech
240948,fang86.com
240963,freedompay.kz
240992,firewank.com
241011,fournisseur-energie.com
241072,faisco.cn
241101,fingerlakesdailynews.com
241147,fortis.tech
241159,fine-boost.com
241181,feyalegria.org
241220,filesarrangecleaner.com
241254,fqjdcerbk.com
241270,freebookmarkingsite.com
241281,fbao3.org
241299,free-ns.net
241316,freshfiction.com
241336,fantastictalismans.com
241383,firesofheaven.org
241415,freeporn-anime.com
241439,fastfile.ru
241440,fcpcloud.com
241454,fondodeculturaeconomica.com
241456,freebsdhost.net
241517,foodhub.co.uk
241699,fine.ad.jp
241747,findigs.com
241797,fpabramo.org.br
241833,franken.de
241837,fcrtech.cz
241850,femp.es
241890,frivol.com
241906,freemathhelp.com
241916,faire.team
241955,full.io
241959,filippa-k.com
241974,fissler.com
242022,freshxcdn.com
242047,fatsecret.ca
242058,filebase.com
242149,fluxcloud.eu
242155,financedirector.by
242174,fxcdn.ru
242188,forza.nz
242255,ferry.nyc
242272,frikinexo.com
242307,fusioned.net
242355,futabus.vn
242404,foundcluster.com
242422,fastdns24.org
242444,flightsimulatorportugal.com
242562,fmlivefirst.live
242568,flyiin.com
242578,faceiqlabs.com
242616,freeadvertisingzone.com
242626,fetishfemdom.me
242684,finfort.ru
242751,flaconi.at
242775,fapster.xxx
242811,farmrpg.com
242891,ftopx.com
242898,filmzones.ru
242908,franz.com
242967,fiyo.es
243022,fbf.fr
243099,fazenda.pr.gov.br
243100,foxy.ai
243128,fresherslive.com
243129,firgelliauto.com
243153,ffjudo.com
243206,fbs6668.com
243240,faxcomanywhere.com
243259,fourseasonsfcu.com
243275,fidelizador.com
243314,formelamulae.com
243395,firesticktricks.com
243398,futterhaus.de
243405,freshibeth.click
243407,facharztwahl.de
243420,faceboook.com
243453,fshuicai.com
243513,fatal.ru
243524,fup.edu.co
243570,factoringfee.ru
243653,fnggcdn.com
243707,fukkan.com
243720,federationdesdiabetiques.org
243870,futurepagerank.net
243874,fz-rossendorf.de
243882,fashionblognews.com
243913,fr5.net
243914,for-ns.biz
243943,florenceandthemachine.net
243971,framingham.edu
244003,fc-legion.ru
244022,foreclosurelistings.com
244071,flowbit.io
244073,fcaservices.com
244081,fromkato.com
244089,forumkinopoisk.ru
244097,futo.org
244159,fivedns.com
244163,feelfabrics.com
244201,folkuniversitetet.se
244222,fhgr.ch
244255,fortive.com
244282,filmfestival.gr
244360,filmconvert.com
244365,farmanager.com
244378,foreca.de
244396,frequentmiler.com
244424,fusiondex.org
244451,frostpoint.net
244520,foodreference.com
244523,freshsmp.fun
244550,fanzidian.com
244598,fosite.ru
244633,frendy-hosting.fi
244643,freedrweb.com
244648,freeworldgroup.com
244674,feldmann-gmbh.com
244675,fleur-de-coin.com
244698,freenotetech.com
244737,fclop.com
244742,frankivsk.one
244750,fairtradecertified.org
244753,fatsecret.co.za
244771,fluidnow.com.br
244775,funk.net
244780,frantro.de
244812,fwcob.com
244814,fossilfueltreaty.org
244861,fast-gen.ai
244893,feebee.com.au
244905,foodbabe.com
244925,fzyvis.com
244969,frisoof.cc
244976,fjxinluo.gov.cn
245061,fightnews.com
245072,festra.com
245077,fuerth.de
245085,flight-report.com
245142,froza.pro
245226,fula.network
245292,fapxo.com
245312,foodsoul.ru
245328,fortunejournals.com
245401,finmag.cz
245406,france-xenon.com
245430,facturacion.cl
245471,fastworldwideweb.com
245478,foodlogistics.com
245493,fincalculator.ru
245511,fellow.co
245525,fast-web-servers.com
245541,febmandalawaluya.ac.id
245545,fx-strategy.info
245547,fakedetail.com
245675,foreca.pl
245680,flightdeals.net
245734,fortmorgantimes.com
245743,finalyticsdata.com
245758,fordraptorforum.com
245773,fullhosting.eu
245790,fornex.ninja
245824,franeski.net
245851,flyaurora.ru
245865,franquicias.es
245871,febi.com
245951,federation-wallonie-bruxelles.be
245956,flightlink.co.tz
245968,freelo.io
245978,fogproject.org
246023,frozeninferno.xyz
246126,fabricroost.com
246146,fiverr-affordable-seo-services.site
246164,fuehrerscheinn.com
246211,furnituresourceia.com
246247,fat-piratecasino.com
246254,freecomputerbooks.com
246259,formly.guru
246322,footballizer.com
246349,flapslpiple.com
246369,funchatt.com
246433,fangxiaoer.com
246434,funet.co.il
246436,fundi.co.za
246459,fractalsoftworks.com
246468,focusatwill.com
246475,foodnext.net
246491,f1authentics.com
246500,festivalnauki.ru
246510,f32300004fb97f8fbcfb805500b8492a1808d4f2.com
246534,fotopages.com
246563,flixhq.to
246631,finance-watch.org
246636,fiestareel.com
246637,fancyapps.com
246675,field-studies-council.org
246691,fungirl.in
246754,followchain.org
246777,firmy.net
246788,farhang.gov.ir
246811,forewarn.com
246827,fixer.io
246862,freyalingerie.com
246868,fbelxasc.cc
246878,filesanctuary.net
246887,filmfetish.com
246905,fara.sk
246921,f-trade.ru
246964,find-open.com
246967,fradi.hu
246974,flowfat.link
247005,frankivchanka.info
247080,farmhouseonboone.com
247121,firstdata.eu
247135,finesthealthfoods.com
247142,freedomworks.org
247144,fordpass.com
247243,freedomboatclub.com
247337,fitness-seller.nl
247346,freeslots99.com
247399,fastlydns.org
247437,forumotion.me
247500,farhi.org
247533,fodcyy.com
247563,forumweb.pl
247567,featuretv.live
247570,freedl.ink
247609,fireclaytile.com
247633,fairplanet.org
247687,factorypricejewelry.com
247756,forklift-international.com
247816,farmersweekly.co.za
247972,fieldlevelmedia.com
247991,fathomhq.com
248041,filtergrade.com
248070,fooxybabes.com
248094,fkes-mandalawaluya.ac.id
248141,fantasticservices.com
248143,fab-art.co
248216,floor12.net
248222,famiprints.com
248246,flagman.zp.ua
248267,freepage.de
248280,frontstretch.com
248286,finnegan.com
248300,fashionshops10.com
248362,fifoundry.net
248368,fap2bed.com
248394,factsoft.de
248398,fez-vitebsk.com
248400,fostergrant.com
248415,febcasino.com
248446,folkartstitcherynquilts.com
248467,fili.ru
248511,flare.com
248564,fairytalescreation.com
248570,free-name-server.net
248592,freebookmarkpost.com
248593,food-com.ru
248611,footballpark.com
248701,fever-tree.com
248729,fcutrecht.nl
248755,ft-shop.ro
248764,fansunitedapi.com
248780,frankie4.com
248783,filmelier.com
248911,freshfruitportal.com
248940,footpatrol.com
248942,futbolsites.net
248955,fcms.io
248964,fragpunk.com
248988,freeconet.pl
248990,fjithr.com
249032,feito.cc
249082,fnj.co.jp
249125,fscore.in
249145,frankfurtflyer.de
249155,fueloffroad.com
249241,fhxod.com
249253,flynet.it
249286,fundp.ac.be
249359,flylady.net
249366,fontree.cn
249393,finpension.ch
249427,fuelup.ru
249438,flyingmeat.com
249470,firstestateconstruction.com
249533,fora.ua
249547,flampirado.com
249617,fluxfeeds.com
249625,frazierjones.wine
249638,frankivski.info
249660,flashnetic.com
249663,fcdallas.com
249718,firma5.com
249721,foreplay.co
249739,focusmalaysia.my
249793,footballteamgame.com
249862,familieoverdekook.nl
249880,fanaticsinc.com
249902,fontanearchiv.de
249944,futebolpaulista.com.br
249956,famousscientists.org
249966,fleshok.com
249983,fazwaz.com.co
249995,fnz.com.au
250027,fcnl.org
250033,fileforce.jp
250076,forum-spb.ru
250175,freedom-with-love.com
250223,firepic.org
250260,filmovamista.cz
250310,fkaysmartphone.co.ke
250317,feverup.dev
250367,foreyes.com
250392,fresh.com.eg
250406,froelichundkaufmann.de
250434,fatkun.net
250456,fenixtv.cn
250519,frcargo.com
250539,fanfou.com
250571,forestea.com
250591,fabricdesigntreasures.com
250631,forumavia.ru
250647,filterforge.com
250777,folklore.ee
250794,fossedata.co.uk
250802,fhn.ru
250839,fastlane.tools
250856,fscore-ir.com
250901,freshping.io
250913,foodland.com
250929,fozzy.ua
250974,febshoe.com
250990,fh-trier.de
250995,firepitsurplus.com
250996,frontiermyanmar.net
251035,fluitek.com
251048,findbookprices.com
251079,francetelecom.com
251088,fazwaz.com.ar
251100,filmstreamcomplet.fr
251132,fly9988.app
251138,fireship.dev
251174,fairplayx.in
251186,fun88-club.com
251196,footballtop.com
251244,flirtmoi.com
251279,fraseryachts.com
251293,forbrug.dk
251346,friendshipchryslerjeepdodge.com
251390,freepornjournal.com
251399,found.no
251459,food83.com
251463,flowblows.ru
251466,foodtravelturk.com
251482,faraday.ai
251508,farmcomborx.com
251522,fool.jp
251552,formflow.blog
251587,flarevpn.digital
251621,formular-server.de
251708,fraisa.com
251717,ftcassets.com
251718,floripa.com.br
251730,feedster.com
251771,fub.direct
251809,friscovenues.com
251833,fosterbank.com
251852,freewebtown.com
251853,flysat.com
251884,fox-robot.com
251918,funsuntravel.com
251936,fcbanking.com
251998,fiatc.es
252029,faytechcc.edu
252049,fiskaltrust.de
252068,fetishporntopic.com
252106,financnykompas.sk
252133,freepostclassifiedads.com
252145,fda.gov.ir
252191,fortisec.online
252204,fztvseries.live
252216,formovietickets.com
252237,fr.pl
252247,fjingco.com
252287,festina.com
252292,fnopf.jp
252301,fastcdnonline.com
252343,free3d.io
252366,fusionbroadband.com
252410,flickreels.net
252500,fe75e3cfa8.com
252504,fjhmusic.com
252512,flattrackstats.com
252607,fynkelto.com
252737,fdb.pl
252782,footloose.pe
252791,finsolucion.com
252803,futurenet.com
252808,foodhub.com
252815,futbolpress.az
252827,flipshope.com
252845,fborfw.com
252889,fullstop.ai
252920,freshorchestrator.com
252971,foodxxxporn.com
253081,followmychallenge.com
253091,fkip-mandalawaluya.ac.id
253095,filmratings.com
253103,foreximf.com
253110,flyservers.com
253117,flypdx.com
253159,fallingwater.org
253161,fantoff.online
253169,foodcarve.com
253182,fingal.ie
253228,fisip-mandalawaluya.ac.id
253262,fhws.de
253276,fh-erfurt.de
253302,franciscan.edu
253345,fkipmandalawaluya.ac.id
253360,fairplayindi.in
253375,frenchtoast.com
253379,forwardpathway.com
253386,fig.io
253403,firstwalk.com
253426,friendrewind.com
253440,falun.se
253447,football-talents.co.uk
253467,for-ns.pro
253475,fleetdeck.io
253537,fab-chat.com
253596,flexnet.net
253607,furniturandmattresshub.com
253620,frenchwomenorg.com
253636,firehero.org
253697,fragmanlarim.com
253731,ferwise.com
253795,fnbr.co
253827,fanspo.com
253837,fit2run.com
253864,farmani.ru
253868,funonthe.net
253888,futurio.ch
253935,fx-sabers.com
253952,fntoday.co.kr
253987,feriachilenadellibro.cl
254012,furanet.com
254021,forum-drom.ru
254035,file770.com
254040,findyoursparring.com
254091,fightcade.com
254108,fuyunjiasu.com
254114,fordeal.com
254152,filoblu.com
254173,fastecho.xyz
254210,fangio.net
254241,fundacion-biodiversidad.es
254260,forum-mechanika.pl
254295,fieldease.com
254314,fraufluger.ru
254328,futureswithoutviolence.org
254339,fbrq.io
254380,fwc.com
254408,ft-mandalawaluya.ac.id
254436,fanbenwu.com
254528,felleskjopet.no
254545,fretepago.com.br
254552,filpro.com
254575,fedrigoni.com
254586,fuckingfast.co
254601,flash.co.za
254606,foursigmatic.com
254621,fuckmatured.com
254646,flz.de
254670,fpi-mandalawaluya.ac.id
254706,footlocker.ph
254769,fonjoya.com
254776,fbn.com
254780,fsnf2f.com
254819,fapet-umw.ac.id
254865,fcati.com.br
254938,fierybirdvenue.org.uk
254971,flareclickhero.com
255009,federacionnet.com.ar
255064,firmasite2.ru
255081,freeup.net
255094,faktodrom.ru
255102,free-iqtest.net
255108,foodal.com
255164,familyresourceguide.info
255223,freepnges.com
255225,fashiola.com
255227,flygbussarna.se
255256,flmaster.kz
255264,formula.care
255265,factly.in
255295,femme-divine.de
255296,forked.net
255306,familienbett.at
255317,falkirk.gov.uk
255354,fascrs.org
255369,fraternidad.com
255389,frictionalgames.com
255418,fresno.edu
255421,fhut-mandalawaluya.ac.id
255464,fodey.com
255474,familyoffice.com
255482,freeipc.com
255507,frrazers.com
255543,funky-junk.com
255571,freeprintsapp.com
255666,frazerhub.com
255696,financeofamerica.com
255741,fjnanfeng.com
255760,fiestaturbo.com
255839,fusionmarkets.com
255848,fcps.org
255878,flibusta.net
255895,freemind.today
255896,fupozbz11a.com
255951,futterplatz.de
255961,fertilab.net
255968,frankferd.com
255976,flora-print.de
255999,fromgeek.com
256063,fansidea.com
256075,firstunitedbank.com
256093,ftopendns.com
256096,foxtel-iq.com.au
256121,flooringinc.com
256124,fotobus.me
256139,festool.com
256141,fsky.io
256169,freshcleantees.com
256171,fai.ie
256176,fasten.ru
256191,flightbridge.com
256223,filmbooster.de
256255,france-mineraux.fr
256277,floweradvisor.com
256303,fredloya.com
256306,fragrancemarket.com
256315,foodband.ru
256320,flatsforfriendz.com
256324,fenglian56.com
256343,fashionchingu.com
256437,florisvanbommel.com
256455,filateliatrafalgar.com
256477,fleshhd.com
256478,fiftythree.com
256553,foxxlifesciences.in
256564,fracttal.com
256572,flat-cdn.com
256605,financialservices.gov.in
256628,fsccdn.com
256637,framelogic.pl
256671,ferema.org
256683,firstclasstimepieces.com
256691,foreignpay.ru
256710,fk-mandalawaluya.ac.id
256757,flashlightproxy.com
256767,fiat.de
256813,forex09.com
256828,fornosicilianoastoria.com
256848,furmancenter.org
256896,falkirkherald.co.uk
256923,francu.com
256930,fratmat.info
256931,fixjunk.com
256976,fimdalinha.com.br
256985,fontmeglow.com
256988,fenf.edu.uy
257023,fdedloans.com
257040,funtoyplanet.com
257056,f.bank
257077,fonic.de
257105,fastic.com
257118,fansfocus.com
257125,flooom.com
257140,faapy.com
257145,fancons.com
257147,foxtheatre.org
257157,firstsrows.net
257201,ferchau.com
257281,fibaeurope.com
257339,fchq.io
257372,ferramenta2000.net
257394,filson.eu
257438,fieldguide.io
257442,firekeeperscasino.com
257467,filtradas.com
257593,fortunegreece.com
257650,fabmood.com
257654,faber-castell.cl
257657,focus-bikes.com
257692,fizik.com
257744,fairgocasino.com
257830,fcc-fac.ca
257836,fabricdepot.com
257870,fnf-2.io
257877,followthecredits.com
257938,fate-go.com.tw
257972,forotrenes.com
257986,fhsg.club
258009,frp-zone.com
258043,flagman.casino
258075,freecartoons.biz
258144,freeleaguepublishing.com
258203,friendhosting.net
258226,fiberway.com.ar
258228,facenews.ua
258282,fedraa.com
258288,funraisin.com.au
258293,foxcdn.net
258354,f78.casino
258449,freestar.com
258456,famedmaree.cc
258461,fisipumwbaubau.ac.id
258468,funker530.com
258484,forge.net
258521,fundssociety.com
258566,fxggxt.com
258578,freesmfhosting.com
258597,faberlic.ru
258624,fgospostavki.ru
258687,feb-umw.ac.id
258690,fisch-hitparade.de
258705,foomajapan.jp
258709,fiba3x3.basketball
258724,fsm.gov.mo
258725,fonoteka.us
258735,f1i.com
258796,finalscout.com
258836,frabsmagazines.com
258859,fengrui.link
258970,flowr.cloud
258980,freescale.net
259002,floridahealthcovid19.gov
259054,fairchildtv.com
259058,firstleaf.com
259082,froyaorganics.com
259084,fujitec.co.jp
259093,freeporn8.net
259104,fastcloud.me
259108,fega.de
259121,finews.com
259122,futuro.cl
259150,frankivsk.name
259154,fire-ice-sauna.com
259156,fami-geki.com
259161,ffrtz.net
259171,familiesoflurucina.com
259238,forsyth.cc
259287,fortune-rabbit-demo-online.com
259289,fullsail.com
259290,foxhere.com
259293,france-assos-sante.org
259299,foodeist.com
259348,francehebergeur.net
259373,flock.co
259386,fuckocean.com
259396,finalfantasy.com
259467,freshfromflorida.com
259476,fivem-store.com
259530,fakeimg.pl
259601,flashcode.fr
259669,forhub.io
259693,fusepoint.com
259707,fatline.com.ua
259764,fischkaufhaus.de
259787,findthat.email
259792,fiscal.io
259799,facilitron.com
259842,foragerchef.com
259904,firedrumhost.net
259917,fragrances.bg
259919,fastdns.de
259925,freightquote.com
259950,ffshrine.org
260001,fsfeurope.org
260011,freefrontend.com
260019,fer-forge.com
260026,fastink.eu
260061,fuckitm.com
260072,f600.cn
260093,functionpoint.com
260117,fujicco.co.jp
260179,fenrir-inc.com
260212,fmjdlogistic.com
260225,fntimes.com
260228,ffvoile.fr
260383,faulhaber.com
260437,fp-mandalawaluya.ac.id
260441,fletc.gov
260453,fami.life
260478,folf.systems
260569,fivetool.org
260657,flightmapper.net
260663,fastcline.com
260691,flyeralarm-sports.com
260757,frostnerd.com
260827,fondation-arc.org
260854,fappeningbk.com
260891,frenify.com
260906,farmacondo.com
260962,foodboom.de
260974,franka-robotics.cn
260980,fsquan8.cn
260983,fv.ee
261031,freseniuskidneycare.com
261058,funkidslive.com
261079,fidelissecurity.com
261087,funfactsfordays.com
261091,followingbook.com
261123,fstravel.asia
261133,fenixlighting.com
261173,f00.online
261193,femometer.com
261204,fc-data.info
261271,forgottenweapons.com
261325,finmap.online
261372,feldoncentral.com
261376,fitbudd.com
261378,frifro.de
261387,fakaheda.eu
261413,fotoparadies.de
261423,fjykjczttspydxcx.com
261455,fastbox.su
261469,formx.nl
261484,foxporns.net
261536,fizzostatic.org
261571,frgapps.com
261606,filertel.com
261612,firmwaredrive.com
261622,francethisway.com
261654,flyin.com
261667,fcbayern.de
261686,flashpointarchive.org
261687,fondazionecariplo.it
261711,figaret.com
261715,fstcmag.com
261794,fb2834-resources.com
261795,fehd.gov.hk
261813,fugu.casino
261835,familyfoodonthetable.com
261899,fkip-umw.ac.id
261920,free-misogyny-xxx-comics.com
261930,freeuserguide.ru
261945,fxdu.net
261967,fcdn.app
261999,fadecloud.com
262037,fast-edge.net
262043,fleetmagazine.com
262175,freewaters.com
262219,fitnessmarkt.com
262259,free-bible.com
262263,firstnations.org
262282,fsunews.com
262302,fanmeiquan.com
262306,filesmonster.com
262326,findqc.com
262377,fifamobileguide.com
262409,freevision.live
262413,fabrika-fotoknigi.com
262443,first-quotes.com
262511,fapet-mandalawaluya.ac.id
262540,fortumo.com
262555,futurefeedy.com
262557,fidegg.com.br
262569,ffyazwkmw.cc
262616,faq-king.com
262617,ftv.com.tw
262647,faygo.bot
262650,fastriver.eu
262689,falfiles.com
262713,finansman.net
262717,fidelityhouse.eu
262734,freeradius.org
262753,fastdnshost.com
262780,freelance.de
262786,fluf.io
262790,fanseven.com
262796,forest.app
262805,fast-chat.io
262837,fresh-ideas.cc
262850,festivaloffavignon.com
262994,fabbaloo.com
263043,fga.it
263081,firempeg.com
263140,forsythtech.edu
263148,fiscooggi.it
263154,flughafen-stuttgart.de
263157,fsd.com
263177,fontriver.com
263197,fooda.com
263263,filmozrout.cz
263267,filmreference.com
263343,feedonomics.com
263366,foxmail.com.cn
263428,festivalsunited.com
263475,federaciondecafeteros.org
263482,fullporno.xxx
263545,f-tor.de
263551,flytographer.com
263594,filum.ai
263614,ftrack.me
263668,fognet.ch
263753,fishingshop.kiwi
263769,flixbus.ua
263770,flagwix.com
263798,fastwyre.com
263804,fuckingsession.com
263815,findanime.me
263819,files.ir
263831,forumforyou.it
263854,forzaarab.com
263899,finance.gov.pk
263906,fviewer.com
263974,fifetoday.co.uk
264005,foxbangor.com
264009,ftkode.com
264028,farihajafri.com
264044,flair.ai
264079,fnp.ae
264111,funnygames.nl
264148,fashionreps.to
264162,fivecolleges.edu
264174,filigrana-llibres.com
264189,fightchatcontrol.eu
264190,fancade.com
264218,foodess.com
264254,fg80.casino
264263,freshwellbox.store
264271,foqtx.com
264276,frogtutoring.com
264293,fsrss.com
264359,findukhosting.com
264385,f4l.ir
264417,fondazionetelethon.it
264465,framalibre.org
264502,fadedpage.com
264556,fea.net
264558,floorcoveringsinternational.com
264562,fresnocountyca.gov
264571,fun720p.com
264572,fjwuye.com
264576,fanaptelecom.net
264585,fjskjd803-fjifsd3-fsji3.net
264600,feb-mandalawaluya.ac.id
264606,fh-kaernten.at
264623,filestore.me
264756,fensterversand.com
264770,facialbook.nl
264779,fiber4.net
264816,finestradev.com
264826,fetail.com
264827,fpln.ru
264836,falkvinge.net
264905,fuoristradisti.it
264966,fbcd.ru
264970,fairtrade-deutschland.de
264977,fap18.biz
264994,firstclasswebsite.com
265047,freshfarm.it
265092,freshz8csl0.live
265145,fof.se
265153,forestpeoples.org
265157,ft-umw.ac.id
265162,flowlab.io
265220,fuselending.com
265252,factoryfurnitureout.com
265260,fahren-lernen.de
265342,frogsmart.net
265393,foxtel.net.au
265430,farmaciahidalgo.com
265438,fogo.io
265473,fuckosaur.com
265516,fonezone.me
265524,fortmyersinfiniti.com
265529,femturisme.cat
265571,fightingblindness.org
265603,findbar.io
265653,fjtcm.edu.cn
265668,foreverdreaming.org
265690,fortifi.zone
265695,frontis.net
265731,free50.casino
265762,forkliftaction.com
265806,fpv-community.de
265841,fisip-umw.ac.id
265860,freedivershop.com
265875,favi.bg
265936,fastwebengine.com
265943,femina.se
265947,freshproduce.com
266057,farmfreshtoyou.com
266065,faarte.com.br
266072,flexform.it
266235,fatchillianalytics.com
266267,fullsix.it
266331,fanaticsauthentic.com
266434,fenoxo.com
266464,fullsee.site
266472,fuze.com
266473,flexfireleds.com
266481,foe.com
266509,filmfestival.nl
266523,feps-europe.eu
266532,fans.ly
266614,fungi.com
266624,fakro.pl
266641,filax-777.com
266685,futilitycloset.com
266713,friendsspace.eu
266741,first-pitch.jp
266796,fluxname.com
266822,foxfishing.ru
266825,fxm9485766783.com
266829,fabricut.com
266846,flywheelstaging.com
266853,firma-gamma.ru
266885,fullhost.net
266890,fivecubits.com
266903,feenstra.com
266911,forbrukertilsynet.no
266935,freesoft-board.de
266946,farmonline.com.au
266955,ferrybuildingmarketplace.com
266996,fidic.org
267062,ffviiec.com
267080,fareshare.org.uk
267081,forms-db.com
267099,fastporn.biz
267189,fcodepro.com
267213,feg382.casino
267231,fondsprofessionell.de
267262,faro.es
267263,fuzulev.com.tr
267264,fasosites.com
267279,flhurricane.com
267402,famiry.ru
267479,futbolonlinehd.com
267509,fitnessmarkt.de
267513,fujitsu-siemens.com
267539,florist-express.ru
267548,flutter.io
267564,freevideos.best
267603,frype.com
267612,filmstories.co.uk
267617,funraise.io
267647,freeway.com
267666,fultonschools.org
267681,frauen-gegen-gewalt.de
267739,forbiddenhunter.com
267741,flitech.net
267776,fftodayforums.com
267804,faynutrition.com
267824,figurelpp.ru
267902,fjcyrj.com
267937,frankpe.com
267952,franceguyane.fr
267966,feb26.com
267980,freetube18x.com
268003,failteireland.ie
268026,fruitlogistica.com
268027,french-anime.com
268032,footballinnigeria.com.ng
268103,fatsecret.co.in
268112,fastsdmodel.com
268115,floodmap.net
268164,flickrhelp.com
268173,flamerust.ru
268189,fidalianetworks.com
268227,familjesidan.se
268247,foroom.com.ua
268253,f168i.com
268300,fandom-dev.us
268313,fastlogin.com.tr
268348,fairfaxva.gov
268356,fr.fm
268402,finglobal.pro
268460,fitreisen.de
268470,fangxinjz.com
268544,fordining.kr
268594,fastcon.cc
268619,fordhamchurch.org.uk
268666,fxify.com
268694,fact-index.com
268770,for-me-online.de
268796,fellahealth.com
268818,fundturkey.com.tr
268836,fernet.io
268862,fordtremor.com
268865,freshstore.cloud
268872,f5haber.com
268875,fabricadevino.gr
268877,fullofwarez.biz
268894,fzmcwmbu.cc
268902,fappeningb.com
268926,frixty-electronics.com
268935,friendsoffulham.com
268949,footballoutsiders.com
268958,firstlegoleague.org
268960,fairebruxellessamen.be
268965,fotor.mobi
269010,firstcamp.se
269059,facturacfdi.mx
269060,fb77.love
269124,fortuna.ge
269154,f5s.io
269166,flowersforitaly.com
269201,filb.de
269216,freshtix.com
269233,fundoambiental.pt
269267,forceauto.ru
269305,ficohsa.com
269337,flatspot.com
269357,forumsinsi.com
269393,footlive.com
269408,frosinonetoday.it
269482,fantom.foundation
269498,forwardair.com
269499,frontlinesvc.com
269543,feline-holidays.com
269655,faforever.com
269699,fastaddons.com
269718,firstbaptistloeb.org
269728,femmefatalities.com
269743,fih.ch
269765,font.im
269773,faziburugetfun.com
269802,fallcent.com
269814,financnipatron.cz
269857,fisioterapiamarconiroma.it
269862,fatjoe.com
269869,futuriowp.com
269911,fiberserver.com
269914,folhadeemprego.com
269927,flashapp.site
269955,favorited.app
269981,farmp.ru
270000,fiesp.com.br
270022,flw.chat
270166,footballmarketingasia.com
270180,flowiseai.com
270209,farandwide.com
270210,floxnar.com
270218,fan.pl
270241,fosis.cl
270296,faetec.rj.gov.br
270317,funsocio.com
270324,fomento.es
270358,fullchannel.net
270360,fftt.com
270365,fourleaffcu.com
270376,frank-und-freunde.de
270405,fgwilson.com
270410,fg-analytics.biz
270482,fjordtours.com
270571,fair.ua
270621,fcjbxlapk.cc
270653,fapchat.club
270669,fyxer.com
270680,firstnational.com
270684,fixpart.co.uk
270728,flashgame.it
270763,fahrenheit.ua
270782,factba.se
270809,fe238hsnj3ei.com
270819,fastsecureservers.com
270821,futabasha-change.com
270832,forumla.de
270884,fcb-fxonline.com
270898,frenzygames.info
270905,fimaster.com.br
270942,fsastech.com
271053,flytedesk.com
271060,foochia.com
271062,fondationpourlelogement.fr
271086,fusionmail.shop
271097,fsisac.com
271102,fabtechexpo.com
271162,finam.dev
271194,fasah.sa
271222,fyggcrpcrz.com
271265,flowhot.cc
271284,fifa.gg
271329,freeporn.gallery
271334,fpcsuite.com
271335,footymad.net
271372,fuckerhd.com
271401,freshworksapps.com
271402,flex.cl
271419,fire2wire.com
271425,flxedu.com
271447,fudingren.net
271456,fortlink.net.br
271487,fg66pwa.cc
271501,fasilitassun.com
271543,fujiyama-international.com
271596,fontapi.ir
271649,filmmodu.org
271681,forcloudcdn.com
271758,flarial.xyz
271807,funds-europe.com
271818,fpgeeks.com
271821,flypittsburgh.com
271829,fancypornvideo.com
271850,ftcelectronics.com.ua
271867,feuerwehren.bayern
271886,friko.pl
271933,frauenimoeffentlichendienst.de
271993,fakevivo.com.cn
272034,foliantix.com
272063,futureplc.engineering
272083,firmacerta.it
272094,fairfax.com.au
272111,flyxo.com
272168,fokus.ba
272216,flexthecar.com
272217,fruugo.hu
272222,fastfoodnutrition.org
272265,fairwaymarket.com
272273,fileq.net
272317,feripro.de
272323,fairlatterdaysaints.org
272355,farmholidays.co.uk
272373,factory-bike.es
272375,fastmediaworld.my
272405,for-sale.co.uk
272453,fossa.com
272475,freshportal.nl
272479,fini.dev
272480,fimtale.com
272488,fuzu.com
272518,fayetteville-ar.gov
272568,fairfax.va.us
272582,flashpack.com
272595,fq44.cc
272616,fmo.nl
272626,fapyo.com
272726,findtruckservice.com
272756,fuckteenvids.com
272855,formsubmit.co
272859,fixero.com
272860,franz-net.hr
272903,foussier.fr
272928,fanhaolou.com
272977,filmizlech.com
272992,featureshoot.com
273015,ffrg.dev
273020,fonolive.com
273076,frontify.dev
273088,foreca.se
273092,formstack.io
273107,fastcase.com
273163,fumatong.net
273176,focuspress.ro
273204,finversia.ru
273220,fvbj-afbj.ch
273240,freightamigo.com
273276,falcon-bms.com
273285,filmbooster.fi
273308,figurait.ru
273315,feelgood-shop.com
273376,fondpravmir.ru
273384,fkip-waluyabuton.ac.id
273438,fanblogs.jp
273441,folkbladet.nu
273449,fieldcontrol.com.br
273470,foxreno.com
273527,findhaunts.com
273535,fiware.org
273649,fujifilm-dsc.com
273661,fooledbyrandomness.com
273684,funnelkit.com
273702,ficksmusic.com
273730,fordevelopment.work
273736,fursureoutfitters.com
273773,fshwcp.cn
273827,fuxxys.co.uk
273862,fassa.com
273968,foody.co.il
273976,faunusplant.ro
273977,febijus.com.br
273978,femimoda.pl
273979,ffspb.org
273994,fundamentalbusinessinsights.com
274006,fntic.com
274012,flagma.cz
274031,fideliscare.net
274036,forktospoon.com
274051,filen-2.net
274066,finn-flare.ru
274128,freegame-mugen.jp
274139,festfoods.com
274160,fplgameweek.com
274169,fadunews.in
274200,fishing-king.de
274203,fpish.net
274230,finance-magazin.de
274260,flor.com
274286,fsb.hr
274341,faberge.com
274355,filen-3.net
274359,forge12.com
274373,film-and-darkroom-user.org.uk
274427,fitor.biz
274436,fix-hub.ru
274452,frestonia.org
274473,forwardmotiontx.com
274482,filamentgroup.com
274490,fanaticscommerce.com
274494,flexdog.fr
274553,firsttuesday.us
274583,frikkadel.co.za
274612,fastfeather.com
274613,food63.com
274654,farfetch-apps.com
274675,filebase.io
274699,fastspinplay.com
274752,fitnessstudio-vergleich.ch
274783,floridarentals.com
274793,fastserve.net
274808,for4discovery.com
274812,free-css.com
274816,flibberwock.cfd
274849,fwchina315.net
274863,freerateupdate.com
274890,fixu-guku.site
274902,fwhosting.nl
274923,fontyukle.net
274944,fishingmax-webshop.jp
275064,fengchaolu.com
275079,fcm.digital
275225,fansub.id
275236,firecunt.com
275251,fapperchat.co.uk
275268,fimea.fi
275277,foxrentacar.com
275315,floodmagazine.com
275320,freegen.app
275323,funtown.com.tw
275332,froy.com
275421,fairgayporn.com
275460,flsmidth.com
275492,fun-wiki.win
275507,fametent.com
275519,forgeandfiregaming.com
275526,facepornvideo.com
275547,felmo.de
275548,foroclub.es
275566,flickvpn.com
275569,face.com
275606,farmacieravenna.com
275618,fawcettsociety.org.uk
275632,fzzixun.com
275648,fullertonhotels.com
275681,freiburg.social
275691,fmtcs.com
275699,fanreachdata.io
275717,freeadultcamsonline.com
275727,flymsy.com
275755,flemmix.fast
275780,fmosaka.net
275794,freakden.com
275801,fvbdgzgyy.cc
275812,fangchengbaocloud.com
275892,fremm.es
275907,fayat.com
275912,frcbd.net
275958,forumkeralam.in
275984,funtubeporn.com
276001,filmfileeurope.com
276012,fizy.com
276048,fosunhanig.com
276106,fatsoeslandmil.com
276119,filmitorrent.net
276128,free-work.com
276141,financeai.com
276216,fpdcc.com
276426,fedsmith.com
276429,f64.ro
276442,flix.psi.br
276453,foundersfund.com
276580,factorychryslerparts.com
276606,flagstaffpubliclibrary.org
276609,fourtf.com
276655,familyspace.ru
276680,ftdi.com
276722,finduslocal.com
276740,fromatob.com
276745,flamefrags.com
276748,fangamer.eu
276760,fooby.ru
276850,free-youjizz.bond
276892,ffsky.com
276897,footballdatabase.com
276960,fjsl.cn
276964,factorial.dev
276973,firstamendmentcenter.org
277034,fangcaotang.com.cn
277054,fastnom.com
277064,fedorov-jeweler.com
277121,fn.no
277141,frugalware.org
277175,fmtuedmh.cc
277205,fuehrerscheinindeutschland.com
277237,fenix7.com
277323,flipline.com
277332,fonwall.ru
277374,forumklassika.ru
277396,fbs.co.jp
277438,fasteners-360.com
277464,fonteyn.nl
277472,ffme.fr
277506,fch.de
277528,fh8labs.com
277548,fonelab.com
277556,forwardmobile.ru
277593,floraegarden.com
277648,future-processing.com
277684,fantasyalarm.com
277726,forddirect.com
277782,frontenics.com
277803,fazier.com
277833,fastlanefi.com
277836,fixgo.com
277889,fixdapp.com
277947,firstdata.io
277953,freeradio.com.ua
278011,fcc.ad.jp
278031,fmlivex.live
278155,fontslookup.com
278204,faraborddi.com
278271,facultyresources.com
278272,futureearth.org
278308,futuretravelexperience.com
278365,furgon-center.ru
278522,fuzokudb.com
278554,fandemoniagames.com
278566,freespee.com
278569,ftdnserver.com
278583,foehr.de
278613,fapator.com
278667,folketsbioumea.se
278730,fc2w3892hjs9.com
278815,florim.com
278835,fanbridge.com
278836,flarenode.net
278891,fujikura.co.jp
278922,formfactor.com
278952,fondationbrigittebardot.fr
278996,familotel.com
279027,fullmailbox.com
279054,forevita.co.kr
279067,fwisd.org
279079,family.org
279138,fielddoctor.co.uk
279178,fielding.edu
279221,for-our.info
279231,freeshell.de
279243,followinginmyshoes.com
279278,fremonttribune.com
279292,fullenrich.com
279297,flixcorn.com
279328,freedynamicdns.org
279334,free.com.tw
279337,finder-portal.com
279350,fusionsignage.com.au
279384,furniturebarnmn.com
279410,fastgyro.com
279433,front-wiki.win
279441,firebirdtours.com
279506,flve.cc
279520,fileflex.com
279523,ffemdom.com
279540,fabfile.org
279587,fjgc-gccf.gc.ca
279605,fbpurity.com
279637,fulcrum.sg
279651,fit4ref.biz
279670,fangmoonlight.com
279730,frankspeech.com
279778,feetures.com
279791,fgdfitlq.cc
279824,fasttech.com
279833,fpshield.com
279839,fedecardio.org
279865,forbes.at
279870,formattoefranquias.com.br
279970,finlandhotel24.com
280009,freexxxfilms.mobi
280033,fj.gov.cn
280060,flabber.nl
280063,forward.ad.jp
280186,froont.com
280216,frederickcountymd.gov
280221,freo.money
280259,fluency.io
280277,freeadsonline.biz
280286,financewalletapp.com
280323,fisiocritici.it
280378,fanstory.com
280379,flixcdn.cyou
280445,filmaeu.com.br
280446,flymateshoes.com
280481,fonezone.com
280501,fupxy.com
280505,fathyibrahim.com
280520,fordtrucks.com.tr
280539,fiscozen.it
280549,freewings.boo
280660,futbolaragon.com
280669,fireplacedoorsonline.com
280693,fileburst.com
280696,fantasynameworld.com
280701,flynonrev.com
280710,feed-master.com
280713,fazzatours.com
280722,finto.fi
280728,fasad.eu
280731,freepornjpg.com
280743,forum4x4.org
280852,fleetcomplete.co
280872,forumromanum.com
280935,foscarini.com
280940,freewebhostingarea.com
280986,filmboxliveapp.net
280991,frenchdictionary.com
280998,fanbeat.win
281006,faulkner.edu
281097,family-action.org.uk
281122,forevermark.com
281131,fluix.io
281165,freestatistics.org
281234,focus-home.com
281284,fingersporn.com
281362,frankfurtrights.com
281380,football.co.uk
281465,fbwebprogram.com
281532,fidoman.ru
281555,fsgrs.com
281579,fokus.se
281586,f-nikiforov.ru
281596,firmaprofesional.com
281600,f74.casino
281620,fordtransitusaforum.com
281672,fortrockdc.com
281677,fullcam.me
281681,fontjoy.com
281695,fespaco.org
281719,fello.ai
281758,foxxl.nl
281764,fairway.com
281799,fnz.com
281836,formulatv.ru
281900,future-science.com
281913,f1host.com.br
281919,fullsession.io
281949,firstcisl.it
281988,flexsim.com
282001,formalms.org
282030,fastnedcharging.com
282050,flextail.com
282096,fx361.cc
282143,facebook.it
282166,forum.nl
282248,freepornhunter.net
282259,fintiba.com
282264,fabrikabaskida.com
282289,fap18.tv
282293,feddit.org
282319,flashnet.at
282369,furunotraining.com
282381,fox28savannah.com
282420,filmesporno.com.br
282428,ff-net.at
282432,fundacionadecco.org
282473,fern.org
282558,ford.eu
282574,fecofa-rdc.com
282592,ff4gvhiuh87t87.com
282597,freesexavenue.com
282619,fluxpools.net
282694,fwxgx.com
282708,filmoita.xyz
282731,foundmyfitness.com
282791,fortuneportech.com
282802,firstparish.org
282886,frontm.ai
282887,fineartstudioonline.com
282943,free-porn.live
282959,fishing-victoria.com
282969,foodfirst.org
282990,felix.org
283100,fiber.nl
283112,formaxstore.com
283164,freeadultcontent.us
283205,fivestarpainting.com
283215,firstanalquest.com
283267,foolishmanseeks.com
283313,fansworld.co
283321,financialstandard.com.au
283330,fast.eu
283337,fh21.com
283348,fishingminnesota.com
283352,forex-world.net
283355,flatpress.org
283393,flixtrain.com
283400,fedcoseeds.com
283418,fatcatservers.com
283420,fabriclondon.com
283485,fixpart.es
283545,flashphotography.com
283569,fami.com
283634,fitchburgstate.edu
283675,fratec.net
283690,ferma.cloud
283703,foxhq.com
283746,fynu.edu.cn
283764,fussballmanager-online.net
283767,flash-mini.com
283778,freeadulter.pro
283786,fitshop.gr
283796,filerecoverphotosvideos.com
283808,fartino.com
283830,fxmag.pl
283833,fiestyfinder.com
283862,foxdeportes.com
283886,friendsofwildsalmon.ca
283905,flashstart.com
283943,forestforum.ru
283945,free-arab-porn.com
283947,fcom.ch
283954,funbet-casino-uk.com
283955,finorma.ru
283970,fedstats.gov
283980,f-prot.com
283990,finsb.ru
284001,fruitbouquets.com
284059,fyyd.de
284108,fau.org
284113,filewave.net
284120,f19.nl
284158,fleetphoto.ru
284188,freehostingeu.com
284231,freemusic123.com
284252,fnet.ne.jp
284268,finos.ru
284295,fycma.cn
284332,fashionunited.de
284343,fnha.ca
284360,footlocker.co.in
284379,ferns.club
284386,fiber.ee
284505,fibercorp.com.ar
284522,fozhu920.com
284526,franceqw.com
284531,ferrari.it
284574,fusionacademy.com
284630,fubuki-umami.space
284641,friesenpress.com
284696,fairplay1.com
284730,flirnapolfwemvrybhszorex.com
284737,flmng.live
284750,forestholidays.co.uk
284808,faa.dk
284811,fortwaynemusic.com
284815,fadavis.com
284828,feministfrequency.com
284860,florentinraud.net
284861,fotos24.org
284862,foodjkl.com
284867,fosiaudio.com
284903,freehosting.host
284967,flatspotter.com
284998,forumieren.com
285020,flova.ai
285046,faceittracker.net
285068,franklinplanner.com
285086,foodservicedirector.com
285104,fbrq.com
285150,filamentphp.com
285180,focus2move.com
285189,fundacionerguete.org
285229,feiertage-api.de
285232,fran.si
285243,financialexecutives.org
285269,freekaamaal.com
285297,fonts.net.cn
285356,francetoday.com
285401,fantasts.ru
285454,fr-fans.nl
285459,forkable.com
285478,fishpoint.fi
285492,farangmart.co.th
285519,femboylover.org
285554,fieldsupply.com
285572,flyhost.in
285591,fisprepaid.com
285608,fontmetrics.net
285635,filnet.net
285637,frsapp.dev
285661,forest-trends.org
285679,fil-it.ru
285718,flashfire.site
285723,fbk.info
285728,filfan.com
285731,fiatleak.com
285750,finrafoundation.org
285784,footlocker.es
285796,flaglog.com
285825,filo.news
285827,finix.com
285852,friedrichshafen.de
285888,foyersrurauxpaca.org
285941,fluidstack.io
286004,fdagroup001.com
286020,feb.org.ar
286038,fetchpik.com
286039,ffvbbeach.org
286040,fiturban.com.br
286041,fsaduconcursos.org.br
286058,file-photo.com
286081,fl.edu
286100,fun.ru
286108,flastpick.com
286123,fnbrno.cz
286150,ferring.com
286405,f-rakunet.jp
286406,facettech.com
286407,falepaco.com.br
286408,falken-asean.com.sg
286409,falken.com.au
286410,fastpassserver.xyz
286411,fbspider.com
286412,fear7calk.com
286413,feifeinodes.com
286414,fhlsep.cn
286415,figmafound.org
286416,finds-x.com
286417,firehousesubslighting.com
286418,firstdataclients.eu
286419,fittenlab.cn
286420,fleetoncloud.io
286421,flexiblenet.org
286422,fliflix.se
286423,flippercloud.io
286424,flowhelp.com.br
286425,flussgeist.info
286426,flutterseatech.it
286427,fogvip-zz.uk
286428,fontoapp.com
286429,fooandfriends.top
286430,forentier.org
286431,fortunus.com.br
286432,fs-code.com
286433,ftec.us
286434,fuelboss.net
286435,fuentesinformadas.com
286436,fujitsu-apps.com
286437,fujitsu.fi
286438,fullsend.to
286439,funcdeg.com
286440,furunohermace.com
286441,fxo.com.br
286918,freehosting.net
286957,freertool.com
287007,freedom-travel.kz
287056,ftzwarrant.com
287116,freizeitmonster.de
287216,foxnezia.dev
287217,fraedom.com
287272,funk-love.jp
287277,filtrify.com.br
287288,filipinotimes.net
287326,flysafarilink.com
287331,firstview.com
287355,fireprotectiononline.co.uk
287374,forgemind.net
287413,fkkumw.ac.id
287447,fh-diploma.de
287455,frostmailer.com
287508,fnn-news.com
287552,fotox.io
287604,framasoft.net
287619,fontnest.online
287665,floward.com
287676,firstmedia.cloud
287695,fastcdnshop.com
287704,festinagroup.com
287711,fxo.co
287730,fattlabs.com
287742,fdmgroup.com
287753,fbcontent.cn
287804,fyple.com
287814,fatgirl-xxx.com
287822,fejo.dk
287823,ftd.com.br
287857,fashionpornvideo.com
287887,flyert.com.cn
287911,forums-enseignants-du-primaire.com
287934,faxin.cn
287940,financialmirror.com
287989,filmbooster.com.au
287997,foreverfurnishings.co.uk
288016,fastenersplus.com
288018,frontporn.net
288028,frendi.ai
288042,faire.dev
288053,fast-eda.my
288061,fmu.br
288081,fundstratdirect.com
288107,famuse.co
288108,fktr.io
288139,fixo.ro
288153,fundflowings.com
288158,flashfussball.de
288224,freexxxvideos.mobi
288233,fleetmon.com
288276,fortifiedfitness.com
288306,fireplacesandstoves.uk
288313,futuremind.network
288411,free69tubex.com
288446,focolare.org
288470,forage.com
288495,fszdx.com
288507,filmsupply.com
288525,football-data.co.uk
288565,followin.io
288588,falix.gg
288616,femdommovies.net
288625,fjsoft.at
288639,flaxggle.com
288664,faballey.com
288681,fintraffic.fi
288690,fairstone.ca
288701,fliegende-pillen.de
288706,forumpa.it
288722,freexxx.lol
288725,fmoze.com
288736,future.com
288764,freeconferencealerts.com
288765,freeborn.app
288800,fabacademy.org
288801,fansshare.com
288802,faucre.com
288803,fabbon.com
288837,fifthstarlabs.io
288850,flickzone.to
288878,faire-savoir.com
288890,femina.dk
288925,fsrao.ca
289000,freestuffdirect.net
289035,fluxmomo.com
289044,fairwinds.org
289067,frannieshair.com
289154,freiheitplus.de
289167,foxhome.co.il
289174,fundbox.com
289257,finning.com
289272,fabricsight.com
289274,fandompost.com
289317,fwserver.com
289335,flfwzx.top
289392,founderscard.com
289404,formlets.com
289454,formulafanatics.com
289463,farmaciabel-lan.com
289513,fusor.net
289556,finex.co.id
289566,freddybot.com
289570,fkmandalawaluya.ac.id
289623,florsheim.com
289635,ftor.de
289640,forum-peugeot.com
289731,firestream.to
289738,firmania.biz
289753,fox23maine.com
289849,freemansauction.com
289954,fashion-luna.com
289984,fssummit.com
289985,fusskleidung.de
290099,fidlock.com
290131,friendproject.net
290138,freshxxxflash.com
290152,federalpolyayede.edu.ng
290185,fishingtacklestore.ca
290195,fmn.dk
290198,fornex.host
290238,farmhousefreshgoods.com
290239,furniturehistorysociety.org
290289,finarte.it
290306,fiets.nl
290313,frontiertouring.com
290339,flareton.com
290340,flagpole.com
290404,fistbumpmedia.com
290418,fapdivan.com
290419,foodlog.nl
290423,ferplast.com
290426,fishermansfriend.com
290435,footballfoundation.org
290438,flashusdt.org
290451,freshpikonline.com
290475,frontkb.com
290494,fishing-otsuka.co.jp
290542,fantic.com
290547,fuelwatch.wa.gov.au
290614,fdutyleadgenerationpromotion.shop
290620,flyingcarpet.team
290623,friendslookingforbenefits.com
290638,fixbos88.net
290685,flinnsci.com
290701,frieschdagblad.nl
290704,factorywheelreplacement.com
290727,fasoarzeka.bf
290734,fact09.casino
290805,freepornarabsex.com
290825,fuorirotta.org
290838,freealltheme.com
290839,fellow.pl
290870,fiduciedesjardins.com
290871,fediap.eu
290966,fashionguide.com.tw
291001,fc-fanshop.de
291007,fondapol.org
291024,floratediye.com
291080,fratinardi.it
291085,fcsgforum.ch
291120,feedipedia.org
291131,flippity.net
291138,fiztrade.com
291158,foodwithfeeling.com
291159,floa.com
291178,furudloof.com
291210,fraenk.de
291242,foaf.sk
291249,fix-myspeaker.com
291260,fulokoja.edu.ng
291264,fishcownot.com
291341,flex.team
291342,forevernew.co.in
291402,fart.website
291406,familyhartdb.com
291445,fontstatic.com
291464,faradns.com
291472,fussball-wm.pro
291523,futbolaspalmas.com
291538,faithfurniturecompany.com
291559,forgetdmca.com
291677,f1arcade.com
291728,farmasimandalawaluya.ac.id
291734,findbook.com.tw
291746,fishingporn.net
291753,firstdatacorp.com
291758,fullhyderabad.com
291775,faithcomesbyhearing.com
291802,find-fr.com
291828,fly-teh.ru
291898,franceix.net
291907,firstweber.com
291918,flaxmovies.lol
291991,f-i-ts.net
292043,feeling-creations.com
292097,fondazioneremotti.it
292168,free-xxxvideo.yachts
292172,formdr.com
292183,findabride.net
292197,fkesumw.ac.id
292218,fanhouse.com
292235,freedraftguide.com
292236,flipsidegaming.com
292245,frdl.io
292302,firmenabc.com
292310,flashputon.net
292332,fetcherx.com
292334,finehairypussy.com
292346,fromkato.net
292349,foremostgolf.com
292363,fairhealthfitness.com
292542,fusionnetworks.net
293455,f0poek2.com
293456,f0u423p.com
293457,f200m-hoki.top
293458,f2h7y.sbs
293459,f2klrp3w.com
293460,f2mv.top
293461,f3r9p7l.com
293462,f4c4y3s.com
293463,f61mmr.com
293464,f7g9z1z.com
293465,f8bet18.pro
293466,f8bet19.pro
293467,f8betf.cool
293468,f8betg.cool
293469,f8betk.wiki
293470,f8betw.show
293471,fabfashion4u.com
293472,facetopup.com
293473,factura-lo.com.mx
293474,facturama.pt
293475,fairbhai9.com
293476,fairplay.global
293477,fairplay.inc
293478,fairplay24.vip
293479,fairplayid99.com
293480,fairpunt.co
293481,fake-vlxx.co
293482,falconai.online
293483,famegrow.in
293484,famportal.com.br
293485,fantaearn.com
293486,fantasygameday.net
293487,fapstory.net
293488,farmaciasocial.com.ar
293489,fav77no.com
293490,fazefashion.shop
293491,fbd70rhc.com
293492,fdsa85kc.com
293493,federalassociados.com.br
293494,feelsilki.com
293495,feoozktj.com
293496,fep873.com
293497,fergarden.com
293498,ff26qy.com
293499,ffmadrid.es
293500,ffrm.es
293501,fgei.gov.pk
293502,fgsajw8a7sjw.com
293503,fh50bm.com
293504,film2mediax.top
293505,film4n.com
293506,fimsex.blog
293507,finance27.co.za
293508,financesearches.com
293509,finanzauto.com.co
293510,finelegends.com
293511,fintreeindia.com
293512,fipavonline.it
293513,firepayment.org
293514,firstjobly.co.za
293515,fiscaldeprova.com.br
293516,fjtlmvti.com
293517,fk999.xyz
293518,flickacosmetics.com
293519,flipsalto.fr
293520,flirtycanada.com
293521,floearners.com
293522,florianhurelhaircouture.com
293523,flowish41.com
293524,flydreamdtw.com
293525,flygo.com
293526,flymark.dance
293527,fo029jt5.com
293528,fogogame017.com
293529,folkmart.ua
293530,follamigas.es
293531,foodstreep.su
293532,form990.org
293533,fortuna.tn
293534,forumneyine8.co
293535,forumsinif.com
293536,foxy999.com
293537,foya88-gcr.com
293538,fpvirtualaragon.es
293539,fqef4613cas.com
293540,free9game.com
293541,freearb.in
293542,freedekho.live
293543,freehit7.com
293544,friendsscreen.kr
293545,frn479.com
293546,fsiblog4.cc
293547,fsinude.com
293548,fst01cash.com
293549,fstweb88.com
293550,ftteknojud.com
293551,fuck-dating.com
293552,fugas.gov.gn
293553,fullmark-en.com
293554,fundacionbbvabancomer.org
293555,fundalms.net
293556,funex365.org
293557,funexchpro.com
293558,funxcolwall.com
293559,fusototo.in
293560,futbollibre.co
293561,futboltenerife.com
293562,futemax.reise
293563,fuv6ljbl.com
293564,fuzeforge.com.br
293565,fuzhouzhuiyue.com
293566,fxrjiasheng.com
293567,fyph678.top
295672,fish4.co.uk
295712,finative.cloud
295720,freewar.de
295764,folkebladet.no
295778,funk-dichtungstechnik.shop
295867,farbank.com
295872,frontlinebackoffice.ca
295884,fdutydigitalmarketingpromotion.shop
295909,flotech.co
295937,fitnessintl.com
295942,foundmyself.com
295947,fmarion.edu
295971,feelinsite.com
296032,findingada.com
296043,fmdb.mov
296080,fnordon.de
296090,framinghamheartstudy.org
296125,fdnet.com
296151,financieeldossier.nl
296154,favo.id
296190,fabuwood.com
296214,flagma.cn
296229,fi.ee
296243,futuroprossimo.it
296264,forex4you.com
296271,fierabolzano.it
296288,freecloudapps.com
296306,fotekchina.com
296314,fmdos.cl
296324,freeblog.hu
296378,flightseatmap.com
296400,firedrake.org
296439,fdutyemailpromotion.shop
296441,forensicfocus.com
296451,foxeycode.com
296531,furnituremattressplus.com
296533,fragrantica.de
296579,fullxhosting.com
296584,f13.online
296601,fumec.br
296610,fiaccho.com
296621,fly4free.com
296627,free-pornxxx.com
296631,faw.cymru
296660,ffin.com
296689,fjdrying.com
296719,formynews.com
296733,fdutycontentpromotion.shop
296756,fv-bwl.de
296774,fadmagazine.com
296779,flo-joe.co.uk
296802,fil.pt
296807,futongsmart.cn
296824,fifeweb.org
296877,friendsofbigbearvalley.org
296906,fazer.fi
296919,fcmi.com.tw
297008,futureartist.net
297023,foody.com.cy
297058,fdutybrandpromotion.shop
297066,fszek.hu
297101,fileformat.com
297138,flagma.uz
297142,futurlec.com
297185,fruugo.be
297193,f-marinos.com
297212,foorir.com
297384,filmoflix.support
297390,flightpedia.org
297401,frontgate-email.com
297408,feuerwehr-fuerth.org
297433,fathead.com
297460,fdutyvideopromotion.shop
297472,funerportale.com
297524,fluidbranding.ie
297580,firedrakecreative.com
297581,fabersoft.it
297602,federalna.ba
297635,finanstilsynet.no
297670,fluidattacks.com
297698,forum-3dcenter.org
297715,free-slots.games
297755,fdutyblogpromotion.shop
297783,flirtgranny.com
297837,factor.am
297845,figopetinsurance.com
297846,fxrebateclub.com
297953,fecap.br
297960,firstonline-server.com
297994,flynet.by
297996,focusjunior.it
298097,farma2go.com
298133,fdutysalespromotion.shop
298148,fixsupply.com
298234,forodvd.com
298268,fuckrolls.com
298287,findsearchresults.com
298317,forum-gpmoto.com
298394,forwardmy.click
298425,file-extension.org
298433,faucetexpress.ca
298453,farmguide.in
298468,friendporn.net
298545,fdutysocialmediapromotion.shop
298560,francosarto.com
298607,foodscores.co.uk
298631,feishew.com
298652,fluxholding.com
298673,flickrocket.com
298685,frankstout.com
298724,flx.com.au
298727,ftspecialist-us.com
298805,fkunumwkendari.ac.id
298859,fietsvoordeelshop.nl
298861,foldapp.com
298865,flashput.net
298957,freethought-internet.co.uk
298974,ferg-img.com
299033,fertighaus.de
299044,freedidi.com
299056,festivaldemalaga.com
299077,fashionisers.com
299122,fit4ref.net
299167,forumattivo.com
299186,flomoapp.com
299188,fundedassets.com
299200,fdutyseopromotion.shop
299211,fullspectrumdigital.com.au
299259,feinternational.com
299272,food2train.com
299284,fdutypodcastpromotion.shop
299293,fleshhole.sex
299319,fuckoffamazon.info
299328,freeporneffect.com
299343,fishingmobile.org
299354,freematjaree.com
299384,freewebtemplates.com
299395,funescoop.com.ar
299418,funcrea.com
299429,fonttoolbox.com
299459,freeaporn.com
299464,filespace.com
299482,fdcm73.net
299507,ferio.ru
299518,f35.com
299519,fmovies-cc.click
299527,francite.com
299575,fact.solutions
299588,fleetguard.com
299595,freshshemaleporn.com
299685,fubiantech.cn
299722,foryourmarriage.org
299726,finanzplaner-deutschland.de
299731,fussballmanager.de
299734,fairment.de
299778,fdutyaffiliatepromotion.shop
299779,fbmwl.com
299793,forexrate.co.uk
299800,frommybowl.com
299884,fisheriesireland.ie
299922,firstcarolinabank.com
299938,fabrikbrands.com
299946,fussballn.de
299978,filovent.com
300051,fabconnectprovedor.net.br
300095,familystylefood.com
300202,freiheitsrechte.org
300216,firefishsoftware.com
300359,flexoprint.ru
300402,folhacerta.com
300416,fscc.ru
300471,freereelsw2a.com
300484,fasecolda.com
300498,fidelityrewards.com
300519,figma.bot
300567,forumotion.co.uk
300609,fsbkal.com
300610,fashionbubbles.com
300618,fitwill.app
300634,franticllc.com
300643,freetato.ru
300649,fwcdn2.com
300656,fdutyservicepromotion.shop
300681,fashion-collect.jp
300698,fdutyeventpromotion.shop
300715,fntit.com
300719,florexpol.eu
300724,fdutystartuppromotion.shop
300747,for9a.com
300764,fhinds.co.uk
300774,flagspot.net
300780,findstarlink.com
300798,flylib.com
300814,fmfaces.ru
300820,finixpymnts.com
300821,f7cloud.ru
300829,frotcom.com
300902,farbenloewe.de
300922,financnisprava.cz
300942,fingerhut.com
300967,fdutyppcpromotion.shop
300983,friendlycaptcha.eu
301013,fcbg.ru
301038,free-xxx-video.monster
301059,fpago.com
301092,free-xxx-movies.club
301109,flor2u.ru
301126,fundacionmineradechile.cl
301135,ffxivteamcraft.com
301164,freshgayporno.com
301165,frpt.net
301186,fietsknoop.nl
301198,f84.casino
301253,free-xxx-porn.yachts
301267,fc2img.com
301285,fxs.se
301295,fxgt.com
301307,fulltrackapp.com
301311,fabiomanganiello.com
301312,formize.com
301325,fotofabriek.nl
301326,foodmanufacturing.com
301327,fert.cn
301354,f1net.com.br
301360,fidelitybank.ng
301384,formand.ru
301491,fastcentrik.eu
301515,facebuds.com
301530,fr765.xyz
301570,fastnet.net.br
301591,flashbrother.net
301647,fitracking.com
301655,feniximportperu.com
301687,foodpackagingforum.org
301708,flightlegends.ai
301726,ferries.gr
301758,favbet.hr
301832,fmcity.com
301848,fraasarva.co.uk
301874,fangjia0898.com
301897,flair.hr
301966,financialintelligence.ro
302030,f9tg.com
302082,feldot.com
302091,freelanceswitch.com
302120,fleetwatcher.com
302147,firewalla.org
302172,free-xnxx.click
302223,free-xvideos.site
302234,faces.sa
302274,federalcompass.com
302277,fitweb.net
302285,fs-findlaw.com
302293,forumogrodnicze.info
302308,freexxxteeny.com
302345,friscoisd.org
302421,f2movies.sx
302428,feweek.co.uk
302444,fireserv.ro
302450,foretstudio.dk
302451,fatty15.com
302462,fotbolltransfers.com
302479,filmhd1080.xyz
302496,fasterproductions.com
302499,fetish-friends.com
302501,familyfurnitureperry.com
302523,filmyonline.cc
302524,fruugo.my
302550,fred.net
302588,foxcdn.ru
302595,fido.net
302608,flcu.org
302620,filmuniversitaet.de
302637,fis.dev
302660,freedomcardboard.com
302684,frontrange.edu
302685,finlayson.fi
302686,fishersci.fr
302692,freshoffthegrid.com
302698,flexfeny.shop
302752,frontrunneroutfitters.com
302775,firemultimedia.nl
302804,fdutylocalbusinesspromotion.shop
302823,finest-jobs.com
302833,findex.cn
302840,fdutyyoutubepromotion.shop
302905,fieldstackintelligence.com
302927,free-pornhat.cfd
302950,forgotten-ny.com
302958,finerbirger.one
303003,fdutyadvertisementpromotion.shop
303006,fisioterapimandalawaluya.ac.id
303037,familyassets.com
303098,finance-ni.gov.uk
303114,firstshop.co.za
303120,fauquiercounty.gov
303156,freepornwatch.net
303169,farrer.co.uk
303260,fayettecountyga.gov
303301,fukuinkan.co.jp
303306,finewank.com
303327,fotontel.ru
303330,fayettevillenc.gov
303358,fmniigata.com
303377,fcsamerica.com
303384,forobet.com
303403,flyyeg.com
303443,feminismus101.de
303481,fuq88.com
303499,fdutyapppromotion.shop
303537,findcourses.com
303550,filmne1t.info
303602,fastores.top
303607,fdutywebsitepromotion.shop
303609,fiskerinc.com
303629,film4me.com
303638,freedom.nl
303665,firstpalette.com
303699,foxcityzfoxz.com
303726,forocruising.com
303739,francenet.fr
303746,fkesmandalawaluya.ac.id
303747,forumimage.ru
303787,fzmovies.site
303836,firewoodzz.com
303840,fdutyproductpromotion.shop
303879,filestack.com
303895,floraccess.com
303899,ferremusique.com
303901,featuredcustomers.com
303925,foyomed.com
303958,flagman-it.ru
303969,futurenet-bd.com
303980,fvlyrmrj.com
304034,fwz.casino
304042,filmbooster.at
304057,footballshirtculture.com
304070,feliubadalo.com
304082,fastpng.com
304096,fx2.io
304100,fapjerks.com
304139,firstsourcewireless.com
304178,filigran.io
304207,fdutyinfluencerpromotion.shop
304212,finews.asia
304244,fs555.casino
304248,findonlineresults.com
304255,faviconkit.net
304406,ferzu.com
304437,firstcry.sa
304438,fdutye-commercepromotion.shop
304450,feedstuffs.com
304481,fanttik.com
304497,folkartmuseum.org
304540,f88.vn
304546,ferrum.edu
304616,familienservice.de
304628,freemovies-porn.cloud
304643,flexcar.com
304794,flobikes.com
304841,fumettologica.it
304865,folge3.de
304878,farmsync.cloud
304892,ficbook.group
304899,free-youporn.cfd
304907,forexclub.pl
304939,ftrobot.tech
304941,focusglobalblog.nl
304950,fcbarcelonanoticias.com
304959,fbnasfjm.cc
304966,fortworthstockyards.org
304983,ffbad.org
305016,firaxislive.net
305056,farmgirlflowers.com
305078,fxpro.group
305086,feidee.net
305094,foolbazar.eu
305125,fioulmarket.fr
305165,filtr-zvonkov.ru
305168,familyleisure.com
305191,footpathapp.com
305211,faillissementsdossier.nl
305241,family-notices.co.uk
305303,flyability.com
305342,fashfed.com
305345,frosfo.ru
305358,fobya.com
305382,festik.net
305403,frisbi24.ru
305410,fdutybusinesspromotion.shop
305423,flicket.io
305440,fastserver.club
305450,fastfilestorage.net
305471,f150lightningforum.com
305493,fictionporno.com
305592,flexdream.jp
305629,futurecms.at
305685,fierceboard.com
305689,foodpanda.com.kh
305700,futureskills21.eu
305723,fdutyonlinecoursepromotion.shop
305877,fndrsp-checkout.net
305925,fanbanter.co.uk
305926,frays.com
305935,forbes.ge
305951,fastercapital.co
305971,fashiontopbuy.com
306026,ferdium.org
306032,focusworld.nl
306037,funboy.com
306047,fedworld.gov
306060,frumzigrac.pl
306064,filorga.com
306103,fez-fahrzeugteile.de
306106,friendlyelec.com
306156,flexsteel.com
306168,filen-4.net
306185,fshmandalawaluya.ac.id
306249,fondy.eu
306255,flexpayment.tech
306264,foxterciaimobiliaria.com.br
306277,frankensolar.ca
306284,fengxiantouzi.org
306304,flaschen.de
306315,flaunt.nu
306347,flemingcollege.ca
306369,for-youjizz.beauty
306413,forin.gr
306460,first3guarantee.com
306462,fridayad.in
306470,faller.de
306490,futebolmax.org
306495,fabapps.co
306538,fantasium.com
306566,fernchop.live
306574,fantasyspringsresort.com
306592,fast-edgar.com
306605,f.kz
306606,fiosity.pw
306607,fairlabor.org
306613,fruitlessleanslender.com
306619,femjoy.com
306648,freepress.org
306649,fnamerica.com
306661,floorcity.com
306699,farmonaut.com
306721,fazolis.com
306745,freename.com
306761,fumitaoshi-blog.com
306777,filmoteca.cat
306790,fcps.net
306795,fjyousun.cn
306815,fhdrmcki.com
306837,freshtunes.com
306851,fetishporn-best.com
306867,fmh.ch
306906,fatimafamily.org
306970,fun-japan.jp
306983,free-spins.net
307000,findtutors.co.uk
307040,focusonlinemedia.nl
307100,free-counters.co.uk
307193,free-3movs.icu
307202,faunalytics.org
307216,face.gob.es
307220,forodecampistas.com
307224,fresherpost.com
307255,filharmonia.pl
307294,fon-infosport.info
307296,fullfatcommerce.com
307303,fg66app9.com
307313,filestein.com
307338,fluvalaquatics.com
307382,farmvilleherald.com
307384,futurology.today
307386,faceboo.com
307405,flashcat.cloud
307416,filmbooster.hu
307461,firstbankonline.com
307465,flowers4bratislava.com
307480,flashnet100limites.com.br
307517,fazilettakvimi.com
307523,fashionworld.co.uk
307538,finanzfrage.net
307574,furnace.direct
307599,freshysearch.com
307624,fnbpsw.com
307673,felomena.com
307692,fullsuitcase.com
307756,fueber.org
307778,firstlite.com
307791,fearproject.ru
307796,fuzzystacoshop.com
307798,free-keezmovies.cfd
307810,fesco.ru
307826,focus.org
307835,finanssivalvonta.fi
307909,findeks.com
307949,fantabulosity.com
308007,forschungsfinder-hessen.de
308059,free-reseau.fr
308062,fastdoctor.jp
308105,flhealthsource.gov
308114,fieldpop.io
308125,festwochen.at
308248,fanyu.com
308277,ferrariformula1.hu
308306,fivemx.com
308316,finetoday.com
308344,fitscience.co
308354,fashiondollz.de
308401,festoolusa.com
308407,flyingfantastic.co.uk
308473,formula1.it
308485,floir.com
308489,fsense.com
308498,flu.gov
308564,freebookcentre.net
308611,feeltheyarn.it
308616,flatchr.io
308621,fiveguys.co.uk
308680,fotor.com.cn
308691,fontimg.com
308729,firstmid.com
308733,forumsitesi.com.tr
308751,fantasydns.com
308762,feesmy.cyou
308784,footballprogrammecentre.co.uk
308852,fslive.ca
308855,fullbeauty.com
308887,ferozo.email
308892,fnmotol.cz
308906,fuvest.br
308936,fashionesta.com
308940,freeporno.me
308944,foldads.com
308998,fastservers.ge
309049,foxnet.md
309052,finstar.com
309098,facet.com
309121,featured.com
309213,fckpw.com
309221,fairmontstate.edu
309236,fldmachine.com
309245,fswebchw.com
309254,fogtv.net
309272,fluendo.net
309293,freebfg.org
309321,flooringsuperstore.com
309380,fontpair.co
309467,fertilizer.org
309508,fontget.com
309512,fireapps.io
309520,find-book.co.uk
309557,freehomepage.com
309570,freshco.com
309601,fraza.com
309603,freenaturestock.com
309608,fanki.com.mx
309610,fraulen.ru
309731,fahw.com
309740,fastnode.io
309741,fedmettel.net
309784,freegay.icu
309806,fscbiodiversity.uk
309830,floridianpress.com
309858,fjke5oe.com
309908,firma.de
309919,flaviocopes.com
309925,frieren-anime.jp
309937,ferdus.cz
309978,fruugo.gr
310010,f1f1f.com
310023,freiburger-nachrichten.ch
310073,flash.chat
310109,flexamedia.nl
310121,firewalld.org
310127,fortrade.com
310128,fableai.app
310164,freeteenxxxporn.com
310187,frozen-layer.com
310216,fackelmann.de
310235,fiv.fr
310236,faueo.com
310238,forumfr.com
310255,fennen.cfd
310262,filmtools.com
310275,forbetterscience.com
310326,fbcflushing.org
310374,finteractive.pl
310375,firstaidbeauty.com
310401,federalmogul.com
310420,fetishsex-porn.com
310466,fontnet.net.br
310483,fifamuseum.com
310583,fluentcommerce.com
310630,fifinemicrophone.com
310666,fwealth.info
310691,fastmailusercontent.com
310710,footshop.fr
310725,fcs.ed.jp
310759,furnitura-zamki.ru
310765,fastfilex.pro
310781,frequentis.com
310785,freebestads.com
310787,firstlink.com
310790,freeptube.com
310804,filecrypt.to
310815,fripost.org
310848,federciclismo.it
310883,free-xxxcom.cfd
310888,fio.de
310933,fangwin88gembira.com
310976,fvproject.com
310979,francoise-grossetete.eu
310981,fashioninprint.com
311007,fsblcww.com
311014,fullxsolutions.cl
311041,funblocks.io
311068,forum2go.nl
311069,fetedelascience.fr
311116,fabrykaform.pl
311131,fecredit.com.vn
311145,facednevzat.monster
311159,fflzw.com
311168,food-info.net
311291,fontzone.net
311293,foxytubes.com
311309,fresher.ru
311319,flipjuke.fr
311341,focuscasinohub.nl
311353,fuku-e.com
311354,fadr.com
311421,farmersguardian.com
311424,focusnetblog.nl
311442,futureplace.nl
311506,facetwp.com
311509,fieldportals.com
311539,f-tpl.com
311540,firsat.me
311577,fermatcommerce.com
311591,followfuck.com
311621,felix.ru
311748,fabricguru.com
311767,freehqtube.com
311781,fxstreet.es
311800,first4magnets.com
311811,fb-killa.pro
311839,forexbrokers.com
311842,functionofbeauty.com
311895,ftshp.de
311902,fairwaygolfusa.com
311922,fk-austria.at
311969,fluentcrm.com
311975,fresh-galleries.com
311988,femefun.com
311992,foodline.sg
311996,fctv33.com
312001,floretflowers.com
312137,fragmantic.com
312170,fooms.cc
312203,frienddns.ru
312215,fischers-lagerhaus.de
312227,fontworks.co.jp
312228,fcla.edu
312230,f1943w.com
312283,findy-code.io
312286,findmall.com
312304,fwqfw783rg2dad.website
312420,fserv.digital
312432,foodticket.nl
312464,forgetrust.com
312483,fetchyournews.com
312613,fidal.com
312616,free-wap-tube.com
312654,fastcompany.net
312663,floodlist.com
312679,forumonti.com
312711,firstderm.com
312736,f7949vj430.com
312748,fragrantica.tr
312772,flamesofwar.com
312777,f168l.com
312786,fglove.online
312820,fanwen118.com
312822,flowers4turkey.com
312871,funott.com
312876,floridayimby.com
312884,fonstola.ru
312923,flukecal.com
312973,fidesz.hu
312975,fuwucms.com
312986,fedesarrollo.org.co
313040,flame.edu.in
313084,fleur.nl
313090,frompinkventure.blog
313121,florence.com.tr
313143,freshrss.org
313153,frostwire.com
313163,fraganzi.com
313199,forzieri.com
313258,faber-castell.co.uk
313261,farsicdn.co
313283,forums.net
313327,focloir.ie
313335,fungun.net
313341,freebongo.ru
313352,fx168news.com
313362,foto-leistenschneider.de
313373,family-nation.it
313439,fontsforyou.com
313447,fixvitals.com
313466,fairway-corp.co.jp
313479,flatironinstitute.org
313496,frontnow.app
313497,forbiddenplanet.co.uk
313505,fairfaxtimes.com
313559,fzk.de
313563,fjordane-it.com
313571,finfeatherfur.com
313584,findsexonline.net
313585,fbsc.de
313655,flexweb.com.au
313716,free-porno.work
313741,flfast.org
313765,femalejesus.online
313812,f5c5y6r.com
313820,flxml.eu
313840,falcoholsters.com
313862,favicon-generator.org
313887,familytreemaker.com
313888,facebook.es
313973,foodlogiq.com
314007,fexa.io
314008,fahrschulmanager.de
314053,fid-move.de
314065,farmazon.com.tr
314084,freemantporter.com
314097,fuckit.cc
314167,futureofthebook.org
314171,freehostingnepal.com
314190,flocklr.com
314201,fairtoner.de
314212,fuga.cloud
314294,fortetelecom.com.br
314329,furnitureandbeyond.com
314331,funex.com
314371,fortescue.com
314376,filmfriend.de
314381,fluxroyalcentral.nl
314476,findus-internet-opac.de
314535,filmovisex.sbs
314543,fleury.com.br
314556,flexish.shop
314601,flncy.net
314602,fbtgibbons.com
314603,fjdye.com.cn
314622,fknh962.net
314637,feedconstruct.com
314639,feworks.net
314645,freebooksy.com
314666,fedinsfw.app
314723,forextester.com
314731,footmm.net
314780,felixpago.com
314826,fearlessfriday.com
314844,filedesc.com
314864,flors.ru
314891,fdfdsjfs7jbffd.com
314896,fiercepc.co.uk
314914,fightercontrol.co.uk
314935,fiatusa.com
314942,fluxfootwear.com
314949,filec.xyz
314954,franzis.de
315024,foodthinkers.com
315026,frankfurter-volksbank.de
315060,fastns.my.id
315062,fearlessfaucet.com
315068,forbiz.jp
315095,foodallergysupport.com
315109,flxpoint.com
315116,fwcdn1.com
315117,faehre.de
315128,favoshop.nl
315158,foodbanknyc.org
315188,fressnapf.at
315195,foxdox.de
315198,flightinfo.com
315200,flexradio.com
315237,fedtechmagazine.com
315297,fragrancewholesalerusa.com
315302,flexseg.com.br
315363,figmacorp.com
315431,footboom.com
315510,find-mba.com
315518,fdvauwvy.com
315520,fortlysisclation.com
315564,finnairshop.com
315604,fxstreet.cz
315614,flixel.com
315644,ferramentavanoli.com
315688,fairlymade.dev
315704,finework.top
315791,fij.ng
315829,facilioo.de
315878,fyidlqizm.cc
315889,forumstatic.ru
315922,fandor.com
315991,fastdns.hk
316019,f168m.com
316051,fomag.ru
316066,freeiz.com
316102,freestarburstslot.com
316108,factorydirectjewelry.com
316133,ferma.expert
316168,formattwo.ru
316192,futureurbanism.com
316257,ftcelectronics.nz
316259,focusprimeblog.nl
316336,fitindia.gov.in
316371,flowgrenada.com
316377,fisk.edu
316391,franzose.de
316493,fnol.cz
316503,fiberglassrv.com
316504,firststateauctions.com.au
316527,funbags.com
316533,feriepartner.dk
316549,familychristian.com
316558,frontieraorl.it
316576,friv8games.top
316636,fisioterapia-online.com
316663,fma.co.jp
316707,fng.or.jp
316714,fakeidvendors.com
316733,ferratum.com
316743,ftwoa.de
316749,flysansa.com
316770,fhm.nl
316833,fest.ro
316847,fg.com.br
316851,fselite.net
316852,footlocker.nl
316886,fourcplus.com
316925,fishing-ua.com
316957,forum-der-rasur.de
317060,flamix.solutions
317081,figmadaemon.com
317103,framestore.com
317107,fuzeforge-sa.com
317118,furbo.org
317136,fiveminute.net
317171,folkwang-uni.de
317183,fastportnet.cz
317193,fantasilandia.cl
317253,firstcash.com
317270,fridae.asia
317294,feltiegodmother.com
317377,fibertelecom.it
317393,farmaciaguitart.com
317407,fluffcore.com
317423,focusdiceexpress.nl
317460,felixrtb.xyz
317484,freepornfinder.net
317500,financescout24.de
317523,faisalfabrics.pk
317566,freewaydns.net
317571,football-talk.co.uk
317577,fmfukuoka.co.jp
317585,faitships.com
317627,ficsc.jp
317645,fuxion.com
317650,fatsecret.co.id
317662,foss.dk
317675,familywebhost.com
317680,funcdn.ru
317686,fragrances.com.ng
317696,free-counter.jp
317722,ffern.co
317723,financialadvisoriq.com
317725,forkinthekitchen.com
317752,freedomx.jp
317784,foreign-bride.org
317794,fluidics-equipment.com
317807,freshfieldsbruckhaus.com
317816,fintelconnect.com
317845,formulauae.com
317849,francoisderugy.fr
317872,fleetai.com
317880,fnco.it
317883,federnfabrikschmid.com
317897,f1684.tv
317901,firstdown.studio
317939,fenster-ersatzteile.com
317948,filebrowsercdn.com
318010,freespin.com
318011,fhckj.com
318073,flp2023.com
318110,flexiligner.com
318131,fischer.sk
318153,fireandemergency.nz
318285,freewebarcade.com
318323,firstbranchcms.com
318337,faces.ae
318370,firefatfastwoman.online
318374,freshcloud.com.au
318379,fru.pl
318381,fotografiarte.es
318386,flowxo.com
318510,fast183.live
318511,fastdl.club
318512,ff25.site
318513,finixvault.com
318514,firstcreditpayment.com
318515,flvto.best
318516,fufuslot-2026.top
318517,futbollibres.pe
318518,futemax.directory
318789,fscore.sl
318790,fresnocitycollege.edu
318809,fsao.com.ar
318822,fnctpqqh.cc
318840,forkheads.net
318854,fotopolis.pl
318857,fineco.it
318862,fastnetmon.com
318907,fastcdn.pro
318908,freshbetcentral.nl
318940,fashionjournal.com.au
318947,fash.com
318948,fifpl.fr
318965,fpoe.at
318986,filmbooster.pl
319003,freeuse.com
319051,foxfire.net
319070,flash-net.hu
319188,frjxp.online
319192,familyequality.org
319197,famfinder.com
319212,fx43.com
319235,fag.com
319256,fabriclore.com
319261,fluxgamingzone.nl
319275,faceulv.com
319280,fordefi.com
319358,feser-graf.de
319362,fulltimefantasy.com
319430,flokq.com
319460,firstvertex.pro
319492,foolsjudge.com
319532,fn-ns.de
319576,findpatent.ru
319606,futboltotal.com.mx
319716,fpa.org.uk
319720,ftdl.com.cn
319730,futboll.tv
319738,foreca.co.uk
319796,fresh-wave.net
319799,fitshop.de
319816,fireffl.info
319914,foxbit.com.br
319931,fonts101.com
319933,fromkorea.kr
319976,forumsec.org
319985,focuspcg.com
320001,fbhdbajbjhehjaagaacj.world
320073,fogodc.net
320110,free-xxxmovie.click
320116,finax-oxeq.online
320145,fleetboard.com
320190,fanack.com
320275,focusbetpro.nl
320296,fmlh.edu
320308,fitnessboutique.fr
320345,flexispot.co.uk
320360,fuerdunfiltration.com
320393,freefileconvert.com
320406,final-inc.com
320410,funfactory.com
320446,free7.casino
320451,fembio.org
320456,fragranceoutlet.com
320469,fhchxwwc.cc
320483,famm.org
320540,funiber.org
320549,fhwn.ac.at
320579,freebieshark.com
320654,fordclubpolska.org
320655,furry.engineer
320662,fromachefskitchen.com
320682,films.beauty
320879,focusonthefamily.ca
320889,france-inverse.com
320908,fusus.us
320913,forefrontmag.com
320916,futbolecuador.com
320992,fgvholdings.com
321015,focusclubexpress.nl
321048,fjstp.com
321057,fordlincolncharlotte.com
321083,forum64.de
321100,fkcloud.net
321114,felixtech.cn
321115,freshchoice.co.nz
321116,furnituregalleryli.com
321152,fairfieldcollectibles.com
321209,fondation-abbe-pierre.fr
321239,faxonfirearms.com
321256,faktualnews.co
321276,finanzas.gob.ec
321303,fortrea.com
321323,finnpanel.fi
321362,fortmason.org
321409,favicon.im
321427,fmb.com
321433,f1laps.com
321454,ford.nl
321463,fop.net
321468,fpapi.io
321495,falatozz.hu
321519,fmins.com
321521,faccat.br
321574,forentrepreneurs.com
321608,flexicloud.in
321612,foundationhorny.com
321641,filmbooster.fr
321658,fuxtec.de
321674,facingourrisk.org
321692,forum-foxess.pro
321739,formalu.com
321755,fuse-box.info
321759,finaloutpost.net
321794,francis.edu
321827,freecatnodles.com
321841,fdq1ewcyna.com
321867,fineoglass.eu
321953,fdc-k.org
321963,fargond.gov
321988,forzasports.com
322003,fccincinnati.com
322009,farewill.com
322020,fajans.lv
322036,flowee.cz
322040,flyvds.ru
322073,focusnetwork.nl
322086,foxxl.com
322151,filesearching.com
322163,futemax.lt
322175,foliomag.com
322185,fruugo.pt
322198,flyinggiants.com
322207,freepornvista.com
322215,fiestastforum.com
322227,finto.io
322268,floristvergleich.ch
322358,fastestknowntime.com
322378,filed.dev
322404,fetalmedicine.org
322433,fathomrealty.com
322434,feelcn.com
322477,fishbowlinventory.com
322494,farkop.ru
322513,fbserver.de
322518,fml-subs.ru
322533,farmers-shop.de
322576,foretagarna.se
322595,fnysdmot.com
322610,fecomercio.com.br
322613,flexcloud.ru
322670,forvis.com
322694,fabricmartfabrics.com
322695,fintonic.com
322696,foreca.ro
322727,fashionchick.nl
322748,floridaearlylearning.com
322749,fumedhus.icu
322782,flightsupport.com
322895,facape.br
322901,flyne.ai
322909,fred.com
322913,factorialhr.de
322950,flyboard.ru
322953,furongrong.com
322967,fragster.com
322995,feioute.com.cn
323031,findem.ai
323057,ftcelectronics.ph
323129,farmhack.org
323130,fhs.swiss
323140,farmatotal.com.py
323148,five88.sx
323231,free-porncom.yachts
323287,foreca.it
323293,forecaweather.com.tr
323296,fnob.it
323299,fmsu.org.ua
323310,focusblackjackzone.nl
323325,freexxx.bond
323391,fayloobmennik.net
323419,fillarifoorumi.fi
323444,fatmetal.ru
323459,financial.com
323489,fujixweekly.com
323507,ferienparkspecials.de
323517,fr-casinos-en-ligne.com
323534,flightcentre.ca
323542,farmacybeauty.com
323568,ferramentaskennedy.com.br
323594,freshpalacehub.nl
323598,forum.ee
323614,ftse.com
323633,feinkost-kaefer.de
323664,filmhafizasi.com
323681,fororealmadrid.com
323701,flevohost.nl
323739,fpunet.com
323751,ffmoto.org
323774,focusroulettehub.nl
323779,forgenetwork.nl
323782,flixya.com
323826,frekvence1.cz
323860,fintechnews.ch
323940,forrentuniversity.com
323947,fscta65w.com
324023,fgg.com.cn
324026,flipred.online
324043,fortunecity.ws
324058,fluxspace.nl
324107,fh3.casino
324108,focusmark.nl
324126,fesco.com.pk
324135,fh.org
324180,fxctag.com
324201,fibervipinternetbandalarga.com.br
324222,fits.cloud
324243,finqu.com
324249,fronteirainternet.com.br
324272,flevoland.nl
324275,freevideochat69.com
324285,frida.re
324302,flexprintinc.com
324330,freechatnow.onl
324350,firstbankcard.com
324427,fearlessphotographers.com
324529,fundacionibercaja.es
324612,fortwortharchitecture.com
324663,foundantix.com
324681,friscoshop.it
324745,firstcloudsecurity.net
324784,francedns.com
324792,fullhires.com
324814,fontesk.com
324823,freshspinsonline.nl
324859,flirt-888.com
324865,fun-sport-vision.com
324868,frigidpine.com
324887,firstanswer.ai
324888,function18.com
324897,fundsmart.com.cn
324913,foroffice.ru
324967,freemovement.org.uk
324985,foodiewithfamily.com
325017,fremontinfo.net
325045,flatironschool.com
325065,finandy.com
325091,fumoshop.com
325105,forgearena.nl
325113,fwsb.de
325148,freecdn14.top
325166,file-extensions.org
325192,freetrailer.com
325209,farmaciasapp.com.br
325220,fairgarage.com
325240,fujisports.com
325250,fabrykasily.pl
325271,f-date.de
325283,fivevault.net
325306,fyuse.com
325329,farlicdn.com
325346,featureupvote.com
325349,fstcb.com
325386,futern.com
325407,focusbetdaily.nl
325412,freshluckyhub.nl
325436,feedier.com
325476,fjfist.com
325490,freewellgear.com
325535,freero.org
325554,foflf.com
325587,free-tube8.site
325590,filofax.com
325597,freecdn5.top
325599,feltmanbrothers.com
325627,feuerwehrmagazin.de
325645,fleurop.nl
325695,feadulta.com
325743,fleethop.online
325759,fetishxxx-date.com
325780,freeworldmovies.com
325783,for-good.net
325788,fyqq.cc
325806,finalrocket.com
325825,freepng.ru
325828,fluxworld.nl
325852,figure.run
325856,fultonfishmarket.com
325869,fragbite.se
325913,football-ranking.com
325964,formative.net
325985,frndapp.in
326041,fellatiojapan.com
326061,focus360media.nl
326066,fairaudio.de
326067,fonape2021.com.br
326082,fr-meilleurs-casinos.com
326095,fkipumwkolaka.ac.id
326122,ficsi.in
326129,focusarenastudio.nl
326131,fhios.net
326158,folkandhoney.co.uk
326167,fierceelectronics.com
326170,federatedhermes.com
326205,firstindia.co.in
326235,faneuilhallmarketplace.com
326290,food4fun.com
326307,fqxh.cc
326323,flash-mp3-player.net
326327,finanzmarktforschung.de
326349,faceswap.dev
326389,fybercom.net
326407,fleetwire.io
326416,faiksonmez.com
326426,fad.ru
326478,freedomarchives.org
326537,fruugosaudiarabia.com
326556,frmug.org
326569,focusviphouse.nl
326584,fictionhunt.com
326613,fifa15.ru
326636,freeokk.pro
326637,fresnorentalhelp.com
326638,fastco.co.uk
326674,fornituracentral.com.br
326711,filpack.fr
326729,fgtrack.net
326730,firejoker.net
326743,fuhai360.com
326749,fr-hotels.com
326790,fajnegotowanie.pl
326791,ford.com.co
326792,fotosmulherpelada.com
326921,fsbpt.net
326947,freevpnsuper.com
326959,forever52.in
326980,famouspaintings.com
327053,fakedoor.store
327054,fn-ns.net
327106,fanca.io
327138,freshmemory.ru
327164,ftp-connect-service.online
327172,fibralink.net.br
327178,floatboolean.com
327186,fabrefactus.com
327211,frequencemedicale.com
327215,fuzokubk.com
327262,forgespot.nl
327269,freiewelt.net
327312,fnh.org
327313,fcliu.net
327327,fansitesworld.com
327429,freshspinmarket.nl
327492,fdrinc.net
327494,findmyshift.com
327512,fotoyu.com
327532,frankfurt-airport.de
327548,fightingrobots.co.uk
327620,fliqlo.app
327662,fischergruppe.eu
327670,fussball-wm.de
327725,firstrowsports.tv
327735,fatdns.net
327820,foodsmart.com
327824,fne-midipyrenees.fr
327839,funke.fun
327870,fokks.ru
327871,frioconnect.com
327882,focuspokerdaily.nl
327883,followeran.com
327903,fotolog.net
327920,freshwagerlab.nl
327983,forumsexyprimecom.com
328012,fossibot.com
328030,fortifastweb.com
328066,fitness24seven.com
328096,foxandbriar.com
328124,frama.io
328180,fanxuefei.com
328189,fidelcastro.cu
328201,fordblueadvantage.com
328225,friseurelke.at
328245,france-montagnes.com
328352,foa.dk
328361,fiberondecking.com
328402,frk.com
328410,fsafeds.gov
328429,fapdig.com
328507,faf.dz
328545,fairyloot.com
328547,flexmls.cloud
328566,football-mania.ru
328571,fantasydata.com
328578,force-ouvriere.fr
328619,fietsnetwerk.nl
328623,food1004.com
328712,fil.com.mx
328743,fermanaghherald.com
328744,fondation-lamap.org
328756,freshreelsworld.nl
328766,findandrate.com
328782,freedomnews.org.uk
328803,fiat.co.uk
328825,freshnrebel.com
328848,fiberbusinessbroadband.com
328869,fromthewilderness.com
328878,file.net
328906,freefontdownload.org
328937,foodfactor.net
328943,fis.com.vn
328947,flashghetto.com
328965,feddit.rocks
328969,focusworldmedia.nl
328977,foreverydaykids.com
329049,fast-timewarp.site
329056,fluxclub.nl
329086,freedom.ne.jp
329115,fanfishka.ru
329264,fleetgo.com
329308,fibremood.com
329356,fancydress.com
329397,focusblackjackcentral.nl
329412,felda.net.my
329446,funbridge.com
329554,fordhampress.com
329558,freecatfights.com
329570,freshgamingstudio.nl
329577,fmdiff.com
329602,fndlsb.net
329624,fcbarcelona.fr
329632,flytoget.no
329665,forumprawne.org
329734,flybit.vip
329770,fishbirds.ru
329792,fangcloud.com
329806,futter-und-tierbedarf.de
329816,ffa.am
329822,fin.co.id
329836,fossforce.com
329896,forummatrix.org
329907,factordb.com
329913,fletcher-wiki.com
329920,fsr.net
329955,filmpark-babelsberg.de
329963,flarum.cloud
330011,foleyhoag.com
330042,fifauteam.com
330044,forestlawn.com
330058,funnelfuel.io
330095,fanpours.com
330114,freedh.ru
330178,flacdownloader.com
330230,fuckasianwomen.com
330246,fotoregistro.com.br
330250,filmtracks.com
330261,finsa.com
330266,folsomchevy.com
330304,franciliens.net
330306,fit-pc.com
330331,fuxxporn3.com
330343,fxprc.top
330378,fxiing.com
330401,fishing-v.jp
330406,fallensword.com
330440,feltright.com
330463,feed-reader.net
330477,fs-inc.com
330549,fastwork.vn
330576,franckprovost.com
330630,forward-energo.ru
330638,fin.net
330652,fwh.is
330676,firmstep.com
330688,firemedia.mx
330705,fujirebio.com
330722,farmandhomesupply.com
330761,first-root.com
330815,freshsheetmusic.com
330861,forme.science
330863,fsvps.live
330872,flowers4algeria.com
330889,firstkeyhomes.com
330935,freedownloadcenter.ir
330987,footballrivals.net
331005,fluffyspins.com
331011,flhsdshb.com
331111,fabulae.ru
331120,fedsmallbusiness.org
331127,falixserver.net
331178,funasa.gov.br
331191,fpnet.net.br
331262,fag.edu.br
331299,feiyang.cn
331341,fujifilmusa.com
331348,foren-city.de
331352,fap.cash
331382,flowfuse.com
331383,floragrow.ru
331402,fvsu.edu
331418,filmozavr.net
331442,feizhu.com
331443,frankibaker.co.uk
331449,forterro.com
331468,foamlake.com
331517,frontiersman.com
331518,fair-asianporn.com
331519,festede.hu
331597,footballheadcoach.com
331644,fwd.nl
331646,freenetdomain.de
331658,fundis-reitsport.de
331678,fmphost.com
331757,fjeverone.com
331770,fsurl.lol
331788,fluxreelsstudio.nl
331802,flow.google
331811,fapzoo.fun
331827,ferienunterkunft-direkt.de
331862,foxchattanooga.com
331873,favsignal.com
331877,federfarma.it
331908,freedome-vpn.net
332008,fotoaparat.cz
332029,foret-aventure.jp
332035,foerderland.de
332043,fx.com
332045,fixauto.com
332060,fieb.org.br
332068,feetloversonly.com
332080,footybite.to
332105,fivesgroup.com
332116,forexbroker-listing.com
332121,fruugo.at
332130,fledgecloud.com
332152,fastenerorbit.com
332169,freedomcare.com
332216,focusjackpothub.nl
332220,flyontario.com
332225,focusritegroup.com
332229,fortinet-us.com
332237,foxecom.app
332243,feedbackfruits.com
332246,finyear.com
332256,fviainboxes.com
332289,findme.id
332308,furcadia.com
332334,freehentaipic.com
332335,feyenoordpings.nl
332388,fromru.com
332411,funlam.edu.co
332413,freestreams-live1c.pk
332467,fashion-era.com
332554,fruitsandveggies.org
332638,fischerfixing.ru
332639,fridgefreezerdirect.co.uk
332658,fishka.ws
332685,fransgenre.fr
332688,fairsandfestivals.net
332720,fameiip.cn
332725,filmixhd.one
332757,frez.com.ua
332777,freesoft-100.com
332796,fluxline.nl
332810,filmix.day
332821,fairparken.com
332865,flowershopping.com
332909,flirtbees.com
332986,findmebestdirections.app
333010,fgsglobal.com
333017,forumpassionepeugeot.it
333021,fuzia.com
333023,flamingoestate.com
333052,fondmkdlnr.ru
333137,focus360blog.nl
333147,filmwerte.de
333235,fairshares.io
333236,fancourier.eu
333237,flugo.com.br
333238,fstream.info
333239,fulll.io
333359,fast-torrent.club
333408,focuscity.nl
333430,fascinatenames.com
333452,fluidata.net.uk
333463,finlandforum.org
333489,farmfoods.co.uk
333491,foodscannerai.com
333536,focusjackpotcentral.nl
333547,films.com
333565,fleggaard.dk
333578,foghollow.top
333638,fjordsand.com
333671,fb101.com
333703,fssquad.com
333705,friendlyvote.com
333811,foodsubs.com
333826,farmstore.com
333828,fluxarena.nl
333847,fss.rs
333883,ffxiv-roleplayers.com
333886,filetomob.com
333916,forevernine.net
333964,fxdms.net
333970,fiberway.pl
334014,fremap.es
334028,flutterflow.app
334033,foobar.fi
334054,frac.tl
334068,funnyhost.net
334077,fsfest.ru
334154,fox42kptm.com
334161,fewmoda.com
334282,friday.gold
334331,fzxymed.com
334426,flavorplate.com
334436,findamover.com.au
334482,financialeducatorscouncil.org
334493,fetlifemail.com
334567,frontier-4.blog
334616,fukuya-k.co.jp
334629,frjxp.com
334636,fox4beaumont.com
334704,femifesto.ca
334728,feedthechildren.org
334734,funnybone.com
334755,f1-insider.com
334756,flexybox.com
334787,flatfile.com
334811,fqsjw.com
334815,fleux.com
334845,fanstopis.com
334859,fmps.ma
334894,fanergu.com
335038,fornex.org
335039,footsoccerpro.co
335040,farmacia-tapada-das-merces.pt
335041,fijnuit.nl
335160,fontstand.com
335178,flexnetmanager.com
335186,fluxfm.de
335238,fitness.gov
335263,fluidstream.eu
335274,filipiknow.net
335290,fluxpokerdaily.nl
335298,fh-wedel.de
335329,fluxwagerplatform.nl
335357,freespot.com
335383,flormiss.com
335391,freshspinexpress.nl
335396,fulcrumsuspensions.com.au
335442,fluxservices.com
335527,freetubemovs.com
335534,ftpsystem.xyz
335540,focuspalacedesk.nl
335548,fortunemine.net
335549,fastware-hosting.com
335568,fileeagle.com
335588,fararacing.com
335602,fraynelson.com
335647,frogblue.cloud
335653,fzhdnet.com
335763,four11.com
335824,firecrestclinical.com
335846,forokeys.com
335934,fontbros.com
335964,fmshobby.com
336051,f492.casino
336052,freestreams-live1.com
336103,fitforme.com
336150,foreca.hu
336163,findbiz.co.uk
336167,felixads.live
336169,firststudentinc.com
336192,film-adult.video
336225,futurehosting.com
336344,fly-wifi.ru
336390,fanhao106.space
336409,feriazaragoza.es
336438,fscooperatives.com
336451,flinders.be
336456,fitmetrix.io
336515,fpg.com
336524,flower-ads.com
336568,foundersfcu.com
336578,fgbradleys.com
336583,freytagberndt.com
336611,fuyuanbbs.ltd
336623,flyhand.com
336625,foodpanda.ro
336650,fufanu.com.au
336708,fsw.tv
336734,foerde-sparkasse.de
336788,fluxdaily.nl
336810,floristone.com
336868,floodcity.net
336872,feq.ca
336922,firstvoucher.com
336925,ftcelectronics.sg
336956,focusreelspro.nl
336965,firstmarkservices.com
336970,foxrochester.com
336989,framacalc.org
337015,fanfilm4k.media
337103,farmmachinerylocator.co.uk
337104,free-xhamster.cfd
337116,fitt.co
337136,freesmileys.org
337211,forbescasino.cz
337234,fantasysharks.com
337278,fairharborclothing.com
337798,f168-7.com
337799,f8betvip2.store
337800,fajartoto082.com
337801,familytoto4d.com
337802,fantabiasa.com
337803,fascy.com
337804,fctv33hd.pics
337805,fctv33hd.skin
337806,fiep.digital
337807,filkora.online
337808,filmeze.com
337809,filmkazani.com
337810,filmlk21.xyz
337811,filmsbt.com
337812,filmsdeq.com
337813,filmsehri.com
337814,filmtop.xyz
337815,filmtrendz.com
337816,filmunyil.com
337817,filmyclubs.com
337818,filmycraft.com
337819,filmydot.com
337820,filmyflavors.com
337821,filmygalleryyy.lol
337822,filmygosip.com
337823,filmyhit.fan
337824,filmykidaa.com
337825,filmykings.com
337826,filmymonk.com
337827,filmyshark.com
337828,fixbet597.com
337829,fixd.online
337830,flpkkrrt-summer.shop
337831,fmktfbgjij.net
337832,fo2jsiikdd9d.com
337833,forbestoday.org
337834,forbestoday.uk
337835,foreseemeet.com
337836,foser.bf
337837,fptotolove.com
337838,freekora.online
337839,freemoviesontheinter.net
337840,fruitflyfilm.com
337841,fry99.watch
337842,fs09.lol
337843,fsiblog.cloud
337844,fsiblog.watch
337845,fsiblogvideo.watch
337846,ftbankpay.com
337847,fufuslot-zeus.website
337848,funbe634.com
337849,funbe635.com
337850,funbe636.com
337851,funbe637.com
337852,funbe638.com
337853,funbe639.com
337854,fungame777tara.top
337855,funnemooo.cc
337856,furla77f.com
337857,futbollibre.org
337858,futemax.observer
337859,fxfx319.com
337860,fxfx323.com
337861,fxfx324.com
339124,feedtrk.com
339154,fortiweb-cloud-gcp.net
339190,freebyte.com
339208,fundsupermart.com
339211,foxnewsinsider.com
339235,fastcampus.co.kr
339325,fendergarage.com
339383,fundaciondescubre.es
339394,fueled.com
339413,fssyssh.com
339472,face-lift.ru
339485,flappybird.io
339521,flare-core.top
339551,fandiem.com
339554,fluxplace.nl
339641,flibusta.club
339676,fins.money
339706,freeporn-japan.com
339715,forum-actif.net
339737,froxlor.com
339765,fujikyu-railway.jp
339786,fromthetopmusic.com
339794,fcm.travel
339875,fuga.com
339895,fishing.kiev.ua
339900,farmerboys.com
339902,fitflow.ai
339934,freexian.com
339990,flightclubdarts.com
340037,freeresponsivethemes.com
340076,fmgwebsites.com
340079,foxyfolksy.com
340087,foxnation.com
340094,fgaiservice.com
340098,freshpaint-hipaa-maps.com
340105,finetic.nl
340120,feijiu.net
340126,fixpart.net
340142,fivefingerdeathpunch.com
340205,fury.co
340206,fantasiafestival.com
340229,facebook.us
340254,fnguide.com
340270,fm2s.com.br
340271,fiphfp.fr
340327,fuanmov.cc
340356,fitnfly.co.uk
340358,frequence-sud.fr
340428,fregat.net
340472,fantascienza.com
340491,fatmi.net
340506,fx6mdtwzh203.com
340513,film-game.cz
340577,factorypure.com
340602,firestormmotorcycles.com.au
340604,fluxcardsdesk.nl
340632,flashlyrics.com
340633,figleaves.com
340646,fastbrix.com
340700,french-house.kz
340709,flightcentre.co.uk
340875,fdjunited.com
340935,flyasky.com
341003,friendfinder-x.com
341015,flyers-ca.com
341052,fftoday.com
341064,flpi.com
341110,fkshu.cc
341157,funkemunky.cc
341166,funkymonkeybox.com
341172,farmacia.ru
341199,freetheocean.com
341221,furnituremarket.com
341232,fotokasten.de
341240,foxillinois.com
341241,fwp.co
341278,focusvipzone.nl
341305,fotolab.ru
341319,flycricket.io
341342,focusroulettestation.nl
341380,frenchentree.com
341444,freesex500.com
341504,factoryminer.com
341512,fastlink.net.id
341542,fastcccam.pro
341567,fullraces.com
341588,felina.com
341635,foodtools.io
341643,footlocker.gr
341671,futurespot.nl
341673,funcasinohire.com
341703,freepage.cz
341719,fgpt.com
341743,fap-guru.one
341778,faconnable.com
341789,flolive.tv
341834,fanhubcdn.com
341876,fastpaydirect.com
341893,fk-metall.ru
341916,fagforbundet.no
341960,fondoruso.ru
341970,farmadati.it
341989,fosterestateplanning.com
341997,freewebads.biz
342003,flexhouse.vn
342022,fjtu.edu.cn
342096,fvcc.edu
342119,fjordane.it
342123,freshpokerhouse.nl
342136,feaindia.org
342163,funtory.tw
342211,firstserver.ne.jp
342227,fourthhospitality.com
342251,finneg.com
342268,frauenrechte.de
342323,fazenda.net.ua
342392,fiberfib.com
342413,flower4brazil.com
342438,flane.de
342529,fluxcardsplatform.nl
342548,fhc-usa.com
342572,fonar.tv
342598,fastraxpos.com
342606,flatastic-app.com
342620,foxtube.com
342629,fixter.co.uk
342634,flagandbanner.com
342643,fslos.com
342645,furniturehomestorehanford.com
342664,fuelboxindustrial.com
342668,fpu.ac.jp
342686,floki.com
342698,flb.ru
342704,fanbasis.com
342792,f1bilisim.net
342809,filen.net
342833,fring.com
342850,freedb.org
342865,farkbilisim.com
342883,filmcrewnepal.com
342884,finters-zaem.ru
342922,fidelio.hu
342940,fukui-tv.co.jp
342944,finddx.org
342950,flymna.com
342972,fxpremiere.com
342990,forgehouse.nl
342995,filtron.eu
343012,financingbuildingrenovation.eu
343041,fellowes-na.com
343058,fudousan.or.jp
343118,fourplex.net
343147,fiat.nl
343156,fastbrokencompony.com
343198,fdertolmrtokev.com
343233,firestormgames.co.uk
343262,fishermanswharf.org
343269,fantasyescortblogs.com
343437,fops.at
343455,franceluxe.com
343550,ffgym.fr
343551,fusiongamingstudio.nl
343616,fontventa.com
343629,fireman.club
343657,fazwaz.cn
343671,forward2me.com
343709,focusgamingpro.nl
343711,firstconnectinsurance.com
343739,foxpass.com
343744,forwarder.kr
343751,federugby.it
343824,fluxgamingdaily.nl
343843,funy.ai
343878,forbescentroamerica.com
343897,f1.com
343973,fruugo.ro
344126,foundations.edu
344136,fortishosting.net
344166,fotech.cl
344227,fit-for-ref.de
344255,fmasonline.com
344261,focusboosterapp.com
344297,forenom.com
344312,fitadium.com
344325,flexmaster.net
344354,fum2sp.net
344358,frogfoot.net
344399,focusameneducation.com
344462,frootbat.com
344525,fnirsi.com
344531,fxeyema.com
344581,fxhash.xyz
344587,firstlook.biz
344596,fcsip.ru
344608,fastfoodclub.com
344651,facultyopinions.com
344652,focusgambledaily.nl
344657,fornobravo.com
344659,frenchmorning.com
344751,ftd-group.cfd
344835,fluxbettingworld.nl
344836,fac.mil.co
344854,freeappsforme.com
344867,fyidoctors.com
344883,fineproxy.org
344900,fvhospital.com
344941,fix-app.eu
344942,florate.io
344955,fringesport.com
344960,friends.edu
344992,funkyfidgetsshop.co.uk
345033,fofa.so
345039,ferrellgas.com
345046,feederwatch.org
345063,feeddemon.com
345184,finemedia.pl
345208,f1latam.com
345281,forwoodsafety.com
345295,flightcentre.co.za
345298,firemon.com
345376,fit-portal.go.jp
345418,fanime.com
345455,fecam.org.br
345467,frenkit.es
345541,freeadsinus.com
345564,france-hotel-guide.com
345572,funhorsebackriding.com
345574,fixtellnordeste.com.br
345578,fischer.de
345579,financialwisdomforum.org
345585,frommfamily.com
345595,fzg360.com
345636,fluxslotsstudio.nl
345662,farmaciaospedale.com
345701,filen-5.net
345704,fasterthanli.me
345709,futurearena.nl
345723,frauenselbsthilfe.de
345747,faithwire.com
345868,fineandcountry.co.uk
345875,findmeagift.co.uk
345880,freakingnews.com
345900,fae.edu
345901,fitmomonline.ru
345910,funshinhan.net
345964,fotora.ru
345984,fintrax.com
345988,frameset.app
346003,foliumhosting.net
346094,famillesrurales.org
346105,focushubmedia.nl
346129,freshslotexpress.nl
346213,factom.com
346229,flwright.org
346236,fluxslotgrid.nl
346253,fishing.net.nz
346313,futaba.co.jp
346335,fudousandata.jp
346343,footage.net
346375,fashionfabricsclub.com
346391,fibreglast.com
346452,fabglassandmirror.com
346464,fabricasaitov.ru
346481,fmsapps.com
346529,freshpublishers.com
346607,factorydeportivo.com.ar
346629,friendsofeurope.org
346654,floozytube.com
346730,freeporn.com
346762,fabnews.ru
346767,fivehotelsandresorts.com
346769,flokk.com
346799,fairsandexpos.com
346814,friends-with-benefits.com
346828,foodpanda.com.mm
346834,foodnotbombs.net
346845,food-service.de
346867,firesevens.com
346885,finanz-szene.de
346898,fivenightsatfreddysgame.io
346949,fluxreelsonline.nl
346958,fusiondiceworld.nl
346967,freshpokerlab.nl
347011,faso.com
347016,floridasportsman.com
347069,falconitservices.com
347072,f4jieo6c.com
347090,forbiddenknowledgetv.net
347108,fictionmania.tv
347134,fiberinstrumentsales.com
347177,flkitover.com
347186,ffgraphics.com
347194,fusionroulettebase.nl
347216,fanatiz.com
347295,faxvin.com
347296,fosterfarms.com
347365,fixcloud.com.tr
347374,futapo.com
347422,futuro.digital
347424,fenercom.com
347432,fastdatastream.com
347447,favi.si
347467,fgnconnection.life
347594,freelywheely.com
347596,fmit.vn
347597,ficoanalyticcloud.com
347603,fcc.es
347636,fcntp.ru
347654,facerecords.com
347737,finanzen.de
347777,foodsafetykorea.go.kr
347793,freshnews.com.kh
347800,finesoftware.eu
347875,familydiscountfurniture.org
347887,file.kiwi
347891,fantasy.co.jp
347904,futboljobs.com
347930,flowerpower.com.au
347934,freelancer.com.br
347955,febrasgo.org.br
347957,fernlehrgang-heilpraktiker.com
348059,freiluftkind.de
348082,freeworldmaps.net
348099,fond-detyam.ru
348131,flugwetter-app.de
348160,fujitsu.es
348161,flix2day.com
348188,freepic.click
348189,fastcompanybrasil.com
348192,followgram.me
348245,fanta-vod.net
348261,fluentforms.com
348277,forumbb.ru
348290,flirtcity.ru
348335,funfun.ai
348393,fahrrad-teile.shop
348397,fumetto-online.it
348399,flower4germany.com
348462,fuelflash.eu
348538,freedomnet.life
348554,flex-tools.com
348579,feiradossofas.pt
348589,fausto.in
348618,fastslots.se
348632,flashgames.it
348638,fondation-monet.com
348653,fs-px.com
348659,fullleafteacompany.com
348774,fullspeedahead.com
348804,footyroom.co
348846,ftvlive.com
348848,fapshots.com
348884,from.sh
348886,furu-po.com
348891,fogyasztobarat.hu
348934,forumst.net
348952,freezer.ru
348996,familienhandbuch.de
349016,falkemedia.de
349070,fashionsearch.ru
349079,foot-sur7.fr
349093,fremantlefc.com.au
349106,floristwide.com
349120,fox-pest.com
349123,foliovision.com
349125,firstpornvideos.cc
349139,frozen-layer.net
349183,feederspetsupply.com
349224,fmh.de
349244,fabrikabitovok.ru
349347,forsee.com.cn
349368,firsatbufirsat.com
349380,frosta.de
349387,frontaliereticino.ch
349410,freshcasinogroup.com
349417,footballfakts.ru
349424,fussballem.de
349448,foxy.io
349551,fitbark.com
349563,fscore.id
349631,foremostagent.com
349638,fixando.es
349664,flare.io
349668,filepress.baby
349679,frontier.edu
349714,flyseed.net
349734,focuscenter.nl
349736,founders.org
349738,fcards.ru
349745,freshcutpaper.com
349755,fastboosttebe.store
349822,farmtransparency.org
349880,familytherapyxxx.com
349916,free-mobile.fr
349926,faircare.de
349929,focuspalaceworld.nl
349973,fnetlink.com.hk
350081,francemarches.com
350107,flooble.com
350120,freegamesdl.net
350124,furacao.com
350172,fuckingbear.com
350203,fram.com
350232,fshub.io
350314,fredericksburgva.gov
350326,florugby.com
350331,foxvalley.net
350360,firstview.gr
350362,fullers.co.uk
350403,fatsecret.co.nz
350456,fundedtradermarkets.com
350542,fabwags.com
350547,ferrum.com
350608,financierresidence.com
350665,factual.com
350715,fashionrobo.com
350741,fe-rus.ru
350763,fmjmm.com
350785,funkitx.com
350790,filestaticpro.com
350831,fesliyanstudios.com
350860,faradeusdoomination.com
350891,fgdc.gov
350975,fashiola.co.uk
351050,flyeia.com
351057,food4me.com
351097,fjoho.jp
351099,fid-bau.de
351111,festivalticker.de
351122,flatex.at
351196,friends-social.com
351197,future-insurance-network.gr
351202,fallaciousfifth.com
351213,fiscomania.com
351263,fishpond.com.hk
351344,foagroup.com
351374,flixmomo.app
351381,friendit.net
351405,frccsc.ru
351414,futuremarketreport.com
351486,fk.life
351494,fondue-vergleich.ch
351555,fujiko-museum.com
351570,fbhc2020.com
351578,fermenthings.be
351607,freehangmangame.com
351613,funtime.com.tw
351640,fapine.com
351664,fmforums.com
351719,fahrwerk-24.de
351732,figuredart.com
351753,fbekholden.com
351827,frendx.com
351848,fapfop.com
351919,femmesdaujourdhui.be
351920,favouritetable.com
352018,finisherpix.com
352019,fkvojvodina.com
352032,fusioncasinoplatform.nl
352098,firstbeat.com
352123,ffforever.info
352125,fusionclubplus.nl
352131,fsdata.se
352188,flaktgroup.com
352193,fasola-shop.com
352197,ferialibromadrid.com
352219,fifadata.com
352296,forg1.com
352325,f2k06b.com
352369,focusjackpotdaily.nl
352379,futurepokerworld.com
352387,fitmost.ru
352392,fmf.md
352405,forex.se
352413,freshpalaceworld.com
352417,fub.fr
352422,fonbet001.com
352425,fjjxu.edu.cn
352439,financialadvisers.co.uk
352473,fetishbdsmporns.com
352493,flowerlabbychanana.com
352498,franklintempletonindia.com
352500,fashiola.fr
352505,fz-rbg.de
352508,fristads.com
352554,fedweb.org
352638,fossee.in
352641,ford.pe
352643,fudge.ai
352648,fhsprivate.com
352653,felician.edu
352659,fbm.ru
352663,foxgrapetech.net
352669,favos.nl
352676,fzgjpy.cn
352696,fishersci.de
352722,fish-candy.de
352747,fewervane.click
352838,fujiya-camera.co.jp
352839,fresharenahub.nl
352877,foooooot.com
352888,fitit.ai
352943,freeview.com.au
352952,filtrationgroup.com
352961,fiksu.com
352968,fedi.monster
352978,familynet.or.kr
352998,fusalp.com
353057,findlawimg.com
353066,findpawpal.com
353109,farnarkle.net
353142,fxfactory.com
353151,floordealer.ru
353169,fatherhood.org
353195,fushu9.cc
353200,freedom.by
353205,frauenkirche-dresden.de
353258,fantasyfootballhub.co.uk
353282,futureslotworld.com
353293,fapcoholic.com
353309,fi.money
353333,fdncms.com
353381,fluxsolutions.ru
353399,freshspinpoint.nl
353403,fotofacts.vip
353439,farfetch.cn
353442,forumosa.com
353497,fbbe.info
353498,fslzywl.com
353523,fccollege.edu.pk
353584,freenudegranny.com
353594,forwardauto.ru
353609,forgeclub.nl
353613,fasttimer.space
353616,federchimica.it
353646,funky99.biz
353723,freecityvpn.com
353725,fefjrcmn.top
353734,fatergroup.com
353762,flcc.edu
353834,familiscope.fr
353863,footcomfy.com
353885,flowercampings.com
353908,fahrschule.de
353924,fairwayjockey.com
353936,figasebe.site
353984,flex.es
353991,freesurf.ch
354001,femmie.ru
354011,floorscrubbers.com
354033,fusionviplounge.nl
354037,flcompanyregistry.com
354069,findsupply.com
354090,fulltv.tv
354099,fellstern.com
354139,fluxonline.nl
354149,famouspoetsandpoems.com
354168,firstliberty.org
354223,firstlegal.com
354231,funtoo.org
354282,fortelabs.com
354304,finanzasoaxaca.gob.mx
354400,formexpert.ru
354477,flybynightgraphics.com
354531,fiercesensors.com
354562,fujifilm.com.cn
354569,fens.org
354582,fluance.com
354617,f8betlv.com
354620,fragrancedirect.co.uk
354672,foraum.de
354717,focusplace.nl
354735,flat6motorsports.com
354748,foodrenegade.com
354773,firstrow.net
354779,findfiles.net
354842,flagstaffarizona.org
354843,fusionvm.com
354850,farlight84miraclegames.com
354851,forgecenter.nl
354888,fieger.ch
354911,freelistinguk.com
355053,flexshopper.com
355096,futbollibrecl.com
355111,finch.fm
355119,filegear-sg.me
355141,fabricadeaplicativos.com.br
355213,foliarysocker.cfd
355218,feelandfly.com
355230,freshspinstudio.nl
355234,freelogovectors.net
355263,freshcardspoint.nl
355266,fund.com
355338,fuckyoucash.com
355343,flashoyun.net
355395,fnb-corp.com
355460,fables.gg
355470,foodfoundation.org.uk
355473,flyclipart.com
355524,fidion.de
355545,findbyplate.com
355630,floukaa.com
355662,foodstory.co
355663,forpost-sz.ru
355668,fionnapps.com
355705,freshnewsasia.com
355720,freestylephoto.com
355774,fcl.cloud
355788,flixbrewhouse.com
355856,fccu.org
355925,frogeye.fr
355932,flatpanels.dk
355935,fusionpos.ru
355977,forumdacasa.com
356062,fucktermedfir.st
356066,feizhupiaowu.com
356091,fhs.se
356118,frolicme.com
356131,flickfilosopher.com
356148,forexbitcoin.info
356156,fjd.es
356173,formalhood.com
356190,fathersonsclothing.com
356277,fitnur.com
356292,futbolenlatv.es
356370,fudge.jp
356373,filmix.fm
356397,fikbooks.ru
356413,foxxl.net
356496,flaminglips.com
356507,flickystream.ru
356511,familyporn.tv
356516,finkont.ru
356517,fmovies.fi
356525,flowtify.de
356543,freerdp.com
356599,fcc-online.pl
356602,familinparis.fr
356624,findmypast.com.au
356709,focuslifeblog.nl
356722,fernwoodpublishing.ca
356739,feinschmecker.de
356763,fenglindna.com
356766,fujianbenz.com
356769,filmbooster.nl
356776,fundsindia.com
356820,fitstore24.com
356882,fanthatracks.com
356896,freshroulettezone.com
356938,fstv5.com
356983,fdc.com.cn
356990,feeddigi.com
357017,fluxslotslounge.nl
357018,famaga.ae
357034,first-webhosting.de
357047,fisheaters.com
357051,facemimic-ai.com
357072,fortunecity.de
357087,fv-berlin.de
357104,faceucam.com
357105,freshslot453.com
357111,fortytwo.sg
357177,fortunarush.club
357265,ftcelectronics.ee
357272,flapropertyfinder.com
357283,freedict.com
357367,focalscope.net
357381,fogos.online
357409,fresharenalab.nl
357463,ford.co.za
357474,foodsofcopenhagen.com
357497,futurepay.global
357498,forumprod.com
357503,firstpremier.com
357604,fuk-aso.com
357649,fondationtaraocean.org
357661,f6.ru
357670,filmundo.de
357674,fewsolli.monster
357687,freespinny.com
357730,firstaidpro.com.au
357750,flintemc.com
357789,flexcloud.co.kr
357802,futuregamblemarket.com
357823,fisi.org
357897,foyer-rural-goetzenbruck.fr
357981,freenet.si
357988,fedica.com
357993,firstday.com
358031,fptsoftware.com
358034,fluxbonusspace.nl
358082,fancygame.net
358097,forte.com.pl
358134,fc-heidenheim.de
358136,fondant.kr
358140,feline-holidays.de
358171,fobby.net
358190,fusionblackjackpro.nl
358226,flightcentre.co.nz
358233,fffrr.cn
358307,fywkuzp.ru
358328,fantechworld.com
358362,feide.no
358367,foreshore.net
358398,fdg-entertainment.com
358413,freecam.chat
358424,fords.org
358439,forumscp.com
358471,follownews.com
358473,fondsweb.com
358499,fagalicious.com
358510,flexcdn.cloud
358534,faulknervolkswagen.com
358564,fit.ba
358674,fishyfish.com
358703,fashionup.ro
358704,ffm.kr
358705,fermedesaintemarthe.com
358709,floridahousing.org
358754,foustacagoule.com
358764,feld-eitorf.de
358784,foxycdn.com
358824,fullhouse-it.de
358836,foodlez.com
358879,foundersbrewing.com
358987,fcadns.ca
358991,fcien.edu.uy
359034,forumnauka.pl
359045,ffb.de
359062,floridashistoriccoast.com
359108,freshpokermarket.com
359121,felicia.md
359122,fskeab.com
359142,fardavida.monster
359170,felt.co.nz
359176,freedesignfile.com
359213,fuzem.com
359216,frisco.pl
359220,fashionstore.jp
359234,fitwinkel.nl
359247,foxtag.io
359281,fabrary.net
359318,frostapiv2.com
359375,freshcasinozone.nl
359386,fgtechstore.com
359394,flyingdoctor.org.au
359496,fancywan.com
359584,finalteens.com
359602,filterking.com
359605,fastek.by
359634,forwardfinancing.com
359662,fivefish.net
359672,fiji.gov.fj
359737,filesbest.xyz
359749,factoryfast.com.au
359770,facesforsex.com
359834,floridasnursing.gov
359843,fusionroulettestudio.nl
359851,fokker.nl
359894,financial-crisis-news.com
359903,fusionbetonline.nl
359920,fullsight.tech
359933,fast-weigh.com
359972,fulfillment3sixty.com
359980,flikflak.com
360026,ferro.tech
360039,feminist.com
360056,fed.az
360103,fundsquare.net
360104,fashionablecanes.com
360124,fmsh.fr
360166,fixupx.com
360241,forbesbulgaria.com
360264,feelsexmovies.com
360268,forexchat.com
360274,fsd.gov
360276,falconstudios.com
360319,furu-sato.com
360327,fonbet.ru
360414,firstreport.co.uk
360422,fragranceshop.com
360429,femdomdestiny.com
360517,front-row.jp
360520,falco.org
360527,filme.monster
360562,futureslotmarket.com
360571,fibercast.net
360593,flux-shift.com
360616,faltkarten.com
360620,fuddb.com
360660,ficci.com
360670,fcbcookies.cat
360705,focalprice.com
360719,frankfurter-sparkasse.de
360794,fotoferia.pl
360806,flexdigitalhealth.com
360838,finansbank.com.tr
360861,faamru.com
360887,force4.co.uk
361013,fullgoal.com.cn
361017,formdesigner.ru
361043,flexdog.es
361076,fiberdirekt.net
361088,fstbm.ac.ma
361157,flippost.com
361183,findlocalcbd.com
361204,fanhome.com
361218,frogtoon.com
361237,fimlab.fi
361246,freelogopng.com
361313,farmshow.com
361354,feingoldhandel.de
361389,fs15.lol
361451,fastify.dev
361464,favbet.ro
361476,fiat-lancia.org.rs
361491,feastogether.com.tw
361545,financeasia.com
361595,folioidentity.com
361604,fillthemap.com
361635,f61mark.com
361636,f7k83b.com
361637,freedesiporn.click
361743,frisbii-media.com
361745,fahrrad24.de
361747,focusvault.nl
361760,ffdn.org
361807,freebuffaloslots.com
361872,fireballtool.com
361954,flightscope.com
361970,freshersnow.com
361971,fortunegames.com
361972,fluxcity.nl
361989,flash24.co.kr
362000,frdb.dk
362043,fogal.com
362064,foodguessr.com
362066,fridi-a.online
362101,frootvpn.com
362106,ffw-ak-ff.de
362169,fxeuroclub.com
362194,feie8.cc
362233,fiberton.com.tr
362241,fbin.com
362248,frontierlandgames.com
362272,futureluckyonline.com
362278,frontdesk24.ru
362341,firemail.de
362348,fvd.net
362349,ferendum.com
362356,fn2.de
362363,farmersweekly.co.nz
362370,firemultimedia.eu
362441,flixjunkie.com
362475,foodland.ca
362480,feralpancho.cfd
362517,fasterwheeler.com
362520,fulcri.it
362575,free-stock-music.com
362607,free-bdsmporn.com
362609,fry-it.com
362612,freshreelsbase.nl
362630,fightcamp.com
362671,fabric-analytics.com
362718,fabbricamuseocioccolato.it
362725,fashiola.es
362754,fusionbettingplatform.nl
362865,fukoku-life.co.jp
362894,folxhealth.com
362901,flyapproved.info
362938,fgau.ru
362956,futureluckyplatform.com
363002,forumopera.com
363034,fswy.net
363109,fileandservexpress.com
363145,florenfile.com
363150,fluxexpert.nl
363158,futureordering.com
363229,feuerwehr-krems.at
363234,fsnat.co.uk
363245,fwebdirectory.com
363290,fishersci.es
363291,finehub.com
363295,feiyiproxy.com
363330,freedomconnect.xyz
363333,foxcareers.com
363334,fbnbankrdc.com
363338,fiatklubpolska.pl
363360,finntrail.ru
363382,fayllar1.ru
363425,footystream.pk
363439,fadada.com
363440,fenzijr.com
363467,fise.it
363476,fangdd.com
363518,fruityking.co.uk
363542,freedommunitions.com
363630,fast2test.com
363644,forum-raspberrypi.de
363651,furnicher.com
363661,foodsco.net
363667,financemycare.com
363741,fatsecret.fr
363746,flixcorn.net
363747,fo1.ir
363772,fotoflexer.com
363788,freshpalaceexpress.com
363847,fqslzpcvs.cc
363906,fixds.com
363912,floorforce.com
363928,formulabi.ru
363976,factcrescendo.com
363994,forsthofgut.at
364057,flybmi.com
364071,freewebsite-service.com
364078,flyfishfood.com
364092,freepornfreesex.com
364097,faun.pub
364163,fellspass.de
364182,freshportal.com
364235,fragstore.com
364286,floridapoly.edu
364314,furnified.com
364315,fiancees-ua.com
364374,firetms.com
364376,fitpass.co.in
364398,fidelityinternational.com
364402,flvoicenews.com
364417,fotopedia.com
364428,fluxwinslounge.nl
364591,feilusw.com
364603,floridasupremecourt.org
364638,futurespinnetwork.com
364641,follettcontent.com
364676,freshspinnetwork.nl
364689,fosslinux.com
364694,futurama.co.za
364796,fiftiesweb.com
364833,ffvelo.fr
364837,fleshlight.eu
364851,futurevipzone.com
364927,fearlessrecords.com
364985,forumnetvasco.com.br
364991,fatimasfinejewelry.com
365001,fonbet.com.cy
365004,fetishfinder.com
365033,felady.com
365055,fra1.eu
365059,fellers.com
365118,fiskeridir.no
365145,floogy.com
365203,fazorecraft.xyz
365258,flevopost.nl
365266,fupress.com
365277,france-cadenas.fr
365303,francois.com.ua
365351,fliji.com
365353,freshserver.nu
365364,fast-mt.info
365375,foodsharing.network
365381,futuregenerali.in
365427,finreg.sk
365454,fun-taiwan.com
365474,filosofie.nl
365490,finsidersbrasil.com.br
365507,focusvipspace.nl
365541,focustrend.nl
365548,futurearenapro.com
365592,fiddlershop.com
365648,fidulink.com
365658,forstpraxis.de
366344,f1k39b.com
366345,f1online.sk
366346,f4r1k5m.com
366347,f4xq8zpn.com
366348,f999.one
366349,fa99a1.com
366350,fa99g7.com
366351,fa99i9.com
366352,fa99m4.com
366353,fabb6.com
366354,face2face.co.mz
366355,faf-pe.com
366356,fairplaygames.online
366357,fairtoto.dev
366358,fajartoto083.com
366359,fal3arda-new.net
366360,fan4you.app
366361,farmerregistryup.co.in
366362,farmersforum.ie
366363,farmfactorytechnologies.com
366364,fasalrin.gov.in
366365,fastberkahwin88.com
366366,fastbihar.com
366367,fastdownloadapp.net
366368,fastinfogroup.com
366369,fatcai70.com
366370,fdc.ma
366371,fdh.co.mw
366372,fedrupp.org
366373,ffbeta.io
366374,fftoto-pro.online
366375,fila-4d.com
366376,filmeporno.tube
366377,filmsever.com
366378,filmyhunk3.com
366379,fimsexvietnam.info
366380,finpageapp.com
366381,firalterbaru.wiki
366382,firstenroll.com
366383,fixbos88space.com
366384,flancos.hu
366385,flety.io
366386,flexi88b38.com
366387,flix-fox.app
366388,flowr.is
366389,flvto.link
366390,flyingcarts.in
366391,fn7e.com
366392,fociclub.hu
366393,fokusuy.com
366394,followersize.com
366395,fondoesperanza.cl
366396,fontyab.com
366397,foodiesonly.in
366398,football-tehran.com
366399,football77.com
366400,footmarseillais.com
366401,footparisien.com
366402,force-n.sn
366403,forecast-epi.com
366404,formhelpindia.in
366405,fortune99.in
366406,forzza.com.gh
366407,foxitale-blast.com
366408,fptotobersinar.com
366409,fqlbits.com
366410,fqlin.com
366411,fratzik.com
366412,freebcc.com
366413,freefirenamestyles.in
366414,freeplay24.com
366415,fresa.app
366416,freshers.info
366417,freshjobsworld.com
366418,friendludo.com
366419,frieslandhuurt.nl
366420,friggiadaria.it
366421,frketodiet.com
366422,fruity-yards.site
366423,fsiblog.cv
366424,fsjes-umi.ac.ma
366425,fufuslot-zeus.guru
366426,fun88kh.com
366427,funabashi-tsushin.com
366428,fundacionmarialuisa.org
366429,fungame777perak.com
366430,futbolenlatele.com
366431,futbolenvivomexico.com
366432,futbolhoy.es
366433,futboltv.info
366434,futunatura.hr
366435,futureaihub-vip.com
367975,footprintpredict.com
367993,frosty-rout.top
368017,ftshp.co.uk
368047,flexiti.fi
368052,furniturebazaar.com.au
368070,formatch.co.jp
368100,fittastetic.com
368178,freelancewriting.com
368185,fso360.de
368215,finedininglovers.it
368217,flowbirdapp.com
368228,fredrikstad.kommune.no
368239,fik.cz
368241,fastify.io
368252,fndzln.live
368257,farmflavor.com
368264,forum-ecigarette.com
368296,footballassist.com
368318,fusionwinsbase.nl
368341,forumtfc.net
368343,fanmiot.cn
368350,farmaciaslider.com.ar
368366,fishingmegastore.com
368438,first.bank
368454,freedomfuels.com.au
368533,forum-top.ru
368535,festivalu.com
368554,fsairlines.net
368556,farm-connexion.com
368628,facesconsent.com
368661,fcxjkcdh.com
368662,fosterwebmarketing.com
368669,fabrick.com
368675,findly.tools
368747,fast-cone.com
368777,fluxgamingpoint.nl
368784,filemanagerplus8.xyz
368909,fsh9wdj.com
368913,fiannnpuz.com
368943,fraxplus.org
368981,foamline.com
368999,fleetcor.com.br
369005,freshippo.com
369068,faptitans.com
369107,fonious.com
369163,fausports.com
369186,foodiesmagazine.nl
369202,flutech-marine.com
369272,fabulesslyfrugal.com
369282,farmaciamarket.es
369297,foladidrivingschool.com.au
369298,fotopatracka.cz
369327,fera24.de
369449,fnccdn.com
369452,freshhealthnutrition.com
369456,francecomfort.com
369475,fellowshipone.com
369491,firstserv.co.uk
369504,fiberpassion.de
369522,fayoum.edu.eg
369561,fap.to
369606,ftf-gateway.com
369633,fsultra.online
369642,fluxgamblepoint.nl
369651,fishnet.ru
369725,fvgnhoztu.cc
369729,farabi.university
369750,fatsporn.org
369763,fera.ee
369790,feutech.edu.ph
369837,filmschool.org
369841,filmdoo.com
369873,fkk-freunde.info
369879,fischer-bike.com
369884,farrar-tanner.co.uk
369909,franchiseball.com
369920,fibercop.com
369951,fableengland.com
369976,farmrio.eu
369992,fluidsurveys.com
369996,focusspinsnetwork.nl
370023,footybite.app
370045,fakeeh.care
370052,fawry.com
370084,free-proxy-list.net
370091,filesynced.xyz
370096,fastdirectadminserver.com
370115,fuxin.gov.cn
370157,focuswagerbase.nl
370161,falloon.pics
370181,futureslotplatform.com
370187,femscat.com
370199,fajasmayret.com
370297,fixed-staging.co.uk
370340,finxact.io
370389,fatbossfrance.com
370395,fthtjuyzp.cc
370403,fiservsco.com
370404,foxtechfpv.com
370408,fevilsor5.net
370420,foliencenter24.com
370441,freedompay.net
370465,fmpvs.gov.ba
370476,foambymail.com
370512,ffsa.org
370532,flowgrand.live
370538,footballorgin.com
370548,formandtemplate.com
370570,futurice.com
370609,fitnessexperience.ca
370615,factorial.it
370619,flalingo.com
370620,fsbusitalia.it
370628,find-open.ca
370643,finex.cz
370671,fiorano.com
370679,fengsung.com
370682,fakeaddressgenerator.com
370684,fjscorp.net
370717,federatedwireless.com
370750,formularynavigator.com
370775,fibo.com
370785,fqoqehwib.com
370786,fugle.tw
370826,fsbpt.org
370865,folkeskolen.dk
370888,fsharetv.cc
370910,fleetnet.com.br
370919,fut.ru
370953,flowergame.net
370962,francealumni.fr
370966,fastsystem.vn
370976,freshmarket.baby
371013,fanrenxsw.com
371026,flyclothing.com
371046,fxconverter.ch
371063,franckmuller.com
371078,forumsforums.com
371087,filimprimante3d.fr
371160,fsc-deutschland.de
371185,fotbalportal.cz
371191,forumz.info
371273,ftnews.co.id
371293,fleethand.com
371363,freeprintsapp.co.uk
371382,freetv.fun
371400,figlmueller.at
371404,freshclubbase.com
371458,flowmediaworks.com
371471,focuspos.com
371485,fivvyforbusiness.com
371487,freshpalaceworld.nl
371558,fastnsdns.com
371572,fanafzar.net
371624,finishing.com
371630,filmxora.com
371702,frenchtoday.com
371711,flowershop.ph
371716,fruugo.qa
371726,fondscheck.de
371764,farm.bot
371775,fantasticsams.com
371816,fastbank.am
371848,fluxreelsexpress.nl
371852,freecram.net
371881,fhs.gov.hk
371900,frankitoast.com
371929,fintoc.com
371992,farstara.com
372008,findaspring.com
372018,fapvidhd.com
372055,flowers4austria.com
372059,finvioman.com
372060,faciliti.net.br
372093,forwallpaper.com
372100,frenzyai.click
372102,flexifunnels.com
372126,feastmagazine.com
372178,f8xk21.com
372226,fmovies24.uk
372255,fasttrack.aero
372325,fractory.com
372332,fisworldpay.net
372358,freepikcompany.com
372367,fyukqlyl.cc
372368,finesse.us
372390,foreclosurephilippines.com
372475,fox47.com
372482,fetc.net.tw
372488,factory-direct-flooring.co.uk
372510,fefundinfo.com
372533,furnitura4bizhu.ru
372540,foxsportspulse.com
372563,forodelguardiacivil.com
372662,fleepsterones.fun
372677,fluxpokerpro.nl
372701,frontier-economics.com
372723,fchat.vn
372749,fafabibi.ru
372767,febrare.ru
372816,fastcare.vn
372834,foto-retzlaff.de
372882,for-more.biz
372885,furarchiver.net
372892,fortuneparts.net
372952,filminstitutet.se
372954,focusotp.in
372987,flyinmiata.com
373021,fluxcasinogrid.nl
373029,fazemag.de
373088,freshlabels.cz
373096,farfarasunday.info
373106,fifgroup.co.id
373127,freeporntgp.org
373147,fapendo.com
373194,fibertechdns.com
373202,foamgirl.net
373214,fluxglobal.nl
373221,freejavtorrent.com
373250,faszination-fankurve.de
373268,famiport.com.tw
373275,fxmnba.com
373276,fnu.edu
373280,funnygames.org
373361,factoryinternational.org
373396,freestock.com
373411,fishretail.ru
373422,factoryfive.com
373515,flexipurchase.com
373534,fury.blog
373586,fineguide.ai
373587,formresponse.com
373590,fullon-hotels.com.tw
373633,fjdac.com
373637,faperj.br
373664,firstcomicsnews.com
373716,fayettevilleflyer.com
373733,frog.ink
373757,finalist.nl
373776,fis-global.com
373777,f-karta.ru
373803,fileion.com
373809,finanstilsynet.dk
373812,freshexpress.com
373824,fundacionlaboral.org
373898,firesmoke.ca
373902,forum-directory.com
373934,freetechbooks.com
373956,finmarketslive.cl
374011,forza.com
374016,fireangel.us
374018,firstinsight.com
374058,fluxslotplatform.nl
374079,faxback.net
374097,fxnewsgroup.com
374124,forumgarden.com
374162,funpaypulse.com
374164,ftvvbrbw.cc
374202,fitnessfirst.co.uk
374206,flamingotravels.co.in
374218,factornews.ru
374235,fishingplanet.org
374238,fenwi.shop
374272,freedom.net.tw
374327,fcm.pt
374405,ffxivpro.com
374410,findlocalpeptides.com
374434,flexiple.com
374468,fbs.net
374482,farm-p.com
374495,foxblood.com
374512,fvstudio.cz
374520,fondsftq.com
374530,findimind.com
374534,fyresmp.net
374535,fastt.org
374550,freeshop.it
374563,fmcpe.com
374613,fmyokohama.jp
374619,fetchsoftworks.com
374659,futboltv.asia
374671,fiscaliadechile.cl
374675,filledwithbarakah.com
374701,flowtheapp.com
374706,frogseducation.life
374765,florestal.gov.br
374782,foodlovinfamily.com
374785,foxporn.me
374824,fanhouse.app
374836,footballty.com
374859,flormar.com
374867,fzoeu.hr
374874,firsthand.co
374888,flexxible.com
374927,fbnet.com.br
374935,feedotter.com
374950,feels.legal
374983,fepese.org.br
375002,fermanaghomagh.com
375011,fsol.icu
375060,futuron.net
375069,fashionforcycling.be
375156,freetv.tv
375184,forums-su.com
375189,fioneer.com
375193,fearnopeer.com
375209,future-ed.org
375265,feantsa.org
375329,fiocchi.com
375344,fr5.casino
375362,freshjackpotdaily.com
375368,fulltiltpoker.com
375369,fastco.cl
375387,farmagalenica.it
375521,fuddruckers.com
375525,furniturecart.com
375552,forsta.com
375565,flynic.ir
375599,findresourcesusa.com
375607,f9r.ru
375619,fhtc.edu
375622,fitforref.de
375643,finstar.online
375644,faimallusr.com
375670,fuckporn.club
375785,ferienknaller.de
375787,fashionsupreme.co.uk
375851,federmoto.it
375878,flixano.com
375911,freemarkethosting.com
376052,funmedia.co.ke
376054,free-adult-web-cam-girls.com
376064,fnp.sg
376079,fluidmaster.com
376114,freestats.net
376116,fnhomvduc.cc
376188,formulad.com
376264,familyswap.xxx
376268,forum-bmw.fr
376276,fe80.eu
376335,focusmoda.ru
376336,fbtech.net
376337,fairfaxcryobank.com
376354,fourthline.com
376366,fast4speed.rsvp
376400,futhertech.com
376401,fluxspinsplatform.nl
376406,fergushotels.com
376411,fan-sport.com
376474,fix-sony.ru
376476,fintokei.com
376487,fieldofscience.com
376496,finch-project.eu
376519,futanari.xxx
376523,fixturesetc.com
376571,fudohsan.jp
376593,fpbdomains.eu
376642,fantasypoints.com
376672,fsegames.eu
376722,foodtalks.cn
376763,france-herboristerie.com
376764,fareham.gov.uk
376803,filatelie-stosek.cz
376817,fmsbw.de
376854,fuckserve.com
376873,fcportables.com
376889,futurecasinospace.com
376903,filetrac.net
376911,freechat.com.co
376952,francesvalentine.com
377007,foodre.jp
377016,fundacaomariacecilia.org.br
377037,firestormviewer.org
377039,fmovies-online.net
377042,focusplusmedia.nl
377066,fidelitylife.com
377078,file-upload.org
377137,findrentals.com
377148,fantasiastore.it
377179,flydreamers.com
377200,financialmentor.com
377213,flex.one
377216,fsfera.ru
377251,facebookrecruiting.com
377266,flavibot.xyz
377307,fallindesign.com
377310,fromzero.us
377311,frenchbulldog.com
377453,freetelly.com
377526,foodbank.org.au
377580,freshclubstation.com
377581,fcgie.ru
377623,fan-centro.net
377677,freep.cn
377683,frontrunnersla.com
377770,funbikes.co.uk
377850,fantasie.com
377899,futurespinplatform.com
377911,febest.de
377912,filehippo.net
377914,friars.com
377947,fanfree.net
378013,fishkeeper.co.uk
378021,friendsjournal.org
378030,fortraders.com
378061,fireoxsports.com
378094,fcc.net
378115,fujibikes.com
378119,freekassa.net
378140,fastly-analytics.com
378150,finenumbers.com
378181,flashbay.com
378208,f12-bets.com
378221,fscloud.jp
378250,flagma.de
378253,fanicon.net
378357,funkytime.games
378403,familieretshuset.dk
378425,frodex.ru
378457,freshnessmag.com
378458,fleetcdn.com
378465,fetishporn-one.com
378473,filminquiry.com
378494,feikuai.in
378517,freevpnapp.co.uk
378525,fiberathomeglobal.net
378626,filmihulluleffakauppa.com
378654,footballdinho.com
378735,fintek.com.tw
378738,fluxcenter.nl
378744,fujistas.com
378751,footwise.com
378771,flockmod.com
378773,forestryimages.org
378788,fh.by
378798,fucsalud.edu.co
378802,foxmos.com
378824,fczsyx.com
378879,facture.net
378903,fitshop.co.uk
378949,fapforfun.net
378988,freefan.net
378992,favrit.com
379041,focusgamblebase.nl
379076,fairlandsmartpool.com
379111,fzyjzxordos.com
379135,flightcentre.com
379152,flairfutbol.com
379186,forumakademickie.pl
379195,foodtosave.com.br
379219,fiberhub.com
379223,femdomcult.org
379228,fractel.net
379252,fumakilla.jp
379253,futurpreneur.ca
379276,futureprime.nl
379311,fluxbetbase.nl
379344,freewallet.org
379358,facelift-cloud.com
379359,freeporn-xxx.com
379390,focusplusblog.nl
379399,finnsbeachclub.com
379402,focusgamblehouse.nl
379439,fsjd23221.cc
379463,fwebi.com
379478,fifthelement.gr
379517,findanyanswer.com
379532,flatout.com.br
379555,fastleopard.cn
379589,federalspace.ru
379597,funkyco.com
379652,fryd.app
379661,friendscout24.com
379670,findery.com
379711,flvsgl.com
379725,fabrichouse.com
379730,fusion-lifestyle.com
379738,fabbri1905.com
379763,free-play-mahjong.com
379826,fluent2ns.uk
379874,fujimaki-select.com
379875,factor-eleven.de
379894,fabrica.net.ua
379963,founderss.cn
379965,fix-price.kz
380004,fouredge.se
380020,farm-tomita.co.jp
380074,filez.com
380103,fftir.org
380152,foyer.lu
380195,feketemeheszet.hu
380229,fifoautoshop.sk
380277,frontiertruckparts.com
380337,forumdesimages.fr
380350,freunden.org
380406,fembed.co
380473,fotobehang.com
380481,f1x.ru
380501,foxeslovelemons.com
380506,freegreatpicture.com
380583,faguo-store.com
380660,fullpornlist.com
380682,fondation-jeromeseydoux-pathe.com
380709,fisip-unmul.ac.id
380711,fleni.org.ar
380735,focusblackjackworld.nl
380764,fitness.cz
380826,ferrara.com
380858,fbcrialto.com
380870,flw.ph
380874,flame24.de
380971,fbs.eu
381049,f5network.com.br
381092,fibra.click
381108,feron.ru
381114,faribaultmill.com
381128,firewalla.net
381135,firetrust.com
381173,fransbonhomme.fr
381174,firestore.goog
381202,formaxpa.com
381238,filhao.com.br
381250,foodforthepoor.org
381252,fpciviles.com
381286,freenetname.co.uk
381316,fangchan.com
381345,flexlink.com
381348,fanka.com
381351,fmnorth.co.jp
381372,fondation.org.ma
381479,freereceivesms.com
381517,forgeguide.nl
381559,firedearth.com
381571,furyuprize.com
381572,f72.casino
381596,filmmusic.io
381631,focusing.org
381632,faster-server.com
381712,fullfathosting.co.uk
381735,floodzonebrewery.com
381747,fulltube.xxx
381764,fcwebs.com
381776,fiia.fi
381788,fb.tools
381799,fno.cz
381883,fightinghawks.com
381906,fordpartscatalog.com
381908,fenacon.org.br
381910,fmworld.com
381932,fibermall.com
381977,franshalsmuseum.nl
382001,fci.gov.in
382066,flywaydb.org
382114,finalmouse.com
382118,freshcasinohouse.com
382183,farmec.ro
382188,fonant.co.uk
382196,fuertehost.com
382227,facilitiesdive.com
382245,film-like.com
382248,fenikss.lv
382260,finn.auto
382347,fabbi.store
382455,forhosting.nl
382474,flairo.ru
382496,friendsallearth.com
382503,funaab.edu.ng
382531,flixi.com
382546,free.ai
382550,fiscal.es
382565,fatsecret.com.br
382639,foodnbevct.com
382649,fcmetz.com
382661,financeprofessional.ee
382677,francebenevolat.org
382678,facilit.fm
382757,freewebads.us
382789,forexagone.com
382804,fuzhoujingbei.com
382869,flyers-on-line.com
382893,folders.co.nz
382919,fc-rostov.ru
382936,feishu-3rd-party-services.com
382952,fabians.org.uk
382969,fsicpa.org.cn
382974,fitbulut.com
383059,fitaxsion.xyz
383060,freshreelsonline.nl
383069,futureblackjackworld.com
383117,fillingpieces.com
383144,felinaworld.com
383148,fastspot.com
383169,fifakitcreator.com
383176,fondation-pernod-ricard.com
383196,fresco.dog
383218,fnbchydj.cc
383221,futoncompany.co.uk
383250,fnsi.net
383255,fortheweak.cloud
383262,fsvid.lol
383288,feuniverse.us
383312,fbuy.me
383334,flexential.com
383424,fabomov.cc
383452,fmodia.com.br
383453,fountainheadapartmentsma.com
383479,freewha.com
383504,futureslotsmarket.com
383539,ftiharris.com
383561,favorite-games.com
383566,finnrick.com
383579,funkymedia.pl
383582,fusionreactor.io
383607,fororacing.com.ar
383615,fdsarr.ru
383626,freak.no
383643,findmypast.ie
383656,feather-insurance.com
383722,farmingdiary.com
383732,fork.dev
383788,fujianyuemeng.com
383794,facebookbrand.com
383808,fantasy-worlds.ru
383817,fulda.de
383825,famous.ai
383859,findmatch.top
383865,futureroyalspace.com
383878,freshaprilflours.com
383947,freshlesbiansfuck.com
384002,flagtel.com
384015,flugzeugbilder.de
384031,fetishscroller.com
384033,falstaff.at
384060,fwwdq.com
384092,fondidoc.it
384145,freejavstreaming.net
384157,forevergeek.com
384176,finelib.com
384183,flight-status.com
384185,flauntestheticslv.com
384192,freevideodownload.pro
384193,feiyr.com
384205,faceai.art
384223,fortywinks.com.au
384277,firsttactical.com
384291,forexhero.info
384312,fluidping.shop
384314,fortressofsolitude.co.za
384320,filomail.com
384325,fire-max.ru
384340,fapmenu.com
384343,freshnessburger.co.jp
384351,ftrcdn.com
384410,flsmidth.net
384411,faraos.dk
384521,fdf.org.uk
384580,fonzip.com
384584,fazumflip.com.br
384586,firmoo.net
384606,finplatforms.ru
384636,freemagazines.top
384642,fitness.com.hr
384671,faithfulcounseling.com
384703,freshbettingworld.nl
384769,flashearth.com
384876,freedert.online
384890,fnf-games.io
384924,f9tmep.net
384925,felvidek.ma
385009,flownova.tech
385061,fh-furtwangen.de
385072,forbole.com
385079,fonus.se
385179,flareaudio.com
385196,frontrush.com
385220,fiscalexplanation.com
385240,firebase.studio
385343,finevoice.ai
385346,fundraising.com.au
385354,firstaffair.com
385360,familyislandgame.net
385361,ferret-plus.com
385386,foodtown.com
385406,futureclubbase.com
385415,frenchmoments.eu
385435,fridgeparts.us
385449,fetish-island.com
385487,freshblackjackexpress.com
385491,firstcolonybank.net
385514,forexarticles.net
385552,funnycreativedigital.com
385583,forumsal.net
385586,fristartmuseum.org
385625,floralstreet.com
385640,focusspace.nl
385724,freebit.net.ua
385879,frequencia.com.br
385907,filmitalianixxx.com
385909,face2.ru
385925,fedandfit.com
385927,fakexy.com
385929,frstrategie.org
385932,fancrew.jp
385991,fernandoswinehouse.pt
386065,fashionlane.com.au
386090,flow.space
386092,fsbdgef.com
386102,fastwpdemo.com
386134,fastflowplastics.co.za
386316,fh-kufstein.ac.at
386319,family-tatarstan.ru
386324,festung-koenigstein.de
386331,fccid.ai
386384,farmaciasenante.com
386398,familie-rosche.de
386502,flow.org
386510,frogiesarcade.win
386581,furtherafrica.com
386585,freedieting.com
386593,finehomesandliving.com
386612,farmlands.co.nz
386685,floridaortho.com
386737,factorie.com.au
386807,fundedfuturesfamily.com
386815,fiestafactorydirect.com
386831,familleboisjoli.ca
386856,ffyf.org
386863,famila-nordost.de
386905,funkypiar.top
386925,forever6.shop
386927,fatsecret.com.tr
386968,fera.pl
386969,federalreserveeducation.org
386984,fast-rewind.com
387008,fridayoge.com
387021,ftdremote.net
387022,fastdnsboot.in
387050,futureproducers.com
387062,fatheadfish.space
387074,fishman.com
387077,fondantpg.com
387083,free-coins.ru
387121,fs3000.casino
387236,flourlesschocolate.com
387357,familydir.com
387368,femexpalma.com.mx
387395,flixfiend.top
387426,focusclubpro.nl
387466,feit.com
387483,faptap.net
387511,force-39.my
387529,forelsketxjr.com
387540,fapservice.com
387544,forte.games
387571,fanminiaphl.com
387576,forums4airports.com
387592,fantyfuture.com
387627,forpsicloud.cz
387646,freedot.biz
387653,forgedaily.nl
387672,fastcolabs.com
387703,flender.com
387710,forumliebe.de
387735,fusionslotsgroup.nl
387774,flibusta.top
387792,foto.no
387809,facialabuse.com
387817,fanhqstore.com
387885,futo.edu.ng
387900,fairyporn.net
387951,frontview-magazine.be
387968,fragrantica.nl
387971,fontsly.com
387972,findtape.com
387985,familienratgeber.de
387996,flarestorm.buzz
388007,flipformat.click
388011,floridawebmasters.com
388071,formsort.com
388136,fengmingzx.com
388143,fast-bet.ru
388176,facil.services
388192,fraiche.com.mx
388210,forokymco.es
388238,findingtheuniverse.com
388273,freeott.top
388390,fickacompanies.com
388433,freshplaza.es
388456,firatcardak.com.tr
388462,futureroulettebase.com
388482,freshbettingcentral.nl
388485,forum.kiev.ua
388502,freshpokerhub.com
388558,fcmn.co.il
388566,farjur.uz
388572,fleetsound.com
388620,fmlink.com
388629,fineallies.com
388648,findstorenearme.us
388649,feuersalamander.com
388675,flutteralt.com
388680,francecars.fr
388721,fluxclubstation.nl
388739,f1report.ru
388777,farming2015mods.com
388830,fancs.com
388986,fampay.in
389086,funarte.gov.br
389090,freeworkshopmanual.net
389143,fcaf.cat
389146,forumlaklak.com
389169,flume.de
389174,fi-m247-01.com
389202,fan.reviews
389214,fsqiangaojx.com
389246,funkhouse.de
389260,facesitting.biz
389295,fresnosheriff.org
389309,fishing-mart.com.pl
389311,foglia.ro
389316,flagma.kz
389376,fgdsmt.com
389403,flagcolorcodes.com
389427,fishpal.com
389472,fgis-saturn.ru
389474,furnituremood.com
389487,francke-halle.de
389536,freecouchtuner.com
389550,fnac.com.br
389620,fragoriawiki.com
389636,ftcyazilim.com.tr
389672,fillerpharma.com
389681,fieldera.com
389722,fhcsd.org
389728,fuelix.ai
389731,fundraising.co.uk
389749,floridamedicalclinic.com
389751,frsconference.com
389752,freshluckylab.nl
389765,findabrides.com
389804,fluidstream.net
389811,fordpartsonsale.com
389850,freida.cloud
389908,feedmyhorse.de
389923,fluoo.com
389977,flamingoland.co.uk
390017,fightaging.org
390040,famapp.co.in
390054,foxieapp.net
390076,forgespace.nl
390116,freerollpass.com
390129,flogas.co.uk
390140,free-mockup.com
390182,findyourunclaimedproperty.com
390194,forex-reviews.org
390223,familleboyer.net
390253,fntg.com
390273,fdcmarketweb.com.br
390282,fact.co.uk
390311,f-clean.com
390312,fujitsumonitoring.com
390365,female-anatomy-for-artist.com
390371,fanhubmedia.com
390386,fleathecat.com
390397,futurecasinobase.com
390433,faluninfo.net
390485,finebooksmagazine.com
390498,filmstriben.dk
390513,flightradar.live
390516,firstlightcorolla.com
390597,freshjackpotonline.nl
390626,flytesystems.com
390639,fia.net
390650,fclorient.bzh
390658,fullfusion.net
390699,freeformsnyc.com
390729,foxyscore.com
390736,fila.co.kr
390753,futdados.com
390766,forum-al.com
390776,finalgear.com
390816,farmaciasloshidalgos.com.do
390842,fxtrendo.com
390897,formacar.com
390900,filmsjackets.com
390907,flamesnation.ca
390921,femalecricket.com
390925,filecabi.net
390943,flanflorencemurkepromenade.site
391006,fanstoshop.com
391025,fishingwithrod.com
391026,fangyanstores.com
391052,feminismandreligion.com
391054,fairplaycasino.nl
391086,featurespace.net
391089,fmfracing.com
391139,funzine.hu
391216,fetishporn-post.com
391267,foreclosureconnections.com
391270,finansist-kras.ru
391311,freewillastrology.com
391326,filatelie-klim.com
391339,fyndiq.dk
391381,firefly-boutique.com
391403,freeanimalporn.tv
391415,foro-ciudad.com
391525,fht360.com
391531,focusst.org
391566,francebed.co.jp
391570,foundit.com
391582,finmasters.com
391587,flure.com
391626,famivita.com.br
391713,fixmyblinds.com
391732,fibraconnect.com.br
391753,foundit.hk
391793,fullyloadedto.com
391824,fashionunited.nl
391828,fatgalah.com
391837,fluidpay.com
391838,fast-fun.cn
391879,fnon.com.sa
391918,fairhealthconsumer.org
391954,foot-store.fr
391997,fuckphysics.com
392031,flawlesscbd.co.uk
392049,find-ip.net
392078,flynnohara.com
392126,forgecity.nl
392150,faag.eu
392153,funkbasis.de
392181,fxphantom.com
392186,feixiaohao.com
392198,funktionevents.co.uk
392229,falkentyre.com
392298,fujisan.ne.jp
392314,feonet.net
392329,flowmusicapp.net
392350,feline-holidays.nl
392362,fpbx.de
392378,fairfaxandfavor.com
392381,freetts.ru
392382,foot11.com
392384,firstrade.net
392412,foppiano.cl
392434,fclmedia.com
392455,frdl.my
392501,fitnessprogramer.com
392519,fabiobmed.com.br
392530,foredgetech.com
392531,fanme.link
392533,fenergox.com
392542,fabrica.it
392546,fulliron-group.com
392557,farmacianovadamaia.pt
392566,freshroastedcoffee.com
392570,fhtrust.com.tw
392581,fic.gov.za
392616,friendlydns.de
392629,forbesmarshall.com
392643,foreign-brides.net
392646,fastflicksx.com
392679,fagiano-okayama.com
392731,forumpromotion.net
392764,frk.kr
392795,flipboardsports.com
392799,fusionrouletteflow.nl
392895,fishbase.ca
392921,freeadulter.fun
392935,fileformat.app
392940,finlogix.com
392946,fenixsim.com
392953,fameandpartners.com
392980,fivestartrading-holland.eu
392989,filipino-women.net
393019,fama.io
393054,filmix.fun
393060,fiveprayer.app
393071,focusarena.nl
393082,fls3.casino
393089,fontserif.com
393142,fehaute.com
393151,ffnatation.fr
393191,fungayporn.com
393194,feastables.com
393218,fmeter.ru
393254,file-examples.com
393262,fresharenahub.com
393356,formmed.de
393361,fieldandhaven.com
393449,ftvhunter.com
393460,finsoft.com
393483,fabertdewit.nl
393498,fastfirewatchguards.com
393564,freddy.com
393571,fuyanglizi.net
393605,futureroyalexpress.com
393614,fpcgil.it
393616,findmyphonelauncher.com
393633,freejpg.com.ar
393635,function28.co.uk
393637,freyara.com
393683,fast.com.vn
393693,freepatent.ru
393742,firstlightoptics.com
393744,fpv24.com
393751,fyndery.de
393752,fecpos.com
393881,for-uyghur.jp
393885,fevia.be
393891,fnote.me
393901,firo.org
393906,fannetasticfood.com
393909,finlandiakirja.fi
393938,faaren.com
393948,freepornmission.com
393953,fle.fr
393959,fussballzz.de
394000,flevy.com
394014,friedenskooperative.de
394015,fiercevideo.com
394035,freerideworldtour.com
394042,fpmt.org
394048,fukuchiyama.lg.jp
394061,ferramentas.pt
394066,figuren-shop.de
394069,findloom.com
394117,fdcservers.io
394187,fhnw.net
394226,fishdv.ru
394252,futureluckyhub.com
394283,fithub.id
394294,fromlabatomic.shop
394329,flexopus.com
394339,flameshot.org
394379,famesupport.com
394394,fanatikbike.com
394401,focusfocus.nl
394407,fundedfirm.com
394416,fdncenter.org
394439,feedtrade.com.cn
394441,freelancejob.ru
394497,fedme.es
394522,fukushima-tv.co.jp
394563,freshspin985.com
394576,freshluckyonline.com
394594,first-quantum.com
394599,flintneighborhoodsunited.org
394641,fmnetworks.net
394642,frontdoor.com
394665,fishingreminder.com
394709,finanzkarriere.de
394712,fluxpokerstudio.nl
394766,furbay.com
394778,ferroli.com
394790,fifatrainingcentre.com
394793,freshblackjackspace.com
394808,freesextube.org
394825,fastighetsvarlden.se
394854,fili.vn
394880,findallrecovery.com
394902,footpack.fr
394928,forevergears.com
394932,foodindustryexecutive.com
395024,flystl.com
395032,federal-mogul.com
395033,financialresearch.gov
395038,filesanywhere.com
395057,fjfstjz.cn
395062,fun24.top
395113,football-aktuell.de
395133,franklinpierce.edu
395158,footballtipspredictions.com
395171,forio.com
395225,finnishdesignshop.fi
395237,fortune3.com
395307,fonab.co.uk
395311,freshsurvey.io
395319,forseti.is
395323,fastfuriousscooters.nl
395350,finnable.com
395357,forever644.shop
395396,folkspel.se
395410,fasterserve.com
395418,funzio.com
395422,fantachat.ai
395426,freeduty.com.hk
395442,fkcdn.com
395443,frizviolan.qpon
395459,feifeixitong.com
395482,femina.cz
395486,fishwildlife.org
395546,fbc.co.zw
395568,fennux.com
395571,flipbooklets.com
395573,ft1.casino
395582,factura.com
395608,feqa-soq.com
395671,freeradical.zone
395747,fulledu.ru
395771,fietsonline.com
395775,fmovies.today
395780,filesmac.com
395790,fidelize.com.br
395816,felixhospital.com
395834,frpmoto.com
395838,fast-servers.net
395916,fureai.or.jp
395944,fanday.net
396039,freedombox.org
396069,federationhss.ca
396134,futurepalacenetwork.com
396135,filterfinder.co.uk
396154,familiaysalud.es
396185,fundacioncarlosslim.org
396201,filmekseni.nl
396224,fultonsun.com
396243,fatpcollection.com
396289,freshpokerspace.com
396301,foundu.com.au
396325,feetplaza.com
396326,fujinomiya.lg.jp
396381,forbespt.com
396389,freelance.ua
396419,fluxprime.nl
396436,fpc.org.uk
396467,foorweb.store
396487,fandeco.ru
396488,foryourparty.com
396492,fmovies.style
396598,fusetter.com
396616,foodhygienescan.co.uk
396635,faz.de
396656,frida.com
396691,f1calendar.com
396695,faradite.com
396715,fc-ural.ru
396748,ferriswheelpress.com
396755,fitcamx.com
396756,floracura.com
396782,fims.org.pk
396792,fccc.edu
396816,fondationlecorbusier.fr
396820,fit4ref.com
396821,f64.casino
396849,focalscope.com
396858,finktech24.de
396867,frontierdental.com
396884,frejaeid.com
396896,freeipa.org
396976,funfunapp.com
397045,freetypinggame.net
397057,foodloveapp.ru
397068,faa.mil.ar
397073,fiestadates.com
397076,fonticons.com
397130,firstcanadajobs.ca
397192,fmtn.ru
397196,fifalive.click
397235,freshvip539.com
397246,fcenergie.de
397252,forum-macan.ru
397260,flintgrp.com
397269,free-sdk.net
397273,floraperfume.kz
397369,furtabas.com
397388,feedzop.com
397397,freebigassporn.org
397400,fajoza.org
397423,fightbacknews.org
397426,firsthealth.org
397495,filmyfly.faith
397512,fumankong1.cc
397513,funakoshi.co.jp
397526,fotorevista.com.ar
397570,fakepersongenerator.com
397586,forotrolls.com
397629,fallacyfiles.org
397637,forum-electrikov.ru
397640,ftqapi.xyz
397723,freckledpoppy.com
397731,flaswish.com
397742,francopieces.com
397768,funbox.io
397784,fstravel.by
397815,fox.nl
397884,finance-rambler.ru
397906,fsc.go.kr
397907,freebibleimages.org
397909,firenze-airport.it
397917,fissman.ru
397931,funcases.com
397958,fairentry.com
397998,floonet.goog
398007,fitnessfactory.com
398038,fifteensquared.net
398053,freecdn31.top
398094,fjordalp.com
398103,florea.cz
398120,fudutsinma.edu.ng
398124,fenglanjs.com
398126,faithlifecdn.com
398134,findatherapist.co.uk
398139,freeline.pl
398142,fotosdemujeresdesnudas.com
398161,focuspartners.com
398176,foodeon.com
398178,fitr.training
398261,filasolutions.com
398398,forja.ma
398506,farmlandgrab.org
398536,funwithfeet.com
398548,folderlinka.com
398555,flexvoetbal.nl
398570,filmyani.com
398601,fapdungeon.com
398610,flamingtext.es
398645,fullcirclemag.fr
398659,fundesplai.org
398702,foothealthfacts.org
398716,fiogonia.com
398720,frtis.vip
398726,forumelettrico.it
398732,fashiola.it
398743,fuxsb.com
398750,focusnlmedia.nl
398761,forgeprime.nl
398770,frontlineinsurance.com
398797,farmersagent.com
398814,fractalbitcoin.io
398890,favbet.com
398904,financepartners.com
398942,ftc.gov.tw
398973,fsucuonline.org
398978,forie.com
399003,factorypornmovies.com
399011,fedins.com
399053,feelter.com
399060,freepd.com
399064,frutigeraeroarchive.org
399080,flagsexpress.com
399161,filmmakers.de
399173,freshslotsonline.com
399204,franklymedia.com
399251,fondazionefs.it
399293,fullcircleinsights.com
399312,fisheyescloud.com
399382,freewestmedia.com
399399,freshcloud.io
399410,fochenxuan.com
399418,freephonenum.com
399443,facehun.com
399455,forumsamochodowe.pl
399486,feon.fi
399490,frapp.ch
399491,foundationip.com
399609,filespayouts.com
399659,fps.ms
399673,fadoq.ca
399785,fjordos.com
399794,farmersdefense.com
399825,feringe.com
399859,friedwald.de
399889,flirtistic.com
399894,fontsource.org
399924,forsythco.com
399930,flashbackrecorder.com
399950,fifa13.ru
399966,foodformzansi.co.za
399985,flashedgecdn.net
399998,futurereelspro.com
400009,fortworthbusiness.com
400094,flatwaterfreepress.org
400101,fusionbot.com
400103,flazio.org
400114,fab-directory.com
400124,foodispower.org
400130,flchamber.com
400204,flowsecurity.app
400216,funtown.com.hk
400265,fca.gov
400289,fountmedia.io
400293,fishnews.ru
400308,fusionbrain.ai
400323,fastshare.cz
400350,formulastudent.de
400361,fahrzeugpflegeforum.de
400364,fragrantica.ro
400368,from132.live
400418,f-55.ru
400423,fitsugar.com
400460,fifaworldcupnews.com
400474,fortaleza1918.com.br
400528,freematuresgallery.com
400596,freshclubexpress.com
400611,fleetster.de
400612,fcmcclerk.com
400634,fieldwork.com
400676,frantos.com
400685,forexww.org
400686,fatality.win
400694,freshluckystudio.nl
400702,fozhidaoxs.cc
400721,futbolmodaes.com
400722,f5q33k7gx1.com
400725,fredmeyerjewelers.com
400757,flysdk.cn
400788,freeconference.io
400789,fireservice.gr
400801,furutaka-netsel.co.jp
400821,flexsealproducts.com
400841,frostbytestudios.com
400846,fastdns.pt
400856,fpcloud.io
400951,faktabanten.co.id
400954,facil-iti.com
400957,fintechnews.my
400961,flightduration.online
401011,facta.co.jp
401039,fnz.net
401064,fitness-on.ru
401070,feral.io
401072,f3.run
401083,fordpartsoem.com
401099,fideltour.com
401223,flytaag.com
401246,foodtravelexperts.com
401288,findporn.life
401345,femalenetwork.com
401367,fm.dk
401389,farazdns.com
401406,familyxxx.com
401423,forex-bangla.com
401450,fragflex.com
401482,fax.al
401485,fibrewired.on.ca
401521,filmgoda.ru
401670,farmerica.in
401698,fjcruiserforums.com
401731,formi9.com
401743,firstinearch.com
401749,fixpart.nl
401790,fetishes-porn.com
401901,fortunat.fr
401926,fatsecret.de
401929,fossilgroup.com
401976,fanaticsmarkets.com
402098,freedomoutpost.com
402130,france-terre-asile.org
402161,flmngr.com
402174,futurearenahouse.com
402193,folk-media.com
402209,futbollibretv.su
402211,farpost.net
402226,flatinfo.ru
402246,fq8818.com
402262,freeweb7.com
402263,farmaciasanbernardo.mx
402291,flowserve.net
402378,foli.fi
402383,fenstermaxx24.com
402412,frameiteasy.com
402427,feibajiasu.com
402429,fercam.com
402458,figbid.com
402481,famsi.org
402484,fugucasino8.online
402543,freshcasinobase.nl
402584,formabilityhosting.it
402660,focuscasinostudio.nl
402677,fig.co
402684,fashionpo.com
402702,fluence.africa
402731,fxhservers.com
402744,floridasturnpike.com
402747,flvto.biz
402753,fbstat1.com
402756,footballzone.app
402760,faberhostserver.com
402803,freemp3cloud.com
402816,fcz.ch
402830,fanuy.cn
402833,fastwaterblog.com
402839,flexkeeping.com
402872,fltrading.net
402921,foodslink.jp
402941,fenominalfragrance.com
402967,fds.fi
403006,fieldpapers.org
403012,fvd.nl
403024,foxnewsinternational.com
403030,focusmr.com
403038,federgolf.it
403112,fagerhult.com
403120,flurl.com
403133,formtoro.com
403135,frontlinegaming.org
403155,ford-forum.de
403174,fraternityofshadows.com
403175,furniturefair.net
403239,fresharenazone.nl
403246,freshblackjackplatform.com
403260,fartomax.com
403278,fc-koeln.de
403346,farmweekly.com.au
403377,freshreelsplus.com
403378,freizeit-land.de
403384,first.com
403399,foratable.com
403410,fukuoka-navi.jp
403415,fotile.com
403433,fk-bearing.com
403434,frankchimero.com
403459,fishnet.co.uk
403507,frenchcrown.com
403531,forefront.ai
403551,flyairsenegal.com
403574,fsapps.app
403595,facingsouth.org
403615,familienportal.nrw
403617,funkyhampers.com
403622,focusconcursos.com.br
403635,fsi.com
403647,friendstheexperience.com
403654,fama.ua
403657,forumpourfilles.com
403670,foro3d.com
403747,formulamoto.es
403755,fondclea.cyou
403784,freedomcenter.org
403797,frontporchforum.com
403832,fastpacehealth.com
403893,fourminutebooks.com
403910,fictionbooks.top
403914,freevoipdeal.com
403955,fadegear.com
403964,flocus.com
404012,fitnessconnection.com
404016,fagg-afmps.be
404032,fisk.com.br
404052,fc-erzgebirge.de
404090,fraservalleytoday.ca
404097,feasto.ru
404106,foe.tools
404127,flashputon.com
404130,frrouting.org
404149,fapcams.live
404151,fueledutv.com
404174,forum-hifi.fr
404176,fmsendcrmclick.net
404186,freeday.ai
404229,fastflix.to
404248,flix.gr
404269,fbtb.net
404309,floranza.kz
404337,fleetx.io
404356,freegiftswithcontractphones.co.uk
404389,famads.com
404433,flowmastermufflers.com
404454,ff-americas.com
404458,firegamesnetwork.com
404485,ferienhausdehaanmieten.de
404502,fastcloud.gr
404507,fondex.com
404529,fanterdc.com
404530,freetetris.org
404566,fredwalter.com
404602,fudosecurity.com
404610,fujitsu.co.jp
404615,ffsrv.ru
404619,frostytools.com
404631,frappeframework.com
404667,five.tv
404668,findmyfont.com
404671,fraenkische-schweiz.com
404718,frischeis.at
404728,fly125.top
404809,freegaytube.xxx
404813,fanding.kr
404826,fpkinvest.ru
404890,fotostudio.io
404902,fondationdesfemmes.org
404909,furvilla.com
404920,fieldcommgroup.org
404928,forgeexpert.nl
404937,fintechnews.org
404962,fh-landshut.de
404963,fgtb.be
404982,filesrescueplus.com
404996,fullspectrumcreative.com
405003,fpmaragall.org
405025,futurevipworld.com
405028,foropirata.com
405038,forpencil.com
405074,foodpearl.com
405138,foxracing.de
405182,fethiyeturizm.com
405244,fusionwagerpro.nl
405246,firearmspolicy.org
405265,fresqueduclimat.org
405304,fairground.ru
405342,fgc.org.br
405369,futonland.com
405381,fangzhenxiu.com
405383,foxrmm.com
405390,free.org
405419,freemahjong.org
405448,fast-slot53.online
405476,forums-leterrier.net
405494,fitness1c.ru
405501,fullbayapi.com
405521,fluxtrend.nl
405529,foreca.fr
405557,freshlearn.com
405566,farnamstreetblog.com
405584,freedomblogging.com
405588,futurecasinocentral.com
405607,flierinc.com
405619,fancyclopedia.org
405684,ftnpen.com
405697,fidanburada.com
405718,fe.training
405767,fiocchidiriso.com
405819,fead.one
405825,font-generator.com
405897,frescomania.net
405910,freshroyalbase.com
405932,ftnmedya.com
405967,filament2print.com
405970,feisusw.com
405972,fuckslur.life
406061,forensicsandediscovery.com
406082,flexera.eu
406136,fawbushs.com
406148,firstbase.io
406152,franklincollege.edu
406173,falsevivero.top
406238,flaboats.com
406244,fkp-uzks.ru
406269,fuukei.org
406328,foxporn2.com
406345,flagandanthem.com
406400,flicks.co.uk
406491,franprix.fr
406505,freesewing.eu
406507,facelab.mobi
406519,freebene.com
406543,ffgroup-toolindustries.com
406546,familyfuncanada.com
406571,futurebrand.com
406664,freesfx.co.uk
406778,fcsg.ch
406781,fibrenoire.ca
406814,freshportal.net
406820,fastcompanyme.com
406874,fisaude.com
406935,flashrc.com
406941,frauhofer.at
406987,farrvintners.com
407038,futurewagerworld.com
407051,festivalfans.nl
407059,fenqile.com
407103,five88.eco
407109,firstgain.live
407174,faulknerbmw.com
407184,fiis.com.br
407190,fortfun.de
407265,financialloanhub.com
407275,farmako.ai
407278,framily.de
407344,freedownloadlogo.com
407371,functionalmovement.com
407374,filesmonsterclub.net
407382,fluxroulettespace.nl
407405,falconlabs.us
407408,fundacionunam.org.mx
407417,frisbee.live
407424,freeaccount.biz
407458,fc-magdeburg.de
407459,fyzikalniolympiada.cz
407485,fluxfocus.nl
407508,fabpedigree.com
407557,fabricville.com
407704,fpsclassico.com
407725,fatpipehost.com
407739,forsythnews.com
407754,flowwow-dev.com
407757,ferretti-yachts.com
407776,freeweblink.org
407804,fluxarsystems.net
407811,freeware.de
407812,flixbus.ca
407816,fixcom.fi
407832,finesudha.top
407845,fileboomporn.com
407847,flowermoxie.com
407946,foreca.ee
407972,fiuu.com
408011,foodja.com
408023,flashka.ai
408043,flowerstore.ph
408074,fluxblackjacklounge.nl
408076,flatworldsolutions.com
408088,fitness-hp.at
408104,farmtario.com
408105,fujitsugeneral.com
408115,fitnessista.com
408116,foodretail.es
408140,factwagon.com
408151,focusslotshub.nl
408166,frugalfeeds.com.au
408175,flyunitednigeria.com
408239,feelflorence.it
408249,forhers.dev
408276,fdanews.com
408279,fospha.com
408366,fp-sign.com
408386,fractal.ai
408438,fishtank.live
408510,freddystore.com
408513,fepc.or.jp
408521,fra.gov.eg
408558,fullcomm.app
408562,fmbb.ru
408593,fiberbroadband.org
408599,forumdiagraria.org
408621,freestart.com
408636,family-album.com
408637,fit3d.com
408707,fluiartejoias.com.br
408724,felling.com
408727,freudly.ai
408732,facetwealth.com
408769,fennecfootball.com
408770,finnishcharts.com
408807,fantazyrepo.uk
408826,fc2stream.tv
408834,fireboom.io
408842,ftec.net
408847,flixbus.at
408859,flashboot.ru
408892,fabricmegastore.com
408893,fondsdepotbank.de
408899,fyhwyd.com
408937,futuregamingstudio.com
409068,freshdelmonte.com
409094,footlive.fr
409098,flamengorj.com.br
409100,favoritnr1.com
409103,fakelay.com
409115,fraserway.com
409120,femiwiki.com
409150,fireemblemwod.com
409159,fallenintoashes.com
409186,forbesgreece.gr
409199,fm91bkk.com
409262,finecellwork.co.uk
409269,feedcoopapi.com
409302,fdr.casino
409314,finzoom.ro
409315,frm.org
409349,fandiyuan.com
409360,fr135.net
409364,feelgreece.com
409409,free-xnxx.cfd
409430,fencing.org.nz
409460,facetporn.com
409483,faccelove.de
409491,famulatur.de
409538,futureslotshouse.com
409547,francetelecom.net
409563,fluesco.com
409611,filthykings.com
409626,futurepalacedaily.com
409632,fansyme.com
409635,friluftsframjandet.se
409653,farodiroma.it
409711,fcomputer.dk
409726,fatsecret.es
409727,france-pittoresque.com
409745,filmix.co
409747,fh260401.top
409749,f1online.de
409753,fitaudit.ru
409754,filevideo1.com
409771,fellows.co.uk
409785,fcknrockn.net
409801,fujikasai.co.jp
409802,flowersofindia.net
409827,freshwagerstudio.nl
409908,flixbus.nl
409928,forosactivos.net
409938,foodworld-xl.de
409977,floriantales.fr
410020,fb-cs.ru
410040,freestylediabetes.ru
410085,fieldy.ai
410104,fikriyat.com
410105,freya.cat
410160,firstbyte.club
410194,freestyleusa.com
410237,futurepokerstation.com
410289,freundevonfreunden.com
410296,filmhd1080.icu
410297,farer.com
410356,findingschool.com
410373,flycart.org
410418,fastburialbenefit.com
410447,fad.es
410489,freiberg.de
410506,faisalbank.com.eg
410605,fbuz.su
410607,fanpass.net
410637,freebanglafont.com
410652,freshbettingbase.com
410654,financialcrimeacademy.org
410688,fwatch.tv
410724,fogcloud.io
410727,flirtfordate.com
410787,fauchon.com
410843,focushouse.nl
410844,fmjd.org
410846,fmstream.org
410887,flyzoo.co
410911,flexdog.com
410930,fond-moscow.ru
410963,fellowshiplogs.com
410967,finclub.net
410992,fr24.com
411003,fonehouse.co.uk
411006,fuckfap.webcam
411086,fuzoku-datacenter.com
411108,fearlessdining.com
411130,fredasalvador.com
411154,feestbazaar.nl
411185,friskis.com
411190,fdlmc.com
411191,forummotion.com
411195,fatalgame.com
411243,fineasy.com
411261,fitssewwell.com
411284,finevlera.xyz
411289,fazagilizar.com.br
411290,footshop.hu
411308,featbit.co
411312,fjqkhalf.top
411321,futurecasinonetwork.com
411327,florence.co.uk
411403,flydynon.com
411404,fntworldwide.com
411435,fabrikaloyalnosti.ru
411447,futureforum.com
411468,futureblackjackgroup.com
411478,feline207.net
411484,flexipod.com
411499,funke.video
411500,fehmarn24.de
411502,finde-offen.de
411528,freshroulettelounge.nl
411538,forelle.com
411583,forum-photovoltaique.fr
411585,foodbankscanada.ca
411612,futsalhouse.vn
411619,forodance.com
411625,fanfinity.gg
411631,findsubtitles.eu
411659,fiskarna.net
411678,fortify123.ru
411712,flinndal.nl
411732,fstik.app
411823,formatt.ru
411848,fhug.org.uk
411874,forex.pm
411897,facesittube.com
411946,ferugby.es
411955,fitbr.org.br
411979,foerderverein-irish-terrier.de
411987,factorydirectparty.com
411998,fmovies.do
412051,fullbiz.net
412058,fiatforum.bg
412079,fcmrktplace.com
412126,fenzidogsportsacademy.com
412154,factorbikes.com
412157,fuegianism.cfd
412187,fleischwirtschaft.de
412233,fpesolutions-mother.com
412263,foodnetwork.pl
412264,flutetunes.com
412290,fastssh.com
412307,finansingundemi.com
412354,fleeped.com
412357,fortispay.com
412363,faroadai.com
412426,foreignaffairs.co.nz
412445,farnedo.ru
412523,fiusports.com
412559,filterfinderonline.com
412560,f68.casino
412585,freedomgorilla.com
412597,friendsofallencounty.org
412600,fox-god999.com
412608,forumcsrindonesia.org
412612,fimer.com
412648,fakeupdate.net
412657,flows.be
412662,fuse99.com
412686,fctv.ne.jp
412710,finec.ru
412734,firegat.com
412747,fischer-wolle.de
412749,fullfenblog.tw
412799,fenland.gov.uk
412824,freshcope.com
412834,fountainpen.it
412838,friv2online.com
412874,finecars.cc
412909,folioclient.com
412959,fliesenshoponline.de
413059,fantasy-shop.gr
413093,free.de
413110,forumcinemas.lv
413116,ftc.go.kr
413137,fugucasino3.online
413165,focus-in.app
413167,facelandclinic.com
413177,fh-rosenheim.de
413226,fubitv.cc
413245,finstral.com
413257,fsharetv.co
413285,flowergenie.co.uk
413346,fycma.com
413381,finansi.bg
413386,finaletalk.co.uk
413429,football360.com.au
413432,favero.com
413436,file-teleport.com
413437,fraza.ua
413498,freshroyal855.com
413535,freebiefindingmom.com
413547,firelands.com
413602,freshcasino157.com
413654,firstcommunity.com
413655,fakepixel.fun
413656,faucetfoot.com
413674,fairsail.com
413692,forpcnetwork.net
413699,feltbicycles.com
413719,fatih.bel.tr
413745,fdecs.com
413785,funfarm.pro
413873,fatbj.com
413881,fieldtest.cc
413918,frontalka.com.ua
413922,fortisandboxcloud.com
413928,freerangecloud.com
413933,fxmag.ru
413959,fungoglobal.com
414066,fatsharkgames.se
414070,foocname.cc
414104,filmfestivalrotterdam.com
414147,firstup.io
414165,fiftyfifty.one
414196,froggtoggs.com
414225,fullgaz.co.il
414226,fchampalimaud.org
414227,famedigital.com
414237,fkxs8.cc
414239,favorhousing.com
414257,find-topdeals.com
414284,flaglerschools.com
414300,filoli.org
414308,frontnow.cloud
414312,forum-thyroide.net
414315,fabletics.co.uk
414341,fit4less.ca
414349,fanmetalloy.com
414416,fapforher.com
414444,fredrikoglouisa.no
414446,flashparking.com
414460,finaletoday.co.uk
414528,freeurlredirect.com
414552,flwok.com
414637,fmsrb.ru
414658,fjord1.no
414751,folkdbookmark.club
414821,fflsw.com
414845,fapello.ru
414854,freelancer.mx
414860,freshlabels.com
414863,fightsports.tv
414889,ftdisplay.com
414926,finndel.no
414950,fwps.org
414954,federiconelcuore.com
414962,footshop.sk
415018,fusionbetplus.nl
415026,flomecintl.com
415027,fosterswift.com
415052,fidathedesignschool.com
415066,fsome.com
415090,faqarena.com
415139,fans8.xyz
415156,fglweb.com
415159,fugucasino1.online
415189,fundament-irkutsk.ru
415209,fortuneteck.cn
415231,frah.shop
415236,farmaciaaguacate.es
415252,femboy-e.date
415253,fghlvnxuk.com
415324,fintablo.ru
415327,filmfoto.se
415369,felgo.com
415409,fnxlb.com
415421,fushun.gov.cn
415423,frikiverso.es
415432,fsoft.com.vn
415464,fakta.co
415469,filmu.in
415478,factgrid.de
415518,forbes.co.il
415549,forendors.cz
415550,focenza.com
415594,fullsight.org
415596,focusspinplus.nl
415597,forebodiesonly.com
415638,fiberinternetcenter.com
415654,flyingpenguin.com
415663,fastfieldforms.com
415678,fitjeans.com
415699,farmaponte.com.br
415721,firstrainingsalud.edu.pe
415752,firstcdn.com
415770,footprint5.co.uk
415788,fabulosatenerife.com
415818,fiberlive.live
415827,fap2gfs.com
415865,funnelfeedr.com
415886,federalwaymirror.com
415942,filmofilia.com
415951,fonbet-stavki-apk.ru
415990,futbolni24.com
416028,fghgh.com
416158,festivalphoto.net
416290,frumzijugar.es
416293,flagle.io
416304,fuchu-cpf.or.jp
416305,freenets.store
416308,forstwoof.ru
416316,freshsexpics.com
416328,feministcurrent.com
416430,findgaytube.com
416461,franciszkanie.pl
416503,fasttimes.com.au
416533,freemilfpics.com
416541,fairtrials.org
416574,freeltc.fun
416595,fuckdivan.com
416616,foodtv.com
416639,freddy-fresh.de
416640,futurohr.com
416690,fdmg.nl
416715,fubag.ru
416718,flamewebhosting.com
416729,fhi.nl
416731,fitnessdigital.com
416752,freshgamblestudio.nl
416760,fuckmoral.net
416794,freegamingideas.com
416805,futuhkapp.com
416830,fileproinfo.com
416842,fmrockandpop.com
416847,flasharkracing.com
416848,fpconservatory.org
416902,ffsvrs.lv
416956,fitmycar.com.au
417008,fotaku.xyz
417023,frankgreen.com.au
417063,fullcomp.jp
417096,flessio.com
417105,fastcloudserver.us
417141,fix-miele.ru
417154,fttech.ru
417156,fedttoj.dk
417168,fndr.ge
417172,fonfood.com
417245,freecram.com
417258,fnocc.com
417310,farsfile.ir
417334,famlight.eu
417365,fuckingyoung.es
417368,fpa.org
417406,farmfoods.sk
417505,fazwaz.ru
417524,focusclub.nl
417555,financecommunity.it
417603,finfunmermaid.com
417607,filmtipps.at
417651,firestonewalker.com
417681,fedace.org
417698,fpp.co.uk
417724,flowgames.gg
417742,fbcad.org
417765,fabbgifts.com
417774,flourconfections.com
417787,fiskesnack.com
417799,fleetadmin.ru
417860,f81tecnologia.com
417902,fussballmuseum.de
417916,filmora.io
417918,funnelfox.com
417921,frankbody.com
417927,foldandflyhigh.com
417998,fineprint.com
418007,fedsquare.com
418043,footlevelers.com
418137,fcloud.com.tr
418178,franklintn.gov
418189,freewheel.co.uk
418208,freesexvideos.tv
418209,ftqq.com
418214,followgrown.com
418255,f1ingenerale.com
418275,fotospor.com
418326,fg-tk.com
418364,fusedinglass.com
418368,freedompay.kg
418370,fiff.ch
418376,fly88s.vip
418383,freshbettingworld.com
418393,fpn119.co.kr
418430,fixje.nl
418436,flattered.com
418499,fwo.be
418566,fultongrace.com
418599,food-ology.co.kr
418605,freshgamingdesk.nl
418608,facebook-studio.com
418624,foundhernan.cfd
418685,fabrinet.co.th
418711,fortunoffbys.com
418732,freeprosoftz.com
418758,filmcentralen.dk
418804,futurespincentral.com
418824,filmovi.monster
418826,forensicmag.com
418848,fjordkraft.no
418959,fred26.fr
419008,filmpalast.net
419041,fluxbetlounge.nl
419053,futurespinonline.com
419058,focusslotsmarket.nl
419089,fordhamsports.com
419119,faptv.me
419167,foreverstock17.info
419173,farpost.co.za
419174,flysurf.com
419221,fioco.ru
419229,freshop.com
419298,fanews.co.za
419299,fotoalben-discount.de
419304,fivision.com
419328,freeroute.online
419330,filipinohomes.com
419342,fazwaz.vn
419364,foiredeparis.fr
419409,fondpotanin.ru
419415,farfalla.ch
419428,fest.md
419435,fsno.de
419452,fcnp.com
419458,fuchphz.com
419463,faceb.com
419532,franzinfra.com
419565,fennia.fi
419671,familyphotosforever.com
419702,felg.app
419789,fap.house
419793,fitnessmokamel.ir
419840,feistyduck.com
419845,flowers4serbia.com
419871,foreclosurelistingsusa.com
419939,forumok.com
419943,freshslot375.com
419950,fullip.info
419964,fam.org.my
420066,fuckbabes.pro
420076,fireserve.net
420095,fastrunner.baby
420102,freepornfun.com
420120,fuzoku-job109.com
420135,flixtor.se
420141,fujisafari.co.jp
420160,freelink24.net
420163,filmarchiv.at
420172,fullertontitans.com
420179,fluxorbit-on.com
420191,freshahead.de
420192,fastpropay247.com
420260,faceplastic.ru
420322,ffcloudcdn.vip
420381,frogfind.com
420397,factoryoutletstore.com
420404,finance.gov.mk
420445,fictionme.net
420505,flashtransaction.com
420559,fbu.edu.tr
420587,foxtelgroupcdn.net.au
420612,ffos.hr
420626,finby.eu
420641,flouronmyface.com
420645,fsznrq.com
420691,farmbazis.ru
420712,fvsa.com
420750,franceparebrise.fr
420787,fafit24.de
420795,feed-xml.com
420805,falymusic.com
420830,fashionnetwork.tech
420859,fcbox.com
420892,fptelecomunicacoes.com.br
420988,fht-esslingen.de
420999,framboise314.fr
421031,flashydl.space
421089,findpeoplefast.net
421132,fn-erfolgsdaten.de
421135,finax.eu
421165,finerylondon.com
421228,foxpush.com
421259,falloutboy.com
421260,friendlydns.com
421371,fanova.com
421464,f8bet80.one
421465,fussball-em.de
421474,france-passion.com
421527,fordstl.com
421530,framia.pro
421565,firstdep1.casino
421576,fantraximg.com
421624,fctv33hd.yachts
421625,fast-mage.com
421635,foto4u.su
421659,flyachilles.com
421703,flpowerboat.com
421712,freesexchat.one
421736,fineart.sk
421797,fss33.ru
421805,flexincomeplan.com
421844,faithfullthebrand.com
421852,fuckxxx.video
421872,fresh-store.eu
421894,foroharley.com
421901,fmj.co.uk
421927,ffta.fr
421930,fensterblick.de
421990,firstclasswetrooms.co.uk
421992,frianbiz.com
422011,footprint6.net
422055,folhadoprogresso.com.br
422105,focusonenergy.com
422146,flutecenter.com
422209,funcionalmais.com
422222,friskforlag.no
422227,francisandgaye.co.uk
422257,filmqwq.online
422275,footballdna.co.uk
422283,ffont.ru
422294,floandfrankie.com
422362,favoritepornvideo.com
422381,flixbaba.is
422402,foodtech.team
422427,freehost.pl
422463,fullybookedonline.com
422522,findhorn.org
422681,funnyand.com
422703,fotoknudsen.no
422750,frigidaire.ca
422814,filleck.sk
422818,fengyu.cc
422839,faelix.uk
422847,fightcps.com
422904,feuerversicherung.de
422919,facultas.at
422924,flipster.io
422938,free18youngporn.com
422939,findmeinthekingdom.com
422947,fatalmc.org
422958,fanspicy.com
422980,flibusta.biz
423012,fcarreras.org
423029,findyourfaves.biz.id
423138,formulatver.online
423155,fnbnamibia.com.na
423169,firststerling.com
423221,fmrqr.com
423231,fortumo.eu
423309,futbol-libretv.mx
423320,fewersafdar.xyz
423336,ferrarista.club
423461,fruitemu.co.uk
423485,flaphoto.net
423496,fractalia.es
423501,fikhub.com
423559,feleempleo.es
423606,fbla.org
423618,foeth.com
423619,foresterkenya.co.ke
423634,footballbootsdb.com
423686,fastgate.top
423746,futureslothub.com
423749,filmspot.pt
423896,faitsdarmes.com
423899,flatexdegiro.com
423939,faemaalcala.com
423981,fs.com.pl
424022,focusbetlounge.nl
424025,fore.coffee
424027,freshgamblenetwork.com
424085,flatma.com
424124,fleming.gr
424126,forumsactifs.com
424164,farewellkou.click
424174,fuengirola.es
424187,fix-price.by
424190,futureslotstudio.com
424205,fontbolt.com
424211,fetalmedicine.com
424259,famvin.org
424267,ferrarausa.com
424381,fritz.ai
424458,flashtract.com
424474,federprivacy.org
424519,fastboy.dev
424599,fortannhistory.org
424624,franciscus.nl
424653,fullcartuning.nl
424654,fast.io
424655,fxds.ru
424669,fixando.ch
424681,fermazapoved.ru
424688,fxbluelabs.com
424694,frsys.com.br
424725,farecompareaws.com
424731,farmboy.ca
424737,forcast.com.au
424751,foundersquotes.com
424806,fham.de
424823,futbolemotion.it
424838,funkofunatic.com
424839,fast-page.org
424842,fiafnet.org
424856,fsv-sosa.de
424939,fortniteinsider.com
424989,fwinc.co.jp
424998,flixhouse.com
425052,fcinter.pl
425053,fosun.com
425082,finnik.nl
425116,feawfit.com
425141,freemeteo.com.pt
425156,farazsms.com
425158,ferriesingreece.com
425198,flixbus.es
425250,fpmhgmftx.cc
425253,filmkrant.nl
425266,footreplays.com
425270,fine6666.com
425323,fimewc.com
425391,forbin.com
425394,fazwaz.com.ec
425400,fozzyhost.com
425422,farmex.cl
425454,firsthomebuyers.gov.au
425468,france-info.com
425471,forschur.com
425476,fitueyes.com
425532,futurerouletteexpress.com
425577,fjglobal.cl
425587,findmyphonelauncher.app
425608,firdi.org.tw
425641,farmfreshwa.org
425651,freecams22.com
425713,feidee.com
425717,faxagent.com
425727,flunch.fr
425767,freshluckyhub.com
425778,fuckplayer.com
425831,foojay.io
425866,farsidic.com
425884,finandfire.com
425912,francegenweb.org
425954,faceflow.com
425967,fishinfrenzyonline.co.uk
425984,filler-shop.com.ua
426001,fti.de
426048,farmaciassaojoao.com.br
426102,farmerslife.com
426118,fingerush.com
426131,futurespinhouse.com
426152,fenyx4.com
426176,feedsearch.dev
426177,fastvideo2.top
426206,frugalcouponliving.com
426220,fritzfreiheit.com
426229,freeonlineusers.com
426262,fastputon.net
426275,fianitlombard.ru
426277,fliqlo.com
426287,flowerbx.com
426331,ffive.kr
426336,fleshassist.com
426342,fatpossum.com
426362,first-buggy.ru
426387,forumptd.com
426390,fingerporn.net
426512,financepro.net
426547,forgeonline.nl
426560,fidelity.de
426569,fgs.de
426616,fh-campuswien.ac.at
426657,fraenkische.com
426695,finfrog.fr
426699,fjb100.com
426710,forbrightbank.com
426732,foruneneko7.com
426737,flyliatair.com
426761,facerealityskincare.com
426764,fleetequipmentmag.com
426774,fordxr6turbo.com
426830,fastonmed.com
426860,frepouch.com
426873,foox.nl
426941,famo24.de
426974,familiar.com.py
426995,futurewagerplatform.com
427013,filmundo.net
427060,flowti.com.br
427068,flashplayer.ru
427072,fatsecret.com.mx
427116,firstbilling.com
427128,fangol.pl
427139,falconbuild.my
427140,forbeskorea.co.kr
427187,fr0307a.art
427214,frankdarling.com
427227,fourwheeler.com
427300,feeldirectory.com
427339,finditnowonline.com
427345,folioinstitutional.com
427350,fuji.ru
427397,forumqwe.ru
427398,fidentity.ch
427412,fabucar.de
427451,foranj.com
427524,filmfrance.net
427529,framaspace.com
427630,fillyourplate.org
427645,freetg.shop
427665,funandfunction.com
427677,feec.cat
427690,f15ijp.com
427699,fastklick.biz
427741,fia.org
427748,fmrte.com
427845,freshreelsstudio.com
427847,filmslook.com
427891,firebit.co.uk
427902,freegamestops.com
427910,fk.by
427998,foxware.ru
428018,funnemo911.info
428064,focusspinshub.nl
428082,franksgreatoutdoors.com
428137,forpressrelease.com
428151,freshbettinglab.nl
428158,freedomgpt.com
428176,fintro.be
428242,foreca.pt
428283,franktalk.org
428285,flexway.tech
428293,ffcyw.com
428388,frame.uz
428402,forexcracked.com
428405,formeeting.it
428425,firstmfg.com
428430,freme.com
428437,floathelm.com
428491,finos.org
428551,filebase.ws
428557,filipinolive.com
428559,faithheart-jewelry.com
428594,f-j-d-5.com
428595,freshpalaceexpress.nl
428608,fclcdn.com
428657,freshlms.info
428709,forgeline.nl
428714,fidoka.tech
428715,fixpart.be
428753,fcmsantacasasp.edu.br
428802,flashalert.net
428805,fultoncountylibrary.org
428840,fastmag.fr
428861,fantasmagoria.shop
428896,fortureslot3.com
428957,fadns.com
428973,flowwow-team.com
429027,futurepokerplus.com
429029,forcemanager.com
429067,futbol-libres.mx
429088,feelfree.lv
429141,f200m-oke.digital
429142,f2mx.top
429143,f6frox.online
429144,funbe640.com
429145,fungame777reva.sbs
429146,futbollibretv.mx
429147,fywfc.com
429148,fz888pay.com
429319,fireguard.cloud
429328,focus-on.gr
429370,foaf-project.org
429388,falck.com
429408,fabulousbingo.co.uk
429421,forumarabia.com
429450,flytbase.com
429457,foxinc.com
429479,fraedom.solutions
429574,fm.gov.om
429648,federal-lawyer.com
429681,futec.nl
429707,flowers4mexico.com
429790,forexsystemru.com
429813,fantoy.com.br
429851,fileis.com
429857,fio.ru
429872,formbuilder.online
429910,fluxjackpotonline.nl
429926,freshroyal389.com
429942,fictionlog.co
429954,fiat500126.com
429965,floatrzeszow.pl
429993,focusline.nl
430009,filedeepmanager.com
430049,flacit.com
430051,fbihvlada.gov.ba
430073,futuregamingzone.com
430083,ficsgames.org
430168,flipswitch.com
430223,fanava.net
430284,fas.it
430292,feministpress.org
430298,fellowearnwave.com
430339,fogstar.co.uk
430342,french-union.com
430377,faustedition.net
430385,finanz-karriere.de
430395,fdielt.com
430420,fanlib.ru
430480,forcecom.kz
430506,forum-fcmetz.com
430513,freepaste.link
430538,fincubator.ru
430587,family.co
430598,falinux.com
430602,fashionpost.jp
430626,famillemary.fr
430633,filecast.co.kr
430635,fashiondoctorz.com
430651,forumgratuit.ro
430662,fanability.com
430713,familypark.at
430724,firmasec.com
430775,faitalpro.com
430823,filesforprogress.org
430832,fiverequest.com
430843,fapello.to
430892,familydeal.com
430893,frradius.com
430959,ficr.it
430971,funshinhan.co.kr
431014,freetasarim.com
431032,fenliwang.cn
431035,forestsnews.org
431078,fullstackpython.com
431085,finalporn.com
431160,fiverprints.com
431189,featurable.com
431200,fishstripes.com
431219,freshroulettecentral.nl
431228,freshroulette344.com
431245,fortx.com
431260,fishing-labo.net
431262,film01.org
431266,freejinger.org
431308,fixparts-online.com
431351,flintnet.pro
431369,flynet.de
431407,foshanplus.com
431453,firefly.social
431464,freshcasinoplatform.nl
431530,firstav.nl
431563,fragileapi.com
431591,findbiz.gr
431618,futhead.com
431648,f-solutions.net
431657,filmyhit.channel
431692,fsga.org
431702,fmdataba.com
431730,fa.org.cn
431763,foodstars.cc
431788,fng.fi
431793,fzi.com.br
431797,falconx.io
431811,films365.org
431843,flagma.lt
431883,fluxhouse.nl
431904,fieo.org
431908,foresthistory.org
431917,ferrowine.it
431919,family-advocacy.com
431928,freshvip940.com
431937,freddyshouse.com
431981,flexnetmanager.eu
432062,footballhistory.org
432131,flim.ai
432149,frg.org.uk
432167,famous-directory.com
432206,freakbutik.de
432217,fyremc.hu
432235,foorumi.eu
432243,flowgrow.de
432280,french-scarf.com
432281,flcgil.ovh
432310,f-pismo.ru
432321,fightmax.co.uk
432343,filebada.net
432368,fresnounified.org
432386,foreverliving.fr
432419,formhq.net
432423,fidelityaccess.net
432434,freakscene.net
432453,forgejo.it
432463,futureblackjackzone.com
432479,freddiesflowers.com
432506,fishc.com.cn
432626,firearmsnews.com
432637,fkniga.ru
432649,fxnewstoday.ae
432655,fastersmm.com
432660,flexfilter.nl
432678,fastcdn.com.my
432728,financeaccess.com
432764,fusionmedstaff.com
432787,fascard.com
432812,fori.io
432841,firstapps.com.br
432903,filegarden.com
432932,forgevault.nl
432936,froged.com
432987,fltreasurehunt.gov
432990,fn.by
432996,free-av.de
432997,fandimefilmu.cz
433008,fortunecoins.com
433022,flughafen-jobs.com
433034,forumreklamowe.com
433042,fusepro.de
433086,fitness-world-nutrition.com
433121,flogiston.ru
433188,fiskeribladet.no
433190,ftrprod.com
433192,fogliettoillustrativo.net
433223,fressnapf.cloud
433229,fstech.io
433262,fcd.su
433278,farahandfarah.com
433310,futuregamblecentral.com
433350,firstedge.ru
433380,fwtx.com
433412,fantaxy.de
433454,fanbolt.com
433489,farmaciasportuguesas.pt
433498,findconsumerguide.com
433510,filmfilmi.com
433532,forticloud.online
433536,fgr.org.mx
433553,focusspingroup.nl
433562,freeprojecttv.cyou
433564,fetlifeblog.com
433566,fitgeneration.es
433624,feywebsite.ir
433626,filemanager-io.online
433676,friendsinwar.com
433711,funnygame.jp
433723,flovvy.com
433724,feisovet.ru
433769,filmorium.online
433794,familyfocusblog.com
433798,fatlingo.com
433807,freesurf.fr
433833,frederiksberg.dk
433846,fint-shop.com
433885,flameanalytics.com
433896,fuckcelebs.net
433914,fanflix.co
434055,feasta.org
434057,fila.de
434063,freshcasinogroup.nl
434078,freelance.nl
434086,footballmania.hr
434088,f58.ru
434125,ffni.com
434133,feelingirl.com
434185,freshtorrent.ru
434233,fantasticforum.com
434269,fastparts.com.ua
434347,fordeal.ae
434393,frankwandelt.nl
434459,fiberhosting.com.tr
434482,fluxslotexpress.nl
434496,feelreformed.com
434504,flora-toskana.com
434505,formatemp.it
434507,fishermanswarehouse.com
434515,fbyqfoshw.com
434521,festival-aix.com
434542,fangxianfeng.com
434543,footballfanatics.net
434546,fen327.cc
434550,filthygrid.com
434568,fujiya-avic.co.jp
434578,fnopi.it
434694,freecdn3.top
434709,festipedia.org.uk
434718,futurevault.nl
434735,fahrzeugbilder.de
434782,flowers4belgium.com
434800,fornarisport.it
434860,filmoflix.is
434924,foodnhotelasia.com
434956,finzachet.ru
434984,ffzy888.com
434992,frostbrowntodd.com
435034,fucksofa.com
435035,freedynamicdns.net
435064,familypharm.ru
435074,frosch-sportreisen.de
435078,futurespinstudio.com
435091,fpcu.org
435150,fortworthzoo.org
435151,fanziz.com
435157,felesteen.news
435212,figjampublishing.com
435265,fluxgamblehub.nl
435324,f-ing.jp
435386,focumon.com
435422,fooddeliveryshop.com
435449,flevohost.net
435466,flixole.com
435505,francejobs77.com
435559,futureroulettedaily.com
435562,forum4hk.com
435568,fullthrottle.app
435576,fruugo.sk
435635,fm961.com
435650,fs8.com
435682,forest.ru
435695,facture.co
435697,freshreelsstation.com
435699,fic.com.tw
435730,fashionocean.wang
435762,fsbtech.com
435787,firmania.com
435790,fdjd.co.za
435797,fashionableseasons.com
435801,fitchlearning.com
435804,filmgator.com
435841,freereadinglist.com
435900,frenabb.no
435927,freddythefrogcaster.com
435976,freepornsex.net
435987,filmix.biz
435988,finlit.fi
436010,franchisegator.com
436012,fepecs.edu.br
436046,freshcasinohouse.nl
436084,fachwerk.de
436088,feddit.online
436121,fuseenergy.com
436150,freeones.co.uk
436155,frisbeegolfradat.fi
436173,focusslotlab.nl
436178,freetogame.com
436222,floridarambler.com
436238,fxstreet-id.com
436279,fin-enduro.com
436287,firerescue1academy.com
436308,frameline.org
436339,femdomzzz.com
436345,futuretoyotayubacity.com
436388,fallout-wiki.com
436397,forexdengi.com
436491,fd-news.ru
436500,fizjoterapeuty.pl
436504,flightstore.co.uk
436514,flashtaville.com
436534,fundedtradingplus.com
436558,forboat.eu
436586,fingerspot.io
436645,fastadmin.net
436688,farmacosmo.com
436697,fftri.com
436775,fit4ref.eu
436815,frankentourismus.de
436831,film-book.com
436904,famcapstore.com
436906,fishersci.ie
436917,flexdz.com
436919,fssc.com
436926,foehlisch.com
436995,f168.law
437010,fishinginireland.info
437045,feebeego.com.tw
437063,freshreelsmarket.nl
437067,freifunk-hennef.de
437070,fashionbrandcompany.com
437089,funinusa.net
437090,fffff.at
437113,france-degorgement-idf.fr
437119,foe-rechner.de
437127,floridaguntrader.com
437164,financialcommission.org
437166,fuckvalise.com
437167,frenchfragrance.com
437178,ffkarate.fr
437185,forumot.ru
437186,flixspace.xyz
437210,fues.jp
437219,furrycdn.org
437247,fame10.com
437275,fuqiu1688.com
437295,foodagribusiness.world
437344,felicegals.com
437385,food114.com
437388,freestonelms.com
437403,faster-minis.com
437444,femdom.zone
437446,forumzamparalar624.xyz
437454,freshpair.com
437536,facebook.se
437588,fearfreepets.com
437604,fjclaimoffer.com
437663,fortuneconsult.shop
437707,fansmetric.com
437716,fastemailcleaner.com
437736,firstwatch.net
437759,freightnews.co.za
437763,forma.art
437777,femme.la
437796,franceactive.org
437807,food-master.ru
437855,fast-mob91.online
437907,feb.pub
437909,flatlandkc.org
437916,filmynadin.cfd
437919,freecdn4.top
437921,fumo.house
437925,feed-price.com
437941,fintopia.tech
437948,frama.com
437977,fastweightlossuk.com
437987,firstpage.app
437988,federconsumatori.it
438002,floorzap.com
438023,fpguide.ru
438077,fulltv.com.mx
438094,fcostry.cz
438108,fwampedserver.com
438110,fucks4me.com
438118,farmaku.com
438123,fbmarketplace.org
438133,fordsgarageusa.com
438141,fluctuat.net
438151,firepdfreadpdf.com
438156,fdab.se
438186,futurecasinoplatform.com
438188,flexdog.pl
438191,folk.computer
438222,futurecardspro.com
438387,fccf.net
438389,freebies2deals.com
438432,footballista.jp
438521,finalrush.co.uk
438573,food96.com
438587,forumflash.com
438588,forumbee.com
438614,friendshipvolvo.com
438654,farsiland.com
438671,fluxroyalhouse.nl
438766,factorenergia.com
438814,fnfappliancegallery.com
438822,fortanix.com
438853,fedena.com
438896,fitomarket.com.ua
438960,fatsecret.it
438962,flexfits.com
438972,foreverblog.cn
438974,firmaautografa.com
438982,foodsaver.com
438990,fisioportunity.com
438991,forzajuve.ru
438999,fk-soehnchen.de
439005,fragt.dk
439008,freeporn-point.com
439019,focuscardspro.nl
439020,fartaknews.com
439031,freshservers.net
439059,freshpokerstation.nl
439089,fluxvault.nl
439129,futurespindaily.com
439145,flyozone.com
439151,fairgate.ch
439172,fmic.eu
439188,flarequick.com
439201,fubobox.com
439329,flyingmule.com
439367,floridajobcenter.com
439369,fosy.club
439397,freecellspielen.de
439399,flagshop.jp
439402,fuckupteam.com
439434,fitnessgeared.com
439537,festivals.com
439550,fineclothing.com
439553,freedirectory4u.com
439583,femdom-joi.com
439592,firstmates.com
439593,forzainterforums.com
439627,fatbit.com
439696,followup.cc
439705,funke-dbn.de
439745,feiniaofei.com
439748,fishingstage.com
439780,futuregamblehub.com
439794,flickbase.co.uk
439817,fisheriesdept.gov.lk
439833,frederick.edu
439838,faberspa.com
439848,ferriesdelcaribe.com
439853,framtidinord.no
439862,flexa.nl
439951,freiermagazin.com
439973,fleekdrive.com
440040,famcocorp.com
440044,freemahjong.com
440057,freedomofmind.com
440076,futurewagerlounge.com
440087,free-cartoonporn.com
440098,fczmy.com
440101,frykholm.com
440135,fancyhands.com
440185,flibs.com
440204,firstdue.com
440219,fandangonow.com
440256,filamente3d.ro
440273,fermercenter.com
440304,freereg.org.uk
440322,freshvip444.com
440353,filmezek.com
440364,facom.com
440422,frankcasino.ro
440427,fotografie.at
440447,flexilivre.com
440457,flixhq.life
440462,freenternet.top
440471,freshvipspace.com
440485,freshvip725.com
440488,fleuret.org
440492,fdmarc.net
440524,filmbol.org
440528,footwearetc.com
440696,fnlb.net
440778,flipperfrance.com
440782,frejanyc.com
440808,fluxbettingflow.nl
440824,flows-cloud.com
440842,fxnzw.com
440846,foreverlightning.de
440858,frontu.com
440864,freecollocation.com
440926,fsx.com
440931,focusluckybase.nl
440971,fachinfo.de
440983,faylib.org
441003,fallssnappy.site
441004,freshbet528.com
441027,franklinova-expedice.cz
441031,flyerdevil.de
441066,fang86.cn
441107,fracomina.com
441185,federalorbit.com
441213,fixsnack.nl
441215,futureslab.co.kr
441251,franz.tech
441262,fileknot.io
441269,first11shirts.com
441309,formulatrix.com
441314,fncuq33.xyz
441333,fiammeblu.it
441350,forsa.de
441367,fayettevillechryslerjeepdodgeram.com
441382,freshwagerlounge.nl
441404,finclip.com
441512,fluidtechnology.net
441514,faithalone.org
441577,footholdtechnology.com
441588,fetishsex-race.com
441689,file45.com.tr
441697,foundation.xyz
441754,fabrykazegarkow.pl
441759,frse.org.pl
441765,forumexcel.it
441814,felixspinoffiziell-de.com
441860,flush.com
441879,finserver.net
441903,focopublicacoes.com.br
441910,fklub.dk
441916,formdi.com
441922,fastemailclean.com
441942,fdroyun.com
441961,falconmetrics.com
441964,f1miamigp.com
441972,fpjj.shop
442074,fishandboat.com
442116,foititikanea.gr
442125,firstcare.com
442152,fullfatrr.com
442180,futureblackjackspace.com
442276,fitmaxs.com
442280,fascinationst.com
442284,feuilleshop.com
442304,fireflyxdservices.com
442309,fosspatents.com
442325,flac.mom
442346,fadedmc.net
442352,fastgrowth.app
442424,foss-syndicate.org
442443,freshjackpotstudio.com
442469,fortis-scientia.com
442483,farama.org
442497,footshop.pl
442498,fundhot.com
442528,fsr-develop.ru
442554,focusbase.nl
442563,foratec.net
442585,freshpoker494.com
442634,fsou.com
442640,futurebettingnetwork.com
442642,filmonizirani.net
442739,froggyads.com
442740,fastmetricfasteners.com
442743,fostani.com
442766,furrypornmovies.com
442781,futurefusionenergy.com
442796,filmfox.online
442823,firstcanadianpharmacies.com
442849,fabletics.de
442886,forkliftcdn.com
442909,fvno.com.br
442923,fetishsexmod.com
442930,ferret-one.com
442935,forumula1.com
442994,festzeit.ch
443019,francescasolleville.com
443104,francelchaussures.com
443136,fiservforum.com
443192,fishingspot.gr
443214,futureroyalnetwork.com
443215,fs2210.casino
443238,flygo.ru
443287,fujidenwa.com
443296,fastcar.co.uk
443317,fofoyy.com
443335,fangirlish.com
443359,frontier-direct.jp
443365,fnusa.cz
443367,france-palestine.org
443370,fodmapeveryday.com
443377,fossilblu.com
443404,freeskier.com
443414,fiyo.de
443452,freie-radios.net
443495,five-bn.com
443512,flandb.com
443533,fiat-auto.co.jp
443554,flexcohub.com
443584,fresharena704.com
443609,framercdn.com
443660,futurevipplus.com
443694,fleischerei-pfau.de
443696,flightlist.io
443715,finetwork.com
443719,frizzlife.com
443725,finger23.xyz
443742,figurants.com
443777,fietssport.nl
443800,fortiserviceglobe.com
443811,forssanlehti.fi
443878,foundationpartners.com
443899,fonolo.com
443940,fidelity.com.hk
443986,fredperry.jp
443991,ffm.mk
444013,flyjacksonville.com
444019,fragilestatesindex.org
444022,federalrealty.com
444045,fsu.fr
444051,fnplzen.cz
444181,fmuglyfood.com
444194,finddoc.com
444198,five-key-element.com
444207,ftikmandalawaluya.ac.id
444210,friheden.dk
444271,finecooking.ru
444282,firewatchgame.com
444415,fsolver.it
444478,fftrader.cz
444480,foundit.no
444522,fitnakedgirls.com
444582,fluxvipmarket.nl
444618,filmfestival.be
444625,firstpeople.us
444636,ffffff.eu
444645,focusgroup.com
444749,familybank.co.ke
444809,fargerike.no
444812,fenergo.com
444863,fc2.page
444933,freebrowser.org
444938,fcnode.net
444956,farmaciainformativa.com
444957,flink1.com
444958,forest-light.com
444984,feitu.tv
445023,fappis.com
445064,f1ne.ws
445068,fairr.org
445085,flump.net
445104,ferm.in.ua
445114,free-abbywinters.com
445121,foxtrot.com
445185,f168.vision
445200,fdricambi.com
445244,funingliangku.com
445252,fanfan-mode.com
445290,frankfurt-oder.de
445291,friends-app.co
445294,ffzo.com
445322,first-cabin.jp
445329,forgeworld.nl
445342,freedompop.com
445356,forumniebiescy.pl
445362,fullyexpanded.com
445406,ftyapp.com
445460,fundinfo.com
445461,finnolia.com
445463,fjcia.com
445521,freemap.sk
445527,fitssey.com
445529,firstvideocdn.ru
445540,flat4bug.fr
445568,fuelcells.org
445704,fanaajans.com
445722,franchiseplus.nl
445732,femestella.com
445761,fakturaxl.pl
445810,folketingstidende.dk
445824,fatmomtube.com
445853,fordtirehotline.com
445857,feedpress.com
445918,fpqb5k1w.com
445933,fm5r8u3f.com
445996,fuwuqi0210.top
446001,floridabulldog.org
446077,footymetrics.com
446119,forinsightsconsultancy.com
446150,freedom-vrn.ru
446160,fortis.edu
446185,flowdow.com
446206,filmz.dk
446226,footballistic.net
446228,frisonaut.de
446369,fahrstundenplaner.de
446384,fisterra.com
446485,feelgrounds.com
446492,fop2.com
446496,fotozeme.lt
446512,fapemig.br
446526,finmesh.net
446568,futureshop.co.uk
446603,freshvipcentral.nl
446615,financeresponsable.org
446626,fertilityiq.com
446653,freeplaymusic.com
446684,freshslotbase.com
446686,freenation.co.uk
446733,fpslive.co.uk
446759,framevr.io
446781,freesexing.com
446822,finnonecloud.com
446824,frostfs.info
446834,firmabul.com
446895,fetedelanature.com
446942,freehomemade.com
446948,flynovoair.com
446998,fwbg.org
447002,footcenter.fr
447013,firstaed.org
447021,floridahikes.com
447057,filmserotiek.com
447071,familjensjurist.se
447093,freediscussions.com
447121,frontendaudio.com
447124,filmreport.co.uk
447171,freekoreatravel.com
447185,fujitsusparestore.be
447197,fischerhomes.com
447236,flowers-to-the-world.com
447306,fun-club-online.co.uk
447307,ffve.org
447310,feedoptimise.com
447327,financialreporter.co.uk
447335,fossilworks.org
447357,finances.bj
447438,foodandfuel.co.uk
447441,fartuk-ck.ru
447488,famaga.co.uk
447497,familygameonline.be
447510,filmyfocus.com
447574,foxlocal.com
447584,fx120.net
447605,farmacievigorito.it
447625,fromthetrenchesworldreport.com
447643,facts.now
447649,fundacionareces.es
447703,fanlychat.com
447713,fastware.com
447748,forgeplace.nl
447756,flyde.io
447758,ftw.tw
447774,forum.taxi
447776,frameby.com
447795,film-tech.com
447802,flashupenergy.ru
447819,findbullionprices.com
447905,fluxcardscentral.nl
447937,ferrarabrands.net
447945,fne.fi
447953,fatfreevegan.com
447963,fusionspingrid.nl
447978,formatinfo.info
447980,futurebridge.com
448029,fishipedia.fr
448067,footyrenders.com
448089,factor-ltd.com
448117,forum-1c.ru
448132,futures.ru
448133,fullsizebronco.com
448181,flex-film.de
448200,flyer-bikes.com
448256,fullimpress.com
448303,firstcarbonsolutions.com
448310,fiducia.de
448339,fascinationstart.com
448361,four.io
448367,fogonandino.es
448395,f1academy.com
448397,fallschurchva.gov
448432,fraterworks.com
448506,filmload.net
448533,ford.com.ph
448536,findershopping.com.au
448563,floridastudentfinancialaidsg.org
448568,firstambank.com
448589,forumgolf7.fr
448591,fresharenahouse.nl
448603,funzcasino.com
448612,fbu.ua
448650,fortalnet.com.br
448655,faraketab.ir
448663,foodplace.jp
448671,fastenersuperstore.com
448683,fetish-sexmovies.com
448691,fireflyfans.net
448717,fabrikamaek.ru
448731,freecdn1.top
448748,first-online.bank
448752,foodunfolded.com
448762,formant.io
448841,fmgunma.com
448878,ftrain.com
448891,fdm-travel.dk
448907,feroshop.ro
448930,fc-gifu.com
448935,finalbooks.work
449035,freshopsite.com
449129,findgift.com
449169,fashionsarah.com
449204,facetheory.com
449248,framehpci.com
449266,frymulti.com
449273,finfur.net
449295,fightodds.io
449298,fiduciagad.de
449302,ficksie.com
449331,fsiimandalawaluya.ac.id
449340,football-talent.com
449342,fintual.cl
449350,factorial.ru
449374,foresight.jp
449391,fplw.shop
449474,financialjobbank.com
449509,fuq.one
449523,filkos.com
449558,findany.co.za
449625,ford.be
449645,fmic.com
449657,finally.run
449668,f.ua
449717,fcm.dk
449757,ffdev.cc
449818,footfallcam.com
449819,flowkit.mom
449866,flashplayerx.com
449904,fuelthemes.net
450035,fatima.org
450039,filieforme.eu
450042,fbroker.kz
450048,fultonandroark.com
450054,futemax.eus
450120,fastcopy.jp
450127,futurespinlounge.com
450153,fatturapa.gov.it
450169,fansmine.com
450177,fdaat.com
450195,football5star.net
450210,fitness-foren.de
450244,fkapi.net
450264,fanlager.de
450294,flavorthemoments.com
450308,filltec-int.de
450419,fqjpg9.top
450454,fangwallet.com
450486,firstnational.ca
450507,filmbeen.com
450518,futurecardsbase.com
450521,fray-id.com
450538,flexframeth.com
450554,franceintheus.org
450555,flux.reisen
450584,franklinpetfood.com
450586,freecalend.com
450623,fluxreelspoint.nl
450646,fengshenbangjituan.com
450654,finanzkompass.tips
450673,fincultura.ru
450678,finquery.com
450685,fryslan.frl
450691,freeflys.com
450700,fglife.com.tw
450711,fuden.es
450742,fiipregatit.ro
450755,fanonline.co.uk
450759,fisco.jp
450773,fanlive.co.uk
450777,fauquiernow.com
450790,fmpilot2.com
450800,fotobudkasayhi.pl
450830,flowchat.tech
450837,fu20.com
450868,fluffy-management.com
450870,filco.es
450886,faszination-bienen-und-natur.de
450972,fulcrumgt.com
450978,flodraulic.com
451019,farmersadvance.com
451099,fg.gov.ua
451116,flinto.com
451173,fireload.com
451206,farmacialopezbenitez.com
451209,fpsjp.net
451255,femdomya.com
451288,fluxslotsnetwork.nl
451291,fohm.se
451299,fridi.online
451312,fagbladet.no
451322,fotoprix.com
451326,fusiongamingworld.nl
451337,fuessen.de
451371,ffb.com
451373,fedi.tips
451425,forum-der-wehrmacht.de
451473,ferrydns.com
451520,fatwreck.com
451533,flenski.io
451623,funfarm.name
451657,ftn.com
451659,fsimt.foundation
451686,futurereelsworld.com
451699,foot-star.com
451734,fcxmb.com
451743,farmaciasmedicity.com
451767,foshanoushijiaju.com
451774,fluct.jp
451775,fuckedgay.xxx
451855,fantasyvintage.com
451888,flirtback.com
451889,freecitysupershop.com
451891,faktoved.ru
451947,fryzomania.pl
452010,fsnews.it
452025,float.co.za
452027,fireking.com
452050,footprint.network
452099,festivalscope.com
452120,finshots.in
452142,flickhive.co.uk
452150,finalbastion.com
452153,futurecasinostation.com
452170,franzoesischkochen.de
452172,funkthat.com
452190,facq.be
452195,free-lance.ru
452199,focusglobal.nl
452253,fsiblog5.live
452278,fingersoft.com
452290,festo.de
452318,firewind.ru
452343,freepornhubs.com
452346,flourcitypasta.com
452367,francearchives.fr
452387,feelslikehomeblog.com
452396,fpinnovations.ca
452398,fpms.ac.be
452408,faracity.com
452418,flexdigitalhealth.de
452433,finfit.com
452438,frankonia.at
452507,footballtv.info
452544,fisheries.gov.bd
452635,frenchquarter.com
452640,fixturepass.com
452662,foxtonbrasil.com.br
452671,flagey.be
452672,fabtolab.com
452684,froster.org
452685,flicklab.co.uk
452712,fuertafit.com
452816,flowcode.co.uk
452842,f1news.site
452850,fairwinds.com
452855,fleishmanhillard.com
452897,formatia.com
452907,fastnet.cloud
452928,flutrackers.com
453017,fomenki.ru
453027,foquimdental.com
453040,fantasygirlpass.com
453048,fatcatsfun.com
453080,flowerindoor.com
453100,fluxslotsworld.nl
453118,ff14housing.com
453133,foxholestats.com
453145,fourtimessmelly.com
453160,fhmoscow.com
453211,freebie-ac.jp
453242,fulldata.com.ve
453273,freevectors.net
453373,fashioncentral.pk
453409,format-assets.com
453445,fukunavi.or.jp
453463,freshgaming723.com
453500,forumhelden.de
453511,fotaku.cfd
453550,fusionbetgroup.nl
453563,forexrassia.ru
453566,freehardcorejpg.com
453569,fluxspinmarket.nl
453577,foreverliss.com.br
453611,faithfreedom.org
453613,freshx.de
453698,fitc.ca
453706,falcoda.net
453739,ftnorthstar.com
453796,fuhsd.org
453803,f4club.net
453860,flexdog.ro
453863,fuzavo.com
453902,funkypotato.com
453905,favreleuba.com
453961,funni.live
453977,familymeans.org
453981,foundationcapital.com
454004,fila.com.au
454013,fr-minecraft.net
454023,fuxingapi.com
454034,fr.weber
454091,foliofirst.com
454111,fail.me
454169,feriados.com.br
454223,foxygf.com
454295,friendlyhost.ch
454296,fok8.com
454340,foebud.org
454363,first-nature.com
454372,forotarot.net
454378,farrms.us
454405,findtopresults.com
454422,fitedgelabs.id
454433,flerquehosting.nl
454444,flagee.cloud
454447,freshluckylounge.com
454482,flowmart.ru
454509,fohonline.com
454577,fig.ol.no
454588,facialmaniamedspa.com
454607,filmrise.com
454610,fullwin.gg
454681,fulike.hu
454687,fs25modhub.com
454738,florida.town
454756,firstrand.co.za
454805,fragrancenet.mx
454819,fastcomgroup.net
454832,fittes.com
454848,fsmone.com.my
454871,fluxworks.nl
454883,freecricketphones.com
454914,f168sex.com
454925,fun88.social
454971,fresharenagroup.com
454988,footsynonius.cyou
454991,folioinvesting.com
454993,fdrive.cz
454994,freshtomato.org
455007,futureluckylounge.com
455030,f3srv.com
455039,futuretrack.de
455060,frontporch.net
455062,flowmountainbike.com
455084,francescakookt.nl
455117,fengaruda55.com
455133,farmflip.com
455157,feuer.de
455161,fansfan.com
455163,fotki.lv
455233,feelcomfee.com
455269,foxlife.cn
455301,fluentos.com
455310,fontspace.co
455313,flashnetprovedor.com.br
455361,flashusdt.co
455369,fut.es
455373,fenecon.org.br
455392,faktura.uz
455414,fhb.de
455427,foros24.ru
455430,freeslotsnodownload-ca.com
455436,fastfortechnologies.com
455470,fapwise.com
455518,franceserv.com
455559,fotokudra.lt
455562,fnfresearch.com
455568,firstladder.ru
455613,fmz.com
455614,friendspool.club
455684,fiestamart.com
455695,fastsol.ru
455696,foothillsamishfurniture.com
455701,findhealthguide.online
455740,fleuristes-et-fleurs.com
455802,filthnest.com
455813,flickystream.su
455864,fondazioneperleggere.it
455909,foroseldoblaje.com
455914,freshblackjack204.com
455931,fightcolorectalcancer.org
455963,f247.com
455992,fiaf.org
456005,finefettle.com
456036,fapwiz.com
456072,feastdesign.co
456116,fimcoindustries.com
456138,formatooo.ru
456150,fillyflair.com
456151,finhealthnetwork.org
456176,fwio.on.ca
456208,flattrade.in
456229,full-y.co.kr
456239,frederick.ac.cy
456252,fytte.jp
456281,ford.ie
456314,frasersproperty.com
456319,fluxspinzone.nl
456355,forum-sicherheitspolitik.org
456361,fz1314.com
456378,fafcea.com
456383,ffs.gg
456439,favela.gr
456458,franchisebusinessreview.com
456499,fieldmag.com
456517,fmedia.kz
456519,funnyzone.kr
456521,farescd.com
456555,fakers.app
456571,fazekas.hu
456572,fitnessfood.com
456573,finalehealth.com
456580,forum-depression.com
456659,fastrans.ru
456697,fokus.mk
456775,foamorder.com
456885,flexcutech.com
456900,fairsharing.org
456933,fratellirossetti.com
456963,floatbot.ai
456973,fxttewpq.biz
457000,flooringsupplies.co.uk
457009,forumthermomix.com
457010,freshbetting27.com
457132,figara.es
457139,froscon.org
457147,ford.com.vn
457150,furniturechoice.co.uk
457163,flax.ro
457168,fferj.com.br
457187,f1ce24f962.com
457190,faleno.jp
457199,findzd.com
457220,fishfish.fr
457223,fastammo.com
457229,freshclub487.com
457283,fskjpekmi.cc
457341,finaledash.co.uk
457353,ffvb.org
457364,futurefit.co.uk
457384,fabulove.co
457403,factory5.ai
457439,frizzen.net
457442,feetify.com
457509,funimate.com
457551,fsri.org
457581,freeuk.net
457587,floridaregisteredagent.net
457623,folkalley.com
457662,freeolamail.net
457668,flens.de
457756,f62.casino
457801,fsji803-fsj230-rwj2-i9rjrerew.vip
457816,f-ed.com.ua
457818,flyshovel.com
457821,freetimecaptiveportal.com
457823,filmoza.online
457840,filmaster.com
457882,finanzwissen.de
457888,findmini.app
457892,fullspectrumdns.com
457928,fkingdom.shop
458020,filewave.com
458025,fengfeng.cc
458027,ferreteriagonzalez.com
458044,first365.net
458055,fishkaapp.net
458127,freunde-waldorf.de
458128,freshroulettedaily.nl
458162,freshcardshub.com
458164,furcform.click
458169,franz-mensch.de
458187,firstthingsfirst.org
458189,finx.com.ua
458192,freeporn.gg
458198,fthina.gr
458208,fontmirror.com
458209,friking.es
458252,futuredaily.nl
458256,frescogolf.com
458337,fastama.net.id
458403,foreca.ch
458408,faustyna.pl
458460,freshwagerhouse.com
458477,financecalctool.com
458527,fksa.org
458544,freshslotonline.com
458564,futureclubonline.com
458609,frdc.com.au
458636,fisintegrity.com
458658,farmaciasespecializadas.com
458666,florevit.com
458669,faelix.tv
458679,focusslotsstudio.nl
458690,fishidy.com
458693,fkjewellers.com
458777,freetestpaper.com
458811,finevpn.org
458818,footballtoday.com
458860,futureroyalstudio.com
458928,fpi.it
458977,fedest.com
459006,fof.dk
459032,fangguo.com
459045,fashion.sa
459063,freeflysystems.com
459146,farmalisto.com.co
459148,foldingforum.org
459193,fscb.com
459226,freetech4teachers.com
459234,foodfolksandfun.net
459242,freightnet.com
459263,fbgpg.com
459278,fertilityfriend.com
459287,forexforum.co
459323,flashusdttool.com
459340,frankana.de
459348,foodchannel.com
459349,fanpush.co.uk
459351,fesemi.org
459387,fumi-fuiw.org
459405,fortepan.hu
459450,ferienprogramm-online.de
459461,feestkleding365.be
459499,feenturm.de
459529,foodmag.com.au
459531,fox34.com
459539,fanen.com
459567,flicko.co.uk
459623,fitcall.com
459633,forelle.at
459739,fondationgleizes.fr
459759,fairwaymc.com
459789,freeporn-gay.com
459815,fs.gov.za
459846,feelingbox.co.kr
459851,fatllama.com
459934,freebirdstores.com
459983,frameo.com
460024,fitnesssuperstore.com
460031,favorit-consult.ru
460034,freshclubplus.com
460037,fwjm.shop
460043,fuqer.mobi
460049,farmskins.partners
460050,freedsbakery.com
460051,finedictionary.com
460062,freefuckporno.com
460087,fakechat.net
460102,fubonbank.com.hk
460126,fanbaseclub.com
460164,floodedi.com
460166,futsalrj.com.br
460170,feratel.at
460172,fragdown.co.uk
460175,fcp-engineering.com
460205,firebrandtech.com
460263,fareast.com.sg
460347,faxingzhan.com
460352,fraas.com
460382,fortunekorea.co.kr
460389,frnht.com
460394,freshmp4.com
460403,fanaticsfest.com
460429,foriawellness.com
460457,funkweb.co.uk
460498,fireart.studio
460500,futabaforest.net
460523,federalcriminaldefenseattorney.com
460536,feline208.net
460555,fundservice.ru
460598,foruneneko15.com
460614,fondometasalute.it
460645,flooringliquidators.net
460688,faceofmalawi.com
460750,fancyfixtures.net
460806,fdconnect.com
460850,fooddeliveryroma.it
460913,finsandfurhosting.com
460928,focusgambledesk.nl
460932,forencos.com
460953,finarea.ch
460967,freetibet.org
460974,fmradiofree.com
460976,freefireindiamobile.com
460993,flocksocial.io
460999,familydaysout.com
461036,fuel.com.gr
461078,forex-dns.net
461109,fortacogroup.com
461113,forestrycorporation.com.au
461158,filmygallery111.lol
461195,faitango.it
461199,f1exhibition.com
461227,fusion.ps
461231,freshandfruitymilford.co.uk
461241,fotonx.ru
461301,farmacias.dev
461326,fox2.online
461332,fuckandcdn.com
461375,frenchicpaint.co.uk
461418,force24.co.uk
461443,foerch.com
461452,frontwatch.co.uk
461455,fine-tools.com
461474,fault.no
461485,fcrapid.ro
461495,fbf-bedandmore.de
461504,filka.info
461550,filmartgallery.com
461551,findlaymarket.org
461559,fashiontimes.co.uk
461578,francesca.com.au
461585,foundersuite.com
461608,futuresearch.ai
461646,firsttutors.com
461659,faw.ru
461660,fatbmx.com
461733,functional.cafe
461740,fragilepak.com
461749,famousfootwear.ca
461768,freetouse.com
461774,findyourlucky.com
461777,famouscampaigns.com
461876,futurepalacebase.com
461880,forecastwire.co.uk
461893,foundation.game
461906,filgamaa.com
461949,finrange.com
461998,fastscore.com
462016,foruneneko14.com
462019,freestudioprime.nl
462061,financial-news.co.uk
462082,fuelfix.com
462084,fiberax.com
462117,fast70net.ru
462153,feelnow.net
462207,fqxi.org
462235,ficpa.org
462266,ffunlive.com
462271,free-to-try.com
462297,ferramentaseo.com
462332,fab-shop.cz
462340,fortu1.net
462359,fiat.pl
462394,fireandsafetycentre.co.uk
462401,fxsteps.info
462438,fish-pet.com
462489,fourseasonsyachts.com
462527,flix.com
462574,fairmoney.io
462579,for-better.biz
462609,fixpart.it
462615,fluxspot.nl
462644,fromepages.co.uk
462664,floristics.info
462675,flexi-van.com
462678,floorplancreator.net
462680,foothealth.info
462744,flexitog.eu
462776,filmix.fan
462779,fernley.net
462796,fahrschulcard.de
462837,fxclub.com
462920,fragaul.com
462945,fishfield.com
462983,fzxzgcy.com
462997,flazznetworks.com
463034,farmallcub.com
463054,fui.edu.pk
463095,floor-depot.be
463131,frecious.jp
463151,freemanlaw.com
463152,fluxvipgroup.nl
463159,floorcoveringweekly.com
463162,freegames.click
463245,finnland-forum.de
463265,flwck.com
463268,franfinance.fr
463278,faketime.su
463283,fijiwater.com
463293,focusslotbase.nl
463308,financiamentos.bradesco
463361,findhostings.com
463369,focac.org
463388,funchalnoticias.net
463417,flylcpa.com
463432,fortressofcool.com
463465,fngames.io
463475,fotobuttinger.at
463538,foodsguy.com
463544,fcingolstadt.de
463558,frontnieuws.com
463567,ferienhausmarkt.com
463569,factspot.co.uk
463574,fair.co.il
463590,format.vn
463634,filipinofriendfinder.com
463649,fay.com
463670,femout.xxx
463685,fips-m.org
463689,full-race.com
463785,fairtax.org
463787,factorial.fr
463834,failteweb.com
463842,freshslotsplus.com
463859,freemusic.ai
463883,france-serres.com
463888,frukt.no
463948,fodizi.tw
463951,fcb.expert
463967,fluxar.net
463984,foronuclear.org
464038,frequent-ads.com
464043,finaljaimin.monster
464046,flashglobe.co.uk
464101,favcomic.net
464104,forum-auto.kz
464148,freud-museum.at
464178,flyariana.com
464185,farmbureauchoices.com
464256,fourqueens.com
464284,froneri.com
464295,furche.at
464302,fusionluckyflow.nl
464318,fife.ac.uk
464391,finenip.com
464427,funwithdizzies.com
464505,free-ethereum.io
464508,flawwears.com
464526,ftool.lt
464576,fyndiq.fi
464618,frigair.com
464630,friends-druzya.ru
464669,fliteboard.com
464688,fisherfunds.co.nz
464697,fontcanyon.com
464699,formup.one
464828,fapville.com
464829,factoriobin.com
464878,fluxlabs.net
464889,fabermusic.com
464892,find-ip-address.org
464991,foodwithlove.de
465002,futureclubzone.com
465030,fusionslotsworld.nl
465044,fliks.net
465091,fintechfestival.sg
465110,frametrk.com
465129,forcesoperations.com
465150,foxvideo.club
465166,flickerdoor.co.uk
465186,formfacade.com
465192,feuerwehrstore.de
465209,flyfruition.com
465244,frax.finance
465271,fancy-fukuya.co.jp
465281,ferrerocareers.com
465313,fuckmilf.club
465352,futureglobal.nl
465373,falloutbuilds.com
465452,floods.org
465519,fengying.com
465543,filters4you.net
465544,firenzepost.it
465548,fenix951.com.ar
465594,forodepor.com
465601,fliarbi.com
465605,fishcolorado.com
465668,fontana.org
465673,filmmuseum.at
465732,flycham.com
465733,fasel-hd.cam
465756,funds.jp
465768,flowersweb.info
465772,foodinjars.com
465780,freshdevices.com
465785,fiducial-office-solutions.fr
465799,freshishastore.com
465834,freepdfhosting.com
465856,fitnessfirst.com
465864,fullbottlejuice.com
465889,fanmaum.com
465974,freshpalaceplatform.com
465980,friidrott.se
465996,foobot.io
465998,festa-verlag.de
466024,forest-comp.ru
466046,freimaurer-wiki.de
466055,foundry-planet.com
466069,fsenrollment.com
466084,freeblog.biz
466089,fantasticweb.co.uk
466097,f45timeline.com
466179,fsdreamteam.com
466186,fapcams.club
466221,fantasyasian.com
466242,focustech.xyz
466270,footemxtra.com
466275,fotografium.com
466280,fragrantica.asia
466296,ffw-eisenberg.de
466307,freshlypicked.com
466335,fbitn.com
466353,financenews.com.br
466372,francotech.net
466391,fujisawa-kanko.jp
466403,fusionvipflow.nl
466423,fczzdoor.com
466427,freematiq.com
466496,fillup.pl
466501,fridu.us
466521,foto-kurier.pl
466563,foleja.com
466573,firstsuncb.com
466575,fikper.com
466662,frenchspeak.ru
466676,freshblackjack696.com
466761,flasharch.com
466763,fandash.co.uk
466770,fmcmotors.com.tw
466785,flarby.com
466809,front-end.social
466842,furniture1000.com
466843,fundspeople.com
466856,fta.art
466870,fvhfuodg.cc
466877,fastcup.dev
466889,fuelyourbody.nl
466921,fractalforums.com
466930,floridahomeandpatio.com
466977,familydoctor.com.au
466983,foto.by
467011,fasano.com.br
467043,freedirectorynow.com
467080,freshreelshouse.com
467135,facialesthetics.org
467145,foreignmedia.co.uk
467161,fehrgraham.com
467190,fivestat.com
467199,firmwaresystemupdate.com
467249,frenchbulldogtexas.com
467305,fabrika-kv.ru
467312,fg-acceptance.net
467357,fam-tree.net
467458,ferraracandyshopusa.com
467469,filetypeadvisor.com
467473,fatamorgana.fr
467483,foo.be
467584,fluffyquack.com
467614,femon.net
467683,fiddler.ai
467691,fixturenow.co.uk
467696,freshvipbase.com
467709,frankijuice.com
467716,featherbase.info
467719,fibrenest.com
467726,freshspin111.com
467753,flowfinity.com
467757,flowergardennews.com
467795,finthrive.com
467862,fresh-jobs.in
467926,four5oft.net
467963,fliesenpark.de
468016,ffetish.video
468034,feti072.com
468056,feeterie.com
468117,feyb226b.com
468118,ffvip88.click
468119,fijislot9.lat
468120,funbe651.com
468133,fps.edu.br
468155,forblitz.ru
468181,flxhd.com
468196,friendzone.com.ng
468217,fototelegraf.ru
468218,fillmorecontainer.com
468290,follownet.pl
468293,focusjackpotpro.nl
468305,federginnastica.it
468306,flexlaw.co
468362,flowlez.com
468397,fitinovacao.org.br
468498,fademsmotor.com.ec
468513,filcolana.dk
468536,ferrywebsupport.tech
468616,fntp.fr
468630,fcusd.org
468644,finalforms-amp.com
468659,facecast.io
468693,fielmann.at
468698,frenchculture.org
468700,framer.media
468728,freeconferencecallhd.com
468775,fl1.li
468819,fabdomain.co.uk
468834,futurebettingonline.com
468847,flipthecode.com
468858,freshparts.nl
468948,ffcarbon.com
468992,freesat.co.uk
469037,freshclubzone.com
469055,f3322.org
469072,football-eg.com
469094,filmixapp.vip
469114,fortify.com
469119,fujitsu.com.au
469123,fasigtipton.com
469160,freecountry.com
469179,freshwagerplus.com
469192,francisbyfb.com
469203,football-world.news
469233,fantasy-h2h.ru
469235,fitternity.com
469275,frank-flechtwaren.de
469304,friesmuseum.nl
469390,finalhq.co.uk
469413,fokus-sozialrecht.de
469431,friendseat.com
469452,fasterthemes.com
469473,freshreelsdaily.nl
469519,forcetechnology.com
469525,formation-metiers-securite.com
469533,flowers4colombia.com
469564,fcfreepresspa.com
469579,f-ten.net
469617,fastspacego.com
469645,fidelity-online.de
469667,friedhoefewien.at
469672,federicabugatti.com
469689,fireporn.org
469694,fdfdata.fr
469703,fsiblog.co.uk
469754,folhacar.com.br
469783,financetradeoptions.com
469784,fwbusiness.com
469793,fmovies-hd.to
469851,foxthemes.me
469852,frenchlearner.com
469876,fm93.com
469898,farmersmarketla.com
469917,fallriverreporter.com
469955,fortunewpidvk.live
469986,forkfulmeals.com
469990,fcv.org
470061,funplus-inc.com
470067,fappeningclub.com
470084,folderit.com
470117,fastonlineusers.com
470199,ferroviedellostato.it
470274,finalfantasyxvi.com
470337,financialsoccer.com
470346,franceloisirs.com
470403,friedfrank.com
470413,fnlife.com
470427,farmaciaencasaonline.es
470429,frmzfm.com
470435,flexciii.net
470462,fazz.com
470473,fmcloud.fm
470506,freexmovs.com
470523,findaircrafthardware.com
470532,fullnovels.com
470574,foxwq.com
470584,friartux.com
470687,faxinggu.com
470691,freegeoip.io
470697,freegamelibrary.net
470796,flowers4taiwan.com
470802,foosball-society.com
470805,festivewater.com
470818,footballbros.io
470820,fashionatingworld.com
470825,football-mania.com
470836,fzbm.com
470845,freedomnet.pro
470851,fsight.ru
470856,figured.com
470867,fhnfuneralhome.com
470871,fayrouzstyle.com
470963,freexxxlatin.com
470973,figloans.com
470978,fitandfix.com
471004,franksredhot.com
471019,fatsecret.ru
471024,fje.edu
471038,flamesbet-br.com
471207,fortbendlibraries.gov
471225,fondazionebonotto.org
471228,freshwagergroup.com
471234,fujimipanorama.com
471248,finearts.go.th
471288,forsatnet.ir
471321,fsusercontent.com
471353,fbienglish.com
471360,fluxpalacegroup.nl
471455,fnac.qa
471467,foodandnutritionresearch.net
471496,fmeone.com
471519,freshpoker4.com
471533,f2k1.de
471566,freeasestudyguides.com
471567,foxint.com
471599,fastjet.com
471626,fixelpixel.app
471629,foottime.top
471645,federalcorporation.ca
471672,fiatcoupe.pl
471684,figurines-pop.ch
471696,fpw.casino
471725,finalweapon.net
471743,filmdesk.co.uk
471756,fis.com
471759,fusioncom.co.jp
471805,flir.net
471871,flink.uz
471928,fangshui-001.com
471933,fullmotor.cl
471935,fakemail.net
471961,francesconibike.com
471972,fnsbooking.com
472030,freebeerandhotwings.com
472074,floofy.city
472077,fjmarketing.com
472101,frankandoak.com
472112,fundinno.com
472129,focuscoast.com
472180,familybanking.co.kr
472192,flatporn.net
472200,firmoo.co.uk
472216,fastnestbd.click
472232,fiercerun.com
472268,floordirekt.com
472313,flickcall.com
472327,fundacaoitau.org.br
472335,flagplatform.co.uk
472394,folia.nl
472408,fieldd.co
472453,f9jscdn.com
472495,formacionalcala.com
472522,fantasysphere.net
472525,futbol.pl
472573,fiberhome.com
472576,frachtpilot.de
472603,foxtrot-bookmarks.win
472613,fun-and-games.co.uk
472705,filmagepro.com
472758,filmeu.eu
472770,funnymamu.com
472780,fnih.org
472785,flashsoccer.com
472794,feiyu.online
472798,free-bet-calculator.co.uk
472802,fuzoku-move.net
472833,fentonandfenton.com.au
472841,fire720p.com
472858,faleno.net
472861,fixpart.ie
472864,flexischools.com.au
472928,footballwebb.com
472941,fanwenzhai.com
472979,filmcompanion.in
473005,favepornvids.com
473011,firstmonday.dk
473039,fetalmed.net
473040,fieracapital.com
473044,finalfantasyd20.com
473053,flash-games.io
473078,feiertage-deutschland.de
473130,food4lifesystems.com
473144,forum-canada.com
473179,finout.io
473197,funjoy-technology.net
473198,fscache.com
473297,formosa.com.br
473298,fns-momochi-seikotsuin.com
473339,fishemania.ru
473391,fromreality.link
473403,fix-xiaomi.ru
473433,funlabmobile.com
473450,fluentcpp.com
473454,fullbanking.co.kr
473458,frogsowar.com
473468,fairfight.com
473504,firealarm.com
473505,forecast.it
473507,fasthostunlimited.com
473548,flynet.com.pl
473549,fnpr.ru
473608,fortuneserver.host
473627,ffapple.com
473677,fach.mil.cl
473684,fr24news.com
473742,fmeplugins.net
473756,fijlkam.it
473767,fastping.net
473769,findomain.net
473810,fikklefame.com
473812,fossunited.org
473859,fcbis.com
473904,flyingtiger.com.tr
473920,fastassets.io
473950,faithit.com
473958,fepba.gov.ar
473989,ferrismowers.com
474004,fairgambling.com
474034,frejun.com
474039,favcomic.xyz
474078,fcdin.com
474079,fairways.jp
474128,fliesengigant.de
474139,f-kankou.jp
474140,fieldagent.net
474149,fiestafacil.com
474180,footballclubdemarseille.fr
474235,fahe.org
474244,freeshoppingmall.co.kr
474274,fluencycheck.com
474287,finsight.com
474366,fascinatingdiamonds.com
474384,fuhem.es
474450,fuelmotousa.com
474476,freedomforallamericans.org
474522,fullsave.com
474541,focusguide.nl
474574,festivalenfrance.com
474603,freshlylabcentral.nl
474620,fhbrundle.co.uk
474636,feuerwear.de
474648,fershop.it
474656,firsttable.co.nz
474775,forcez.nl
474793,form3.tech
474808,federbridge.it
474941,fitvend.fit
474967,fpjs.sh
474993,freevindecoder.eu
475006,fud.cn
475021,fnfmods.io
475033,ffhdj.com
475085,foundryvtt-hub.com
475117,fishernator.com
475120,foundanimals.org
475129,formcycle.de
475144,firstchoice.co.th
475161,findenvinder.dk
475174,fieldservio.com
475202,flame-vpn.com
475227,fuyulove.com
475274,formexwatch.com
475394,ford-koegler.de
475426,ferrino.it
475427,firmwarefile.com
475444,futureclubworld.com
475449,ftcelectronics.de
475500,flyvictor.com
475519,foto-planeta.com
475534,foroom.ru
475545,facom.fr
475555,ffbf.com
475620,fluxbrox.com
475628,foundagrave.com
475696,freshvip589.com
475706,futtransfer.top
475712,friendstamilchat.in
475736,fuegodance.com
475766,fluffychat.im
475778,freie-republik.info
475818,fundacionbbva.mx
475831,fiatforum.fi
475877,formosa.gob.ar
475888,firenet.net.au
475895,fluxreelsdesk.nl
475921,firmaelectronica.gob.es
475950,fukulabo.net
475958,futbollibretv.cl
476029,feathr.com
476072,fleurymichon.fr
476073,footywow.com
476079,fhvi.ch
476089,fixoem.com
476110,futurehosting.ie
476138,favepornmovs.com
476157,funnybunny-eg.com
476186,fcimabari.com
476231,fields.ie
476237,faulknertoyotatrevose.com
476255,ferkosfinejewelry.com
476306,fyndiq.no
476332,fokus-betreuungsrecht.de
476342,fudaml.com
476351,fargomoorhead.org
476411,finselfer.com
476415,fnkv.cz
476429,fukuya.com
476470,freespinnodeposits.com
476505,festspielhaus.de
476508,flipgive.com
476511,fundcenter.co.kr
476527,finansialku.com
476599,freescoreonline.com
476607,fitomat.com
476641,fivefish.org
476648,fermedebeaumont.com
476650,fere.com.br
476662,flightscraft.com
476695,flexciii.biz
476771,filmin.pt
476881,finist-soft.ru
476899,fscluster.org
476947,feldbahn-ffm.de
476954,foreca.bg
476980,fofocalizando.sbs
477000,filmfans.org
477025,foxhole.radio
477068,feastandfarm.com
477111,futurearenaplus.com
477148,flymusic.ro
477151,futuristech.com.au
477159,fitterfly.com
477161,formly.tattoo
477166,flashsurge.co.uk
477192,flick.com.au
477205,faelix.ch
477216,fgcuathletics.com
477219,forum-kredytowe.pl
477229,formman.com
477278,franet.com.br
477282,fordhamreespodiatry.com
477323,fsspx.org
477324,fight-club.com.au
477358,foxter.com.br
477368,feidiankeji.com
477403,fhlbny.com
477442,feedlisting.com
477449,findjob.co.kr
477450,firmadan.com
477452,fridiskusjon.no
477453,fundenix.online
477460,forestpests.eu
477462,fordmuscle.com
477471,flotprom.ru
477488,fuckitem.com
477509,fetischpartner.com
477535,f-rpg.me
477559,freshspinsmarket.nl
477564,freac.org
477566,fawkes-cycles.co.uk
477568,fila.jp
477572,flowersgallery.com
477697,forgehub.com
477801,fl3xx.com
477823,fresh.buzz
477858,focusgroups.org
477891,fangzhibao.com
477924,fjwestcott.com
477931,fc2cm.com
477936,fabrica.com.eg
477942,fernarzt.com
477968,freestyleprovider.abbott
478020,forums-actifs.com
478133,forwardcore.co.uk
478204,f8betbbe.com
478205,filmygallery233.xyz
478206,flicksloans.online
478207,footmad.site
478208,forreal.monster
478209,freedomgloryproject.com
478210,fry99.pics
478211,funbe650.com
478212,futbollibregratis.pe
478213,fxfx327.com
478311,fussballwm.de
478337,fxcc.com
478404,fronte-del-porto.it
478426,focus-server5.gr
478449,foxholeservices.com
478456,flores247.com
478470,freshy.com
478517,fuvarborze.hu
478550,french-shop.com.ua
478554,fuumuui.com
478585,feednavigator.com
478630,fab-it.dk
478641,fsjshoes.com
478642,forum-studie.de
478656,fullvidco.com
478680,farmville.com
478705,foode.info
478708,fiscalia.com
478722,fahrradlagerverkauf.com
478732,forum-jagiellonii.pl
478787,fatosdesconhecidos.com.br
478822,future4you.ru
478868,fcgdata.com
478939,fintelcloud.com
478960,fineli.fi
478995,freeimages.co.uk
479101,fakt-group.ru
479125,farmiya.ru
479130,francopanini.it
479146,ferroamp.com
479239,flixtrial.com
479256,fmg.de
479261,fibacc.net
479300,foliateam.com
479390,freesex.pro
479397,fashionmaniastore.com
479434,flash-transaction.com
479454,fiwfan.us
479459,famassystem.it
479473,fontheader.com
479486,filmakademie.de
479515,fictionuncovered.co.uk
479560,firegfs.com
479570,fresh-casino-apk.ru
479584,fubar-industries.com
479664,footbikn.live
479665,fishtalesflyshop.com
479672,flatassembler.net
479677,filmix.beer
479681,freewebnovel.io
479684,fapptime.com
479688,farranthants.cfd
479690,finalbosssour.com
479807,fotontruckspareparts.com
479816,freshvipnetwork.com
479843,freedomracing.com
479879,fjaproducts.com
479916,frikanime.com
479924,fetisale.com
479934,fdworlds.net
479980,forsteraccommodation.com
479991,fortwiki.com
479996,farmaciabarata.es
480000,flicket.co.nz
480042,freeindianporn.info
480069,fanweekly.co.uk
480075,futurewageronline.com
480076,freetv.com
480090,fingerlakesgaming.com
480123,farmaciasdirect.pt
480134,fireservice.gov.bd
480159,factorioprints.com
480175,fellowshipalliancechurch.com
480197,forthglade.com
480213,firstladies.org
480318,flyoma.com
480342,fengshuiedu.cn
480354,freshvipzone.com
480382,fona.de
480413,ferries.ca
480416,footpornx.com
480475,faktopedia.pl
480485,foursquare.org
480520,fcecosmetique.com.br
480541,flashback.se
480604,findingsmarket.co
480626,ferberpainting.com
480645,fingent.com
480660,footiemanager.com
480672,filmrena.com
480679,farescraper.com
480684,fhopqw.com
480701,feldentertainment.com
480729,focusfanatics.com
480751,fdfc.io
480800,fapcum.vip
480819,freshmarketer.in
480822,flamescans.lol
480896,febnet.org.br
480913,fadv.net
480930,findhere.gr
480934,flowsparks.com
480946,f3l.de
480981,formsbank.com
480993,freshcardsmarket.com
481006,freshpalace764.com
481025,frumziau.com
481066,fiat.com.ar
481076,fmglaw.com
481079,frontdeskhq.com
481100,frogbikes.com
481159,farmtopeople.com
481185,familytreegene.com
481264,fast-space.net
481271,finlink.de
481281,floordaily.net
481287,futurecasinopro.com
481322,fossorial.io
481337,fifthseasongardening.com
481376,fusionluckyworks.nl
481443,food93.com
481456,feel-ok.ch
481459,fluxslotlounge.nl
481463,finanshub.com
481474,fsx.org.cn
481477,fmovie0.com
481501,faxsipit.com
481532,flamingoedicoes.com
481542,fdatajsext.com
481574,future.nhs.uk
481583,flasher.ru
481591,falconshow.co.uk
481595,fareye.com
481637,firstteamkia.com
481654,fchn.com
481673,f1subscriber.com
481674,fordforums.com
481697,firee.dev
481744,fsyule.net
481753,filefox.cc
481771,fliplineads.com
481781,ford-depot-charging.com
481805,fiaerc.com
481869,forex-brokers.pro
481894,fragab.de
481896,f2o.org
481927,frenchboard.com
481957,focusedprogressguide.com
482011,fioulreduc.com
482064,fahrrad-akkus.de
482150,florius.nl
482163,forgetrend.nl
482180,farmaciasdeservico.net
482190,forceusa.com
482197,fr.fo
482214,fundo.com.au
482224,feedbolt.online
482236,forcemix.online
482258,fetishpornmedia.com
482269,fayrouztileandstone.com
482278,fww3.top
482279,forumpimpf.net
482342,franandcojewelry.com
482354,freshporn.me
482367,figopet.nl
482379,fsmcds.com
482845,f999.buzz
482846,fabcurate.com
482847,fabreguesbicicletas.com
482848,faces.eg
482849,facesbeauty.ma
482850,fansky.co
482851,fansky.net
482852,farashenasa.ir
482853,farmacare.id
482854,farmaciaspasteur.com.co
482855,farmaconde.com.br
482856,farmaglobo.it
482857,fawk.app
482858,fayendra.com
482859,fazamusic.com
482860,fazendoanossafesta.com.br
482861,fcawiadvisor.com
482862,feegowclinic.com.br
482863,feixueacg.org
482864,fieldassist.io
482865,fiestarewards.com
482866,filah.com.br
482867,fillity.com.br
482868,finess.jp
482869,finnishdesignshop.it
482870,fireops.io
482871,firmoo.com.br
482872,firmoo.fr
482873,firouzeh.com
482874,firstindianews.com
482875,fisco.net.br
482876,fishdeal.co.uk
482877,fishing-market.com
482878,fitness1.bg
482879,fitnesspark.app
482880,fivetoolyouth.org
482881,flameracing.net
482882,flannels.ie
482883,flasharmy.com.ua
482884,flashstore.es
482885,flexconnect.net
482886,fmt.me
482887,folhadoestado.com.br
482888,fonnte.com
482889,foodbuy.online
482890,foodcamp.com.br
482891,foodibd.com
482892,foodydelivery.com
482893,footshop.it
482894,footshop.ro
482895,fortenanoticia.com.br
482896,fortunamor.com
482897,forum-rallye.com
482898,forumrowerowe.org
482899,freeshare666.com
482900,frogfoot.com
482901,froiz.com
482902,fruugo.co.il
482903,ftzplus.dk
482904,fufvkgylntiyeqgk.net
482905,fuliba2023.net
482906,fullforcediesel.com
482907,furnipol.co.uk
482908,furniture24.ie
482909,fusiongamingonline.com
482910,futurefts368.com
482911,fuzer.xyz
483925,federatedinsurance.com
483932,freechildrenstories.com
483945,fh-burgenland.ac.at
483976,forseti.net.pl
483986,findoctave.com
483990,flagma.fr
483997,findstorenearme.ca
484007,firsteverclub.co.uk
484051,freehost.cl
484068,f2ecdn.com
484122,flotauto.com
484148,futureclubmarket.com
484156,freshroyalhouse.nl
484186,forumnow.ru
484243,fsmitha.com
484271,fantasiapelit.com
484303,fulli.net
484304,fukushishimbun.com
484309,fujitv-flower.net
484339,fonyodinyar.com
484351,funktionierts.ch
484378,fin-ggp.com
484393,fwcjew27k8.cfd
484501,faadforum.com
484509,freshslots797.com
484540,filmez.club
484562,fukuya-dept.co.jp
484662,fccdigital.com
484670,futurereelsmarket.com
484715,fluentbe.com
484734,fragbuzz.co.uk
484773,flagsforgood.com
484787,fi-pb-service.de
484795,first-ally.com
484806,fanyoy.com
484807,flag.moe
484811,fanatics.de
484847,freshbetting279.com
484865,fbappspot.com
484881,fsaseychelles.sc
484894,foxcigar.com
484903,fukuibank.co.jp
484916,flavixalive.com
484958,futureroyalstation.com
484962,flyintglo.com
484970,fujipan.co.jp
485001,fkk-museum.de
485018,fnsi.it
485075,fuhidd.com
485077,fit-flip.com
485147,flumewater.com
485171,femibion.de
485212,flamble.net
485219,fostershollywood.es
485229,fiksuruoka.fi
485247,firstrunfeatures.com
485254,fulltimetennis.co.uk
485337,farmtable.cz
485348,frim.gov.my
485403,fincheck.be
485408,fillrite.com
485410,formfox.com
485441,freewatchbuzz.nl
485447,foxandfilm.co.uk
485487,f-vr.jp
485489,freeforumzone.it
485523,futureplus.nl
485540,fepy.com
485592,ferribiella.it
485609,fatturapro.click
485621,ferpc.jp
485630,fms4u.com
485643,fqjpg6.top
485692,flokzu.com
485697,fishings-frenzy.com
485715,fcl.crs
485843,forento.ru
485850,ferrovideo.com
485863,frequentflyers.ru
485881,farther.com
485887,fdgcore.com
485891,filipinostore.de
485916,fairwaycraft.co.uk
485922,fluxworkshop.com
485932,faciliteacoches.com
485975,forteana.org
485977,film-streamings.com
485981,ftech.ai
486028,fleurdirect.nl
486029,fallingrain.net
486101,f11.casino
486199,fnz.de
486210,fastme.ir
486211,fluchos.com
486217,feenicshosting.com
486271,fagagioielli.com
486285,frey-net.ch
486295,fellesforbundet.no
486304,foto-zumstein.ch
486313,friendshipnissan.com
486363,fanbaseextra.co.uk
486378,festivalhall.jp
486382,flexcompute.com
486403,fioboc.com
486442,flixr.ru
486471,fdean.gov.uk
486488,fortunebb.net
486504,frgsrb.ru
486528,fxdd.com
486559,finicityreports.com
486565,fsrussia.ru
486586,flyplay.com
486651,fevercourt.co.uk
486702,ff66.net
486779,finist-company.ru
486781,fdn1mz8ngp.cfd
486800,flx1.com
486811,floralshe.com
486822,fscore.co.tz
486886,filmozercy.com
486898,fluids4u.com
486926,flugger.dk
486970,fingerhaus-forum.de
486982,forst.it
486984,flir.eu
487022,fiscalia.gob.bo
487099,foohungcurios.com
487139,fw0.casino
487226,ffm-montreal.org
487268,fedlab.ru
487305,fotopaparazzi.com
487351,futureslotlounge.com
487392,fameregistry.com
487415,fovissste.gob.mx
487477,fivedance.top
487507,frenchiebulldog.com
487515,fxeuroclub.ru
487523,fapnazad.online
487528,forum-duegieditrice.com
487538,freo.nl
487559,fuelfever.net
487569,fivetechsupport.com
487571,fjt.no
487572,fallrift.com
488029,f-dewa.xyz
488030,f4k6v2p.com
488031,f6gbnenwlt.com
488032,f7m4t1k.com
488033,f889fi3oo.com
488034,faberapart.com
488035,falconat.cc
488036,fangwinn88.tech
488037,fashny.net
488038,fat4dseller.com
488039,fav77mania.com
488040,fb88doc.com
488041,fenzyfashion.fr
488042,fia34441.com
488043,filmalab.com
488044,filmcheh.com
488045,filme4you.com
488046,filmeuy.com
488047,filmiqro.com
488048,filmlla.com
488049,filmlol.com
488050,filmoriental.com
488051,filmsakh.com
488052,filmtvz.com
488053,filmui.com
488054,filmups.com
488055,filmyfly.college
488056,filmyhit.soy
488057,filmyzilla.estate
488058,filmyzilla.gripe
488059,filpkrt-summerdeals.shop
488060,finalvin.com
488061,fipkrt-biggestsalez.shop
488062,fipkrt-epicjunsale.shop
488063,fitmax.io
488064,flix-watch.com
488065,flixico.com
488066,fly-burungbet.online
488067,followstar.in
488068,fondefal.com
488069,fpma.edu.pk
488070,fufuslot-2026.monster
488071,fufuslot-zeus.rest
488072,funbe641.com
488073,funbe642.com
488074,funbe643.com
488075,funbe652.com
488076,fundacionmgas.org.mx
488077,futbol-libre.com.co
488078,futbollibre.com
488079,futbollibrehd.com.pe
488080,futbollibrez.pe
488081,futemax.cfd
488082,fvidgo.com
488083,fxfx328.com
488084,fxfx329.com
489217,fezbet-pl.pl
489274,featurechromeflash.co.uk
489275,fotofabrikas.lt
489282,fen.com
489300,freeinsightfinder.nl
489304,fingerhaus.de
489323,flysheep6.com
489344,fluxdicezone.nl
489355,frailyaisa.monster
489369,fernbankmuseum.org
489391,futuregamingstation.com
489399,forlife.bg
489446,freebeatfit.com
489448,futsalmmp.pl
489506,fortinvestech.com
489509,futurefarming.com
489526,fortisiem.cloud
489554,futurefitelite.id
489595,fastgamernetwork.com
489609,furit.systems
489704,fabi.me
489719,filmehd.cc
489745,fiat.es
489747,furama.com
489763,filecrop.com
489809,farmarimar.es
489864,fosite.site
489895,fahrschulcockpit.de
489910,fedidb.org
489911,fightforaunion.org
489936,footshop.com
489945,flets-east.jp
489974,fishermap.org
489987,fujisaki.co.jp
490016,fotomix24.pl
490021,fortunegems2.com.mx
490050,firstclasscode.com
490085,frsd.ru
490115,fengshui-168.com
490117,formaremedicala.ro
490143,fee.de
490144,freedomunited.org
490175,floreshr.com
490212,flickdirect.com
490224,fh-mittelstand.de
490252,fundjournalism.org
490256,floridados.gov
490276,feltmagnet.com
490300,fabulousfox.com
490334,fundaj.gov.br
490336,fredlaw.com
490362,formsimplicity.com
490373,fieldround.co.uk
490378,flyslm.com
490408,forumup.it
490415,forestforum.co.uk
490417,fooddrinklife.com
490418,fen.org.es
490432,fmep.org
490502,fanball.com
490510,fireapparatusmagazine.com
490513,framesdata.com
490531,ferrara-candy.com
490563,fantasyclinic.ru
490569,fgc.edu
490575,fastservers.net
490589,fluxspinsstation.nl
490599,fans.rip
490701,freepornluck.com
490721,flevohost.com
490727,fmobile.kz
490740,forum4farming.com
490767,fixedopsmarketing.com
490768,franklin.oh.us
490770,fastsoft.com.br
490783,foia.wiki
490813,farmandhometoys.com
490830,fridayrollcasino.be
490883,frende.no
490898,franken-gedenkt.de
490957,fragujemy.com
490976,fpnyc.com
491005,folclorecrafts.com
491068,finanssiala.fi
491115,fanaticanimestore.com
491167,findsmart.net
491189,finestwine.com
491211,freshbet.com
491232,fxinside.net
491238,fibreassets.network
491240,fidelity.co.jp
491250,flyq.co.kr
491255,foreignpayproxytg.top
491298,fengyue.ai
491352,fontanaheraldnews.com
491368,ferodo.com
491373,fortresstech.io
491446,flashdown365.com
491512,faapa.info
491514,fontpalace.com
491555,forensicssource.com
491563,frumzicasinohu.com
491590,frkp.casa
491592,fuwin-br.com
491608,francistuttle.edu
491643,feyaruss.com
491661,fraserhart.co.uk
491724,f360.com.br
491803,fuh.care
491816,fjsmu.edu.cn
491840,fpoxxx1.com
491884,furyu-hm.com
491891,familienbande24.de
491924,faxingdandler.cfd
491927,faitube.com
491962,finishinglinepress.com
491969,fly-news.es
492012,fbshop.vn
492104,favorizer.com
492165,falcon.finance
492167,fnemycyfd.com
492172,fxvm.net
492177,fastwebtechnology.com
492227,fnc8.com
492233,futuregambleplatform.com
492234,flexponto.com
492241,fielmann.cloud
492293,fwgforum.com
492295,fibertest.net
492298,foxdeo.com
492310,fushaar.link
492316,ford.at
492334,fit4mom.com
492341,funpic.org
492453,fastpress.com
492459,famouspeopletoday.com
492533,flarenodemode.co.uk
492636,fulltimechronicle.co.uk
492666,featfreeporn.com
492676,fiercereview.co.uk
492690,fitprotracker.com
492693,fjta.com
492712,freshprep.ca
492723,fansbet-uk.com
492731,fietsenwerk.be
492805,firstclasswebs.com
492852,flighty.com
492914,fixp.ru
492936,fightpush.co.uk
493043,facebook.design
493052,felixcloutier.com
493068,fmcgimport.com
493078,formlive.co.uk
493081,filerestores.com
493083,freespinny.io
493089,fanhao111.life
493096,fil.su
493155,fibernetsja.com.br
493186,fhaloans.com
493192,freelance-informatique.fr
493202,firstdata.de
493235,footagecrate.com
493277,farever.net
493288,fashionget.com
493363,fieldcount.co.uk
493379,fraserengineco.com
493390,fortsmithar.gov
493402,franticstamper.com
493408,foxweb.cl
493424,foxtom.de
493448,flames-br.com
493458,foundrydigital.com
493524,freshcareerfinder.com
493537,free-proxy.cz
493542,fantastyka.pl
493561,fintact.io
493590,fassride.com
493645,freeths.co.uk
493688,frienddo.com
493705,fixturelive.co.uk
493736,fiftysounds.com
493782,freshclubspace.com
493809,fixvg.com
493814,fabsocieties.org
494019,fascinosuonobagliore.it
494073,freegeek.org
494151,feedvisor.com
494160,famproperties.com
494186,fitnessrepairparts.com
494248,funteambuilding.com
494264,filmi9.com
494295,futbolete.com
494304,freshcasinopro.com
494389,froggysfog.biz
494401,findcityoffice.com
494404,franklinandpoe.com
494426,fundacionbotin.org
494428,fairgamingbase.nl
494444,finka.cn
494447,fecq.cn
494519,fecho.com.br
494520,fega.gob.es
494521,findteu.com
494522,flexmag.md
494523,footshop.ua
494524,fortestore.com
494525,fossil.in
494526,fr2.tokyo
494648,fvbi.cc
494651,free-ro.com
494673,fiscfree.nl
494725,fece-bocak.online
494763,federscherma.it
494776,fact-finder.xyz
494805,fenglee.com
494806,futureuae.com
494816,fishin-frenzycasinogame.co.uk
494829,footshop.es
494853,fintelegram.com
494959,fasta.co.za
494972,fotoaparatas.lt
495023,finalebase.co.uk
495054,famesoftword.com
495056,focusprime.nl
495115,franceparkinson.fr
495153,flipkartcareers.com
495199,findlawresources.com
495207,fox-lisa.ru
495308,franciscanos.org
495315,formzi.io
495414,ffi.no
495417,fireworld.at
495425,ftechkzn.co.za
495426,fskicks.cn
495479,fullscale.io
495509,fantasyblox.com
495581,forumweb.hosting
495583,funkhandel.com
495602,f19.casino
495639,formazione-scuola.it
495665,flipsimu.com
495715,fbcv.es
495717,ferruccicomfort.net
495763,fingersoftgames.net
495765,florinus.lt
495793,forza-refurbished.nl
495797,flympg.net
495798,faunia.es
495860,flowers4hungary.com
495922,fortum.pl
495926,fscloud.com.cn
495949,fin.ovh
495959,freshmarketpage.com
496003,filmnow.ro
496010,fast-down.com
496036,furniturebox.co.uk
496055,fernbahn.de
496060,freshblackjack.com
496084,fckznx.top
496108,formen.no
496110,ffcc456.vip
496159,fastvpn.link
496160,fcloud.me
496161,ff6ir8o0.com
496162,fishchipsexpress.com
496163,for9dong.com
496164,fr34you.top
496262,filmladder.nl
496264,fnjnmxqs6w.cfd
496305,freshvipstation.com
496306,fondecranvip.com
496321,fittrackelite.id
496359,fisintegratedpayables.com
496368,ffms.pt
496398,filterarclog.co.uk
496422,finetsato.gr
496445,freshxxxpics.com
496447,fbabolt.com.au
496451,freegame.jp
496509,forstinger.com
496534,futureluckyworld.com
496635,fossilconsulting.com
496676,familybusinessmagazine.com
496681,familjetapeter.se
496687,foreignpolicyblogs.com
496692,finanzaspracticas.com
496704,freshroyal148.com
496730,fluig.com
496792,fluidapp.com
496825,flexhrm.com
496872,fineprintco.com
496875,fcgs.gov.cn
496960,flyembraer.com
496970,freekassa.ru
497004,farmasi.com.tr
497086,foxyandfriends.net
497089,fusiongambleplus.nl
497117,fluxguide.nl
497149,finexpertiza.ru
497259,farmforum.net
497264,funciona.monster
497268,friedas24.com
497271,frs24.ru
497274,firmenweb.de
497300,fincabank.kg
497313,futuremanager.nl
497353,foodfanatic.com
497384,ftcelectronics.pl
497430,fast-now50.online
497438,fatesend.org
497463,ferdi.fr
497511,firstlighthomecare.com
497513,flymaster.net
497557,frag-den-staat.de
497583,fishinfrenzy-slot-online.uk
497589,flagfield.co.uk
497627,flowics.com
497707,fatherandsons.fr
497746,ffngcp.com
497777,fulda-online.com
497786,farit.ru
497792,fridens.com
497821,farmerswife.com
497832,fezbet-br.com
497865,foxcarp.sk
497895,foodintegrity2017-parma.eu
497901,fmach.it
497909,fastshop1.com
497913,fluxgamblebase.nl
497947,foreignword.com
497974,ftth.wien
497978,freshroulettebase.com
498007,fis.vn
498046,francachela.net
498079,forzafootball.partners
498083,fortuneprime.com
498097,ffdo.de
498118,fractracker.org
498173,fs-storage.jp
498249,freeplays.com
498274,fbih.gov.ba
498276,freshslotworld.com
498303,fritziauspreussen.de
498311,fimnet.fi
498352,ferroglobe.com
498370,firmaapi.dk
498422,fydev.tech
498477,firecams.com
498489,fortmcmurraytoday.com
498527,furkids.org
498535,flccis.com
498539,fsc.bg
498578,frankfurt-macht-schule.de
498585,froztix.com
498615,fpcdn.me
498642,fidelimax.com.br
498674,fontsfree.net
498700,familyfootwearcenter.com
498732,fit-jp.com
498744,fintrx.com
498814,fotona.com
498822,fujiro.org
498825,freebusinessdirectory.com
498826,faceup.com
498829,free-bbw-galleries.com
498848,four.com
498854,forestrytrader.com
498864,fkzf.com
498878,fcsensor.com
498921,fusionist.io
498931,fivestarleaders.com
498951,freesoul.com
498970,fnttelecom.com.br
498978,fuerzadigital.cl
499047,freemilfporn.pro
499059,futurebettinglounge.com
499075,fagbladet3f.dk
499088,focustronic.com
499112,falconconsult.site
499228,floyt.com
499243,fiit.la
499245,fcbforum.ch
499257,festiab.com
499261,foodchainid.com
499265,flanerbouger.fr
499291,fujifilm-discount.ru
499292,festival.cz
499348,factorysupplyoutlet.com
499417,fangschreckenkrebse.de
499439,freeporn-try.com
499470,fdaweb.com
499474,freemeet.net
499556,frickhofen-bilder.de
499580,finanso.com
499616,fang520.com
499622,foreignreview.co.uk
499631,factorybuys.com.au
499643,feddit.de
499657,fetcher.ai
499676,fw0hk2civz.cfd
499702,freshslotpro.com
499731,fairplayforkids.org
499753,findcar.com.tw
499833,forumishqiptar.com
499873,fantasticfest.com
499907,fanqieyan.com
499911,forexgenerator.net
499938,fileopen.com
499948,fts-foxnews.com
499952,findymail.com
499953,freejav.mobi
499976,fadadosexo.com
499977,freecluster.eu
500037,fragrancelord.com
500040,fontana.rs
500067,fjdynamics.com
500070,frankiecollective.ca
500172,firda.nl
500292,forumattivo.it
500302,forgefeed.co.uk
500353,flyingtomato.com
500372,f4dc6d8n.com
500385,frontpagedetectives.com
500394,futunatura.de
500406,fastname.no
500424,feilegu.com
500445,futurevipspace.com
500458,fyidocs.com
500463,fm-kyoto.jp
500542,fielding.co.jp
500552,fordfound.org
500617,fatsecret.kr
500624,fm-magazine.com
500627,fairmontsentinel.com
500648,florezidos.com
500702,futterfreund.de
500722,freshroulette533.com
500770,filehost.ro
500778,foodnetworksolution.com
500791,focusnfe.com.br
500885,frag-caesar.de
500911,farmingsimulator19mods.com
500933,fusionsuite.net
500941,fisheries.go.th
500953,fafo.no
500975,freelancewritinggigs.com
500988,fluxoreal.com
501002,findmyhome.at
501030,fembotwiki.com
501042,faelix.im
501098,frmoda.com
501116,fozuz.com
501141,freethailand.com
501143,filecloudonline.com
501227,fiveml.com
501235,flickmod.com
501284,fittr.com
501290,funpornvideo.com
501365,farmaciasdirect.eu
501497,fachatapp.com
501573,felicialyons.shop
501611,fws1.com
501637,fun-betonline-casino.com
501659,faucetoshi.com
501667,flexsocialbox.com
501677,fprt.com
501707,fanzonespark.co.uk
501729,fil-idf.org
501741,formfactory.cz
501756,fermopoint.it
501762,freeflagicons.com
501768,funinformatique.com
501779,fastclaim.com
501799,facebookstories.com
501800,futurecardsspace.com
501822,fhlbi.com
501852,fallsreal.live
501859,five9lab.com
501880,frankenspalter.ch
501888,familynet.net
501987,fuckteen.xxx
501992,fluxreelslounge.nl
501997,footlocker-inc.com
502027,fataj.hu
502074,flagma.co.uk
502091,find-ipv6.com
502107,flyermobi.com
502127,floofey.dog
502129,frankfurt-marathon.com
502169,fullindirsene.net
502208,ferrarabrands.com
502242,fanamoozan.com
502290,footjob-hd.net
502291,freegayscams.com
502333,flow.swiss
502340,fastslang.com
502347,francaisavecpierre.com
502351,fa.gov.tw
502363,feedgrabbr.com
502377,fervoenergy.com
502399,farby.sk
502489,fanza.vip
502506,fengpu.com
502635,ftz.dk
502642,free-strip-games.com
502687,formcircuit.com
502701,f1-direct.net
502709,flysolucoes.com
502712,flamelogic.co.uk
502747,fiberfirst.com
502760,fittaste.com
502762,file.org
502775,fabiennechapot.com
502824,fyi.tv
502852,fsg.org
502880,fixturepit.co.uk
502910,feg.com.tw
502934,fuckbook.com
503066,fordclubsweden.se
503104,factorydirecthose.com
503110,flipdocs.com
503114,freshbaseworld.nl
503139,fapfappy.com
503182,fsit.com.tw
503256,fotoportale.it
503259,fnp.sa
503272,fraudday.com
503310,fitnessavenue.ca
503322,foot.fr
503324,fjcpc.edu.cn
503331,firstcitizensef.com
503407,fraenkisches-seenland.de
503431,franshydroponics.com.au
503464,forexpamm.info
503480,fans.vote
503490,fb2-book.com
503517,fullspectrumnet.com
503519,fufusquishy.com
503562,fotorox.ru
503575,fnherstal.com
503603,finalinsider.com
503635,fiveacregeographic.com
503683,flintgift.com
503701,freshlive.tv
503714,flamis.gr
503736,flashvd.net
503747,flyingspares.com
503803,facarseg.com.br
503804,futbol-talentos.es
503812,finsbury-shoes.com
503837,forcefetish.net
503878,flexcoders.eu
503893,freeroughporn.com
503930,falnic.com
503931,futura-shop.de
503938,foxysmut.com
503941,forwardputter.co.uk
503965,freeutg.com
504038,farmaciabrito.com.br
504039,farmit.net
504040,fieldly.com
504041,filmecinema.net
504042,financialnotices.com
504043,forum-mercedes.com
504165,freshket.co
504251,fxdreema.com
504299,fiat-rulez.de
504326,footballmanager2017.ru
504327,france-jeunes.net
504335,fiord.net
504350,firescans.xyz
504431,flugwetter.de
504438,fixdigital.co.il
504472,fc-carlzeiss-jena.de
504475,fuerthwiki.de
504524,flashtrac.com
504546,freshbetting353.com
504558,foreca.dk
504709,fragstorm.co.uk
504711,freedomboxfoundation.org
504720,f2o.io
504728,fukuoka-now.com
504733,flow.ai
504777,fenomen-games.com
504807,festivaldemerida.es
504812,filmbokepbarat.top
504818,fnoh.de
504890,formatlibrary.com
504901,fusemetrix.com
504928,fcla.de
504965,forkosh.com
504973,farmbuy.com
505044,fiatfaucet.com
505068,feathercoin.com
505100,full-hentai.net
505142,formitize.com
505176,fabulacoffee.com
505221,funmoneymom.com
505254,famichiki.jp
505275,futurewagerpoint.com
505314,firefly-iii.org
505318,fendt-caravan.com
505346,flixjini.in
505390,frutuozo.com.br
505398,foulstats.com
505406,fandesk.co.uk
505426,filipejr.com
505431,fuocofantasmanucleo.it
505439,ffzy-plays.com
505475,flashfeed.co.uk
505545,fitnesstime.com.sa
505593,funistan.com
505621,foxwilliams.com
505667,freegalx.com
505690,fermadetractoare.ro
505710,fordikinciel.com
505728,fmfenxiang.com
505876,forsyths.co.uk
505912,flagroster.co.uk
505949,foo.li
505964,fax.vin
505999,forestartsource.nl
506000,fusiongambleworks.nl
506020,factormeals.ca
506038,flexline.ru
506039,findgeekspots.com
506044,farys.be
506059,fastdol.com
506135,farmnews.com.br
506137,fire35.shop
506155,fzxx.net
506169,foodviva.com
506203,firesealsdirect.co.uk
506204,flowmagazine.nl
506233,fhtxt.com
506264,floridacitrus.org
506265,fancybox.net
506290,filmsenzalimite.one
506306,flexe.com
506361,flyv.tv
506400,ftp.tools
506436,fifaratings.com
506459,fashiontrenddigest.com
506509,futebolscore.com
506524,filerift.com
506532,financedispatch.co.uk
506560,fieldlive.co.uk
506624,firstbet.co.za
506702,fragrank.co.uk
506711,feromat.cz
506715,folhasinergyrh.com.br
506737,fulfil.io
506747,firedrummarketing.com
506752,findapeach.com
506755,friendxrc.win
506759,fo-rothschild.fr
506770,fleetworld.co.uk
506777,filmpornononna.com
506784,finestresorts.com
506795,fe2-online.de
506868,fitshow.com
506904,freeproxy.io
506934,fertilizantesorganicos.mx
506986,frontporchrepublic.com
506990,feromedia.eu
506991,fultonbankonlinebnk.com
506995,fixi-app.de
506997,flarecloud.ru
507019,fly88a.com
507039,franciscanos.org.br
507055,freshgaming771.com
507088,fetishporn-class.com
507091,fastville.com.br
507093,franklintwpnj.org
507098,fondationorange.com
507103,f1fanatic.co.uk
507123,fdon.net
507244,flamebase.co.uk
507247,fudousan.co.jp
507258,familycircle.com
507282,facturante.com
507283,fgjcdmx.gob.mx
507284,findtransfers.com
507285,football-world.com.ua
507379,fashionchoice.bg
507380,footballhomelanda.com
507468,falai.com.vc
507469,fasel-hd.com
507470,footcourt-eg.com
507471,footshop.bg
507530,futureslotspro.com
507544,feedblitzstatic.com
507550,fenixoutdoor.com
507555,flipout.co.uk
507571,francenetinfos.com
507602,fitsleeps.com
507631,fca-rosminzdrav.ru
507653,fini.net
507682,fargotube.com
507701,fatsecret.se
507856,fazobetai-br.com
507873,fruitabustore.com
507888,freshpalacelab.nl
507889,f08w1rq183.cfd
507924,fusil-calais.com
507991,forwardpulse.fr
508031,firearmstalk.com
508088,fueleverywhere.com
508089,florealgroup.be
508100,flexedgeprox.com
508137,filmarena-eng.com
508138,fsg-hosting.com
508139,fnfmod.online
508173,freshtrends.com
508174,f-gear.co.jp
508182,fashionlaura.com
508186,fluxbase.co.uk
508189,fastsmooth380.shop
508201,flugzeugmarkt.eu
508211,fukushima-koutu.co.jp
508274,floatdb.com
508305,fastdcservers.net
508330,foxsudoku.com
508336,fairyland.org
508369,frozenbyte.com
508386,freising.de
508407,facv.org
508416,flexdog.de
508432,fhtimes.com
508560,fs25mods.com
508563,film.de
508595,frgjv5styc.cfd
508669,f5net.com
508724,furniturebandung.com
508734,firepics.net
508786,freshfitnessstudio.nl
508795,fieldaware.com
508844,flymyairport.com
508871,forevernew.co.nz
508903,fullpartner.net
508952,forceteller.com
509094,filinhost.ru
509148,fuyobzetz.cc
509164,firtka.if.ua
509184,focus2career.com
509221,fetv.co.kr
509261,freshlucky806.com
509343,fluxluckyworld.nl
509369,fimspeedway.com
509370,formaloo.me
509379,fssyfs.com
509448,fit4brain.com
509469,flannelsofa.com
509480,filecrypt.co
509484,farbenmix.de
509488,fontiran.com
509546,fantasyguide.de
509560,funeralone.com
509579,fenwise.cc
509580,fightclubstore.com
509631,fleurancenature.fr
509635,flaschenpost.ch
509645,freexxxxporn.pro
509658,ferwer.cz
509660,fctv33hd.surf
509676,fachpack.de
509722,flatt.tech
509723,fierceinc.com
509801,fightshop.nl
509812,ftptoday.com
509866,flacso.edu.mx
509894,forgeplatform-ssp.com
509907,fonarevka.ru
509914,francofolies.fr
509920,fashiondays.hu
509926,fuzer.net
509937,fivehost.gr
509969,filmscoop.it
509971,fightcancer.nl
510002,fly88b.cc
510019,foreign-trade.com
510036,fujiofood.com
510042,freshjackpot477.com
510083,frs-syltfaehre.de
510099,ffieldo.com
510143,free-spin-casino.club
510213,fakir.com.tr
510228,fearnet.com
510236,flro.org
510293,fontanaca.gov
510332,fortuneplay.com
510381,frostroom.co.uk
510385,friboi.com.br
510387,francescabadalini.com
510389,fastgg.pro
510391,filmpress.co.uk
510396,fqa.vn
510421,fastidn.com
510459,films4me.com
510514,frenzyglobe.com
510579,fishin-frenzy-slot-machine.co.uk
510580,familytree.website
510665,fares.ro
510681,freesystemsselect.nl
510731,fargorate.com
510767,fjxgbdst.com
510799,flexaworld.com
510801,freshvoiceinsider.nl
510822,freely.co.uk
510865,fjc5tfohb4.cfd
510866,fhsaa.com
510875,firewin88.com
510916,fbphdplay.top
510931,fupa.dev
510935,furniturecasalinda.com
510949,far.ai
510965,fashion-headline.com
510967,fineartphotoawards.com
510979,fpmm.fr
510986,femsa.com.mx
511077,frankenjura.com
511133,futbolargentino.com.ar
511134,fnescorts.com
511167,fjpit.edu.cn
511196,franceemploidomicile.fr
511203,firebet.it
511221,fnbbotswana.co.bw
511255,flosoftball.com
511268,fave-fashion.gr
511282,federacionespigas.es
511287,fonial.de
511315,flylouisville.com
511328,findstream.quest
511336,foreveringsjewelry.com
511351,finerfilters.co.uk
511396,forexbox.info
511442,findusnow.com
511444,fauquier.com
511462,fipp.com
511472,forestconsole.com
511493,free-kassa.ru
511511,flavoursguru.com
511514,forsereklam.com
511523,fileshack.com
511558,fhpress.wtf
511565,fourwindsinteractive.com
511573,freshvippro.com
511577,fourrosesbourbon.com
511590,futurevoiceexpert.nl
511633,fedcloud.eu
511640,fontguesser.com
511653,fairrc.com
511693,fronter.com
511697,flussocronacavoce.it
511751,factopinion.co.uk
511777,froodl.com
511791,fussballwetten.tv
511794,fujicura.cn
511807,fornaks.ru
511836,frankchain.co.uk
511842,faststart.ru
511861,fhnet.fr
511899,foodsafety.ca
511948,fricke.de
511979,fastenerwholesale.com
511981,fly-tel.net
511986,fieldtide.co.uk
512014,flexispot.fr
512039,forexanalytics.info
512098,footfetishvid.com
512100,freshpalacenetwork.com
512106,fizzyzivka.cyou
512114,forhedidnotapp.com
512133,forumscripts.ru
512145,fmoh.gov.sd
512150,final-empire.com
512174,freegobikes.com
512255,fenetre24.com
512302,flamant.com
512309,fprimecapital.com
512441,fuku-chan.info
512442,firstinterstate.com
512445,floridaresorts.info
512467,focuswagerhub.nl
512519,feuerwehrverband.de
512642,filmnaechte.de
512667,fsb95.com
512693,fly88.deal
512711,fabdemo.co.tz
512738,funcommunity.com
512777,fingerpush.com
512787,fontenay.fr
512791,fashionhomepagano.it
512805,faw4bl.vip
512831,fatsecret.cn
512841,facethemusic.hu
512843,fmca.com
512846,fskorp.com
512943,frbkvv.com
512956,fxva.com
513051,ftm.tools
513060,fruit-flowerpark.jp
513125,flbog.edu
513181,flagshipcompany.com
513193,fixmypic.app
513215,frosting.ai
513225,flyshack.com
513229,facebbok.com
513238,foldermarker.com
513243,fluxcedene.net
513251,f9client.com
513309,futureithost.com
513356,fastmodelsports.com
513392,futurecasinomarket.com
513393,fusionspinworks.nl
513399,finereport.com
513474,footyroom.com
513494,frommountain.shop
513502,fresh.fr
513522,fwhunt.run
513589,fotocdn.de
513591,fotomuseum.ch
513605,ffh.zone
513636,futureslotsworld.com
513640,florencehotelitaly.net
513646,fdjeux.net
513682,fairplex.com
513765,flower-yurakuen.com
513785,formosapublisher.org
513787,fuckblondetube.com
513793,fpg.ru
513795,flmsecure.com
513802,flying.co.il
513845,fctemis.org
513846,fera.ro
513847,fonezone.ae
513912,filmesh.com.br
513920,futurecasinogroup.com
513941,formacion.ninja
513946,facilzap.com.br
513982,fla.de
514050,findjobs.my
514058,filofarotestata.it
514082,fumari.de
514097,fufucat.xyz
514122,ffblissa.top
514123,fmpro.it
514142,fed-gd.com
514152,faucet.gold
514168,freecultr.com
514207,forumactif.net
514243,fitaliancook.com
514287,froliki.ru
514365,futureskill.co
514399,fed-sudoku.eu
514426,fidiumfiber.com
514495,freenet-group.de
514531,fishdeeper.com
514560,fernstudiumcheck.de
514565,fayar.net
514603,fullbooks.com
514611,freedomnetvpn.com
514637,foreclosurewarehouse.com
514705,flurrydata.com
514719,flixbus.hr
514727,fangyuanhp.com
514751,foodcoop.com
514820,fagligsenior.dk
514823,freygaritaville.com
514834,flirtbate.com
514846,fishinfrenzydemoslot.co.uk
514884,firsttracksonline.com
514898,fromspotify.com
514931,focusdailynet.com
514986,fujiarts.com
514999,fergahost.es
515003,fix-smeg.ru
515016,fbras.ru
515038,farostampaclamore.it
515042,fondazionefeltrinelli.it
515054,fallscreek.com.au
515107,francocuomogioielli.it
515113,flyplugins.com
515136,farmaciacastrillon.es
515186,fetishpornpic.com
515199,flagtab.co.uk
515258,fohgreen99.com
515273,freudenstadt.de
515296,foe.org.au
515307,forester.club
515344,flex-ctl.us
515422,flytrippers.com
515423,fibernetwork.com.br
515430,funetf.co.kr
515443,fishtanklearning.org
515466,foxporn.tv
515540,firenana.com
515544,fourstatesfiber.com
515556,frontsteps.cloud
515565,flathatsystems.com
515587,futufin.com
515599,freepresets.com
515604,fan-sport.com.ua
515610,feri.org
515645,feetfeet.co.uk
515647,freechoice.club
515648,fastbb.ru
515660,forgerondivin.fr
515683,forumexcellence.com
515691,fortress.com
515695,firstinarchitecture.co.uk
515703,filmesgratisassistironline.com
515708,finelinens.com
515766,framedbytracey.com
515773,fasfordacademy.co.za
515789,fazaa.ae
515792,foneday.shop
515797,froghousing.com
515801,fundament-v-spb.ru
515808,fileinvite.com
515817,fenlei168.com
515873,folkartbt.com
515886,fotileglobal.com
515923,flex-rst.us
515948,feisha.cc
515951,flowbybunny.com
516002,firefoxchina.cn
516019,frames.gov
516038,futurewagerstation.com
516055,fch.ne.jp
516061,famedkonsti.cyou
516062,fileaxa.com
516080,frightcatalog.com
516090,froggy.ru
516114,fcstyrumhistory.de
516143,foundmoneyguide.com
516158,freeslotter.de
516167,fabricators.ru
516222,ferrarausa.co
516228,festrail.co.uk
516230,fkfleagues.co.ke
516244,flyfile.app
516289,fukushi-work.jp
516412,findaspermdonor.com
516427,firmepenet.ro
516457,finaldom.pl
516519,flomaster.top
516521,fashionjean.com
516536,forcemanager.net
516604,fragilex.org
516612,fc-prod.net
516614,franu.edu
516619,flofr.gov
516626,fidelityworkplace.com
516676,firstclassmogul.com
516682,failleumocxz.com
516735,faithscienceonline.com
516741,fordforum.com
516750,forgemachine.co.uk
516817,fower-uzawi.site
516834,fibercomm.net
516858,flychina.com
516874,fiscalhighroad.org
516875,fdns.ru
516924,famaideal.com
516964,fastighetsnytt.se
516977,fsbank.com
516988,fishboxapp.com
517003,freedyndns.top
517037,forgenflame.com
517082,fabrykabodziakow.pl
517083,fanserial.me
517084,featherlinee.com
517085,flypass.com.co
517086,frenchstream.food
517087,fsdksh.gov.al
517149,factoryprice.eu
517150,fengany.com
517151,flirtic.rs
517152,foroprepagoscolombia.com
517202,fhea.com
517222,fetster.com
517247,finally.coffee
517272,fabrik.io
517275,fcsonline.com.au
517302,ferivisport.hr
517304,firstclassflamingos.nl
517329,fashionforgood.com
517332,footytips.com.au
517401,fotoload.ru
517433,foxvpn.online
517446,forfaitweb.net
517473,finlandmlbforum.com
517522,fuzovelkifele.com
517559,fira.it
517621,fordedgeforum.com
517642,fluclean.com
517663,ff8240.io
517670,faunamarin.de
517675,free4dump.com
517680,feedx.net
517720,fitpregnancy.com
517721,freefly-cloud.info
517811,fasttel.com.pk
517822,fxl.com
517830,fastdns-pro.com
517839,fototruck.ru
517842,ftx.us
517864,federalgovernmentjobs.us
517871,funnygames.be
517920,finee.net
517940,friseur.com
517945,featureinstant.com
518009,fpn.edu.ng
518010,foreigneronline.com
518024,forma2plus.com
518211,fmaudit.de
518254,fc-hikaku.net
518263,fourleg.com
518313,fusion-bags.com
518316,frameworksinstitute.org
518330,freeoldbook.com
518344,forum-bron.pl
518451,forumsrpg.com
518509,flowfestival.com
518510,fanzhijituan.com
518543,fronty.com
518544,faster-it.de
518557,fhce.edu.uy
518575,freightview.com
518584,football.biz
518610,fishingbar.net
518619,fdzone.org
518638,folderbode.be
518679,frocus.net
518686,fitsindonesia.com
518704,folkbladet.se
518716,fayettevillepublishing.com
518729,fightdementia.org.au
518730,firdaposten.no
518738,fitnessclinic.pl
518789,financequality.net
518818,foreground.work
518823,freekaoyan.com
518871,fordotosan.com.tr
518883,feedershop.fr
518895,forumperso.com
518900,fangazing.com
518938,farming-community.eu
518943,freemap.jp
518970,federallawyers.com
518974,faudit.ru
518984,fairesrecht.at
519004,fengchepai.com
519085,fncaringsociety.com
519105,freshpokerstation.com
519182,france-amerique.com
519227,forento.app
519271,foro1x2.com
519274,fingerlakes.org
519282,filepool.com.au
519300,fright-rags.com
519376,freshgamingstation.com
519399,fnbalaska.com
519403,festo-pro.ru
519404,feeltime.com.ua
519423,fintechgate.net
519450,femdomtube.pro
519462,falkenberg.se
519472,freelogs.com
519511,formazionecontinuainpsicologia.it
519544,fufc.jp
519721,francelafleur.com
519722,fresharenaonline.com
519791,frbaschet.ro
519795,f111bd.com
519828,farmaciasalvodacquisto.it
519848,foleylaw.com
519876,flowers4honduras.com
519882,fashionette.net
519922,frenchcrown.in
519986,freshvipplatform.com
520020,feedmag.com
520022,fairspin.center
520027,fw1host.com.br
520051,ferreteriasoliva.com
520062,fileyourtaxes.com
520123,farera.com
520140,fortuneturkey.com
520163,fastpay-casino.com
520174,fitmentcraft.com
520191,flusub.com
520228,fustany.com
520270,fun107.com
520271,futurearenadaily.com
520282,fadegigpost.co.uk
520317,fordbrothersinc.com
520335,fairytalez.com
520352,fukufics.com
520380,ftshp.be
520394,fame.com
520406,fobas.cz
520426,falconfunc.fun
520444,futurespinstation.com
520454,freshpoker832.com
520474,faie.at
520498,familylawyers.com.au
520503,freehandhotels.com
520522,finmug.fi
520550,fluidnext.com
520553,fifaro.com
520567,filmflow.tv
520584,futurereelszone.com
520612,fp9810t6nk.cfd
520649,fcunb.cn
520668,flyvi.dev
520774,farmaciamato.it
520786,fonbetapp.com
520837,findrate.tw
520853,format25.com
520855,flooret.com
520878,flexispot.jp
520913,fedeeh.org
520920,festive-lights.com
520973,fssudest.it
520999,fisr.it
521072,fbi.ie
521081,firmecreative.com
521085,forth.news
521099,fairyhosting.ee
521111,flickriffwatch.co.uk
521187,fiberhost.com
521212,faw.de
521222,fullstackacademy.com
521234,fabducne.com
521302,fedintra.es
521318,freshjackpotlounge.com
521339,freshblackjackstation.com
521340,flirtmee.nl
521359,frankgreen.com
521403,flyer.vn
521411,first-kitchen.co.jp
521439,flexyartwebsites.com
521450,facebook18.com
521460,funspot.tv
521474,fabulousvegas.co.uk
521477,firstam.net
521490,feenko.com
521511,feestwinkelxl.nl
521522,folkhalsan.fi
521574,fortefortissimo.tv
521700,freebmd2.org.uk
521704,forum-algerie.com
521780,fincombank.com
521786,fynudge.com
521803,face.ba
521817,futureslotzone.com
521847,freakydeakygifs.com
521867,fredrikstadaktivitetsrad.no
521873,flocollege.com
521904,ffkolkata.net
521917,faireparterie.fr
521942,flcancer.com
522019,financedition.com
522105,fiscalpolicy.org
522122,futurehubfocus.nl
522148,fontedato.it
522189,fantasyguru.com
522198,freecreditscore.com
522259,freekidsbooks.org
522260,fairjournalpulse.nl
522267,freestylelibre.com.au
522272,fly88.uno
522290,fisg.com
522335,fisikamandalawaluya.ac.id
522349,folhadoes.com
522388,filescleanguru.com
522396,fidelitybank.com
522402,foodforlife.com
522411,footballtransfertavern.com
522430,farmamia.net
522431,fero-term.si
522463,freeboard.com.ua
522475,fsshu.com
522522,friendster.click
522540,fitoveta.lt
522570,filmfreakcentral.net
522580,fransat.fr
522604,fsedi.kz
522622,foodspring.de
522663,film1.nl
522691,freenet.ru
522700,fuldainfo.de
522706,fasthosters.com
522725,firma-remota.it
522738,funsicle.com
522755,finfort.tech
522776,faroldenoticias.com.br
522785,farmaciasavefenix.gt
522873,fosis.gob.cl
522890,feedingtrends.com
522898,formula-usa.com
522923,fratelliazzaro.it
523040,freshluckygroup.com
523088,fairwayindependentmc.com
523171,foundrygov.com
523182,fiserv.dev
523207,fuel.tv
523230,fep.es
523244,followthecamino.com
523294,fictionwise.com
523362,fhft.nhs.uk
523366,funeducation.com
523380,frammuseum.no
523405,futurebettinghub.com
523424,finebedding.co.uk
523447,freebooks4doctors.com
523513,framatube.org
523559,farmaciilenapofarm.ro
523581,fragaholic.in
523604,fleetscience.org
523632,funid-login.com
523657,flogoral.com.br
523688,forodeliteratura.com
523698,fsk978.cn
523703,fks.ed.jp
523738,freeweb-apps.info
523755,from-az.net
523761,famidigi.jp
523871,freshprints.com
523898,florenceeiseman.com
523913,fundsmith.co.uk
523918,foldhivatal.hu
523933,f-iraq.com
523939,fastbsv.com
523993,flywheel-publishing.com
524029,fundicks.com
524053,familienleben.ch
524061,fondsdegarantie.fr
524065,folder.jp
524115,fukeiki.com
524167,fansonly.com
524169,flra.gov
524190,fbdomen.top
524195,fansaka.info
524205,ferrometal.fi
524208,freetrans.co.za
524258,futureroyalpro.com
524313,futurefashionpath.nl
524324,filyaeva.com
524328,fenabrave.org.br
524359,fridleytheatres.com
524384,fh-flensburg.de
524411,famaga.mk
524417,frogtosea.com
524422,fenix-store.com
524503,flux-context.org
524510,fogsoft.ru
524513,fairreviewwave.nl
524517,falcimmo.de
524583,freistaat.bayern
524608,fi06.ru
524646,fcia1zlt8l.cfd
524673,fap2xxx.com
524674,fanfreegames.com
524686,flower-mound.com
524707,freecdn200.top
524712,fsr-develop.com
524731,falabella.cl
524734,fredericton.ca
524739,fillcube.net
524813,finaltale.ru
524828,flisekompagniet.dk
524829,fotografi-cameramani.ro
524853,fengjinketang.com
524916,finanzbusiness.de
524978,flower-byte.com
525021,freshwagercentral.com
525030,framecdn.ru
525067,fordescape.org
525075,fasttrack360.com.au
525076,fr3on1.com
525086,fnl-guide.com
525090,fnt.work
525097,fotomagazin.de
525193,freshslots870.com
525236,feastandwest.com
525239,flexciii.co
525250,forsaleincalgary.com
525324,flexwhere.com
525359,frosch.com
525389,freshtrailmedia.live
525418,fedea.net
525465,filmakinesi.com
525511,flipaquatics.com
525560,fondazioneitalianadelrene.org
525580,fashion.cloud
525599,facet.onl
525620,flickshow.co.uk
525648,fcba.fr
525654,facebook.com.au
525740,futureofworking.com
525746,falabella.com.mx
525747,frontiers.it
525817,futurearc.com
525840,faq-mac.com
525941,fuqilangzy.cn
525945,flevohost.eu
525960,fastweb360.it
525985,futuraserramenti.com
525996,fishwantg.com
526004,foci-talentumok.com
526036,farleyandsathers.com
526037,fidc.co.kr
526088,fastadresults.live
526185,furydocs.io
526237,freshcardscentral.com
526240,freshfashionsmart.nl
526243,fungies.io
526295,film-fakt.ru
526376,finys.com
526384,fastphonics.com
526416,flatuicolorpicker.com
526451,flexciii.info
526519,florr.io
526526,foodgame.surf
526535,freshwagerpoint.com
526560,foods-labo.com
526561,faros.ai
526574,focus-fen.net
526585,freeweb.ne.jp
526608,forexmonitor.net
526613,fotbalovavidea.cz
526618,foliesbergere.com
526636,fietsvakantiewinkel.nl
526719,fansbet-uk.co.uk
526721,freifunk-westerwald.de
526728,fgos.ru
526738,fkr-spb.ru
526792,fabang.com
526811,fairbusinessgoodwillappraisal.com
526830,fsiwebs.net
526836,firstcard.app
526864,fitclick.com
526905,flowersfoods.com
526916,freecdn201.top
526937,forecastweather.gr
526939,fishingproreport.com
526942,forum-francophone-linuxmint.fr
526968,fountainmagazine.com
526980,foundationforwomenscancer.org
526996,frenchiedoodle.com
527032,forumtek.net
527051,filipp-ok.ru
527055,filmlondon.org.uk
527056,fizzup.com
527058,frontforen.de
527069,foxs.com
527113,fascinate-online.com
527114,fastlogistics.com.ph
527115,fazznet.co.id
527116,fg66app6.com
527117,fg66pwa.com
527118,firmoo.com.au
527119,flylondon.com
527120,fource.nl
527121,freemeteo.ro
527122,frutafresca.com.co
527123,fusima.pl
527215,finelite.org
527216,florabelle.com.au
527256,feestkleding.nl
527283,fut0newsiryroquite.cfd
527331,fiercefeed.com
527335,feimi-tech.com
527358,finrent.it
527377,faecys.org.ar
527421,forbot.pl
527427,freebone.cz
527431,fastx.sbs
527464,flexi-personnel.com
527507,flareshort.com
527546,frontapplication.com
527560,factornews.com
527565,fibt.com
527570,flibzee.com
527578,focenter.com
527624,facetec.com
527634,fb-chan.biz
527650,fega.es
527687,folioweekly.com
527726,forum-velo-pliant.fr
527735,futureclubhub.com
527745,fuelsandlubes.com
527756,femininbio.com
527847,feministapparel.com
527866,finaltale.online
527868,feedhive.com
527873,foodrink.co.jp
527879,fbb.org.br
527906,foshannews.net
527908,fight.ru
527935,forexvps.net
527953,foot-store.com
527978,firmseek.com
527983,folkebladetlemvig.dk
528004,fontainebleau-tourisme.com
528014,filesmonster.ru
528016,fun88.supply
528019,fibudata.net
528052,fh-frankfurt.de
528060,filadd.com.br
528082,frankfred.com
528090,familyincest.tv
528127,futureithosting.com
528146,foto-web.cz
528152,folkaly.com
528177,findthedeal.org
528187,fptonline.net
528209,fonnts.com
528226,fitnessbloggen.no
528237,fileless-market.cc
528239,feiguanmei.com
528305,flatlogic.com
528353,filebound.com
528446,frekansweb.com
528481,freebet2025.casino
528488,fxinvest.info
528493,faresonfleek.com
528499,floraandfauna.com.au
528513,filmadelphia.org
528594,fretehero.com.br
528602,flinks.com
528610,fmshosted.com
528651,fschool.ru
528666,fanasoro.com
528674,fordtoptancisi.com
528711,fora.se
528716,freefinderworld.nl
528728,fiddlestixdesign.com
528735,finethor.de
528773,fondazionecsc.it
528776,freedictionary.org
528781,fortnitecreativehq.com
528806,footballrealtimes.com
528843,flo.com.ua
528859,flyingdutchmenfans.com
528877,futureagencyweekly.nl
528934,fortiss.org
528942,focus-on-photography-forum.net
528945,fm104.ie
528979,fixyourdlp.com
528988,findanime.ru
529019,festival-automne.com
529054,faktaomfartyg.se
529063,frenchmush.com
529076,fcmm.kr
529095,far.city
529096,finc.com
529102,fedsig.com
529133,farmaciaparedesdenava.es
529174,fatfishgame.com
529179,futurearenaprime.nl
529200,flohmarkt.at
529212,fanbaseline.com
529239,fasciagaragiornale.it
529254,fragnet.net
529279,featherandblack.com
529308,forgeadour.com
529322,feminactu.com
529328,f-ace.jp
529346,fortunegaming88.net
529352,flakehub.com
529353,facilityos.com
529360,furfur.me
529421,fastfoodmenuprices.com
529445,freshgamblepro.com
529446,fenerofolio.de
529449,farevela.net
529450,freezvon.com
529503,fandejuegos.com
529512,fares.top
529593,fredbaltus.nl
529615,fribikeshop.dk
529640,flyleafbooks.com
529688,formaggiokitchen.com
529705,fitness007.cz
529712,finnishsportsagency.com
529879,fx168api.com
529924,firedeptcoffee.com
529926,furtherfield.org
529929,frontrowsoccer.com
529941,flex.com.hk
529961,fordhamobserver.com
530001,fsa-mobile.com
530023,findmylionel.com
530035,fonki.pro
530040,fragplay.co.uk
530101,foxessellfaster.com
530131,faraday-tech.com
530138,funminigame.com
530140,flacon-magazine.com
530161,freewebnovel.org
530288,freepornpictures.org
530294,ferrariglobalnetwork.com
530295,fscore.fr
530298,fscmauritius.org
530304,forum2x2.com
530381,frankenmuth.org
530453,fishersci.fi
530454,ftv.bg
530461,fhu.edu
530505,fuel.network
530565,fjackets.com
530580,forshemale.com
530591,firstdev.ru
530668,feanalytics.com
530669,fonia.app
530670,foodboom.ua
530671,footwearmenders.com
530672,freemeteo.cl
530673,freemeteo.com.br
530674,friopecas.com.br
530739,filemanager.ai
530740,fpcrash.it
530809,fusspflege.com
530819,fuchsgruppe.shop
530846,fofpower.cn
530864,fork.de
530893,fddb.mobi
530920,futuresignalstreet.nl
530934,flugzeuginfo.net
531019,fromyield.shop
531129,fiscaalgemak.nl
531182,fix-philips.ru
531206,futurecardspoint.com
531210,fontbonne.edu
531222,fitness-cccp.ru
531253,funnybirthdayfacts.com
531325,frame-illust.com
531331,freeshot.live
531341,fastcommand.com
531369,farmaciaabascal59.com
531401,fkk.social
531409,fragrance-nevaeh.com
531419,foglaljorvost.hu
531422,fabortvcdn.com
531461,faptosex.com
531489,fmicassets.com
531498,f168h.com
531600,forkliftcenter.com
531614,forumavatars.ru
531647,fastball2.com
531648,flashcards.world
531718,farmaciasassociadas.com.br
531730,fotothing.com
531809,firearmsoutletcanada.com
531885,factor.academy
531922,fantasycalc.com
531927,franceobjetstrouves.fr
531961,femern.com
531992,flicky.host
532026,frontierutilities.com
532164,fsfx.com.br
532211,fulcroraggioclamore.it
532396,farmaciaestacionsants.com
532409,fishinfrenzy-slotonline.co.uk
532442,fogo777.com
532464,finalplay.co.uk
532467,fashioncheque.com
532497,forum18.org
532509,fftlt.net
532510,fmngzukr.cc
532546,feroca.com
532573,forestlearn.nl
532574,firstmedtrade.com
532653,folhadomate.com
532667,fenae.org.br
532680,findojobs.com
532703,featurerushwatch.co.uk
532712,friendlyatheist.com
532718,farsi4hd.com
532724,foreasparts.gr
532731,fishinfrenzyslotonline.uk
532741,festivaldispoleto.com
532777,flipwise.app
532837,forbesliberia.com
532840,fundsachen.de
532884,freshcasinostation.com
532950,fishbase.in
532995,faceter.cam
532999,feichangjx.com
533001,freshgambledaily.com
533006,favorite-one.co.jp
533086,fl7qk76p.com
533131,fantastika.lt
533145,foxtown.com
533185,frhd.it
533194,feedbuzzard.com
533200,fortu.io
533208,futureclarityspace.com
533233,ferpotravina.cz
533258,frs-helgoline.de
533284,ftsdlskits.com
533296,fossic.org
533313,formar.shop
533349,freecast.com
533437,fieldpatrol.co.uk
533474,fbg-leasing.ru
533493,feststream.co.uk
533539,fseconomy.net
533554,fisicalab.com
533564,f2qf3gp39j.cfd
533613,futurecardsstudio.com
533616,freshbettingonline.com
533619,franchisewire.com
533677,fragrancesamplesuk.com
533709,freebhajans.com
533713,fizduck.online
533747,farmhousetack.com
533779,futuresource-consulting.com
533825,futurejackpotstation.com
533830,fjtc.edu.tw
533834,fsm.de
533846,filbleu.fr
533878,flashpeakmobile.com
533887,fadc.org.br
533895,forosperu.club
533905,flowup.shop
533948,findtree.org
534006,flycolumbus.com
534030,fc-staging.net
534063,fsiblbd.com
534122,floridagunexchange.com
534175,fryday.am
534192,firnm.ru
534209,fixstars.com
534222,fintec.io
534258,fermeducabier.com
534292,flixer.gd
534315,fxcintel.com
534344,formoststar.com
534384,freshclub871.com
534409,fishin.com
534410,faststatics.com
534421,fuertehoteles.com
534447,farmaspanama.com
534541,finca.org
534545,flywheel.io
534601,feu.edu.tw
534614,fspcdn.com
534623,ferris.ac.jp
534654,f5.live
534760,fabrichealth.com
534762,fairu.app
534881,fatiguerecipes.com
534891,focusarnhem.nl
534899,freepacman.org
534920,fontsignal.co.uk
534926,fope.com
534976,feindura.org
535041,feasycom.com
535046,frontwavecu.com
535062,fengshangba.com
535083,fubra.com
535099,flixbus.cz
535111,french-bandit.com
535112,fmode.cn
535117,foodstorm.io
535122,ferkous.app
535197,femi9.com
535202,freecdn2.top
535215,f-dk.ru
535233,fzs.org
535241,fuelloans.com
535265,free-porn-pics.net
535271,florizaonlineshop.ph
535273,futurium.de
535283,fc-baltika.ru
535385,forter-secure.com
535387,findirector.by
535412,fynews.net
535416,focussat.ro
535449,fiberglassflorida.com
535482,forumresearch.com
535506,fivemsvr.com
535525,fsty.io
535569,fixshop.eu
535577,fontdo.com
535590,fuyuejiudian.com
535618,feig.de
535621,fastsync.xyz
535643,freie-demokraten.de
535672,fluxhub.us
535747,fiatauto.com
535793,fondimatica.it
535799,findance.com
535800,flightstore.com.au
535822,freedomdestinations.co.uk
535842,financialkhazanapk.cloud
535847,flagpost.co.uk
535890,firstaid4u.info
535892,foritaly.org
535921,fireserv.name
535924,fanficslandia.com
535954,flexpath.ca
535970,fabledcoppercorp.com
535975,falevono.com.br
536017,focusweb.org
536109,fu110.de
536114,freepornmark.com
536115,frontkb-cdn.com
536140,freefirecommunity.com
536171,fvtechnology.it
536214,freerangekids.com
536225,flybywiresim.com
536235,fibrproject.org
536248,formenergy.com
536269,famileat.fr
536330,fresubin.com
536335,funkyjunkinteriors.net
536350,faceook.com
536357,fishersci.be
536369,fantasyland.ru
536398,footjob.pro
536454,flarehr.com
536459,farmby.com.br
536493,findkeep.love
536501,freepokernetwork.com
536542,fibrenew.com
536571,faccebook.com
536622,floridasonlineauctions.com
536690,flvcd.com
536717,frogwares.com
536726,fixando.de
536748,fohweb.com
536779,ferrarapan.com
536796,famepearl.com
536801,focus-mobility.de
536811,freshdesignhost.com
536829,f-moviesz.to
536834,fogervapes.com
536841,foxytunes.com
536858,friprogramvarusyndikatet.se
536889,frockflicks.com
536897,fiprotected.com
536933,flukerfarms.com
536982,frankieandbennys.com
536996,fabrykazapachu.pl
537013,forecastapp.com
537090,fundfire.com
537107,flirtic.fi
537117,fanswong.com
537154,flashdetails.com
537155,fortherecord.com
537208,flowers4spain.com
537220,fbnbanksierraleone.com
537238,farmaciaya.com
537260,fertagus.pt
537278,fromarnhemwithlove.com
537353,fuckfuckcasino.com
537378,flowlu.link
537394,fraudabc.com
537407,fibertool.ru
537411,fathorseworks.com
537483,forum-fiat-tipo.net
537508,factbites.com
537541,fipresci.org
537544,fromdomru.ru
537557,ferrari100.com
537587,facdn.xyz
537598,fabthemes.com
537604,foxy99.com
537609,f-tk.ru
537615,fifa16.ru
537625,flixtor.nu
537639,fakelfc.ru
537656,forosdelweb.com
537668,find-my-manual.com
537682,free-proxy-socks5-socks4.ru
537700,flipcode.com
537706,findyourstampsvalue.com
537742,flyday.hk
537767,flowsto.com
537768,frauenhauskoordinierung.de
537796,fyristorg.com
537877,findforeignbride.com
537881,footprintseducation.in
537910,fera.fr
537980,ffast.xyz
537986,fitt-iitd.in
538010,febrace.org.br
538020,forsage.by
538044,furec.jp
538054,finalfantasyxv.com
538099,firstssl.ru
538121,flashusdtserver.com
538122,f4map.com
538132,findgirls.gr
538133,feidikejieju.com
538156,finanime.fi
538157,fullress.com
538205,farlep.net
538230,flytec.com.py
538231,forocrianzanatural.com
538289,fromourplace.co.uk
538314,f-static-cdn.com
538315,feichtinger-shop.com
538405,freebie.games
538435,fanbaseemerald.com
538492,fujianshenrui.com
538525,fbox.uz
538532,fantasyhockeygeek.com
538557,foxrc.com
538567,fitnessguru.se
538573,finn1080.com.br
538606,frameplay.com
538641,fhm.de
538659,famila-nordwest.de
538668,fiata.com
538712,fantasy-worlds.net
538800,freshmail.io
538859,fareastflora.com
538901,fujitv.com
538904,fibis.org
538914,foothilltransit.org
538967,finexfloors.ru
538970,fluzo.com
538999,freshreelszone.com
539019,flormiss.co.uk
539025,fletcherallen.org
539058,fleshyes.com
539063,fetchpackage.com
539095,france-automatismes.com
539115,feedmephoebe.com
539120,ftemo.com
539131,faragency.bg
539149,factorywarrantylist.com
539151,fabricadeasternuturi.ro
539156,file-upload.cloud
539200,fct.ca
539215,fuelchant.com
539233,firstit.no
539236,fragstalk.in
539239,ffyichenwang.com
539240,frau.it
539322,fastbookmarkings.com
539361,fashioneducation.ru
539393,frankrg.com
539423,freshpornclips.com
539433,freesoftcorepic.com
539492,fitzenboost.id
539494,fabletics.ca
539502,facebook.com.vn
539507,fujicdnx.net
539510,flexciii.org
539603,focuswagerworks.nl
539612,fow.com
539624,fastroot3.shop
539675,faithyapp.com
539687,fabbricadigitale.com
539720,fanshioner.com
539721,fantasyanime.com
539757,fancl.jp
539800,futurecasinohub.com
539802,f75.casino
539815,fridgefilters.com.au
539849,ftnirdc.com
539965,futuregaminglounge.com
539982,fanbanxxjs5.cn
540070,fermecroix.com
540071,flare.pet
540116,fornits.com
540124,flimora.top
540132,funfacts.de
540177,fitnesstart.ru
540178,footballbettingtips.org
540218,forafinancial.com
540252,futureblackjackexpress.com
540259,foxcu.org
540272,fjdzcs.com
540288,furuvik.se
540333,fujimotosuko-resort.jp
540339,flytucson.com
540344,finferries.fi
540356,fick-markt.com
540411,fctevreg.com
540468,forums.wiki
540471,freshmile.com
540474,foxmox.top
540514,fanpix.in
541225,fab-lab.it
541226,fabricstudio.net
541227,facebook.org
541228,faceline.live
541229,falkentyre.com.tw
541230,fanczs.com
541231,fanymoe.com
541232,fappaizuri.me
541233,fastaichat.my
541234,fastauthorize.com
541235,fastddns.net
541236,fastgo.live
541237,fasthlz.com
541238,fastlaplegends.org
541239,fastlian.net
541240,fatture.plus
541241,fc-sistema.com
541242,fcs-web.co.jp
541243,fcwjosk830sj.com
541244,fecsu23i.com
541245,fengniaocd.com
541246,ffastpaypay.org
541247,ffg-sec.co.jp
541248,ffgbc.com
541249,ffglease.co.jp
541250,ffzyapi.com
541251,fhbbff.com
541252,fhl.mom
541253,findmyip.org
541254,findmylinkes.ir
541255,finplex-excloser.com
541256,fireplacetear.com
541257,fireworkn.com
541258,firmware.ovh
541259,firstcloud.me
541260,firstdatamerchantservices.com
541261,fiscalneogrid.com
541262,fiti.net.cn
541263,fix-crowdstrike-bsod.com
541264,flaiapp.com
541265,flare.today
541266,flexcity.energy
541267,flexvno.fr
541268,flowbix.com
541269,flowercloudservice.xyz
541270,flowith.net
541271,fluidinteractive.com
541272,fluidra-emea.com
541273,flux.net.br
541274,flyzhu.pro
541275,fmzupkirh.com
541276,focus-res.cn
541277,fongenie.com
541278,footballnation.eu
541279,foqgxmzet.com
541280,forge-cloud.com
541281,fortesecurity.com.br
541282,fortgluco.com
541283,fotoaparaciki.pl
541284,foxtroturbane.com
541285,fred.com.au
541286,freecat.cloud
541287,freefanyi.app
541288,freephoneline.ca
541289,frembed.click
541290,friendsofpowellbutte.org
541291,friscovsfvpncheck.com
541292,fruugo.jp
541293,fruugo.kr
541294,ftdata.com.br
541295,ftt-a.com
541296,fujitsu.ca
541297,fukuokachuo-bank.co.jp
541298,fullpdf.com
541299,fwadcdn1.com
541300,fwf.dev
541301,fwui238929sh.com
541302,fx-srv.org
541303,fx678img.com
541304,fxccc.cc
541305,fxo.us
541306,fxophetcy.com
541307,fydelia.com
541308,fyta.de
543044,frembed.hair
543072,f872a92355.com
543073,fc86831720.com
543074,finka.top
543151,finalesecond.com
543209,feelunique.ae
543217,fnafgames.io
543227,fhv.ch
543242,filmotv.fr
543261,feuerwehr.de
543304,filmsporno.biz
543340,ford.cz
543424,forestcomputers.com
543458,fixtureshop.com
543472,flickrhivemind.net
543502,freexxx.tube
543522,findmcserver.com
543538,favy.cam
543542,foreclosurehomes.co
543607,futbolx.uy
543649,flysolomons.com
543756,fougeraydebeauclair.com
543820,fdfz.cn
543886,farabinhost.ir
543893,findmyguaranteedoffer.com
543900,featurewire.co.uk
543991,friendlyarm.com
544007,flymaterez.net
544035,flyrichmond.com
544121,fantasticfacts.net
544127,firepeaklive.co.uk
544129,fnlg.ru
544130,free-xvideos.cfd
544131,fundaciontelefonica.com.pe
544147,funlearningforkids.com
544164,france-troc.com
544169,funcatgames.com
544182,findbillion.com
544203,fonet.rs
544215,fal.dev
544221,fsdsapps.com
544232,fullspectrumartglass.com
544255,forestpub.co.jp
544272,fbwineapps.com
544298,fondation-langlois.org
544364,flip.bg
544379,farmacialabomba.com
544434,fahhar.com
544435,fatakpay.com
544436,french-streaming.tv
544561,finchat.io
544565,forcechange.com
544576,fk.dk
544620,fallingintoplace.net
544655,fishersci.se
544670,flavormosaic.com
544686,futurearenaworld.com
544688,flyingpepper.in
544738,fjordavisen.nu
544771,faceless.video
544773,fulcrumsaas.net
544803,framacarte.org
544826,fortuneworld.nl
544827,financeadvisors.com
544830,freshjackpot579.com
544833,fullcollection.com
544861,fraueninmeinernaehe.com
544865,fujiikaze.com
544915,fondsprofessionell.at
544930,fox-ess.com
544969,fekrait.com
544978,flappybird.org
544984,fiber.net.az
544986,frontoffice.no
545025,food-keeper.ru
545044,findgrave.org
545082,finnandgray.com
545105,framacph.com
545132,fapder.com
545141,fundacionio.com
545144,fasuleducacional.edu.br
545147,festivaldenimes.com
545186,firstmpegs.com
545237,floor-x.com
545330,fujisoba.co.jp
545350,freepornride.com
545356,freelinkmarket.nl
545360,forma-odezhda.com
545412,fleetwoodmac.com
545416,freepornso.com
545422,f1-game.ru
545425,fapas.com
545434,ffmsxbz.xyz
545473,fotoinc.com
545484,fattyvideos.com
545581,fokinka32.ru
545662,fixfixfixfix.co.il
545744,freecen.org.uk
545771,fonticket.com
545790,filegridnetwork.net
545830,filmmakinesi.pw
545837,futura.net
545847,freshgamingnetwork.com
545885,firstaeternal.live
545936,flashusdtsoftware.sale
545958,fdmg.org
546047,furnituremanufacturers.net
546052,fieracosmetics.com
546053,futurefinancedutch.nl
546069,fn.pl
546076,firstheberg.com
546098,fanlow.com
546112,farmagen.com.ar
546143,fundamental-research.ru
546147,fusaki.com
546169,forumromanum.de
546184,fda.gov.mm
546256,freematurepornpics.com
546262,filkhabr.com
546276,formswim.com
546305,ff.sk
546360,falkor.com.pl
546366,fisac-cgil.it
546379,fengkuangtiyu.cn
546400,futumag.ru
546427,fabriciano.mg.gov.br
546442,fncinc.com
546511,fixauto.ru
546515,flylead9.shop
546554,freelance.sa
546581,fastpay.co.id
546587,flash.global
546602,faktisk.no
546603,firstview.us
546728,fbwz.com
546734,findabusinesspro.com
546749,fidsafe.com
546763,freshsparkbuzz.nl
546768,farsfun.com
546797,freesexchaty.ru
546849,feedroom.com
546872,facebo.com
546880,foxracing.fr
546882,finatavola.com
546930,foxford.pro
546961,fu95.com
546969,firenote.io
546972,f7.de
546973,flauntcases.com
546987,faceshapedetector.ai
547003,funkeymedia.nl
547080,fm-technology.it
547083,forsltd.ru
547085,fundacjaavalon.pl
547099,frontpages.com
547104,flirc.tv
547196,fieldofschemes.com
547222,flywheeldigital.com
547234,forum.pt
547243,fannect.jp
547327,fleeteurope.com
547419,forumkolejowe.pl
547433,fastloto.com
547438,favorflav.com
547475,fullstep.net
547503,flexxmemory.co.uk
547515,feedvoxel.co.uk
547520,flightq.app
547598,fastlookup.net
547615,ferryto.net
547624,fressnapf.ch
547639,fp-files.com
547683,figure.nz
547699,fiber10telecom.com.br
547715,findbiometrics.com
547742,flsheriffs.org
547746,ferrovieappulolucane.it
547751,fnafgame.io
547783,freshbettingplatform.com
547787,fortifikationsverket.se
547800,flirtendenachbarn.com
547806,flossbachvonstorch.de
547872,freyrsolutions.com
547878,festivalscienza.it
547890,ffzy-play7.com
547922,futurense.com
547986,fame.so
548015,filmkio.run
548024,fc-tsarskoeselo.com
548051,ferreronet.com
548060,focuspds.net
548061,funnyzauber.monster
548085,funnyvideoonline.com
548094,furbero.com
548124,formsworkflow.com
548139,feastdesignco.com
548158,faitsdivers.org
548162,fagersta-posten.se
548169,fazwaz.my
548190,fenlin.ru
548193,ferramaq.pt
548199,fortunegalaxy.io
548225,falp.org
548268,freenames.ru
548280,fundacioncanal.com
548285,feestwinkel-oisterwijk.nl
548292,fae.mil.ec
548304,fullvideosporn.com
548310,freezenova.com
548423,fortune-thor.org
548426,fractalems.site
548439,franceplus.fr
548444,fietsknooppunt.be
548456,freshcentralworld.nl
548468,frankfinn.com
548473,fgcc.co.kr
548490,faceinhole.com
548504,fitoterapia.net
548556,farktor.com
548569,foamwall.pl
548587,finanzrechner.at
548604,f-service.su
548617,fieradellacasa.eu
548677,fsfla.org
548688,fastcap.com
548733,fierashop.ru
548738,funftball.com
548777,facedigger.com
548781,freshpokergroup.com
548782,fldev.ru
548869,fasthostinginuk.com
548901,fansfc.com
548930,fvcomponentes.com
548935,floridainvestment.cz
548950,fonctionpublique-chequesvacances.fr
549021,free-psd-templates.com
549032,freegaypornphotos.com
549141,fantinovels.com
549166,furryfederation.com
549182,freshslotspoint.com
549194,freeporn-dirty.com
549209,fudiautoparts.com
549226,fidelityifs.com
549299,fn123.cc
549306,fyxporn.co
549326,flextg.com
549380,fortheloveofcooking.net
549406,fermilon.ru
549427,fotopaises.com
549441,fluxcuetoday.co.uk
549446,f47ac10b.com
549481,flustar.com
549518,fintech.tv
549530,fresharenacentral.com
549538,forprint.com
549551,fuas.cl
549604,fruitfulenglish.com
549625,formzone.co.uk
549642,fluentco.com
549672,fairwaystyles.com
549690,fubacoins.com
549691,freecancellations.com
549762,farmaciamassafiscaglia.it
549767,ferner-alsdorf.de
549772,freespinsgratis.com
549806,funecobikes.com
549815,fujiyoshida.net
549839,fundacaolasalle.org.br
549844,filmovitex.net
549847,fastwheelaccessories.com
549877,firexdiamond.com
549890,findostavka.ru
549913,findgirl.org
549943,flextel.net
549944,faunaexotica.net
549969,femexfut.org.mx
549990,fh-muenchen.de
550003,friendsreunited.co.uk
550008,flydron.com.ua
550067,fitune.io
550094,ffck.org
550098,fazatrip.com
550119,fisketegn.dk
550172,flower-mir.ru
550178,freshrecords.net
550192,foursight.com
550196,frisbii.com
550211,fadaatmedia.com
550213,futuregamingbase.com
550222,findby.co.kr
550266,forumton.org
550283,fastgem.net
550295,flooyd.link
550347,filathlos.gr
550365,futcoin.net
550502,folkekirken.dk
550579,fukushima-repair.com
550606,football-lab.jp
550661,fama.gov.my
550672,freechess.org
550708,fohcigars.com
550730,filmscanner.info
550745,futureofflight.com
550751,futurebettingexpress.com
550766,frhc.group
550800,freshblackjackmarket.com
550812,fjyytape.com
550816,fjordabladet.no
550819,flashosting.cl
550837,fountainavenuekitchen.com
550840,freshspinstation.com
550850,facephi.pro
550879,freshpoker444.com
550886,fair.bi
550925,flug.de
550927,facilzap.app.br
550936,fc-server.com
550945,fruitsad.pl
550948,firewall.cx
551009,fliesen-alfers.de
551010,feinmechanik-zimmermann.de
551030,fnoor.com
551082,fearsteve.com
551095,frc.ch
551124,freshamateursex.com
551127,feen.pl
551141,ferry.co.jp
551157,freeontour.com
551203,forus.co.jp
551235,findasaving.com
551254,ferrocom-sitwell.at
551269,forbes.com.ec
551284,fishingstatus.com
551289,foxspizza.com
551294,fortedibard.it
551306,forzatempi.it
551312,focus-position.com
551354,fetishsex-mode.com
551357,funtuning.de
551642,fontfree.me
551645,footballcentral.co.nz
551648,flagfootballplaymaker.com
551657,freshpalacemarket.com
551660,finessa.co.za
551675,faxcopy.sk
551710,fr8ghtdog.com
551726,fieldpiece.com
551736,fsi.com.my
551740,feedgfm.com
551746,facilitymanagerplus.com
551812,flycma.com
551824,fluxys.com
551920,fossetcon.org
551954,fieldterrace.com
551956,fit4me.io
551981,fundesign.nl
552081,freshlypostmedia.nl
552095,faaltarin.com
552117,fidelis.dog
552121,fremontbank.com
552128,filmdb.it
552136,freshpreserving.com
552152,fulltrannytube.com
552165,fashionunited.fr
552185,french-companies.com
552191,funvapi.com.br
552197,friluftsland.dk
552228,freemeteo.pl
552259,floridakidcare.org
552289,freshvault.co.uk
552290,fuckinganimaltube.top
552293,fdn.org
552416,famille-kazokusou.com
552467,freecinema.gr
552476,frenchartcollection.com
552546,fairvisionsmart.nl
552565,fundacionmutua.es
552572,forhelpyou.com
552581,falconshop.co.kr
552598,fieldzone.co.uk
552614,fantasmacriptacovo.it
552643,ft211.com
552656,ferplast.co.uk
552733,forexinstruments.com
552735,farmhouseinns.co.uk
552776,f128jp8991.info
552784,findonlinecontacts.com
552786,france-volontaires.org
552803,fcs-group.com
552825,fitinsref.de
552857,feelyou.eu
552865,freshmomentumnow.id
552913,flagstandardnow.co.uk
552935,foodservis.ru
552949,fishinfrenzyslotmachine.uk
552953,fragrancecdn2.site
552961,fgosvo.ru
552966,flormar.com.tr
552971,fgvjr.com
552974,freese.com
552990,fallingstar.com
553018,finanza.com
553088,futureslotpoint.com
553151,frozentux.net
553174,freeforms.com
553193,forum-msk.org
553202,finetrack.com
553235,f7k5d5e.com
553244,fat-crucians.space
553294,fitface.xyz
553295,fernandochagasimoveis.com.br
553297,forgetnet.xyz
553306,fontsaddict.com
553318,fccland.ru
553322,facebook-list.com
553338,franciaturismo.net
553363,foodbuy.com
553367,fairfieldsuntimes.com
553454,fractalart.gr
553483,freemedia.at
553492,freeapiservices.com
553509,fukunet.or.jp
553537,familienet.nl
553550,familysecuritymatters.org
553554,fly88t.vip
553594,flashbid.io
553621,filev.io
553642,favelin.com
553682,ftpco2.com
553684,fishnet.co.kr
553725,fc-sheriff.com
553763,fapcam.tv
553768,fatbuddhaglass.com
553770,fujioh.com
553793,fajnyogrod.pl
553794,farm-equipment.com
553819,freizeitpark-welt.de
553834,futuregamblestudio.com
553864,franklinresources.com
553871,feeney.ru
553880,frankrijk.nl
553899,fikasoaps.com
553914,formhealth.io
553918,fishmax.cz
553928,flamevisuals.co.uk
553979,fotoarena.com.br
553990,frangipani.org
554055,funduszeunijne.gov.pl
554072,fcp.online
554113,factelier.com
554117,frive.co.uk
554129,fishinfrenzy-freegame.uk
554141,feb-server-d.site
554169,fundacionsantafedebogota.com
554219,freightera.com
554220,foxnebraska.com
554230,foodji.io
554237,fgtv.com
554313,fabcafe.com
554346,foodretail.ru
554363,fastcom.co.nz
554372,flowtraders.com
554379,flowte.me
554385,frauenoutfits.de
554416,flickstats.com
554463,fm-haxball.co.uk
554516,fersay.com
554523,fairfaxwater.org
554553,francis-press.com
554560,forwardprint.com.ua
554582,fish-club.net
554600,focusdns.net
554613,frenchly.us
554621,freenovel100.com
554683,factorsmile.ru
554763,fitnesspark.es
554829,florence-hotels-it.com
554869,frvape.com
554905,fakenderim.click
554915,formalsphere.com
554930,foothillsanimalshelter.org
554958,floatme.io
554980,forum-macchine.it
554989,filastrocche.it
555008,felgeo.pl
555019,fleetmaintenance.com
555026,firenzemadeintuscany.com
555031,freizeit.ch
555036,focusstand.co.uk
555066,forexrobotron.info
555115,febs.org
555130,feno.co
555168,flirtsmitnachbarn.com
555202,freetp.ru
555275,freenet.tv
555310,famplan.org.hk
555341,feminis.ro
555355,fuuffy.com
555383,fonegadgets.co.uk
555391,freecommunityelite.nl
555417,foundrylighting.com
555480,fcmaniashop.com.br
555481,ferpam.com.br
555529,farmasoler.com
555530,fenoxapp.com.br
555531,fluxtoon.com
555622,facil24h.com.br
555623,fanf1.com.br
555624,fashionmusthaves.nl
555625,fit1.gr
555626,fitteez.com
555627,flysms.net
555628,foccolojas.com.br
555629,francesnews.com.br
555630,freeportstore.com
555770,fletcher.build
555787,ffins.kz
555799,fkteplice.cz
555802,fibranetbr.com.br
555805,fun.co.uk
555807,feargreedmeter.com
555809,face.lv
555823,formulabotanica.com
555873,frugalmomeh.com
555909,funeranor.com
555935,futureazure.shop
555973,fsharpforfunandprofit.com
555984,findacrew.com
556025,fotoarreda.com
556052,fanboycollectibles.com
556104,flawlessbymelissafox.com
556135,feelestate.com
556136,finderqc.com
556196,finks.com
556197,fheb-7.cn
556213,fastmm.win
556267,fitactive.it
556317,fueltoday.co.uk
556326,franchisehelp.com
556372,frdmint.link
556386,futbolparatodos.com.ar
556433,farmgamesfree.com
556458,filemarket.com.tr
556503,flymphforum.com
556506,fasthubtrade.com
556521,freetheslaves.net
556571,financiarul.ro
556623,fitham.cz
556676,free-stl.ru
556706,fcpp.org
556759,freemantechnical.com
556767,fbnbankgambia.com
556771,freshpalacecentral.com
556826,fotky.com.ua
556875,fanbaseweekly.com
556907,flounder.online
556926,fex.to
556937,flysoar.ai
556954,flavourofindia.de
556978,fvwm.org
557026,fedex.com.cn
557065,funbridge.net
557069,fetishplanet.org
557085,fatafeat.com
557126,furrion.com
557158,fukui-sakai.lg.jp
557164,foroshoshan.com
557195,flyflogames.com
557251,freelancewebhosting.services
557261,fb2-epub.com
557330,funweek.it
557350,forcesdz.com
557365,fieldsofremembrance.org.nz
557395,ferroconcepts.com
557444,flonase.com
557470,flex.amazon
557564,fordcredit.com
557610,freepressunlimited.org
557642,fssteel.ru
557671,falklands.gov.fk
557793,fgh2eef9aii.com
557808,flutteruki.com
557840,fitzdares.com
557843,fontenovalivros.com.br
557869,fanmuebles.com
557921,facerapp.com
557961,freerider.gr
557979,fboxtv.stream
558001,fxsignup.com
558027,fuelprices.gr
558029,flexitunnel.co.nz
558052,f9eutu23.com
558087,fleximize.com
558091,fremdgehen.com
558098,freshlymoviepro.nl
558100,flado.ru
558104,fepp.org.ec
558126,facebool.com
558131,flagshipcinemas.com
558140,financeseva.com
558168,fanstories.com
558226,freeautoline.nl
558243,france-victimes.fr
558264,farmcollector.com
558268,folkwear.com
558271,fleetship.com
558275,frontzone.co.uk
558278,fangstar.com
558297,filewire.co.uk
558309,fastcheck.cl
558340,frgroup.kz
558348,firstcomdemo.com
558465,filmhub.com
558479,flyeralarm.digital
558498,fhrtl.cn
558512,frankysweb.de
558522,faces.com
558571,fifatms.com
558616,fanat.az
558642,fulminevuoto.it
558667,freeapkbaixar.com
558684,fahad-alharbi.com
558732,firewaterdamagedfw.com
558741,fishin-frenzy-online.co.uk
558762,formationroyal.fr
558768,fixtureend.com
558772,forumporn.org
558775,fibretel.network
558776,fitundgesund.at
558824,fit.nl
558873,fmrco.com
558903,flxbm.cn
558906,financialpost.co.kr
558941,fortuneidn.com
558975,fineisp.net
558996,fsfund.com
559051,fuseproject.com
559069,fivepathways.com
559096,fujikawaguchiko.lg.jp
559149,floor24.de
559152,fraxscan.com
559162,fancycrave.com
559166,faithinnature.co.uk
559184,featuresun.com
559195,franklinthree.com
559237,fbo-europe.de
559263,fanabc.com
559337,fonariki.com.ua
559338,footlocker.co.il
559339,foxtrot.io
559340,frey-united.com
559341,futgy.com
559436,fansale.ch
559451,futurewagerbase.com
559455,fncent.com
559469,freesafeporn.com
559483,fstorm.eu
559508,fiskars-discount.com.ua
559538,familypharmacy.gr
559554,fabfours.com
559581,febaoxs.com
559602,fiditalia.it
559663,fluxtv.cc
559741,foodsafety.com.au
559793,fridaynightfunkin.net
559838,freestompboxes.org
559846,freewheelingfrance.com
559857,freizeitpark-plohn.de
559912,flyone.info
559915,fritz-events.nl
559919,fastparts1.de
559938,fondoemprender.com
559947,fishinfrenzyslotreview.uk
559989,forumsib.ru
560055,floryfashion.com
560084,frontline.in
560098,fr-paris.fr
560108,fireblade-forum.de
560109,fox112.de
560111,forumromanum.org
560141,frederica.com
560263,fixpart.fi
560282,frisianflag.com
560341,flowmapp.com
560345,fluxserver.com.br
560357,firefighterclosecalls.com
560364,futuresmag.com
560378,fc1adult.com
560379,fg66app8.com
560385,freesgamev.com
560386,freebuff.com
560387,francomanca.co.uk
560390,fyaril.com
560410,freefaces.gallery
560473,forchildren.com
560492,flashpackerco.com
560665,florprohibida.com
560715,feetpedia.com
560818,forwardmovement.org
560819,fenixtecstore.com
560832,franchiseportal.de
560862,families.com
560901,falconday.ru
560924,fishonmc.net
560928,famousgrail.com
560935,fantaisiesecret.fr
560950,findcloudhost.com
560992,faphog.com
561014,freechipswsop.com
561057,fairmeeting.net
561079,foodmeanderings.com
561126,facebbook.com
561128,femede.es
561190,freepornpics.net
561232,flunch-traiteur.fr
561242,fehr-badshop.ch
561252,fotodevakman.nl
561328,freshlystudioutrecht.nl
561331,famenest.com
561335,floot.app
561367,feilongwang.net
561390,farmacista33.it
561407,fabbricafuturo.it
561414,fujicura.com
561453,fk-olimp.ru
561495,futureblackjackplus.com
561552,fhdw.de
561568,fixtureedge.com
561583,futuribles.com
561601,fivesenseseducation.com.au
561614,focusgoal.info
561615,faria.co
561616,franciscopartners.com
561621,fonefunserver.com
561649,furuno.co.jp
561661,fbcdns.net
561670,funside.it
561676,festivalporn.net
561767,fivestarpornsites.com
561789,federazioneautori.com
561825,fanytel.com
561827,fluxedge.us
561841,fraudjs.io
561862,fondidigaranzia.it
561866,firstcuriosity.com
561893,fix-msi.ru
561913,fizimed.com
561917,fontbureau.com
561924,fhnet.net.br
561937,fischerharfen.de
561995,freshpokerhouse.com
562028,fenzin.org
562045,final-web.com
562120,frogseducation.com
562123,folkclothing.com
562147,febelfin.be
562148,findlaytoyota.com
562160,frankmeat.ru
562175,funrecords.de
562190,friz.ch
562227,fedwebplatform.org
562291,fanaposten.no
562302,firesecurityproducts.com
562325,freepbr.com
562461,ftppianoforti.com
562520,fachinformatiker.de
562525,fh-brandenburg.de
562542,fotrnatripu.tv
562559,futurecardsgroup.com
562578,forum-motion.com
562595,fedidb.com
562609,fmc.hu
562649,flashpoint-intel.com
562668,findmylostphone.com
562689,frutafeia.pt
562733,fukutetsu.jp
562762,free-fonts.com
562783,french-retailers.com
562823,fujimimokei.com
562880,firsttee.org
562886,franco-blitz.net
562965,fmfw.io
562977,fortraders.org
562978,freshroulettemarket.com
563004,fishinfrenzy-demo-slot.co.uk
563045,frodida.org
563059,firstnettelecom.com.br
563090,fonttr.com
563091,freeditorial.com
563093,feelingtouch.com
563098,firearmsdirectclub.com
563113,fiammacaoszona.it
563137,farmpartsstore.com
563138,fastwaycustomer.com
563139,fastzap.chat
563140,finmercado.mx
563141,fisioterapiasoft.com.br
563142,fredbeans.com
563246,flvw.de
563290,flyinglocksmiths.com
563303,fd175.com
563318,foodspring.co.kr
563333,futurezenlife.id
563352,favicon.co.il
563370,ff-eisenberg.de
563449,friendsandpartners.it
563486,forumpiscine.com
563535,findneighboursonline.com
563549,formzu.com
563586,fordaleo.com
563597,fritzzalisz.de
563601,forgezone.nl
563602,futureslotdaily.com
563615,fpcusa.com
563656,freshslotplatform.com
563677,flashecu.com
563698,falconstreams.net
563784,fpp.pt
563807,fromerdigitalmedia.com
563832,fastdatahubworld.nl
563850,futuregardentalk.nl
563857,fullmeasure.news
563862,foppapedretti.it
563940,f5tube.com
563952,fictionary-world.de
563968,fotonasovetskoy.ru
563977,flamingotv.net
564010,flexihosting.sk
564040,funnelboostmedia.net
564050,fnovi.it
564068,freshslotgroup.com
564081,fluide.net
564111,flymod.net
564117,freepornox.com
564129,fm6education.ma
564166,fgulen.com
564218,freshblackjackbase.com
564224,frenchdistrict.com
564248,flyfisherman.com
564288,futurepokergroup.com
564302,freechatup2.com
564312,festival-transfo.fr
564332,findyourjobnow.com
564336,fujikurashaft.jp
564389,fcasd.edu
564409,fragrancesline.com
564443,faspay.co.id
564488,fsdynamics-services.com
564610,frhuw6.cn
564639,filegridnetwork.com
564651,foreclosure-support.com
564686,fieldstonsoftware.com
564698,fcitx-im.org
564738,feiyu-tech.com
564740,fairwarning.org
564798,freopp.org
564799,filmpreservation.org
564840,freshroyal925.com
564913,fort-russ.com
564920,flourish-user-preview.com
564922,forusa.org
565025,fabrika-stil.ru
565032,fengshows.com
565068,furbase.de
565119,foreignpolicyi.org
565137,fotistikosmos.gr
565161,fittcom.de
565198,fidalservizi.it
565208,fia.cl
565234,first-school.ws
565245,freshreelspro.com
565270,firstfirehost.com
565286,futario.com
565289,forumbudowlane.pl
565294,fullypromoteddavie.com
565300,fsrlnkj.cn
565303,forzaplasmazona.it
565313,futbuteo.com
565351,fluxdigital.us
565382,formalbrief.com
565390,formweekly.co.uk
565403,fob580.com
565410,flameflower.ru
565411,fetvameclisi.com
565467,fetichesuances.com
565488,futurepokerstudio.com
565489,forexmart.com
565505,foresttipseuropa.nl
565506,fadedtasja.cyou
565529,foto-gregor.de
565546,fusesign.com
565583,fotokerschi.at
565638,fux.casino
565642,flukeproxy.com
565652,fu8k.com
565655,fdnycloud.org
565672,fhyx.com
565683,filmix.cloud
565716,freepornhot.com
565717,fixpart.at
565721,feiradolivrodelisboa.pt
565736,frontlinegames.net
565745,fbos.com
565756,franceserv.fr
565769,ferrotramviaria.it
565803,foodandnutritionjournal.org
565831,fuelcontrol.com.co
565854,filmpalast.sx
565873,film4productions.com
565905,fyacc.com
565919,fuckfinder.com
565931,fluig.io
565956,fireboard.io
565969,flowers4holland.com
566020,freshhub.us
566037,fishin-frenzy-free-play.co.uk
566069,freevirtchat.ru
566071,fly88q.ren
566082,forestbytesliving.nl
566084,fetchcourses.ie
566112,fabercastell.com
566117,fiso.it
566142,freshbros.com
566200,fsw.at
566204,furfurfur.jp
566220,filmicpro.com
566253,filipinouk.co.uk
566265,floyen.no
566281,frachtwerk.de
566299,forumup.org
566320,ftshp.xyz
566334,fightinggobbler.com
566344,fastighetsbyran.se
566366,fitet.org
566367,facnett.net.br
566382,flintts.com
566395,ft-fest.su
566406,fablab-burgdorf.ch
566413,festivalultime.fr
566451,fietstas.com
566478,faillevif.fr
566487,fonteyazilim.com
566537,fruktistarogokrima.ru
566559,firma.at
566561,fdli.org
566566,flowers4valencia.com
566575,fluttergroup.com
566602,futur.eco
566648,familytoday.com
566673,fileoasis.com
566674,fetzer.org
566749,fsrlpks.cn
566750,forbesglobalproperties.com
566777,firefliesandmudpies.com
566796,freshluckyhouse.com
566805,fahrenheit-212.com
566812,fullblog.com.ar
566817,friv.cm
566828,framedcooks.com
566850,fulllab.com.br
566862,futurejackpotspace.com
566923,foliofabrics.com
566938,flatbooster.com
566945,fourhourseo.com
566948,faulknersubaruharrisburg.com
566969,fishermans-partner.shop
567002,forgefurieux.fr
567006,fagron.com
567027,freegayporn.pics
567039,fuku-info.com
567127,ferramentaspro.pt
567128,ferroboutique.pl
567129,firmoo.es
567130,fishdeal.ie
567131,flauraud.fr
567132,fpmarketsinternational.com
567133,fromcocoro.com
567134,ftd.travel
567135,fukuoka-leapup.jp
567136,fushutxt.cc
567236,fakazamusic.co
567237,fardadgroup.com
567238,farmaciaeuropea.it
567239,fineres.com
567240,fiscaliaedomex.gob.mx
567241,fishingtackleandbait.co.uk
567242,funcorp.in
567373,ferrepat.com
567374,fitpoint.ee
567375,fontanalaboratorioclinico.com.br
567499,freyaskye.com
567506,firsteagle.com
567554,flixbus.se
567579,frankfurter-baeder.de
567586,florida.com
567596,futurearenacentral.com
567625,fleischhauer.com
567648,fashionroom.gr
567693,follettdiscover.com
567740,flowersforbarcelona.com
567758,flagsimporter.com
567797,finegael.ie
567827,fixautosmart.com
567940,freelance-hub.jp
567956,freewebtools.com
567997,f8tqz4rs.com
568066,furnster.de
568069,foodsafetymagazine.com
568089,furlscrochet.com
568139,fuoverflow.com
568162,finaste.nl
568170,flinthosts.co.uk
568173,feisxs.com
568232,freepornee.com
568261,feelinsonice.com
568273,flux-sync.info
568315,flirtenebenan.com
568319,friarspride.com
568339,fr33webhosting.com
568342,factandfictionbooks.com
568392,frankreport.com
568455,finanswatch.dk
568469,flashkhor.com
568497,fnetpe.com.br
568503,fasturbannodespace.nl
568516,framing.run
568525,fh-pforzheim.de
568541,facturcompany.com
568606,fullnet.pl
568622,fukudaya.net
568634,fbu.org.uk
568635,fpak.pt
568654,free-barcode-generator.net
568669,fontawesome-aws.net
568673,formulaction.com
568690,forestinkclothing.com
568692,freshedge.us
568712,flamieroolakan.cfd
568716,farmtown.online
568723,flashscorethai.com
568725,foxcraft.net
568734,famimov.cc
568768,fatihaltayli.com.tr
568788,freshmarketer.com.au
568801,fraispertuis-city.fr
568807,freshwagernetwork.com
568876,facescanada.com
568882,fishroad-machineasous.fr
568888,foudeconcours.com
568920,flexmetal.net
568940,formulaspin.com
569000,fcdn.info
569006,flitebrief.aero
569079,fyft.cz
569084,florissantmo.com
569087,fast-gold13.online
569106,freemidi.org
569205,for91days.com
569274,forest-sib.ru
569278,fantasyclub.ru
569308,findsemusa.com
569345,familycookbookproject.com
569376,fusesport.com
569384,findroomie.dk
569395,fromtherumbleseat.com
569414,familiaonline.es
569442,fuku-iro.jp
569534,futurejackpothub.com
569538,familiejournal.dk
569602,first-bank.co.jp
569645,fensa.org.uk
569648,flickrembed.com
569674,fond-kino.ru
569683,fc2id.com
569699,freshventures.us
569716,fupre.edu.ng
569727,formflix.com
569775,fraenkelgallery.com
569873,fwdlife.co.jp
569883,fandomlab.com
569900,freenationholland.nl
569909,fluxfield.nl
569946,freshslotsdaily.com
569959,featurescreen.com
569983,fnafgamefree.com
570064,favaloro.edu.ar
570097,flareon.click
570110,fragolabrand.com
570138,fc-suedtirol.com
570145,fairiesbranch.com
570153,fennacoupling.com
570154,fairadalet.top
570194,framer.link
570228,factflash.co.uk
570235,firmenauto.de
570264,fenixmarineservices.com
570303,forhorny.com
570317,frankwalder.com
570336,fussfreeflavours.com
570351,furansujapon.com
570414,freshjackpothub.com
570415,freshii.com
570428,freshslotspro.com
570431,foodswinesfromspain.com
570448,ffetish.photos
570455,funmaticapi.com
570477,fabet.zip
570484,flags.net
570507,fookes.com
570514,fetedelamusique.de
570530,farm.or.jp
570556,freshpokerbase.com
570578,fipoyka.ru
570621,frs-elbfaehre.de
570622,finec-audit.ru
570628,friendshipcircle.org
570645,flexridge.us
570688,fairforyou.co.uk
570710,foodstuffs.co.nz
570736,folha1.com.br
570774,fishfriender.com
570807,freesneak.it
570838,fiyo.it
570928,fjm44.com
570965,fynk.com
570972,futuredealsvision.nl
571003,filltech.net.id
571037,featurepoints.com
571101,findbuytool.com
571122,fieldcompany.com
571160,flo.io
571221,flash---art.com
571239,freedomtomarry.org
571255,fera24.lv
571282,free.hr
571368,ferreteriacalzada.mx
571369,fidea.mx
571370,filmzi.com
571371,fixpart.cz
571372,footdistrict.pt
571373,fratellipetridi.com
571374,freemeteo.com.uy
571375,fundsexplorer.com.br
571376,fwd.com.my
571571,focusv.com
571613,fishki.pl
571651,federdanza.it
571653,freestore.info
571657,france-piece-auto.com
571669,femaddi.org
571714,fullswinggolf.com
571722,ftsg.com
571737,fitz.hk
571752,ftpbx.net
571755,festivalpress.co.uk
571783,fortunearenagames.nl
571842,fxclearing.com
571855,fluz.app
571856,formandcolors.com
571898,freefinanceutrecht.nl
571905,fireisi.com
571956,fronterad.com
571968,flatstats.co.uk
571978,fondation-maeght.com
571980,fenlandcitizen.co.uk
572036,fdtnbv.com
572037,fenno.ai
572038,fluentcargo.com
572039,freezen.shop
572144,ferafox.com.br
572157,fullertonobserver.com
572186,framery.com
572194,frbb.net
572217,farmalink.com.ar
572222,forex.pk
572238,fantasyresort.jp
572274,fnarena.com
572316,fpaworkshop.com
572359,f5e8337p.com
572424,franceandson.com
572439,famagusta.news
572455,fantaisiemerveilleux.fr
572483,falseeyelashes.co.uk
572497,fallingfruit.org
572505,fabrc.cloud
572506,furniture-work.co.uk
572511,fdparts.ru
572550,festivalbase.co.uk
572580,fulgentgenetics.com
572631,fengtupic.com
572644,film-news.co.uk
572694,farrukhcarmelo.space
572704,fulfill.com
572733,fidelitypassport.com
572737,firstline.org
572742,figma-gov.com
572762,fussball-ergebnis.de
572767,freshmatrix.us
572795,fx.land
572804,fizzymag.com
572856,feministe.us
572885,factripple.com
572891,firstmark.com
572897,freedom.gov
572898,failbettergames.com
572901,flixnseries.com
572915,fce-foresight.jp
572919,fm3x.cn
572992,fairtrendhouse.nl
572998,fliesenrabatte.de
573023,fidelizarte.pt
573044,forgesignal.nl
573045,fdcorp.com
573059,freeplane.org
573086,faclair.com
573091,fbyla1.com
573132,fsc.net
573134,flameworld.co.uk
573140,funyo.tv
573177,fnz.zone
573209,firstacceptance.com
573229,formatika.de
573236,fridakahlo.org
573238,flipdish.co
573275,fstech.co.uk
573309,friendsoftheearth.eu
573320,febrayer.com
573326,fair-news.de
573359,freyerleben.de
573392,fr-aktuell.de
573477,foodwatch.de
573487,fishbase.tw
573500,fvagc.org
573513,firstaml.com
573536,fudou-san.com
573538,fotoagent.dk
573544,freshforex.com
573574,fergusonplarre.com.au
573585,farmavenida.com
573600,flysas.app
573603,freshpokerlounge.com
573604,free.re
573690,fashioncooking.fr
573694,francosmontreal.com
573731,formget.com
573761,fcmbonline.com
573789,flxvid.me
573836,forevergaming.co.uk
573844,finanzrechner.org
573949,forimmediaterelease.biz
574054,forotdtprofesional.com
574135,flammemaudit.fr
574152,fixit.com.bd
574207,festivalsvilupposostenibile.it
574209,fajalobi.nl
574227,flybuys-aws.cloud
574261,friporno.com
574267,fujipress.jp
574286,freshpaint.io
574289,fantasylol.com
574326,fredericksd.com
574377,fs22mods.com
574401,fintara.org
574418,freepornhunt.com
574442,fakera.com
574452,f71.com
574471,feynburg-uhren.de
574573,fiveoclock.eu
574574,future.com.kw
574589,faeton37.ru
574707,fat-cat.app
574708,festivalenchanteur.fr
574746,fastsecurityup.com
574818,findallwords.com
574820,firegiant.com
574837,fsybs.com
574844,forecast.co.uk
574871,fuelphp.com
574911,fatmap.com
574939,fiaformula3.com
574990,fnaffree.io
575011,filefastclean.com
575017,fabucar-shop.de
575026,fallas.com
575038,forinsurer.com
575049,fatfuckmov.com
575060,fokkio.com
575120,fjrclh.com
575131,fayn.com
575135,freeway-insurance.com
575180,fontlot.com
575215,freesexmovies.rodeo
575224,ffnw.de
575300,fonts.ninja
575340,fellowfavorite.club
575341,finobzor.ru
575381,freesrv.org
575399,festaria.jp
575434,fcworkgroup.net
575461,faststonesoft.net
575491,facebook.ca
575504,forum-kulturystyka.pl
575511,finto.ir
575524,filminvazio.cc
575583,fz-precision.com
575592,funp.com
575598,fashiolista.com
575599,freshslotstation.com
575642,firelight.ru
575646,familynews2.com
575660,filoxeno.com
575662,free-movie.app
575681,faster.net.br
575753,firenzecard.it
575770,fidankitap.com
575784,freeground.co.uk
575790,farmher.com
575811,finnciti.com
575813,finolex.com
575830,fae-group.com
575841,fluxsignal.nl
575844,fingerprintforsuccess.com
575891,fix-web.ru
575921,fupo.jp
575922,formation-animation.com
575954,floatmagazin.de
575990,fluxcore.nl
575991,flcjn.net
576020,filecroco.com
576040,fixtrading.org
576068,filmxmovie.com
576072,freelist.gr
576092,fureai-g.or.jp
576107,frenzycap.com
576115,frogcoffee.de
576121,fastoper.com
576148,foucault.info
576149,ftmsinc.com
576155,fotographix.com
576168,fukusaya.co.jp
576209,folly-farm.co.uk
576223,for-ua.info
576310,fluxbox.org
576333,fort-1apex.com
576334,footybitez.is
576343,fapello.beauty
576345,friends-casino244.com
576355,fujinomiya.biz
576360,funday.asia
576413,financeify.co
576424,foto24.com
576456,freepornzoo.com
576492,family-sex.me
576514,fambet.fi
576527,ft-soft.ru
576557,finelineglobal.com
576578,familyhousing.co.ke
576580,fliesenexpert24.nl
576597,faq.de
576601,fmcgastro.org
576621,focusonbusiness.eu
576629,fscg.me
576632,ff.net.nz
576640,friendlysrestaurants.com
576733,flu.cc
576764,fmh.com
576768,fromeyes.cn
576781,filmsound.org
576846,forumegypt.net
576850,framinghamma.gov
576856,f1vilag.hu
576862,fujossy.jp
576867,fedretail.ru
576995,flirto.com
577010,fashionbystrand.com
577039,five9university.com
577092,flashscoreimages.com
577109,freshpalacepro.com
577188,foodundco.de
577225,fintel.com.tw
577245,foundsound.com.au
577279,fakeshop.at
577283,forusdev.ru
577284,freshlucky609.com
577288,forumdefesa.com
577309,fleurylesaubrais.fr
577311,fortuneslotszone.nl
577335,foodincanada.com
577371,fortuna99.ru
577380,fortune-charm.com
577395,fit-for-travel.de
577396,fishmax.sk
577407,fidessa.com
577465,fenefx.com
577466,folhadoleste.com.br
577479,freshsolutions.us
577482,floraweb.de
577492,ferintech.com
577504,foundryco.zone
577513,freedns.ws
577523,fomei.com
577532,fribesco.co.nz
577534,formular230.ro
577535,freshtrail.ca
577537,flip-a-coin.com
577543,fifco.com
577586,fsk-ees.net
577595,flexpointway.ca
577612,fotolibre.social
577622,farmaregno.com
577685,freetipszone.nl
577708,fullspectrumpt.com
577713,fenics-net.jp
577722,farmvet.com
577724,feelpoem.com
577737,fd5dkpp9.com
577753,fenaj.org.br
577811,fnetchat.com
577853,fastcounter.de
577857,fuckattract.com
577880,fimosw.com
577895,formas.se
577908,fitedgafusion.id
577940,faacebook.com
577953,family-nudism.org
577963,freilich-magazin.com
578028,farmacialeloir.com.ar
578058,fenixsite.net
578059,fixpart.ch
578082,furper.com
578128,filldns.jp
578129,favourasianxxx.com
578130,fluxnode.us
578151,forstbw.de
578201,fslv.com
578208,fairfax.ca
578212,freie-argumente-kultur.net
578218,formulir.com
578249,faceassure.com
578275,freepornlead.com
578312,fc-anji.ru
578342,fellr.net
578442,femalefashion.it
578458,fakecrime.bio
578481,fleetctl.com
578504,focusdailynews.com
578516,focus-s.com
578517,famiflora.be
578522,foscai.com
578537,futureluckypoint.com
578542,flipup.ru
578593,facefusion.co
578635,facteurcheval.com
578647,fenetwork.com
578709,flashpark.ru
578717,freshvisionworld.nl
578776,fugazzifragrances.com
578861,fastblazingpix.com
578862,faculdadesiriolibanes.org.br
578867,frisco-project.eu
578886,freesexgame.com
578978,f12.bet
578979,fotoprizer.ru
579006,fibaholding.com.tr
579009,fungadgets.info
579010,fcf.it
579031,fasthouse.com
579032,fraedom-dr.com
579042,fitpeaknow.id
579171,fuorigiriweb.it
579191,fancy.org.uk
579230,fl56.ru
579233,futureofmankind.info
579246,fromthepavilion.org
579251,finmag.fr
579252,falcongames.com
579286,fleurop.ch
579378,flyebl.com
579411,finebuy.co.in
579440,fairtex.com
579444,freado.com
579453,freehourboost.com
579458,ffc.com.pk
579471,freedomfurniture.co.nz
579488,farmersbar.com.my
579559,fluencyandfitness.com
579563,furrynovel.com
579571,filmix.vip
579574,federnshop.com
579618,franklyinc.com
579639,fivemerr.com
579737,fukuoka-art-museum.jp
579772,forexpulse.info
579789,fstab.sh
579795,falkopingstidning.se
579814,firenzedintorni.it
579834,fyicenter.com
579835,finkapp.cn
579877,feelyourbody.ru
579880,fromfuture.com
579978,fallfeed.com
580000,fabethnic.com
580024,frtwkbvy.com
580098,freestyle.si
580139,freeextrachips.com
580144,fve.org
580231,fitshaker.sk
580242,farsiblog.com
580286,fastproducts.org
580359,foxypool.io
580385,fickpension.com
580449,fontainesdc.com
580461,fixim.ru
580500,ffa-assurance.fr
580542,fattispazio.it
580685,findlocalpets.com
580789,findmyguitar.com
580806,freemuse.org
580821,filmeleporn.com
580908,flashy.com.co
580957,forummg.info
581017,fluxmark.de
581027,fooddrinkeurope.eu
581095,fonexiabroadband.com
581102,familiesfirst.ca
581109,fantagia.net
581138,fsbwa.com
581253,fouilhe.fr
581297,fonien.gr
581335,fungamesclub.com
581338,foxed-store.com
581354,fisioterapeutes.cat
581394,foodalert.com
581403,forex-review.net
581420,friarsonbase.com
581459,foodora.dk
581464,framework7.io
581468,fastory.io
581498,fideuramdirect.it
581499,fightfor15.org
581540,fashiola.mx
581579,foodqs.cn
581585,freshreelsbase.com
581586,flightgift.com
581595,finestellar38.live
581601,fashonation.com
581634,freshclubworld.com
581663,familinkframe.com
581682,freshspinnetwork.com
581716,fashiondream.co.in
581741,fanac.org
581776,fileflap.net
581808,fm-arena.com
581822,flooringmarket.com
581876,freshbetting968.com
581887,funadvisor.ca
581893,freewalkingtour.com
581989,fk.hk.cn
582015,futureticketing.ie
582047,frh.ro
582053,fsp-group.com
582056,footballnsw.com.au
582095,forumchaves.com.br
582147,flowers4denmark.com
582213,fights.cz
582308,fitshop.com
582333,fihtdc.com
582378,flad.com
582394,folhadolitoral.com.br
582410,filmapik.to
582487,falcopartners.com
582500,forzaitalianfootball.com
582505,findarios.com
582513,forgepath.nl
582518,fatbuddhastore.com
582537,floridafx.gov
582579,futurearenaonline.com
582582,fightfinance.com
582632,florencehazrat.com
582636,fastcloudserver.net
582692,find.gr
582719,fietsgoedkoper.nl
582753,ff3l.net
582764,fastlanecars.com
582837,formentera.es
582845,futureroyalhouse.com
582856,factorialhr.es
582887,fulhampages.co.uk
582895,fathomaway.com
582899,freespinsbonus.ru
582920,fressions-teasktop.com
582977,frappefurieux.fr
582987,fixturestand.com
583059,frddh.org.ht
583086,fenesta.com
583105,frama.link
583166,furniturelandohio.com
583202,finmarkets.cl
583215,fadfadah.net
583227,fruit-emu.com
583228,fy269.cn
583229,farmaciavieitez.com
583254,forestandbird.org.nz
583275,fitplace.jp
583329,filmwise.com
583336,fnsyrus.com
583395,fabfoodcart.com
583429,forum-saint-etienne.com
583510,freebeto.com
583535,feditown.com
583540,fun88.biz
583564,fapjunk.com
583584,franshiza.ru
583606,fmchecker.com
583634,frandsenbank.com
583645,fortuna33.me
583651,forestrydistributing.com
583696,foodle.pro
583847,f88.co
583848,fableroom.com
583849,faheemapp.com
583850,fantastico.bg
583851,farmakeio101.gr
583852,farmalife.com.ar
583853,farmaprom.pl
583854,fast2sms.com
583855,financeonline.co.uk
583856,findapart.ie
583857,firstranker.com
583858,flash-cards.be
583859,floridacentralcu.com
583860,foodmandu.com
583861,footlocker.my
583862,formation-tcfcanada.com
583863,free-telecharger.cam
583864,ft5656.com
583865,fullgas.org
583866,fulloffice.com
583867,fullpneus.com.br
583868,funnyfuzzy.co.uk
583869,furoku.net
584243,fortune-tiger-demo-online.com
584246,freshvisionnetwork.nl
584264,freshgamingplus.com
584266,flags.com
584298,firepixel.com
584304,fantasyinfocentral.com
584316,fairgardenbuzz.nl
584335,finaldrop.co.uk
584351,fishing-island.ru
584358,freshspinexpress.com
584363,fashiondive.com
584375,flexype.in
584382,ft-static.com
584427,forgewave.co.uk
584429,fuckupnights.com
584456,fluxdesign.us
584501,futurecardshouse.com
584509,firestone.com
584576,fruk.xyz
584581,frigel.com
584624,forcedporn.tv
584644,foundbydawn.co.uk
584681,flirty-chats.org
584688,flamedrop.co.uk
584705,freshjournal.ru
584733,finibancoangola.co.ao
584741,fatvideosporn.com
584760,flyspot.com
584837,frederix-hotspot.de
584840,fullyloaded.com.au
584897,fair.work
584899,filerecoveryphotorestore.website
584920,factpatch.com
584938,ftwilliam.com
584943,followme-connect.com
584975,flowerian.com
585024,farnborough.com
585031,footprint2.co.uk
585046,frikke.ua
585111,flirt-contacts.com
585134,flipside.gr
585149,fmovies.website
585187,fmworldcup.com
585193,firstport.co.uk
585233,futurebettingpoint.com
585244,flyaero.com
585256,fertighauswelt.de
585260,fontanellabenevento.com
585323,futureroulettelounge.com
585334,figurenschnapp.de
585343,figtelecom.com.br
585376,fragrancesoftheworld.com
585382,floridapress.org
585391,futurehost.ro
585394,fahimai.com
585431,freshslot133.com
585433,firvora.com
585445,flowscape.se
585484,fiat.be
585486,farmaciaolgaasin.es
585487,fitnesstukku.fi
585499,fifteen52.com
585516,flounderserenity.com
585538,flowrite.com
585581,filmix.life
585589,feldsher.ru
585598,frenchie-owners.co.uk
585607,fnaf-2.io
585622,fael.edu.br
585648,freeonestube.com
585649,flatbook.by
585652,fastycloud.ru
585656,furywrap.co.uk
585662,firsttimeporn.website
585708,fusepump.com
585716,fugucasino3.ru
585737,falkenberg-mode.de
585755,fountaintire.com
585775,foreca.lv
585809,fundokin.co.jp
585810,fatakat-n.club
585872,fluxnetwork.us
585878,freshjackpot205.com
585884,fcvnet.net
585912,fullcloudweb.com
585951,fulfillflex.com
585993,fcpablog.com
585997,flawfinder.ai
586001,fazasporta.com
586002,fontysict.net
586080,fameonme.de
586083,fundaciotapies.org
586088,fisher.kz
586098,foudreroyal.fr
586186,futurestack.cn
586196,french-games.net
586204,fundingtraders.com
586218,fly88.tel
586222,fedmadtm.com
586394,freshpokerexpress.com
586409,felinabcn.com
586431,fscw.de
586516,freshpatents.com
586529,fjordingen.no
586639,fournituren.nl
586674,foxcreative.com.br
586690,freeonlinebooking.com
586698,ford.ro
586713,freegf.ai
586717,familytraveladvisor.net
586742,frontiergeneralhardware.net
586753,faitprofond.fr
586754,flautanativa.com
586766,flirt-hunter.de
586782,financebr.com
586797,futurepointnetwork.nl
586852,flowable.com
586872,fototime.com
586884,foodandtravel.mx
586890,fashionsquare.com
586945,freshtrail.de
586967,futurebettingcentral.com
586968,ferrara-candy.net
586980,fortune.com.tw
586988,furkvpn.com
586997,farnhamherald.com
586999,faxingguan.com
587022,flexbook.me
587058,futureofmusic.org
587060,f132.com
587100,flibusta.name
587102,freepetchipregistry.com
587132,fang63.com
587139,finalnoise.com
587172,fsmpanel.com
587212,fluxscope.nl
587316,freshgamingpro.com
587345,funkymeet.observer
587353,fastfuturespherezone.nl
587356,fundacionindex.com
587389,futurebettingstudio.com
587403,fc71.com
587405,fangchengshidianjing.com
587457,fitseveneleven.de
587465,futureslotexpress.com
587523,fit2work.com.au
587536,fastwebcounter.com
587639,formester.com
587652,for-brides.ru
587664,fitnessfirst.com.au
587672,from-ks.com
587735,fortistis.gr
587796,freesoftwarefiles.com
587821,freeyoursystem.de
587825,foxesofleicester.com
587860,florettaflowers.com
587879,forevermoto.it
587884,freesbe.com
587908,futureslotsstation.com
587961,freshpalacestation.com
587999,futurerouletteonline.com
588024,fan.es
588025,fikrimood.com
588078,furniturepalacesuperstore.com
588103,fineartmultiple.com
588112,fortuna-koeln.de
588114,fabbrx.com
588139,fresedvpn.site
588154,freshjackpotgroup.com
588205,fishinfrenzycasinoslot.co.uk
588231,fjr.casino
588280,fleurtex.ru
588308,fuzzwork.co.uk
588335,fruehehilfen.de
588425,fortvision.com
588451,fenceit.cloud
588460,freshopsites.com
588479,forced-porn.net
588490,fovissste.com.mx
588515,fantuanorder.com
588527,faireintegrations.com
588565,farmaciadeanca.es
588568,fcutrecht.net
588689,faacsimplyconnect.com
588690,fugucasino1.ru
588693,freestampcatalogue.com
588772,fundacionlito.es
588786,fallenangelsclan.com
588822,freshlycommunityliving.nl
588899,fgas.it
588915,fanartreview.com
588924,forward-store.ru
588948,forix.com
588974,foxhoundbeecompany.com
589014,fensifuwu.com
589069,forum.st
589115,fitnessfestival.co.kr
589177,fulljam.com
589215,fabricadebigote.com
589233,festiwalgdynia.pl
589303,fachlehrerseite.de
589308,flysnf.org
589314,filofiel.com
589328,farmaciagarin.com
589394,fluentify.com
589413,fineboys-online.jp
589436,fazhost.com
589442,freshmindnest.com
589471,fromhousetohome.com
589512,freshlesbiantube.com
589569,fcva.us
589582,filtorg.ru
589585,futureblackjackonline.com
589593,footyaddicts.com
589607,fmi-plovdiv.org
589628,fbb8g5nt.com
589639,freepng.fr
589656,flakkeenieuws.nl
589697,forty.co.il
589735,flintfacechildren.co.uk
589742,fatfruitcasino.no
589749,filmybro.top
589760,f5news.com.br
589785,figurine-collector.fr
589818,feinewerkzeuge.de
589819,fgarden.co.jp
589855,fbnet.it
589878,fametro.edu.br
589881,fragroom.co.uk
589883,fnanen.com
589938,free-asiansex.com
589946,fastxmp4.com
589951,filmpost.it
589963,fcsrv.net
589972,fmlogistic.fr
590021,fashion-fabric.ru
590109,fellows.gg
590120,finance1-online.de
590121,findlayohio.gov
590146,fusiontech.cn
590165,fleeq.io
590168,fords.com.ua
590217,fcdp.io
590219,fruitandfun.com
590237,fiestamk7.com
590245,freshcasino711.com
590248,freetelegram.sbs
590261,fantanggame.com
590287,falkirkfc.co.uk
590300,foxperiodical.com
590340,fairmondo.de
590430,filescrack.com
590434,flowii.com
590465,franceenvironnement.com
590489,fortunecrown.nl
590495,futuresa.net
590566,flexagency.site
590590,funeralinnovations.com
590619,fivebackgift.com
590657,freevps.edu.pl
590671,fabien.cash
590698,forum-mellstroy-gta.ru
590704,f60.casino
590744,fiyo.nl
590832,freehqporno.com
590834,flugger.se
590838,footballbet.gr
590856,ftbus.com.tw
590873,fsk-tech.ru
590949,familyshoecentre.co.za
590977,feuerwehr-sasbach.de
591028,fudder.de
591041,frankandcojewellery.com
591052,flouci.com
591095,feedmas.com
591133,fckgfpkhdvflbc.com
591163,finanzwire.com
591176,freshwagerexpress.com
591198,fontcopypaste.com
591234,france-obseques.fr
591240,finedeal.website
591247,filmekteljes.top
591265,felixmobile.com.au
591268,forlenza.art
591269,flysportsuk.com
591289,featheredfriends.com
591300,fluxlogic.nl
591368,fourcast.io
591369,fanfuns.com
591381,faridpurcity.com
591418,freedomnet.nl
591433,firestonebeer.com
591443,fit-ebike.ch
591445,fileextract.com
591458,filmyflyz.com
591520,flyandfield.com
591525,freebsdbrasil.com.br
591558,frontierspartnerships.org
591602,flockpool.com
591632,fortier-family.com
591633,flixbus.ro
591646,ford.gr
591657,freeteengayporn.com
591660,foresta.com.co
591664,fashdirect.com
591693,fftimes.com
591694,fero.com
591698,fors-online.org.uk
591787,findlocaljobnetworkandbuildcommunityconnections.com
591833,fiperformance.com
591953,fastgoreng.com
591976,frederikkewaerens.dk
591978,fevp.gob.ve
591994,freshdigital.us
592022,fastimages.org
592060,franchisedirect.co.uk
592062,fzfzjx.com
592134,fashionvpn.click
592179,fastheadlinezone.com
592189,fullview.host
592203,flacso.edu.ec
592217,fundza.mobi
592223,finelacewigs.com
592247,fresenius.ru
592312,fiaip.it
592342,freemdict.com
592402,freetotry.com
592471,footlocker.be
592478,folderfeest.nl
592501,foxname.top
592542,fomosa.co.za
592560,focusonfurniture.com.au
592562,fantasyartnudes.com
592577,fpciclismo.pt
592582,fundeavour.com
592593,fordpdl.com
592608,future-press.com
592618,food.crs
592634,firemaplegear.com
592641,fofo22.com
592667,fondoitalia.it
592701,freeteen.sex
592718,fbrqtech.com
592794,fromvineyardsdirect.com
592830,floridatheatre.com
592847,freedomtravel.se
592877,fisherautoparts.com
592887,f8beta2.me
592890,facecbook.com
592898,freeos.com
592916,fresh.co.il
592921,fxmetagold.com
592945,foundationhealth.org
592961,finboard.jp
592965,floravannederland.nl
592970,frasimania.it
593057,fixpart.se
593128,flip.com
593206,flojapon.co.jp
593221,freshblackjack77.com
593248,fossasia.org
593249,first-webway.de
593263,f1news.space
593304,floatfinancial.com
593323,forfiterexclusive.pl
593333,flexcard.cards
593348,flourish.com
593397,fly88c.vip
593400,fantasy.ai
593403,france-japon.net
593404,floralux.be
593431,filecity.co.kr
593472,fi-m247-02.com
593474,feji-kusyb.site
593498,footsmart.com
593511,fully-human.org
593513,facct.dev
593552,flytanium.com
593588,fot.hu
593656,fyl-shop.com
593764,freeboard.io
593765,footcaremd.org
593811,fpcanada.ca
593826,fonte83.com.br
593843,fjwzy.cn
593923,fast70.com
593927,forum-gta.ru
593935,fashion4you.co.kr
593945,facturador.com
593986,femina.co.il
594029,floyd.no
594033,fairy.id
594049,furnishnsave.com
594073,freshluckynetwork.com
594084,fashion123.de
594100,foapom.com
594194,filmbokepkorea.icu
594214,food-stadium.com
594233,freeporn-love.com
594263,football-gm.com
594289,freshluckystudio.com
594290,fealtyx.com
594308,frenzinoo.nl
594337,fiestadelcine.com
594340,fundacionrepsol.com
594353,frasers.group
594389,fishbox.com
594411,fareasthospitality.com
594415,foodandwineitalia.com
594416,fumida.co.id
594450,foodsided.com
594451,finconsgroup.com
594481,funstersplace.net
594496,fcstone.com
594526,fuarplus.com
594611,faribai.com
594621,formpush.co.uk
594654,flant.dev
594685,forumtransportu.pl
594699,ferromex.mx
594730,filmnavi.ru
594741,fxairguns.com
594770,frogsareamazing.shop
594814,flowengineering.com
594849,fayumi.in
594852,futurepalacehub.com
594873,fera.co.uk
594881,freshslotsspace.com
594894,fit4ref.org
594903,forum-schacharena.de
594941,faroutride.com
594964,fractureme.com
594967,flyingservers.ch
594980,foundant.com
594981,framedeliver.online
594988,fcsc.com
594991,fiat.com.mx
595060,f168okvip.net
595085,fastwinmatrixworld.nl
595107,fsonic.net
595117,faylin.ca
595122,flownbeauty.com
595126,fensigongshe.com
595135,fiftygrande.com
595190,foodbankcenc.org
595197,framesynthesis.com
595208,fsharetv.com
595230,forexcrunch.com
595232,footmate.pl
595243,fastboy.com.ec
595255,frtk.xyz
595274,funnycats.cc
595303,forumhulp.com
595323,fn.gg
595396,fromrock.shop
595427,fordservicetraining.com
595462,freshdatabse.com
595474,fast-insight.com
595528,finhabits.com
595530,favorit.com.ua
595547,friends-partners.org
595554,floridiansprotectingfreedom.com
595559,faxunil.hu
595565,fahwolsqm.com
595581,freshlucky187.com
595617,ffls.com
595619,fishingmagician.com
595634,fukuda.co.jp
595647,fanbasehub.co.uk
595672,fntax.com
595677,fastdigitalvisionbase.nl
595685,fcaemail.com
595686,fieldxlapp.com
595692,fut-electronics.com
595775,fratelli-italia.it
595842,federtennis.it
595850,fyple.co.uk
595852,famousdetails.com
595868,fena.ba
595882,fareastfilms.com
595903,foulard.store
595910,forsberg.works
595937,feey-pflanzen.de
595938,fontenotsu.com
595956,fluxspace.de
595979,fbuddy.net
596027,foudrebrave.fr
596041,freethevbucks.com
596142,freshreels273.com
596180,fhportal.live
596228,friends.in.ua
596239,fbh-berlin.de
596283,fermelafenetre.fr
596309,fontedecanais.com.br
596412,forhims.co.uk
596423,fourfats.com
596426,flywing-tech.com
596449,flirtgleich.com
596455,fimi.it
596509,fotbalpraha.cz
596522,freedmvpracticetests.com
596536,fastferries.com.gr
596556,fressi.fi
596577,fh-bingen.de
596613,flankdesk.co.uk
596659,firehydrant.io
596723,freekaasale.com
596761,food-kr.com
596783,fortisinc.com
596791,farmacie.md
596795,followize.com.br
596840,flynth.nl
596855,fuxmx.de
596857,facebook.in
596859,freece.com
596909,footballvnhub.com
597928,f999.us
597929,faalhoosh.com
597930,facebike.ua
597931,factura.gob.sv
597932,faculdadefocus.com.br
597933,faculdadeunimed.edu.br
597934,fadaktrains.com
597935,fairycrossstitch.com
597936,familymartindonesia.com
597937,famo.ua
597938,fano.in
597939,fansale.at
597940,fansporno.com
597941,fapfapgames.com
597942,fapxxx.com
597943,faraboom.co
597944,farasood.ir
597945,fardayeeghtesad.com
597946,farlad.com
597947,farmaciadifiducia.com
597948,farmaciaevacontreras.com
597949,farmaciameki.cl
597950,farmaciarealefirenze.com
597951,farmaciasaas.com
597952,farmaciauniversal.com
597953,farmaermann.it
597954,farmasi.es
597955,fastca.vn
597956,fc-info.com
597957,fc-lc.xyz
597958,fcopel.org.br
597959,fd2ppv.cc
597960,fedfina.com
597961,felix.com.pa
597962,fenadismerencarretera.com
597963,ferco.com.gt
597964,fesmcugt.org
597965,fetalmedicinebarcelona.org
597966,feter-recevoir.com
597967,feuvert.pt
597968,fiatporassinatura.com.br
597969,fibwatch.com
597970,ficohsa.hn
597971,fidel.com.ar
597972,fidi.org.br
597973,fieg.com.br
597974,figurepresso.com
597975,fila.com.ar
597976,filmcave.ru
597977,filmebunehd1.com
597978,filmpalast.one
597979,finaz.com.br
597980,fincs.jp
597981,finjector.com
597982,finotivefunding.com
597983,fintana.com
597984,fire-emblem-matome.com
597985,firekids.jp
597986,firestone.com.br
597987,firetext.co.uk
597988,firmoo.ca
597989,firmoo.cl
597990,firmoo.pl
597991,firmoo.pt
597992,fiscalia-nl.gob.mx
597993,fischelenlinea.com
597994,fishermanshub.com
597995,fiskalpro.eu
597996,fiskedeal.dk
597997,fissore.com
597998,fit1.ro
597999,fitonportal.com
598000,fiweex.com
598001,fixa24.com
598002,fixami.be
598003,flak.no
598004,flamingueostore.com
598005,flash-agt.com
598006,flash-files.com
598007,floatcard.com
598008,flolab.io
598009,florina.sa
598010,flowww.net
598011,flyefit.ie
598012,flyer.us
598013,flylinking.com
598014,flymya.com
598015,flyvaluejet.com
598016,fmbch.com
598017,fmpro.me
598018,fnjpnews.com
598019,foggi.ro
598020,folymuebles.com
598021,fomento.gob.es
598022,fontfa.com
598023,foodappeal-online.com
598024,foodstories.shop
598025,foonyew.edu.my
598026,footlocker.co.nz
598027,forcus.co.jp
598028,forhers.ca
598029,formeds.pl
598030,formitize.com.au
598031,forvalt.no
598032,forzafire.com
598033,forzanec.nl
598034,fotoplus.pl
598035,fourdayclearance.cy
598036,foxracing.co.uk
598037,fpformazione.it
598038,fportugal.com
598039,fpvua.com
598040,fragrantica.co.il
598041,francetoner.fr
598042,frattus.com
598043,free-dxf.com
598044,freecads.com
598045,freechequewriter.com
598046,freedemo.games
598047,freedomofmovement.co.za
598048,freefireinfo.in
598049,freegun.com
598050,freemagazinespdf.com
598051,freemen.in
598052,freemeteo.co.za
598053,freemeteo.pk
598054,freemeteo.vn
598055,fretadao.com.br
598056,froens.cl
598057,fromourplace.ca
598058,fruitsys.hu
598059,fteinfo.com
598060,fuel-finder.uk
598061,fukufukutoreka.com
598062,fulfiller.com
598063,fullmatchshows.com
598064,fundalor.mx
598065,funfo.jp
598066,furnitureworld.co.uk
598067,futbolez.co
598068,futbolfactory.es
598069,fvrz.ch
598070,fwcard.com.br
598071,fydo.cloud
600308,favoriteshoes.com.ua
600324,financieracomultrasan.com.co
600332,freecause.com
600364,foodstarsmerge.com
600402,futebolbaiano.com.br
600432,finture.id
600435,familyfuntwincities.com
600443,first-sensor.com
600502,fastfish.com
600556,filmup.com
600572,foresteventsnetwork.nl
600581,fosspost.org
600599,frpexpert.com
600634,fast-asianporn.com
600637,filmhd-1080.cyou
600673,futuregamblegroup.com
600690,famashow.pt
600740,frenchfunerals.com
600745,fengoffice.com
600746,futurenissan.com
600811,flaminghosting.uk
600848,fouit.gr
600879,fantasiamoda.it
600880,form.cl
600913,film-pertutti.buzz
600919,frontierairlines.com
600935,flysmart24.no
600941,folkstreams.net
600957,fynn-int.de
600958,fluxbb.org
600987,frequency.at
601015,fii-institute.org
601042,fjwu.edu.pk
601091,fioulmoinscher.fr
601096,flintk12.com
601115,forgeronmystique.fr
601119,fku.ed.jp
601144,faitifee.co.in
601176,fluidhosting.com
601183,fnifqmoexazsrtsi.net
601193,f-okno.ru
601211,farded.cc
601219,fixpart.dk
601256,fapodrom.com
601303,feel-fly.info
601334,fastdynamiccraftworld.nl
601338,freetalklive.com
601344,facepunchstudios.com
601353,fetishfire.com
601368,folderbode.nl
601373,fuck-girl.xyz
601426,fuling.com
601502,flex98.online
601509,fkwallet.com
601514,findandconnect.gov.au
601516,fmhospeda.com.br
601519,frontcam.ru
601526,forumcrea.com
601561,firmenatlas.com
601570,farmaciaaliciagarcia.com
601589,foodgressing.com
601648,fsparts.com
601654,firstsavingscc.com
601703,flickfeed.co.uk
601732,fresta.co.jp
601763,fczbrno.cz
601822,fairfocustalk.nl
601849,fat2fitme.com
601852,freshlearningranking.nl
601866,fcatletisme.cat
601874,fightpulse.com
601933,f-2.com.tw
601940,freshcasinolounge.com
601960,framuraturismo.it
601982,fbg-leasing.com
602029,filmcloudcdn.online
602031,funjdiaz.net
602045,freelink.online
602072,fast-finance-system.ru
602083,flywareagle.com
602091,fastvid.cam
602104,fyzermq.com
602187,fitnessexpose.com
602195,forocristiano.com
602252,foxespur.com
602268,frontera.top
602309,funarbe.org.br
602311,future.co.jp
602320,fastidious.gg
602384,flirt-style.ru
602392,fastlinkredirect.com
602410,fairmark.com
602417,familiesonline.co.uk
602458,fukuske.com
602501,fxtrade.co.jp
602530,family-nt.ru
602532,fastplay.mom
602548,freecoursesinengland.co.uk
602578,flowln.com
602583,frames.co.uk
602624,famewall.io
602639,fk498.cn
602640,franckherval.com
602681,freshspinplatform.com
602682,flyersavings.com
602702,freshpokerpro.com
602726,forum-ekonomiczne.pl
602728,filmcasino.at
602823,fotoprofi.de
602856,filogix.com
602863,futurejackpotbase.com
602900,fordservicespecials.com
602901,free-ip.icu
602905,flataynur.work
602915,fredoniapubliclibraryaz.org
602966,fzvl.shop
602993,fukuokacity-kagakukan.jp
603018,filesure.in
603019,fogis.se
603045,finanzaspersonales.one
603055,flickrprints.com
603081,fruugobahrain.com
603207,facesandvoicesofrecovery.org
603273,forumvolosy.com
603283,faceyourmanga.com
603292,forsaledomain.ir
603304,freifunk-lippe.de
603330,floraexpress.ru
603339,flooringamerica.com
603362,finforums.ru
603363,f222-play.com
603373,firmeninfo.at
603386,f-e-t.com
603416,fieryplay9.com
603417,farniente.com
603459,forum.md
603475,farmlandinfo.org
603476,fsrenevis.com
603481,futurecasinodaily.com
603499,faluji.com
603503,flexinform.com
603504,fukuokatower.co.jp
603506,farmadr.it
603507,fieradeltartufo.org
603548,fullservicesastro.com.ar
603573,francemel.fr
603593,free-webhosts.com
603598,fordracing.com
603628,freshpresswire.com
603629,focusway.us
603652,forum-candaulisme.fr
603654,futurepointindia.com
603694,futurereelslounge.com
603712,forum-opel.fr
603748,floowedit.ch
603855,facevideosc.com
603883,forum-trioda.pl
603903,firich.com.tw
603929,fashionsizzle.com
603933,federate.social
603959,finratings.kz
603976,fusd.net
604025,fansunitedassets.com
604150,federcaccia.org
604151,finds.ir
604226,flobflower.com
604269,finolog.ru
604273,focusclubhub.nl
604397,fmplapla.com
604398,forumcu.com
604403,findlegal.com
604444,foreelo.com
604449,futurepokermarket.com
604455,fotoefectos.com
604506,familytreeforum.com
604536,foreigncurrencyandcoin.com
604581,fit-ift.org
604627,fleischbranche.de
604642,flavorandfettle.com
604645,feedfokus.de
604656,flowmotionentertainment.com
604667,freeporn-3d.com
604682,foxlyvpn.xyz
604749,fscore.ro
604796,filateliamonge.com
604803,freefilefillableforms.com
604817,flaxmovies.online
604830,fantaisievif.fr
604841,flourish-user-templates.com
604862,freewb.hu
604889,forgelogic.nl
604901,flokinet.is
604903,fischbacher1819.com
604958,firsttunnels.co.uk
604982,fluxus.vip
605107,fonorola.com
605197,freshroulettegroup.com
605212,fifa25.ru
605235,feyenoord1x2.com
605269,formstackservices.com
605311,facc.com
605312,focusip.com
605315,ffpjp.org
605321,foreko.eu
605351,footsell.com
605420,fire-team.ru
605426,familyshoes.com.tw
605475,football-oranje.com
605507,finn-app.com
605543,farmaciemummolo.it
605546,freshroyalmarket.com
605557,fortuna-poehla.de
605590,fortbildung24.com
605625,fragway.co.uk
605627,findingyourbenefits.com
605631,futureslotbase.com
605647,film-a-voir.com
605652,frightfulmascara.com
605664,fwb-online.de
605669,fastbreak.com.ph
605687,funkykit.com
605697,funlake.com
605712,frownies.com
605734,funcellapi.com
605789,futureroulettehouse.com
605819,fesan-jp.com
605882,freshblackjackworld.com
605884,franchise-magazine.com
605886,foyocare.com
605918,familypro.io
605948,f150ecoboost.net
605954,flexiroam.com
605976,free-doge.io
605999,flupdp.com
606002,futurelogicdigital.nl
606029,ferrate365.it
606047,fpmarkets.eu
606048,fibogroup.com
606098,featuresky.com
606127,fmsdental.com
606154,fiom.nl
606158,fuck-me.io
606167,fidor.de
606182,financialfood.es
606199,fanyil.com
606210,fivedollarclassifieds.com
606251,fmail.network
606273,financebeing.com
606300,florence-nightingale.co.uk
606331,forsyth.org
606332,flygtorget.se
606346,freshroyalhouse.com
606356,flowonmax.co.uk
606367,firsthoster.live
606380,f8bet.dental
606461,freshroyalpro.com
606487,fuksiarz.pl
606500,farbyte.com
606521,flour.host
606587,flexpointway.us
606595,flixbus.dk
606630,foodbazaar.com
606650,flowerpark.or.jp
606661,frareg.com
606686,fpcjackson.org
606777,flashstorage.games
606795,familie-finke.com
606810,famososnusvip.com
606824,fluxorbit.us
606902,finaland.com
606909,fessl.ru
606962,futurespinworld.com
606980,fpjourne.com
606988,fokusplus.com
607021,futurelife.co.za
607038,frei.chat
607049,fantacycling.com
607073,frasersproperty.com.au
607098,flomec.co.nz
607117,fakultashukumumwkendari.ac.id
607120,fildena.homes
607124,fenravo.com
607192,fituncensored.com
607241,fieldhousemuseum.org
607270,f-spa.com
607300,fergeruter.info
607313,forwardleap.se
607322,farmersbankgroup.com
607326,fiqfuq.com
607340,fightersworld.com
607347,fukushima.st
607436,fast636.com
607437,filmtekcloud.net
607438,fleetmediamanager.com
607439,freetelega.me
607440,frembed.skin
607441,fsgaolian.cn
607603,fin.ee
607628,formflix.org
607705,farhome.top
607722,find-more-books.com
607737,forge-games.com
607752,fbqfcampus.net.ar
607883,footdealer.co
607889,futurevipgroup.com
607957,furunousa.com
607987,fmovie.sx
608027,freestateproject.org
608054,financecashhub.org
608072,fuelcellstore.com
608094,fenxapp.com
608132,fh7ic.com
608158,fixservis.sk
608177,fatmaatasoy.com
608201,familienwerk-intern.de
608210,fritz-kola.com
608221,fixtuur.com
608237,feelingsexy.com.au
608239,fushar.video
608280,footballfancastimages.com
608340,fullcartuning.fr
608355,furanotourism.com
608382,fqddc.com
608415,familie-england.de
608418,fotowa.com
608512,fersa.com
608602,followyourheart.com
608637,femto-st.fr
608680,fliflik.com
608684,farmtek.com
608730,flowernarratives.com
608731,finbazar.ru
608745,filmix.date
608748,freiheit-servers.ru
608767,footballstudyhall.com
608803,flamingo.dating
608853,firstcommunityexpressnet.com
608867,filemirrors.com
608868,form.com
608890,fun88mx.mx
608906,furmanpower.com
608924,fiellascript.de
608956,ffoz.org
608975,fishingstore.ro
609026,fruitguys.com
609028,fibis.it
609034,fluxerstatus.com
609039,firstonetuning.com
609045,fknapredak.com
609071,finint.com
609075,fatpussytube.com
609114,firstbtclottery.com
609149,fostercity.org
609203,flibusta.in
609213,frankie.com.au
609225,freshspinlounge.com
609227,fromation.co.jp
609354,first-produce.com
609362,freeonlinemahjonggames.net
609384,fixtuur.io
609388,fitpro.group
609416,finobank.com
609419,firebrno.cz
609504,freedomalternative.com
609518,f7f5.com
609641,fpbase.org
609652,fresco-cn.org
609654,futalab.com
609666,familyradio.org
609693,freshluckybase.com
609708,fitpass.ru
609725,flutter.cn
609736,faktyoswiecim.pl
609770,flandre.ne.jp
609776,fulltechtelecom.com.br
609793,fo.am
609829,flirt-spiel.de
609843,fautechampion.fr
609858,foreignfork.com
609880,frenzyground.com
609905,freshrouletteworld.com
609919,fanweng.com
609963,for.kg
609997,f2f.net
610044,farmamir.kg
610060,fsuy774.cn
610083,fauser.edu
610114,foundationsource.com
610132,foghmarine.com
610137,ffomu.com
610145,frigatestudios.com
610177,freepostarticles.com
610201,forgifs.com
610256,fraudprevention.jp
610269,fesergraf.com
610282,farmaciaardealul.ro
610283,fh282dba6.com
610284,foliecosmetic.com
610341,flarecastdns.com
610346,festool.fr
610349,freeloka.com
610352,fishrulesapp.com
610365,funkoeurope.com
610412,findenergy.com
610451,freshgamble777.com
610483,foamglas.com
610488,forgemotorsport.co.uk
610508,forteinc.com
610515,fukuoka-edu.ac.jp
610548,flagma.be
610562,floraldaily.com
610569,fimmu.com
610582,foodtolive.com
610622,fiches-ide.fr
610631,falconinsgroup.com
610661,fotki.net
610679,fullcontactpoker.com
610688,fun1x888.com
610703,feed.jp
610741,fantasicawiki.com
610792,fortbend.lib.tx.us
610799,fastnewsdesk.com
610826,freshclublounge.com
610836,futureblackjackstation.com
610838,forsys.ru
610853,fusionproxy.net
610857,farmmachinerysales.com.au
610994,flixlatino.com
611025,fukuyamamasaharu.com
611069,factorial.io
611075,fio.co.th
611103,freedown.io
611131,fscore.mx
611148,flashtalking.net
611179,fullofplants.com
611199,filmeaparecida.com.br
611212,fmaudit.com
611261,forestsociety.org
611270,freeviewplay.tv
611284,fluxscope.de
611305,feemoo.com
611306,flaconi.nl
611332,fapgosu.com
611456,fanwendu.com
611479,f-1.lt
611482,fullimobi.com
611507,firstcitizensrdc.com
611508,flyve.com.br
611522,flashhost.org
611575,foxiepa.ws
611613,fleethop.org
611637,fanmaker.com
611640,feiler-jp.com
611659,franklinbbq.com
611671,fang36.com
611682,frd.ac.za
611713,fortin.agency
611715,fontnet.co.uk
611729,funyoursjapan.pink
611752,french-twinks.com
611785,fortunejackpotx.com
611787,famousroses.eu
611814,fukujo.ac.jp
611828,firstmail-storage.app
611844,foundationx.com
611866,fscore.com.gh
611882,fibtenerife.com
611891,filmindirmobil.com
611905,fichtelgebirge.bayern
611925,florya.ru
611943,freshcasinoexpress.com
611978,folio.org
612198,famousports.com
612199,fanmurim.com
612200,farmaciacarol.com
612201,farmacja.pl
612202,farnaa.com
612203,fau-butik.pl
612204,fdcdentalclinic.co.id
612205,fecharge.ir
612206,federatedtool.com
612207,femimatsu.com
612208,ferreflex.mx
612209,fetish-master.net
612210,fidilio.com
612211,fielmann.ch
612212,figevida.it
612213,findh.org
612214,flexfulfillment.eu
612215,flowermountain.com
612216,flyformiles.hk
612217,folio.no
612218,foodok.com.ua
612219,forumtravesti.com.br
612220,fpf.org.br
612221,fragrancecanada.ca
612222,frankonia.fr
612223,freefirejornal.com
612224,frigo.hr
612717,fornet.net.br
612739,flippantpoetry.com
612751,fastpictureviewer.com
612793,futureroulettezone.com
612826,fireplatform.net
612845,fccvarna.bg
612881,feg.eu
612884,femelle.ch
613010,finquizz.com
613013,faucetsnfixtures.com
613041,f13.com.br
613068,food101gettysburg.com
613092,fytcw.com
613109,fullcircletms.com
613150,femia.health
613152,forumpost.co.uk
613158,futurecardslounge.com
613170,ferimex.net
613293,feedclick.net
613294,funaicare.com
613333,fonoteca.ch
613358,fuzeforge.ma
613380,funfamilycrafts.com
613418,furniturelandbakersfield.com
613422,flowerlazypower.fun
613434,forexformula.net
613440,foswiki.org
613503,fsa.br
613525,freesexchat.su
613536,fundacionfavaloro.org
613562,fabor-tv-player.me
613575,fingular.com
613612,freemmostation.com
613770,fishinn.nl
613774,fmovies.to
613800,freshersadda.com
613832,flyings.net
613842,festivaletteratura.it
613856,freizeitparkcheck.de
613917,faststartup.tr
613931,freemason.org
613964,forwardlook.net
613985,fabhairypussy.com
614029,flashtimes.co.uk
614087,fi.ru
614305,flippednormals.com
614310,fcn.net
614320,fuji-tatsu.co.jp
614326,flyprat.no
614363,f999.ws
614364,formula1points.com
614498,fliesenmax.de
614527,filmmovement.com
614558,futureroyalworld.com
614571,fsk.de
614576,fileboom.me
614651,fastglobalnodespace.nl
614680,freedominternet.nl
614683,fetishindianporn.mobi
614699,flightpathcreative.com
614703,farmaciacaridad.com
614736,firstgreatwestern.info
614739,fincomercio.com
614745,funbbs.me
614764,flash.org
614778,figurine-discount.com
614810,fahrinfoapp.de
614811,fir.im
614832,fluid-meter.com
614910,flexpathway.us
614951,fareeagle.com
614992,francine.com
615011,fischer.es
615022,farmchina.org.cn
615031,ffescrime.fr
615053,fcsc.gov.ae
615059,fanlax.com
615080,fixpart.pt
615106,fashionomi.com
615145,fin-ra.pro
615186,futuristarchitecture.com
615187,fuckinparis.com
615252,fical.net
615279,freeyfi.com
615285,fixmobile.online
615290,foxyform.de
615320,foobazaar.com
615331,front.ai
615341,farmacializandra.com
615349,freshvipplus.com
615355,forceffort.top
615374,freeteleserye.com
615388,fatherhood.gov
615441,firmania.de
615553,ffe.com.es
615593,fore.com
615594,fcny.org
615599,flexicourses.com
615614,forgeview.nl
615667,findbare.com
615687,flyingsites.co.uk
615708,fulltextarchive.com
615736,freelancers.gov.bd
615755,ftlgame.com
615770,filiptravel.rs
615784,freshreelsspace.com
615799,fantasylights.com
615852,fanke.dk
615880,floristrymarket.co.uk
615908,fsplifestyle.com
615947,freddystore.com.au
615973,framtid.se
615987,fgf.com.br
616011,fun-spot.com
616065,flasherapps.com
616099,frenzybase.com
616133,fanbasezone.com
616140,foconis.de
616170,fabersystem.it
616180,facctconference.org
616215,fifteen.eu
616224,fleurieupeninsulavisitorguide.com.au
616287,fastdate4you.com
616309,fuck.domains
616339,firststophealth.com
616422,financiar24.es
616427,ferimmo.de
616432,free-hosting.biz
616456,fairplay142.com
616470,fuscanet.com
616473,fatkey.space
616494,flaschenland.de
616497,firewiresurfboards.com
616529,fengyuncai.com
616552,floreagarden.com
616580,flexa.careers
616607,freshthoughtlab.com
616628,fliegengittermaxx.de
616645,fin.ng
616684,flomarket.com
616739,ficca2021.com
616763,fabrikaokon.ru
616779,flotteladen.de
616834,fastnet5.com
616864,farvarter.ru
616893,filterix.ru
616925,flazzard.com
616946,foodmatters.tv
616998,freshslot419.com
617001,firmania.it
617050,fspnc.com
617051,fromni.com
617055,fundacjaartfreeart.pl
617065,fakultastekniksulteng.ac.id
617096,firstlinks.com.au
617130,feminenmoda.com
617132,focastock.com
617141,fsmi818.com
617161,fishing.ne.jp
617181,fishesofaustralia.net.au
617221,fofomv.com
617257,fox28spokane.com
617264,freshreelslounge.com
617327,flashlive.co.uk
617329,five-starbank.com
617330,footballuser.com
617335,far.ru
617345,fbnbanksenegal.com
617351,fastwebapp.net
617352,festivalhopper.de
617403,fugucasino8.ru
617405,freesoft.net
617409,firmasite.ru
617448,fiesta.ru
617501,forexindikator.net
617503,flyingvgroup.com
617506,football-talents.fr
617525,ffcm.es
617537,freshlearningbright.nl
617542,fiesta-and-co.com
617572,fairfieldcheese.com
617591,fujmun.gov.ae
617593,filminfocus.com
617609,flixtor.info
617630,funmobi.work
617632,freshblackjackstudio.com
617638,foshanmachinery.ru
617665,fapello.space
617682,funduinoshop.com
617686,fjmercedes.com
617691,freedownloadmobileringtones.com
617693,fitarco-italia.org
617726,frenchfounders.com
617808,freebigtitpornpics.com
617826,fxe88.com
617832,freakpyromaniacs.com
617833,farhathashmi.com
617848,fuckthat.xyz
617888,fh-luebeck.de
617903,fit365.jp
617914,foroflamenco.com
618029,fantasyhd.com
618078,fasttv.am
618090,fmtc.co
618173,fumotoppara.net
618182,flexpathway.ca
618197,fscore.es
618215,fisg.it
618251,framedestination.com
618281,futurelivingmaastricht.nl
618304,fcnet.de
618380,furstdns.co.uk
618431,fjpsc.edu.cn
618437,ferty9.com
618445,finvu.in
618450,followupthen.com
618467,fullmatchsports.cc
618475,furmanpaladins.com
618482,fellowmind.com
618483,fim-live.com
618501,fabweb.com.br
618601,forumnauka.bg
618622,freyrenergy.com
618655,fatburnersonly.com.au
618678,futuresportsgear.com
618704,frontnews.eu
618714,fstyr.dk
618761,flexhub.us
618906,flixmomo.us
618921,futurejackpothouse.com
618974,fullscreen.nz
619029,fluxmatrix.us
619047,fracturedmmo.com
619060,flashtransactions.com
619129,freshgamingspace.com
619152,fghrsh.net
619159,free-webcambg.com
619189,forgenuke.com
619227,fashionunited.es
619228,freedns.hr
619231,frechefreunde.de
619234,freecell.xyz
619273,forestexpertmarket.nl
619305,fa-fa.ru
619318,fenixcasino.top
619334,fastload.info
619368,flickrpro.com
619388,fearfreehappyhomes.com
619389,fh-fresenius.de
619393,fiordigital.com
619424,firmove.pl
619425,fit.pl
619499,frompdftodoc-cdn.com
619549,fournines.co.jp
619570,freshslotsworld.com
619625,fairgame.shop
619626,fatturazioneelettronica.eu
619627,fbchushiji.com
619628,fido.id
619629,fine-test.com
619630,fontstory.org
619631,fscape.com
619632,fullyjustified.net
619719,felectronika.net
619720,fgenergy.com
619721,ficewasay.com
619722,fluidnow.io
619723,fwbiz1.com
619841,f5nlg.ovh
619842,freshloc.net
619956,fromoldbooks.org
619971,fysikoaerioellados.gr
619998,fao.com
620058,ffxivsonar.com
620064,freshideen.com
620085,filmjabber.com
620094,fruitbomen.net
620095,fishisfast.com
620121,farmengage.com
620136,forbesthailand.com
620155,factionskis.com
620163,filterwatch.co.uk
620267,frumzioficialni-cz.com
620305,freekru.pl
620309,flexsis.ch
620340,fenixbet.ee
620360,frevvo.com
620369,faronicsdeploy.com
620380,firstresponse.com
620397,feigu888.com
620410,freshslotplus.com
620419,fbpmalta.com
620483,fulbright.org.uk
620525,frontlinepss.com
620545,fivemcar.com
620546,fjriders.com
620549,ferretodo.com.gt
620552,fotofiera.ru
620690,farmaciastrebol.com
620694,fancyfunx.com
620698,flipcrm.com.br
620748,fastpanda.com
620771,fastcraftslwmfcrafts.com
620858,fwcs.k12.in.us
620903,foncoop.coop
620908,foodandhome.co.za
620925,freshroyalstation.com
621007,fg66app7.com
621008,fg66pwa.net
621044,fabriquedestyles.com
621072,fighting-dolls.com
621081,fnbsf.com
621111,fam.cx
621128,franciscancentertampa.org
621129,feuerberg.at
621135,factpulse.co.uk
621137,futureforests.ie
621217,farmalisto.com.mx
621261,freshcardspro.com
621338,finport.am
621375,fixer.com.ua
621389,firesend.download
621399,fevercentral.com
621460,ftmojave.net
621489,fasturbanscopebase.nl
621507,forexsuggest.com
621526,fucklocal.com
621547,fabrimed.cl
621559,feestartikelen-shop.nl
621564,farmrio.uk
621581,fajarpapua.com
621624,firmanazazitky.cz
621636,fotoable.net
621645,fiestic.com
621648,feanonline.nl
621651,funchal.pt
621673,fringepapo.com
621675,facai0033.com
621722,fosbel.com.cn
621811,fundacaooasis.org
621815,feedrequ.com
621869,fineseedcleaner.com
621881,fragrancecoffer.com
621888,foryoucf.com
621897,forum-cayenne.com
621899,fortune.ph
621930,financenews.gr
621954,feldschloesschen.ch
621958,fssquad.org
621963,finalpeak.co.uk
621977,fabricoftheuniverse.com
621999,films.com.co
622009,fhgdps.com
622075,facilio.com
622129,forexclock.net
622136,flowx.io
622240,favoritepromocode.com
622252,forumarctica.ru
622255,fit-chan.com
622277,f2e0a955bb84.cloud
622280,fevertracker.co.uk
622286,freehog.online
622297,fanfanxue.com
622299,flash-porno.com
622321,faucetdepot.com
622371,fbbet3.com
622378,forumgratuit.fr
622455,furnacecontractorsnearme.com
622486,frankenthal.de
622505,fara-gluten.ro
622515,fatalblackout.com
622535,fathers.com
622546,foodtaipei.com.tw
622559,filodiritto.com
622617,findbestgear.com
622630,flarewarp.co.uk
622647,focusai.com
622662,fi-web.com
622681,futurejackpotzone.com
622688,firstbit.ae
622714,followmy.health
622761,futurepundit.com
622789,friesland.de
622797,fondoforte.it
622846,flughafen-graz.at
622876,fundex.co.jp
622879,firststatue.com
622884,freshpaint-video.com
622887,fraternite.net
622896,funbingo1.com
622926,faktura.pl
622931,finist.ru
622937,fcb.cz
622950,forces-of-nature.co.uk
622998,fruitperks.nl
623024,freshreels234.com
623094,fajnekonkursy.pl
623149,fantraxhq.com
623155,famouswhy.com
623208,freakend.nl
623223,fnm.com
623251,flyranking.com
623279,fzjj.net
623361,freshblackjackdaily.com
623398,formulanews.ge
623404,forzaromapharma.com
623458,freshwagermarket.com
623465,firstwrap.com.au
623470,forumfoundry.com
623489,fas.org.sg
623491,finance-investissement.com
623496,farmacistiragusa.it
623510,ferasaltu.com
623526,fcsn.org
623554,famehosted.com
623576,freewebstore.org
623612,faune-france.org
623640,fabucar.app
623649,falugyw.com
623653,festivalfinder.eu
623675,footprinthosting.com.au
623715,f8vorites.xyz
623793,fintel.hk
623805,faketeams.com
623835,fmk.edu.rs
623838,fdk.pl
623884,footballforum.de
623886,famosaspeladas.blog
623898,fumettingondola.com
623906,fpa2.org
623917,flaxvpn.ru
623954,f-keiba.com
623966,fcregina.com
623984,fleetapi.com
624010,fitzgeraldmotors.com
624047,fivearrowsphotography.com
624061,flixhq.app
624095,feeling.be
624116,frivolitionfvn.com
624123,flowonportal.co.uk
624130,fatcalc.com
624132,focusridge.us
624142,firmisrael.org
624143,forcedrop.vip
624144,fighting.ru
624253,fabuza.ru
624268,frogdomain.com
624343,fapornxxx.pro
624344,friendlens.me
624407,freshroulette219.com
624411,freexxxpornstar.com
624440,ferrolan.es
624455,fafr.pro
624476,fueltech.com.br
624477,fashionguruonline.in
624488,floralworld.ru
624491,fibralink.com.br
624508,freedrinkingwater.com
624510,fundamenta.hu
624554,flicklist.tv
624567,fitglow.nl
624573,furhatworld.com
624576,free-culture.cc
624577,future-forum.tech
624586,fulltv.ch
624588,fotogrph.com
624633,francois-legrand.com
624636,fapceramiche.com
624640,formblends.com
624642,folkhogskola.nu
624674,fnb.co.mz
624754,frisca.ru
624776,flexcrest.us
624786,flatinranchi.com
624804,finditcambridge.org
624846,fringuant.com
624848,fireforce-anime.jp
624855,footballitarin.com
624859,fallout4.com
624895,fuss.bz.it
624931,flipperwerk.de
624933,fesei.org
625091,farmaciabolli1833.it
625092,fastclinic.co.id
625093,faststream.com
625094,fbtool.pro
625095,ferrokey.eu
625096,festival-life.com
625097,fetis.hu
625098,ffwin.com
625099,fieldsense.in
625100,firmoo.ie
625101,flirthits.com
625102,fnbzambia.co.zm
625103,footplay.org
625104,freex.mobi
625389,freshroyalplus.com
625409,funidelia.com
625429,familygo.eu
625440,fastbreak-production.zone
625458,forumboardgames.ro
625481,foxvalleyfoodie.com
625507,finprospekt.de
625521,flexed.com
625529,fmsstores.gr
625567,fdvs.com
625591,fredo.co.uk
625599,fcdigital.com.mx
625624,firstbooklook.com
625659,fun4thebrain.com
625662,fastcardspherepoint.nl
625694,filmbokep.cc
625719,flughafenstellplatz.de
625739,fliksotv.com
625740,fonfun.co.jp
625762,firstneed.ru
625781,fabiano.bg
625795,frenchfootballweekly.com
625800,fontbrain.com
625806,fcsp-shop.com
625817,fantalimentos.com.br
625835,foreninglet.dk
625855,fastdecidos.info
625873,filmla.com
625889,find-around.com
625912,forthemommas.com
625920,fluckv2.org
625921,frameworkofnature.com
625947,futaxxxporn.pro
625948,fripick.com
625956,filmscouts.com
625958,fanta.com
625971,fluidpayments.io
625975,fly88.gives
625985,freshbetting835.com
626034,findcars.com
626046,fullypromoted.com
626105,forexbbs.net
626110,focusrh.com
626163,f168.ing
626181,focus2030.org
626208,filex.com
626302,firmendb.de
626308,farmrush.co.uk
626382,filmcrave.com
626392,futbology.app
626404,fdoghost.com
626426,franklin.com.tw
626448,fullcartuning.com
626453,fromhappymammoth.site
626489,foodsecurityportal.org
626519,fiabilandia.it
626531,fapho.com
626581,fecammx.com.br
626628,firstmetropolitanfinancial.com
626689,firmanadityaa.com
626717,fantasycartoys.pe
626728,fastclass.com
626733,funke-zeitschriften.de
626741,fiveminutes.cloud
626743,farmaon.al
626804,frankonia.com
626812,flintraxvk-companet.pro
626840,feedstrategy.com
626871,freshviplounge.com
626893,frgk.xyz
626902,fanaleds.com
626921,fehmarn.de
626932,fattpay.com
626937,friuligol.it
626940,fitnessdelivery.nl
626942,fluidabuela.cyou
626950,fiercethought.net
626997,fatjockey.com
627035,festivalsublime.fr
627043,fitcom.com.tr
627052,fighterzinc.co.za
627072,fun-moebel.de
627113,fracarro.com
627145,freshautohub.nl
627163,funtech.si
627178,foxy-proxy.net
627182,fun4you.de
627187,fit.porn
627213,fidns.info
627233,fimm.com.my
627284,finchapi.com
627288,flp.com
627320,futurehome.io
627363,freespinsnodepositcode.ru
627373,freshpalacepoint.com
627383,fightbac.org
627391,filma24.media
627418,focusgamblegroup.nl
627420,fastalphaspacepoint.nl
627422,freeinsta.net
627429,frenchtechbordeaux.com
627449,fcqjjjcw.com
627458,fuzhuxs.cc
627470,foodandnutrition.org
627524,fanbonks.com
627553,feer.com
627588,frognet.net
627606,freedesignresources.net
627619,fdn.com
627642,fruitparty-slot.com
627646,fumo-shop.com
627647,foronavegantes.net
627658,fastwaytelecom.com.br
627676,fonedog.com
627688,firsatye.com
627693,fishmsg.net
627769,fapellino.com
627790,fortiupdate.ru
627819,faziohost.com
627821,freewheelbike.com
627862,formidablepro2pdf.com
627865,furtrack.com
627895,flpshop.hu
627955,fantovix.shop
627969,fraunah.com
627983,federalpolyilaro.edu.ng
627984,fivebullpro.com
627989,freshwagerzone.com
628009,femdom-blog.cc
628038,freshluckymarket.com
628046,freedomfromtorture.org
628115,freesitemapgenerator.com
628119,furiospingball.com
628202,fkt-online.de
628206,fullers.co.nz
628227,fundiconnect.co.za
628282,forumtilea.it
628295,febt8y.space
628297,fish-master.com.ua
628314,foudreredoutable.fr
628344,fentonjohnson.com
628353,fun88vnt.com
628432,fn-volga.ru
628442,fwu.ac.jp
628452,foodforfoodies.co.uk
628470,flsitebuilder.com
628478,forumcustomdomain.com
628492,fafait.net
628517,fritolay.com.tr
628552,freshsystemsmarket.nl
628577,fmpub.net
628602,freeddns.it
628719,firstbihar.com
628763,feedsky.com
628795,french-stream.bio
628804,faloop.app
628827,forestnewsdelft.nl
628884,fastoddsvictoryworld.nl
628893,folio-lesite.fr
628905,fstream365.com
628907,forsa.ie
628923,financialswingcoach.com
628928,fearfactory.com
629002,fiddlersgreen.com
629009,fotokite.com
629015,freshcardsspace.com
629016,financevideosmedia.com
629099,franciscanalliance.org
629124,firetempmail.com
629128,flashrouters.com
629234,fai.com.br
629235,farmaciadelcorso.net
629236,finmercado.co
629237,firestone.com.mx
629238,fireworksplus.com
629239,fishdrink.com.ua
629240,fithouse.co.jp
629241,florestanoticias.com
629242,for-driver.info
629243,forexfactory.live
629244,fornello.ro
629245,fosterthemoney.com
629246,freedium-mirror.cfd
629247,frnch.fr
629530,facadepattern.co.kr
629531,faizla.com
629532,fancywinms.xyz
629533,faphaven.com
629534,farmaciacuadrado.es
629535,fazbet.org
629536,filmesgays.net
629537,flirtic.ee
629538,flobali.gr
629539,flvto.nu
629540,flyerbox.ca
629541,foryoufashion.gr
629542,fpmoto.com
629543,fragrantjewels.com
629544,freez.com.au
629545,frontrunnerau.com
629546,fsiblog.pro
629547,ftband.net
629548,furacao.com.br
629821,fannyjin.es
629822,ferramentacarozzi.it
629823,fesmes.com
629824,firstshop.hu
629825,footshop.hr
629826,formulapesca.com
629827,fortatacadista.com.br
629828,front2line.com
629829,frontlinesedutech.com
629830,fsiblogs.org
629831,fullmovies.xxx
629832,funtv.ai
629980,fuyupbits.com
629986,ffdream.com
629993,forexdirectory.net
630041,france-air.com
630064,fh-ludwigshafen.de
630067,file.pizza
630081,futmak.com
630082,fortunecity.co.uk
630083,fortscott.edu
630087,futurearenazone.com
630103,formaturamaxi.com.br
630119,famedly.de
630122,forteline.net.br
630233,f56.casino
630234,fix-hp.ru
630243,fucking.day
630320,fginsight.com
630323,funerariapinares.es
630335,foreignbridesguru.com
630346,ftbxawqf.cc
630349,flashsolutions.ca
630371,fireringfeed.co.uk
630398,formalinstant.com
630414,financialexpress.net
630439,filestack.live
630456,fanbase.app
630477,faq-telegram.com
630486,fuuuuuu.online
630495,flowrette.com
630499,firstamendment.tv
630508,fuzhibao.cn
630520,fixpart.hr
630531,frenship.net
630535,freedomshopequipment.com
630550,frjk.xyz
630560,fairwaynow.com
630570,f-integra.org
630597,findjbz.com
630630,f1cdn.com.br
630667,fairfieldstags.com
630681,flutterapp.com
630687,fuck.day
630691,facaiwan.com
630696,fi-desk.com
630744,furninfo.com
630774,futureslotplus.com
630777,focuspathway.us
630778,fedenet.gr
630811,first-bookmarkings.win
630816,footprint-deutschland.de
630818,fourwinds10.com
630824,frontnational.com
630857,flagshippioneering.com
630868,fingerhut-dahlbeck.de
630871,ftmscan.com
630913,flashnet.xyz
630924,frsk.xyz
630936,fantasy-faction.com
631001,futurelaunchlab.com
631004,flighttrainingalliance.com
631022,fmtek-shop.com
631040,frrax.com
631043,feslkvp.cn
631148,farmaciadronda.com
631155,firabcn.es
631196,freshnetwork.us
631215,freshspinstudio.com
631244,firsttender.com
631263,feverchant.com
631280,free-training-tutorial.com
631345,forecastadvisor.com
631379,filevinedev.com
631407,firstcommunitybank.com
631408,fixturerank.co.uk
631412,factsheetslive.com
631449,freshspinpoint.com
631499,farmandranchfreedom.org
631638,farmaciagaudiana.it
631685,freshroyalstudio.com
631726,family-dr.jp
631746,factoryjoe.com
631751,ftvhd.com
631752,freekeyworddifficultytool.com
631756,fooletfs.com
631759,fristo.de
631760,freshjackpot318.com
631762,fleagownlet.cfd
631765,freshpulsepulse.nl
631807,f3msq8j2.com
631856,funnydakhil.link
631883,fulgent.com
631909,fmcc.edu
631929,flattestroute.com
631945,formx.ai
631982,fitzcarraldoeditions.com
632035,forexwiki.info
632044,falcony.io
632079,farmtender.com.au
632083,for.ge
632111,futuretechhub.se
632126,fineshare.net
632173,filosofico.net
632215,falaqfood.com
632269,figres.click
632276,finodo.com
632290,fes-frankfurt.de
632350,flemingc.on.ca
632357,finevision.ru
632358,fallenstore.com.br
632360,freeicon.com
632366,firepixels.net
632381,foodadvisor.com.sg
632411,faithandleadership.com
632412,futurespinspace.com
632435,flixhq1.com
632437,forum-habitat.com
632447,focuscorner.us
632476,fly888.club
632525,foulath.com.bh
632527,finiziocollezioni.com
632528,festo.online
632540,f1.co.kr
632546,foregate.com
632552,foodforthebrain.org
632562,fxshu.org
632581,flyknoxville.com
632632,farn.org.ar
632642,freeaccess.online
632646,flexcrest.ca
632683,fabrika-kartin.ru
632690,foxybest.online
632705,fzb0.com
632732,flevoziekenhuis.nl
632757,fatims.org
632760,futurewagerspace.com
632791,fangcarry.com
632792,friend-server.com
632810,flio.com
632849,firstprintable.com
632871,fabricaderedes.com
632886,fanoermano.info
632913,finfo.tw
632924,fanon.co
632963,funclub.pl
632979,fjnx.com.cn
632981,fantong.com
632994,fortuneinstruments.com.tw
633027,finnvera.fi
633029,fusioncom.jp
633030,fundacaocasa.sp.gov.br
633050,farfetch-contents.cn
633065,firebase.blog
633114,florasis.com
633119,fuzhigift.com
633121,funair.cz
633127,favinks.com
633129,flipsidecrypto.xyz
633161,freizeithausundgarten.de
633229,flysheeep.com
633254,fukuoka-anpanman.jp
633262,fastispeed.com
633279,fis.global
633312,freeshippingallorders.com
633323,fiberside.ru
633344,fluxfield.de
633352,foodallergycanada.ca
633367,fastnovaglobeworld.nl
633403,forgeronglorieux.fr
633408,fossabot.com
633442,favro.com
633490,forumveranda.fr
633596,fsigenetics.com
633663,flashreport.co.uk
633692,finanzwende.de
633733,fleet77.com
633749,ftitechnology.com
633789,farskala.ir
633802,fabryka-formy.pl
633840,fstb.gov.hk
633871,filterpay.com
633901,forbes.pe
633921,floxy.io
633959,from-pr.com
633973,frederickhealth.org
633978,freshwagerhub.com
633990,foodly.tn
634051,fewobird.de
634075,feat.com
634099,feixxx.com
634125,fixoma.com
634146,frenchconnections.co.uk
634160,fks-ab.co.jp
634228,flamingotoes.com
634281,freeinfosociety.com
634296,foodalternatives.at
634310,flobaseball.tv
634374,fisgetpaid.com
634447,filmbetygen.com
634483,fasi.eu
634484,freshrouletteonline.com
634486,franklinhomesusa.com
634531,freeadshome.com
634534,fbo.one
634557,fast-hosts.org
634570,fordtransit.org
634627,freeship.co.kr
634631,furtherfood.com
634703,fortunatoshop.it
634715,forbrugerombudsmanden.dk
634732,flowcrypt.com
634801,ftc.br
634811,fortunestarsnetwork.nl
634879,frontrowcentre.com
634898,febzen.com
634907,freshpathway.ca
634920,frikintech.com
634943,ff-platform.ru
634976,flightdec.com
634980,fontstorage.com
635012,fnordserver.net
635055,fusionmtools.com
635100,freshinspirelab.com
635117,frenchnails.ru
635138,finalnow.co.uk
635142,futureslotsnetwork.com
635184,funkymooserecords.ca
635186,freepresspro.nl
635223,freshcasinodaily.com
635270,farmaciasaludbarcelona.com
635273,fastflow.tr
635308,fangdun.vip
635319,fif.com.pl
635350,farkopplus.ru
635356,fitnessraum.de
635370,fauxtel.com
635380,foxnewsradio.com
635388,farmfoodfamily.com
635393,ffxivmb.com
635475,fandjexports.com
635503,floot.com
635549,ferrero.de
635563,faebook.com
635579,focustrail.ca
635593,flisekompaniet.no
635602,freefixer.com
635651,focusmark.us
635660,ferienundwohnen.de
635683,formrequests.com
635736,fapmove.com
635769,farmaciasrp.com.ar
635770,fischundfang.de
635780,futureslotspoint.com
635782,fonbet.com
635791,fedconnect.net
635795,feerc.ru
635801,freshtrail.us
635837,frisetta.com
635839,flipcoin.net
635857,foreverblueshirts.com
635870,fuelcellenergy.com
635893,filmdates.co.uk
635896,frpk.xyz
635913,finansnorge.no
635942,familypowersports.com
636001,fabricadeperiodismo.com
636023,freespiritfabrics.com
636045,freepornhdonlinegay.com
636061,ferroplast.es
636080,futureme.tech
636122,freshluckypro.com
636129,fairgogames.club
636175,futureroulettenetwork.com
636245,fplayt.ro
636254,flixtor9.cyou
636276,fuyuu32.com
636377,fennel-lang.org
636497,farmersagp.com
636534,fadilaw.cn
636539,farmarcas.com.br
636563,five-lions.co.uk
636569,fightersshop.com
636587,frankfurtticket.de
636613,firefish.io
636627,freakathlete.co
636635,fidu-juris-avocat.com
636712,fastlogicdrivebase.nl
636805,floridadaily.com
636822,forecast.app
636826,freshpaint-hipaa-videos-proxy.com
636830,flower.ai
636838,freshjackpotbase.com
636869,funrust.top
636891,freed.care
636898,fossanalytics.com
636920,flaut.travel
636923,fareverdb.com
636929,fiveriversit.com
636937,freehostingnoads.net
636949,fastbookmarks.win
636987,fabricuk.com
636989,fermec.com.br
636991,ff.co
637073,fortismedia.com
637075,flagman-auto.pro
637088,foodjoyy.com
637108,fastrunningblog.com
637109,fourbieexchange.com
637113,furusato-vfuru.jp
637125,futureroyalcentral.com
637167,fintechos.com
637185,fuorinorma.it
637187,finty.com
637201,ftcelectronics.es
637207,frxsw.cc
637228,female.com.au
637302,filmix.name
637309,fliptheswitch.com
637319,frecherchat.com
637329,flyrnai.org
637330,fitness22content.com
637337,fangche.net
637338,fragdeck.com
637342,flik-flyak.ru
637352,flowersbyeva.com
637374,foret.at
637513,fesretail.com
637528,forestdeclaration.org
637544,foxnet1.net.br
637563,freedmr.it
637585,fbmgaming.com
637594,fanhaaland.com
637599,fem.es
637608,fondazionefilarete.com
637614,fundacionstarlight.org
637641,foo.bar
637649,fonewalls.com
637650,fid-benelux.de
637693,freepdfbookspot.live
637698,forceofnatureclean.com
637708,farnsworthmuseum.org
637882,facturoporti.com.mx
637883,fanaken.com
637884,farmaciabajan.ro
637885,farmaexpress.com
637886,farmatodo.com.ar
637887,farmdidi.com
637888,feny24.hu
637889,findsav.com
637890,fistbump-news.jp
637891,flashff-blog.com
637892,flywoo.net
637893,formacionpsicoterapia.com
637894,forum-zur-letzten-instanz.de
637895,frankrosspharmacy.com
637896,freevap.ch
637897,fusionfirearms.com
638237,fitbottomedgirls.com
638238,fmic.pl
638247,freesourcecode.net
638256,freshcardsexpress.com
638261,furieglorieux.fr
638351,fakeserjio.cfd
638374,fundoohairstyles.com
638482,fpncash.com
638493,freshwatercleveland.com
638505,fitclubcolumbus.com
638511,fischer-ka.de
638516,finxter.com
638522,fnfs.net
638531,fantasyliterature.com
638550,fedsrv.com
638556,fragataeantunes.com
638575,forumrieltorov.ru
638577,fontanobuvi.com.ua
638612,finproc.ru
638692,freeartplus.nl
638697,francexe.com
638726,freepornomom.com
638741,febras.ru
638771,fowir.com
638774,frenchflorist.com
638818,forgeprofond.fr
638828,freespeechextremist.com
638919,filmtett.ro
638954,famis.com
638991,f168.today
638992,fundacaocefetbahia.org.br
639005,farmads.co.uk
639043,fc00.ru
639068,freevpn.win
639102,freshcap.com
639103,fortluft.com
639135,finscraper.com
639143,fcg1688.net
639148,fxcollaborative.com
639180,fapclub.vip
639243,fairfitnessbreda.nl
639257,fesmag.com
639288,funsky.su
639322,flowvolkswagenasheville.com
639338,fsck.com
639358,fantasyfi.io
639363,f45.com
639364,freshinsight.us
639372,freshcore.us
639389,freshslothub.com
639400,fencingtracker.com
639407,flow-access.online
639451,fortefoundation.org
639465,flexe.fr
639487,feedbird.com
639520,fijilive.com
639522,fluxfiber.us
639548,from.tv
639568,firstporntubes.com
639591,fontfreak.com
639593,fester.com.mx
639621,freebooksummary.com
639623,fbx.one
639631,fosters-shoes.com
639680,fposnautilus.com
639696,filtadalafil.com
639751,fullyappliedservices.com
639756,fazeclan.com
639766,farben-umrechnen.de
639774,foldscope.com
639805,f-ck.me
639820,forenxtech.com
639833,failleroyal.fr
639849,fotovandekerkhof.com
639879,fortbeach.com
639904,fascin8app.com
639909,fresharenamarket.com
639910,freshlyhubmarket.nl
639923,fundermax.com
639927,finmoll.com
639937,fullamsalanins.qpon
639956,fantaisieravissant.fr
639986,forbiddenfap.com
640019,flhealthcharts.gov
640066,fcthun.ch
640089,fisi.tv
640091,freebookdns.com
640159,forceoneit.com
640167,ffcars.com
640201,fiberinthebox.com
640205,fanscore.com
640267,fotosale.ua
640281,frenteacano.com.ar
640286,fetoo.com
640301,fantasyrealmser.com
640308,fitnesspassport.com.au
640328,fcri.co.jp
640338,firstamendmentcoalition.org
640378,fcmart.uk
640408,firstdallas.org
640425,fisiomarket.com
640426,fulipuzi.com
640467,findomsonly.com
640476,foresttrendmedia.nl
640480,freelang.net
640489,fieldslexusglenview.com
640490,fastdwd.com
640505,foundationyears.org.uk
640521,f0rtuna.fast
640524,finam.eu
640530,fyjbu0qkiv.cn
640540,findlotsonline.com
640541,fosrvt.com
640549,feiyixuezixing.cn
640581,flexcorner.us
640618,fifagames.app
640630,fotoplanet.at
640634,filkos.su
640700,freifunk-aachen.de
640716,fontsapp.ru
640736,forbes.com.tr
640769,fresharenaworld.com
640803,fdgcos.com
640829,fiod.nl
640844,fohn.at
640846,fluidui.com
640847,flagma-ge.com
640861,freshcardsstation.com
640879,fiveletterwordfinder.com
640901,furn.com
640913,fort777.me
640921,frauklinik.ru
640939,flight1.net
640974,fanliguan.com
641046,fisher-ff.ru
641116,flooringstores.com
641136,fly88.select
641156,ftf.org.tn
641191,freedomforuminstitute.org
641251,fullxxxmovie.com
641268,franktronics.net
641325,feuerwehr-ak-ff.de
641377,f-1-t-6.com
641378,federallabs.org
641385,futureclublounge.com
641493,francisfordcoppolawinery.com
641505,fantasyfootballcalculator.com
641553,flexview.ca
641554,familynow.club
641593,flot2017.com
641594,firststop.fr
641604,frentix.com
641614,freeorion.org
641649,fc-saarbruecken.de
641668,faircareerlife.nl
641694,f168.tools
641762,foxslots.com
641824,fortin.ca
641834,frame-stv.ru
641852,flamman.se
641869,fluxmagazine.com
641931,freshpath.us
641935,floridaeverblades.com
641936,focaldoor.co.uk
641961,furusatokaiki.net
641968,filmschule.de
641993,fast-proxy.ink
642024,fccenvironment.co.uk
642030,filmfutter.com
642047,fy169.net
642066,foudreceleste.fr
642218,fan-fortboyard.fr
642219,farmaciadarrabida.pt
642220,farmalog.info
642221,fimotro.gr
642222,firstascent.co.za
642223,fixpart.hu
642224,flirtshop.kz
642225,flora-online.cz
642226,fluxpaid.com
642227,form-qr-code-generator.com
642228,freeh5games.com
642541,fishingtime.hu
642542,flip.gr
642543,foodland.sk
642544,forcaaerea.com.br
642545,forumfeminarum.nl
642546,friasneto.com.br
642683,ficrol.com
642684,fincutmen.com
642685,fmfm.jp
642686,fofyshop.ro
642687,footshop.gr
642688,fotoplus.hu
642689,fouanistore.com
642690,frcomoto.si
642788,frontify-artifacts.com
642792,ftfmpb.com
642826,focusblog.co.uk
642864,futtsu.lg.jp
642866,fantasticfunandlearning.com
642870,feed.pm
642873,funtastee.com
642943,fhglinglong.com
642949,fgbaohetang.com
642965,fazhiba.com
642995,faithfullink-ind.com
643046,fidm.edu
643048,festacatalunya.cat
643050,fsris.org.rs
643056,fatburners.at
643072,fresharenaspace.com
643092,finserver.info
643105,firesupplies.ae
643106,fifthlazgin.top
643134,flora-parfums.com
643153,forux.nl
643158,futurepokerlounge.com
643168,firerecords.com
643193,fasttext.cc
643198,freshhub.nl
643213,familyfriendlyvillas.com
643228,fuelleduk.com
643232,focusontheuser.eu
643262,fcnb.ca
643279,freestockphotos.biz
643315,faytthelabel.com
643359,futas.net
643381,fondation-louisbonduelle.org
643387,fone-world.co.uk
643394,f6b7v3f.com
643420,fcpas.org
643530,femmeluxe.co.uk
643558,finagotech.com.tr
643563,faunatopics.eu
643570,fitmittenkitchen.com
643586,funeralwise.com
643599,foodservicedirect.us
643605,funbox.ru
643608,forumeribatouring.com
643634,furkconnection.net
643644,farmaciaeu.com
643710,fagps.ru
643714,firecut.ai
643728,felicita-crimea.ru
643732,fei116.vip
643770,fusfoundation.org
643787,fgkh.tatar
643857,filewale.com
643939,fiammasuccesso.it
643954,fasau.ac.ir
644000,fctwente.net
644007,fiplab.com
644026,flexappconfiguration.ru
644048,finquota.com
644057,freshslotzone.com
644137,fxyd182.cn
644173,fastbuzzlive.com
644176,forex-broker-otzyvy.com
644178,feedent.com
644184,fanganben.com
644207,freiheitswolke.org
644215,fetchpetcare.com
644229,facets.cloud
644231,fjordmail.no
644235,fixturejournal.co.uk
644263,fauteardent.fr
644308,fiber-line.com
644315,fi.com
644322,froomo.com
644325,freshairarchive.org
644348,fcpatinatge.cat
644352,fieldfamilytree.ca
644409,flashalpha.com
644429,fortisandbox.net
644448,freezingbite.com
644467,fermacc.cc
644496,feadora.com
644497,ferducci.eu
644498,fertility.sk
644499,fiskekompaniet.se
644540,flowfeet.com
644543,farmweeknow.com
644559,fundresearch.de
644565,fanqiexue.com
644588,freshspinworld.com
644686,freedomonlinecoalition.com
644691,fortissimafungus.com
644776,fulmineturboporto.it
644813,footasylum.co.uk
644845,fehmicarehospital.com
644883,freetamilebooks.com
644903,from-me.org
644944,fairwayfordparts.net
644970,funix.edu.vn
644979,freshorbit.us
644983,fishandgame.org.nz
645032,freeon.name
645079,francobordo.com
645124,ftimes.kr
645132,feip.dev
645153,fly88.promo
645158,freshvoice.ca
645163,fanatics.fr
645180,fibrativainternet.com.br
645235,futurejackpotlounge.com
645236,fashionmagv.com
645254,fileminer.net
645284,fuzisun.com
645309,fastslotmatrixpoint.nl
645310,fxplus.ru
645313,fxmotors.fr
645322,foxnomad.com
645328,fraud.com
645332,froschvacations.com
645369,feste-ip-waas.de
645408,fistbumphosting.com
645428,forestvip.ru
645434,figinternet.com
645514,factorcode.org
645522,ffa-aero.fr
645572,fotohaus-kiepker.de
645610,foxhome.com
645620,fervoreluceora.it
645699,fariya.com
645700,felice.bet
645739,fortunevia.com
645760,fastglobalbasebase.nl
645799,failleceleste.fr
645803,freehotelcoupons.com
645804,fair-rite.com
645813,fundz.net
645814,fofovoice.com
645835,frames-design.com
645887,fuelyourbody.de
645932,fresh-spring-119.store
646095,failheap-challenge.com
646114,fenghh.com
646135,fc36.cn
646143,freshreelsmarket.com
646191,fullcarx.com
646205,foodtaxi.ru
646208,fakuma-messe.de
646221,fsbd.com.cn
646229,fabnews.faith
646261,flight13.com
646265,fluxerusercontent.com
646278,foundersinfluence.com
646297,flw.com.ph
646376,foxland.fi
646395,feriadellibro.ar
646438,freerentads.com
646480,fundnavy.pro
646512,fightandshop.com
646524,fjsdalkfa12rs.xyz
646532,freshspinhouse.com
646559,fattail.com.au
646561,freeguessr.com
646562,futbol-yetenekleri.com
646577,fakerjs.dev
646607,focal-naim.com
646703,floralms.ru
646708,future.ca
646729,flashcova.com
646735,futurereelshub.com
646754,frasersproperty.co.th
646762,formmaker.nl
646772,finnewsnetwork.com.au
646798,frazercloud.com
646818,filigranes.be
646857,fridaysis.com
646886,fastnetworks.tech
646893,f13.net
646943,fandejong.com
646970,furniturebox.se
647041,floatrates.com
647117,frilansik.com
647132,flooringinstallation.org
647143,fluorocarbon.co.uk
647147,fancast.com
647161,fight-bb.com
647181,ff30win.com
647227,fortresspress.com
647241,foodbymaria.com
647283,fortec.net
647284,fduky.com
647339,freepgs.com
647344,finmoon.net
647363,frappebrillant.fr
647402,funbet.com
647442,fasttechforgepoint.nl
647454,faxaju.com.br
647459,fcs.net
647468,freshstream.us
647491,fundthrough.com
647493,fx.ee
647517,fanytaerw.shop
647527,flyingtech.co.uk
647533,f5.pm
647591,firstbank.com
647619,fbc.jp
647642,futuretrendmarket.nl
647644,fwtd.cn
647662,flexmonster.com
647725,fullcircle.com
647758,fam-is.com
647762,floorplans.com
647789,failedarchitecture.com
647881,formatsoftware.de
647901,falck.dk
647930,freshmail.pl
647981,furnituredepot.com
648060,feifei-video.com
648100,familyheritage.info
648134,fuckcams.com
648148,friseurscheren.info
648154,freshgamblegroup.com
648205,frontlineclub.com
648237,forumpolish.com
648242,fanhao101.cfd
648298,fujitsu.ee
648333,full-stop.net
648357,french-stream.pink
648380,findmypicsearches.com
648388,freesat.co
648394,foximbox.com
648422,frederickdigitalsolutions.com
648430,fleet-okta.com
648458,florenceitalyhotels.net
648482,fantasylife.jp
648505,fpc.org
648547,fluidshd.com
648562,fuk-ab.co.jp
648590,full-sliv.com
648627,fincash.com
648645,flowscrim247.com
648656,frauengesundheitsjournal.com
648682,futurotec.com.br
648719,fappic.com
648813,fuliappdown.com
648838,future.news
648882,fat-pie.com
648947,fusioncash.net
648999,fishingozstyle.com.au
649002,ffib.es
649027,fmod.org
649047,fgtix.io
649086,fortticonderoga.org
649106,fundaciongabo.org
649130,feelin.ai
649167,free-counters.org
649208,fastlanespares.co.nz
649212,firstwork.com
649223,freecasinogames.net
649233,freemeteo.lt
649238,fleurop.com
649277,fulcrumwheels.com
649279,filmpornofrancais.info
649294,fantuansjz.com
649302,forum-malinois.net
649307,filmhuisdenhaag.nl
649311,falconbandalarga.com.br
649341,figghtashop.com
649370,fantasyfeed.co.uk
649418,filewatcher.com
649432,findtherun.com
649434,froghire.ai
649497,freshluckyworld.com
649502,ftrackapp.com
649515,fandan.co
649543,ffcc.fr
649610,from-market.com.br
649659,freegate-next.com
649673,fairfield-city.org
649737,formrank.co.uk
649795,fastoptics.com
649802,fez-berlin.de
649819,farmakeioaggelidis.gr
649825,frightprops.com
649826,frankfurt-live.com
649859,fotomen.cn
649912,frdm.to
649943,freinet-online.de
649962,fk520.com
650010,fise.fr
650016,ffz1.net
650030,furrynetwork.com
650055,freshwagernetwork.nl
650062,filmmania.click
650068,fly88.green
650115,flagman.one
650146,f9el.cn
650168,freeflight.space
650201,fontmood.com
650225,fxpesa.com
650244,faarupsommerland.dk
650298,ficfart.org
650317,fastcdn.com
650319,foundico.com
650334,forexbrokerslist.site
650360,forumkz.ru
650374,froddo.com
650421,fragile.co
650442,familytrip.fr
650489,filsildenafil.com
650522,felicianojoyeros.com
650537,forcedrop.fun
650560,fyshockabsorber.com
650561,fpc-mob.com
650584,famuathletics.com
650633,fonestero.com
650707,freedompublishingbooks.com.au
650723,flightsearch.app
650740,fcbl.bt
650750,flexxon.com
650755,finejin.com
650756,fauteroyal.fr
650771,fluidreview.com
650836,fmnplc.com
650846,factcheck.ge
650858,factcentral.co.uk
650865,floydianslip.com
650885,festival-interceltique.bzh
650890,ferda.net
650898,fnf.ca
650903,freshconsulting.com
650953,fibervision.net.br
650986,fox-tv.fun
650995,firmo.ca
651059,forkandbeans.com
651093,feidaoptics.com
651095,fedecoltenis.com
651162,fsmenswear.com
651166,fast.org.tw
651170,famousparenting.com
651196,freecall.com
651215,fitnesslook.ru
651230,freshviewreport.com
651243,fatburger.com
651272,fighthype.com
651323,foxracing.ch
651327,faberdns.net
651331,flextv.co.kr
651334,filedudes.com
651388,fonbet-new.top
651403,fastgpt.io
651461,feversocial.com
651502,futuremovieshop.fi
651511,forum-religion.org
651573,flagshipcredit.com
651578,fujikyu-travel.co.jp
651663,foodmaxx.com
651666,frankenfernsehen.tv
651694,foundaiextension.com
651709,facturacioncapufe.com.mx
651721,fukuwarai.net
651728,frontpointsecurity.com
651862,fiepr.org.br
651866,flou.it
651872,filmyou2.lat
651875,fr.tc
651903,facimar.com.ar
651907,fullxxxvideo.net
651910,freshblackjackpro.com
651925,fondazionemaxxi.it
651975,fishtanksdirect.com
652001,funnelfox.co
652040,fff.com
652066,flow-vps.cc
652076,freshpointway.us
652086,floppingaces.net
652088,fredwilliams.ca
652097,freshgamblestation.com
652100,fspage.com
652120,forecastock.tw
652203,fifaworldcup.com
652240,forumsocialmundial.org.br
652241,fuckcasino67.club
652289,falcotto.com
652306,fiort.ru
652346,free-css-templates.com
652378,flirtchatdating.com
652402,farbdenker.net
652407,frackend.net
652422,forestmusictalk.nl
652435,franx.com
652447,freestates.net
652455,fol.it
652533,freeletics.net
652571,fc178-ph.com
652609,ferianativa.com
652613,fromdust.art
652690,fastwinnationbase.nl
652790,firstbusiness.bank
652792,fazwaz.jp
652849,flashingblinkylights.com
652868,formdesigner.pro
652870,flirt.community
652878,fashiontimes.it
652892,firstcarrental.co.za
652948,fxbgtech.com
653012,fibernet-tv.com
653014,fibermarkt.com
653026,freeexpertranking.nl
653091,floydsbarbershop.com
653108,futureroulettestudio.com
653111,fastnlp.top
653123,fcmlindia.com
653140,fazieditore.it
653184,fuji.co.jp
653192,familienunternehmer.eu
653245,freshroyalnetwork.com
653264,fit-torg.ru
653265,firehydrant.com
653316,faadooengineers.com
653317,fiammaghiaccio.it
653324,fandaynation.com
653350,fxn.ws
653379,flydata.ru
653403,freizeit.at
653467,flughafen-erfurt-weimar.de
653487,freesql.com
653490,frantiskovylazne.cz
653496,feuerwehrversand.de
653509,firstledger.net
653516,fellipecatirapremiosdemamae.com
653560,freearabianporn.com
653573,fiscdp.com
653627,flowers4cyprus.com
653632,fygaro.com
653684,fmbcfmba.ru
653690,fruits.ne.jp
653709,fatsecret.pt
653725,forbes.vn
653728,frappecloud.com
653772,finaleline.com
653823,freshluckyexpress.com
653836,facebook-program.com
653889,freshluckyplus.com
653905,fixxyou.com
653926,fusionww.com
653962,fevogm.com
653966,freejazzblog.org
653998,fgo.news
654059,fis.edu
654081,flavorfulife.com
654085,factorgenie.com
654131,fme.nl
654136,funcasino.com
654152,ffdo.net
654181,fortivoice-cloud.com
654214,fmshots.com
654228,firmswitch.co.uk
654276,frugalinfo.com
654286,flyermedia.net
654339,fractal-timewave.com
654347,functionfox.com
654357,filonl.ru
654414,floorstoyourhome.com
654416,fastviewdata.com
654422,fintechnews.ph
654472,freeed.com
654486,fishingflytackle.com
654514,fpf.org.pe
654561,freecapitalists.org
654571,fresharenapoint.com
654573,flyfuk.com
654605,fcnews.net
654652,fcmania.com.br
654653,featherandnoise.com
654654,flyers365-za.com
654655,fuckup.me
654656,futurepropertyauctions.co.uk
654833,fabriprint.pt
654834,faesa.br
654835,familieresortdetovertuin.nl
654836,fenix24.com
654837,fienza.com.au
654838,fitoessencia.com.br
654839,fitplanetco.com
654840,flatsun2.com
654841,fleetprocure.com
654842,flynnstoned.com
654843,fm105.com.br
654844,focusonsound.com
654845,footballshirtmaker.com
654846,forevernew.co.uk
654847,forumbaku.com
654848,foxracing.ca
654849,fragwavebd.com
654850,fsiblog.xxx
654851,funcao.com.br
655120,facto.cl
655121,falagenefax.com
655122,fanatics.mx
655123,fastenergy.at
655124,floid.app
655125,fontshut.com
655209,focuscrest.ca
655223,fullratio.com
655226,frostspinner.com
655334,flickercosmetics.com
655359,feam.br
655363,faircompanies.com
655387,fastspeeds.ir
655429,foodbanking.org
655442,fridas-wollhaus.de
655526,fluentphone.net
655533,flightsearchdirect.com
655568,fisco7.it
655569,franklin-electric.com
655570,fulfillingcareer.mom
655607,flora-online.sk
655617,fljs.org
655676,falak.sa
655680,fiszkoteka.pl
655691,fenderbender.com
655697,fuhrpark.de
655709,flatiron.io
655719,freiexchange.com
655728,fridaystatic.com
655738,furiosa.es
655756,famguardian.org
655801,finam.fm
655817,ffe.de
655822,foxpoi.com
655850,ffs.fr
655887,fanickel.com
655888,forbiddenzone.eu
655894,fantasize.net
655926,filfox.info
655943,faelix.fr
655971,fanyamal.com
655992,foxtest.cz
656006,format-tv.net
656022,floridapanhandle.com
656066,fosroc.com
656069,fachai-ph.com
656089,financeun.com
656104,focoregional.com.br
656147,ferrari-lund.com
656171,fishingreservations.net
656183,freshlydeskmagazine.nl
656193,forum.cl
656198,farmingparts.com
656214,factorform.com
656222,fenix-bg.ru
656252,frii.net
656294,ftwproject.com
656348,fultonhogan.com
656398,flexa-systems.com
656399,flyuid.com
656400,fruugoindia.com
656475,forcedrop.pro
656502,freecodevip.org
656518,france-helico.com
656524,funwinslots.com
656603,fretex.no
656609,fralinpickups.com
656618,fcloud.live
656630,fipe.it
656717,fasturl.net
656724,fluorofinder.com
656731,foley.io
656744,fusiora.com
656758,fuocorete.it
656761,forestparkreview.com
656768,favoyeurtube.net
656867,flitto.com
656875,formden.com
656877,fjx68qp.cn
656893,familieelternundkind.de
656911,findingzest.com
656997,facephi.com
657002,followerfast.com
657031,fediverse.info
657037,faurealcarhire.co.za
657072,filmhd1080.video
657088,familyfreshrecipes.com
657105,forestpoststyle.nl
657108,frendsbeauty.com
657143,futurezoneinsider.nl
657166,fashionsnap-assets.com
657192,familymart.com.my
657259,futureboy.us
657290,freshslotexpress.com
657296,futureworldtech.se
657327,forummikrotik.ru
657333,floydcountyga.gov
657334,flexdns.org
657340,forest.go.th
657358,flukebiomedical.com
657378,familybusiness.org
657400,fagaf.com
657408,flystar.site
657414,flavrreport.com
657415,figuradoma.ru
657419,festscanner.com
657426,fidelityhomestead.com
657454,fedasil.be
657490,femtechinsider.com
657533,freshslotsstation.com
657539,fahrenheit.net.pl
657544,flaschen.io
657560,factfront.co.uk
657634,framework360.technology
657645,fenqubiao.com
657736,flickread.com
657754,focus-server4.gr
657755,fizzle.co
657761,fmsendcrmclick.eu
657780,freemaps.net
657799,ffsystems.es
657802,freshly.com
657823,fnztbw.com
657826,foodincmovie.com
657850,friendlyplanet.com
657855,football-coefficient.eu
657856,familywealthreport.com
657881,feast.dev
657915,factsandcomparisons.com
657927,flix.vn
657935,fxprimus.com
657937,fiorebakes.com
657953,fintechasia.net
657969,florislondon.com
657971,fourwindsgrowers.com
657976,freeshopspot.nl
658037,forumdoinvestidor.pt
658054,farmersmarketcoalition.org
658061,farberwarecookware.com
658066,fizzsocial.app
658094,farmaciasvivo.com
658127,farmatogo.com
658135,fionadiamonds.com
658148,floornature.com
658170,foxmovies-jp.com
658172,figuremarkets.com
658176,fanisetas.com
658181,freshroyallounge.com
658228,fxt365.com
658230,flextrail.us
658264,footballqueensland.com.au
658330,freshgamblemarket.com
658380,f150leds.com
658460,freedomsoftsites.com
658554,firstorion.com
658564,fischer.group
658586,flexview.us
658622,fragrancerevival.com
658795,futurenuri.co.kr
658808,fti-corp.com
658857,frontiersecu.com
658884,fbnbankguinea.com
658889,fernhotels.com
658911,firmas.mx
658936,filianislost.com
658961,flairespresso.com
658969,freshlyguidefinder.nl
658984,fanarch.com
659009,freakshare.com
659025,fuji-x-forum.de
659044,filemanagerasiskrs.com
659055,foreignaffairs.gov.ng
659081,flukeprocessinstruments.com
659084,fansbongda.com
659086,fuck-xxxtube.com
659097,freshreelsnetwork.com
659106,fslife.com
659152,fussballtraining.com
659158,ford.ru
659195,fusion.sk
659201,forum-morgan.fr
659220,fushaar.com
659326,ffrt.ru
659358,funceme.br
659403,fisystem.com.br
659404,foreverpuppy.co.uk
659405,foxracing.es
659406,freepsdking.com
659553,familycare.ai
659554,filadd.cl
659555,firestone.co.cr
659556,first-online-banking.com
659557,flormiss.fr
659558,fmovies-net.com
659559,foodloversrecipes.com
659560,fr8.in
659561,freeanimalporn.net
659562,freighttiger.com
659563,fxtmng.com
659776,fashionforest.co.kr
659777,fengchedmp.com
659778,fenzy.it
659779,ffpk.org
659780,film2serial.ir
659781,firmoo.ro
659782,fiscaliaveracruz.gob.mx
659783,fo4players.com
659909,faceplusplus.com
659940,firstjob.com.cn
659952,freshroyalonline.com
659953,foodcity.ru
660007,fastclouddns.com
660035,fitdog.com
660041,filmix.la
660061,food-recipe.ru
660062,farmvisit.com
660092,fsc.gi
660097,filmix.film
660101,filmworks.se
660122,flickeria.co.uk
660136,fondationemploijeune.com
660240,fuji.com.tw
660244,fnzc.co.uk
660262,fowoxs.com
660290,fabricio.adv.br
660308,flyingomelette.com
660338,fusioninformatics.com
660360,farmvillehomestay.com.my
660446,florencemarinex.com
660454,farmaciasdelpueblo.com.ar
660481,fernwoodfitness.com.au
660528,frasercoastchronicle.com.au
660555,futureroyalgroup.com
660573,fto.to
660620,fibraplus.net.br
660701,furuya.cn
660708,funtom.ru
660731,flowtech.co.uk
660744,fapdu.com
660787,fztex.net
660811,formaspettro.it
660834,films.org
660868,financecryptoworld.com
660872,freehead.com
660898,fpvhub.com
660966,flozic.ai
660991,farm-pro.ru
661009,fcsm.ru
661032,followthatpatient.com
661076,faceboock.com
661134,flashgames247.com
661178,fapellino.net
661180,faberkabel.de
661186,france-abonnements.fr
661218,fgribreau.com
661237,fluffysub.com
661384,favsite.jp
661412,fed-soc.org
661419,fantasy-in.de
661487,fastspringresources.com
661489,frankclubcasino.com
661490,fritshardeman.nl
661496,forexbrokerz.com
661498,flosscross.com
661532,fieldethos.com
661534,friendofthesea.org
661539,finditpr.com
661581,finmart24.ru
661601,feadship.nl
661604,filteredmx.net
661622,flyokc.com
661654,filmovi.me
661660,facia.ai
661729,fmgyl.top
661787,followwe.club
661797,fieldalytics.ca
661802,fast1speedshop.com
661811,flat-servers.net
661831,fur93.cn
661832,funkyfreeads.com
661876,fulicaipiao.cn
661960,fun88thaimeth.com
662041,floor-plan.ai
662076,flaixfm.cat
662093,fixthemusic.com
662094,fantokens.com
662167,fontshub.pro
662194,falkon.org
662239,fkunissula.ac.id
662243,flaman.com
662261,finapihost.ru
662311,fepl.ca
662314,fasterwaytofatloss.com
662317,fair-commerce.de
662339,films2q.fr
662348,franklywearing.com
662375,fastcloudnetwork.com
662379,freshnexis.com
662382,fhmzbih.gov.ba
662397,fiepts.com
662481,filmbro.com
662497,fitechefi.com
662577,fanink.com
662578,fugo.com.tr
662594,francedigitale.org
662605,fcpredicts.com
662682,forhex.xyz
662685,findatherapist.com
662699,footlocker.net
662756,freetvproject.space
662767,fmx.cn
662785,flamme.co.jp
662799,falemaisvoip.com.br
662885,falsebaycollege.co.za
662934,fguz-tyumen.ru
662994,fortelabs.co
663109,flyhcsites.com
663152,flower-park.jp
663228,forda-mof.org
663241,fortunasittard.nl
663243,fraggrind.co.uk
663254,firstclassmobility.com
663284,flectech.com
663296,farmry.com
663350,finboard.net
663394,fischers-fritze.com
663397,flohoops.com
663408,freshvisionhaarlem.nl
663420,foxchip-collector.com
663441,farmaciamazziniroma.it
663471,foundingfathers.info
663487,firi.com
663523,fiveforks.com
663577,futuregamingnetwork.com
663630,fullforms.com
663636,findcord.com
663666,fortishield.online
663718,fahrrad-xxl.at
663730,formacioneuropea.com
663735,ftchinese.org
663769,fuq.kim
663775,fondantpgpay.com
663811,fipf.org
663831,forumuuu.com
663855,freshfamilypro.nl
663859,feb.ee
663944,flagdom.com
663988,fabrix.ro
663989,fastpara4.net
664013,ffok.com
664045,fulcrumpro.com
664055,finixops.com
664179,freespeechforpeople.org
664186,freedombroker.global
664218,fkcaijing.com
664257,filamentive.com
664263,florinmuresan.com
664287,filmyar.net
664315,febalcasa.com
664340,filmgrail.com
664348,findmyelectric.com
664350,forum-airguns.com
664373,fun-bet.nl
664425,firstmajestic.com
664432,fastcodz.ir
664435,friskyradio.com
664441,fera24.cz
664442,fullcartuning.de
664487,futurefocustoday.com
664586,freefishing.cz
664596,faze.co.uk
664603,factrealestate.com
664605,ftoday.co.kr
664627,fitgap.com
664633,firstdatacorp.co.kr
664638,fazwaz.com.pe
664706,frenzino.de
664721,firerockdigital.com
664728,freehomeschool.app
664775,flexpos.com
664782,flyfishing.co.uk
664785,fauxhammer.com
664814,freedocast.com
664821,fusionindustryassociation.org
664867,futuretechinsights.co.uk
664912,fadevpn.co
664919,favorite6233.net
664939,focus-empfehlung.de
664971,francsjeux.com
664973,fingers-welt.de
665019,faiths-websites.com
665036,fandiexpress.com
665080,fitdegree.com
665097,farmacialacreueta.com
665120,freshgardencloud.nl
665179,fouryearswasted.com
665226,fynndns.de
665249,fancydress.pl
665254,fit-baza.com
665275,flottweg.com
665296,floridavets.org
665304,fangm.com
665320,fsproxy.site
665321,familyloves.net
665332,fredsappliances.com
665340,footballbrosfree.com
665391,falconmorph.blog
665410,focusgames.com
665443,finctime.com.br
665445,fifa08.ru
665447,fanbase.hu
665451,fpvoleibol.pt
665454,fastned.nl
665456,filmjournal.com
665458,fahasatridata.co.id
665465,freeclinics.com
665480,fulbox.com
665509,fredericmalle.com
665545,fndhope.org
665563,freesexvideo.pro
665564,financefwd.com
665615,fur.com
665627,frxs9.cc
665631,fixaq.com
665694,faydabilisim.com.tr
665733,foodbag.be
665783,facebooklive.com
665797,fritz-schimpf.de
665856,fantasyteamadvice.com
665858,farsettiarte.it
665876,fittingspneumatic.com
665880,flxf.me
665898,focusgroup.co.uk
665919,fastcoincard.com
665935,fmset.eu
665967,freudwiki.site
666009,foodchallenges.com
666045,f8betv1.com
666141,fitnesspartsdirect.co.uk
666158,freepornpreview.net
666175,from-ar.com
666182,fer.casino
666192,ffffm.net
666200,free-wp-hosting.com
666213,forestpresselite.nl
666220,fuers-buero.de
666263,fault-magazine.com
666264,focuspathway.ca
666272,freerealestateresources.com
666292,fo4s.net
666298,french-west-indies-hotels.com
666346,fotocadeau.nl
666347,fbu.com
666356,femboysexchat.com
666417,findojobs.co.za
666513,funlife.cz
666540,fietsenopfietsen.nl
666553,fort-is.ru
666572,furniturediscounterspdx.com
666586,fetsdwan.com.tw
666623,fisdom.com
666659,fuelyourbody.be
666669,flybussen.no
666703,favicon.co.uk
666704,fnathservices.com
666734,freshgamingzone.com
666775,fundyfuneralhome.com
666779,finenordic.de
666787,fietsenstunt.nl
666807,freedomservers.com.au
666834,flomarching.com
666839,frocbook.de
666848,f66win.net
666857,fuji-keizai.co.jp
666875,flipeducation.ai
666885,furniture24.eu
666903,foreignbulletin.co.uk
666910,freshslotpoint.com
666927,fms.gov.au
666975,fxscouts.com
666984,fondazionebasso.it
666999,fashionfy.app
667014,fplaw.com
667026,ferrosim.es
667081,flughafen-saarbruecken.de
667112,fcanorthamerica.com
667113,fuckcasino68.club
667142,funwithsoap.co.za
667149,famemagazine.co.uk
667175,finerworks.com
667194,flashcomnetwork.com
667211,freudtools.com
667235,futureluckygroup.com
667237,fitvyziva.cz
667291,flattenthefear.com
667355,fmiblog.com
667406,funmoon.su
667411,freedomholdingcorp.com
667417,fh-heilbronn.de
667421,flyavl.com
667423,futurejackpotcentral.com
667432,filmgame.hu
667447,failoversp.com.br
667498,futurevision.fr
667506,familyfranchises.com
667508,flux3dp.com
667512,futuremovezone.fr
667524,fukushima.travel
667565,finnstyle.com
667571,fastbetcasino.it
667659,fdlclassifieds.com
667688,flixer.com
667698,flaxmakerswim.com
667732,fastcadreader.com
667750,flyingflowers.co.uk
667752,facemeal.com
667753,fetishpornstyle.com
667774,findabusinessthat.com
667831,foamroller.org.uk
667832,finalbrief.co.uk
667840,forestagencyexpert.nl
667843,flutetree.com.au
667888,fonoma.com
667900,fearthefin.com
667905,fremantlemedia.com
667921,filepit.to
667925,fscu.com
667941,famesapphire.com
667952,fosbos-neusaess.de
667988,fusioncast.com.br
668013,fete-du-citron.com
668019,fanhao101.skin
668091,fitbyzara.com
668111,firstvehicleleasing.co.uk
668115,fundforpeace.org
668336,f07uoskm.com
668337,falconarmas.com.br
668338,fardinkesht.com
668339,fatshackvintage.com.au
668340,femboyfatale.com
668341,fetchfile.me
668342,fielmann.pl
668343,findbolig.nu
668344,fish-fish.com.ua
668345,fishingjapan.jp
668346,fisiolution.com
668347,fitnessnord.com
668348,fo7af07.com
668349,fo7bf07.com
668350,foodfromportugal.com
668351,foodsfridge.jp
668352,forumsal.org
668699,fabriclandonline.com
668700,farachart.com
668701,farmaciadibettolle.it
668702,farmacialiceo.com
668703,filtres-spa.com
668704,fitclub.ir
668705,fitsport.lt
668706,foreverrelove.com.tw
668958,ffkzn.ru
668959,fgmdentalgroup.com
668960,fitroom.app
668961,flpscuolafoggia.it
668962,foodomarket.com
668963,fukuoka-tenjin-naishikyo.com
668964,fuscaopretoautopeca.com.br
669079,foundrae.com
669080,fcxlljmmbqtczjya.net
669082,forumsmile.net
669083,forum-elbakin.net
669124,fyt-avezi.site
669131,freehit.eu
669187,fancai.com
669188,fashiontiger.nl
669247,fau.tv
669268,faithfulpack.net
669280,fduknights.com
669300,frees-diplom.com
669311,favstar.fm
669341,feey.ch
669349,freenationspace.nl
669355,flux-ai.io
669362,freetexthost.com
669372,fourdesire.com
669374,france-vidcaps.org
669386,fullhindibfvideos.com
669418,fi-brightsign.com
669448,francigenamelodyroad.it
669454,forest-national.be
669472,fss.com.vn
669508,fax.net.hk
669527,fluxpath.us
669565,foodbank.co.kr
669566,freemeteo.ee
669598,firmastella.com
669604,fundselectorasia.com
669642,festival.nl
669643,farba.md
669646,fsi-language-courses.org
669659,fsdaup.gov.in
669729,ferreteriadelicias.com
669751,familyneeds.de
669802,frf.info
669831,fengyunxsw.com
669867,filmjila.com
669883,fondear.org
669889,felgersfootwear.com
669946,fibernet.dp.ua
669964,freegplay.com
670030,freshpornhouse.com
670077,filingsupplies.com
670125,flaxengine.com
670130,fdauto.ru
670195,fisunucu.com
670223,fontevraud.fr
670246,fairtechpro.nl
670255,forth-ev.de
670302,facens.br
670352,forum-nas.fr
670361,feldenkrais.com
670364,freeones.be
670365,fibris.sk
670366,fuyeor.com
670402,food.it
670406,fivemscripts.shop
670488,forestry.gov.my
670507,floripahost.com.br
670633,filmexxx.ro
670645,fhlbdm.com
670681,fillatre.eu
670702,fget-career.com
670707,flysanantonio.com
670762,fispan.com
670789,foxwitch.net
670814,firebender.com
670851,fmoviesunblocked.net
670859,fruit-cocktail.com.mx
670876,fr.cr
670881,fjjxzy.net
670902,feiradesantana.ba.gov.br
670931,figu23.com
670941,fitfast.com
670944,fischer-modell.de
670976,foleja.al
670987,firstclose.com
671010,foot-health-forum.com
671044,flsc.ca
671193,freshgaming848.com
671195,forta.network
671209,fabulousarizona.com
671291,fiberglassics.com
671337,fukagawa.lg.jp
671381,fujispo.com
671393,flrnet.org
671423,feri24.com
671430,flammenprojektor.de
671482,flycom.net.ua
671483,furnishka.com
671559,firethorndev2.com
671621,fightfoodcrises.net
671648,foodessenceflavours.com
671654,findacriminaldefenseattorney.com
671670,firestickhacks.com
671676,faereal.net
671700,facecast.live
671707,feuerwehr-mtk.de
671716,freegaypornpictures.com
671736,faizgems.com
671742,fd198.cn
671774,fcacanada.ca
671776,freescout.net
671796,fion.ru
671809,flightterminalinfo.com
671834,footballfirst.com
671850,freepornvideos.click
671901,fgaspariconsorcios.com.br
671920,foremosttech.net
671932,fkyk886.cn
671957,freshsites.download
671964,fileditchfiles.st
672054,flowers4thailand.com
672067,findmydirectdoctor.com
672103,fan.art
672182,followupcrm.com
672186,ferricelli.com.br
672247,firehousewinebar.com
672261,fr-vps.com
672269,friendforpet.ru
672300,foverohenparty.com
672366,fieldcode.com
672426,fantasticcontraption.com
672465,frankhistory.com
672504,fabsugar.com
672533,freshgambleexpress.com
672591,fantasmavuoto.it
672648,focusblackjackspace.nl
672661,fixfr.com
672666,flagma.com
672698,finadium.com
672728,findafamilyattorney.com
672733,festung-hohensalzburg.at
672768,ftalkcdn.com
672807,fanscustom.com
672864,fizzyscreen.co.uk
672884,futuretv.pro
672894,fuubana.net
672917,felap.com.br
672932,forestlearninglife.nl
673036,futurepalacemarket.com
673151,farmavita.pro
673164,firstpornotube.com
673166,firebase.digital
673184,futurespingroup.com
673201,fabcbd.com
673222,faucetdirect.com
673283,feldgrau.com
673396,fashor.com
673397,fightingirl.com
673398,fikradz.com
673399,flatmate.in
673645,f3fotografiaesportiva.com.br
673646,facilito.gob.pe
673647,fajneciuchy24.pl
673648,fallenark.com
673649,fameoncentral.com
673650,fatimaart.com
673651,faturamatik.com.tr
673652,fauconbikes.cl
673653,faurie.fr
673654,fava.com.ar
673655,fbu.edu.vn
673656,fetish-games.com
673657,figar.ir
673658,fixprint.id
673659,flagranti.cz
673660,fluogames.com.ar
673661,footballshop-fcfa.com
673662,fortune-linoa.jp
673663,fqbook.cc
673664,fragranza.ro
673665,frazaoleiloes.com.br
673666,freewebnovel.vip
673999,faktykaliskie.info
674000,fanxxx.org
674001,fixpart.ro
674002,florencanto.com.br
674003,follestad.no
674004,foorum69.org
674005,fuxicogospel.com.br
674127,firstclearing.com
674155,fino.cloud
674156,fatassbooty.com
674158,fuzuanshangmao.com
674162,finforum.pro
674196,fastlaneservers.com
674234,firebolt.io
674259,findyournorth.co
674261,fsight.jp
674276,freelivesports.tv
674303,freshlymediaadvisor.nl
674335,freshguidezone.nl
674352,fiac.com
674388,fontdelpi.es
674415,frys-ix.net
674484,fzev75-rtbix.top
674528,freshpathway.us
674548,fenb.be
674549,fornet.com.br
674574,freshlypressnation.nl
674613,floridahsfootball.com
674637,ferramentailtriangolo.it
674659,findoc.com
674682,f72.ru
674777,fixdpt.com
674782,freshpointway.ca
674830,filocanale.it
674856,fondobraztsovoy.ru
674899,fasthemis.com
674901,fitforest.nl
674935,fdvr.co
675013,florestafatima.com
675035,feuer.app
675044,forexdelta.net
675048,freshinsight.nl
675134,fair4dns.de
675164,floridacustomhomes.com
675165,fuanfc.com
675250,flumserberg.ch
675251,fontm.com
675279,ferqtv.az
675300,fairtradeusa.org
675304,f168.com.co
675312,futuregamingplus.com
675330,feederland.pl
675377,fpteam.ru
675492,federez.net
675606,fonts4free.net
675610,fischl.de
675628,farsiplex.com
675666,fabionodariphoto.com
675680,flockfantasy.com
675681,findcontrols.co.uk
675719,forummvd.ru
675749,firelifesafetytesting.com
675762,firstechllc.com
675770,freestocks.org
675838,foodrinco.gr
675840,freehotgayporn.com
675851,freeml.com
675867,fv-studio.cz
675967,fluidhosting.net
675986,fablesfantasyrp.com
675998,fernbrook.top
676021,flash8.net
676023,foodbok.com
676042,freeones.gr
676062,fashioncolors.de
676070,feenix.co.nz
676076,flymote.com
676083,festivalspectaculaire.fr
676144,functionpowersports.com
676164,funiviedelbaldo.it
676177,fukuokabank-staff.net
676266,faprika.net
676337,foxkit-connect.ru
676340,filcro.net
676352,futuroexito.pl
676410,flowerdj.com
676413,freenetlaw.com
676428,fivecountyspecialists.com
676439,filmmusicsociety.org
676464,fincoad.com
676465,fossbilling.org
676531,fortitelemetry.com
676561,freeridegames.com
676624,fifgamers.com
676640,freegaypornsite.com
676677,fitauae.com
676709,filmstadt.de
676710,fenixrussia.ru
676716,fromaustria.com
676731,faktastisch.de
676737,fastort.at
676745,footballmanagergraphics.com
676765,fanteam.com
676794,fujibi.or.jp
676819,fastmoney.ru
676868,folderflip.com
676911,f2fmusic.com
676915,freshwagerstudio.com
676972,fatweb.co.nz
676992,fufeng-pcb.com
677003,fanduzhiyuanzhe.cn
677011,fidalgoleiloes.com.br
677014,flashode.co.uk
677015,filmlifestyle.com
677017,fullxxxmovies.net
677041,freshsynergy.us
677045,felbermayr.cc
677056,futurepalacespace.com
677077,fussl.at
677099,federationforchildren.org
677116,footprintengineering.ca
677142,freicon.de
677146,faltradxxs.de
677169,frumzi-0911.com
677176,fieselschweif.de
677191,forzaradio.it
677203,famitv.cc
677224,format-quality.com
677232,feqhweb.com
677286,fraktjakt.se
677373,farmamix.com.ar
677539,fiddo.io
677546,ferrariworld.com
677594,fastlending.com.au
677627,federato.ai
677639,fiscalia.gob.sv
677681,fvpextfree.site
677703,fortbras.com.br
677774,flvpn.store
677782,fb77-apps.com
677793,friedrich.com
677801,fsjinghuaguangchang.com
677815,fergusfallsjournal.com
677830,fleetdefense.com
677870,f1casino.com.pl
677894,fhqgpmuxd.com
677909,freshgames.ca
677918,finders-english.com
677961,fameiip.net
677977,framerated.co.uk
678066,feigongyouzhi.com
678116,fabresearch.org
678185,freezingblue.com
678195,freeones.ru
678197,forobernabeu.com
678221,frservice.xyz
678238,factordaily.com
678250,floridens.com
678282,forex.gg
678368,frumph.net
678403,fatpirate.com.pl
678423,fr-manuals.com
678457,freshspin80.com
678586,fresh222.com
678616,formatoz.com
678640,fnspeed.net
678655,freehaven.net
678659,fopsa.ru
678668,fyw.casino
678691,fueler.store
678735,feross.org
678754,funawa.jp
678777,festivitre.com
678804,freshgaminglounge.com
678857,freebit.com
678898,foods.edu.vn
678930,forkknifeswoon.com
678933,fengxing31.cn
678941,fassabortolo.it
678972,focustree.app
679012,filmochskola.se
679015,freshgambleworld.com
679021,forgeroom.ca
679022,fun.app
679086,forcereadiness.com
679103,feicuihuiliu.com
679108,fatlossremedies.com
679211,furnitureworldnw.com
679212,freelo.net
679252,frabbit.ru
679263,firescoress.com
679299,folkestone-hythe.gov.uk
679326,futurebettingplus.com
679351,futura100.com.py
679380,frazarij.com
679440,fhly.live
679459,fastprint3d.fr
679472,filmshortage.com
679518,fun-en-feest.nl
679581,furniturecitygallery.com
679583,faryan.cloud
679602,fieldclock.com
679632,findporntube.net
679655,farmaciapermanente.com.br
679656,florist.ca
679657,followiz.com
679671,favorietje.nl
679675,finefoodspecialist.co.uk
679718,fabiao.com
679727,fdocumento.com
679732,freshgambleonline.com
679763,flowoncasino.co.uk
679773,fursource.com
679804,femdomhd.net
679853,firefoxlife.com
679883,fnow.ru
679930,fgspro.com
679998,fastq.com
680014,foxrenderfarm.com
680043,foipremiado.com
680047,finders.ge
680074,fptt.ru
680079,flagylcheck.com
680110,ffa.de
680112,faphere.live
680132,ffcorientation.fr
680142,fortcdn.com
680155,fpcaudio.org
680156,fibcom.de
680181,flagma.nl
680218,fast-casinos1.online
680223,feminup.com
680242,forestexchang.com
680262,fujianyongnian.com
680288,facisa.edu.br
680295,fresharenaplus.com
680297,flowtheroom.com
680301,fabryka.ru
680333,fsp.org
680344,fwol.cn
680390,ford63.ru
680398,fbpinningtest.com
680419,fenlei.cn
680421,filma24.cloud
680454,fahrschule-kempter.de
680459,fairscopescope.nl
680462,facey.top
680482,findus.it
680491,freekreditslotrm100.click
680549,fastbit.se
680565,fatmoviessex.com
680578,fshf.org
680636,finistore.com.br
680656,flessio.de
680662,fehorizon.com
680679,fantamaster.it
680706,fbre5tm.cn
680717,forestershop.com
680724,floliving.com
680744,fieldexservices.co.uk
680819,freehostedscripts.net
680826,fredfelia.com
680829,fiergs.org.br
680858,flimp.live
680890,forterro.io
680902,fhbusiness.live
680917,frazierdeeter.com
680927,fitnessfactory.com.tw
680933,facebooklogin.com
680939,football-1x2.com
680963,fr-olymp.ru
680982,farmaciasgi.com.mx
681044,forestry.com
681078,fytxonline.com
681240,fessor.asia
681242,freshlyvaultlife.nl
681245,fluorochem.co.uk
681275,ferrymorse.com
681301,fwzjia.com
681305,fed.be
681352,forscraft.net
681424,freedomfoundation.com
681470,fraktura.hr
681482,filu.ro
681508,fam-reiser.ch
681519,flowersforusa.com
681547,fleague.jp
681548,facilitygrid.net
681578,fujianyuanaic.com
681583,fuzhoufengchenkeji.com
681599,futurearena.de
681608,frumzicasino.fi
681700,fosfeminista.org
681729,fura.ru
681761,ffxivvenues.com
681801,floridata.com
681821,fregis.com
681822,ftii.ac.in
681837,fh-htwchur.ch
681852,fnyqxx.com
681892,fmuniv.edu
681909,fixbh.com
681912,frialigan.se
681934,faculty.ai
681951,forum-perroquet.com
682007,fonestar.com
682124,frontdeskmaster.com
682197,fobiasociale.com
682215,fosunpharma.com
682217,foxwellpro.com
682218,futurismo.pt
682236,fapi.cz
682288,fishbear.club
682296,froebel-kan.co.jp
682300,finnair.fi
682305,floordepot.co.uk
682360,forumgolf8.fr
682374,fems-microbiology.org
682388,frcs.org.fj
682436,fsb.com.br
682462,fxtop.biz
682466,fzhome.com
682481,friday-game.com
682482,farleysandsathers.com
682489,francaisauthentique.com
682517,freshbettingdaily.com
682547,fullprogramlar-indir.com
682577,forum4x4club.ru
682657,flowerwindowboxes.com
682658,fliffapp.com
682697,freechoicetilburg.nl
682707,furs.club
682716,foroisp.com
682736,farmacia.hr
682766,ferhub.io
682819,fweb.co
682828,flamingltd.net
682856,flowermound.gov
682864,fineartprint.de
682918,firstonsite.com
682923,feifeijuzi.com
682933,focimagazin.hu
682936,faitvigilant.fr
683055,festivaleclair.fr
683110,fhfurr.com
683150,figurinemangafrance.fr
683186,foppen-ict.net
683223,fueradeseries.com
683229,fibracom.fr
683252,fitnessklub-impuls.pl
683349,fuleyuanfb.com
683382,firstbillspay.com
683413,freshsolutionsfinder.nl
683447,fnst.org
683470,fmoviesku.com
683475,fig-gymnastics.com
683478,flg.casino
683501,feedandgrain.com
683584,foroelectricidad.com
683619,flitsmeister.nl
683666,fee.global
683671,faroairport.pt
683705,findslide.org
683717,fernstudenten.de
683727,fullframefoto.ru
683758,friendseek.com
683774,freestreams-live1.tv
683800,foejapan.org
683846,freshguideonline.nl
683873,foomii.com
683972,fortunegrid.de
683984,flioma.com
684014,footprintiq.app
684039,fixit.no
684078,felloai.com
684103,fcparadise.net
684152,frontierleague.com
684177,freshmember.com
684182,fcemmen.nl
684186,fciconnect.com
684194,fillingspaces.com
684211,fastcreativeforgehub.nl
684213,fynsystem.com
684280,folio-sec.com
684307,fildns.net
684391,fluxconnect.us
684406,futek.com
684421,fomento.com.ar
684526,fuzhouxingfu.com
684556,firesideagency.ca
684610,farmact.de
684615,fiorucci.com
684634,fashiola.pl
684646,fortune-rabbit-demo-play.com
684686,fonepro.pk
684691,fbclick.me
684711,foundstone.com
684715,fuquay-varina.org
684775,freetube.com.mx
684793,flashusdtapp.com
684795,faktograf.hr
684800,fwd.lc
684809,fanplace.ro
684853,fuhuakejidasha.com
684936,flashsoftwares.com
684982,fortunaplays.ru
685016,fugaso.com
685022,freshjournaltoday.nl
685046,frontpagespark.co.uk
685069,focus.com
685104,filelions.to
685121,financialstabilityboard.org
685158,fastnet.ch
685175,fearthewall.com
685176,fdxjtjyhzzyfw.com
685219,freemasons-freemasonry.com
685221,focuscq7l2p.live
685233,findmypicfast.com
685247,feem.net
685271,fetishcompany.ru
685314,firmanett.no
685348,futurereelshouse.com
685352,fmdx.org
685362,fsinet.ru
685377,freeskladchina.org
685445,felonesbeman.com
685456,france-deguisement.fr
685465,franceska.su
685535,fujingdasha.com
685553,fraiche.ru
685556,fish-hawk.net
685605,friends-socket-cis.network
685620,foez-pestalozzi-rudolstadt.de
685636,flexibee.eu
685680,furries.club
685715,fotojursa.cz
685725,firstnet.gov
685768,freshvibes.fr
685799,filmstaroutfits.com
685805,fastseo.nl
685818,fundingbox.com
685872,fonline-aop.net
685878,fonesmart.com.vn
685888,futurezone.uk
685908,fischerforum.ch
685924,filecenter.com
685932,fidmarseille.org
685951,forland-ttmryazan.ru
685970,flippedmath.com
685978,fetishtubexxx.com
685981,firstcanyon.site
685995,fatsecret.com.ar
686000,feishe.cc
686012,figgeartmuseum.org
686057,freightways.co.nz
686100,framedewe.com
686160,flgc.shop
686167,froponic.com
686192,fairwavesite.nl
686201,fertemr.com
686280,faxata.com
686284,firstsing.com
686289,fvqg.com
686292,free-for.dev
686308,facebook.ru
686332,fiddlehangout.com
686337,frontwize.com
686377,forestals.com
686388,fzzz.ba
686398,flixpire.sc
686463,fega-schmitt.de
686501,forbes.cl
686513,frenchbulldogcalifornia.com
686515,fread.com
686566,freedomvoice.com
686569,fotoausruestung-verkaufen.de
686575,futurepulse.uk
686597,forttroff.com
686637,flyingbrick.ru
686640,flowers4mallorca.com
686680,fundacionuaemex.org
686695,firemni-web.cz
686795,focale31.com
686837,francisfranck.com
686851,front-commerce.cloud
686879,futuresitex.com
686907,fastweb.co.uk
686922,farmanet.net.tr
686932,fullspeedhost.co.uk
686944,funkyjunk.it
686989,fibrion.com.br
687066,facebooks.com
687102,flawlessthemes.com
687106,fawcom.com.cn
687233,feihefeifan.com
687253,fatomei.com
687270,fane.co.uk
687312,filizhanka.com
687347,fullsexmovs.com
687370,fairreviewshop.nl
687392,fillandsin.com.ua
687403,fuck-date-app.com
687520,fahaliyas.com
687521,fashionfusion.co.za
687522,fdfghjhgfsdzxbt.online
687523,ffaa.mil.ec
687524,flix2day.cyou
687525,foufos.gr
687526,fsho9u.com
687691,fast-typing.com
687692,fatima.org.br
687693,fiflp.com
687694,foundthejob.com
687695,fragua.com.mx
687696,freedomcomputerservice.net
687697,friendshome.pk
687698,fsmirror46.lol
687932,f9du5u.com
687933,fabioferro.eu
687934,falokhab.ir
687935,faponline.com.br
687936,farmaciasfh24.com
687937,farmasesi.com.br
687938,fastrak.co.za
687939,ferouch.cl
687940,ferragensnegrao.com.br
687941,firsttable.com.au
687942,fishingstore.pl
687943,fleurs-en-deuil.com
687944,folhadestra.com
687945,freeporn-th.com
687946,frenchporn.fr
687947,friscoguns.com
687948,fsc.gov.et
687949,ftf.es
687950,fuckings.com
687951,fumuo.jp
687952,futbollibreonline.com
687953,futunatura.gr
687954,fynch-hatton.de
687955,fzt45f.com
688307,flamezcasino-fi.com
688318,furnitureliquidation.co.za
688343,fabcross.jp
688347,flightsafetyaustralia.com
688367,freewebsitebuilder.co.za
688376,funshinegames.com
688418,fast.bet
688454,foodnoms.com
688459,formula.ba
688483,fumi23.com
688490,finders.me
688508,fozerapp.ru
688509,firmenmap.com
688530,freenoah.com
688546,flymanchester.com
688568,fishpools.co.uk
688636,fullvu.com
688646,francobane.com
688685,fuldata.az
688688,for.sale
688695,farmak.ua
688734,floridapsc.com
688783,fcafessh.net
688833,foodtrak.com
688836,fujuji.com
688858,forceauto.com.ua
688941,fatetherapeutics.com
688949,fiyuu.com.tr
689009,fermentingforfoodies.com
689044,fengduxiaoshuo.com
689047,finscredit.kz
689086,frankel.ch
689091,fluxsignal.de
689132,femdb.com
689152,factory1688.com
689160,formsrec.in
689187,flinkhub.com
689217,freshlyhubrotterdam.nl
689235,fireflyworlds.com
689243,fightmag.com
689264,funkhauseuropa.de
689273,fastprovedor.net.br
689280,fietsberaad.nl
689291,futurejackpotexpress.com
689375,fastenerline.com
689397,firmpulse.au
689405,finzjr.com
689421,fastbiz.tr
689424,fabfresh.co.uk
689458,falcotransportation.com
689465,finass.cloud
689563,ficos.com
689651,fija.org
689701,furrfab.com
689713,finatic.co.za
689764,finalmonitor.co.uk
689775,fiio.net
689822,farmtoschool.org
689827,fecea.org
689835,flowwoooow.com
689852,fprxxes.uk
689855,fitkarnatakamission.com
689862,firstrenttoown.com
689870,fuduxs.cc
689906,festivalofthediaspora.org
689930,festival-of-lights.de
689931,fdrindia.org
689951,fai.business
689985,fanoermano.online
690093,freehomeschooldeals.com
690102,famhp.be
690175,forumotion.eu
690189,ffsmc.fr
690196,freshhubonline.nl
690237,flexint.net
690242,fgpzq.online
690280,forumone.com
690292,factorialhr.pt
690298,familyfunspace.com
690423,fashionschuh.de
690424,fdhaero.com
690434,filmfinesse.com
690440,fullcount.net
690454,fotoport.win
690464,forestfieldfashion.com
690468,freecell.net
690473,feynman.net
690490,filmstats.pro
690493,futurecom.com.br
690532,fishergerman.co.uk
690544,freeones.fi
690568,fachaigaming.com
690582,freefetish-porn.com
690597,fascparbate.com
690635,foreca.at
690657,freeletics-forum.de
690663,futureplay.ca
690671,footballmanagerblog.org
690704,floridahockeynow.com
690718,funos.cn
690740,flawery.ru
690745,fragasyv.se
690796,freexxx.party
690810,freshblackjackhub.com
690822,fando.com
690838,finestknown.com
690875,fotologue.jp
690908,fesco.com.cn
690999,focalworld.com
691010,fedora-fr.org
691045,freeanimesonline.com
691142,fritzundfraenzi.ch
691149,fabriq.tech
691155,freightrelocators.com
691225,fejar.org
691268,flexaust.com
691278,futuregenerations.wales
691282,fuqpremium.com
691323,freyadv.de
691340,forexindikator.org
691355,fiff.de
691362,focuscrest.us
691441,fh.co
691442,firstalliancecu.com
691456,finalhosting.cz
691466,fembed.com
691472,fitwhey.com
691475,file.com.tr
691478,fukuvi.co.jp
691486,filecamedistrustuldistrustul.com
691489,fposhelp.com
691538,fyple.ca
691559,fgti16.net
691568,fhs.sh
691578,frappeepique.fr
691587,fearlessculture.design
691599,finerymarkets.com
691606,fullreads.com
691616,facefoundrie.com
691659,fatiguescience.com
691671,fastfreshnestworld.nl
691676,frostsmp.net
691682,freshblackjackgroup.com
691767,fermer.blog
691802,ferdix.net
691824,fortunaedgemedia.com
691825,fantasywiki.ru
691854,futurfly.com
691855,freefincal.com
691934,freelibros.net
691942,fotawildlife.ie
692014,feelingtouch.net
692016,fei.ru
692041,floze.ai
692054,fuoriclasse2.com
692118,forfan.cn
692141,fid-intl.com
692156,fanwencheng.com
692172,fugucasinovip10.com
692191,fly8881.com
692202,focal-tech.com
692224,faction.ai
692230,finlywealth.com
692242,fcvolendam.nl
692269,findtheseven.com
692297,faxmedia.ro
692319,faypwc.com
692339,furigana.info
692409,ftt2.com
692418,flechanet.com.br
692436,frametowall.com
692495,followmee.com
692500,freevidco.com
692504,farmanselmo.com.ve
692511,fun88casinoindia.com
692547,fungiversum.de
692560,fisiologiadelejercicio.com
692577,f8betkr.com
692580,frontenacoutfitters.com
692584,fitfit.fitness
692600,factcheck.kz
692624,foodbase.com.br
692687,freespinscasinonet.com
692787,facturaticket.mx
692788,fddeal.com
692789,fenrisworkshop.com
692790,ferremix.com.do
692791,fidal-lombardia.it
692792,figuredart.it
692793,firstphone.hu
692794,flap.com.mx
692795,flikover.com
692796,fowkes.co.za
692797,foxracing.it
692798,franciscajoias.com.br
692799,freshmarkets.co.uk
692800,frilla.bg
692801,frpkingserver.com
692802,fulltoys.shop
692803,futunatura.cz
692804,futunatura.es
693059,firmendatenbanken.de
693097,futuretech.si
693111,fuckurneighbour.com
693135,frcenter.ru
693139,filex4me.ru
693211,forestrajasthan.com
693218,freeonlinedice.com
693229,forumegypt.ru
693249,fccaccessonline.com
693252,frostandgilchrist.com
693253,freesexvideo.one
693265,fastconnectnetwork.com
693296,fski-server.pl
693317,finastra.global
693344,forbesexecfinancecouncil.com
693347,flashanalytics.app
693370,futureslotsplus.com
693497,fairpointwebservices.com
693520,fabianafilippi.com
693552,floatleft.tv
693561,feelhospitality.com
693568,freshsource.uk
693580,forex-helper.ru
693605,filmobsessive.com
693631,fujita-kanko.co.jp
693632,futuau.com
693648,ftc.co
693665,filedon.co
693695,freshscrollhq.com
693726,fskkradvisor.com
693745,fibrecu.com
693749,fitxr.io
693766,fxhosting.hu
693779,fudge.tech
693780,federalpolyede.edu.ng
693850,flexgateway.io
693854,ficpi.org
693952,futelle.com
693958,fatmoose.de
693965,freesmi.by
693993,forzacovo.it
693998,filmepornovideo.com
693999,format.at
694020,freakingfileditch.me
694040,freshjackpotplatform.com
694042,ferrarogioielli.it
694060,fusionguru.ru
694098,fsmg.org.nz
694121,futureboostzone.fr
694141,fastupload.io
694144,freeones.pl
694339,flashpoint.xyz
694369,forgeronbrillant.fr
694384,focusroulettelab.nl
694500,faschingslaune.de
694555,filmepornoerotico.com
694579,forumfb.com
694602,fafreesebike.com
694624,fuseji.net
694644,flixnest.app
694674,fugues.com
694737,fellowsfilm.com
694747,firstindianporn.cc
694761,fortunateambiguous.com
694793,ficustelecom.com
694800,freespinsonslots.com
694821,flights.net.au
694868,factormeals.de
694874,fudov.ru
694876,fundingsocieties.com
694881,fastdlserver.site
694897,frivez.com
694899,fromearthtolife.net
694911,ftsgps.com
694914,fundis.net
694990,farapp.com
695004,fritolayandinos.com
695006,firstquality.com
695009,filmeporno.click
695017,firepornz.com
695020,fuzehealth.com
695061,fiata.org
695085,f-atlas.ru
695098,f241.ru
695139,fcsi.org
695164,financeindustrytoday.com
695196,flexpowermodules.com
695275,freshblog.co.uk
695318,fccma.com
695337,fyple.co.nz
695375,fidelityhotel.net
695380,fulbix.com
695391,fluidlets.cc
695413,fishfirst.cn
695436,fotoaparatas.eu
695480,foundmagazine.com
695588,fatboyslim.net
695609,floorball.sport
695701,farmacialaesparteria.es
695742,flyhia.com
695843,fixturestoday.xyz
695844,foliatti-mx.com
695847,futearn.com
695856,frontieresmedia.fr
695864,flashfly.net
695886,funkyshop.fr
695936,fetishindianporn.com
695941,fratres.net
695983,fedoraserver.com
695984,fnxtelecom.net.br
696051,filtereverything.pro
696059,flaunt7.com
696096,frogshopfitness.com
696139,fesports.com.au
696193,f0z8p41p.com
696208,focusonlinesite.co.uk
696216,fulhamusa.com
696234,fansimg.com
696247,footballclub.cz
696257,flamingonokyuujitu.com
696259,fiscal-impuestos.com
696301,fetching.co.kr
696302,fonarik.ua
696327,fukamov.cc
696332,flightright.com
696339,fabergemuseum.ru
696365,faltradforum.de
696419,fara.no
696480,flockjay.com
696505,fbvirginia.com
696508,freshcasinoplus.com
696514,fluxmark.ca
696527,fmiligrama.com.br
696572,feinfood.com
696618,finquessaligarda.com
696624,foton-ttmcentr32.ru
696671,funbox.com
696674,fsjoy.com
696688,flora-flora.ru
696694,future-mapping.com
696699,fmleasing.pl
696718,fimfetch.net
696733,find-org.net
696755,fiveirongolf.com
696761,forumakers.com
696763,freshdigest.de
696779,futurestay.com
696786,fmuser.net
696808,fieldtocottage.com
696814,fctl.app
696845,fritidsmarkedet.dk
696848,fctv33.ws
696876,fraser.name
696928,freegames123.com
696939,febc.net
696956,fivewishes.org
697000,flow250r.link
697001,freudbox.com
697101,fachost.cloud
697102,falesempremais.com.br
697103,fhyaosi.cn
697104,firehousesubscompanystore.com
697105,fitlab.su
697106,flaconi.ch
697107,floorsandfabrics.com
697108,flujotvonline.com
697109,football360dev.ir
697110,fotocom.gr
697111,friendes.guru
697352,fahrrad-kraus.de
697386,favr.ru
697392,freelivecpe.com
697407,fapello.blog.br
697436,falmec.com
697438,finpush.au
697448,foxwilmington.com
697512,facebookswagemea.com
697533,fera.lt
697534,fontenet.cloud
697545,fshealth.gov.za
697552,foodsinbloom.com
697590,fokusfrauengesundheit.de
697594,fsdl.ca
697605,fsinplatform.org
697634,flanderijn.nl
697663,flaskfinewines.com
697812,fakeginger.com
697813,foreca.mobi
697832,flawlessfinejewelry.com
697863,farolive.com
697919,fond.ru
697934,fantamorph.com
697936,fx-edge.com
697983,fibercom.net.br
697984,felixc.at
697998,forzaaa.com
698029,fuckingvideos.beauty
698050,fridandrussell.com
698054,forum-lines.ru
698079,fly8ma.com
698086,fiamma.it
698152,flowonprime.co.uk
698174,fnoco.eu
698189,frankshouseofpizza.com
698219,factrepublic.com
698230,fischertechnik.de
698238,forwardzonepath.fr
698257,finago.no
698266,forecaster.biz
698346,federated.press
698407,faithward.org
698472,foxvalleyhosting.com
698526,fdcw.com
698555,farmavip.com.ar
698586,frisky.fm
698593,f294.cc
698621,fabrikasna.by
698622,fast-top61.ru
698657,freshnode.us
698668,foodanddrinktechnology.com
698708,franchinishop.it
698732,flightpath3d.com
698767,f139.com
698794,fcoe.org
698826,frontierclimate.com
698833,forest-dvd.com
698839,feiraodetoalhas.com.br
698842,fastrworkspace.com
698863,funnyballoonsusa.com
698881,fccvpn.co.nz
698897,fashionlady.in
698924,fyinic.com
698930,ff0x.ca
698990,files-storage.cc
699010,far-north.ru
699014,finisar.com
699016,filecat.net
699071,fann.cz
699090,fpg.taipei
699117,foodpanda.la
699153,fixfs.com
699168,fancybits.co
699228,forwardpress.in
699255,familyrelationships.gov.au
699260,friends.horse
699289,flux24.ro
699310,floodcert.com
699337,firmen.ch
699339,freakboards.com
699408,filepost.ru
699586,focoamazonico.com.br
699587,foxpush.net
699589,familieundberuf.at
699629,familywize.org
699655,fdwelklwe3093443.com
699703,focalx.ai
699730,fundforeducationabroad.org
699785,fs-ad.com.cn
699799,fondationdentreprisehermes.org
699816,footystatr.com
699829,fresatechnologies.com
699831,favourplanet.jp
699841,fourfourtwo.co.kr
699847,fortunica.com
699852,favresa.ch
699877,finanso.se
699884,frla.org
700101,fonzer.com
700110,flytelecom.net
700112,flandersdns.com
700114,freshgaminghub.com
700152,faceoffice.pl
700158,fluence.network
700258,fraservalleyrosefarm.com
700259,fus.edu
700262,frontieradjusters.com
700354,funempire.com
700404,firstent.org
700412,folio-familie.de
700416,flyxg.com
700436,futuradirect.co.uk
700442,focusingonwildlife.com
700472,fieldturf.com
700521,fbcdn.cloud
700547,fgsx-buy.com
700557,filmix.net
700638,freshguide.nl
700659,fredflare.com
700679,fieldclimate.com
700706,futuristspeaker.com
700726,fulford.net
700748,food-chem.ru
700801,fycity.com
700808,flavor-coffee.com.ua
700852,farrar-tanner.com
700853,firstredirect.cyou
700859,fastcdn.vip
700892,forwardbs.co.uk
700936,fejobs.com
700951,fotaisland.ie
701030,falone.eu
701036,fisheyemagazine.fr
701049,fedepalma.org
701060,flamechannel.com
701064,fsnhospitals.com
701071,fitmoda.com
701091,fannemblemusa.com
701121,fkjdeljfeew32233.com
701143,feedsynews.com
701230,fitlifefocus.co.uk
701246,floodsvc.com
701316,forstraffic.info
701362,find.su
701375,fish-road.co.uk
701396,fearby.com
701404,fitrealms.com
701419,fluidbook.com
701431,forumbs.ru
701486,freshjackpot704.com
701494,fastplatform.com
701500,forumshumen.com
701521,feedbackglobal.org
701536,finewords.ru
701587,falconpush.com
701598,f0112.com
701631,facebook.dk
701716,fodan.cc
701762,friendlyanalytics.ch
701765,fankura.com
701767,fnw123.com
701769,fainitelecommunication.com
701784,fadimov.cc
701791,fishsou.com
701813,fapmc.ru
701868,fireservice.co.uk
701959,floppyserver.co.uk
701964,foodmate.com
701974,forleoncdn.site
701981,fluxzone.ca
702000,floatweb.ro
702008,foss4g.org
702045,franmarche.com
702075,fairviewmicrowave.com
702081,finoc.ru
702122,fanimation.com
702131,fagg.be
702141,fullaventurashop.com
702163,fungames.com
702165,fibracentral.com.br
702178,fva-bw.de
702182,fatsecret.pl
702233,fusionplatform.ca
702319,franke.world
702320,filmtourismus.de
702332,fullspeed.net
702342,fotocasa.pro
702349,fonuahosting.com
702424,fullxmovies.com
702516,fiohost.com.br
702521,foretica.org
702525,fusionchat.ai
702784,factorycolchon.es
702785,fanservice.fan
702786,farmaferoles.com
702787,farmako.net
702788,farvardinhoney.com
702789,fasi.it
702790,fearnottarantulas.com
702791,felinavalencia.com
702792,fensterversand.at
702793,fermo.pl
702794,ferreteriaprat.cl
702795,ff14wiki.info
702796,fiscoclic.mx
702797,fish-farm.ro
702798,florariatrias.ro
702799,flowerchimp.com.ph
702800,foxstyle.cz
702801,freebody.co.kr
702802,freeidzone.com
702803,froviral.com
702804,fujifilmshop.com
702805,fullyfilmy.in
702806,futbolparapobres.com
703423,fablebeardco.com
703424,familynudismspace.com
703425,fanfun.jp
703426,farmaciaschavez.com.bo
703427,farmavola.it
703428,faschim.it
703429,faza2music.net
703430,feishulm.com
703431,felix-buehler.ch
703432,fellasfoods.com.tr
703433,ff14-fc.com
703434,fietsbieb.be
703435,firetvsticks.com
703436,fish-beginner.com
703437,fishline.se
703438,fivestar-club.jp
703439,florafarmsmo.com
703440,folk.co.jp
703441,food.je
703442,forcise.jp
703443,forumauto.parts
703444,fourgonlesite.com
703445,fragrantica.cz
703446,france-express.com
703447,freitastcg.com.br
703448,fritidvildmark.se
703449,fritz-berger.at
703450,frontechonline.com
703451,funerairepassagefuneral.ca
704129,faculdadebaianadedireito.com.br
704130,fangamer.jp
704131,fast-cheap.com.ar
704132,feiradamadrugadasp.com.br
704133,ferreteriadosil.es
704134,ffbazzar.com
704135,fiestasconideas.com.ar
704136,film-adult.top
704137,fisiostore.com.br
704138,fixmycurls.com
704139,fizzygoblet.com
704140,flibuste.net
704141,flixflare.lol
704142,fmabc.br
704143,foxteller.com
704144,fportal.hu
704145,france-conso.info
704146,france.jp
704147,freshersvoice.com
704148,futuregardens.pl
704149,fzm.pw
704623,futureshopchoice.nl
704636,fzvklad.ru
704649,flexco.com
704655,firmania.co.uk
704659,fit-plan.de
704709,filmhd1080.cfd
704747,fullhdfilmizlesene.pw
704759,furniturestoresfinder.com
704807,freeretro.games
704815,freshspins46.com
704848,factuguay.es
704857,forumcircle.com
704987,freedom.net
704999,fnxhub.dev
705004,freshcasinoplatform.com
705018,fifa09.ru
705027,fernliebe.eu
705059,forgeronroyal.fr
705065,footinder.app
705088,firstlife.com.tw
705136,fasttechpointhub.nl
705138,freeforfonts.com
705170,flexpoint.com.br
705207,firework.cloud
705214,freecontactform.com
705279,fyrebox.com
705309,forhumans.games
705359,feech.org
705373,fattoy.cn
705397,freemusicdownloads.world
705404,frag.co.uk
705458,familymurders.com
705548,freecountrymaps.com
705568,fsdm02.com
705578,facilitydude.com
705593,fojas.cl
705613,fagmobler.no
705618,finrius.com
705626,factjo.com
705647,f5bot.com
705655,faith-farm.com
705656,feldmarwatch.com
705659,fellatio.gallery
705662,futurodelahumanidad.com
705696,focusfield.de
705724,floraindia.com
705725,futurexs.net
705750,fartmoda.com
705825,furnigo.pl
705844,fm.bank
705858,favpgamb.com
705871,findpigtails.com
705882,fkrt.it
705901,figsl.com
705918,frank-turner.com
705937,freshgaming503.com
705961,factorycontrol.nl
705983,finoa.io
705992,fanyuzg.com
706074,fishinfrenzy-slotreview.uk
706086,fantasynamesnow.com
706145,forumine.com
706152,fly88pe.com
706171,fruitabu.ca
706267,fluxbeam.xyz
706340,foundcom.org
706394,finestra.biz
706411,fitnesssyncer.com
706424,ferragensmidia.com.br
706467,findmovies.vip
706477,fundacionginer.org
706497,fpsinc.com
706529,floorup.in
706580,feeria.club
706587,feddit.fr
706604,fintechiq.ru
706605,flagma.es
706611,fuyubbs.com
706693,fmaware.org
706754,festival-gnaoua.net
706785,fitnessrevolucionario.com
706811,fleets.eu
706817,fms.kz
706823,filmaboutit.com
706871,fantapazz.com
706879,funnygames.com.br
706906,funnewjersey.com
706922,fisica.org.br
706951,freddysusa.com
706969,foto-koester.de
706972,flamyfox.com
706986,ferienwiki.de
707041,filmetela.com
707048,florasensations.com
707101,foodbk.com
707124,fightbot.app
707132,foodtasticmom.com
707136,formresonance.com
707142,fastland.ca
707145,flowersforeveryone.com.au
707192,fnis.com.br
707222,fazwaz.co.kr
707259,fandomfame.co.uk
707318,fabricroot.com
707319,farmaciass.pt
707320,fhxy-a.top
707321,fixpart.gr
707406,filternews.bg
707619,fitting.fun
707685,frankespada.com
707696,fix-dexp.ru
707709,futurepagepath.nl
707823,factoryfix.com
707843,flyingsquadron.com
707851,fundmytravel.com
707863,flighty.app
707931,focoapi.com.br
707972,fulda.com
707990,franzferdinand.com
708099,freedomain.com
708100,furkot.com
708118,forum-macan.com
708168,fa-takedrivers.com
708237,freedomarmory.com
708254,fauna.com
708287,fisat.ac.in
708316,fchk.cz
708326,fkks.com
708367,fuzzylime.co.uk
708399,foreffectivegov.org
708429,flumotion.cloud
708443,francfranc.net
708445,foodbybox.com
708451,frogspace.net
708458,feu.edu.ph
708521,frugaa.com
708564,foosin.fr
708577,fcsb.ro
708588,fr-dating-reviews.com
708590,futurereportdaily.nl
708633,forcethrust.co.uk
708639,finsburymedia.com
708653,football-predictions.ai
708694,frof.ch
708770,fitmoneyminds.com
708799,futurelogicsolutions.nl
708866,fireflyiot.com
708889,flowneuroscience.com
708895,firstprudentialmarkets.my
708904,fuckingorgasm.com
708960,fafajay.com
708983,fundace.org.br
708993,finnflare.com
708999,frjxp.net
709019,finenumbers.cloud
709022,freshbetdaily.nl
709057,firejokerspelen.nl
709061,farmaciacomes.es
709100,findingtalent.net
709116,fashionjobs.tech
709119,fanatic.com
709168,flashtranny.com
709170,freepressseries.co.uk
709178,franklinwater.com
709193,federalround.com
709204,freepctech.com
709207,fiveguys.de
709245,fjordnet.com
709252,farmersgrainelevator.com
709264,future.fit
709283,ftpsllc.net
709318,fnbnews.com
709327,flirtvind.com
709333,flamanfitness.com
709388,facetpo40.pl
709844,f4t3.co
709845,fa99917.com
709846,facilconsulta.com.br
709847,faculdadebookplay.edu.br
709848,famososnus.blog
709849,fantasy.lu
709850,fard.mil.do
709851,farmaciacatedral.com.py
709852,farmaciassanchezantoniolli.com.ar
709853,fashionplace.pl
709854,fastmobile.ir
709855,fatbikeskopen.nl
709856,fatcatcollectibles.in
709857,fcbarcelona.dk
709858,feeling.at
709859,fenrirscans.com
709860,ferricentro.com
709861,fersinaviaggi.it
709862,festinachile.cl
709863,fflirtygo.com
709864,fibrazo.com.co
709865,fifagc.ru
709866,filadd.com.co
709867,fileport.io
709868,filmnadvd.sk
709869,findani.me
709870,fintel.com.br
709871,fishingland.hu
709872,flamingo.com.co
709873,flexscanmd.com
709874,flextock.com
709875,flyerpartners.com
709876,fmf.com.br
709877,fnchildclaims.ca
709878,fokatcash.com
709879,folhapatoense.com
709880,folina.ro
709881,footlyegypt.com
709882,footolophy.com.ar
709883,forglows.com
709884,fortis.com.py
709885,foxracing.com.mx
709886,fragrantica.se
709887,frdfund.org
709888,free4kporn.com
709889,freshershunt.in
709890,fsiblog49.com
709891,fuhrosouto.com.br
709892,fujidenzo.com
709893,fun12game.com
709894,funakiya.com
709895,furman.ua
710814,fbw-filmbewertung.com
710850,fast-links.org
710883,fct-cf.ca
710938,funovel.net
711005,fbsbx.net
711054,feriadellibro.com
711072,fansclub.jp
711180,furrymate.com
711206,fohhn.com
711228,faelix.eu
711235,foreverconscious.com
711261,fastreport.ru
711304,firsttable.com
711307,freewebmasterhelp.com
711309,fairmormon.org
711314,focuslabs.com
711332,foliage-factory.com
711349,foretagande.se
711367,formoline.de
711368,fashion-resales.dk
711398,futurefindertilburg.nl
711482,fahnen-nostalgieshop.de
711484,fina.gov.pl
711549,foodondemand.com
711550,flexnetoperations.eu
711564,fsaeonline.com
711703,fplay.su
711728,franzini.it
711737,f-lab.tech
711744,findporn.tv
711757,findyourmiddleground.com
711834,faber-castell.com.hk
711862,fs-driver.org
711869,fujikura.com
711886,fredomiran.com
711896,fuyuangu.com
711905,freshguidedirect.nl
711916,focustodo.cn
711922,finanso.ru
712022,fjnet.com
712053,frg.im
712057,fairfx.com
712178,forth.com
712206,fleetplan.net
712305,flic.xyz
712309,finansijskibiro.com
712329,foodserviceequipmentjournal.com
712342,fiberlink.pl
712403,factmagazines.com
712464,foto-sochi.ru
712523,fabiofa.top
712567,farmerscoopelevator.com
712583,futureofmankind.co.uk
712584,fishseddy.com
712607,frigelux-shop.com
712658,frankcasino.com
712660,ffpn.pro
712670,festivalenescu.ro
712674,forexdemo.info
712690,farminglife.com
712888,flexhr.com
712900,fmfcu.org
712923,frumforum.com
712965,fickpartys.net
713012,fully.com
713014,futureservice.uk
713020,fosketts.net
713025,fast-japanporn.com
713070,fhr.com
713076,fahrradmagazin.net
713107,flitapp.com.br
713121,focuslifenews.co.uk
713136,fourtote.sbs
713193,forensit.com
713206,friendzlab.de
713222,farmaciasemaveiro.pt
713270,fengpintech.com
713291,fmb-shop.de
713295,flyingnun.co.nz
713331,frontlinehosting.com
713341,fuda-cancer.com
713357,fatmachines.com
713373,farmaspeed.it
713396,fhost.icu
713407,foodgal.com
713422,fcgi.net
713425,facemasksforsaleonline.com
713435,fondsvoordeletteren.be
713440,freshcardsbase.com
713454,fortuneslot88heroes.com
713482,ftf.no
713508,fletch.co
713519,fabuloustrack.com
713564,firmeapi.ro
713587,fantasylandnews.com
713688,faw-hongqi.com.cn
713723,fabsalarycheck.com
713729,freshforward.fr
713730,flarejackpotslots.com
713739,fenprof.pt
713791,fieldux.de
713797,fastjackpotworldworld.nl
713799,flywire.tech
713809,filmyxxx.icu
713835,fexliorato.info
713891,forgetrove.co.uk
713903,flickonclick.com
713938,fx3vf7.net
713950,fatsecret.com.sg
713963,fpcu.it
713964,fmblzz.top
713970,findlatitudeandlongitude.com
713994,fusionconvert.com
714031,fiberglasspoolpros1.com
714092,freshjackpotplus.com
714098,fsiblog.io
714104,ffplum.fr
714136,fulfillengine.com
714148,fizpay.com.br
714235,fm914.com
714236,frogi.co.il
714237,fulcrumbiometrics.com
714238,fvj.co.jp
714358,frfvdp4e8.com
714406,fzgi.shop
714433,filmizlehell.com
714497,ferghana.ru
714524,flock.io
714553,funivie.org
714568,ftz.global
714581,facobook.com
714604,flashjunkie.co.uk
714605,freshlymediasimple.nl
714628,flowonsolutions.co.uk
714662,frankonia-kleinanzeigen.de
714671,frantiq.fr
714687,freeasiansexpics.com
714691,farsinot.ir
714723,fangbaosj.com
714763,firefightingincanada.com
714770,f-7.info
714771,from-ct.com
714816,flong.com
714834,forsmi.ru
714854,fantech.id
714895,federal.run
714902,fma.org
714922,fastenersupplypartner.com
714993,focuscircle.us
715022,fastwebhost.in
715031,frejus.fr
715076,fluidata.co.uk
715082,feefhs.org
715093,ftu.ac.th
715148,flumc.org
715185,fj-volga.com
715202,femmesdefoot.com
715221,fire.tas.gov.au
715246,featherandbone.com.hk
715252,franciscomorato.sp.gov.br
715258,fediverso.gal
715284,flimeal.com
715288,fontainebleau.fr
715318,futurefund.gov.au
715324,feedbackly.com
715344,fukab.com
715351,fazri.my.id
715353,fno-prevention-orthophonie.fr
715358,fasad-otkos.ru
715374,feelhosting.com
715406,freepixels.com
715443,foodcards.ru
715546,firstaidtraining.com.sg
715592,fstopgear.com
715615,faithcorner.co
715642,flatironstuning.com
715683,foxshop.lt
715726,fareastone.com.tw
715729,flairtone.co.uk
715747,fukutsu.lg.jp
715782,fitness.edu.au
715885,finovera.com
715893,frs-weisse-flotte.de
715903,fapabelno.com
715930,first5la.org
715936,falvka.com
715994,flomaxms.online
715998,frontbridge.be
716002,freepsdvn.com
716068,foodpoisoningbulletin.com
716094,flixbus.rs
716118,fluxnetwork.ca
716151,fbin.in
716165,filmint.nu
716195,fyva.in
716210,flatironskitchenandbath.com
716237,film.io
716268,flane.com.pa
716285,faszination-suedostasien.de
716298,football360.tv
716342,foreignslant.com
716345,furia.com
716358,freepakistanixxx.com
716372,firstgreen.pt
716380,fm.gov.lv
716413,farbaua.com
716503,f3werexchhhe.com
716504,fairfax.com.br
716505,faisalaldayel.com
716506,familybuildingsociety.co.uk
716507,familynescam.com
716508,fantasyboxofficegame.com
716509,febrabaneducacao.com.br
716510,federacaopr.com.br
716511,fentybeauty.co.uk
716512,fighthq.com.au
716513,filmestorrent.tv
716514,flotte.fr
716515,flystore.pl
716516,footers.com.ua
716517,forwarderspages.com
716518,funcef.com.br
716519,furtherfaster.co.nz
716693,french-riviera-property.com
716716,fallenfootwear.us
716793,followspy.ai
716834,finasterideff.com
716842,familyspice.com
716879,fusixnetworks.net
716914,fks-adm.xyz
716932,fakiki.com
716957,fintechnews.hk
716978,fh-deggendorf.de
716985,futurefinder.uk
716987,freefire.in.th
717044,ffm.br
717047,formz.ru
717056,fitsite.ne.jp
717108,farmjournal.net
717132,fjmedns.com.br
717182,financecolombia.com
717214,fortislife.com
717232,followr.ir
717233,flowsavvy.app
717235,firstflytravel.com
717244,fufla.eu
717254,firstam.mortgage
717276,festligare.se
717280,fluentphone.com
717283,fox888-login.net
717306,flyfm.audio
717309,forcetalks.com
717333,fiberar.ar
717357,ftssocal.com
717363,focusonlinemedia.co.uk
717403,fnrdcredit.com
717435,fastred.biz
717496,fhplace.world
717499,fixmyphone.se
717510,forestadvisorclub.nl
717572,findskill.ai
717579,funcrot.icu
717661,futurelog.com
717668,fingerprint.host
717696,futurechoice.uk
717712,fucknporn.com
717714,fragcardverse.com
717761,floragard.de
717801,facebookswagstore.com
717804,fastorder.store
717811,frozenpenguin.media
717825,frontlinegenomics.com
717936,fcsok.org
717942,flirta.online
717964,funbets365.com
717975,furosemide.cyou
718001,fleetdatapro.ru
718012,fortunevictory.nl
718016,finshoppi.com
718028,fotoloods.nl
718040,fcxlabs.com
718041,forecourttrader.co.uk
718056,fkhvh.com
718071,fundacao.bradesco
718128,frenchconnoisseur.com.au
718186,fost.club
718204,fmgzs.com
718207,femgram.com
718244,fotopluspro.ru
718262,fifakorea.net
718323,financialknowledgecentre.com.au
718336,fmine.fun
718345,folhademaputo.co.mz
718349,frsky-rc.com
718353,fcaarau.ch
718380,facilweb.info
718470,futurlab.co.uk
718474,freshlytravelholland.nl
718497,fjtgsxcu.com
718565,fh-lueneburg.de
718567,fuesd.org
718576,flarezoneprox.com
718578,foreverymuslim.net
718613,fhmis.net
718616,fabit.net
718626,fcc-group.eu
718651,findartglobally.com
718682,fieldays.co.nz
718698,familygamingdatabase.com
718726,focuslogic.de
718737,fundacioncajasol.com
718860,focustracker.de
718881,ffsky.cn
718884,fkc-opk.ru
718906,fujifilm-ffem.com
718915,flowonbet.co.uk
718933,fvm.de
718986,fx3angus.com
718990,frameboxxindore.com
719013,formunauts.com
719036,finngen.fi
719037,fairmont.fr
719042,farmersguide.co.uk
719051,faastic.com
719065,ford.pt
719197,freshradar.cz
719231,fineawards.com
719246,fuseauslings.qpon
719335,flightqueue.com
719342,fortheinjured.com
719344,fake-znamenitosti.com
719356,freenet-dsl.de
719395,fsnservice.com
719396,fujiiryoki.co.jp
719401,fluxstream.us
719451,frankfurt-3.de
719453,femdomup.net
719472,fotomerchanthv.com
719475,fyi.pe
719525,focusindustries.de
719568,film-streaming-hd.cc
719570,fcratings.com
719575,f1w-2758.com
719580,freelaxgame.com
719600,fddiindia.com
719602,fpgoshen.org
719650,funablessnacks.com
719670,fxtrading.com
719682,fuman.de
719693,fip.fr
719698,fallgrid.com
719723,flexreceipts.com
719746,fmoues.edu.sv
719749,filter-technik.de
719755,focusmark.de
719756,farmlore.co.uk
719757,freebiesxpress.com
719782,fragdodiaoficial.shop
719785,fasterwayservice.com
719816,foxadvertising.com
719825,famedzaloa.one
719828,footbalance.com
719981,fmotn.com
719995,flogymnastics.com
719999,florence-museum.com
720068,fairhavenhealth.com
720069,fsbusiness.co.uk
720074,foundationfar.org
720076,faz.co.il
720113,fbaipublicfiles.com
720128,funox.com
720228,flatironsteak.co.uk
720250,freshpatch.com
720252,freshbybrookshires.com
720281,f-nova.com
720304,footanstey.com
720323,freshcardsnetwork.com
720327,freshgamingmarket.com
720512,fairpari.com
720562,futurodasaude.com.br
720579,filmalb.net
720585,fuyaweb.com
720616,feelflora.ru
720617,fotoruanopro.com
720635,futuregamingplatform.com
720640,fruitwine.net
720673,fastek.ca
720729,fifteenhost.co.uk
720762,feemio.com
720777,fs19mods.com
720805,ferrecsa.com.mx
720838,findclone.ru
720867,feelinghost.com.br
720912,funghiemicologia.com
720965,fittentech.com
720982,ffhs.ch
721023,firstplay88move.com
721035,fdpbt.de
721053,free-wallpapers.su
721054,fodzyme.com
721062,fietsnet.be
721119,fortunekingz.nl
721220,fizzyshield.net
721258,flyingbasic.com
721267,flexfast-ds.net
721385,frank-key.co.uk
721446,forgelab.ca
721486,falcon-lair.com
721516,follia.fr
721541,fit-mit-wessinghage.com
721582,fluxonline.ca
721617,freshfeed.co.uk
721705,factoriadeficcion.com
721781,fftt-idf.com
721839,fashdes.com
721846,funspheregame.com
721878,foroamor.com
721912,fanci.me
721973,ficoccs-prod.net
721981,fidonet.org
722062,furano.ne.jp
722069,flamingblog.pl
722073,filem21.net
722088,flaschengeist.dev
722138,fablestreet.com
722167,fbcountyusa.com
722213,fakta.eu
722233,flaxpol.pl
722251,festivalbeauregard.com
722272,fix51.com
722275,faol.com.br
722399,fevesa.es
722425,fprints.com.ua
722440,fairguideeindhoven.nl
722446,felix-schoeller.com
722466,f168.tech
722470,finclass.com
722481,fmctc.com
722483,francefintech.org
722522,foms74.ru
722532,finanzkun.de
722544,futureslots.ca
722571,fatsecret.dk
722611,fpmc.pro
722613,fernhost.gg
722628,firmlet.com
722637,fhgov.com
722649,fjjs.gov.cn
722657,fmpstatic.com
722670,fckarpaty.org.ua
722682,finecooking.info
722770,firearmlegaldefence.com
722819,fruehauf.ca
722871,firstrankseoservices.com
722901,fc-brett.de
722913,fastmodernglobeworld.nl
722917,fpsdns.com
723018,fnverlag.de
723022,fcbusiness.co.uk
723044,francocalzature.com
723045,firstbtq.com
723056,fxau.net
723124,fresh-schinznach.ch
723125,fotello.co
723134,freshspin981.com
723136,forumcinemas.de
723161,firmsforsale.co.uk
723251,flowpulseecho.com
723290,fcci-group.com
723291,forum-fc.bayern
723293,freshclubgroup.com
723305,fbninsurancebrokers.com
723329,fastdrive.ca
723332,fastercloud.com
723333,finduit.in
723349,fabulousafter40.com
723434,fiberpoint.com.br
723455,fodyfoods.com
723474,freshvipmarket.com
723515,flokkus.nl
723519,farmasi.by
723530,f8bet.ventures
723570,frankfurter-stadtevents.de
723583,f45hq.com
723590,febreze.com
723606,freepatentsonline.net
723617,film77.xyz
723646,ftpemarketdirect.net
723651,fandomk.com
723653,firewise.org
723682,fdcew.com
723688,fanbenyu.com
723714,flshots.com
723772,financastop.com
723793,foursquare.org.ng
723829,firstcolo.net
723841,friendli.ai
723851,frankandernest.com
723852,fleetassistant.com
723881,fontel.it
723894,foruneneko11.com
723901,fjdushi.com
723916,floodlit.org
723952,fm1.co.il
724014,fastservsupply.com
724018,fasdat.com.tr
724049,flawless.life
724094,fetishsexopt.com
724123,faizasaqlain.pk
724129,futurearenaplatform.com
724151,forwhomthecowbelltolls.com
724217,feelcool.org
724237,fibery.com
724240,fapam.edu.br
724256,freshguidepro.nl
724287,fiit-tech.net
724293,florenceaz.gov
724326,filmspiegel-essen.de
724347,frontiir.com
724353,firstmac.com.au
724396,fremantle.com
724414,firstagenda.biz
724425,fangch.net
724498,freshtracker.de
724561,findseniormed.com
724576,fox-notes.ru
724579,fisciences.com
724584,frontalreport.com
724593,futureagi.com
724638,flsnow.net
724700,filmix.ink
724713,fence360.net
724863,fal.cn
724910,fsv-zwickau.de
724977,findox.com
725026,freebiblecommentary.org
725040,finexpert24.ru
725063,ford-focus.cz
725134,funzillapa.com
725217,ferreteriagines.net
725274,fukutsu-recruit.net
725304,forexq.net
725331,featureddata.com
725406,flyd.ru
725455,framefitness.com
725462,funcraftr.top
725501,flytalk.co.za
725514,freshdelta.de
725518,fera.sk
725522,filmler.com
725529,fishingtackleunlimited.com
725615,freshlyreportbright.nl
725616,flushesports.com
725624,fencingandmore.co.nz
725628,forexgid.ru
725703,fyxo.at
725753,funerals.org
725790,filmas-2024.ru
725811,flutracking.net
725830,feedground.com
725847,freshslotsgroup.com
725850,femdomempire.net
725890,foxgame.cc
725928,fuller.com
725982,flarerecap.co.uk
725998,flownet.cc
726009,firstlightfarmer.com
726069,flea.fi
726073,fortwilliamworldcup.co.uk
726074,fh-mainz.de
726092,fcparts.ru
726113,foxwelldiag.com
726136,fce.com.ar
726163,fusiononeinc.com
726165,firstinsurer.co.uk
726187,frd.org.mx
726195,futurehub.uk
726207,federation.network
726265,freshgamingexpress.com
726817,fabbriboutiques.com
726818,fabk.in
726819,facemasnegocio.com
726820,facildineromx.com
726821,facture.cr
726822,fahrenheitclothing.com
726823,fairyscans.com
726824,falaregional.com.br
726825,fameoffcentral.com
726826,fancifuldoll.com
726827,far.ma
726828,farmerspick.com.au
726829,fashionbug.lk
726830,fastfashionbd.com
726831,fastved.cam
726832,fatima-group.com
726833,fayebella.com
726834,fbdixrjfxg.com
726835,fiberoficial.com.br
726836,filimserial.ir
726837,filmaon.bz
726838,filmekade.com
726839,filmoflix.money
726840,filmux.to
726841,filmxy.vip
726842,filteragri.com
726843,fintyre.it
726844,firsttable.co.uk
726845,fixenic.com
726846,flacmusicfinder.top
726847,floridaboutique.gr
726848,flowmodulemanager.co.uk
726849,fluchos.fr
726850,fogo777.pw
726851,folkart.com.tr
726852,foodservice.com.ar
726853,footyscores.net
726854,forcebelarus.by
726855,forward4drib.com
726856,fow.co.uk
726857,fqspu216.com
726858,fractalofin.site
726859,fre-spo.com
726860,freecourse.io
726861,freemeteo.bg
726862,frene.jp
726863,freshluts.com
726864,frkoten.jp
726865,from-sen.com
726866,fsiblog.chat
726867,fuggonyfutar.hu
726868,fujimae.com
726869,fullcollege.cl
726870,fundacaomudes.org.br
726871,funky-man.gr
726872,funtap.vn
726873,furnitura.hr
726874,fusionstays.com
726875,futbollibremundial.com
726876,futunatura.fr
726877,futureterior.com
726878,fuxxx.me
726879,fvmioc68.com
726880,fyatu.com
726881,fzgmrpox.cn
727959,fukxx.com
728010,fcagsdp.com
728012,forestkids.com.br
728023,foe-extender.com
728059,farmae.de
728061,fluxportugal.pt
728089,forums-free.com
728195,fabimag.com.ar
728220,flixtech.io
728223,fanbasenow.co.uk
728226,fastmodernpointpoint.nl
728277,friendlys.com
728310,fly-telecom.ru
728326,fabricdirect.com
728353,ftb.org
728378,fotografer.net
728486,fishbestialityxxx.com
728506,fumi.net
728508,frostingandfettuccine.com
728513,fishersci.at
728514,flowtrailvista.com
728552,frauen-mint-award.de
728557,fitocracy.com
728563,fcbjerseys.com
728579,fenc.com
728619,franken-therme.net
728623,futbolhk.com
728742,freepresskashmir.news
728749,ferromundo.com.ar
728753,fuelprice.ru
728788,fbzu.shop
728855,fortisase-sovereign.com
728898,flashhive.co.uk
728908,fooddocs.com
728921,fenix.nl
728929,feller.ch
728944,fa13.info
728977,frauendate.com
729015,fat.lk
729030,fian.org
729092,funnyquizzy.com
729146,frfigures.com
729161,financieel-management.nl
729164,freshcrest.ca
729202,flexreserva.org.br
729248,frankdoorhof.com
729330,funtime.ge
729334,forspotify.com
729351,fertus.shop
729362,flsft.com
729378,fisto.dk
729414,forestsportsenschede.nl
729499,fia-academy.de
729505,full-en.com
729522,fengone.com
729542,freemedia.io
729578,fdfiles.net
729580,farmingbits.pt
729598,fcsaarbruecken.de
729672,fireplacesdirect.com
729709,falcon.systems
729725,flyt.digital
729746,fleursdumal.org
729769,fitmin.cz
729786,fm1today.ch
729835,frigopartners.com
729847,fanserials.one
729856,findseniorsex.com
729885,fostex.jp
729985,fxgreach.com
729994,fashionoutletsofchicago.com
730009,fastener-world.com
730111,federada.com
730172,floridakeysislandhomes.com
730201,frs-fnrs.be
730238,firestonehosting.com
730253,forniturasdelarosa.com
730258,forum-gogun.de
730270,fortunepower.nl
730282,firstdata.com.ar
730306,federalconnectors.com
730307,fastnetwork.com.br
730398,factom.org
730435,fueldigitalmedia.ca
730454,fun88home.com
730478,fs-live.de
730498,futie.net
730541,fesc.or.jp
730568,ftpsllc.com
730571,floorbuffers.com
730584,filesoo.com
730641,freestar.app
730672,foxyhussies.com
730677,fch.cl
730715,fitmencook.com
730762,furygate.co.uk
730792,freshglobal.us
730798,fmbn.gov.ng
730802,futbolargentino.com
730828,freemeteo.ru
730833,finance360.org
730849,faceadnet.de
730876,futct37.com
730892,fuhsi.edu.ng
730913,filmoria.co.uk
730920,freshcup.com
730921,fkdlv.com
730948,freexxxsharing.top
730954,fib.no
730972,flashdevelop.org
730980,fii-foxconn.com
731026,foresthouseamsterdam.nl
731041,fosscell.org
731134,f1infoservices.com
731151,flowwowdev.com
731160,flcrm.co
731161,fengshui86.com
731232,ft.kz
731238,fanmo.jp
731254,farmtorasoi.com
731360,fiore-party.com
731366,fuckixxx.com
731379,ffisou.com
731523,forgewaygolf.com
731544,fullofbooks.com.au
731548,fondazione-menarini.com
731558,fullvps.net
731590,firstcu.net
731680,fidelitymlsdocs-dr.com
731686,finjanhost.com
731704,fotoexpresseg.com
731725,footballvaluetips.com
731763,firstib.com
731799,flowneststream.com
731800,frostedbrands.com
731801,fusionfragpeakhq.com
731805,firstdigitalcard.com
731808,focuschina.com
731844,fiestabowl.org
731866,facepdff.bond
731867,familyawuitn.bond
731868,fhrjefeeling.bond
731869,financialwllwoz.bond
731870,flatfeehoustontx.com
731871,fmytrpower.bond
731872,footkrdg.bond
731873,foreignvrmua.bond
731874,fzjorincrease.bond
731951,fctc.coop
731954,front-data.dk
731967,fnrz.de
731971,foutni.com
731973,ferrara-usa.com
732032,feengrotten.de
732049,fagomar.es
732056,festival-larochelle.org
732082,foroeuropeo.it
732184,funnytime.top
732189,f168.onl
732233,fastfuturepointspace.nl
732264,frankiesautoelectrics.com.au
732318,fate-sn.com
732326,forwardparty.com
732379,fishingbooker.ru
732405,feverbasketball.com
732419,futurebettingworld.com
732437,forbes.net.ua
732450,fanbenji.com
732470,focikatalogus.hu
732553,firstvds.live
732555,first-colo.eu
732612,filehost.sbs
732621,flatfeemovers.net
732642,fatsecret.cl
732649,findbestserver.com
732656,fnail.ru
732674,familytime.io
732680,fpt-software.com
732683,fwmuseum.org
732801,florafoodgroup.com
732870,footstreams.me
732925,foxhost.org
732975,freshcrest.de
732993,financeindicators.com
732995,futbolarena.com
733045,fashuounion.com
733102,foodhero.org
733109,flexispot.es
733115,fishinfrenzy-online.uk
733119,foodninja.pro
733121,fructomat.at
733190,fohow.plus
733204,fabugou.com
733205,fyctia.com
733216,fixzip.ru
733225,funa-o.com
733237,freecity.lv
733248,firmware.management
733261,f117jp8507.info
733288,farmcamps.com
733304,fuckass.net
733312,ftb.team
733315,falconembroidery.com
733333,futurepokerdaily.com
733347,formidable.com
733362,fpml.org
733368,freshgamblestudio.com
733369,fusionhub.ca
733397,freeyork.org
733415,fpshost.cl
733442,forexeconomic.net
733447,fortuna-mega62.online
733452,floramira.rs
733472,fassadengruen.de
733501,fragpulsex.com
733535,farmcrediteast.com
733577,freefoot.it
733601,feeder.lk
733605,fullmoonfarm.com
733619,fusionbd.net
733626,findmealocalpainter.com
733634,fyple.biz
733682,factchequeado.com
733724,fastprimeforgezone.nl
733760,feedspace.io
733789,fast-bonus46.online
733792,famiticket.com.tw
733798,fly88net.com
733829,frollo.com.au
733831,fruitabu.com
733844,freshroulette41.com
733902,fidf.org
733904,folio.co
733934,freshbeautyco.com.au
733963,fastgraphs.com
733972,facesystem.in
734011,freeweekly.co.uk
734116,fotozine.org
734118,forumsfi.com
734157,fobul.net
734187,flowertime.ro
734188,fuseandrelay.com
734243,fgqvkcftf.cc
734251,forteforums.com
734261,fabu.care
734270,flexihub.com
734315,freshluckyzone.com
734381,freshguidegroup.nl
734422,facets.org
734431,furrera.ps
734435,focusvertex.de
734478,freno.me
734489,farmsunday.org
734499,follasnovas.com
734506,fpr-diplom.ru
734526,freeseolink.org
734537,firstnet.net.uk
734581,fileshot.io
734669,focusculture360.co.uk
734671,freetts.com
734707,forumsandmore.com
734729,freebirdevents.co.uk
734752,ferox.host
734770,fosteropenscience.eu
734776,fibertelperu.com.pe
734801,fsm.bible
734837,floggingmolly.com
734877,fcka.net
734879,flagshipsd.com
734881,fuji-job.net
734888,farafile.ir
734905,fmc-ag.co
734946,fiakarting.com
734963,foremoststar.info
734997,forumais.ru
735028,firstaccesscard.com
735030,fambuss.de
735109,forthwithlife.co.uk
735117,fortunade.com
735118,fccpc.gov.ng
735165,fincents.co.za
735188,fourcc.org
735200,frontpagedigest.co.uk
735216,fullcarga-titan.com.co
735227,filetransver-ultra.com
735255,femwrestlingrooms.com
735257,fishsniffer.com
735283,filmtak.ir
735307,fallimenti.it
735328,fundedcms.com
735368,footballbros.run
735387,fidgettoysplus.com
735418,factceleb.com
735434,fitnessup.pt
735436,fritz.gmbh
735443,fronteo.com
735528,futurebets.ca
735536,firstcircle.ph
735547,femplay.com.au
735564,flylowgear.com
735567,fiordisfoglia.it
735573,f1w-7505.com
735651,fastinsurancerates.com
735732,famformacion.com
735780,fmlist.org
735787,focusview.us
735794,flooq.nl
735803,fahr.gov.ae
735807,fabartcraft.com
735813,forexcargo.us
735849,foreversongstudio.com
735899,fastmegastormzone.nl
735915,free-lottery.net
735921,fynncloud.net
735926,force-mobility.fr
735930,fof-ihof.com
735942,fortune-cookie.tokyo
735950,flixbus.sk
735966,facebook.hu
736008,fkn.systems
736015,foollo.com
736036,forgetmenotbedandbreakfast.com
736079,fordserviceinfo.com
736108,findfastdate.com
736126,fhfwb.com
736129,fuzeforge.pl
736139,fuggler.com
736147,forwardcast.co.uk
736148,focusdigitalmag.co.uk
736163,fastpurevisionspace.nl
736175,flowersbynora.com
736262,fightershop.com.pl
736290,fak.xxx
736299,farsi1hd.com
736347,fmrgosyki.cc
736348,fortebet.rw
736349,fin-techzoom.site
736350,fntpost.com
736384,framerjs.com
736390,fabiaoqing.com
736400,flujoapp.com
736408,fazenda.rs.gov.br
736419,fortea.de
736527,fabletlcmod.com
736600,freshvaultcommunity.nl
736624,finquest.work
736640,fwfmgallery.com
736699,fatpiratecasino.se
736705,fungamess.games
736712,fohub.net
736728,fairhealth.org
736736,freakmobmedia.com
736749,feteci-feteca.fr
736770,funghiitaliani.it
736774,fnw.us
736789,fitsearch.jp
736792,fridalegypt.com
736853,fieldroast.com
736870,fastordersbp.org
737207,f999.love
737208,facethesound.com
737209,factorlibre.com
737210,fandi.com.br
737211,fansgurus.com
737212,fantasiapersonajes.es
737213,farmasky.com
737214,farmquest.com
737215,farro.shop
737216,fbox.me
737217,fdoc2.jp
737218,fednot.be
737219,feel.com.gt
737220,felixhotels.it
737221,filippomarchesani.com
737222,findnemo.net
737223,finmindtrade.com
737224,firesidechalets.com
737225,fixami.fr
737226,flaconi.it
737227,fleeceperformance.com
737228,flextender.nl
737229,floranc.com
737230,flowlogic.com.au
737231,flydivi.com
737232,fncv.es
737233,folhaonline.es
737234,foodzap.com.br
737235,footube.org
737236,formuler-support.tv
737237,fredhaastoyota.com
737238,freezehost.pro
737239,freighttracker.com.au
737240,fulleapps.io
737241,fulltrack2.com
737242,fupbi.com
738004,forensischinstituut.nl
738030,foodtruckempire.com
738036,fuzzdogs.com
738044,fixedmobile.net
738067,formulaswiss.com
738101,febrisur.com
738107,fashiontimesglobal.com
738108,floridasmart.com
738153,frontiersmart.com
738158,flightier.net
738174,feetmm.com
738185,free-playavtomats1.com
738235,freesex.cz
738240,faq4mobiles.de
738266,futureddospzmvq.shop
738359,forbinservices.com
738368,fibron.com.br
738374,fomento.edu
738384,flod.org
738425,fieldextechnologies.co.uk
738474,freshvisionpro.nl
738475,fride.io
738502,fotorun.ru
738526,fessestivites.com
738593,fleetstreetops.net
738604,fitofarmacija.rs
738630,flagma-tm.com
738631,familiesmagazine.com.au
738639,facebook-login.com
738703,f6publishing.com
738707,filmifeed.com
738733,filerwaale.com
738823,fredericovieiracarneiro.info
738829,futuretracker.de
738840,fastcorewavebase.nl
738909,fsuzw.com
738911,freshpr.ua
738922,frenchtouchseduction.com
738927,freakware.de
738954,fmicorp.com
738958,filosofiforum.se
738962,f-counter.com
738988,fei.org.br
739029,forumchitchat.com
739062,freshbridge.uk
739071,fragranticoo.com
739078,folks.finance
739114,firenetltd.it
739117,fotoncandle.com
739134,feicht.media
739169,freshguideworld.nl
739176,fjrtvu.edu.cn
739221,fromhungertohope.com
739238,fakini.com.br
739255,freshnetwork.uk
739264,fourwindsnutrition.net
739270,florenceal.org
739285,ferrache.com
739297,f1-live.com
739302,fundacaolemann.org.br
739303,fastwinrushzone.nl
739311,fuchingrading.com
739399,ferreteriayhosteleria.com
739443,furosemidenext.com
739464,fastcloud.it
739467,froedtertsouth.com
739484,foxfitapp.ru
739496,fhaicoreapps.com
739524,floorball.lv
739588,fsrpn.ru
739618,fotoowl.ai
739626,fightershop.cz
739647,freelanceyard.com
739665,flatbee.at
739755,filarmonicaenescu.ro
739761,ffk.kiev.ua
739764,fix-gorenje.ru
739794,focuslife.uk
739840,flintstudios.net
739858,franklinempire.com
739861,fashiongroupoutlet.mk
739903,factoryconsolego.com
739994,freewaynet.com.br
740016,forredeye.com
740019,fmino.gov.ng
740030,fairflowers.de
740031,fscore-bd.com
740056,f3bus.ru
740075,fortunedaily.de
740082,freshcasinohub.com
740084,facilitea.com
740124,findthatlead.com
740133,fv.aero
740164,filmcritic.com
740181,forumsactifs.net
740209,frankcrum.com
740234,football-fanshop.hu
740253,freewebz.com
740272,fiks.nl
740299,forum-minecraft.ru
740316,futbolentusmanos.com
740322,flirtlocal.com
740359,friendsofsjm.com
740375,fitdiy.net
740389,factorysofa.gr
740411,france-galerie.com
740443,funcode.hu
740455,fbxl.net
740474,fahrneygroup.com
740577,fazendariogrande.pr.gov.br
740618,fronterasdesk.org
740633,fujiwarasangyo-markeweb2.com
740709,fln.com.ua
740714,farrapo.com.br
740772,fli4l.de
740776,ferronetwork.com
740780,fiberon.az
740860,firsttruckparts.com
740902,familycard.info
740907,fuckdeluxe.com
740945,fusionv.com
740991,fourpure.com
740992,fightbookmma.com
741039,filmozavr.com
741045,footballvictoria.com.au
741074,fan4.site
741211,fatboysbbq.co
741223,fc-watch.com
741368,fomag.gov.co
741377,fontsloader.com
741416,futureslab.kr
741434,fies.org.br
741471,flooring365.co.uk
741479,flexplatform.net
741498,form.id
741504,fail.co.in
741514,fcip-shiken.jp
741521,fraze.it
741526,fitofarm.ru
741536,fantavolando.it
741542,familydb.or.kr
741543,flamingo.finance
741660,firstbenefithelp.com
741670,freedep.casino
741719,finsicilia.it
741752,folio.com.ua
741765,finmetricx.com
741771,flabslis.com
741846,forbiddenphotos.net
741886,fic-pro.fr
741889,frilla.hr
741928,fleetify.id
741972,fishkaremonta.by
741983,feraciumus.com
742012,federalcellularclassaction.com
742105,freenance.net
742143,frenchmeadows.com
742156,fnl.co.nz
742230,floratil.com.br
742238,farmagerty.com.br
742249,fengchaoyi.com
742289,fef.br
742329,fredauto.com.au
742393,fairycosmo.com
742399,franservesupport.com
742418,feedit.cz
742462,flash-gear.com
742477,form-solutions.net
742574,famousgadget.com.bd
742634,frodio.com
742681,funfun.art
742726,fundzbazar.com
742735,fc88a.com
742795,flixbus.hu
742805,fulladultmovies.com
742812,formate.es
742838,fsd.rs
742897,fasterthoughts.io
742902,freefuckbook.app
742906,fordays.co.jp
742932,fukaya-nagoya.co.jp
742989,floraqueen.es
742991,fukuri.net
743009,fabtechmotorsports.com
743030,familiesporet.dk
743042,fahemov.cc
743050,fegi.ru
743077,francesco.ru
743083,f19.ir
743103,freepornsite.link
743133,flashrom.org
743141,futurelearningscope.nl
743146,ftd123.com
743168,fisioterapiaenbogota.com
743188,florinroebig.com
743211,foys.io
743212,fetishhitsgallery.com
743229,familyprotect.nl
743238,feico.com
743275,fuerteventurahotel24.com
743359,feetempire.com
743373,futuregames.ca
743380,fkn-systems.de
743390,freezones.ir
743489,flarewager.com
743511,fawtography.com
743523,forwardtechno.net
743541,focuslifetoday.co.uk
743544,flewdstresscare.com
743578,fortunegrid.nl
743604,flclerks.com
743652,facebookmarketingpartners.com
743678,funcarnival.com
743736,fii.digital
743784,focusstream.de
743794,fbrmail.com
743853,fluxbase.ca
743856,farmbureaubank.com
743885,filloffer.com
743901,finalbosshub.co.uk
743959,funblast.co
743960,flagright.com
743967,futuremakeup.ae
744072,feelcools.com
744076,freizeitsportler.net
744083,fwb.org
744114,fibudns.com
744123,firstmailler.com
744178,finanzdurst.de
744204,farmanimaltube.top
744212,fishstrong.com
744232,freshvisionhub.nl
744261,focusclearblog.uk
744275,fototapetuj.pl
744285,fishersci.eu
744287,fmradiobroadcast.com
744322,freedomfinancialnetwork.com
744323,fuaj.org
744337,fletschtec.de
744354,faktiskt.io
744391,fine-home-hardware.com
744485,foodimus.com
744495,focushubblog.co.uk
744561,f8.com
744568,fastvpn.com
744575,flomaxms.com
744577,feductius.com
744593,findmyupgrade.com
744598,fishkeeping.co.uk
744611,fastmegaventurespace.nl
744616,foreverlovingu.com
744634,florecruit.com
744636,foodtracks.de
744649,fanbaseden.co.uk
744688,flatcar.org
744696,fondationsantearchipel.com
744708,fxcomic.com
744710,freshclubelite.nl
744770,filestuttam.online
744776,focustechmag.co.uk
744820,fingerpicker.eu
744939,facaishur.com
744979,fass.org
744989,foundershield.com
745004,fotaservice.com
745054,flyerify.com
745085,farnet.io
745123,fortfo.com
745180,frametide.au
745198,freshreelsworld.com
745230,fluxscope.co.uk
745253,forrst.com
745290,foresight.group
745318,familiebrandes.nl
745321,foxandriley.com
745330,filmchief.com
745336,foreignlegion.info
745346,feehk.com
745357,forevervacation.com
745360,fastic.app
745389,fairyabc.com
745406,ftp.casino
745452,friendlysms.com
745454,freshinsight.de
745456,fpmitip.com
745485,fleetlimber.monster
745491,fanspace.com
745492,fotoden.ru
745493,flavorjungle.com
745596,food4thesoulnc.com
745610,finsterwalder.com
745619,funeralnames.com
745631,fuck.com
745691,ferrarabenefits.com
745693,fazwaz.es
745719,fastpay-online-casino-au.com
745753,fundswap.com.tw
745758,farfalha.com.br
745769,fpnsw.org.au
745816,free-xxx-porn.org
745846,farmaspazio.it
745879,fuel2electric.com
745891,fernacom.com
745971,forestcarbonpartnership.org
745987,fujifilmesys.com
746036,fastsmarttrendpoint.nl
746048,filmstreaming.page
746087,flamingriver.com
746124,filmandmore.it
746136,fairtrade-towns.de
746233,fastcasino.ca
746250,futurebusinesspro.fun
746267,filstalwelle.de
746331,fudaoyuan.icu
746333,football-navi.com
746337,fortunerushnetwork.nl
746355,fujpxy.com
746393,fi-compass.eu
746407,flashcardexchange.com
746463,firstcomcu.org
746508,fx-markets.com
746516,fcnoticias.com.br
746528,flagsflag.com
776857,f-1club.com
776858,f-avto.by
776859,f-bg.org
776860,f-cs.jp
776861,f-dress.jp
776862,f-fast.com
776863,f-fishing.by
776864,f-kayama.com
776865,f-legion.com
776866,f-med.by
776867,f-park.by
776868,f-s-c.it
776869,f-sfc.co.jp
776870,f-supportsys.com
776871,f0505.com
776872,f051234.com
776873,f07123.com
776874,f07f27ii.com
776875,f07f27tt.com
776876,f07f27uu.com
776877,f07f27yy.com
776878,f07gh01.com
776879,f07kj02.com
776880,f093fjv5.com
776881,f0bnr.com
776882,f0f1h8a.com
776883,f0l512p.com
776884,f0tp95.com
776885,f1-dash.com
776886,f16118.net
776887,f1681.pro
776888,f1681188.com
776889,f1685.vip
776890,f1are.com
776891,f1box.co
776892,f1cks.com
776893,f1distribution.com
776894,f1order.com
776895,f1persia.tv
776896,f1speedloan.com
776897,f1t5bx.com
776898,f1x7p8.com
776899,f1zra6.com
776900,f200m-hoki.cfd
776901,f252mzsp.com
776902,f28qs6.com
776903,f29gu49t.com
776904,f29uyk22.com
776905,f2b806p.com
776906,f2b8x.com
776907,f2c7d9x.com
776908,f2f6t0g.com
776909,f2g.gr
776910,f2g911p.com
776911,f2j1l9d.com
776912,f2k9d8r.com
776913,f2me.top
776914,f2med.top
776915,f2mede.top
776916,f2medi.top
776917,f2medx.top
776918,f2mp.com
776919,f2t3j3x3.com
776920,f2t8r7.com
776921,f2z4x9k.com
776922,f30g30wcj.com
776923,f3627.com
776924,f36skv.com
776925,f389fuii80.com
776926,f39bivj38u.com
776927,f3h7h5.com
776928,f3hvmx.com
776929,f3k7q9.com
776930,f3m9r6n.com
776931,f3p8mw.com
776932,f3t7qkn8xw.com
776933,f4d0bx.com
776934,f4k7t2.com
776935,f4kh9j.com
776936,f4m9y7.com
776937,f4uzs.com
776938,f4v1t8m.com
776939,f53mn8.com
776940,f58fq9y.com
776941,f58wjvrtcxf.com
776942,f5g6d9.com
776943,f5h.co
776944,f5j2p3.com
776945,f5m305p.com
776946,f5ofq9.com
776947,f5qwkg84h7.com
776948,f5r8q2.com
776949,f5t3r4.com
776950,f5t9z5.com
776951,f5v9h7e1.com
776952,f603333.com
776953,f607777.com
776954,f61serve.com
776955,f65.asia
776956,f65.buzz
776957,f65.space
776958,f65.work
776959,f65f2.com
776960,f669bb.com
776961,f669dd.com
776962,f669nn.com
776963,f669qq.com
776964,f6b8z8.com
776965,f6h3k7.com
776966,f6l6g1o.com
776967,f6r1t.com
776968,f6x2rxy8fp.com
776969,f6z3m0.com
776970,f73sw52.com
776971,f7bmw.com
776972,f7c147p.com
776973,f7d6abn9.com
776974,f7f7.net
776975,f7m9y4.com
776976,f7q6r5v.com
776977,f7t9r6.com
776978,f7y4q9b.com
776979,f7z3qp.com
776980,f813bet.com
776981,f8930fi0.com
776982,f89ifj3if.com
776983,f89r84vuit.com
776984,f8betcskh.info
776985,f8betvip25.store
776986,f8game.bet
776987,f8h1j3l.com
776988,f8ib.com
776989,f8m1q5r.com
776990,f8p4n7.com
776991,f8pzl4mo.com
776992,f8z3mya.com
776993,f8z6c1pl.com
776994,f96.fun
776995,f993if334.com
776996,f99789.com
776997,f999.ai
776998,f999.game
776999,f999.pro
777000,f999.uk
777001,f99aa.com
777002,f9h5vct.com
777003,f9k2tb.com
777004,f9k2x1.com
777005,f9l9b.com
777006,f9m4y6.com
777007,f9t2m8k.com
777008,f9x4t7.com
777009,fa3dgpwa.com
777010,fa777006.com
777011,fa777007.com
777012,fa99.co
777013,fa99900.com
777014,fa99911.com
777015,fa99920.com
777016,fa99b2.com
777017,fa99c3.com
777018,fa99h8.com
777019,fa99q8.com
777020,faalive.com
777021,faaloodeh.com
777022,faanproj.com
777023,faba.org.ar
777024,fabianafirmino.com
777025,fabianigioiellerie.com
777026,fabini.cz
777027,fabini.sk
777028,fabiorobertonoticias.com.br
777029,fabkerala.gov.in
777030,fabklean.com
777031,fablessmanufacturing.com
777032,fabloe.in
777033,fably.it
777034,fabocservice.net
777035,fabrica-pucioasa.ro
777036,fabricadoouro.com.br
777037,fabricforever.in
777038,fabricgodmother.co.uk
777039,fabrico.in
777040,fabricpandit.com
777041,fabricstoreonline.co.in
777042,fabrictales.in
777043,fabrilamp.com
777044,fabrique-a-filets.com
777045,fabrispuma.com.br
777046,fabrykaczekolady.pl
777047,fabrykarozsady.pl
777048,fabspin.org
777049,fabulang.com
777050,fabulinis.com
777051,fabulo.hu
777052,facafacil.es.gov.br
777053,face-switch-ai.com
777054,face-symmetry-test.com
777055,facebooknamestyle.com
777056,facefactsresearch.com
777057,faceprep.online
777058,faceswapvideo.ai
777059,facewhite.shop
777060,faceyoursfears.com
777061,fachai68.net
777062,fachkraefte-erzgebirge.de
777063,fachos.cz
777064,facial-beam.com
777065,facilcreditos.co
777066,facile-formalites.fr
777067,facileautoricambi.it
777068,facilita.al.gov.br
777069,facilitaobracalc.com
777070,facilpersianas.com.br
777071,facilsport.com
777072,fackyhindidonghuas.in
777073,facnshop.cc
777074,factable.com
777075,factaonline.com.br
777076,factinbd.com
777077,factoa.net
777078,factorecepcion.com
777079,factoria.ua
777080,factorloads.com
777081,factorumweb.com
777082,factorybox.in
777083,factoryomoto.co.jp
777084,factsilent.shop
777085,factslite.com
777086,factsreadercom.com
777087,factun.com
777088,factura.city
777089,factura99.com
777090,factura999.com
777091,facturaaltoque.pe
777092,facturacion.co.cr
777093,facturacionmcdonalds.com.mx
777094,facturadegasolina.com
777095,facturadorvirtual.com
777096,facturagas.net
777097,facturagratis.com.ar
777098,facturalista.com.uy
777099,facturanaby.com
777100,facturasoltec.com
777101,facturation.net
777102,facturation.pro
777103,facturatucompra.com
777104,factureaza.ro
777105,factureenlinea.ec
777106,factusis.online
777107,factuurinzien.nl
777108,faculdadeajes.edu.br
777109,faculdadecesa.com.br
777110,faculdadedombosco.edu.br
777111,faculdadehonpar.edu.br
777112,faculdadeimes.org.br
777113,faculdadelibano.com
777114,facultytick.com
777115,facuminas.com.br
777116,facv.es
777117,fadenor.com.br
777118,fadlmodernprivate.com
777119,faebeauty.in
777120,faepa.br
777121,fafa877win.net
777122,fafarming.com
777123,faforlifebusiness.com
777124,fagor.rs
777125,faguocyb.com
777126,fahadtutors.com
777127,fahes.com.qa
777128,fahimulkhan.com
777129,faiba4g.com
777130,faidadz.com
777131,fair24play.win
777132,fair444.com
777133,fair786.com
777134,fair7play.com
777135,fairbet360.com
777136,fairbet99.net
777137,faircent.com
777138,faircent.in
777139,fairchildcinemas.com
777140,faircredit.cz
777141,fairdealfun.com
777142,faire247.live
777143,fairjet9.com
777144,fairplay.cam
777145,fairplay.green
777146,fairplay.ph
777147,fairplay11.com
777148,fairplay2026.com
777149,fairplay24.site
777150,fairplay247.app
777151,fairplay365.games
777152,fairplay365.org
777153,fairplay444.com
777154,fairplay499.com
777155,fairplay555.com
777156,fairplay777.live
777157,fairplay99.pro
777158,fairplay999.club
777159,fairplaypro365.vip
777160,fairplays.gold
777161,fairplayvip.in
777162,fairpricegroup.sg
777163,fairpunt.com
777164,fairstake.zip
777165,fairtoto.tech
777166,fairtradesales.it
777167,fairweatherclothing.com
777168,fairwin247.co
777169,fairwin365.club
777170,fairwin77.com
777171,fairwindsonline.com
777172,fairxplay.in
777173,fairydoll.jp
777174,fairylandcinemas.in
777175,fairytailmangafree.com
777176,faisalmovers.com
777177,faith.qld.edu.au
777178,faithandpatience.co.in
777179,faithfulcompanion.com
777180,faithlife.org
777181,faizanmotorsports.pk
777182,faj.br
777183,faj.co.jp
777184,fajarpakong888.com
777185,fajasalome.co
777186,fajasmyd.com
777187,fajeryouth.org
777188,fajnafabryka.pl
777189,fajntricko.cz
777190,fajntricko.sk
777191,fakazadownload.co.za
777192,fakazatunes.co.za
777193,fakechatmaker.com
777194,fakeeh.health
777195,faketaxi1.com
777196,fakhama.ma
777197,fakingporno.com
777198,fakta.id
777199,faktaonepiece.web.id
777200,faktoriaperfum.pl
777201,fakturan.nu
777202,fakturirane.bg
777203,fakturovac.cz
777204,faktury-online.com
777205,fakturyweb.cz
777206,fala.sp.gov.br
777207,falah.bet
777208,falconbroadband.net.pk
777209,falconcloud.co
777210,falconmotosiklet.com
777211,falconoutletshop.com
777212,falcontracking.co.uk
777213,falcoscan.net
777214,falecidosnobrasil.org.br
777215,falehafez.org
777216,falentia.com
777217,fals-claim.lat
777218,fam-crm.com
777219,fam68new.sbs
777220,famacweb.no
777221,famafutar.hu
777222,fame.lk
777223,famecheap.com
777224,famecity.in
777225,famedock.com
777226,famepilot.com
777227,famesp.com.br
777228,famesp.org.br
777229,famicoupon.jp
777230,famili.com.ua
777231,familiafeliz.gob.do
777232,familiaforce.com
777233,familianaranja.com
777234,familiasrevitgratis.com
777235,familjebostader.com
777236,family-care.co.kr
777237,family-life.biz
777238,family-town.jp
777239,familycash.es
777240,familyfoodpanel.co.uk
777241,familyglobetrotters.com
777242,familymart-hoken.com
777243,familynes.pe
777244,familynes.ve
777245,familyperverts.com
777246,familyplanet.top
777247,familyprosystem.com
777248,familystreamplayer.com
777249,famipri.jp
777250,famishare.jp
777251,famnet.co.tz
777252,famosasbrasil.net
777253,famosasnuasvip.com
777254,famosaspeladas.com.br
777255,famosinhasnamira.com
777256,famososenbolas.com
777257,famososnu.com
777258,famososnusbr.com
777259,fampage.in
777260,fampage.org
777261,famsup.com
777262,famyo.in
777263,fan-card.jp
777264,fan-cube.jp
777265,fan-shop.cz
777266,fan-sport-tz.top
777267,fan.ro
777268,fanaacs.com
777269,fanatdelikat.com.ua
777270,fanaticash.com
777271,fanaticaudio.com
777272,fanaticosoficial.com
777273,fanaticossportes.com
777274,fanatics.es
777275,fanatics.it
777276,fanatik.com.ua
777277,fanbi-store.jp
777278,fancim.me
777279,fancode777.com
777280,fancourier.md
777281,fancy-names.com
777282,fancyspring.shop
777283,fancytextguru.com
777284,fancytextpro.com
777285,fanda-nhl.cz
777286,fandomlights.com
777287,fanfandaero.kr
777288,fanfever.com
777289,fanghospital.go.th
777290,fangoral.com
777291,fangr.co.kr
777292,fangwin88hits.store
777293,fanipogody.pl
777294,fanklockow.pl
777295,fanmoni.com
777296,fann.sk
777297,fannymichel.se
777298,fanpictures.ru
777299,fanpoint.bg
777300,fanprose.com
777301,fans66.tw
777302,fanschao.com
777303,fansfinder.com
777304,fanspicygroup.com
777305,fanspicyworld.com
777306,fansub.ir
777307,fanta555.shop
777308,fantaearn.pro
777309,fantamanagerleague.it
777310,fantasmania.hu
777311,fantasme.eu
777312,fantasy-village.com
777313,fantasydartsleague.com
777314,fantasyfunsextoys.com
777315,fantasygms.com.pk
777316,fantezie.ro
777317,fantinipelletteria.it
777318,fanty.su
777319,fany.cz
777320,fanz100.com
777321,fanzo.ir
777322,fanzone.co.zw
777323,faonline.vn
777324,fapabelno.org
777325,fapeam.am.gov.br
777326,fapema.br
777327,fapholic.com
777328,faplaconline.com.ar
777329,fapnazvezd.org
777330,faporn.link
777331,faproulette.gg
777332,faqdw2b.com
777333,far30club.ir
777334,fara-daunatori.ro
777335,faragomotors.net
777336,farahtalibaziz.com.pk
777337,faramoallem.com
777338,faraonbet.es
777339,farasshoe.com
777340,farata.net
777341,faraways.bio
777342,farbeco.jp
777343,fardabin.top
777344,fardacoin.com
777345,fardisfilm.com
777346,fardo.cl
777347,fardotter.com
777348,fareastcafe.co.jp
777349,faretobaby.com
777350,farglory-holding.com.tw
777351,farhangme.com
777352,fariasbrito.com.br
777353,faridabadkingsatta.com
777354,faridwatch.com
777355,farikal.site
777356,faritha.com
777357,farizon.rs
777358,farjadgroup.com
777359,farks96.com
777360,farliz.com
777361,farm-date.com
777362,farma-city.al
777363,farma22.com.br
777364,farma24.com.ar
777365,farmaceuticostitularesgofir.com
777366,farmacia365.pt
777367,farmaciabadan.com
777368,farmaciabagheria.it
777369,farmaciabrasil.com.py
777370,farmaciacapimlimao.com.br
777371,farmaciadelpuente.com.ar
777372,farmaciadigital.rs.gov.br
777373,farmaciadocostume.pt
777374,farmaciafornari.it
777375,farmaciageneralpaz.com
777376,farmaciagricola.com
777377,farmacialapaz.com.mx
777378,farmaciamalheiro.com.br
777379,farmacianacional.com.br
777380,farmaciarossomarcos.com.ar
777381,farmacias.es
777382,farmaciasantarita.com.py
777383,farmaciasbatres.com
777384,farmaciasbelen.com.ar
777385,farmaciascarrascosa.com
777386,farmaciaschester.com.ar
777387,farmaciascruzazul.ec
777388,farmaciascurie.cl
777389,farmaciasdelahorro.hn
777390,farmaciasdelplata.com
777391,farmaciaseconomicas.com.ec
777392,farmaciaseconomicaselsalvador.com
777393,farmaciasenanteactur.com
777394,farmaciasred.com.ar
777395,farmaciazelli.it
777396,farmaciazentner.com.ar
777397,farmacistipreparatori.it
777398,farmacity.com.ar
777399,farmacosto.com
777400,farmaferoles.es
777401,farmafoco.com.br
777402,farmafullweb.com.ar
777403,farmagricolaweb.com
777404,farmainbox.com
777405,farmakit.com
777406,farmamix.sk
777407,farmanika.it
777408,farmaoliva.com.py
777409,farmapets.it
777410,farmaroc.net
777411,farmasi.pe
777412,farmastrike.it
777413,farmatina.com
777414,farmatodo.com.mx
777415,farmavalue.com
777416,farmavranany.cz
777417,farmbrite.com
777418,farmclearingsales.com.au
777419,farmedvisie.nl
777420,farmer4989.com
777421,farmeraruhaz.hu
777422,farmertec.com
777423,farmfresh.com.my
777424,farmhousehub.in
777425,farminglifeinanotherworld.com
777426,farmingsolutions.it
777427,farmley.com
777428,farmmodels.nl
777429,farmworks.ai
777430,farookcollege.ac.in
777431,farookcollege.online
777432,faroshop.co
777433,farrutx.com
777434,fars-tel.ir
777435,farsad.net
777436,farsedu.ir
777437,farsisaz.com
777438,fascano.com
777439,faseglobal.com
777440,faselplus.cv
777441,faselplus.me
777442,fasgonline.rest
777443,fashiana.in
777444,fashionclub.co.il
777445,fashioncrib.co.za
777446,fashionflare.pk
777447,fashionforyes.com
777448,fashionmix.com.ua
777449,fashionsense.ro
777450,fashiontex.in
777451,fashionweekbutik.com
777452,fashionyou.pl
777453,fasitaly.com
777454,fasocourse.com
777455,fasoeducation.bf
777456,fasonie.com
777457,fasselhd.com
777458,fasspos.com
777459,fast-dl.lol
777460,fast-win.app
777461,fast289.com
777462,fast289.win
777463,fast4k.cc
777464,fast4top.com
777465,fast789.app
777466,fast828.com
777467,fast828.win
777468,fast88.kz
777469,fastbet.tv
777470,fastbit.co.id
777471,fastbookdata.com
777472,fastbookspa.it
777473,fastboss.net
777474,fastcard1.store
777475,fastcharacter.com
777476,fastcoo-tech.com
777477,fastdepix.space
777478,fastdl.bar
777479,fastdtr.com
777480,fasterjobs.com.br
777481,fastestcakes.com
777482,fastex.pk
777483,fastgrow.in
777484,fastid.it
777485,fastilinks.beauty
777486,fastjob.in
777487,fastlinepay.com
777488,fastloanhub.com
777489,fastloanlanding.com
777490,fastmoneygold.com
777491,fastmrdiy.id
777492,fastnail.app
777493,fastone3.casino
777494,fastpass-br.com
777495,fastpass.gr
777496,fastpay-casino78.com
777497,fastpay.bg
777498,fastpayflow.com
777499,fastpayrest.xyz
777500,fastqrisbb.com
777501,fastride.fr
777502,fastsave.online
777503,fastsmmstore.com
777504,fasttei.com
777505,fastwebshop.it
777506,fastwinzone.com
777507,fastxwin.bio
777508,fastxyz.in
777509,fatales.tn
777510,fatality-cs.info
777511,fatbee.gr
777512,fatbet.vip
777513,fatdex.net
777514,fatelares.com.co
777515,fatemehzahra1.ir
777516,fateryh.org.ar
777517,fathomreads.com
777518,fatmakilic.com.tr
777519,fatooball.com
777520,fatoreal.com.br
777521,fatorsistemas.com.br
777522,fatpirate2.com
777523,fattal-alazman.co.il
777524,fattbet.com
777525,fattbet99.com
777526,fattura-carburante.it
777527,fatture-sanitarie.cloud
777528,fatty-catt.com
777529,faturaticaret.com
777530,faubourg54.com
777531,fauji.org.pk
777532,faunaportal.cz
777533,faustoricambi.it
777534,fav543.com
777535,favacard.com.ar
777536,favaretoleiloes.com.br
777537,favbet.com.ua
777538,favcomics.com
777539,faveloaded.com
777540,favon9.icu
777541,favonovel.com
777542,favorbeauty.mx
777543,favore.jp
777544,favori.wedding
777545,favorislot459.com
777546,favorita.com.br
777547,favouriteauto.com
777548,favouritehomes.com
777549,faw-bestune.by
777550,faw99bet.com
777551,fawaid.or.id
777552,fawanewss.co.uk
777553,fawaterk.com
777554,fawrimob.com
777555,fawrymicrofinance.com
777556,fawryretail.com
777557,fawwaha.com
777558,faydaabaybank.com.et
777559,fayette.pa.us
777560,faynadama.com.ua
777561,faynalady.com
777562,faynaukraina.com.ua
777563,fayni-lystivky.com.ua
777564,fayssalmaths.com
777565,faz.adv.br
777566,fazerorcamento.com
777567,fazi.pl
777568,fazmelody.com
777569,fazrop.com
777570,fazzinihome.com
777571,fb-flowers.com
777572,fb.bet
777573,fb003.cc
777574,fb011.cc
777575,fb030.cc
777576,fb039.cc
777577,fb1s.com
777578,fb479.com
777579,fb5588.com
777580,fb77.fun
777581,fb77.my
777582,fb77.store
777583,fb77.top
777584,fb77.wang
777585,fb77.win
777586,fb777.biz
777587,fb88add.com
777588,fb88cat.com
777589,fb88den.com
777590,fb999.live
777591,fbac.net.br
777592,fbajee2.vip
777593,fbajee4.club
777594,fbbet2.com
777595,fbbet4.com
777596,fbbet5.com
777597,fbbet6.com
777598,fbbet7.com
777599,fbbet8.com
777600,fbbet9.com
777601,fbdisk.com
777602,fbeauty.pt
777603,fbergraf.icu
777604,fbf.org.br
777605,fbgame.org
777606,fbgz.xyz
777607,fbhcontrol.com
777608,fblives.net
777609,fbm.es
777610,fbm.top
777611,fbnovas.com
777612,fbnvp.com
777613,fbox.city
777614,fbtake.com
777615,fbtbet.com
777616,fbttz.com
777617,fbukzz.com
777618,fbunconnectedgame.com
777619,fbuni.edu.br
777620,fbvip124.com
777621,fc-buddyfight.com
777622,fc-mado.com
777623,fc.med.sa
777624,fc0e052.com
777625,fc1235.com
777626,fc1w0ued.com
777627,fc7.org
777628,fcac-acfc.gc.ca
777629,fcacademy.com.sg
777630,fcartigianato.it
777631,fcc-supporters.de
777632,fccpvirtual.org
777633,fccv.es
777634,fce.edu.br
777635,fcert.co
777636,fcesteghlal.ir
777637,fcgfans.nl
777638,fch3f7.com
777639,fchair-plus.jp
777640,fciqms.in
777641,fcitalia.com
777642,fcivlts.in
777643,fciyl1y7qq5.com
777644,fcjur.com.br
777645,fcl-hid.com
777646,fclorient-forum.fr
777647,fcloud.org.tw
777648,fcm-eu.com
777649,fcmaglia.com
777650,fcme.com.ec
777651,fcmobilebeta.com
777652,fcmobilerewards.com
777653,fcnexpp.online
777654,fconq.com
777655,fcpadel.cat
777656,fcraonline.nic.in
777657,fcs1suite.com
777658,fcsmartquote.com
777659,fcsoccerworld.cn
777660,fcss.jp
777661,fcsur.com
777662,fct-7777.com
777663,fcteer.com
777664,fctv33.my
777665,fcukreality.is
777666,fd-02.com
777667,fd-distribution.pl
777668,fd-n-dk.com
777669,fd2d3il.com
777670,fd2msljs.com
777671,fd888vol3.com
777672,fdc569.com
777673,fddkn.com
777674,fdkc.gov.tw
777675,fdlng.xyz
777676,fdmastertp.com
777677,fdo.net.rw
777678,fdol.jp
777679,fdrive.co.uk
777680,fdrtire.com
777681,fdtpro.com
777682,feaccears.gov.et
777683,featherlitestore.com
777684,feb.gov.np
777685,feba.pl
777686,febdno8678.shop
777687,febepos.com
777688,febestore.pl
777689,fechamentofacil.com.br
777690,fecoa.org
777691,fecolsa.com.co
777692,fecolsubsidio.com
777693,fecoordi.com
777694,fecp.org.co
777695,federacao-triatlo.pt
777696,federaciobaleardetrot.com
777697,federacioncantabradepadel.com
777698,federacionchilenadeajedrez.cl
777699,federacionmadridnatacion.es
777700,federalonline.com.br
777701,federatieveservice.nl
777702,federhandball.it
777703,federicafitnesslibrary.it
777704,federicisofa.com
777705,federnuoto.piemonte.it
777706,federnuoto.toscana.it
777707,fedpolyoko.com
777708,fedserv.co.in
777709,fedu.ai
777710,fedway.com
777711,feedback-td.com
777712,feedbackdominos.com
777713,feederlog.in
777714,feedr.co.in
777715,feedus.io
777716,feedwatcher.net
777717,feeetshop.net
777718,feel-corp.jp
777719,feel-i.jp
777720,feel.no
777721,feelapp.tv
777722,feeldream.id
777723,feelfitcenter.nl
777724,fefeu.com
777725,fefi.com.ar
777726,fegan.org
777727,fegar.online
777728,fegunncxz.cc
777729,fei.ac.ir
777730,feidclothes.com
777731,feijao.fun
777732,feiraemacao.site
777733,feiticeira.club
777734,fejerpro.dk
777735,fekete-koi.com
777736,fekra1.com
777737,felbite.com
777738,feldobox.hu
777739,felesjapan.co.jp
777740,feliciaclub-by-seikomatsuda.com
777741,felicidade888gg.com
777742,feliciorocho.org.br
777743,felicitari.online
777744,felicitaripersonalizate.com
777745,felineskinscience.com
777746,felipevergara.co
777747,felisi.net
777748,feliway.it
777749,felix.si
777750,felix169.me
777751,felixjsc.com
777752,felixtravel.rs
777753,fellahamilton.com.au
777754,fello.se
777755,fellowchap.com
777756,fellows.tokyo
777757,fellows2008.work
777758,feltrimcorrea.com.br
777759,femacba.com.ar
777760,femebal.com
777761,femeiesenzuala.com
777762,femfitrainingcenter.com
777763,femi.in.ua
777764,femmeautel.com
777765,femmella.com
777766,femmetorrideacote.com
777767,femprobiotics.co
777768,fenaktivite.com
777769,fenbilim.net
777770,fenbilimleri.com
777771,fencing-supplier.com
777772,fendiali.net
777773,fenegosida.org
777774,fenelonimagens.com.br
777775,fenestratio.com
777776,feng4djuara.com
777777,fengshuy.com
777778,fengzemed.com
777779,feniko.pl
777780,feniks-tours.rs
777781,fenix-shops.com.ua
777782,fenixacademydigital2.com
777783,fenixblox.com.br
777784,fenixsoft.com.br
777785,fenixupull.com
777786,fenjoonstore.com
777787,fenobicho.com
777788,fenster.dk
777789,fenusbilim.com
777790,feo.gov.np
777791,feo912.com
777792,feonnaaherbals.in
777793,fep.mx
777794,fepam.rs.gov.br
777795,fepe.org.br
777796,feraatacado.com
777797,feran-land.ir
777798,ferbi.com.ar
777799,ferchtech.com
777800,fereguettisistemas.com.br
777801,ferfiakjatekboltja.hu
777802,feriaalimentec.com
777803,feriadelbrasier.com.co
777804,feriados.cl
777805,feribotlines.com
777806,feritogel.com
777807,ferja.mx
777808,fermakleri.cz
777809,fermart.id
777810,fermato.cz
777811,fermavanatorului.ro
777812,fermentaciia.in.ua
777813,fermeria.sk
777814,fermershop.com.ua
777815,fermotecnico.it
777816,fernandatavaresstore.com.br
777817,fernapet.cl
777818,ferniplast.com
777819,fernliebe.com
777820,feron.ua
777821,ferona.cz
777822,ferracini.com.br
777823,ferrajoliauto.it
777824,ferramenta.it
777825,ferramentaseveri.com
777826,ferrara24ore.it
777827,ferraribet.com
777828,ferraritoto.com
777829,ferratum.cz
777830,ferratum.ee
777831,ferrazdevasconcelos.sp.gov.br
777832,ferrazi.com.br
777833,ferreirasport.com
777834,ferrelan.cl
777835,ferrelectrica.cl
777836,ferreteria.cl
777837,ferreteriabrenes.com
777838,ferreteriascoa.com
777839,ferriesonline.fr
777840,ferropolis.pe
777841,ferroshop.com.br
777842,ferroviaria.cat
777843,ferrovias.com.ar
777844,ferrylabuan.com
777845,ferrypay.no
777846,fertipar.com.br
777847,fervid.vn
777848,ferzhmm.com
777849,fesabal.info
777850,fesfsus.ba.gov.br
777851,feshopoficial.com
777852,fesko.com.ua
777853,feskuji.com
777854,fesn.org.br
777855,festaemcasa.pt
777856,festivalbrilla.com
777857,festivall.com.tr
777858,festivalonline.com.br
777859,festivalperfopoesiasevilla.com
777860,festool.es
777861,festool.it
777862,festool.pl
777863,festou.com.br
777864,festwnbonus.com
777865,fet.edu.jo
777866,fet532.com
777867,fetaxi.com.br
777868,fetimation.com
777869,fetishavinfo.com
777870,fetishdate.xxx
777871,fetisheros.com
777872,fetnet.tw
777873,feueron.de
777874,feuillette.fr
777875,feuvert.be
777876,fev435.com
777877,fevre.com.br
777878,fexi.cz
777879,feyizoglu.com
777880,fezdelivery.co
777881,ff10-hd.com
777882,ff14.pw
777883,ff21.co.in
777884,ff389vv45.com
777885,ff44aa.top
777886,ff555b.com
777887,ff555c.com
777888,ff77k.com
777889,ff77l.com
777890,ff77m.com
777891,ff8389vvu4.com
777892,ff88.lol
777893,ff9993.com
777894,ffa.kz
777895,ffbet00.com
777896,ffbet33.com
777897,ffbet77.com
777898,ffbetas.com
777899,ffbetatest.com
777900,ffbiostyle.com
777901,ffbt.asso.fr
777902,ffcc.info
777903,ffdx.net
777904,ffemote.com
777905,fff.or.jp
777906,fff39j3jt0.com
777907,fffj39fj3.com
777908,ffgametopup.com
777909,ffglory.pro
777910,ffh4x.org
777911,ffhj39b93j.com
777912,ffindia.in
777913,ffitcocohouse.com
777914,ffiugvoiuybik.com
777915,ffiv-concarneau.fr
777916,ffju389vv4.com
777917,ffkipasmyid.com
777918,ffklash1.com
777919,ffl.org.ua
777920,ffl2v.com
777921,ffload.ru
777922,ffm.co.jp
777923,ffmoto.net
777924,ffn66.cc
777925,ffont.jp
777926,ffpjp69.com
777927,ffppsbp.org
777928,ffpt.jp
777929,ffqxy8f.com
777930,ffs-online.shop
777931,ffscrabble.fr
777932,ffsensi.com
777933,ffshadowbot.online
777934,ffskintools.app
777935,ffsplus2.com
777936,fftcss.com
777937,fftopbd.com
777938,fftoto.org
777939,ffuo.ru
777940,ffvrcweb.fr
777941,ffxmodz.com
777942,fg.com.pk
777943,fg365y3.com
777944,fg777.buzz
777945,fg8po0d.com
777946,fg98za.com
777947,fgalegaciclismo.es
777948,fgamers.jp
777949,fgbet365.com
777950,fgdms.in
777951,fge5etef.com
777952,fgear.in
777953,fgeguanajuato.gob.mx
777954,fgeijobs.pk
777955,fget.io
777956,fgf.esp.br
777957,fggeneral.in
777958,fggyxaotcn.com
777959,fghsaude.org.br
777960,fghtrtuu.com
777961,fgjslg.click
777962,fgqro.gob.mx
777963,fh2sante.ma
777964,fh36588.top
777965,fh39yu6.com
777966,fh82z85bt.com
777967,fha.com.gt
777968,fhadda.com
777969,fhalmeria.com
777970,fhbe67qn.com
777971,fhbstat.com
777972,fhccu.com
777973,fhcz27fukxd15exr575i.com
777974,fhemig.mg.gov.br
777975,fherotic.net
777976,fhgfhyy.com
777977,fhn3.com
777978,fi-sanki.co.jp
777979,fi1gqzft.sbs
777980,fi20gi000.com
777981,fi289gu30.com
777982,fi39g3pp0.com
777983,fi90gi39g9.com
777984,fia-s.com
777985,fia.org.pk
777986,fia80845.com
777987,fiabedellabuonanotte.it
777988,fiabilo.tn
777989,fialyelh.com
777990,fianzasavanza.mx
777991,fiasa.it
777992,fiat.com.ro
777993,fiat.pt
777994,fiat.ua
777995,fiatautodrive.com.ar
777996,fiatcatalogo.com.ar
777997,fiatdz.com
777998,fiatpecas.com.br
777999,fiatplan.com.ar
778000,fiatpotenza.com.br
778001,fiber-beam.net
778002,fiberathome.net
778003,fiberkerumah.net
778004,fibernetve.com
778005,fibertime.com
778006,fibertohome.co.in
778007,fibervalleycpl.com
778008,fibra-fast.com
778009,fibrecat.in
778010,fibrus.com
778011,fibula.app
778012,fibula.ba
778013,fibula.rs
778014,ficco.org
778015,ficcus.cl
778016,ficdownloader.com
778017,fichasdetrabajo.net
778018,fichasparaestudar.net
778019,fichedevoyage.gov.bf
778020,fichepizza.com.ua
778021,ficherio.com
778022,fickanzeiger.com
778023,fickdirekt.com
778024,ficklokal.com
778025,ficoalaz.online
778026,ficohsa.ni
778027,ficrm.com
778028,fictionbranches.net
778029,fidaarayeshi.com
778030,fidandeposu.com
778031,fidedeposu.com
778032,fidelidadegrupogranado.com.br
778033,fidelityonline.bs
778034,fidelityunited.ae
778035,fidinda.es
778036,fidium.net
778037,fidseguros.cl
778038,fidu.la
778039,fidyu.org
778040,fieb.edu.br
778041,field-masters.com
778042,fieldassist.in
778043,fieldcentral.com
778044,fieldengineer.co.uk
778045,fieldforce-ec.jp
778046,fieldglass.ae
778047,fieldgroove.com
778048,fieldmann.cz
778049,fieldpharma.com
778050,fiemmefassa.com
778051,fienbymcaffeine.com
778052,fieroshop.com.br
778053,fierybet.com
778054,fieryslots.vip
778055,fiesta2024.com
778056,fiestabet.org
778057,fiestagaming.online
778058,fiestasdetorrejon.es
778059,fietsaccuwinkel.nl
778060,fietsoptimaal.nl
778061,fiewin.live
778062,fiezzo.com
778063,fifaviphk.com
778064,fife82.com
778065,fifecountry.co.uk
778066,fifo.sk
778067,fifthnewskerala.com
778068,fifthnova.com
778069,fiftoto5.org
778070,fiftybrookgreen.co.uk
778071,fiftybutik.com
778072,fiftyup.ca
778073,fig-memo-r18.site
778074,fig-memo.com
778075,figaronline.com
778076,figaroschools.com
778077,fightclass3.com
778078,fighter.my
778079,fightergroup.org
778080,fightero787.live
778081,fightofnapi69.com
778082,figlia.com.ph
778083,figo-fago.pl
778084,figsoku-b.net
778085,figuredart.es
778086,figurefarm.net
778087,figurinhasparawhats.com
778088,figushop.com.ar
778089,fii903iv.com
778090,fiilmapp.com
778091,fiinfra.in
778092,fiinifrookyna.fi
778093,fiirsohada.club
778094,fij238.com
778095,fikfik.sk
778096,fikrfree.com.pk
778097,fiksyenshasha.com
778098,fila.co.in
778099,filacero.cl
778100,filamentmarketim.com
778101,filamentos3dbrasil.com.br
778102,filaparacorte.com
778103,filderi.com
778104,file-me.top
778105,file-media.net
778106,fileambalaj.com
778107,fileseek.jp
778108,filestar.co.kr
778109,filge.ro
778110,filhosdeafrodite.com.br
778111,filhotesdaserra.com.br
778112,filialelectronica.hn
778113,filintomota.pt
778114,filinvest.com.ph
778115,filipowicz.pl
778116,filippo.sk
778117,filippoorali.com
778118,filipstadstidning.se
778119,fillandgo.ro
778120,fillatre.ca
778121,fillintokyo.com
778122,fillinvape.com
778123,fillo.com.tr
778124,fillquick.com
778125,film-plus-app.com
778126,film-technika.com
778127,film2mv.top
778128,film2my.top
778129,film911.net
778130,filmcity12.com
778131,filmclub.tv
778132,filme123.ro
778133,filmeamatori.com
778134,filmecomentado.com.br
778135,filmedesexo.blog
778136,filmeonline123.com
778137,filmeporno.link
778138,filmepornogratis.live
778139,filmepornohd.net
778140,filmepornox.com
778141,filmerotikizle.cc
778142,filmerotikizle.com
778143,filmesdesexo.blog
778144,filmexxx.porn
778145,filmflix.ro
778146,filmhouse.sg
778147,filmi123.top
778148,filmi7.net
778149,filmifiles.com
778150,filmindonesia.or.id
778151,filmisub.cc
778152,filmix.zip
778153,filmizyon.net
778154,filmjepangku.site
778155,filmkutusu.com.tr
778156,filmlinks4u.guru
778157,filmlokal.me
778158,filmo.ir
778159,filmoflix.club
778160,filmoflix.makeup
778161,filmolly.com
778162,filmoton.online
778163,filmovi-serije.org
778164,filmovi365.com
778165,filmpornofrancais.fr
778166,filmpornoitaliano.org
778167,filmr.ir
778168,filmvids.com
778169,filmwap.in
778170,filmween.net
778171,filmy4wap.co.in
778172,filmydice.com
778173,filmyfenil.com
778174,filmyfiy.shop
778175,filmyfly2026.in
778176,filmygallery22.lol
778177,filmygold.com
778178,filmyhit.com
778179,filmywap2026.com
778180,filmyworlds.us
778181,filmyzadara.com
778182,filmyzilla34.co
778183,filmzi.ir
778184,filnum.it
778185,filodenizcilik.net
778186,filohevis.in
778187,filosofiaune.edu.py
778188,filoumoris.com
778189,filourem.com
778190,filtasymphony.com
778191,filterabc.hu
778192,filvano6.com
778193,fimag.pt
778194,fimahang.ir
778195,fimaloans.com
778196,fimca.com.br
778197,fimmotojunior.com
778198,fimtrack.com
778199,fimx.fi
778200,fin-bigbox.com
778201,fin-calc.org.ua
778202,fin168game.vip
778203,fin321.net
778204,fin999.club
778205,fina24.ge
778206,finaccodip.com
778207,finadi.app
778208,finagarcia.com
778209,finahub.com
778210,final-fantasy.ch
778211,finalbet216.com
778212,finalcd.sk
778213,finaldechiste.com
778214,finaldesktop.com
778215,finami.mx
778216,finan.mx
778217,financacerta.com
778218,finance.gov.mn
778219,financecardify.com
778220,financedeft.com
778221,financeiramentebem.com.br
778222,financejunk.com
778223,financial-teacher.net
778224,financialsaarthi.live
778225,financialsoft.com.mx
778226,financialtrust.info
778227,financieramontedepiedad.com.mx
778228,finansalokuryazarlik.gov.tr
778229,finansimu.com
778230,finansowo.pl
778231,finanssistem.com
778232,finanzasargy.com
778233,finanzaschiapas.gob.mx
778234,finanzasdomesticas.com
778235,finanzia.gt
778236,finaxis.vip
778237,finbert.ua
778238,finbo.pl
778239,fincacasarejo.com
778240,fincalamesa.com
778241,fincalc.co.uk
778242,finclick.com.ua
778243,fincompay.com
778244,fincutmen-de.com
778245,fincutmen-it.com
778246,findandtrace.com
778247,findbestbeaches.com
778248,findbestbride.com
778249,findclearly.com
778250,findep.mx
778251,finders.com.tw
778252,findesk.com.au
778253,findesk.nl
778254,findfood.my
778255,findidfb.com
778256,findisebj.fr
778257,findmate.app
778258,findmobileservice.com
778259,findmyflings.com
778260,findmyjobss.com
778261,findmylost.es
778262,findmymobile.co.kr
778263,findmyshift.co.uk
778264,findoc.az
778265,findom.kz
778266,findostavka24.ru
778267,findoutdoctor.com
778268,findoutjob.com
778269,findseniorsonly.com
778270,findsspreadsheet.com
778271,findtrparts.com
778272,findwisehub.com
778273,findyoureverest.es
778274,fine-cloud.net
778275,fineasy.in
778276,finechange.net
778277,finecyber.kr
778278,fineexch.com
778279,finefragrancecollection.com
778280,finekagu.com
778281,finemedia.ke
778282,finera.com
778283,fines.vic.gov.au
778284,finesa.com.co
778285,finesmmpanel.com
778286,finest-aff.com
778287,finestre.com
778288,finet.co.jp
778289,fineur.pk
778290,finexis.com.sg
778291,finezjo.pl
778292,finfru.com
778293,fingerpan.com
778294,fingersstore.com
778295,fingersuit-jp.com
778296,finhazi.com
778297,finipm.com
778298,finis-feinstes.at
778299,finisterehabitat.fr
778300,finital.it
778301,finity88.com
778302,finityrede.com
778303,finjet.es
778304,finkit.by
778305,finlazio.it
778306,finline.in
778307,finlombardia.net
778308,finmoll.ru
778309,finn88gold.space
778310,finnfox.com
778311,finnmobile.io
778312,finnv1.co
778313,finnvers.net
778314,fino.lk
778315,fino88.cc
778316,finogoodcapital.co
778317,finolexpipes.com
778318,finpay.mx
778319,finpug.co.za
778320,finpug.es
778321,finpug.mx
778322,finpug.ph
778323,finreport.cz
778324,fins88glory.com
778325,finsa.mx
778326,finsall.com
778327,finsapps.co.in
778328,finsol.com.br
778329,finsolutionph.com
778330,fintactico.com
778331,fintaxpro.in
778332,fintera.com.br
778333,fintopcorporate.com
778334,finya.at
778335,finya.ch
778336,finz.live
778337,fio73wg3.com
778338,fionabd.com
778339,fiordibrasil.com
778340,fiorentinauno.com
778341,fiorisofas.com.br
778342,fipac.fr
778343,fiqueipopular.com
778344,fiquesabendo.xyz
778345,firan.id
778346,firanygotowe.com
778347,firavunstore.com
778348,firdatidend.no
778349,firdetricotatpovesti.ro
778350,fire85.com
778351,fireaway.co.uk
778352,firecasto.com
778353,firedragongame.com
778354,fireflycortex.com
778355,fireflyelectric.com
778356,firehawk.ai
778357,firehousesubs.ca
778358,firenzecx.com
778359,firepro-w.com
778360,firesextube.com
778361,firesmovil.com
778362,firespa.it
778363,firesprint.com
778364,firestone.com.co
778365,firewebapp.com
778366,firex21.com
778367,fireyoshida.com
778368,firfov.com
778369,firjansenaisesi.com.br
778370,firmaulasim.com
778371,firmaya.cl
778372,firmoo.com.co
778373,firmoo.hu
778374,firqatunnajia.com
778375,first-trd.com
778376,firstallegiance.com
778377,firstbdg.co.kr
778378,firstcashtienda.com
778379,firstcitizensbb.net
778380,firstclass.com.br
778381,firstclasscleats.com
778382,firstclasshealthcare.com
778383,firstdeliverygroup.com
778384,firstdigital.in
778385,firstfincredit.com
778386,firstharvestcu.com
778387,firsthealthmychart.org
778388,firstins.com.tw
778389,firstjob.me
778390,firstlatitude.com
778391,firstlovedoll.net
778392,firstmls.com
778393,firstnationalbanks.com
778394,firstrowsportes.tv
778395,firststepint.com
778396,firsttradeindia.com
778397,firsttrustbank.co.uk
778398,firstuniv.com
778399,firstview.net
778400,firstwinz168.vip
778401,firvt.com
778402,fis.com.mv
778403,fisc.brussels
778404,fiscalespenalesalta.gob.ar
778405,fiscalnet.mx
778406,fischen.ch
778407,fischer-brevet.ch
778408,fischerwarenhaus.com
778409,fiscnet.ro
778410,fiscoeasy.it
778411,fisdeweb.net
778412,fish24.ir
778413,fish365.ir
778414,fishandship.shop
778415,fishcraft.nic.in
778416,fishdream.jp
778417,fisheco.se
778418,fishers.co.jp
778419,fishhog.org
778420,fishing-shop-jh.com
778421,fishingichiban-eight.info
778422,fishingitalia.com
778423,fishingmonk.com
778424,fishingplanet.gr
778425,fishingroi.ua
778426,fishingzone.bg
778427,fishon.lt
778428,fishpass.co.jp
778429,fishsl.com
778430,fishwithhanish.com
778431,fishykart.in
778432,fisiodate.com
778433,fisiostore.it
778434,fisp.com.tw
778435,fisslermagaza.com.tr
778436,fissst.it
778437,fit-akademija.si
778438,fit-book.com.tw
778439,fit.software
778440,fit24.jp
778441,fitancy.fr
778442,fitandfoodtamil.com
778443,fitaops.com
778444,fitapp.pt
778445,fitarco.it
778446,fitatho.me
778447,fitback.com.tw
778448,fitbas.com
778449,fitch-av.com
778450,fitdish.jp
778451,fitds.it
778452,fitelo.net
778453,fitenergia.com.br
778454,fiteven.com
778455,fitfeast.in
778456,fitfit.jp
778457,fitflop.in
778458,fitform.sk
778459,fitnesinstruktor.com
778460,fitness-academy.com.pl
778461,fitness-home.pl
778462,fitness-ma.fun
778463,fitness-meals.gr
778464,fitness-store.gr
778465,fitness.org.tw
778466,fitnesskw.com
778467,fitnessmanager.in
778468,fitoagricola.es
778469,fitofan.com
778470,fitoland.hu
778471,fitoutcomereconvene.com
778472,fitpoint.com.uy
778473,fitprime.site
778474,fitri4d7.homes
778475,fitri4dlogin.com
778476,fitshop.at
778477,fitshowsport.com
778478,fittabella.com
778479,fittedshop.com
778480,fittkamra.hu
778481,fitvector.shop
778482,fityanumedia.com
778483,fitzee.in
778484,fiumicino.rm.it
778485,five-star.fr
778486,five88m.ink
778487,fivefourfive.it
778488,fivemoms.com
778489,fiverr79.com
778490,fiveslot777.com
778491,fivestar.ne.jp
778492,fivestarlimonv.com
778493,fivisa.com.uy
778494,fivo.pk
778495,fivo.ro
778496,fiwdee.fit
778497,fiwfun88.co
778498,fix-myspeaker.in
778499,fix-myspeaker.net
778500,fixbos88fresh.com
778501,fixcloth.my.id
778502,fixgacor.com
778503,fiximer.co.uk
778504,fixnodexpreman69.sbs
778505,fixoyun.net
778506,fixpays.org
778507,fixplay666north.site
778508,fixpro.ua
778509,fixtarget.in
778510,fixturesults.com
778511,fixus24.ee
778512,fiyonk.com.tr
778513,fiz88.win
778514,fizjo4sport.pl
778515,fizzpa.net
778516,fizzywhiz.com
778517,fj038u3.com
778518,fj20gj6.com
778519,fj289gu40.com
778520,fj290fu2v.com
778521,fj29gj67.com
778522,fj390gi3i55.com
778523,fj39rfj3.com
778524,fj3f83ug.com
778525,fj75e5.com
778526,fja213.com
778527,fjallraven.jp
778528,fjd92xe3.com
778529,fjell-ljom.no
778530,fjheu389v1.com
778531,fjhsbf9g.com
778532,fji132.com
778533,fjig9j3.com
778534,fjk17n.com
778535,fjksjk8h5.com
778536,fjpe17hy.com
778537,fjr9359.com
778538,fjsti.uz
778539,fju9gu40.com
778540,fjuken.no
778541,fk-111.com
778542,fk-222.com
778543,fk.hu
778544,fk777.com
778545,fk88.io
778546,fk918.com
778547,fk9jt7cp2g.com
778548,fkalqzpr.com
778549,fkcloud.it
778550,fkhabar.in
778551,fkipuki.org.uk
778552,fkj208947315.com
778553,fkjhethh.com
778554,fkjsf8777bfkue.com
778555,fksinfo.com
778556,fkstockpick.com
778557,fkubkotabanjar.org
778558,fl245fkh.com
778559,fl33v4.com
778560,fla789s1.com
778561,flabiaayurveda.com
778562,flac24.ru
778563,flacsnyc.com
778564,flag-creator.com
778565,flaggle.net
778566,flagwhiz.com
778567,flair.bg
778568,flamingogifts.in
778569,flanco.ma
778570,flaneurs.net
778571,flash553w.com
778572,flash55w.com
778573,flash68.pro
778574,flash90.net
778575,flash977w.com
778576,flash99w.com
778577,flashbingo.com.br
778578,flashcash.com.ar
778579,flashcash.tech
778580,flashdetail.com
778581,flashdz.fr
778582,flaship.pk
778583,flashmoney.com.au
778584,flashpegasus.com.br
778585,flashrewards.uk
778586,flashrewardsca.com
778587,flashstudy.vn
778588,flashwallet-in.net
778589,flashx24.me
778590,flat4.co.jp
778591,flatkobo.shop
778592,flatstomachtea.co.za
778593,flaveur.ro
778594,flawless.pl
778595,flawlesscompounds.com
778596,flazzqris.com
778597,flcdgw.com
778598,fld-d.com
778599,flechacarga.com
778600,fleerts.com
778601,fleetauctiongroup.com
778602,fleetcard.com.au
778603,fleetcarservice.com.br
778604,fleethotspot.com
778605,fleethunt.ca
778606,fleetop.in
778607,fleetopticsinc.com
778608,fleetport.eu
778609,fleetrobo.com
778610,fleetrock.com
778611,flemma.net
778612,flemmix.me
778613,fleppi.cz
778614,flerteagora.com.br
778615,flertemaduro.com.br
778616,flets-system.com
778617,fletx.co
778618,fleuri.cc
778619,fleursdedragees.com
778620,flex-crm.com
778621,flex-tex.cz
778622,flex.co.il
778623,flex.ec
778624,flexbeesistemas.inf.br
778625,flexcases.co.in
778626,flexcity.app
778627,flexdomus.pt
778628,flexebee.co.uk
778629,flexepos.com
778630,flexestaff.co.uk
778631,flexi138b34.com
778632,flexibil.nl
778633,flexifin.cz
778634,flexipyme.com.ar
778635,flexo.name
778636,flexone.in
778637,flexorex.de
778638,flextudo.com
778639,flexwm.com
778640,flexylrohek.com
778641,flexymusic.com
778642,flexyst.com
778643,flhchat.com
778644,flickbizz.com.pk
778645,flie.com.br
778646,fliesen24.com
778647,flight999apple922.com
778648,flightcatchers.com
778649,flightepic.com
778650,flights70.com
778651,flightsmojo.in
778652,fliits.com
778653,flik84.vip
778654,flikvlooi.co.za
778655,flimty.com
778656,flin.co.id
778657,flingder.com
778658,flingder.nl
778659,flingnow.date
778660,flingunited.co.uk
778661,flinkbd.com
778662,flipax2.org
778663,flipkartitems.com
778664,flirt-seeker.com
778665,flirtangels.nl
778666,flirtarecondonne.com
778667,flirteazacumine.com
778668,flirteninbelgie.be
778669,flirtigagrannar.com
778670,flirtingmatch.com
778671,flirtingwithmatures.com
778672,flirtkontakt.cz
778673,flirtkontakt.sk
778674,flirtland.net
778675,flirtlocali.com
778676,flirtmatch.se
778677,flirtnackt.com
778678,flirtneighborhood.com
778679,flirttgalaxy.com
778680,flirtticlubi.com
778681,flirttisuomi.com
778682,flirttitalk.com
778683,flirturilocale.com
778684,flirtvicini.com
778685,flirtvink.com
778686,flirtvoksen.com
778687,flirtyaustralia.com
778688,flisacy.pl
778689,flix-th.net
778690,flix.com.mx
778691,flix4drama.com
778692,flix99-th.co
778693,flixababe.top
778694,flixbd.net
778695,flixbet69.online
778696,flixbus.com.br
778697,flixerhd.com
778698,flixfox.com.in
778699,flixfox.su
778700,flixfoxdownload.net
778701,flixmacau.com
778702,flixmovies.app
778703,flixsexo.com
778704,flixter4u.com
778705,flixtor.ch
778706,flixtor.fi
778707,fllbet.com
778708,floatingstomachequator.xyz
778709,flobquest.com
778710,flocareer.com
778711,flock.gr
778712,flofrica.com
778713,flook.co.za
778714,floorbx.website
778715,floorcenter.com
778716,floraekspres.rs
778717,floralinnea.se
778718,floranzafashion.com
778719,floraplaza.nl
778720,florapont.hu
778721,florasoft.ru
778722,floraurbana420.com.br
778723,flordeasoka.com
778724,flordecactoconcept.com.br
778725,flordelisa.com.br
778726,flore-aquatique.com
778727,flore-inc.co.jp
778728,flore21.net
778729,florencia463.com
778730,florenciovarela.gov.ar
778731,florency.com.br
778732,floresavenida.com.ar
778733,floreselcale.es
778734,floreshnos.pe
778735,floreshop.net
778736,floresonline.com.br
778737,florgiavanni.com.ar
778738,floribunda.pl
778739,floridaattractions.com
778740,floridabarexam.org
778741,floridahardware.com
778742,floridaliheap.com
778743,floridaschool.com
778744,floriittee.com
778745,florini.pl
778746,flormar.pk
778747,flormarshop.ir
778748,floro.ro
778749,florprice.com
778750,flortfantazia.com
778751,flotalamacarena.com
778752,flotasalignet.com
778753,flotteamiche.it
778754,flotter-dampfer.de
778755,flourishundergarments.pk
778756,flow-ai.app
778757,flow-ms.co.uk
778758,flowagility.com
778759,flowbeats.in
778760,flowdeskerp.com
778761,flower-webshop.jp
778762,flowermg.com
778763,flowersmithmarket.com
778764,flowerssameday.co.uk
778765,flowfa.com.br
778766,flowfussy.com
778767,flowlogic.nz
778768,flowminr.com
778769,flowperfumes.com
778770,flowvideoplayer.com
778771,flowwsquare.com
778772,floxypay.net
778773,flp1121.com
778774,flpil.co.il
778775,flpj.co.jp
778776,fluentize.com
778777,fluentportal-sn.com
778778,fluffle.cc
778779,fluimucil.com.br
778780,fluj0-tv.app
778781,flujooperativo.com
778782,flujotv.net
778783,flussreisen.de
778784,flutegandharvas.com
778785,flutlab.io
778786,fluxdefense.com
778787,fluxlens.com
778788,fluxofirme.com
778789,fluxpdv.com
778790,fluyebottle.com
778791,fluzaoconstrucao.com.br
778792,flvitalsprod.com
778793,flvpkonline.org
778794,flvto.mx
778795,fly-faucet.online
778796,fly-halfrugby.com.ar
778797,fly-park.eu
778798,fly24hrs.com
778799,fly88a.cc
778800,fly88a.co
778801,fly88b.com
778802,fly88d.vip
778803,fly88e.vip
778804,fly88quatang.com
778805,fly88r.ren
778806,fly91.in
778807,fly99.live
778808,fly99.online
778809,fly99.xyz
778810,flycola.com
778811,flycreative.in
778812,flyecojet.aero
778813,flyerca.com
778814,flyerseek.com
778815,flyexuae.com
778816,flyflot.it
778817,flyfoot.co.il
778818,flygijon.es
778819,flyhigh.college
778820,flyhomeway.ro
778821,flying-jet.com
778822,flyingforhome.com
778823,flyingv.com.ph
778824,flykhiva.travel
778825,flykids.ua
778826,flylondonsrbija.rs
778827,flymodem.com
778828,flynbeds.net
778829,flynnrg.com
778830,flynt-games.com
778831,flyonfares.in
778832,flyonthewalls.blog
778833,flyover-bmt.com
778834,flypay.co.in
778835,flyrutaca.com
778836,flyshop.in
778837,flyskypay.top
778838,flytex.fr
778839,flyware.net
778840,flywellness.biz
778841,flywt.com
778842,flzios.com
778843,fm2c.com.br
778844,fm777.biz
778845,fm777.life
778846,fm777.me
778847,fm791.net
778848,fmaspen.com
778849,fmcpe.org
778850,fmcworld.net
778851,fmdashboard.com
778852,fmdigione.com
778853,fmfkemerovo.ru
778854,fmmarcet.com
778855,fmmods.xyz
778856,fmodstar.com
778857,fmpadel.com
778858,fmpc.ac.ma
778859,fmpco.info
778860,fmpl.in
778861,fmplay247.com
778862,fmpsd.ab.ca
778863,fmpvkuopvf.com
778864,fmrt.com
778865,fms.or.kr
778866,fmslovakia.com
778867,fmteam.fr
778868,fmtphu6.com
778869,fmtransportes.com.br
778870,fmwasap.com
778871,fmzitkcnho.com
778872,fn-hub.net
778873,fnbees.com
778874,fnc.hr
778875,fncinfad.it
778876,fnfnetwork.net
778877,fnfonlinebd.com
778878,fni.it
778879,fnnpropertytax.com
778880,fnpos.dz
778881,fnserviss.lv
778882,fnshp.cz
778883,fnspfdr.sk
778884,fnvm888.com
778885,fnzone.es
778886,fo1bajee.com
778887,fo5c2.net
778888,foa.cz
778889,fobramg.com
778890,focaliav.com
778891,focalpark.com.my
778892,foccusinventory.com
778893,focer.org.uy
778894,focivilag.hu
778895,focoelho.com
778896,focoemloterias.com.br
778897,foconet.com.br
778898,focosonline.com
778899,focototalconcursos.com.br
778900,focus-app.fr
778901,focusbroadband.com
778902,focuscashloans.com
778903,focusclothing.pk
778904,focusedsoftware.com
778905,focusgarden.cz
778906,focuslogicsocialclub.com
778907,focuspang.com
778908,focustrading.app
778909,foel.jp
778910,fofo.bet
778911,fofo88.com
778912,fofocasdomercado.com.br
778913,fofrcz.cz
778914,fogaodavovo.delivery
778915,fogelonline.com
778916,fogi.co.za
778917,fogo222.cc
778918,fogo777.run
778919,fogogame009.com
778920,fogyjokosan.hu
778921,fohoway.com
778922,fokustp.com
778923,fol.edu.np
778924,fola.vn
778925,foldbook.art
778926,foldererp.com
778927,folderkiezer.nl
778928,foldersbe.com
778929,foldersnl.com
778930,folhadovale.net
778931,folhafacil.com.br
778932,folhaoceanica.com.br
778933,folhetosdecanto.com
778934,folia-samochodowa.pl
778935,foliesbijoux.com
778936,folk-form.vn
778937,folklorfest.sk
778938,folkraceshop.se
778939,folkstar.pl
778940,follow.jp
778941,followergir.com
778942,followerplus44.com
778943,followersize.net
778944,followersmore.com
778945,followg.store
778946,followlelo.com
778947,followme.mv
778948,followsaas.jp
778949,followyou.me
778950,fomema2u.com.my
778951,fomentonet.pr.gov.br
778952,fomo7.net
778953,fomototo4.digital
778954,foms.kg
778955,fon815.com
778956,fonacit.gob.ve
778957,fonadmin-tufondo.com
778958,fonbienes.com.pe
778959,fonchim.it
778960,fonction-publique.gouv.fr
778961,fondation-ronald-mcdonald.fr
778962,fondazionecni.org
778963,fondee.io
778964,fondhope.com
778965,fondoasim.it
778966,fondocrea.com.co
778967,fondoespero.it
778968,fondofasa.it
778969,fondofonte.it
778970,fondoperseosirio.it
778971,fondopmi.it
778972,fondopriamo.it
778973,fondosanedil.it
778974,fondosanimados.com
778975,fondosanitariointegrativogruppointesasanpaolo.it
778976,fonds-saint-bernard.com
778977,fonendo.gob.cl
778978,fonesport.id
778979,fonewe.com
778980,foneworx.co.za
778981,fonmoney.es
778982,fons.gt
778983,fontahmin.com.tr
778984,fontb.com
778985,fontbd.com
778986,fontecred.com.br
778987,fontedosgames.com.br
778988,fontenlastore.com
778989,fontgeek.io
778990,fontlipi.com
778991,fonts4copy.online
778992,fontsforinstagm.com
778993,fontsforwhatsapp.com
778994,fontsinhindi.in
778995,fontstylename.com
778996,fonttamil.com
778997,fonttiengviet.com
778998,fonzir.com
778999,food-akademie.de
779000,food-gap.ne.jp
779001,foodallergytraining.org.au
779002,foodback.com
779003,foodboard.it
779004,foodbuyonline.ie
779005,foodcostincloud.com
779006,foodeee.online
779007,foodenginepos.com
779008,foodforthesoul.de
779009,foodhall.co.id
779010,foodhandlerclasses.com
779011,foodis.cz
779012,foodlicenseportal.org
779013,foodlinkaustralia.com.au
779014,foodloversparis.com
779015,foodomo.com
779016,foodonfarmpickles.com
779017,foodpantryhelper.com
779018,foodpapa.com
779019,foodpharmer.health
779020,foodsafetyfirst.com.au
779021,foodsharing.at
779022,foodstation.co.id
779023,foodstrong.co
779024,foodstuff-more.de
779025,foodtechnetwork.in
779026,foodwerk-blog.de
779027,foodxreward.shop
779028,foodzone.fi
779029,foot-land.com
779030,foot216.com
779031,footarchives.com
779032,footasse.com
779033,footbalcenter.com
779034,football.zp.ua
779035,footballmanagementultra.com
779036,footballmanagerproject.com
779037,footballog.net
779038,footballprizes.co.uk
779039,footballprojectmanager.com
779040,footballshirtspk.com
779041,footballstars.club
779042,footballvip.mobi
779043,footem.site
779044,footer.com.tw
779045,footgear.co.za
779046,foothunk.co.in
779047,footic.de
779048,footland.dz
779049,footmundo.com
779050,footpathmap.co.uk
779051,footsteps.pk
779052,footyforecaster.com
779053,footystatistics.com
779054,footzone.dz
779055,fopep.gov.co
779056,fopm.com.ph
779057,fopov.com
779058,for-me.fr
779059,for-r.jp
779060,for.sg
779061,foracare.com
779062,foradoplastico.com.br
779063,forall.com.gr
779064,forbed.com
779065,forbislogistics.us
779066,forcedsexsection.com
779067,forcelog.ma
779068,forcemusic.jp
779069,forceturfvip.net
779070,forcetutors.com.br
779071,forcrewonly.com
779072,ford-esklep.pl
779073,ford.cl
779074,ford.fi
779075,ford.hu
779076,ford.no
779077,ford.sklep.pl
779078,fordlioho.com.tw
779079,fordoriginalparts.pl
779080,fordparcacim.com
779081,fordth-dms.com
779082,foreigndjmixtapes.com
779083,forelskdig.com
779084,foremostthailand.com
779085,forempv.es
779086,forestaentertainment.com
779087,foresters.co.uk
779088,forestlakeparks.com
779089,forestofbreast.com
779090,forever-kato.co.jp
779091,foreverkidz.in
779092,foreverliving.gr
779093,foreverliving.it
779094,foreverr.id
779095,foreverstampsshop.com
779096,foreversuccessapps.com
779097,forex.com.pk
779098,forexalgerie.com
779099,forfeed.club
779100,forg3d.fr
779101,forie.ir
779102,forincs.com
779103,foritgroup.it
779104,forjaempresas.com
779105,forlanyazilim.com
779106,form-timer.com
779107,form24.es
779108,formabahcesi.com
779109,formacarm.es
779110,formacion.cc
779111,formacion.edu.ec
779112,formacionactivaprofesional.com
779113,formaciondocente.edu.ar
779114,formaciondocente.edu.sv
779115,formacionestatal.com
779116,formacionpeoplevi.es
779117,formacionuniversitaria.online
779118,formadmin.fr
779119,formalites-export.com
779120,formanova.com.mk
779121,formaps.it
779122,formas.toscana.it
779123,formation-isfad-gn.org
779124,formatoedu.com
779125,formazione.fvg.it
779126,formazionedocenti.it
779127,formbox.ir
779128,formfix.kz
779129,formforma.jp
779130,formie.net
779131,formomania.com
779132,formommy.pl
779133,formowin.bet.ar
779134,formpaymoney.xyz
779135,formphotoeditor.com
779136,formsrus.com
779137,formulad.jp
779138,formulariosgcba.gob.ar
779139,formulatigersofthrm.com
779140,fornest.cz
779141,fornest.sk
779142,fornis.com.ar
779143,foroalturas.com
779144,foroappsexy.com
779145,forodelguayabo.com
779146,foroxity.nl
779147,forpsd.com
779148,forqanacademy.com
779149,forrent.jp
779150,forrokalandok.com
779151,forsetisolucoes.com.br
779152,forsmarshgroup.com
779153,fort.bet
779154,fortboyard-leforum.fr
779155,fortboyardaventures.fr
779156,forte.jor.br
779157,fortebet.ng
779158,fortel.co.uk
779159,forteplay.vip
779160,forthrightsurveys.com
779161,fortibd.com
779162,fortisnet.com
779163,fortisresidences.ph
779164,fortlevsolar.app
779165,fortmahon.webcam
779166,fortmyer.us
779167,fortreaclinicaltrials.com
779168,fortress-of-health.com.ua
779169,fortress-web.com
779170,fortressfx.com
779171,fortub.com
779172,fortubet.space
779173,fortubet30.ws
779174,fortuna33.vip
779175,fortunabola27.site
779176,fortunabola8i.com
779177,fortunabola9i.com
779178,fortunacigars.com.ua
779179,fortunatebuddha.com
779180,fortunawg.com
779181,fortunazzo.cl
779182,fortune-55.com
779183,fortune-gate-open.com
779184,fortune1688.fun
779185,fortune88.pro
779186,fortunebx.com
779187,fortunefishin.com
779188,fortunehouse.bet
779189,fortuneias.com
779190,fortunemeets.app
779191,fortunename.com
779192,fortunenft.world
779193,fortuneox.com
779194,fortunerabbitgame365.com
779195,fortunesedge.org
779196,forum.com.br
779197,forum.com.uy
779198,forumcskasofia.com
779199,forumcuonline.com
779200,forumderscevaplari.com
779201,forumdiskusi.vip
779202,forumeng.co.jp
779203,forumgieksy.pl
779204,forumgrimerka.ru
779205,forumolimpia.com
779206,forumvmax.com
779207,forumzamparalar622.xyz
779208,forusuy.com
779209,forvaltaren.se
779210,forvision.in
779211,forward-motors.com
779212,forwarder-pro.jp
779213,foryouswk.jp
779214,forza.nl
779215,forza350.world
779216,forza77win.xyz
779217,forzaem.kz
779218,forzagps.com
779219,forzapalermo.it
779220,forzapescara.com
779221,forzatravel.rs
779222,forzza.cc
779223,forzza.com
779224,forzza.rw
779225,forzza360.org
779226,forzza365.shop
779227,forzzaa.com
779228,fos-lighting.eu
779229,fosacares.com
779230,foscal.co
779231,fosct.ma
779232,fossil.com.br
779233,fossilcare.com
779234,fossplus.co.kr
779235,fotanian.org
779236,fotbalovymanazer.cz
779237,fotbutiken.se
779238,foto-collage.es
779239,foto3x4.com
779240,fotoacces.com
779241,fotocolombo.it
779242,fotocult.it
779243,fotodepenis.com
779244,fotodjokic.rs
779245,fotokoch.nl
779246,fotokopial.com
779247,fotomada.gr
779248,fotomax.com
779249,fotomotor.es
779250,foton.com.co
779251,fotonovelasxxx.com
779252,fotonvr.com
779253,fotonvzla.com
779254,fotoregali.com
779255,fotorun.com.ar
779256,fotosporno.blog
779257,fototapety24.net
779258,fotouslugi.pl
779259,fotovoltaicoperte.com
779260,fotrokaratetoto.site
779261,fotub.st
779262,fouf2t.shop
779263,foundationgift.com
779264,foundi.info
779265,fountayn.com
779266,fourfun.vip
779267,fourgrace-tableware.jp
779268,foursquareportal.org
779269,fourteen.jp
779270,fourxrocker.com
779271,fouyebible.com
779272,fox-lyrics.ir
779273,fox88back.com
779274,foxalba.com
779275,foxexch.com
779276,foxin.in
779277,foxpack.us
779278,foxtarot.com
779279,foxter-sport.pl
779280,foxtonreaders.com
779281,foxtrend.st
779282,foxtronev.com
779283,foxwin321.com
779284,foxwoodclothing.com.au
779285,foxxusa.com
779286,foz.pr.gov.br
779287,fp1-siken.com
779288,fp7.game
779289,fp7nmx.com
779290,fpanamericana.com.ar
779291,fpb.com.br
779292,fpbenin.net
779293,fpbm.ma
779294,fpcolumbofilia.pt
779295,fpi.edu.vn
779296,fpj.com.py
779297,fpjjcompetidor.com.br
779298,fpk.ac.ma
779299,fpkonline.com
779300,fpl.ac.ma
779301,fplinternal.in
779302,fpno.edu.ng
779303,fprojetos.net
779304,fps-bot.ru
779305,fpt.com.br
779306,fptproducts.vn
779307,fptrading.com
779308,fpu.gov.ba
779309,fpvx3532.com
779310,fpyyy7779.com
779311,fq54hsb0.com
779312,fqdscm.com
779313,fr99dn.com
779314,frab.ca
779315,frackstudio.com
779316,fractal.com.pe
779317,fractalstay.com
779318,fraganciatotal.com
779319,fraganote.com
779320,fragra.de
779321,fragrance-boy.com
779322,fragrance-with.com
779323,fragrance.mk
779324,fragrance.work
779325,fragrancehub.co.uk
779326,fragranciabd.com
779327,fragranticabangladesh.com
779328,fragthegame.com
779329,frain.es
779330,frakmenta.com
779331,fram-ce.fr
779332,framacar.es
779333,frame-extractor.com
779334,framekro.com
779335,framigshop.com
779336,framire.pl
779337,frampro.fr
779338,framsport.no
779339,framuse.com
779340,franadesivos.com.br
779341,franbyfr.com.br
779342,france-barnums.com
779343,france-housses.fr
779344,france-motoculture.com
779345,france-renov.gouv.fr
779346,france-services.gouv.fr
779347,francecartegrise.net
779348,francenum.gouv.fr
779349,francesco.gr
779350,franceturfvip.com
779351,francheska.com.ua
779352,franchexpress.com
779353,franciosi.com.br
779354,franciscanecare.com
779355,franciscoimoveis.com.br
779356,francislawcenter.com
779357,francium.lk
779358,francodarocha.sp.gov.br
779359,francogomme.it
779360,francoisekitchen.com
779361,francoislemay.ca
779362,francoistuchel.com
779363,francolomb.com
779364,francotranslate.com
779365,francouzske-parfemy.cz
779366,franerty.com
779367,frank-foundation.org
779368,frankfinn.co.in
779369,franklinsheriff.org
779370,franklord.in
779371,frankmex.com
779372,frankmexico.com
779373,franknews.pl
779374,frankof.com.ua
779375,frankotrading.com
779376,frankshop.co.in
779377,franquiciaia.co
779378,franquify.me
779379,fransizfilmler.cc
779380,fransrijk.com
779381,franzysonline.it
779382,frappecius-diva4d.site
779383,frasers.plus
779384,fraseswhats.com.br
779385,frasilandia.com
779386,fraslot.me
779387,frasor.es
779388,fratelliferrario.eu
779389,frato.in
779390,frattinauto.it
779391,fraulocke-grundschultante.de
779392,frboard.cc
779393,frcbd.xyz
779394,frcgujarat.org
779395,frcomoto.hr
779396,frd-01.com
779397,frd01.com
779398,frdating.shop
779399,freakcircus.site
779400,freakcollectors.com
779401,freakins.com
779402,freakyfun.in
779403,frebazar.com
779404,frecall.com
779405,frecciaplay.it
779406,freda-studie.de
779407,freddysfastcash.com
779408,fredericm.com
779409,fredsgarageclub.com
779410,free-cosmetic-testing.com
779411,free-data.today
779412,free-electronic.com
779413,free-ltc-info.com
779414,free-qr.com
779415,free-spirits.co.jp
779416,free-wargamer.com
779417,free4talk.me
779418,free4u.cyou
779419,freeaiden.com
779420,freeapplegame.com
779421,freebees.nl
779422,freebirddb.com
779423,freebits.xyz
779424,freebnb.ai
779425,freecell.fr
779426,freechat.gr
779427,freecompress.com
779428,freecords.com
779429,freecredit66.net
779430,freecreditmalaysia.vip
779431,freecuci365.com
779432,freedesignsworld.com
779433,freedo.rentals
779434,freedomain.one
779435,freedompet.com
779436,freedomtree.in
779437,freefire.studio
779438,freefirenamestyle.com
779439,freefirenation.com
779440,freefireproxyserver.click
779441,freefirestyle.co.in
779442,freefirestylecode.com
779443,freefirestylishname.com
779444,freefishing.sk
779445,freefit.co.il
779446,freeforce.com.br
779447,freegame1688.com
779448,freegiftzone.in
779449,freegossip.gr
779450,freehdxhub.com
779451,freehihi.com
779452,freehindidesign.com
779453,freeintalk.in.ua
779454,freeinvoice.it
779455,freeiqquizz.com
779456,freejapanesefont.com
779457,freejobs.pk
779458,freelancerwaala.com
779459,freelancesage.com
779460,freelancetechacademy.com
779461,freeliving.com.tw
779462,freelotto.club
779463,freemap.com.ua
779464,freemarathibiodata.in
779465,freemaths.fr
779466,freemeteo.es
779467,freemeteo.lv
779468,freemeteo.sk
779469,freemockup.vn
779470,freemold.net
779471,freenetdownload.com
779472,freenude.top
779473,freeonlinetest.in
779474,freeoracle.com
779475,freepikdownloader.com
779476,freeportgaming.id
779477,freeproxy.top
779478,freeqncy.com
779479,freer.es
779480,freerande.cz
779481,freereceivesms.top
779482,freerideshoptr.com
779483,freeroid.ir
779484,freescatporn.com
779485,freesciencelessons.co.uk
779486,freesexalarab.com
779487,freeshop.az
779488,freesolana.top
779489,freespin123hub.com
779490,freespin77.com
779491,freespinx.com
779492,freespirit.com.co
779493,freesportsbonus.com
779494,freestorecol.com
779495,freestylized.com
779496,freesui.in
779497,freethedice.com
779498,freethepickle.fr
779499,freetime-ribolov.com
779500,freetypingclass.com
779501,freeupsc.org
779502,freever.ua
779503,freevideoeffect.com
779504,freevmess.com
779505,freevpn.us
779506,freeway.com.ar
779507,freeword.live
779508,freexxx.pw
779509,freexxxn.com
779510,freexxxvideos.click
779511,freexxxvideos.xyz
779512,freexxxxvideo.com
779513,freezevzla.com
779514,fregold.buzz
779515,frei-wild-shop.de
779516,freightcube.in
779517,freightpill.com
779518,freiwillig-ja.de
779519,freizehn.de
779520,freizeit-treffs.de
779521,freizeitpartnerboerse.com
779522,frek.in
779523,frekkenaboer.com
779524,frekkis.com
779525,frekoora.online
779526,fremap.net
779527,french-asia.com
779528,french-tcf.com
779529,frenchavenue.com
779530,frenchperfumes.hu
779531,frenchperfumes.ro
779532,frenchperfumes.sk
779533,frendymayorista.com.ar
779534,frequest.com
779535,fresacloud.com
779536,fresco-k.com
779537,frescopizza.de
779538,fresh-appz.com
779539,fresh-club.net
779540,fresh-egypt.com
779541,freshbasket.com.pk
779542,freshbus.com
779543,fresheroffcampus.com
779544,freshersjobs24.com
779545,fresherslike.com
779546,fresherwave.com
779547,freshidol.tv
779548,freshkarma.com
779549,freshmobiletube.com
779550,freshpay.cloud
779551,freshsingle.com
779552,freshtv.io
779553,freshyzo.com
779554,fresnou.org
779555,fressay.co.jp
779556,fressnapf.ro
779557,fretron.com
779558,freudenhaus.de
779559,frhese0t9on6mric.com
779560,friboionline.com.br
779561,fridajoyeria.com
779562,fridasvipb.app
779563,fridayedu.com
779564,fridu.edu.in
779565,friedchickengames.com
779566,friella.com.br
779567,friend2025.com
779568,friendlymatrimony.com
779569,friends-hist.co.il
779570,friends2support.org
779571,friendsbroker.com
779572,friendsforever.world
779573,friendshipquiz2023.com
779574,friendshiptag.com
779575,friendspigeonclubkakrali.com
779576,friendsscreenq.com
779577,friendstamilchat.net
779578,friendstamilmp3.net
779579,frig.at
779580,friga.com.br
779581,frikly.com
779582,frikom.rs
779583,frilla.hu
779584,frilla.rs
779585,frillabeauty.pl
779586,friluftslageret.dk
779587,fringegolfers.com
779588,friplo.com
779589,fristtopup.com
779590,fritz.win
779591,friv-2017.com
779592,frivantiguo.net
779593,frivattiagro.com.br
779594,frivclasico.co
779595,frivlegend.com
779596,frizerland.ba
779597,frizzar.com.br
779598,frlegndsmodapk.com
779599,frmoderation.com
779600,frmtegelwerk.nl
779601,frogbt.org
779602,frogfoot.co.za
779603,froggie.co.za
779604,frokenfraken.se
779605,frolalirt.com
779606,fromcinema.com
779607,fromthelane.co.uk
779608,fronda.com
779609,frontdesksuite.ca
779610,frontier-es.net
779611,frontier1.shop
779612,frontline.fr
779613,frontlinecanegatto.it
779614,frontlines.jp
779615,frontlinesmedia.in
779616,frontlinesystems.no
779617,frost.hu
779618,frosta.it
779619,frostiven.com
779620,froxh5.com
779621,frpfile.com
779622,frt.ro
779623,frtonyshomilies.com
779624,fruggies.com
779625,frugobet102.com
779626,fruitfarm-game.com
779627,fruitspeaks.jp
779628,fruitvillage.it
779629,frumzi-0064.com
779630,fruna.cl
779631,fruteatuescuela.com.ar
779632,frutifica.com.br
779633,frutiko.cz
779634,fruttaebacche.it
779635,fruzo.com
779636,fry99.food
779637,fryksdalsbygden.se
779638,frysenairsoft.se
779639,fs-dengzhan.com
779640,fs-tools.es
779641,fs0000.com
779642,fs1zuq.com
779643,fs6666.net
779644,fs87.com.tw
779645,fsa-efimeries.gr
779646,fsa.ac.ma
779647,fsavemods.com
779648,fsaver.com
779649,fsbusitalia.com
779650,fscsearchin.com
779651,fsd8cds.com
779652,fsf.co.jp
779653,fsgmsb.com
779654,fship.in
779655,fshop.jp
779656,fshost.me
779657,fsiblog.mobi
779658,fsiblog.nl
779659,fsiblog5.in
779660,fsiblog5.net
779661,fsiblog66.com
779662,fsicloud.com.au
779663,fsiforestfire.gov.in
779664,fskindia.com
779665,fsl-schoolstream.com
779666,fslfarma.com
779667,fsmartcapital.co.th
779668,fsmsupport.com
779669,fstarllc.com
779670,fstv.rest
779671,fsv.gob.sv
779672,ft.education
779673,ft36n.com
779674,ftbl4all.com
779675,ftcbeauty.com
779676,ftcheq.com.ar
779677,ftdaiko-system.com
779678,fti.or.th
779679,ftjvt.top
779680,ftk.kr
779681,ftlhorizon.com
779682,ftn111.shop
779683,ftp.com.bd
779684,ftpays.com
779685,ftpserver.com.bd
779686,ftral.net.ua
779687,ftsisnatal.com.br
779688,fttech.org
779689,fttlp.com
779690,fttx.ir
779691,ftune.in
779692,ftunm.com
779693,ftv.tj
779694,fty35.com
779695,fu-para.com
779696,fu.edu.sd
779697,fu389vvy.com
779698,fu39fh5.com
779699,fu62k3.com
779700,fuabc.org.br
779701,fuathoca.net
779702,fubet.la
779703,fubonguardians.com
779704,fubs.in
779705,fuchinauction.com
779706,fuckchat.org
779707,fucktubeporn.com
779708,fudo-3.com
779709,fudode.in
779710,fudosan-career.net
779711,fuehrerscheintest-online.de
779712,fuelgr.gr
779713,fuelmap.co.uk
779714,fuelshoes.com
779715,fuem0x.com
779716,fuentes-de-letras.com
779717,fuenty.com
779718,fueradeserie.com.co
779719,fuesmen.edu.ar
779720,fufu4daberfoyle.xyz
779721,fufuplus.jp
779722,fufuslot-2026.mom
779723,fugazee.com
779724,fuggetlennemzet.hu
779725,fuggonyoutlet.com
779726,fuglelyder.net
779727,fuglestemmer.dk
779728,fujairahtv.ae
779729,fuji388sip.com
779730,fuji9.com
779731,fuji9bd.com
779732,fuji9win.com
779733,fujibo-ap.jp
779734,fujielectric.in
779735,fujifilm.com.br
779736,fujiiryoki.shop
779737,fujishi.jp
779738,fujisoba-system.com
779739,fujispeedway.jp
779740,fujispin.men
779741,fujitogel3.org
779742,fujiwin88.com
779743,fujiwin88play.quest
779744,fujiyaku-direct.com
779745,fujokomi.com
779746,fuk-omutsu.net
779747,fukakukeiba.com
779748,fukidesign.com
779749,fuku-iku.jp
779750,fukuappli.jp
779751,fukucyan.net
779752,fukudakohei.info
779753,fukudokuhon.co.jp
779754,fukuenkaku.com
779755,fukuhana.or.jp
779756,fukui-jaaf.com
779757,fukuoka-toyopet.jp
779758,fukuoka2980.com
779759,fukuromono-studio.com
779760,fukushima-dc-cp.jp
779761,fukushima-haccp.jp
779762,fula.pe
779763,fulfillkaro.pk
779764,fulfillsunlit.com
779765,fulgora.jp
779766,fuli35.lv
779767,fulkersons.com
779768,full-keys.com
779769,full-slot.online
779770,full2house.com
779771,fullahead-buy.com
779772,fullahead-dm.com
779773,fullahead-idol.com
779774,fullahead-onepiece-cardgame.com
779775,fullahead-tcg.com
779776,fullahead-tradingcard.com
779777,fullbetth6.com
779778,fullcarga-titan.com.ar
779779,fullcarga-titan.com.pe
779780,fullcemara123.fit
779781,fullcenter.com.co
779782,fullcheck.com.tr
779783,fullcliphot.us
779784,fullconsig.com.br
779785,fullcopec.cl
779786,fulldatapagos.com.ve
779787,fullenlace.com
779788,fullentretenimiento.com
779789,fuller.com.mx
779790,fullfightreplays.com
779791,fullfilmizle2.cc
779792,fullhouse365.club
779793,fullhouse365.com
779794,fullimit.com
779795,fullizlefilmizlebox.com
779796,fullkoredizi.com
779797,fullmanhwa.com
779798,fullmarksstore.jp
779799,fullporn.blog
779800,fullsat.com.ar
779801,fullscore.co.kr
779802,fullslpp.com
779803,fullstop.com.pk
779804,fulltrader.com
779805,fulltradersports.com
779806,fullunlock-mx.com
779807,fullxcinema.cc
779808,fullyscholarships.com
779809,fullysigned.net
779810,fullyview.si
779811,fuma888.com
779812,fumibako.com
779813,fumibito.com
779814,fuminoka.jp
779815,fumisan.es
779816,fumiyafujii.net
779817,fumodigitale.com
779818,fun-game777.com
779819,fun-navi.net
779820,fun-play.com
779821,fun123.net
779822,fun24.app
779823,fun247.bet
779824,fun2home.com
779825,fun36app.net
779826,fun46.com
779827,fun4trivias.com
779828,fun66.live
779829,fun77.plus
779830,fun77dewa.com
779831,fun88.mx
779832,fun88mb0.com
779833,fun999xp.com
779834,funabashi-goldenroger.com
779835,funaduri.jp
779836,funat.com.co
779837,funayado-yoshinoya.com
779838,funbeez.com
779839,funbet2.com
779840,funbet9.com
779841,funbeyond.cc
779842,funbingo.bet
779843,funbola88c.com
779844,funbuzz.in
779845,funcapital.com
779846,funciona.gob.es
779847,funcionareparaciones.es
779848,funcity.in
779849,funclicker.org
779850,funcoolhub.xyz
779851,fundacaobutantan.org.br
779852,fundacioncnse-dilse.org
779853,fundacionmsi.org.mx
779854,fundacionsafa.es
779855,fundacionypf.org
779856,fundacjafeta.com
779857,fundady.com
779858,fundamentamosalimentos.com.co
779859,fundasp.org.br
779860,fundatec.ac.cr
779861,fundaupn.edu.hn
779862,fundcamel.com
779863,fundedelite.com
779864,fundedfriday.com
779865,fundedhive.com
779866,fundobaba.com
779867,fundongo.com
779868,fundora.asia
779869,fundosparaagricultura.pt
779870,fundsreward.com
779871,fundssuccess.com
779872,funein.com
779873,funenet.com
779874,funerader.be
779875,funeraria-apostol.com
779876,funerariaconselvan.com.br
779877,funerariagerardo.com
779878,funerariairun.es
779879,funerarialarraz.com
779880,funerariamadeira.es
779881,funerariamartinez.es
779882,funerarianarcea.com
779883,funerarianscarmo.com.br
779884,funerariaorbegozo.com
779885,funerariaordes.gal
779886,funerariaoria.com
779887,funerariapax-julia.pt
779888,funerariapedreira.com.br
779889,funerariasanpedro.com
779890,funerariasaofrancisco.com.br
779891,funerariasaojoao.com.br
779892,funerariasdelsuroccidente.es
779893,funerariasoccidente.com
779894,funerariauribe.com
779895,funerarium-deryck.be
779896,funerarium-parmentier.be
779897,funero.rs
779898,funesbom.rj.gov.br
779899,funfonero.com
779900,funforge.co.kr
779901,fungalinfectionspore.wiki
779902,fungame777mawar.com
779903,fungame777superman.com
779904,fungamechoice.com
779905,fungarage.se
779906,fungold247.com
779907,fungsou.com
779908,funhhh.co
779909,funiber.org.br
779910,funildevendas.com.br
779911,funimation.rest
779912,funinmatch360.com
779913,funinrace555.com
779914,funkie.pl
779915,funkybabaji.com
779916,funkylobby.com
779917,funkyraja.com
779918,funmax.pk
779919,funn365.club
779920,funny-ai.com
779921,funnyapps.co
779922,funnygames.ro
779923,funnyjobs.site
779924,funnyjump.world
779925,funnykdo.com
779926,funnymoney.com.ua
779927,funpec.br
779928,funpom.com
779929,funqz.net
779930,funrap.pro
779931,funrocks.in
779932,funroom.store
779933,funs100.com
779934,funsies.pk
779935,funsort.com
779936,funsports.online
779937,funstream.pk
779938,funtap.games
779939,funteacherprivate.com
779940,funtimewin.net
779941,funwin.asia
779942,funworldblr.com
779943,funzone-es.com
779944,funzone88.com
779945,fuqhouse.com
779946,furdi-admin.jp
779947,furfling.com
779948,furgediak.hu
779949,furjaden.com
779950,furkangiyim.com
779951,furla77c.site
779952,furla77d.com
779953,furmics.com
779954,furnigo.hu
779955,furnigo.ro
779956,furnimeble.pl
779957,furniselan.com
779958,furnishweb.com
779959,furniturecommandcenter.com
779960,furnitureinstore.co.uk
779961,furnituremaxi.com
779962,furnitureplustt.com
779963,furnituresuperstorenm.com
779964,furosauna.com
779965,furryfacts.net
779966,furryparty.shop
779967,fursa.co.tz
779968,furstpasient.no
779969,fursys.com
779970,furtjtmw.com
779971,furukawashiko-online.shop
779972,fusertech.co.zw
779973,fushime.com
779974,fusible.info
779975,fusion7777.com
779976,fusionagency.net
779977,fusionbikes.com.ar
779978,fusionbyrizwan.com
779979,fusioncars.in
779980,fusiongames.com.ar
779981,fusionlogics.com
779982,fusionx3d.com.br
779983,fusitan.net
779984,fusototo.com
779985,fusqueijao.com.br
779986,fussbodenheizung-nachtraeglich-einfraesen.de
779987,futabaproshop.jp
779988,futai.live
779989,futarmotorosbolt.hu
779990,futbaltour.sk
779991,futbetsvip.com
779992,futbol-libre.pe
779993,futbol.cat
779994,futbol666.com
779995,futbolasturiano.es
779996,futboldesdemallorca.com
779997,futbolenvivoargentina.com
779998,futbollibre.ec
779999,futbolparatodos.com.co
780000,futbolparatodos.pl
780001,futebolderua.org
780002,futebolplayhd.skin
780003,futebolrede.com
780004,futebolvip.online
780005,futemax.news
780006,futevento.net
780007,futgreen.site
780008,futiledevices.blog
780009,futismanageri.com
780010,futkit.com
780011,futmanager.com
780012,futofoto.hu
780013,futsala.ar
780014,futsalparana.com.br
780015,futshop.com.br
780016,futti.hr
780017,futumag24.ru
780018,futunatura.bg
780019,futunatura.hu
780020,futunatura.it
780021,futunatura.pl
780022,futunatura.si
780023,futunatura.sk
780024,futurabroker.com
780025,futurapro.app
780026,futuravacanze.it
780027,future-news.co.kr
780028,future9.club
780029,futureacademy.edu.pe
780030,futureapps.site
780031,futurefox-online.com
780032,futuregenie.in
780033,futuregentrends.com
780034,futureindia.net.in
780035,futurekul.com
780036,futureplay99.com
780037,futuresacademy.co.za
780038,futureskillelearningplatform.com
780039,futuresoldiers.com
780040,futuretrades.co.in
780041,futuronazionale.it
780042,futuryn.com
780043,futurz4x4.in
780044,fuuast.edu.pk
780045,fuuav.com
780046,fuucdayo.com
780047,fuurin-official.com
780048,fuwportal.edu.ng
780049,fuxcf0wm.com
780050,fuyajyo.com
780051,fuyuneko.org
780052,fuzeserve.com
780053,fuzrgal.com
780054,fuzuloto.com
780055,fva-assurance.fr
780056,fvd.org.br
780057,fvnws.ch
780058,fvpph.com
780059,fvr329.com
780060,fw-b.be
780061,fwam.jp
780062,fwd.ne.jp
780063,fwenet.beauty
780064,fwiccwoman.com
780065,fworks-keihai.co.jp
780066,fwpine.com
780067,fws.com.ec
780068,fwu.edu.np
780069,fwy.mx
780070,fx39fu5grk5.cc
780071,fxbackoffice.com
780072,fxcgo.com
780073,fxfx325.com
780074,fxfx88.com
780075,fxfx89.com
780076,fxfxzz.com
780077,fxgbopfyefx.vip
780078,fxkyd.com
780079,fxoxx.net
780080,fxplus.in
780081,fxpro-malaysia.com
780082,fxsa.club
780083,fxtm.info
780084,fxurl.co
780085,fy.org.tw
780086,fy3uf92.com
780087,fyfaa.com
780088,fyh4j2y.com
780089,fyidb2.com
780090,fyidb4.com
780091,fylakti.com
780092,fyncwdi.cn
780093,fyobet11.biz
780094,fyoh5.com
780095,fyoratrace.com
780096,fyoubuy.com
780097,fyp138guna.com
780098,fyp8055.xyz
780099,fyp805i.store
780100,fytika.com
780101,fzstudios.app
844302,free-blog-content.com
844332,fspisp.de
844343,fabriccarolina.com
844377,fagro.edu.uy
844414,freshpulse.us
844418,fdcsoa.com
844466,fahnenversand.de
844467,freshhubhub.nl
844469,fhmcmedia.com
844499,firstitcloud.com
844512,fnmarkets.com
844534,flashframenetwork.com
844558,flexlinks.com
844561,feuersoftware.com
844565,fastrackg.com
844566,flexbase.app
844602,freshmail.mx
844711,freshjackpot.ca
844715,fry99.com
844720,fournines.nl
844735,funcway.com
844752,freeporn-always.com
844784,foss.net
844788,framinghamsource.com
844803,fonderdiamond.sg
844845,flazio.site
844848,fsnews.co.kr
844850,focustech.uk
844859,fordrsoc.org.nz
844864,fpt.shop
844876,fila.it
844892,fan-gamble.com
844897,fashionbymaya.com
844938,firmyvdosahu.cz
844980,formwerk.ro
844989,flutterhabit.com
844991,fasebook.com
845030,firstory-cdn.me
845074,fing.org
845084,flavius.cloud
845123,fieam.org.br
845126,frescologic.com
845134,fta-berlin.de
845207,fly-ikarus.ch
845216,facebookgroups.com
845240,foxworldtravel.com
845285,fangim.cn
845289,fat-cat.co.uk
845292,farmsquare.ng
845365,fromdev.com
845386,fdu.de
845398,focusculture.uk
845399,f122jp2335.info
845405,ffytv.com
845432,futurestream.us
845433,forestrynotes.in
845476,filmonderzoek.nl
845506,facepaintforumshop.com
845515,fuxicalocacoes.com.br
845536,fuwel.wedding
845541,fim-cisl.it
845608,futurestream.ca
845623,falandodeviagem.com.br
845625,finpoints.tech
845678,formaloo.com
845695,fluxplatform.ca
845707,flashcore.net
845726,forumferrovie.info
845739,fandomhost.com
845829,firmadatabasen.no
845839,fonh.online
845897,ftcelectronics.jp
845913,forumchti.com
845948,fabkids.com
845978,fastrtbads.com
845979,fowoii.com
846100,funology.com
846159,freesexycomics.com
846187,flylady.ru
846250,fpsb.org
846266,fantasyboardgames.org
846290,frama-c.com
846294,f4ll.top
846389,fengleaaa.com
846399,futaba-soccerspike.net
846421,f30c96w8.com
846508,fancons.co.uk
846509,fandane.com
846510,farmaciaarade.pt
846511,femaledom.com
846512,fijnhouthobbyist.nl
846513,findtemporaryworkfinderandenjoyflexiblejobs.com
846514,footballiapp.com
846515,fordance-shop.ru
846574,fuis.top
846575,fygsoft.com
846595,football-stadiums.co.uk
846604,finasterideff.online
846610,filteri.com
846650,frightfest.co.uk
846653,fake-email.pro
846677,fastverliebt.de
846711,findbuch.net
846745,fiberim.com.tr
846755,fastfirst.me
846771,filepilemanager.com
846799,fairvote.ca
846802,fctp.it
846833,furiafuria.com
846842,flowconcept.de
846849,foi.org
846854,forum2jeux.com
846858,fleetsharp.com
846993,filestack.org
847039,flexy-reg.ru
847087,fedilab.app
847097,footballglory.com
847124,filmkunstkinos.de
847137,foundlingmuseum.org.uk
847184,freshperspectiveblog.co.uk
847213,faranharbarius.com
847216,fozex.ru
847236,fastex.com
847238,focuslifeblog.uk
847239,fastopen.live
847255,fasheng.ing
847300,folkdance.page
847330,filterbaby.com
847367,festzelt-os.app
847371,fubuhosting.com
847386,fordpartspros.com
847398,factmonitor.co.uk
847417,fortellis.io
847436,fly88.dev
847454,flareleaguehouse.com
847526,fuckbunny.top
847569,fk-info.com
847574,fursac.com
847614,fmfuji.jp
847630,fmcs.gov
847735,fbt.com
847747,f46.casino
847797,familyethic.com
847815,fdcservers.com
847833,fastspot.ca
847837,flagma.md
847838,frontline.com.sg
847839,fanfarearchive.com
847910,futr.ai
847961,facturascripts.com
847970,foodbanjo.com
848017,fox-and-sons.co.uk
848024,frischergehts.net
848033,fusionigaming.co.uk
848051,flowvideo.ai
848091,freestylecheck.com
848148,fivalifitness.com
848175,fail0ver.zone
848220,fineedu.cn
848226,fastucone.com
848255,ferreteriamorales.net
848264,firme-on-line.ro
848271,fineandcountry.com
848275,fah999club.com
848276,fastblogzone.my
848281,floranimal.ru
848330,favvless.click
848335,freutcake.com
848347,fndsda.net
848395,fiscmb.com
848411,feenics.com
848484,fullspecs.net
848495,foxylocks.com
848534,fixtureathletic.co.uk
848555,fishroad-game.uk
848603,fccj.or.jp
848619,faramedia.co
848741,femen.org
848742,freefall.ing
848776,fptbedding.com
848809,foliodigitalwealth.com
848815,fotochki.com
848830,felixgray.com
848874,folgerscoffee.com
848881,fsapps.ca
848902,fullertonhealth.com
848922,festina.it
848938,fotoundvideografie.com
848947,flicker.com
848966,freemantoyota.com
849012,future-x.de
849015,full-dns.net
849027,flowonresources.co.uk
849050,f5dan.fr
849232,f-i-sp.de
849244,futurebeautyhub.nl
849257,fincallorca.de
849403,freyameds.com
849498,filmix.inc
849560,flickerbooth.co.uk
849580,fantech.ai
849622,firstworld.net
849636,flasksync.com
849655,freshcasinozone.com
849672,fgtaxnegd.cc
849680,fjsdxy.com
849689,funcionando.com
849706,frankrone.de
849712,freshhubpro.nl
849748,fortunamining.com
849750,formpros.com
849773,fantasylesbianp.com
849829,fortuneenterprise.co.uk
849897,fordmods.com
849907,familiya.website
849927,faqts.com
849978,feszekrako.hu
850045,flashsphere.co.uk
850052,ff-hargelsberg.at
850055,frva.com
850080,flexiona.net
850096,fastera.net
850105,fakeoff.org
850145,familyhealth-secrets.com
850156,fnsb.gov
850236,fluxspins.ca
850243,fcs-enitrack.pro
850245,file-anycast.com
850249,freegaypornpics.com
850410,freeadsinindia.in
850431,faxburner.com
850443,facta.news
850500,fabricjs.com
850608,fashiola.se
850614,fxrating.com.ua
850616,freepornolove.com
850631,filmesgratis.com.br
850639,feelingbet.fr
850684,fpwjmmzf.cc
850706,findquiz.ru
850735,fixez.com
850765,feibiaozhoucheng.com
850794,fqmrejdm.cc
850796,frameless.com
850806,forumlibertas.com
850849,ficomum.org
850906,farmerbros.com
850910,focussimpleblog.uk
850955,flowvistapulse360.com
850971,fortunevault.de
850980,fastclearglobezone.nl
850987,flowers4japan.com
851009,franchise.com
851104,fivecbd.com
851172,funtazia.co.uk
851189,feldsparfolly.site
851196,flashtrack.co.uk
851236,foot.be
851303,fzwjg.com
851308,fortresscolo.com
851309,futuregardenfinder.nl
851328,fasset.com
851346,forumhealth.com
851458,focusscope.de
851466,futuropolis.fr
851478,freshwave.us
851518,fleischmanns.com
851542,fivecast.com
851602,fortunespace.de
851606,fcp.co
851709,fondationshoah.org
851743,farmatorre.com
851756,futurityweb.co.za
851764,firstcloudit.com
851766,fmprorealty.ru
851793,flyservice.click
851851,flamypornmovs.com
851855,flixable.com
851891,fg-proxy.com
851910,firsttwo.com
851912,fringetoronto.com
851930,focusmodern.uk
851948,fedcom.net
851990,findojobs.ph
851995,fbworkmail.com
852007,freshworld.uk
852028,farcrygame.com
852034,freeporn-anytime.com
852098,focusjournal.uk
852100,footdistrict.de
852102,fengxian.gov.cn
852120,fouwen.com
852144,faluku.com
852164,faireconomy.org
852167,freshclubplatform.com
852211,fsonline.com.cn
852219,freedownloadmp3.net
852251,fosterclub.com
852258,fondazionepetruzzelli.it
852279,familyprepaiddebit.com
852285,fastnewsforum.net
852290,flmgr.net
852334,familyvnet.blog
852340,fazua.com
852351,fxdailyreport.com
852354,forgottenislandmovie.com
852387,festivalguidesandreviews.com
852455,funatthetrack.com
852495,fcryukyu.com
852498,freshslots.ca
852522,fortuneline.de
852530,forestmusiczone.nl
852570,flagshiptech.com
852651,fivesecondtest.com
852666,fantastik.fr
852696,forcefactor.com
852710,feuerwehr.tirol
852719,fhuawei.com
852756,feraldepot.co.uk
852772,freshpulse.uk
852882,frih.net
852886,forgejo.dev
852891,flexfone.dk
852942,franceminiature.fr
852991,firmus.ru
853048,fbmsales.com
853064,futurevisionplus.nl
853108,fishplatedb.com
853110,faqing.org
853126,focuscultureplus.co.uk
853179,fayllar.org
853226,flairpens.ru
853244,foundry.org.hk
853246,fontbug.com
853265,fujutv.net
853268,futurescientists.co.uk
853368,fun88tc.com
853400,fynosa.com
853437,freeanimeporn.pro
853449,fashion-incubator.com
853450,fundament-lean.nl
853452,fusioncrewpokergo.com
853475,futuretrack.fr
853499,fullsave.info
853569,feyrer.de
853602,fly-euroharmony.com
853661,fast-refit.ru
853671,fleetfoxi.link
853730,familyvacationist.com
853740,fortfun.fun
853766,fistful-of-leone.com
853769,fiskalio.net
853780,fastcasinostormhub.nl
853795,fluxdrive.co.uk
853806,flashgametours.fr
853818,flown.com
853831,factory.pl
853845,farenet.org
853867,files.community
853868,fxproru.technology
853887,facilethings.com
853936,forchheim.de
853937,forumdipace.org
853955,fox25boston.com
854003,farmaciamayorazgo.com
854004,fish-road-game.co.uk
854016,ferndesk.com
854025,fultontelephone.net
854058,farmen.cz
854092,fastgames.com
854117,futurehubcenter.nl
854119,flintarts.org
854147,facebookhome.info
854148,fellbox.de
854161,factsbuddy.com
854165,ftthcouncil.eu
854178,fixmytoys.com
854193,filminstitut.at
854228,fruitsaladtrees.com
854236,flawedbrand.com
854253,fatbeehive.com
854255,forgecasinox.com
854264,fuxcdn.de
854320,flydivinetravels.com
854356,forskersonen.no
854450,free-telecharger.surf
854459,fjrs.gov.cn
854503,faspec.edu.br
854504,fiyatperformans.com.tr
854505,forcelink.net
854583,faceprep.in
854658,freazedns.nl
854667,freemanga.me
854692,flaq.ai
854712,facturelocr.com
854720,foundationforpn.org
854756,fire-matic.com
854776,flushbets247.com
854784,focuscultureblog.uk
854803,food-le.com
854850,fruugo.eg
854853,fetc.org
854872,fmgreece.gr
854880,ffss.fr
854910,feherb.xyz
854945,freshlogic.fr
854956,flamingodewata.com
854959,federalinstant.com
855016,foreverymom.com
855037,fortrader.org
855042,foodbardeprince.com
855070,fiero-audio.com
855084,farmingtonnm.org
855095,foxsports.nl
855138,fonduri-structurale.ro
855181,forestmulching.com.au
855220,fhdgso.ru
855228,fluencypass.com
855253,flaglermuseum.us
855255,frenchysonline.com
855280,federaltake.com
855289,fluxcasino.ca
855311,freshstudiozone.nl
855362,farmaciaeficacia.com.br
855363,farmacity.net
855412,freshlife28.ru
855422,freshguidenetwork.nl
855487,fwrdrev.com
855532,feldherr.com
855535,frobbit.se
855545,freshpokerdaily.com
855594,fourwheelcampers.com
855599,finaltouchapparel.com
855630,flowers4indonesia.com
855653,foreststudioagency.nl
855661,fastlogic.ca
855804,fnd-match.com
855840,freshstartrelief.com
855868,flowkit.life
855885,first4systems.com
855892,first5california.com
855900,fanniemay.com
855948,fengshuimall.com
855977,foxprox.uk
855982,fxvonline.com
855992,fiweek.jp
855994,ferd.ca
856031,fluxion-lab88.com
856066,fiberstar.net.id
856089,fastcom.ie
856199,fisher.edu
856207,fritz-friedrich.at
856287,freewatertech.com
856292,filterbypass.me
856322,fluzapp.com
856326,fitzpaiwari.shop
856371,froxlor.cloud
856386,fala-hygieneshop.de
856437,freetokensupport.com
856474,fox46.com
856521,friedrich-von-schiller.de
856604,fibertelecom.com
856614,fastrackce.com
856624,firm24.com
856649,foxconnchannel.com
856653,famechain.com
856660,foodi.de
856692,familycover.it
856715,fix-midea.ru
856743,fordmodels.com
856754,fai.gov
856770,focuswave.us
856807,fastvault.ca
856809,foroelchecf.com
856818,fifaplanet.de
856838,ftech.co.uk
856856,fishinfrenzyslotdemo.co.uk
856891,futurepulsedelft.nl
856892,fluxpalace.ca
856918,formnutrition.com
856994,freshtrenddaily.nl
856999,fides.technology
857016,francis-bacon.com
857021,ftmplus.com
857024,f168.news
857173,fortunenet.de
857256,forethought.app
857312,fxgiants.com
857347,funai.us
857382,falriver.co.uk
857431,foroalfa.org
857460,fedtel.net
857480,focusdatasolutions.com
857499,fitnessdoctor.ru
857536,fortunecity.es
857553,frostframe.co.uk
857566,fa-go.pro
857575,freemanhealth.com
857594,fromuthtennis.com
857710,facilicom.nl
857715,fmdm1.cc
857731,fourseasonsheatingcooling.com
857793,fwater.ru
857815,fitri.it
857855,foresko.com
857945,fastfortunestormhub.nl
858013,f-variant.ru
858025,fluxcenter.ca
858040,feijucanopote.com.br
858057,florenciahealthcare.com
858067,fastrollmatrixzone.nl
858069,funderpro.com
858074,floship.com
858080,fountainlife.com
858116,focus-arztsuche.de
858153,freelance-start.com
858164,foobol.com
858258,fmcx.pl
858306,fffuel.co
858340,forum-train.com
858353,foro24.es
858415,fido.money
858428,fest2024.com
858463,futuregamblepro.com
858524,feimec.com.br
858598,fun-with-words.com
858666,filmday.lat
858668,freedomsoft.com
858679,focussmart.uk
858688,fischerelektronik.de
858717,flowbookie.com
858734,films-recorder-conv.com
858779,fca.kr
858790,fujiidera.lg.jp
858797,futurereview.de
858808,farrow.com
858812,funcolor.ru
858848,fluminalis.com
858876,famaga.ch
858900,fabiopalmieri.it
858912,freshclubcentral.com
858966,frygarden.site
858987,freeporn6.net
859019,factorof4.net
859021,flash.co.tz
859058,friendlynode.site
859063,fonkmagazine.com
859071,first-apartment.ru
859079,faganfinder.com
859107,flyproxy.com
859108,funayama-tosou.com
859133,fbd.de
859143,fabreguesmotos.com
859183,forged4x4.com
859195,f4re1a.com
859216,fusiontacticsgamespark.com
859224,fangwuzixun.com
859356,fastmodernpulsebase.nl
859381,foreverfriendspetcremationunited.com
859482,flytradewind.com
859484,fossil-profi.ru
859513,fcpages.com
859595,funwithmama.com
859603,factro.com
859638,flykc.com
859682,fakingszoo.com
859704,firstscribe.com
859775,forums.red
859793,feedingcuriosity.com
859836,filezigzag.com
859858,flexpath.us
859865,flint.nl
859906,filezz.cloud
859927,frkp.site
859940,fifavnet.net
859952,favoley.es
859955,flexnieuws.nl
859986,foscore.com
859989,fluxbet.ca
860029,fieldsofview.in
860040,focus-magazin.de
860051,fullmoonzine.cz
860075,fireangel-polska.pl
860144,f8beta2.ink
860155,fxweb.it
860166,flower-db.com
860177,fatherchristmaspost.co.uk
860193,focusculturehub.co.uk
860259,fpcomplete.com
860317,faysgenealogy.com
860342,facebook-dns.com
860350,folhadirigida.com.br
860361,fordwinslow.com
860368,flymc.cc
860408,fondationbiodiversite.fr
860432,fun-a-day.com
860452,findrecovery.com
860467,forcetools.co.za
860498,fastwebhostingusa.com
860563,fahrrad-apotheke.de
860577,farside.app
860583,falonloveslife.com
860586,frenchpod101.com
860588,fixygen.ua
860589,fhyx.hk
860625,fexco.com
860628,funiber.blog
860656,fezibo.com
860682,fi360.com
860777,f5center.com
860785,frp.one
860790,flymyrtlebeach.com
860798,focustrack.de
860801,fastparts.is
860804,feralhouse.com
860808,fkwallet.online
860839,foodware.mx
860865,friendfeed-media.com
860876,flashgamex.com
860951,famanice.de
860974,fitchburgwi.gov
861009,foodspot.com
861087,ffxwxg.net
861113,fasttask.pro
861116,familyby.com
861144,forosx.com
861310,falken.com.cn
861311,falken.tires
861312,fanisle.com
861313,feldmanchevyoflansing.com
861314,fffbdtone.com
861315,fffone111.com
861316,ffp.fi
861317,fiintrade.vn
861318,flushmain.com
861319,fonebdt111.com
861320,foneoneone.com
861321,frasesdobem.com
861322,ftv-publicite.fr
861533,fa977.com
861534,fliesb.com
861535,fupanwang.com
861578,formula-as.ro
861584,fresh-cards.ru
861588,f-r-w.co.uk
861612,forksbot.com
861639,fairlivingtrack.nl
861651,foxsportsasia.com
861746,forgehouse.ca
861774,fusionbase.com
861786,freshlymemo.us
861792,foodpress.ir
861802,freshlypages.us
861818,folloagency.com
861829,fuwamov.cc
861832,fato2.com
861948,fossilrim.org
861964,fourseasonsdirect.com
861995,forumch.com.br
862000,fingerprintjs.com
862041,facegoapp.com
862042,fugkykgoog8fl.com
862080,fxtom.com
862085,fusoft001.com
862095,fortunemark.de
862100,focusmodernmag.co.uk
862108,foxblocks.com
862116,fpg.pt
862170,fxcash.net
862182,flowdock.com
862194,figopet.de
862202,fantinicosmi.it
862205,fgfunnels.com
862246,fahrrad-montagestaender-test.de
862278,fatal.fm
862309,fbd.ie
862319,flhosp.net
862368,fuersie-it.de
862408,frostedai.com
862411,freshlogic.ca
862445,financial1000.com
862547,forestry.ca
862551,foryourlegs.com
862573,firstmetrosec.com.ph
862579,firstcoastfootclinic.com
862585,f3x.sk
862610,freenet.org
862651,familyfriendlycincinnati.com
862747,fh-burgenland.at
862769,fiscardproconnect.com
863001,formattingideas.com
863047,fremasaanddp.cc
863049,forwardcounselnil.com
863076,fmyly.com
863087,fireasian.com
863093,freebasicpro.xyz
863094,funxd.site
863122,familyprotect.com.es
863123,fixpart.bg
863141,fundingsocieties.com.my
863210,foxchapelpublishing.com
863242,flixed.io
863279,financereference.com
863293,freshproduceclothes.com
863310,fenrir.co.jp
863312,friskybusinessboutique.com
863328,flow-cytometry.net
863333,ffccniinnb.pro
863366,fefello.org
863376,firma.cc
863396,fahl.de
863420,funag.gov.br
863469,famagusta-gazette.com
863475,fromtoday.kr
863493,fabricacionesinox.com
863498,fastestplay.icu
863524,foodierate.com
863534,foodafactoflife.org.uk
863541,farmfrites.com
863581,freightpop.com
863599,feromedia.pl
863665,funmail2u.de
863868,fpz.hr
863890,fondationbs.org
863951,fabi.it
863965,ficgs.com
863969,forbeaut.co.kr
863992,freshspins.ca
864017,farap.ru
864074,fiberx.net
864196,freefonts.io
864215,fujiyakuhin-recruit.net
864254,firmenwissen.de
864259,freshviphub.com
864288,fxratesapi.com
864308,fierdetreroutier.fr
864339,farmaciafavata.it
864364,fssystem.com
864367,forgedflare.com
864458,fra.go.jp
864491,fonimaleviziou.gr
864495,firelard.com
864546,fluxworld.ca
864554,flyseabird.com
864620,fastpurepulsezone.nl
864625,fermliving.us
864653,factanimal.com
864660,flankcore.co.uk
864700,feritynutcase.cyou
864703,fourstrokebarn.com
864708,fezbet.com
864718,francemediasmonde.com
864755,fluxline.ca
864773,fashiontimes.com
864811,franceinvest.eu
864849,futurewave.ca
864948,fitre.it
864949,fortis-watches.com
865018,focushub.us
865041,fastplaytwistzone.nl
865070,freshblogs.us
865078,flogoods.ru
865104,flashscore.ru
865127,funrun4.com
865143,fmamfg.org
865224,fruitoftheloom.eu
865287,firegamelink.com
865379,floridafinecars.com
865387,fortunescope.de
865389,fyssalides.gr
865423,fiducialcloud.fr
865488,fangdalaw.com
865492,freedmr.gr
865568,festivaldorio.com.br
865584,flawildflowers.org
865629,forces-war-records.co.uk
865675,formik.org
865694,f-i-ts.de
865730,faculdadelife.edu.br
865731,frontier-enterprise.com
865877,fusioncornerlines.com
865890,financenow.co.nz
865916,firstmail.dev
865919,focusprimeblog.co.uk
865941,forumrpg.ru
865951,farmsforsaleireland.com
865957,fluxvault.ca
865969,fritt.de
866013,farmplasticsupply.com
866086,fast-autos.net
866150,foodstampsupport.net
866204,fukuoka-teien.com
866229,frenchweddingstyle.com
866249,farmaciacanela.com
866264,fieldeffect.com
866292,fruitflavoredsnacks.com
866301,firmwaresafe.com
866333,fmbamail.ru
866343,ffyxyx.com
866363,ferrisstatebulldogs.com
866384,flowpornmovies.com
866399,fallwaves.xyz
866447,formula55.kz
866470,fortuneredpackets.com
866525,floridahospital.com
866529,f8bet.io
866585,flydex.ru
866603,fastmail.help
866645,fmcvnunfk.cc
866650,fastcom.cz
866668,filsonstore.cz
866775,foot-sport.com
866814,fromion35.de
866847,fibonas.com
866917,funidata.cloud
866920,fivvo.com
866979,favorite-mine.com
867038,firestopcaulking.com
867070,freepressokc.com
867074,fsfoot.sn
867089,fastlec.co.uk
867096,forgenetwork.ca
867105,funimete.com
867146,fujairah-oae.ru
867155,flagmantelecom.com
867167,ferreterasanluis.com
867244,flaglermuseum.org
867257,figfanatic.com
867267,flue-warehouse.co.uk
867286,fcbate.by
867307,flourbakery.com
867322,fastwinkel.nl
867341,fractr.xyz
867346,fiveaa.com.au
867355,fashiola.com.br
867356,farmaconvenienza.it
867357,fishkeepingworld.com
867395,frugalhausfrau.com
867433,futureads.io
867535,fisura.com
867555,fauvertprofessionnel.fr
867566,festivalfeed.com
867589,footballs.life
867656,futurespark.us
867664,fitness4you.pl
867686,forgeworld.co.uk
867718,firmy.ai
867726,focusgrid.de
867727,fesportal.com
867761,focuspulse.uk
867765,funstuffonly.com
867778,forecasters.org
867800,fnx.li
867808,fitnessathome.com.au
867826,famaxautopecas.com.br
867831,facilipro.net
867846,freekidscrafts.com
867904,foregon.com
867950,freeideasliving.nl
867972,furnituregalleryvegas.com
867976,freshblackjackhouse.com
868014,fenwickfishing.com
868033,freeporn.casa
868040,flawlessmirrors.com
868058,flytonic.com
868059,flote.app
868120,fortunedigest.de
868167,fenixabs.com
868198,flirro.me
868207,fortunehub.de
868228,f1sau8.com
868252,fnsea.fr
868253,fom-net.de
868292,floristum.ru
868297,fennemorelaw.com
868326,fins.am
868399,falcongaze.com
868440,floridapolicy.org
868464,focustodayblog.co.uk
868479,flowmagazine.gr
868527,fultoncountyoh.com
868541,funsally.com
868550,firmdigest.ru
868596,focusscope.us
868686,finalwhistle.ie
868687,ftcwatercooling.com
868689,fugen-shop.de
868777,formula55.net
868779,foods1.com
868794,festival-deauville.com
868822,filmsexi.top
868868,fireproofgames.com
868887,factorled.com
868889,fluidfolio.com
868926,fishwatch.gov
868971,fsdafrica.org
869017,f1688.ren
869050,flushpokerprime.com
869071,filadd.com
869103,futbolemotion.fr
869125,fylorzibrekjenvrybhsvar.com
869140,fluxhum.co.uk
869183,fondation-alliancefr.org
869193,firstontario.com
869219,fixturescloseup.com
869225,flowerwholesale.com
869238,focussocietyblog.uk
869284,flashvpn.nl
869306,fanquango.com
869307,fnktgovernment.bond
869328,fashionbrandch.com
869341,floralincreasinglysuperserver.com
869342,funlua1.site
869376,flagstaffivhydration.com
869408,fastaitoken.com
869426,fasthub.ca
869444,ferrero.it
869455,fastserverschile.com
869467,francaisonlinecasinos.net
869518,feeldmc.com
869537,freshsignal.us
869544,feilushuo.com
869560,fullhdfilmizlesene.live
869565,freshonline.ca
869571,faz-o-eli.online
869595,foxship.de
869600,frankia.com
869612,fx-w.io
869621,fishingas.com
869627,f16865.com
869635,ferreteriavidri.com
869661,forestbytesnetwork.nl
869675,findefix.com
869684,fieldpromax.com
869710,focustechonline.co.uk
869772,fvm.dk
869775,flyziplinedev.com
869837,forret.com
869849,fotoimpex.de
869856,flawlessai.com
869887,fitrated.com
869892,futuresignal.de
869895,fitly.work
869931,fanttik-innovation.de
869933,fontacor.com
869951,femmexpat.com
869962,filmex.to
869971,foreco.nl
870018,farmaelglobo.com
870019,freemeteo.fr
870028,finedininglovers.fr
870045,focusdailyblog.uk
870067,flitt.com
870075,francbranc.ru
870081,finsider.sk
870100,fuelairspark.com
870134,faketaxi.com
870150,funderstanding.com
870169,fieldexcentral.co.uk
870194,fsdml.com
870208,foroantiusura.org
870210,facai2024.com
870258,foodhallen.nl
870267,f168a3.net
870335,fullfamilyincest.com
870364,f1681.life
870383,fosta-tv.net
870407,forgepath.ca
870441,fisiontvplus.com
870465,file-host.link
870475,fluteworld.com
870478,finecheese.co.uk
870486,frontlinesourcegroup.com
870568,fontpark.com
870614,famerp.br
870665,f168f5.com
870671,futuredatastats.com
870689,feisworx.com
870703,feline.support
870770,fathinet.com
870795,factor-eleven.com
870829,farbrausch.de
870845,fortuneclockcasino.org.uk
870865,firechicken.net
870927,frogs.org.au
870933,feiniu.com
870934,farmaciaok.it
870938,fastplatform.ca
871025,fdbhealth.com
871061,florianopolis-hotels-br.com
871066,footfetishxxx.com
871095,fklop.com
871099,filatelie-flaska.cz
871118,flemings-hotels.com
871122,frbk.ru
871124,funba.app
871132,fxday.info
871134,f8bet.luxury
871140,fortedmontonpark.ca
871232,francofa-eurodis.fr
871241,fatbeats.com
871280,futureflash.co.uk
871328,freewarehome.com
871354,freemilfgalleries.com
871378,fintualist.com
871406,fx02.online
871452,feedthefuture.gov
871455,ferrara.bz
871483,finebi.com
871516,fleetpoint.org
871523,foodandgriil.com
871598,faultlore.com
871603,fusiongameport.com
871617,flareroll.com
871648,f8zyh776.shop
871649,flixbus.com.au
871729,fastpipe.io
871765,fcredit.kz
871842,fixmobile.gr
871901,freightvet.com
871904,fluent.pet
871955,flirthotchat.com
871961,fok.casino
871992,fortunematrix.us
872069,freeart.com
872070,fortunesociety.org
872104,fanikcolor.com
872111,finomy.com
872112,furniture4lessca.com
872114,felix-spin.at
872124,fidentireform.com
872142,finance-ua.com.ua
872149,finacademi.ru
872156,furnitureclinic.co.uk
872184,firedns.ir
872248,fambetcasino.fi
872250,freeandopenisland.org
872255,flowpulsebloom360.com
872266,f58.casino
872269,fournituresmega.com
872376,f-sunpalace.com
872400,fastron-elec.com
872408,fysiotherapie4all.nl
872416,filatelizm.ru
872422,facl.co.uk
872432,famememo.co.uk
872461,factorywheelwarehouse.com
872467,fix-sharp.ru
872549,florinet.nl
872598,familyvacationsus.com
872644,futurelight.co.za
872696,foodshop45.com
872730,focusurban.uk
872738,fin.link
872768,futureofsex.net
872804,fcl.ch
872825,finboa.com
872888,flexeere.com
872937,fapbox.com
872976,flyhoneycomb.com
872985,frtest.ru
872992,fresh-362.shop
873007,faktaplus.cz
873021,focusvoice.us
873049,foxgirl.engineering
873104,feguj-ulaxa.store
873153,freshcardsplus.com
873202,familieresortmolenwaard.nl
873203,fbnumber.com
873204,fluida.io
873205,flyfishsd.com
873206,fmtransferupdate.com
873207,fouramsterdam.com
873208,foxbet.pl
873209,fun4stlkids.com
873301,figlet.org
873305,fle.ru
873336,fffenterprises.com
873341,foxmine.net
873386,flowjournal.co.uk
873388,fdoc.co.uk
873395,forgecurve.co.uk
873405,freshysites.com
873433,fairfieldct.org
873446,freetg.pw
873470,findtick.com
873481,fundacionhuellasdearte.org
873482,fotcity.se
873487,f-e-3-b.com
873533,futureportalzone.nl
873542,fiyatarsivi.com
873546,flavcity.com
873579,focusmarket.uk
873613,fussballcup.de
873651,flyingbulls.info
873668,fumc.edu.co
873675,fsaptech.com
873706,fjit.no
873717,flixtor.guru
873719,fiture.com
873808,fmg.ac
873821,flap.tv
873852,flint.bet
873868,formaweb.com.pt
873914,florencetech.it
873916,find-your-luck.site
873929,fraudlogix.com
873966,fulbright.edu.vn
873967,fdel.moe
873985,fc-perspolis.com
873990,foxpress.io
874001,fluzic.com
874042,freshresources.de
874050,filmtekercs.hu
874053,fordharrison.com
874074,fotka.pl
874080,finsista.de
874100,fat-tgp.com
874190,funkhum.co.uk
874208,fortexgroup.ru
874283,fruehe-chancen.de
874303,fff.chat
874312,furniturebanks.org
874346,forestarea.com
874356,fatalsystem.com
874364,footnote.com
874379,fullthrottletheatre.com
874418,flexpoly.live
874463,frostcry.co.uk
874473,farmacosalud.com
874524,farenheit.net
874525,f8n.ru
874590,fixit-sistemas.com
874593,finesexfilms.com
874651,flownestpulse360.com
874709,freshslots178.com
874736,footmanjames.co.uk
874757,fliesenprofi.de
874761,futuriza.io
874785,fastgames.ca
874823,f24.my
874849,ffbt.com
874880,f800riders.org
874908,fzzqcdn.com
874945,fitochina.com
874958,findmugshots.com
875021,fakeflamenco.com
875035,fireboard.com
875047,freeporntube.su
875052,floatingapps.net
875088,federaltable.com
875090,financedigest.com
875094,fundycentral.com
875099,fusionbracketstation360.com
875101,fastrootserver.de
875118,firstboot.net
875124,fg4fd7d5t6.com
875145,findstoragefast.com
875190,forthealthcare.com
875270,fzmovies.xyz
875321,flash-pay.kg
875340,fayranches.com
875351,freispace.com
875369,feetcm.com
875397,futureportal.ca
875402,fluxspot.ca
875443,forfansnetwork.com
875449,fancybands.net
875453,farmaciacastineirino.com
875494,fracturedcode.net
875526,flowonlounge.co.uk
875532,federateddataservices.com
875533,fmk.sk
875622,factorydirecthardware.com
875653,feedzilla.com
875677,forktionary.com
875683,fantasyai.online
875685,funcheaporfree.com
875712,fastgreenglobebase.nl
875722,final.edu.tr
875738,forexmob.ru
875743,frostvikplc.shop
875762,flash-hosting.hu
875765,foxchip.com
875777,fuelcurve.com
875786,forgevault.ca
875788,fortifyrights.org
875801,foton-utk.ru
875824,formblitz.de
875858,fazoauto.tj
875875,futurecasino.ca
875892,fxpricing.com
875917,fanficoverflow.com
875957,findtheinvisiblecow.com
875977,fortunenews.de
875995,fh-kl.de
875996,firendproduct.com
875999,fruck-motorsport.de
876042,fkk24.de
876043,f168.team
876057,fantes.com
876073,fallsviewwaterpark.com
876120,freightverify.com
876239,flexas.com
876369,fidanzarussia.ru
876405,fudongic.com
876424,footballfoundation.org.uk
876425,flyingbulls.at
876436,frjxp.info
876449,facialforum.net
876472,flw.com
876479,fgnails-shop.es
876496,fifthquarter.net
876554,fuckedcompany.com
876556,fourtop.nl
876580,fh-kaernten.ac.at
876593,floridalobstering.com
876607,froghs.net
876625,fantasyfootballfix.com
876626,friendlycarwashes.com
876650,ff.im
876708,fine-cottage.ru
876757,fonetsan.com.tr
876766,filmax.com
876784,fromthegrapevine.com
876797,fan-shop.com.ua
876876,freskaplus.com
876902,friendshipchryslerofforestcity.com
876946,freshhubgroup.nl
876951,funsky.pro
876969,fresharena.de
876991,foxyrobot.ru
877009,feparana.com.br
877039,filmekseni.top
877066,filmix.wiki
877117,fordogtrainers.com
877119,facultycentral.com
877161,freshguidehub.nl
877239,forfmjbodiesonly.com
877248,filmx.my
877278,fullhdfilmizlesene.nz
877342,fisapex.com
877354,faurau.com
877361,fernstudium-direkt.de
877365,foyer-rural-aussonne.fr
877369,fourhooks.com
877423,ferdamalastofa.is
877426,forummusic.org
877444,fanhao101.makeup
877496,fladgate.com
877520,fusionbets.co.uk
877640,fsi.pl
877642,freshysearch-cdn.com
877650,fluxlounge.co.uk
877679,fw2.com
877712,from-ok.com
877715,fotoware.com
877807,franchisechatter.com
877812,fadedspring.co.uk
877817,fungamecdn.com
877864,flyingbulls.net
877866,finepower.ru
877876,fleetapp.eu
877910,fuckrkn.net
877937,faniq.com
877943,frontini.it
877958,fabricland.co.uk
878012,fan-site.biz
878042,fastestpaymentsolutions.com
878067,fandalism.com
878088,flowjournal.org
878090,fuelonline.com
878131,freshspinonline.com
878147,findbook.tw
878152,forumum.org
878163,formslogic.com
878177,forgemark.ca
878190,floortrendsmag.com
878191,f39989e6f8.com
878200,focusworldmedia.co.uk
878235,fame-ring.com
878288,furchguitars.com
878307,fdrive.kz
878311,francetvpub.fr
878322,fordbook.ru
878355,forumsportrussia.ru
878394,flopsyshop.ie
878420,fx94.com
878457,focusnetwork.uk
878476,fitcard.com.br
878488,flexpowertools.com
878493,fergana.media
878495,fxgraphix.in
878523,fuwafuwatime.moe
878526,fluxinsight.us
878564,fc88.mobi
878566,fc-ramka.ru
878594,fastbet.com
878638,fincacortesin.com
878697,firebearstudio.com
878700,filedance.cn
878753,foolproofme.org
878787,futurebase.us
878794,funid.com
878811,fline.com.ua
878814,frontherald.com
878822,foodbusinessmea.com
878835,fortuneclubnetwork.nl
878845,fthismovie.com
878866,fuckforces.com
878895,famous-scientists.ru
878920,formobile.com.br
878960,filixx.xyz
878991,focusurbanblog.uk
879030,fairside.io
879048,fotzo.ru
879052,fondantpgpay1.com
879059,fightstoredublin.ie
879107,friendsoffootballnz.com
879147,firstclassmotorcycles.com.au
879149,fisjenerator.com
879224,fappinggirl.com
879231,flocorp.com
879313,freshviponline.com
879317,funbugs.ie
879325,findlocalproduce.co.uk
879327,flimmo.de
879409,fataverso.ro
879415,flashnord.com
879423,flarearcaderise.com
879453,frankenergie.nl
879456,freepornvideos.co
879467,fmovie-ru.com
879537,framegas3.com
879613,fwctimes.com
879638,fer-plast.com
879639,fnp.qa
879640,fotohokkie.id
879641,foxracing.com.au
879642,freefontdl.com
879643,funimecity.com
879719,fenixparts.com
879720,furniset.com.ua
879774,flightroutes24.com
879775,fundsforngospremium.com
879820,freehdh5.com
879860,forestbriefsimple.nl
879898,fahl.com
879946,foodiestrip.com
879955,floridapeninsula.com
879956,futureobserver.de
880001,frampton.com
880003,ferricalzature.it
880008,fua.it
880100,fusi24.com
880122,fmscan.org
880150,fasttrackdns.com
880175,freelegalanswers.org
880211,freevectormaps.com
880222,freedealslab.nl
880251,fastboatbalitour.com
880295,fun-bet.uk
880324,freshvisionzone.nl
880371,fpco.jp
880391,flowwow.by
880409,f8vorite.xyz
880449,flii.by
880492,fetishfemdom.adult
880504,fiestamericana.com
880595,futureportal.de
880603,fh-westkueste.de
880629,fufa.co.ug
880631,focusfutureblog.uk
880635,fukushima-date.lg.jp
880646,fh-stralsund.de
880651,fiberuser.com
880670,fareastfilm.com
880679,focuscurrent.uk
880766,fitthrivepro.com
880767,fpost.co.kr
880768,ft41.com
880793,fd15da552ff.vip
880796,filmsxamateur.com
880801,followmore.com
880806,f-academy.jp
880820,faircom.com
880851,funeraweb.tv
880878,futuretodayinstitute.com
880911,fisbancpac.com
880916,freevoicepbx.com
880959,farmersreviewafrica.com
880980,fridge.com
881079,fmsinc.com
881100,frozencpu.com
881101,furnituremalldirect.com
881133,fappeningzone.com
881189,fhptelecom.com.br
881209,flixhq.gd
881224,franchise-uk.co.uk
881230,farmaciagrecocarpi.it
881266,film-foundation.org
881277,floridaindependent.com
881301,fastbetspherepoint.nl
881302,formalneutral.com
881346,fassen.net
881347,forgeodds.com
881359,frozen-bubble.org
881383,friidrett.no
881415,forta.org
881525,futoka.jp
881561,folhadeceres.com
881600,fakro.com
881636,fishinfrenzyonline.uk
881637,fisherhosting.com
881694,futehost.ca
881719,futurecio.tech
881777,fxtec.com
881787,focusnorthern.co.uk
881839,fiber-operator.nl
881855,floem.ca
881875,flha.ru
881922,futuriom.com
881932,freehaitianmovies.com
881935,foxtech.io
881973,fortunequestplay.nl
881986,filendung.site
881988,futurewavestreet.nl
882003,fine-door.com
882004,ffw-stadt-lehrte.de
882012,fluo.eu
882014,fastauto.it
882060,faithtabernacle.org.ng
882141,fondsaxapourlarecherche.net
882168,faire.fr
882183,fietselfstedentocht.frl
882216,freshspark.us
882220,finaltarget.net
882249,futbol-sports.live
882272,f-msedge.net
882380,fast2load.ru
882420,firstaidforfree.com
882448,fashionpolska.pl
882454,festihutireland.com
882461,fss-market2-24.ru
882474,flarequeenmeta.com
882487,flightvector.com
882498,fak.dk
882571,flowbloomecho.com
882587,freshbetting697.com
882632,fluxclub.co.uk
882653,fix-kaiser.ru
882740,faqianbang.com
882747,ficg.mx
882764,f020jp2369.info
882819,filmposter-archiv.de
882831,facilitconsultoria.com.br
882849,flls.org
882881,fluxglobal.us
882895,foodcycle.org.uk
882942,fsclzs.com
883013,flareflush.com
883047,farmaciatuset.es
883054,forum-asia.org
883065,fhtw-berlin.de
883105,fananews.com
883152,fzsdzk.com
883240,frath.net
883281,fflbizhub.com
883288,flexmarkt.nl
883326,fidebul.com
883341,frendi.ru
883361,free-btc.org
883389,footballzz.co.uk
883439,forceofnature.com
883441,firstpersontetris.com
883446,fwnetworks.co.uk
883498,firnsy.com
883544,fastnexthubbase.nl
883565,forensicswiki.org
883582,fivenightsatfreddys3.com
883670,filehosting.org
883704,forskning.fi
883767,fcsrv.com
883805,fallout-generation.com
883808,futurerise.fr
883832,fluke-direct.com
883861,fairspincasinoplay.com
883864,fortunemania.de
883887,freudenberg-pm.com
883916,fortbrasil.com.br
883962,fcufa.pro
884015,flzsz.com
884042,fairleys-wines.co.uk
884116,ftbl.com
884195,fermob-contract.com
884246,fitness19.com
884319,fid-images.de
884363,fivestarcu.com
884364,fartcoin.fun
884404,forgehg.cloud
884449,firsttable.net
884542,finaloptics.com
884545,fastheaven.us
884551,fusionimplants.com
884582,fakewhats.com
884585,fabet.skin
884655,filmatixxx.com
884667,famevoice.co.uk
884721,flyfolder.ru
884737,flukemobile.com
884816,fooplugins.com
884900,freegamehost.xyz
884920,fishinfrenzy-casino-slot.uk
884927,finalrank.co.uk
884961,ftsol.tech
884972,ferrandi-paris.com
885027,fortunecenter.de
885097,florencecastles.it
885098,fortunejoymusic.org
885102,fluxworks.ca
885103,firstcamp.de
885108,fmglobo.com.mx
885113,fiatonline.com.ua
885118,fredcavazza.net
885119,funny18d.com
885155,figfcu.org
885203,free-monitoring.ru
885222,fewcents.co
885230,flvto.online
885251,futurewavesolutions.nl
885286,filterbeacon.co.uk
885291,fluxigaming.ca
885384,fortunefinder.de
885386,finncolor.ru
885423,flyhope.in
885437,focusdigest.de
885444,flaggmineralfoundation.org
885461,finanz-fachwelt.de
885485,fhusd.org
885493,freshideapilot.com
885502,flagforge.co.uk
885503,forgepalace.ca
885507,fsitestatus.com
885560,fjlzy.com
885566,frugalwoods.com
885574,fastmegagridworld.nl
885585,forfairies.com
885598,fetchshop.co.uk
885703,fabricsgalore.co.uk
885707,frostsquad.com
885718,fossswimschool.com
885762,fg-a.com
885782,fmmusical.com.br
885811,fedcup.com
885812,freestampcatalogue.de
885815,floridatix.com
885818,freesextgp.org
885994,f119jp5643.info
886000,fietsactief.nl
886011,footy-feed.com
886028,fenalco.com.co
886048,fieldsusa.com
886059,fortunecenter.co.uk
886068,fluke.com.cn
886126,flagma.ch
886143,focuscurrentblog.uk
886161,fema.net
886268,fox-knive.ru
886279,forensicsdetectors.com
886295,filebrowser.org
886306,frost.co.uk
886307,fckrknbot.com
886378,freeads24.com
886508,faminas.edu.br
886509,famme.no
886510,farmaciairisdiana.it
886511,fazzenda.com.br
886512,fexini.net
886513,ffvolley.org
886514,filiz.io
886515,findallrentals.co.za
886516,firouzehasia.ir
886517,firsttrip.com
886518,fitnesspark.com
886519,flowmingo.ai
886520,fresh-market.pl
886748,feeltech.kz
886770,fondazione-prevenzione.ch
886779,fotodotti.it
886795,folders.nl
886862,frogstreet.com
886864,faul.net
886872,fnisc.ru
886992,freshtrack.nl
887030,fiec.org
887063,freegaysporn.com
887090,focus.su
887118,factmaster.com
887178,funkiermowana.cyou
887355,famme.nl
887397,farrellrrconsulting.com
887457,faremov.cc
887458,foni.net
887470,forumkeadilan.com
887486,flwc.cc
887497,fundacentro.gov.br
887514,farmacoinc.com
887550,fsmobility.site
887584,freshhubnetwork.nl
887591,fhi.co.jp
887626,feet-tube.com
887651,freshchileco.com
887677,faqcloud.co.za
887723,fashion4you.ua
887834,fiitjee.com
887875,flammabilitytestingequipment.com
887906,foodblogalliance.com
887910,flowit.info
887962,factoryrepaircenter.com
887975,fitlifestyleuk.co.uk
887981,firefox-browser.de
888006,f103jp0814.info
888014,foxears.su
888033,factor4.network
888080,familytoyotaofburleson.com
888096,fragwagerworksmax.com
888115,farmcom.info
888118,faphub.tv
888142,fishinfrenzyslotdemo.uk
888240,fuji-san.info
888260,finanzasparatodos.es
888329,fesnews.net
888373,firstchoiceautosalesma.com
888380,farfetchcorp.com
888387,furyalert.co.uk
888628,fortunesignal.de
888629,foerde.news
888631,freedomforimmigrants.org
888655,freyssinet.com
888659,fortuneluckx.nl
888684,findingfarm.com
888696,fiskado.de
888729,firephox.com
888735,furnituresg.com.sg
888739,fast-mob91.ru
888740,fun88kyc.com
888768,flowup.me
888779,fzyspinsup.com
888791,fulmo-img-server.com
888798,fbbroker.com
888804,flori-plante.ro
888875,floridadiveconnection.com
888887,forgelogic.co.uk
888929,flyaustin.com
888952,fellrnr.com
888957,freefoodhub.nl
888980,ffzy-play8.com
888982,farmingsimulator19mods.fr
888985,formassist.jp
889000,fourtstakeaway.com
889020,fiat-freemont-club.ru
889073,findclarity.uk
889166,futureview.ca
889169,focusworldblog.co.uk
889209,floir.gov
889216,fevte.com
889225,fabfoundation.org
889249,finxs.com
889250,funtastyc.es
889277,f-w-o.com
889278,fitzroyrentals.com
889373,film-pertutti.one
889385,freshcore.ca
889414,flexperto.com
889430,frs-reederei-hiddensee.de
889460,futa.gg
889465,fourviere.org
889533,futbol24.mobi
889553,flixhq.pl
889584,firstquarterfinance.com
889589,focusnetmag.co.uk
889622,freshnetwork.fr
889655,fabricutopia.com
889710,forgeland.ca
889715,flowvolkswagengreensboro.com
889739,fortuneparlor.us
889744,fesb.hr
889746,fotech.edu.tw
889752,fightwear.ru
889771,flashpointmag.com
889772,freshslick930.live
889782,freeproxy.ru
889832,featherandhare.co.uk
889881,fnki.de
889958,flowers4reunion.com
890054,forum-otzar-hatorah.co.il
890095,foligain.com
890125,fortmiles.org
890149,frs.info
890153,financie.jp
890195,foreldreportalen.no
890262,foodminer.ru
890281,fjzzit.edu.cn
890289,frnl.de
890298,fieldexmax.co.uk
890341,factorywager.com
890363,flyinsono.com
890381,freshtube.net
890389,fitnesstack.com
890415,farmaself.it
890418,foxpress.net
890451,fts-hennig.de
890458,fontilio.it
890512,fastbluehavenspace.nl
890515,fulltrk.com
890528,famproperties.ru
890541,fidaro.ai
890542,flowoncenter.co.uk
890631,forgescope.ca
890661,fbinnovation.com
890675,flnu.net
890722,firmbee.com
890744,fcmconference.org
890790,fragplazanation.com
890874,frivlyz.com
890939,fuliaoquan.com
891015,findclip.net
891034,fredpiscines.fr
891041,faro.be
891049,fjhmcs.com
891072,forumhealth.ru
891074,forum-media.com
891091,futbalnet.sk
891138,festo-didactic.com
891170,funidelia.es
891176,fullymanaged.com.au
891229,fdhost.net
891263,franksworld.com
891278,freestampcatalogue.es
891286,fortunespot.de
891310,freelance-jp.org
891342,facebookawards.com
891347,focushubonline.co.uk
891384,fvmfdzpwbm.com
891391,ferien-in-zahren.de
891400,filmpornovecchi.com
891434,fidaf.it
891465,fukt0r1.fit
891502,favorit-toys.ru
891515,fresh-awards.ru
891539,frachtpilot.com
891658,freshgaming.ca
891695,fitron.club
891762,fcmanrique.org
891779,forest-entity.cc
891806,focuscore.us
891816,fondazionegramsci.org
891874,fidelity.com.sg
891882,festivaldealmagro.com
891900,fruitwerkt.nl
891925,films-smotret.online
891985,filez.name
891987,frontwing.jp
891995,foodserviceandhospitality.com
892023,ferris.today
892062,fly888.ninja
892125,franchiseparis.com
892238,fortunefocus.de
892247,frnt.com
892256,for-group.ru
892314,fuckable.mobi
892328,focusbrit.uk
892353,friendlypeople.site
892360,fsworld.co.uk
892372,ffzycdn.com
892394,faqrak.pl
892426,fusionsai.net
892461,finallens.co.uk
892485,funkfacialplastics.com
892517,fjqun.com
892538,frautechnica.ru
892581,fredagain.com
892585,fordmuscleforums.com
892650,famu.cz
892690,flcc.cloud
892695,forum-climatisation.com
892757,fcdnipro.com
892772,focuscentral.us
892782,fortee.jp
892790,findtaxexperts.com
892835,freshscope.de
892840,fieratv.it
892847,funniewars.live
892863,franceabris.com
892928,fontframe.co.uk
892946,fran-gelica.com
892971,fridayrelease.com
892989,f6.team
893001,fbhome.com
893020,fasterweb.net
893024,freshjournal.de
893027,fvbivn.com
893070,ftn.cz
893094,firstsrows.live
893166,flexiscale.com
893178,fakeologistforums.com
893350,fuckmovies.club
893380,fiche-paie.net
893387,filatelija.lv
893422,fattitaliani.it
893438,fastslots.com
893472,farmaciavizcaino.com
893473,ferroflex.ch
893474,fitnessdigital.pt
893475,flomat.cz
893476,fnacpro.com
893531,fbinc.com
893532,freedatingste.com
893549,focusnest.us
893551,functioncentral.co.uk
893563,fotoflite.com
893574,fairindigo.com
893586,flfe.net
893650,fuerstenberg-porzellan.com
893672,foodabletv.com
893743,fape.es
893818,fabumao.cn
893840,fashionopenstudio.com
893930,freeform.ca
893959,fjmeconsultoria.com.br
894000,feixxx.net
894018,fontys.edu
894032,flowyline.com
894033,footers.ru
894054,foreignneutral.com
894067,forcefore.com
894093,facebooc.com
894099,foxship.net
894108,filigreejewelers.com
894119,fypzsys.com
894148,fccrotone.it
894149,ford-accessoires.nl
894166,fazerclub.eu
894176,fastpari.com
894179,fxmerge.com
894182,feeelt.de
894204,frontlinesms.com
894207,fmovies.pink
894208,flip.org.br
894223,fibertelecom.nl
894242,freedebtcouncil.com
894252,findmymarathon.com
894266,frostwoodhouse.com
894283,fox46charlotte.com
894286,fugucasinoru.online
894296,filmcan.ca
894389,fmsi-lts.com
894399,futboo.com
894423,fp-finanzpartner.net
894443,focusbrightblog.uk
894453,fireteam.net
894457,familytreewebinars.com
894507,freshmoviesignal.nl
894526,focusdigitalblog.co.uk
894553,fajriyandi.com
894554,fortepharma.com
894573,frydekmistek.cz
894620,fcrr.org
894667,flowonbets.co.uk
894716,fonte-live.sbs
894754,futurlab.games
894756,flakeads.co.uk
894768,fekara.com
894789,f-tra.com
894805,filmdeculte.com
894815,fsyzz.com
894842,forestcamping.com
894857,frenflow.com
894861,fastdominios.com
894872,fefco.org
894894,floydrose.com
894987,fantasygf.com
895000,fiberdns.net
895010,flyracing.com
895025,fulbright.org
895032,find-cd.co.uk
895034,farmcredit.com
895062,fugumt.com
895071,foals.co.uk
895140,formosamarket.com
895160,flatirons.com
895198,fit-star.de
895233,francishome.net
895249,flyniki.com
895254,futboltr.com
895259,flyingblue.us
895270,footballblog.co.uk
895281,furinkan.com
895318,farmawao.es
895339,faaftech.com
895401,fidi.org
895476,fleet.be
895498,ftintegrators.com
895524,flowonservices.co.uk
895540,firestormmarketing.com
895580,firlefutz.de
895634,flashcloud.com
895643,flyingcross.com
895666,fiscards.com
895669,fsvok.ru
895715,fantasyfangirl.com
895733,frcontext.com
895793,fc88.dev
895810,fabricshack.com
895821,futbolki.tv
895827,freesoft.org
895848,fkworld.in
895890,farahoosh.ir
895904,fainca-group.com
895944,fitbit.hu
895964,fh-vie.ac.at
895983,footleslythrum.shop
895991,find-motor-warranties.co.za
895992,frankrijkpuur.nl
895993,foodplacee.com
896074,freetimesworld.nl
896085,flox.dev
896137,freshvoice.ae
896155,forgebet.ca
896164,fjfsmc.com
896174,freegamedev.net
896177,flexiclasses.com
896241,freeonlineapps.net
896258,fineartstorehouse.com
896268,fmhospeda.com
896272,francais.edu.pl
896298,fcf.com.br
896419,forestnewsdirect.nl
896440,four51.com
896459,fishpondusa.com
896470,federalgrants.com
896491,fluxgames.ca
896570,footballtalent.net
896654,focus-on-wildlife.com
896665,floreseditorial.com
896709,fourwindsstore.com
896738,francois-pernel.com
896752,forum-gluecksspielsucht.de
896754,fhspb.ru
896768,freshhubway.us
896842,fondazionecrt.it
896856,filmogaz.com
896862,fulldecksolitaire.com
896880,fortunebay.com
896894,fyub-is.com
896948,fossfiberoptikk.no
896951,fastvision.net
896968,footballstore.ru
896969,freshfiber.us
896973,folkradio.co.uk
896999,fap2lard.com
897023,focusireland.ie
897043,fundorado.com
897045,forum-pmr.net
897109,fryemuseum.org
897110,fwse.it
897118,fbfeedback.com
897152,findadeath.com
897197,fap-guru.art
897256,fap.ru
897271,firstlightfcu.org
897276,fph.org.uk
897331,flipperdoktorn.se
897343,focus-point.com.my
897394,freeadultfiles.icu
897403,forgebase.ca
897427,fachl.at
897429,fiva.org
897453,friscodresses.net
897466,findallrentals.com
897475,flowswave.world
897484,flyingart.dev
897501,fakeporn.pro
897533,fitshop.nl
897581,fairbnb.coop
897584,foggypinebooks.com
897590,festartikelhaus.de
897618,fpclub.ru
897691,famallnetwork.su
897729,fben.jp
897788,frantic.link
897803,fxpansion.com
897842,fmcafilings.com
897864,feedhopenow.org
897872,fashiola.dk
897927,finaleforum.com
897933,freifunk-dresden.de
897973,fortress-asya.com
897975,facebokk.com
897998,futurejackpotworld.com
898011,fafafa.ai
898016,finreport.sk
898048,fortuneacademy.me
898104,framez.app
898116,focusspace.us
898130,folies.co
898150,floridanegocio.com
898177,fibering.com
898183,fortuneportal.de
898187,fastighetsagarna.se
898196,falsvip4dx.com
898214,fossgis.de
898234,fideli.com.pl
898238,fatporntube.com
898239,fs-poster.com
898279,fuwinmake.com
898298,foliosnap.net
898339,functorz.com
898345,fluxpost.co.uk
898379,fortunenation.nl
898419,faaa.au
898423,flats99.com
898435,flipagram.com
898451,floydhub.com
898494,fsinsight.com
898495,foodinspiration.com
898499,foodbagtoday.com
898511,formula-timer.com
898529,fastratabuana.co.id
898534,fortunebase.de
898544,full-house.nl
898559,freshhubdirect.nl
898599,fidumtec.com
898604,firmenonline.de
898618,fluxarena.ca
898631,fruitcore-robotics.com
898649,flowfrag.com
898705,focusbrithub.co.uk
898714,flowonsolutions.ca
898782,fccdata.org
898789,fcaebook.com
898796,fixfibra.net.br
898831,f1network.net
898835,forklift-rus.ru
898844,fersanvalles.com
898855,flareplayplanet.com
898899,fabor-tv.me
898943,focusprime360.co.uk
899001,fastfly-martialarts.com
899003,finist.com
899019,farner-bocken.com
899023,foxlink.social
899091,find-me-date.com
899122,fundingoptions.com
899144,fluidigm.com
899164,f008jp2267.info
899203,focusworld.ca
899274,fluxvpnguard.ru
899278,fortunereport.de
899290,fermer.org.ua
899292,fmsrevo.it
899296,filmarchive.gov.hk
899346,forgegui.com
899349,fudosan-k.com
899363,festival-perouges.org
899372,fortuneindustries.de
899382,fareaststreet.ru
899404,firstdisputes.com
899423,fiatvoluntastua.com
899430,focusfield.us
899471,fablabbcn.org
899472,ftadsrv.com
899480,figuralem.com
899535,fieldexprime.co.uk
899543,freeweblogger.com
899547,fisgroup.ru
899583,foscam.com
899599,fastpurebasepoint.nl
899607,ferreteriaibermadrid.es
899646,fanera-russia.ru
899666,forschungsgruppe.de
899677,footwearsmart.shop
899723,foreignsecond.com
899729,fluxhouse.ca
899742,fider.io
899860,famanon.co.uk
899874,forgegames.ca
899883,feudal.tools
899897,fluxai.pro
899899,fgwebhosting.com
899905,fed-space.com
899918,fibinet.com.br
899939,flytbb.com
899945,ftwtexas.com
899968,fusionspins247.com
899972,finoboz.net
899973,fawns.org
900004,forsythpublicschools.org
900005,fillandgo.md
900031,freshclubonline.com
900065,fumicase.com
900072,fastgreenfieldbase.nl
900076,frontline.com
900146,ferrigarden.com
900156,footballcolour.com
900180,facebookhome.com
900200,fglservice.com
900222,factors-of.com
900269,farmersdatingsite.com
900321,fervorsixtiesveteran.com
900348,fonogramos.com
900350,forgewiki.org
900355,fortuneempire.us
900423,fc2cmadb.com
900424,flowcreatorai.site
900564,flowyepmob.com
900577,faceboon.com
900593,f018jp0267.info
900661,fuyin.tv
900664,fsm.ac.in
900671,fulp.es
900782,fontetelecom.net.br
900784,fc-utd.co.uk
900793,fi.net.uk
900854,fsbswanville.com
900869,fnidder.dk
900911,focushub360.co.uk
900915,flexbby.com
900978,fastnameservers.win
900985,flyinginireland.com
901003,fngnetde.com
901075,forcebrands.com
901119,focaldata.com
901120,fdoxqpwjdls.com
901122,fscapplicationsearch.org
901143,flownestvista.com
901165,federacionanarquista.net
901193,flanderstoday.eu
901199,filmix.pub
901202,fx-list.com
901246,foroderelojes.es
901260,fiber3selljmsl.net
901269,freshinspire.fr
901271,factoryfrag.com
901348,freshonline.us
901359,fzreal.com
901403,fragpulsestack360.com
901413,fairfaxrecreation.com
901447,forgearena.ca
901517,fitmarket.it
901524,fmchealth.org
901532,fluxscope.ca
901564,freshlyarchive.us
901612,freestylejournal.nl
901653,facebook.at
901722,faiusrd.com
901731,florencestore.com.au
901743,foody.es
901744,fashionising.com
901754,filmju.com
901784,fahrzeugscan.de
901794,ftlfinance.com
901805,focusnetnews.co.uk
901816,fancythemes.com
901824,fasciablaster.com
901901,fuotuoke.edu.ng
901964,fitnessforum.ch
902035,facilitatemagazine.com
902049,flathatnews.com
902068,funerariaelmueble.es
902074,fdlaa.com
902123,f48.ee
902138,fugu-casino12.com
902140,fc-kendo.com
902149,fastelitedrivespace.nl
902152,facebook-inc.com
902185,fuckk.com
902188,fedi.garden
902194,focusavenir.fr
902230,funpetgame.com
902267,farwestforest.com
902308,fronttop.com
902312,fpwbzzrw.com
902355,fispalfoodservice.com.br
902376,factbird.online
902382,fortuna.mobi
902401,freeallegiance.org
902421,flizpay.de
902437,focusengineering.nl
902441,flowparlay.com
902444,forexspez.ru
902476,fintechamericas.co
902494,firstglass.co.nz
902522,facebookmobile.com
902544,freedomforever.com
902559,financo.fr
902566,flowondigital.ca
902606,faire-face.fr
902613,ffsb.com
902643,freshersgroup.in
902669,fullgadgets.com
902695,floodlight.co.uk
902710,fx168.com
902720,fapwiki.com
902732,fewiki.jp
902741,fragrantsouq.com
902748,fatsofastudios.com
902793,f1-world.com
902820,fsbi.in
902822,fastcover.com.au
902858,fairshop.com
902865,funnyadultgamesplay.com
902870,focusculturesite.co.uk
902886,futurestream.nl
902889,feacbook.com
902920,francofolies.be
902968,futurehover.com
903006,futurewavedigital.nl
903017,fertilitynetworkuk.org
903019,feiseky3.com
903048,frendy.fi
903073,familyfriendlyhotels.net
903132,fangchuang.com
903164,freshlythoughts.us
903173,firmenkontor24.com
903253,fiesto.net
903285,fontsinthewild.com
903289,freshgamblebase.com
903358,fogolf.com
903392,freshtrailway.ca
903450,frontiertoyota.com
903512,freshstartup.tr
903519,florapartner.de
903524,faber-castell.pt
903558,felipeluengas.com
903566,flipermag.com
903575,fuel.site
903628,f95m3jehxa.com
903665,forwardingjobs.com
903689,focusonlineonline.co.uk
903712,flowers4vietnam.com
903722,framstegsskolan.se
903723,financeassignmentshelp.com
903728,freeverse.com
903745,fullformexpand.com
903753,fullmetalupdate.io
903801,freeforall.it
903849,fpsclasico.de
903897,fluxnet.ca
903943,flareviprise.com
903947,festivalfranciscoelhombre.com
903968,flowonplatform.co.uk
903970,futureofchildren.org
903992,focus-insights.com
904013,federalism.org
904014,fluxhub.co.uk
904041,fatgrannytube.com
904045,fusz.com
904084,freshukonline.co.uk
904128,fxrracing.com
904208,fantasybasel.ch
904257,finanzcoaching.dvag
904258,faceboot.com
904271,folkofolk.se
904316,foodkeys.com
904395,francis-poscente.ca
904415,fastdynamicspherepoint.nl
904427,freedocumentaries.org
904466,freerealtime.com
904489,focusflow.us
904507,fliiby.com
904568,fusl.me
904581,fortwayneschools.org
904582,filstar.com
904586,futureshop.com
904604,franzferdinand.co.uk
904657,fucksexybabes.lat
904663,familien-wegweiser.de
904664,faithpot.com
904710,fearfree.com
904724,filmecrestineonline.com
904756,freshnest.us
904762,fusionworldslots360.com
904781,firstgenforward.org
904801,fyr.org
904821,future4media.com
904829,forage-clothing.com
904859,fhpicpic.com
904869,fashion-insider.de
904881,fashionmag.com
904926,farmerbailey.com
904927,finiquitojusto.com
904928,footylogos.com
905013,forsite.cz
905031,fcld.ly
905065,fushiyami.com
905104,fanshiedu.com
905170,flowonroom.co.uk
905174,fastspinquestzone.nl
905175,fifa2002.com
905190,f.cz
905214,fromdust.com.au
905248,fmprod.ru
905257,flughafen-luebeck.de
905296,fatbrands.com
905302,feeljoynow.ru
905346,fusionrepublic.com
905352,fusionbracketgrid.com
905359,fluxcentral.co.uk
905363,financialservicesolutions.co.uk
905402,fidelitybanknc.com
905452,fe4k.com
905454,folens.ie
905552,futurecenter.us
905562,fevo-enterprise.uk
905572,fotscore.com
905706,famadns.com
905730,file-apis.com
905748,futures.io
905775,furniture.eu
905782,flash-speed-up.com
905786,futurecraftcenter.nl
905805,france-boissons.fr
905834,f5qmnl.com
905870,fgc.gov.bd
905876,fondosdecultura.cl
905908,faceyogamethod.com
905955,froggybet.org.uk
905992,falcon-nw.com
905997,flightdev.ru
906038,flexvox.cz
906064,frontierfolk.net
906067,fuel-prices.eu
906134,freshweekly.us
906217,felpecta.cl
906232,feelcars.com
906262,french-waterways.com
906269,feedgma.com
906278,facialix.com
906288,forgeslots.ca
906297,florencebymillsfashion.com
906346,feiludu.com
906370,fvsg-buende.de
906434,focusurbain.fr
906435,fff.community
906445,filevinegov.com
906470,faber-castell.com.sg
906523,foryou.or.jp
906526,fly88seo.com
906533,favs.news
906587,farming.uk
906593,flowonconnect.co.uk
906608,fupo.org
906664,framesrus.co.uk
906670,futureexchange.co.uk
906683,forsvarsbygg.no
906704,feifei-online.com
906729,focsiv.it
906739,fdisk.es
906766,fotobewerkingservice.nl
906817,fmt32.net
906826,fanpage.gr
906838,fairhost.net
906848,familygo.io
906851,family-protect.cm
906874,flaginstitute.org
906899,farmaciasantaritasanfeliceacancello.it
906904,findbestopensource.com
906907,fluencyacademy.io
906908,freecdn32.top
907069,freelancefolder.com
907075,fortunestorm.nl
907107,frontrowmusicnews.com
907172,francebricodeco.com
907190,franck.eu
907218,foodbevy.com
907232,familynes.co.za
907275,forgiato.com
907312,fungi.org.uk
907332,fksr.org
907334,flatiron-wines.com
907356,fas-dresden.de
907366,fktkirke.dk
907397,flora-austria.at
907407,fh-wien.ac.at
907416,fsnxeffo.cc
907440,fujikuragolf.com
907464,finalcode.com
907478,forgefield.ca
907591,firma.hr
907604,finalfinalsfsportsbar.com
907615,faithandgrind.org
907617,fumisterie-pro.com
907645,fontaineind.com.au
907722,frgtesting.com
907862,folkcentr.ru
907883,flashyflashy.com
907905,farmaciaprando.it
907970,faithbrand.com.cn
907979,fresno.ca.us
908003,factbird.com
908040,flixcheck.com
908157,firstquiz.com
908178,fcquiz.app
908191,franzdorfer.com
908199,flaxart.com
908217,fbs.co.th
908281,fodjan.de
908287,forumwarz.com
908308,feliscatus.ru
908319,fast.md
908346,focuscreativeblog.uk
908358,fibraconn.net.br
908369,freshlyinsight.us
908371,fedshirevets.gov
908457,fairkom.net
908479,fishystuff.net
908516,fisbankway.com
908517,focusprime.co.uk
908570,flyrouter.net
908583,favly-pet.de
908593,flowpower.com.au
908640,filmyzadara.cz
908699,future-tec.systems
908716,fh-krems.ac.at
908727,fastgpt.in
908728,ferrovie.info
908730,fluxitubos.pt
908744,faith.edu
908747,formiculture.com
908762,franceroutes.fr
908784,flamingpear.com
908795,fengchaodesk.com
908802,fdocuments.nl
908878,ffa.int
908906,fbgtx.org
908948,fitguide.ae
908962,fishingnews.co.uk
908967,foerch.de
908971,fuwin.com
908987,focuspalace.de
909026,fossilfarms.com
909115,fukushimabank.co.jp
909123,ftizisbiomed.ru
909132,fenkoil.ru
909133,fisallchannel.com
909144,fly88888888.com
909167,funeasylearn.com
909181,femdomtb.com
909226,focushubsite.co.uk
909247,focusprotoday.co.uk
909255,fjzllx.com
909261,fusionhub.co
909271,farmerhealth.org.au
909292,f168.group
909314,farmtown.wiki
909375,forestbriefnation.nl
909385,factorlab.com
909396,flossboxin.org.in
909409,fearrington.com
909424,facreative.biz
909441,frenalacurva.net
909477,farmweb.cz
909493,fjsytzb.com
909496,footballist.co.kr
909542,foundersbase.com
909597,forserver.nl
909603,fccinfo.com
909622,foxweld.ru
909633,firstmarkcu.org
909657,fem-net.de
909676,forgedrive.ca
909684,fitsvcs.com
909711,fullrangecamping.com.au
909714,freshbets.ca
909721,fireinfo.net
909743,fizkult-store.ru
909814,freeplaycasinos.net
909815,freshstep.com
909844,flexdog.it
909867,fibermax.bg
909940,freebytes.com
909946,formcycle.eu
910000,fluxventures.us
910015,freemature.tube
910034,fotolink.su
910050,felicitiz.fr
910088,frsmanagement.com
910094,factocert.com
910108,fczerna.ru
910125,funbutler.com
910257,ferreteriapasiega.com
910291,finecuttreeservice.com
910380,fixit-holding.com
910420,folhaassets.com.br
910427,forus.es
910465,friendscables.com.pk
910489,fairbanksmorsedefense.com
910518,fbservers.com
910528,fitorforestal.com
910566,fedora.is
910572,freeproxy.world
910582,foryourlive.com
910618,fiorilli.com.br
910723,fordf150.net
910727,fonetalk.com.br
910743,fizzer.com
910764,festivalnikon.fr
910799,fastserverapi.com
910817,finalasp.com
910860,fasttvcdn.com
910889,fakoz.cz
910898,fieldofdreamsmoviesite.com
910940,fernkai.com
910960,focusuk360.co.uk
911044,field-notes.com
911053,fusionlevelup.com
911092,friflyt.no
911098,face-guard.de
911131,fhxyacg.com
911134,fletherpetos.com
911137,firstchristianchurchparis.org
911162,funflicko.com
911165,flametree.com
911179,fintecture.com
911213,fngtickets.com
911248,fundaciones.org
911280,fuxinsoftware.com.cn
911300,frezza.net
911310,fashiola.no
911331,fastfreshtrackbase.nl
911340,famp.es
911375,fullscopeit.com
911471,fake-aka.com
911478,fitnesscult.live
911568,friendstamilmp3.in
911590,freedommag.org
911592,familystar.org.tw
911636,flets-west.jp
911654,freewaregenius.com
911677,funnyutube.com
911696,freebandz.com
911719,fipsas.it
911739,findity.com
911820,friendlyid.com
911858,familysex.io
911869,faster100x.com
911872,fjellforum.no
911883,freshservices.us
911931,focusmodernblog.uk
911934,filatiitaliani.it
911937,fraxion.com
911968,fsfhm.com
912093,futureroom.ca
912099,firstfocus.org
912249,fractionalmedia.com
912277,fatap.net
912318,fyymdqjtd.cc
912370,fangyu.io
912438,fmigroup.ca
912439,ftisthebest.com
912582,f1b2b.com.br
912583,fakeoai.com
912584,fastnfury.com
912585,fe-9.top
912586,fellingshausen.de
912587,fengbao9.com
912588,fengshuicloud.com
912589,ff6.top
912590,figure-castoff.info
912591,fliesenpark.ch
912592,floriculture.me
912593,flower-shops.co.uk
912594,focuschat.com.br
912595,fontawesomeassets.com
912596,foration.live
912597,franchise-news.co.kr
912598,franzredheadline.com
912599,freecdn32z.top
912600,freedomventure.com
912866,fdvn.vn
912874,famvid.com
912956,foreigninvestment.gov.au
912970,fortuneworld.co.uk
912984,fantasycamp.co.uk
913039,farajet.net
913120,focusukmedia.co.uk
913175,focusprime.uk
913208,fleurandarbor.com
913375,flcourier.com
913397,ford.dk
913408,flowechogalaxy.com
913435,fullycrypto.com
913437,fluxclub.ca
913441,finrota.com
913454,free80sarcade.com
913464,foxden.party
913505,forestpolice.net
913517,fibrika.com.tr
913519,fzmtech.com
913530,fokusartikel.de
913543,fashionberries.de
913560,fastbw.net
913567,franksalt.com.mt
913680,franzmayer.org.mx
913682,firesafe.org.uk
913695,factorylevelupx.com
913718,fieldexgames.co.uk
913781,futurespinplus.com
913798,fathercraft.com
913849,folkopedia.info
913978,findmy.co.za
914075,formatresearch.com
914095,farmaciachamberi.com
914102,festivalesdeespana.com
914125,fh-regensburg.de
914138,florablom.com
914167,foxtrail.ch
914186,fortunelogic.de
914288,felenasoft.ru
914312,fotosearch.de
914345,fiorentina.it
914414,fullhdmovies720p.com
914463,floridalegion.org
914475,faithpca.com
914480,findyourhealthyplace.com
914512,footcollectors.co
914526,funfake.pw
914528,fertittaentertainmentinc.com
914620,fapool.ir
914621,farmaciaherrera.com.mx
914655,farmacialincoln.com.ar
914656,free123movies.org
914670,fermatslibrary.com
914707,flairdigest.co.uk
914713,f1683.tv
914733,flowononline.co.uk
914746,foodanddrinkbusiness.com.au
914752,fastsearch.net
914753,flysrq.com
914757,focusglobal.fr
914774,fgr654rf3df.com
914805,fabrieksverkoop.nl
914816,firstinterstate.bank
914835,fairgogame.com
914865,fs-ipnet.de
914880,frasersdirectory.com
914896,freshspace.us
914941,foodhero.com
914942,flashpeak.com
914948,forum-volgograd.ru
914961,freepornframe.com
914975,ftechost.com
915015,figu.org
915056,fitacg.com
915059,fishroad-game.it
915063,fogoislandinn.ca
915111,flitpay.com
915155,freshlounge.co.uk
915200,file.ai
915266,freshvisiononline.nl
915292,farmpays.com
915301,freshbase.us
915319,freefans1.com
915358,fernandoalonso.com
915389,freiwilligendienste-kultur-bildung.de
915422,fitwel.org
915427,findhappy.kr
915450,fortuneworks.de
915456,fjhbljc.com
915492,freeculture.org
915513,first-choice-finance.co.uk
915596,fameinc.com
915679,fadouyin.com
915698,frutoseco.com
915736,floraflex.com
915749,firstaidshop.gr
915755,fuckrtube.com
915781,fishermenssource.com
915818,ffhb.de
915823,fastspace.ca
915846,fcredbull.at
915875,fruitkings.com
915907,fee-wkw.de
915912,fidesmo.com
915992,fidakbv.nl
916021,fngznews.com
916033,fantasyprints.co.uk
916034,four-magazine.com
916084,fukuoka-aeonmall.com
916139,foto-mundus.de
916188,firmiamo.it
916209,firmengruendung.de
916212,facai0044.com
916231,fourtitude.com
916251,flying-pharmacist.de
916278,f-pvo.ru
916284,fagorautomation.com
916307,farmigo.com
916333,fly88.free
916344,farmstandapp.com
916347,flexapp360.com
916381,f5255.top
916383,firsthelpfinancial.com
916398,ftla.uk
916438,faircode.eu
916524,fedomo.ru
916557,forexforum.co.za
916568,freeride.com
916580,freecdn13.top
916587,fitslowcookerqueen.com
916607,fishinfrenzycasinoslot.uk
916612,fueladream.com
916617,fappnet.com
916618,fluxline.co.uk
916625,fuxee.com
916628,findmyprofession.com
916640,fespm.es
916649,feedr.co
916653,fansfap.com
916683,firescotland.gov.uk
916770,fwi.com
916774,fliplet.com
916797,foxpro.com.tw
916841,fertilizerdaily.ru
916851,faystay.com
916909,fotfc.com
916933,faketaxi.work
916942,fh-hwz.ch
916954,furia.gg
916957,free-beeg.cfd
916979,fsbteknoloji.com
916984,furikake.tv
916987,flofootball.com
916989,folar.org
917035,focusvieonline.fr
917046,freeyoungpornvideos.com
917053,ff-en.de
917062,freakworldcanarias.com
917102,flagyltb.com
917113,fournova.com
917143,fr.ht
917179,freenet-digital.de
917204,feem.it
917205,footmarks.com
917206,fadme.dev
917210,firstchoicelighting.co.uk
917245,freecoolporn.com
917287,fruitsandveggiesmorematters.org
917305,fcbarcelona.jp
917317,fototv.de
917336,financialdept1.com
917354,failedmary.com
917410,footyalmanac.com.au
917423,frr.org.uk
917454,festival-lesdeferlantes.com
917460,fantasiefloreali.com
917529,forexhistory.info
917541,furries.chat
917565,furrycritter.com
917571,falcon.ac
917626,fedifreu.de
917654,foodbook.vn
917680,fvisions.com
917718,frosty-proxy.ru
917728,fml5.ru
917738,flora.lv
917759,faszinationlatex.com
917781,forbes.net
917785,fragrance-others.jp
917804,freshguide.us
917853,forgefrag.com
917953,fyanbu.sa
918039,framingsuccess.com
918075,fizkult-nn.ru
918103,fortuneroulette.us
918123,fortcollinschamber.com
918128,flowtrend.com
918175,foster.com
918185,frederikssund.dk
918195,farmaciaperellideruta.it
918265,f9136a8f35f6974fcfcc1785b49890c8.com
918266,f1686.wiki
918268,fortuneobserver.de
918306,futurefield.ca
918341,fehnerssoftware.com
918346,ftuk.com
918415,flowonplatform.ca
918456,federationsolidarite.org
918527,feldschloesschen.de
918613,filmazon.blog
918627,forumjar.com
918676,freshgames.co.uk
918703,freshroute.nl
918706,focusglobal.uk
918720,fjarkbcch.com
918737,fskn.ru
918792,fluxcraft.co.uk
918814,fastsat.space
918866,fugitives.com
918870,fiscalpop.com
918891,fartakdns.com
918895,focusonlinehub.co.uk
918905,f019jp5268.info
918969,fiji.sc
918999,freetrail.win
919029,fiber-mart.com
919034,frontieranalytics.com
919055,freetube18.com
919063,foundationdiscs.com
919064,frskates.com
919115,fluxfield.co.uk
919120,fc178.online
919145,flonix-web.com
919153,florrus.ru
919176,flowers365.ru
919198,farmgod.cloud
919211,forge99.com
919214,focusview.uk
919243,falconide.com
919251,forum-entraide-surendettement.fr
919315,foerdeblau.de
919327,fastigaming.ca
919348,flowonplay.co.uk
919382,fluxall.com.br
919386,factro.de
919387,flycemair.co.za
919420,filemail.us
919462,foyer.work
919472,freshlyworksmedia.nl
919496,front-sci.com
919579,formext.fr
919602,fluxcenter.co.uk
919625,filzmoos.at
919719,foundrybc.ca
919751,furality.online
919770,four-thirds.org
919790,focuslifemedia.co.uk
919805,farhadteb.com
919807,flyjazz.ca
919819,fairvital.com
919835,forgeview.ca
919847,fangligroup.com
919849,fkpscorpio.com
919892,flexgold.com
919950,forum-csr.net
920000,focusnest.cz
920003,fastdigitalforgepoint.nl
920061,freshhaven.nl
920087,freshsource.us
920104,foodsconnected.com
920111,froebel.info
920123,fictionempire.com
920128,fsharp.org
920131,fynsystems.com
920231,fxtun.ru
920245,factsmgt.com.au
920288,foxprice.parts
920344,freescatporntube.com
920349,foodworks.com.au
920369,flukenewport.com
920383,familyprotect.cm
920389,fastpalace.ca
920403,farmafrica.org
920405,fcpetrolul.ro
920411,ferd-net.de
920500,fredericksburgfreepress.com
920553,frogstonemedia.com
920554,fatbrain.com
920639,focuszone.ca
920671,family-walker.co.uk
920697,faroah.com
920707,fanuc.com
920713,fortunezone.co.uk
920728,fisreadinessreport.com
920751,fap.bar
920766,foodweb.it
920808,foxcell.net
920832,flametreepublishing.com
920842,freshtipsselect.nl
920894,fashionica.com
920904,faircado.com
920926,fabric.inc
920945,frenchbasketballscouting.fr
921010,fantiger.com
921015,family-journal.ru
921016,freejoy.games
921017,fabriclounge.in
921030,freshactuel.fr
921038,fcm-leasing.ru
921091,fyse-letu.com.tr
921109,fascans.com
921119,fluxconnect.co.uk
921140,funny-running-cotton.com
921243,frescobaldi.com
921252,frendglobal.com
921271,ferienimmobilien-kleinanzeigen.de
921335,flagma-kg.com
921348,fuckingbreak.com
921355,fhhotelgroup.it
921364,frman.cn
921378,fortress-forever.com
921495,femina.ch
921519,faktaflode.se
921536,findbestways.com
921547,fotowarsztatyaxa.pl
921654,fmhsystem.com
921671,forwardladder.com
921691,fishreports.com
921717,fiddlersgreen.net
921725,f95-zone.to
921741,forocanaricultura.com
921837,fastrunner.live
921856,forweb.kz
921873,farflung-switch.com
921916,feedingsandiego.org
921939,fraubucher.ch
921974,fair-play-india.com
922035,futurecentral.co.uk
922039,freshindustries.de
922040,framepool.com
922066,fvideo.top
922081,ftflive.one
922105,flgrafik.de
922125,fortuneplayau.com
922147,fnkcrr.ru
922210,facsur.com
922251,friedhold.de
922258,fqzvok.com
922376,fibocom.com
922445,fieldbridge.co.uk
922464,flintmc.net
922494,fortuneodds.co.uk
922498,forond.com
922505,fortuneluck.nl
922535,familyfeud.com
922549,filtercrown.com
922594,firebasemail.com
922645,fondationcarasso.org
922729,forter.ro
922744,feintool.com
922813,fmpl-55d6.com
922866,freedomshowers.com
922867,freemeteo.co.id
922868,fuckfbi.ru
923003,fastcore.ca
923018,fragcornerforge.com
923096,fiskarsgroup.com
923097,for-peace-ts.com
923119,focuslifeblog.co.uk
923169,fad.cat
923200,feelvaleo.com
923242,fabienlevy.net
923276,firedrift.co.uk
923293,fcn.pl
923301,flipp.dev
923302,fairflowcontrols.com
923313,free4kporns.com
923337,f48.casino
923339,freexxxhd.pro
923366,fairmont.org
923457,fusionmedialtd.com
923538,flomec.com.au
923551,food-management.com
923575,fortuneplay.nl
923581,f-i-ts.info
923594,fjbnet.net.br
923602,flowminttrail.com
923627,futurewave.us
923630,foundationdb.org
923671,fire-scatters.org.uk
923678,feedbagel.com
923683,farmacia-solda.it
923688,fredboat.com
923715,felicity.tools
923745,fuioupay.com
923781,fyndyourplace.com
923794,faw.com
923801,fasteneropolis.com
923809,four.agency
923812,ffpblfebpw.com
923878,freshbar.ru
923899,freshedition.us
923909,fragdenhavennow.com
923935,freespeechunion.org
923971,fffucked.com
924020,findpornvideo.com
924028,fub.it
924041,fttvpb-4pu5tbgr9r6261tc81vqmwqutpb4.space
924056,fotohits.de
924067,fortunepeak.nl
924092,firmshosting.com
924099,franklinwaynemusic.com
924107,friends-casino.io
924115,farmterest.com
924135,feel-feed.ru
924144,financeservice.io
924182,fleetworthy.com
924184,flittchen.net
924195,fairline.it
924217,festival-lumiere.org
924221,forestroot.net
924226,famegoto.com
924245,foytina.com
924263,forfatterweb.dk
924320,farnhamwithstratfordstandrew-pc.gov.uk
924325,fcboe.org
924443,feastingonfruit.com
924487,fns24.com
924519,fotoblog.ninja
924527,fisaonline.de
924555,foerdefraeulein.de
924560,ferramentaciavarella.it
924572,fortunestarsgames.nl
924579,flotnmtp.ru
924623,farhikhtegandaily.com
924627,fantasyleague.com
924666,fastrolltwisthub.nl
924690,ferrer.com
924700,federationaddiction.fr
924796,frostyfrontier.ca
924805,fragworksgo.com
924856,fbm.com
924892,fakti.org
924893,faqta.nl
924894,fragranceheaven.in
924948,fifthavenuesouth.com
924965,firstgreatwestern.co.uk
924971,factoryplus.com.au
925011,frenchbulldognews.com
925043,filescopeclean.com
925044,ftdy.shop
925055,fondy.ua
925108,forestsource.io
925147,fnaf.one
925152,formen.health
925164,frenchmaids.nl
925167,fkurf.ru
925170,focustoday360.co.uk
925178,floweradvisor.co.id
925191,faxinfo.fr
925208,flavour-fragrance.com
925212,fabricasenlinea.com.mx
925214,fusionoperate.io
925225,felinn.org
925249,fancasinos.com
925258,foiredebordeaux.com
925278,fondantpgapp.com
925308,firststrip.co.uk
925315,finfacts.ie
925329,fooddolls.com
925330,fastfixcomputerrepair.com
925349,fotocheb.ru
925438,futurefamilyzwolle.nl
925460,floratech.co.uk
925482,f24.com
925484,fsimg.co.nz
925491,fit-foxconn.com
925515,flyvps.com
925577,faulio.com
925582,flowplatform.com
925689,f10v.casino
925699,fortuneworldz.nl
925735,fresh-recipes.ru
925764,foundersguide.com
925775,fastsevenkpartners.com
925814,fs58.com
925816,farmoric-immo.com
925817,fullstackopen.com
925836,fototunes.com
925891,footballfashion.org
925896,fuzyonyaz.com
925914,financialounge.com
925918,faraday-protocol4.com
925964,f001jp9260.info
926055,fitchconnect.com
926097,family4k.com
926107,fundacaoculturaldecuritiba.com.br
926109,focusjournal.ca
926136,frostisadvance.com
926147,footballplatform.com
926170,futo.tech
926215,fultonclerk.org
926257,funnyvot.com
926267,frugalbeautiful.com
926294,firstdirectbankarena.com
926302,fuji-yurari.jp
926306,friztty.com
926333,flypix.ai
926343,fullxno.com
926372,flexcil.com
926427,fandomcomicshop.com
926459,futbol-oyunlari.com.az
926559,finat.com
926593,flanigans.net
926600,francelink.net
926645,fastworld.ca
926672,fishinfrenzyslotmachine.co.uk
926681,freshscope.us
926682,funserious.net.au
926689,fdjzz.com
926705,flightbirdy.com
926749,finadesk.de
926754,finelineslingerie.com.au
926805,f50.casino
926821,freespace.jp
926830,fremtind.no
926837,f1w-689.com
926879,forwardcom.info
926929,futuretechworld.se
926951,fubagshop.ru
926955,filvless.ru
926969,fmrs.cn
926986,freshclubhub.com
926995,flashtrend.com.au
927016,ffxsw.com
927061,finechem-mirea.ru
927079,focusglobalmedia.co.uk
927099,fastlaneus.com
927116,flowlane.online
927133,fraglandgridnow.com
927135,fliprogram.com
927185,fortheloveofhuntingengland.com
927192,fanbasetoday.com
927195,flyblog.cc
927219,fairfieldresidential.com
927238,feuermagier.com
927239,faccin.co
927240,fxteam.ru
927273,farmstay.co.uk
927286,fis-asp.de
927301,focusbrittoday.co.uk
927315,fehap.fr
927335,frontier-justice.com
927351,fanbridge.kr
927378,freemeteo.co.uk
927391,foto-video.ru
927420,funrechaw.cfd
927425,fall-back.net
927426,findthisbest.co.uk
927461,fogus.me
927479,focustech.fr
927573,flightmemory.com
927600,freightlink.co.uk
927603,ffzy-play6.com
927636,freiplus.de
927641,ful460.com
927642,foxshox.com
927653,futbolandres.icu
927690,f168.red
927696,fmoviesz.to
927701,fedy.ru
927705,forkswa.com
927840,fichtner.net
927847,fetishsex-movies.com
927852,figgyz.com
927863,foxdict.com
927897,fawry.news
927917,focusnethub.co.uk
927931,fnjiasu.com.cn
927938,future-city.go.jp
927956,fcilondon.co.uk
927957,farmacianesima.it
927988,fupo.tw
928021,fastenerexpert.us
928038,fbtbk.cn
928090,ftcommunity.de
928102,fresharena.ca
928108,fsmlk-93-38dsn289ds2.vip
928130,feast.ph
928133,firstlookcenter.org
928167,findjav.com
928245,fepafut.com
928250,f108jp9943.info
928262,freshsignal.ca
928269,flooddata.com
928291,futurebase.co.uk
928309,focusworldonline.co.uk
928325,fhlbatl.com
928343,filmaps.com
928359,fragasia.com
928362,fashion.bg
928363,fly88.in
928375,freepornvideos.rodeo
928380,fonarik.com
928388,foreverwebza.co.za
928402,fabiansmith.ru
928419,fhahermiston.com
928435,filesuffix.com
928471,flybyjing.com
928541,fastbrightlinebase.nl
928566,find-model.jp
928576,fbweb.ru
928612,flushcasinogo.com
928646,free-website-hit-counter.com
928677,finanzaefuturo.it
928681,favorit-auto.ru
928742,farmaciadermosalud.com
928743,foga.com
928775,fedcenter.gov
928856,feelystroll.buzz
928859,franchiselocal.co.uk
928870,forgearena.co.uk
928879,felsengartenkellerei.de
928892,fredericia.com
928905,factnameh.com
928912,fruthgroup.com
928965,ffwsnh.de
928967,findvoters.com
929008,foreignexchangex.com
929020,futfanatics.app
929043,fauteuilzen.com
929066,fivethelabel.com
929127,fullentegre.com
929129,flarestream.tv
929130,ferdinandotorriero.com
929149,fuccunt.com
929198,focusportal.us
929214,friends-casino238.com
929243,fastcounter.com
929287,fremdwort.de
929331,fscore.cn
929405,focusclair.fr
929412,francemm.com
929424,flowesports247.com
929443,footballzebras.com
929464,fausthome.ru
929475,flightware-server.com
929511,fanserver.net
929522,fmfm.de
929536,forestry.io
929549,findyourtrainer.com
929557,forfleetssake.co.uk
929576,frdl.by
929624,frisbii-transform.com
929662,firesponse.com
929666,freqtek.com
929670,fhsdns.com
929716,fontsheader.com
929751,flabet.cloud
929771,fuximiye.net
929776,filemobile.com
929797,fresco-kitchenos.com
929849,foundationprogramme.nhs.uk
929864,fenixlight.com
929896,fishbull.de
929911,ferramentaparide.it
929919,farmacosta.com.co
929934,f6fnj.com
930024,fmpdelivers.com
930025,focusme.com
930030,federal-fix.ru
930038,fondationjeunesentete.org
930086,fintolk.pro
930090,flashgo.net
930096,flawless-japan.com
930107,febiac.be
930125,farmandplant.ie
930166,funa-biyou.com
930187,friends-casino240.com
930216,fjrforum.com
930220,film-pertutti.surf
930224,fortunaavto.com.ua
930225,fontanaarte.com
930249,fb-net.dk
930277,fredninger.dk
930324,fitplanapp.com
930330,floryday.com
930348,freedom-networking.cloud
930357,focustechplus.co.uk
930359,focusclear.uk
930390,freshlyreview.us
930395,fahrschule-lechner.de
930414,fifaranking.net
930416,frage-host.ru
930425,freedomfashion.gr
930457,finelook.com
930458,fixusnet.fi
930545,findaupair.com
930554,fofa.jp
930580,f168-t1.com
930591,freshcircle.us
930592,fluendo.com
930600,flooringoutletandmore.com
930612,flixist.com
930618,first-financial-intermediaries.com
930637,futuretechtoday.net
930641,fixrepair.in
930665,focusprimeblog.uk
930720,fullticket.com
930779,fera24.it
930818,fleurdirect.com
930821,flarescrimportx.com
930836,fef.moe
930917,ferraralakes.it
930925,firah.org
930952,fremantlepress.com.au
930970,friends-and-food.com
930971,frogames.it
930973,freemusicsignal.nl
930987,fotoluce.it
930999,frontbridge.com
931016,filmari-arad.ro
931018,fastcorescopepoint.nl
931041,fatcatapps.com
931049,frumzicasinoenligne.com
931056,fdafilms.com
931058,formul.com.tr
931059,files-upload.com
931099,fundermax.at
931109,folktime.cz
931225,focusprimenews.co.uk
931257,fanatiksport.ro
931283,fusionhubplay360.com
931304,fortunesphere.nl
931319,f-alse.be
931341,freechal.com
931389,friends-casino239.com
931393,fotohosting.su
931425,fitzgeraldsnightclub.com
931446,fly88club.com
931492,formance.dev
931533,followeran.ir
931572,fayscontrol.gr
931573,flowrista.com
931591,forneyisd.net
931607,firstgrabber.com
931619,flyfi.com
931631,foodnews.co.kr
931658,friscolabs.com
931686,friendfunction.ru
931753,factoryinternet.co.uk
931754,firefly.land
931755,flecs.tech
931756,foodienotachef.com
931757,freefire.info
931901,fatdrop.co.uk
931906,fitaacademy.in
931909,fanhao103.site
931926,futurefive.co.nz
931967,fjxhfx.com
932049,fm-research.ru
932055,flyfin.tax
932110,filmys.site
932126,findniche.com
932167,faxingsj.com
932181,fetishporncloud.com
932188,fornex.dev
932251,firstgroupplc.com
932266,foc-u.co.uk
932343,fpihosting.com
932380,flyproxy.info
932405,feniks-arenda.ru
932409,fragarenastack.com
932425,fluxnet.co.uk
932427,fabchannel.com
932453,ffss8.com
932465,faceboom.com
932519,fekrah.net
932531,fund123.cn
932588,futuresoft.com
932619,freightstream.com
932645,fotomuseumdenhaag.nl
932668,fixbet.com
932821,ffywlyw.cn
932858,funiviaetna.com
932886,fam-org-pater.nl
932901,fanta.soccer
932904,flysfb.com
932917,frame-images.com
932938,freeworlds.us
932968,feddit.nu
932971,ftcelectronics.kr
933002,frutoss.ru
933065,fei116.my
933148,fixedfloat.com
933153,fishermannavigator.com
933165,famebit.com
933171,fnzfi.net
933191,fillrate.com.br
933193,filetransfer.net
933194,fastel.net
933216,fums.ac.ir
933264,freshlife.fr
933292,fes-marketing.com
933340,freevirtual.net
933348,flickerupdate.co.uk
933394,first.global
933397,family-protect.nl
933437,fapnazad.click
933463,fastshare1.com
933558,focusprimeonline.co.uk
933570,fontsplugin.com
933584,fuzecore.com
933593,fibex.su
933604,feniksscasino.lv
933609,first-moscow.com
933654,fedprimerate.com
933681,forotucson.com
933682,ffgncxdh.cc
933696,federalprotection.com
933786,freshbritonline.co.uk
933818,fugekp.cc
933838,flagjetty.co.uk
933846,fb-co.ru
933860,feierwerk.de
933892,flowonsystems.ca
934007,fclspa.org
934013,freshplatform.ca
934018,fortunenetwork.co.uk
934033,fastroom.ca
934038,filmtipset.se
934103,f-shop.de
934141,florencenext.com
934143,fcconnexion.net
934192,fusionkingmobile.com
934197,firebit.org
934250,focusworldnews.co.uk
934260,fitnessfoodiestl.com
934274,fruitsofsherbrooke.ca
934343,foodpoisonjournal.com
934345,fabiusmaximus.com
934360,fundacjalotto.pl
934369,fascinatingspain.com
934371,frontendsimplified.com
934396,fin-ned.ru
934399,fidelityrealestate.com
934407,famousxxx.biz
934441,fondationaxa.com
934475,freshpulsesite.nl
934485,fortunerealm.nl
934502,flisland.net
934512,fl-s3.ru
934514,focushubmag.co.uk
934521,freexxxbase.com
934539,floodrepairs.com.au
934545,fundersclub.com
934555,foil-pans.com
934577,farmington-ct.org
934611,feedleague.com
934616,foxymon.com
934678,ffcuisine.fr
934679,forafile.com
934680,fujiisouta.xyz
934741,fortunetime.nl
934757,fundbout.com
934759,fishbase.net.br
934762,fastnovafusionspace.nl
934809,familysurf.de
934887,flashmarket.store
934894,fromage.ws
934914,firstchoicepcs.co.uk
934915,fajr.com.jo
934940,ferytaleshosting1.com
934953,fromthemurkydepths.co.uk
934987,fusheng.com.tw
935022,feimg.org
935023,fs17.lt
935063,fishingplayer.com
935110,fatgranny.com
935116,fakestoreapi.in
935117,fta.co.uk
935153,foxconn.com.cn
935154,focuskeeper.co
935202,freshsociete.fr
935219,fortuneslots.us
935249,firepitsdirect.com
935268,facecook.com
935283,fea.ru
935326,fueradecampofilms.com
935360,forumy.ca
935386,fengxuan.cn
935440,facebook-pmdcenter.com
935538,fuxnoten.online
935543,fuefukigawafp.co.jp
935632,fashiondays.com
935636,forum-clio.com
935669,flowbloomvista.com
935671,floriaminternational.com
935710,fototorte24.de
935711,fragchipverse.com
935730,foarteieftin.com
935734,flexitv.sk
935755,fssi.it
935816,faasos.io
935817,fitkituk.com
935818,fluxnote.io
935819,futuredreams.jp
935929,fid-shop.de
935990,funkytaurusmedia.com
936044,festool.net
936077,freepornmovies.co
936078,fenestration.news
936135,farmaciamorte.es
936153,f8bet.me
936162,fraseeco.es
936169,fabspeed.com
936189,fonefunshop.com
936234,flykci.com
936240,fonoa.com
936253,fastvisionlinespace.nl
936260,flightjacket.com
936308,foodprom66.ru
936331,fitoneusa.com
936347,foxygames.com
936360,fantasynerds.com
936383,fmovies.llc
936400,financenemo.com
936486,fututrade.com
936490,firms4sale.co.uk
936504,fidelitydebitcard.com
936511,futureresources.co.uk
936528,farmaciadegrassi.it
936557,fun2000.info
936609,fabfinds.co.uk
936655,funargo.com
936706,filmvierge.com
936735,fashiontv.com
936812,fc-moto.email
936826,fhs.ch
936841,freevpn.site
936862,fops.zone
936924,fissilematerials.org
936957,freshjournal.us
937054,fidonet.com
937059,fasspay.com
937074,f101jp8866.info
937115,flexigrant.com
937121,fhyanbao.com
937151,famwg.link
937169,fskdns.com
937172,forksurge.com
937202,fifzvqxb.cc
937212,focustech360.co.uk
937216,foreclosuredeals.com
937217,floridadems.org
937232,frannet.com
937289,fortigslb-cloud.com
937298,freshblog.us
937300,fragcrew.com
937313,focusglobalonline.co.uk
937338,fortun365top.com
937359,football24.bg
937367,fewporno.pro
937371,fontdue.com
937399,fetasoller.com
937423,finsa.com.au
937424,feedmeter.net
937428,farmacialosvalles.com
937429,finfire.de
937508,forestdailyinsider.nl
937547,fulianwj.com
937550,feifanfafa.com
937557,fastscope.ca
937566,flowcvassets.com
937567,flh.ca
937568,freewareppc.com
937577,fan.ru
937598,flowers4poland.com
937622,footballscotland.co.uk
937639,faridpur.gov.bd
937661,ftn.net
937672,feltron.com
937827,fruko.com.tr
937846,flatpay.de
937870,fah999-vip.com
937899,focusonlinenews.co.uk
937917,fxempire.it
937921,fleuron.paris
937929,framecad.com
937946,fitpa.co.za
937967,fonduniver.ru
937971,flexpathdxp.com
938020,folosden.com
938065,focusopen.uk
938070,freexxxmovies.link
938086,filmphotographystore.com
938089,febet.ws
938097,freshnsdomain.com
938102,findtubes.com
938112,f0x.my
938123,finanzwelt.de
938127,fdxsg.com
938129,frogdr.com
938180,flagsbythedozen.com
938191,fermanaghlakelands.com
938224,focustechtoday.co.uk
938228,finasteride.digital
938256,freeviewmovies.com
938265,football-liga.club
938333,fundlibrary.com
938348,fsafood.com
938383,focusshop.uk
938402,flying-lotus.com
938460,fiema.org.br
938478,foodbloggerpro.com
938481,foxtable.com
938483,fondtimchenko.ru
938486,florian-pennec.net
938523,fushiwellbeing.com
938524,formetco.com
938528,faydadenizi.com
938535,flixnet.to
938536,fisherly.com
938540,friendlygames.ru
938574,focusstream.us
938583,filmepornocuparoase.com
938590,fragprime.com
938595,fyi.com.pl
938651,frankfurt-steram.ru
938657,fostplus.be
938693,faithconnector.com
938712,fastoche.ca
938729,fitness-blog.vip
938738,fantasybox.fun
938746,foundmedia.org
938834,finwire.io
938837,frigyes.dev
938894,flareflowodds.com
938941,flashcasino.nl
939009,flareconsole.com
939018,franziskaner.de
939076,fanduelsportsnetwork.com
939097,fiscaltiger.com
939112,froncall.net
939123,filii.eu
939145,films.lk
939158,fly88k.co
939169,filing.com
939179,fluxventures.co.uk
939190,fusionzone.ca
939226,fortunemine.games
939283,fbcdn2.com
939302,factsnippet.com
939307,football24.cm
939316,fujix-forum.com
939321,foundationforcontemporaryarts.org
939373,fetechgroup.com
939439,fassboutique.com
939451,fleuriste-toulouse.fr
939475,fastjackpotcrownworld.nl
939543,frameable.com
939558,fzlrosskn.com
939620,facebpook.com
939629,fatbossfr.com
939635,free-credits-report.com
939649,f77b54ef34.com
939699,fortrucker-env.com
939707,flappydoge.online
939721,fcebook.com
939722,findadiscord.com
939733,flocake.com
939758,freeprivatenameservers.com
939767,fepem.fr
939780,fastbluefusionbase.nl
939800,farmexpert.ro
939831,filemjomanager.com
939840,focusukhub.co.uk
939850,fusioncore.ca
939852,fade.lat
939865,flickrads.com
939905,fanatics.bet
940005,fnh.ma
940037,florencerestaurants.it
940075,feeair.com
940089,funlearningstore.com
940119,fine-trading-knotwork.com
940127,family-protect.uk
940149,forex-insta.com
940155,fpanet.org
940161,fixedconstructions.com.au
940179,flopinguin.de
940189,filmfuckers.com
940206,family-cover.cz
940209,foodwinesunshine.com
940227,fairbuy.com.ua
940339,filmingporn.com
940416,fconnect.io
940427,frcneurodon.org
940432,front.page
940443,freexxxmovies.biz
940449,filingflow.app
940506,familyprotect.es
940532,fabricgiant.com
940543,film-pertutti.yachts
940546,fr.net
940552,fortunestar.nl
940562,filmphotography.eu
940586,findmyplumber.com.au
940595,fireplate-project.ru
940606,family-cover.gr
940613,futurebet.ca
940617,fortunepeakm.nl
940618,fastnewbiecash.com
940689,fidelitybank.com.gh
940698,forcesofgeek.com
940716,forex4you.org
940717,facebookads.com
940718,favebook.com
940729,fibercoop.de
940741,fedatamine.com
940779,firstthings.org
940799,floatingkitchen.net
940803,fmqb.com
940845,freevids.org
940886,fizznest.com
940934,forcedgaytube.com
940972,flowers4zurich.com
941046,futureleaders.se
941089,foropolicia.es
941119,fondationhopitaux.fr
941143,fusionpcmax.com
941222,fremeaux.com
941227,free2ex.com
941247,fetinin.ru
941253,fr-bb.com
941264,fapesc.sc.gov.br
941381,fotofed.nl
941383,foes.de
941406,fullofgraceusa.com
941411,filasiete.com
941428,famitei.net
941449,freifunk-stuttgart.net
941509,flormarygardensibiu.ro
941510,fogonarede.com.br
941561,fibranet.net.br
941570,figureskatingstore.com
941572,ficoh.com
941581,fpnu.edu.cn
941597,florashop.rs
941630,fassadenklar.de
941670,france-examen.com
941692,fintech.ru
941724,fekt-hosting.nl
941727,foademosite.com
941758,flarescrimstation.com
941773,fjgdq.cn
941877,fullbeaker.com
942110,fotosketcher.com
942115,forexsklad.org
942179,facevbook.com
942226,fishinfrenzy-casino-slot.co.uk
942231,focussignal.us
942245,fastworkhosting.com
942282,fmm.ru
942292,faulknertoyotaharrisburg.com
942424,flickmovies.com
942431,fcwinterthur.ch
942433,fatbirder.com
942471,frosinonecalcio.com
942491,foodaddicts.org
942512,flagstaffbusinessnews.com
942678,floecdn.online
942686,fusionexchange.co.uk
942707,flashnimbus.com
942729,f2n.it
942791,filmgame.pl
942794,forcefive-s1.com
942841,fytdjz.com
942877,fugu-casino8.com
942879,fandktitle.com
942933,furyfeed.co.uk
942938,fragrenza.com
942954,finestgears.to
942958,flarumtr.com
942993,freshlymedia.us
943006,financialbuzz.com
943010,frozen-geek.net
943025,fluent-forever.com
943031,f-4-l-o.com
943039,fasttracktreatment.com
943041,forodinastias.es
943050,faria.org
943053,filesend.to
943063,fueledbyramen.com
943064,fsrh.org
943088,firewireblog.com
943099,frederix.de
943125,feedbackr.io
943208,fantasyroleplay.co
943215,futuresaccounting.com
943225,factoryggx.com
943247,flagma.ru
943281,f6.dev
943299,florenceseaside.it
943328,fiho5fil50fopf.com
943344,foment.com
943348,fuse.work
943389,fscore.cm
943397,find.com
943413,famevault.co.uk
943416,futuremailing.at
943418,flagcdn.io
943436,fortunaliga.cz
943456,familyporn.love
943473,focusworldmag.co.uk
943506,fcpera.com
943508,filmpornoxx.com
943509,fi-magazine.com
943546,franklink.com.br
943587,friskyreel.com
943592,five9.ca
943613,fieldexpro.co.uk
943615,fusiondns.pl
943667,ffboxe.com
943683,fluent.com
943713,finamore.it
943857,fashiola.be
943887,flyfrompti.com
943969,focusworldtoday.co.uk
943985,filipinawebcams.com
944044,fitfabulous.co.uk
944082,forexwink.com
944096,futuredial.com
944163,forumnsanimes.com
944195,furious-squad.com
944217,flowknife.ru
944221,ffacebook.com
944236,farralane.com
944266,farmworkerjustice.org
944270,finnix.co
944315,focusconnecteonline.fr
944342,flight.info
944390,flexcateringhq.com
944427,foxcollectors.com
944456,fisasplink.com
944464,flymedia.ro
944508,franceculture.com
944527,frogman.online
944635,fullinstant.com
944658,federatsia.info
944688,firesignals.us
944701,freshlytopics.us
944741,fordgt500.com
944744,filtrete.com
944748,faehre-pellworm.de
944749,fotokruse.eu
944781,floppydns.com
944788,fcbb.com
944802,flashgot.net
944884,federalbarcle.org
944924,freshroyalgroup.com
944964,freshlylogs.us
944967,flg10.bet
944972,fastestserver.com
945005,fusejs.io
945060,fediverse.blog
945062,fmnagano.co.jp
945096,freudebox.de
945106,fmfstateofmind.com
945128,formulhost.net
945145,full-bore.co.uk
945164,forenoon.qa
945225,foodklik.nl
945279,faculti.net
945288,fotiu.com
945297,familyprotect.com.pl
945303,flyingcircus.io
945308,fortunecentral.co.uk
945317,forbeslegalcouncil.com
945358,flinqproducts.nl
945359,for-minecraft.com
945441,fusemerge.shop
945448,fsicloud.com
945479,freshcentral.co.uk
945542,fabbriprofumerie.it
945593,faceboob.com
945602,forestofdean-sculpture.org.uk
945671,fishingwithjoe.com
945685,forospyware.com
945688,fondation-giacometti.fr
945749,fivearrows.jp
945762,fiestaaxa.com
945785,freedivesafe.org
945823,fit-one.de
945832,filesdownloader.com
945841,fusionslots.ca
945850,flowenergy.kz
945855,founderhaes.com
945860,foptik.com
945862,fi.cz
945882,finchnissan.com
945894,f64ihn6.vip
945969,fjorgyndipala.cyou
946015,fftelecoms.org
946097,fpl.page
946138,fapobenas.com
946163,facboo.com
946176,facebooj.com
946194,friendsandbrgrs.fi
946229,fabricshop.app
946230,fitjouronline.com
946245,finleu.com
946285,fichacompleta.com.br
946347,fontzin.com
946348,footinder.com.tw
946349,fossilageminerals.com
946404,flormoda.com
946422,formag.ru
946435,fzlabs.ru
946454,fiatcoupeclub.org
946470,freshtexts.us
946471,flikkymarket.ca
946475,forumforai.com
946476,fintechnexus.com
946578,fluxexchange.co.uk
946647,fielddoor.co.uk
946668,fraedom-services.com
946707,finly.io
946710,funvideo.in
946737,foxfarm.com
946745,fullofmetal.com
946749,filmibg.com
946826,fontex.org
946828,freezenet.ca
946899,freedomoutdoors.us
946910,forletter.com
946911,foremosthat.com
946998,fabritual.com
947016,fiorellastore.com
947050,ffperformance.co
947079,fibalivestats.com
947120,freshsextv.com
947124,fusioncollective.ca
947130,futemais.app
947137,fipecafi.org
947148,freepornowner.com
947153,france-taipei.org
947201,foundry-game.com
947232,foodiesfestival.com
947284,fahrradkenner.de
947351,findbigmail.com
947399,faunafella.com
947408,filateliaargentina.org
947433,facebuk.com
947441,flywichita.com
947456,fazzaco.com
947498,fcagidel.ru
947550,faehren.net
947616,freudenberg-filter.com
947647,flowers4ibiza.com
947664,facebookflow.com
947736,familyprotect.gr
947738,fly88-vl.com
947778,fishpc.ru
947782,faster-servers.com
947794,fortuneglowx.nl
947805,forwardplatform.com
947817,floraxchange.nl
947821,flexy.com.br
947921,fylkesmannen.no
947958,fox-dev.ru
947959,freizeitparkdeals.de
947969,fournisseur-ballon-decoration.com
947985,flirtnebenan.com
948032,favorbud.com.ua
948076,fotosmundo.com
948108,fwd.com.vn
948110,factcheckfeed.co.uk
948144,foreca.be
948154,farmacybotanical.com
948162,facebooksecurity.net
948253,finat.pl
948278,farm86.com
948279,fondavela.com
948296,filmyzilla46.com
948300,fieldexplus.co.uk
948310,fanzo.org
948316,fishingworld.com.au
948334,fivestarseniorliving.com
948342,findadultlove.online
948355,floridahomefinder.com
948376,focusactuelonline.fr
948391,fonira.net
948404,freshukhub.co.uk
948421,firstsales.live
948426,freshbase.uk
948434,freesea.ru
948453,festagent.com
948468,festvox.org
948469,footballholics.net
948476,find-job.net
948488,freshpages.us
948607,freeride-mountain.com
948628,fundseminar.nl
948634,feynman.com
948647,femme.de
948670,fullingmill.co.uk
948681,fastfortunevictoryhub.nl
948687,fullfacing.com
948692,framegas.com
948704,funnelpages.com
948770,focusprimesite.co.uk
948779,flostikstar.com
948822,fd-market2025.ru
948825,frictionless.com
948841,fpschampion.com
948906,fishgame.com
948909,fissionwebnetworks.net
948930,forumfed.org
948952,foxkansas.com
949022,flowbookieprox.com
949027,findmymobi.com
949028,fietsfast.nl
949043,flashevening.com
949085,focuscentralblog.co.uk
949107,favoredwebhosts.com
949116,filtrationgroup.cz
949120,facebookhitlist.com
949130,facebookatschool.com
949149,fifaluck.com
949163,famerugs.com
949180,fecbook.com
949213,farmacialospabellones.com
949243,fragmarketvault.com
949252,fieldviewplus.com
949259,foodamigos.io
949275,foo.ag
949289,fadebook.com
949334,fan-web.jp
949389,firstclasssigning.com
949391,fastfutureroutezone.nl
949441,foresteurope.org
949452,foodaily.com
949462,futuregaming.ca
949482,facebook30.net
949514,finparty.ru
949515,freehost.io
949539,fugucasino93.com
949540,fc-osaka.com
949561,freshsummary.us
949571,fotocasion.es
949593,flo-infra-prod.com
949640,forprivacy.net
949642,fmx.de
949653,filthvana.com
949658,fusionplanetretro.com
949674,forward-sport.ru
949711,freebirdgames.com
949712,fitasamamabear.com
949718,fugu-casino7.com
949727,feedback.fish
949730,fundacionagrupacio.es
949758,fourpillarsgin.com
949763,freehotelguide.com
949779,fascinations.net
949888,felelsalvador.net
949967,factorview.com
949976,foodmatterslive.com
949990,fxucecy.in
950066,flyingfishsa.co.za
950092,floriani.com.br
950095,favjersey.com
950118,fiduprevisora.com.co
950222,fullchea-tea.com
950241,findfetishpartners.com
950310,foodmans.com
950311,fominos.ru
950324,findhotelswebsite.com
950356,forkstudios.eu
950371,focuscentralmedia.co.uk
950381,fonum.fi
950391,flowdrivecdn.com
950421,forfansbyfans.com
950444,fineoilcans.com
950485,familysinners.com
950486,fapzly.com
950490,foreseeing.com
950543,fil.org
950557,friendfed.com
950565,fcaq.com.cn
950639,freddywear.de
950654,foodbusinessafrica.com
950679,focusonbelgium.be
950709,fgosreestr.ru
950774,fire-base.com
950795,foxship.com
950798,focl.com
950805,foodbankrockies.org
950852,fourtet.net
950854,flokii.us
950872,focusguide.us
950902,fullredirect.digital
950917,fetlife.reviews
950944,funradio.be
950951,firstleaf.in
950956,funretrospectives.com
951001,fransty.com
951025,foresitehealthcare.com
951053,flushpcprox.com
951114,fabianfronhofer.de
951128,footballghana.com
951188,friendsofanimals.org
951194,fastcardcrownbase.nl
951212,fly8889.com
951216,founderpath.com
951231,freshauto.dev
951281,fjcndjst.cc
951307,flowonnetwork.ca
951418,f84w.casino
951428,flipbelt.com
951477,freightfarms.com
951494,funathomewithkids.com
951606,flowstate.zone
951648,fluxglobal.co.uk
951657,freeones.fr
951695,focusbright.uk
951701,focussociety.uk
951750,fleetdirections.com
951760,flathome.nl
951808,fastnextpointworld.nl
951813,friendlywater.co.uk
951884,fly88mb.com
951888,focuscastdaily.com
951891,fastcardnationpoint.nl
951963,filin-good.ru
951973,fensterfabrik24.com
952017,fastslotzonehub.nl
952027,fbherald.com
952034,froghollow.com
952035,functionx.com
952073,freshchalk.com
952097,forcedporn.me
952102,flat-icon-design.com
952131,footybox.org
952276,frombshop.com
952278,flipcx.com
952316,facilpass.com
952317,ferragensfloresta.com.br
952369,furkisport.com
952413,faxingfan.com
952434,folkschool.org
952452,farmaciatarquini.it
952472,fairteknoloji.com
952486,fabvalley.org
952545,focusdigitalnews.co.uk
952595,flyintogame.com
952628,fa.gov.sa
952659,falkenmedsrussia.com
952752,fermag.com
952783,flip4mac.com
952785,freshscope.nl
952788,fastrapidstreamspace.nl
952797,fastgaming.ca
952811,fiswebdr.net
952828,formuladomina.ru
952871,farfromstockstore.com
952877,foodsystemsjournal.org
952901,formalview.com
952919,frmbb.ru
952927,firstccu.org
952950,funnygames.fr
952973,folsomlakehonda.com
953068,fsa.gov.om
953166,footfetishdaily.com
953279,franknez.com
953342,floridafilmofficeinc.com
953344,freexxx.photos
953371,fcgool.com
953375,feelnumb.com
953378,fh-hannover.de
953385,fxfuhuizn.cn
953485,fishinfrenzycasinogame.co.uk
953494,focushubmedia.co.uk
953497,futurevista.nl
953505,focusupdate.ca
953538,freshub.ng
953572,ff31.com
953586,figuya-media.com
953682,fodizi.net
953718,fondation-fondamental.org
953744,fsin.ru
953752,focushub.ca
953767,fjcevolution.net.br
953791,freeporn-base.com
953801,fediaf.org
953868,fedpaymentsimprovement.org
953869,familytravelmagazine.com
953879,fellou.ai
953931,frendz4m.com
953942,findmyprops.be
953968,franz.kz
953972,fullstoor.com
954023,flylordsmag.com
954067,forestfield.ru
954075,fond.co
954102,fastlinkapp.net
954111,fastcloudpr.net
954135,freeexchange.ru
954158,felicis.com
954177,fluxzone.nl
954216,fly2pie.com
954221,fncalculator.com
954233,fonbetbk.click
954245,firecongressnow.org
954261,freephotosbank.com
954279,fontan-casino.com
954280,femaleentrepreneurassociation.com
954285,flipcorp.de
954302,flirsy.com
954305,fantasticwomans.com
954315,ferto-hansag.hu
954375,fantasiacards.de
954376,farmaciasoler.com
954377,fc2ppv.stream
954378,ffxivcollection.com
954379,firstaidkitsaustralia.com.au
954380,fndk.cloud
954381,fotoema.it
954500,forexchief.com
954526,fla.org.uk
954551,fukuma.biz
954574,fishfyi.com
954586,fusionroom.co.uk
954594,fullflexdns.com
954623,fortuneliftm.nl
954626,fortive.cn
954630,frederickdirections.com
954635,ffin.ru
954639,freshlyzone.us
954654,fotolab.cz
954681,fusionspace.ca
954724,footballbenchmark.com
954734,firstamendmentwatch.org
954758,freeeventsranking.nl
954759,fairservicesutrecht.nl
954769,flickrslidr.com
954774,fibrosicisticaricerca.it
954783,fbesport.com
954802,free-porn-japan.com
954824,feuerdepot.de
954917,freal.com
954934,familyprotect.org.pl
954978,freewebsites.com
955046,friendlynode.xyz
955081,fastfreshtrendspace.nl
955107,fil-mag.be
955108,forumonly.fun
955136,funabashiya.co.jp
955185,f-e-n.net
955194,factmagazine.net
955232,fromshado.ws
955268,findingfrenzy.com
955335,fontpath.com
955369,freeimageslive.co.uk
955371,fh-worms.de
955372,ffashion.gr
955379,flashpicks.com
955403,fatiha.com
955550,facebookgraphsearch.info
955558,fintechfestival.in
955568,ferro-silicon-alloy.com
955605,fair-use.org
955618,fcqa.com
955620,flimslaax.com
955628,frtcnamexs.com
955655,fidanistanbul.com
955747,forest-akita.jp
955838,fap.es
955839,felipemotta.store
955840,fgguides.com
955841,friendlyshop.it
955920,freshroom.ca
955921,fusionet.srv.br
955958,fbresearch.org
955991,fullthot.com
956048,flora-fauna.es
956071,fuelmeals.com
956080,filmtheatreacademy.com
956085,fluidtopics.com
956123,federalalight.com
956136,fmtrust.bank
956153,francescomugnai.com
956161,factoryfast.co.nz
956165,fas.scot
956172,firsthotel.com.vn
956216,fikket.com
956287,filerun.com
956323,f007jp8266.info
956333,farmapazvenezuela.com
956352,fy-ff.com
956355,freshworld.fr
956411,france-couteaux.com
956441,frankcasinovip.online
956455,facilisgroup.com
956529,franklincountytimes.com
956588,fondazioneinarcassa.it
956637,fluxworld.co.uk
956693,flossy.com
956709,fixtureinsider.com
956807,fxaxa.co.uk
956821,friv5online.com
956850,faw-volkswagen.com
956869,fugu-casino6.com
956910,fdkjij80399fw-fd8200fsn2900fsfds.vip
956962,freshplace.uk
956986,fdocumente.com
956987,feedmeapi.com
957011,fung.uy
957030,familytreeproject.org
957046,fileabuselawsuit.com
957083,ferraraevents.it
957084,florenceheritage.it
957103,florenceco.org
957118,focusscope.ca
957119,freerangsecurity.co.za
957142,fugucasino97.com
957184,fairbookdirect.nl
957186,facto.nl
957225,finance.kz
957249,feelingyachty.com
957256,first-spear.com
957282,forogratis.es
957289,fynanc.com
957329,filmsor.hu
957437,friluftslivsbarometeret.no
957450,fulsvc.com
957463,fdmvalencia.es
957467,fontineed.com
957524,ffvii-reimagined.com
957553,flowlogic.tr
957588,fismobile.com
957605,fn.se
957606,fit18.com
957621,frasepensamiento.es
957644,flexiblespace.in
957654,freecamsallday.com
957656,firearmdatalab.com
957668,fftc.org
957697,free-porn-asian.com
957709,ffcai.com
957758,foodprocessing.com.au
957760,funomania.ru
957828,furifli.xyz
957834,fonobox.ru
957868,focusmoderneonline.fr
957897,foire-colmar.com
957916,freepornlab.com
957929,fund001.com
957940,flagsaflying.com
957987,fa-fo.de
958000,fx-arabia.com
958015,filesmonster.tv
958042,frequentflyer.aero
958071,fischl.online
958091,fr-shop.ru
958182,fuckap.com
958189,fictionaficionado.com
958223,faktablick.se
958245,falix.pro
958270,fastlinebulletin.com
958322,funatpuno.com
958398,flowbaccarat.com
958405,foods-body.ua
958409,farmaciadelpont.com
958416,firenet.co.uk
958422,fasthosting.top
958480,franceguide.info
958517,findababysitter.com.au
958534,frugalflyer.ca
958546,fugucasino95.com
958553,fontedecanais.red
958596,fabrikeo.com
958724,fl3xx.us
958727,focuscenter.us
958799,forensisgroup.com
958800,funforest.nl
958838,fan-video.study
958854,fansfa.xyz
958927,fairscopemedia.nl
958969,fsv-kappelrodeck.de
958990,freshost.pl
959014,fujimishobo.co.jp
959023,flymart.uz
959024,fabet.land
959065,freshbusinessthinking.com
959084,fastpark.jp
959089,firefly.ai
959131,fluttergems.dev
959233,fw3zl0xi.xyz
959234,fordav.com
959262,farnporn.pro
959327,fqmhw.com
959369,forgeslots.com
959374,fluentflyout.com
959420,fchd.info
959466,forumdephotos.com
959521,felgenoutlet.nl
959551,firebrands.com.ua
959553,fc-mv.ru
959560,format-recovery.com
959563,formapprovals.com
959626,farexpo.ru
959629,focuscreative.uk
959640,forex.fi
959645,filmstreams.org
959672,freecloudservers.com
959673,frasenotas.es
959708,fillmorecountyjournal.com
959713,forzaitalia.it
959714,findagaylover.com
959715,foton-autoclass.ru
959722,fotbalzpravy.cz
959727,fellida.com
959774,fjwuzi.com
959818,freshigaming.ca
959859,filmfonds.nl
959863,firedaemon.com
959872,final-tech.com
959932,fitnessforums.net
959938,forgottensmp.net
959975,fotofinder.com
959995,fun.com.au
960070,fontboxdl.com
960071,f104jp2901.info
960098,fusioncenter.ca
960171,favini.com
960182,fallot.com
960188,faminstal.ro
960207,francaimobiliaria.com.br
960325,fqumrbv.org
960348,focusidee.fr
960385,freepvideos.com
960390,fiferosdevenezuela.com
960462,focusdigitalhub.co.uk
960497,fargocontrols.com
960507,forneyclarkgenealogy.com
960546,fluxspace.ca
960569,fortuneworld.us
960581,fispaltecnologia.com.br
960666,fcnitra.com
960708,futurenest.us
960743,feralsex.com
960753,faunaceskerepubliky.cz
960792,fortressrealtycr.com
960821,filterplatform.nl
960848,fangshapot.com
960861,fesfestival.com
960926,film-rezka.net
960999,fakeshoperkennung.de
961031,fensterbeschlagersatzteil.de
961054,familylawselfhelpcenter.org
961113,fieldexcenter.co.uk
961155,fkdominvest.ru
961247,fire-dns.co.za
961294,fraudwatchers.org
961320,famillyprotect.es
961383,freeones.ch
961437,frp.no
961451,fft.org.uk
961459,fortunemove.nl
961464,friends4ed.co.zw
961515,forgehub.ca
961534,firemanager.de
961569,full-hd-wallpapers.ovh
961627,frazierandsonfurniture.com
961649,freshfr.fr
961688,fishfacts.fo
961738,filmovyprehled.cz
961756,frazerandhaws.com
961804,filmoflix.repair
961809,frenzydigest.com
961822,figureslibres.io
961843,flashcardo.com
961883,fittbikese.hu
961888,flyscanneronline.com
961948,freshlyspace.us
961998,f0rk.xyz
962009,flavored-drink.com
962015,focusfinder.uk
962035,fortum.se
962046,faktaoversikt.se
962047,focushubnews.co.uk
962127,fl-jx.com
962191,fondspodiumkunsten.nl
962270,fura.com
962284,fresharchive.us
962346,flipcodigital.com.au
962362,freshlyposts.us
962402,fuzongyao.cn
962439,futureupdate.us
962460,fastandcloud.net
962525,fowid.de
962627,fluotonic.net
962628,feathersjs.com
962654,flashlabel.com
962686,fishinfrenzy-online.co.uk
962721,fujitsubo.co.jp
962783,farhi.co.uk
962844,fortunehotels.in
962919,firstservice.kr
962979,friendpaste.com
962988,forcez.net
963020,folk.org
963067,freevintagecrochet.com
963081,fairyhosting.com
963092,friendlydesign.com
963118,falkoping.se
963130,fin.ru
963137,fatelecom.com.br
963208,feianya.cn
963315,freaksstore.com
963326,frameitall.com
963327,fintecbuzz.com
963357,fishin-frenzy-casinogame.co.uk
963411,fathom.com
963487,flisol.info
963506,foton-mbrus.ru
963515,fastflirtnearby.com
963539,ford.co.nz
963577,forex-gpt.ai
963588,fastcorerouteworld.nl
963616,fundsdlt.net
963617,freshsite.ca
963629,fragclubsuite.com
963639,figi.ro
963731,fluxtera.com
963822,fivereasonssports.com
963823,freshlynotes.us
963887,framtidsforum.se
963897,family-protect.com.pt
963960,f16808.com
963961,fatihediyelik.com
963962,fatsules.gr
963963,femme-fatale.gr
963964,fengloua.com
963965,fepro.cz
963966,filtershop.co.za
963967,fjallraven-shop.cz
963968,fleshlight.ca
963969,flyingcarpet.co.il
963970,foroesc.com
964098,flamcogroup.com
964130,force.bike
964132,fotobehangshopz.nl
964157,freeclix.net
964212,fragster.de
964240,fshdsociety.org
964251,fizzledesire.com
964282,fpu-tn.com
964302,fivemods.app
964309,findwellness.nl
964321,florist20.com
964324,fundacionjumex.org
964334,freedomwholesale.com
964365,fastarena.ca
964372,ffct.org
964379,fantasymagazine.it
964384,fsck.ca
964386,flyapg.com
964409,fmync.cn
964428,freestampcatalogue.it
964434,firstclasse.com.my
964435,foodbloggersofcanada.com
964480,farsinet.com
964508,fritz-thyssen-stiftung.de
964530,facecraft.xyz
964555,fiskerforum.dk
964587,fida.ir
964597,fmnagasaki.co.jp
964601,freshcasinomarket.com
964607,flycarpets.nl
964692,from-ua.info
964697,fastretailing.io
964731,fastbonuspowerhub.nl
964735,farmingsimulator19mods.de
964847,focustoday.co.uk
964859,facilityfun.com
964861,fightinggame.us
964862,facetfolios.co.uk
964875,ffn.com
964959,framme.online
964979,fitapetit.com.pl
964991,flexxter.de
965003,friendslocationshare.com
965027,futureupdate.ca
965041,frozenweb.co.uk
965077,freshresources.co.uk
965374,fertilys.org
965385,fatsecret.jp
965390,familycover.gr
965408,flarebaccaratportnow.com
965432,figurelabs.ai
965441,fnforum.net
965448,fromdoctopdf.com
965454,f127jp8729.info
965606,fieldexonline.co.uk
965682,felgenladen24.de
965684,futuresportsleiden.nl
965685,fastrapidscopehub.nl
965691,fjdfsdhf8icd.com
965719,freshbritblog.co.uk
965760,fbdown.net
965793,ferienhausmithund.de
965802,fxcksociety.tech
965873,fanduelus.org
965908,familiamanassero.com.ar
965960,freshcenter.us
966018,freshlyreads.us
966021,fordsix.com
966061,fueltech.net
966181,fatheralexander.org
966232,freshtrend.us
966270,fabel.no
966272,f1w-2893.com
966296,floobits.com
966307,free-times.com
966520,fragmasters.co.uk
966584,freshlytexts.us
966592,fracademic.com
966681,ficd.ru
966683,flerogamessvc.com
966689,fullcheck.com.mx
966709,filmywapj.com
966712,favtutor.com
966727,fcbmedia.co.nz
966739,flech.tn
966822,fingrad.com
966889,film-film.site
966892,fusionenterprise.ca
966926,fellowship-hall.com
966929,fpst.ru
966934,fusionbet.ca
966972,family-yug.ru
966973,fastfixauto.ru
966978,f1-onlineliga.com
966982,feministkilljoys.com
967000,football-browsing.com
967025,feeder.ro
967044,fiskeandmainwine.com
967061,facesharedeu1.com
967070,firstfashionstyle.com
967084,feedblog.org
967194,filmhuis-lumen.nl
967249,formation-industrie.bzh
967263,fucktubepass.com
967287,floristeriasbogota.net
967291,focuslink.us
967302,fortuneland.us
967420,flyingbulls.biz
967556,fearof.net
967607,frigodesign.ru
967633,freshplatform.fr
967687,fullfabric.com
967733,fehehcs.com
967738,fygi.nl
967743,facileacquisto.it
967753,fsn80-fsij389f0s-fsno-fji-2jidffd.net
967779,flyquest.gg
967790,freedom.pl
967840,family-institute.org
967861,findleasing.nu
967925,funerariamicelli.com.br
968015,font-romeu.fr
968038,firenzerocks.it
968075,filmywapn.com
968078,filmywapr.com
968080,fumot-12000.de
968090,funkysouls.com
968108,fl365.com
968139,feichailiu.com
968148,feisteloutdoor.com
968315,friendly-solutions.com
968324,fsn.net
968334,fitness365.ru
968343,ftrdergisi.com
968364,feigo.fun
968407,fasterdel.icu
968412,fxproznf.cn
968427,freespirits.gr
968430,fenityfashion.com
968461,farrellequipment.com
968462,firstlady.com
968472,freessl.cn
968516,focuscentralonline.co.uk
968554,finalround.games
968598,f109jp2626.info
968610,freedost.com
968639,ferreirafuneralservices.com
968661,freshsolutions.se
968668,fortesecuritygroup.com
968690,freddiesflowers.de
968736,freeptetest.com
968748,ferhri.ru
968759,fcspreview.com
968775,focusreview.us
968781,fixjoomla.com
968789,fun-games.vip
968797,fannation.com
968820,fgrealty.qa
968832,freshgrannies.com
968843,feuer1.de
968852,fendrihan.com
968865,fierymabel.monster
968951,famili.fr
969041,flyshopsalmon2000.com
969053,fl-pro.ru
969079,fragacehouse360.com
969102,fortluft.ru
969116,farbenbote.de
969132,festivaldelgiornalismo.com
969206,fiberusa.com
969210,focuspositif.fr
969290,fisioterapiadrromano.it
969292,fremonttoyota.com
969298,fairplaid.org
969305,filmmusicsite.com
969367,farmaciajllorente.com
969372,fencingathensalabama.com
969389,familydentaldoctor.com
969453,firrp.org
969507,f126jp7044.info
969517,flostiks.com
969577,fambetscasino.com
969631,flaneurfirmament.website
969640,fortifydata.com
969648,farmaciacheca.com
969656,famecollective.com
969673,furrondy.net
969674,farmaciasdirect.com
969709,flamez-casinos.fi
969746,fuxs1.com
969802,fmovies123.cc
969854,freshairsensor.io
969873,farmonlineweather.com.au
969901,firedome.io
969975,foundgolfballs.com
970029,fbfl.us
970052,fenixcasinobonus.online
970060,filmtheaterhilversum.nl
970148,flaine.com
970170,fotoanderson.com.br
970211,flirtycrew.com
970266,forestvpn.com
970271,fhoy.kr
970274,felixzieger.de
970321,franklincountypa.gov
970342,fifthestate.nz
970344,flightsimwebshop.com
970370,frogprincepaperie.com
970404,freeleon.ru
970405,frieling24.de
970442,funnelai.com
970456,freepnglogo.com
970471,fjtyp.cn
970542,fantastock.co.kr
970610,fatwomansex.com
970654,farawayinstallation.com
970660,factorialhr.com.br
970666,findio.nl
970676,fensternotiz.de
970682,flakhaven.dk
970688,fortuna.com.gr
970697,fuhenyao0803.com
970698,fortr.is
970785,fibreculturejournal.org
970805,fineart.no
970813,fotoverbund.com
970829,firstflash.co.uk
970841,formularapida.net
970887,fitzfishponds.com
970930,fticommunications.com
970954,frontcurrent.co.uk
970980,fix-kuppersbusch.ru
971011,forum-1tv.ru
971025,familie-cailliau.be
971070,four-food.com
971078,fawan.com
971080,fullmooncyberworks.com
971086,fairinstitute.org
971119,fallowrestaurant.com
971140,ffolio.cymru
971144,fkksol.com
971192,focusukblog.uk
971243,freshfocus.us
971287,fortunejetx.nl
971296,far.ovh
971349,fundaciocatalunya-lapedrera.com
971374,fhn.gov.az
971436,flowgem.de
971447,fuel1direct.com
971476,flseagrant.org
971511,focustechblog.co.uk
971563,force.cloud
971583,fredep.casino
971622,freshbase.fr
971662,flibusta.info
971667,firenzeturismo.it
971760,fpsbench.com
971761,fishcamp.by
971797,funeralwebhost.com
971825,fdf.dk
971850,foxeducation.com
971919,fnfal.com
971947,foodaffairs.it
971968,flcities.com
971983,formy.app
972015,fz09.org
972062,fmdiabetes.org
972065,forceketten.de
972089,free-xnxx-videos.rest
972108,fenskelakecabins.com
972257,farmagros.com
972277,fabnet.in
972295,floydhome.com
972301,fapsexclips.com
972359,freshcolumn.us
972372,forgegaming.ca
972373,fraport-greece.com
972388,flomni.ru
972462,fasterthenlight.ru
972505,factonews.ru
972512,florence.or.jp
972516,feuersalamander.at
972554,franchiseopportunities.com
972560,freifunk-stuttgart.eu
972563,fit-ins-ref.de
972586,fantasticfungi.com
972653,foto5.ru
972678,foards.com
972701,flowprofile.it
972710,flycall.com
972717,fugucasino84.com
972788,fwscheckout.com
972799,family-cover.de
972813,futrellenterprises.com
972838,fibercircuit.com
972840,felya.net
972870,fullxxxporno.com
972947,freebirds.com
972990,futureportal.co.uk
973026,forgepixels.com
973064,fastbillbuilderitaly.com
973131,fangte.com
973158,fin-me.ru
973177,fodevarewatch.dk
973192,focusbritblog.uk
973263,fenfashu.com
973379,feche.fr
973414,f1chronicle.com
973433,ffinworx.au
973437,fruitsfromchile.com
973486,fastapi.net
973493,freedompro.eu
973527,fenner.com
973529,fanoutfitters.com
973563,fejlesztok.hu
973619,fuchu.or.jp
973623,forsunka-msk.ru
973624,f130jp6418.info
973666,forumwodne.pl
973667,farmaciaromamascalucia.it
973693,flowmon.com
973776,ferragro.com
973778,financialwisdomuk.co.uk
973780,fri-gate.biz
973797,fatplastics.com
973825,fortifai.uz
973830,fiercecable.com
973870,freshlyfeeds.us
973882,formulinepharmacy.shop
973887,fuckmovs.pro
973906,forbetterforworse.co.uk
973921,futaoshengwu.com
973923,footsolutions.com
973940,freshlylines.us
973980,fishin-frenzy-slot-demo.uk
974106,focusculture.fr
974128,finance.gov.mv
974138,frostopt.ru
974143,fmgaggi.com
974156,fiszki.pl
974262,findmilfshere.com
974290,fact.digital
974368,forgeplus.co.uk
974380,faraday-protocol3.com
974469,female-gamers.nl
974472,focustodayonline.co.uk
974481,fulfillmentdomain.com
974490,feedforall.com
974499,fluxfield.ca
974513,freeweibo.com
974521,foodconsumer.org
974532,fisco.co.jp
974536,future.co
974594,fair-kaeuflich.de
974669,fengbao8.com
974670,foodforlifehk.com
974671,foxyip.com
974788,farmacyroom.com
974790,findhomesusa.com
974838,faivoea.cn
974839,firmadigitalefacile.it
974840,fxhnews.com
975009,f7qh.top
975010,faithfulwitness.us
975011,famigliamosca.com
975012,familiaeabiblia.com.br
975013,fastdecals.com
975014,fastyunjiasu.top
975015,film-bioscoopbranche.nl
975016,flowers-yerevan.am
975017,footsell.co.kr
975018,friendtree.co.jp
975019,funwestdoll.com
975020,futurecountrylegends.com
975226,ferchale.com
975230,fuji-glamping-villas.com
975243,fastoddsstormhub.nl
975259,freshlywrites.us
975267,freshvoice.us
975271,forcengo.ir
975282,febestparts.com
975290,futurejackpot.ca
975359,fdncoffee.com
975369,findwhat.com
975402,familyprotect.com.pt
975416,fne-pays-de-la-loire.fr
975501,feiledu.com
975568,fantasycommissioner.com
975594,flowace.in
975603,focalpointhardware.com
975617,fceux.com
975640,fotowissen.eu
975680,fuckporn.net
975688,flowonarena.co.uk
975734,ffroller-skateboard.fr
975736,fntsoftware.com
975737,farmpornvideo.com
975762,forestcity.net
975766,fkhd.cz
975770,fanbenba.com
975772,forumdate.ru
975850,fnot.org
975856,fjhfjt.com
975868,fatbiker.ru
975878,filejungle.com
975883,fellowshipoftheminds.com
975914,freetv-app.com
975999,farmaciasroma.com
976032,fleetriskreview.com
976052,fingerhuthaus.de
976063,fusionforum.co.uk
976099,factdispatch.co.uk
976105,fraglabcove247.com
976115,freebet.casino
976116,fs19.lt
976136,flyingpigmarathon.com
976178,flip.org.co
976224,film-game.eu
976230,forumup.com
976235,flexitallic.com
976250,fhrbiz.net
976265,feigeres74.fr
976266,fantech.com.au
976310,floating-point-gui.de
976323,fajnsprava.cz
976403,fenris.com
976421,fiservclients.com
976447,flexiele.com
976456,focusattack.com
976463,family-protect.it
976483,fortmyersbeachfl.gov
976530,fudongic.ae
976557,factorial.mx
976597,footlocker.co.th
976623,federacioneditores.org
976645,fujinomiyalib.jp
976658,feo.cz
976683,fpsbanana.com
976728,fmgl.com.au
976741,fx2ch.net
976818,freehairygirl.com
976842,forgebase.co.uk
976860,fixprice-katalog.ru
976867,fonteynspas.com
976924,forumauctions.co.uk
976929,frbdiscountwindow.org
977001,fiftyplusone.news
977052,from-la.net
977082,falanman.com
977116,feiqianchina.com
977152,flbbusiness.com
977171,freeonline.org
977258,f1-boxbox.com
977259,f16807.com
977310,forum28.net
977335,flexengage.com
977427,finpecia.cyou
977435,fair-edge.pro
977527,fabrealtygroupnc.com
977557,forthoodsentinel.com
977586,fix-gigabyte.ru
977620,fenixcasinomoney.online
977634,fatorc.pt
977638,fsst.online
977641,frequentbusinesstraveler.com
977642,flexappoint.de
977654,fiordland.org.nz
977687,fulton-armory.com
977723,filmserver.cz
977724,fi-hi.ru
977768,fkjablonec.cz
977772,fenieenergia.es
977791,f-z-x.de
977804,fitprodiet.com
977821,fusiondigital.ca
977825,freeinvestigators.com
977846,flvhzmevv.cc
977852,forgeportal.co.uk
977874,fishinfrenzy-slotdemo.co.uk
977876,finderphone.ru
977898,forquickies.com
977918,fibflx.com
977979,ferma.eu
977987,floratver.ru
977990,frithcyber.com
978006,fest-im-leben.com
978033,frotacia.com.br
978045,fairtradeamerica.org
978084,fellow.dog
978110,fwb.help
978196,filmmakeriq.com
978243,fanfan1.com
978260,freestylecycling.com
978263,fkbs.com.tr
978350,fireballwhisky.com
978357,fnewsmagazine.com
978384,fivekageclash.com
978424,famemaine.com
978465,fichtner.de
978479,freeurldirectory.com
978494,futurebase.ca
978517,focustodayplus.co.uk
978518,frog.tw
978526,fyri-uweb.site
978544,fsxun.com
978559,full-hd-wallpapers.com
978593,f115jp3610.info
978645,focusupdate.us
978651,france-export-fv.com
978708,fodiscomail.com
978734,filmefox.net
978810,freessr.bid
978816,familytree.com
978821,fmpco.com
978828,florbal4u.com
978838,faron.edu.br
978848,facel.pe
978851,freqtrade.io
978873,fastwin77.asia
978876,fantasychampionship.com
978907,fdic.com
978970,fid.gov.bd
979009,forum-metasalute.eu
979010,follownow.app
979014,findemeinenschwarm.com
979017,fizteq.com
979024,fitbodybootcamp.com
979035,flora-germanica.de
979044,firstpensioncustodian.com
979045,facdn.net
979049,fulyfun.com
979084,fenixcasinon.online
979116,footprintwms.com
979123,familienresortmolenwaard.de
979125,fcs.com
979164,foxdsgn.com
979170,fs.net
979184,fcb.co.nz
979189,feather.so
979190,flormiss.ca
979234,flatemine.pro
979269,firstms.com
979301,foodnouveau.com
979319,fairplay.nl
979325,fddvip.com
979337,fcspares.co.uk
979362,forzamonza.it
979372,fixtout.fr
979408,fastenal.ca
979447,focustodaymag.co.uk
979465,firsthotels.com
979489,focusmoderntoday.co.uk
979523,fibrafaciltelecom.com.br
979570,fast-alles.net
979572,followthebeat.nl
979640,fayettetribune.com
979647,fidme.com
979651,fito-shop.kz
979666,fondationcarmignac.com
979742,future-macro.de
979758,forharriet.com
979794,fernand-cina.ch
979799,f2.com
979819,fruitgrowersnews.com
979823,fielddayfestivals.com
979835,flowondirect.co.uk
979839,fact.co.in
979882,firevegas.com
979886,fondazionemilano.eu
979980,forestparkforever.org
980008,fasstcom.ru
980017,fishery.ru
980023,fatew.com
980027,forumea.org
980051,future-shop.net
980104,freeward.net
980138,funlight.se
980177,fdren.net
980196,fujitsucloud.sg
980216,fate-strange-fake.com
980219,fertilityfriends.co.uk
980221,foundationdevices.com
980233,frutonyanya.ru
980273,fusionspins.ca
980301,ferrarausa.net
980311,freecarrierlookup.com
980331,fsi.fi
980353,fergana.ru
980406,freshspace.ch
980413,freshcassino.com.br
980417,foogsat.ru
980419,fky.org
980438,flowers-island.ru
980440,farmcosmetica.ru
980459,flexiwa.net
980518,fallkniven.se
980539,fileee.com
980540,fujikong3.cc
980564,forgloryandbeauty.org
980591,fg8dgt.com
980671,fordrangerforum.com
980713,fsglobal.net
980714,filmfesthamburg.de
980787,forsalebyowner.com.au
980806,ftpobmen.ru
980898,frescopornoclips.com
980904,facco.net
980920,freshlab.ca
980942,freehdvideos.xxx
980952,filmpornogratuiti.net
980987,freeadpro.com
981000,ffin.kz
981025,fullhouseresorts.com
981030,fizzicseducation.com.au
981126,furnituremanila.com.ph
981141,filmeb.com.br
981189,fortbendisd.gov
981281,forgewang.com
981284,forbest.pw
981296,firstpacific.com
981309,fans.link
981311,familyprotect.pt
981357,femco.ru
981390,ferwer.com
981417,flextrail.ca
981420,fwfr.com
981425,ferme-letreglode.fr
981428,focusglobalhub.co.uk
981432,f-deals.gr
981438,futurecircle.us
981464,fitbodiesinc.com
981541,fanjiaren.net
981574,fastwinpowerhub.nl
981617,fortunestake.co.uk
981620,fuck.sc
981622,fmbatlt.ru
981646,fuguohengxing589629.com
981681,fesud.ru
981728,fsc-live.com
981733,framtida.no
981779,foldingtables.net.au
981812,festivalcdn.de
981818,fitfatherproject.com
981868,fmbaxdotb.cc
981889,fexfutbol.com
981913,fluxcore.ca
981922,fassma.net
981923,fatstacksblog.com
981939,fasf.com.ua
981997,freelabel.net
981998,freshlyvoice.us
982003,futuristconference.com
982026,fluxresources.co.uk
982036,familygenealogy.us
982037,freeporn88.com
982055,filmizt.com
982056,fgds-gid.ru
982088,faceshift.in
982127,f0rsi.ru
982170,foxrealty.com.cy
982174,foxglove.org.uk
982192,fastprint.info
982232,fangth.cn
982245,fahrradmanufaktur.de
982252,finansist-kazan.ru
982265,feran.es
982288,fsecdns.com
982402,fleurdevent.org
982443,flybubble.com
982563,floresamexico.com.mx
982564,foro125.com
982565,fortia.com.mx
982749,fusionlogic.ca
982752,ferro.com
982760,five-respect.co.jp
982788,foxandroach.com
982792,fondsovmena.ru
982805,federalmorning.com
982883,fortress-safety.com
982895,foodfashionandme.com
982938,freeline.pro
982942,flarepcstation.com
982945,factor.ca
982993,fun-remont-noutbukov.ru
982997,foxxshirts.de
983005,fiberbank.net
983011,fenzhidao.com.cn
983030,friendori.com
983031,flowgo.com
983055,fundo.jp
983069,freshplay.co.uk
983070,fitelo.co
983109,forsimpletimes.top
983144,foromedios.com
983247,fxbrt.com
983268,flipbook-axabanque-patrimoniale.fr
983274,flabilis.com
983350,fameiyi.com
983372,fiesto.co.id
983444,finnandemma.com
983456,fxpro.investments
983474,foxdiart.ru
983508,filamentoffable.space
983510,funzel.info
983522,franpritchett.com
983549,fmtcsafety.com
983550,futurehealthlife.com
983561,farencounters.com
983598,fastsimpleloansolutions.com
983644,freedomevents.ro
983650,focusinspire.fr
983664,ftcelectronics.id
983691,fashionablygeek.com
983693,frdl.to
983701,fcma.com
983711,fans.lv
983714,finansmag.ru
983721,floyds-cannabis.com
983765,freezetech.ru
983768,fita.org
983787,florgeous.com
983801,fashion-wear.in
983819,fusionpalace.co.uk
983826,funerariamicelli.com
983863,freepornvideo.biz
983888,f125jp4049.info
983906,fashionw.com
983939,farmaciagamo.com
983974,forensicscolleges.com
983975,frechzusammen.com
983988,fiero.nl
984005,freakyexhibits.net
984021,fansinblack.com
984028,fernart.ru
984030,fleetpas.com
984068,follifollie.com
984092,focuslifemag.co.uk
984100,fnps.org
984126,fubk.edu.ng
984141,ffspeleo.fr
984145,f150tremor.com
984160,freshcircle.ca
984214,finovel.net
984217,futterattacke.de
984230,fortunagamefun.com
984281,flipr.com.ar
984290,freedon.su
984294,friendsserver.com
984315,fmc-ag.ru
984319,foragingformula.com
984347,fairmeadowcomic.com
984358,fadoirishpub.com
984411,f110jp0242.info
984418,free-cloud.cc
984436,flowers4tenerife.com
984450,fundersandfounders.com
984455,foxeep.com
984460,forumvs.com
984469,fm1047.ca
984491,fahrrad-online-verkaufen.de
984508,fengshuiweb.co.uk
984514,fincompare.de
984562,fatpiratecasino.de
984681,flo-allo.ru
984699,free-horoscope.com
984742,freshjournals.us
984743,fjmnlg.com
984755,freshluckycentral.com
984795,findyourpark.com
984831,fvncw.com
984837,fujimi.me
984870,firstforwomen.co.za
984906,freshgigs.ca
984907,fraseric.ca
984967,flowonworld.co.uk
984970,frugalvillage.com
984983,florihana.com
985041,fluxvault.co.uk
985071,flowonspins.co.uk
985113,formated.ru
985218,furymine.com
985253,ftpserver.biz
985255,funky-friday.com
985271,fgzdxzz.com
985276,funtech.co.uk
985285,fusionlabs.ca
985292,futuremax.co.uk
985295,foreclosurehub.com
985303,firmtel.de
985347,flamanagriculture.com
985367,formulascout.com
985379,fitboxing.net
985388,flyingcases.com
985432,festifoly.info
985454,format-c.pro
985469,fpteid.com
985489,frequenze.it
985493,fullshine.net
985557,fotoimatge.net
985563,fireforge-games.com
985590,freebsddiary.org
985591,feniks.ru
985625,ftoaustralia.com
985696,fordhamram.com
985723,feddit.cl
985724,fadinglight.cn
985779,fragpeak.com
985780,featurebaseapp.com
985785,flirtenundmehr.com
985825,feministsforlife.org
985892,fairfaxeggbank.com
985942,fulda-online.de
985967,fosterrefrigerator.de
985979,fleep.io
985992,freshmommyblog.com
986018,focusukblog.co.uk
986020,foreno.de
986037,fixturedigest.co.uk
986155,firm101010.ru
986179,feloxac.com
986219,fregat-boats.ru
986221,feeldesain.com
986248,farenix.top
986291,foreignbride.net
986293,firstcontacthr.com
986296,felinus.cl
986340,fdp.ch
986347,flyon.top
986351,frisbegin.nl
986376,fgosonline.ru
986378,fscore.kz
986400,fullhomechina.com
986426,fyjs.cn
986427,fipolopsa.com
986428,fluxjackpot.ca
986455,flashgames2girls.com
986502,flawlessfood.co.uk
986529,filmpac.com
986546,foxygoldcasino.se
986609,fintmi2.com
986622,freshcmdb.com
986633,fabdepotusa.com
986691,fyxyun.com
986741,fliegenfischer-forum.de
986803,futurefield.co.uk
986829,farfarlight.com.ua
986913,fwvv.net
986918,freebee.pt
986928,ford.ch
986932,foupo.cn
986973,forth.website
987032,fractuslearning.com
987073,froglife.org
987094,fundacionkoinonia.com.ve
987098,fogo.com
987100,ferratum.de
987102,frontgrade.com
987152,funeralocity.com
987168,friendsofsabbath.org
987219,fuxinwang.com
987220,fluctis.com
987230,fernstudium-fresenius.de
987234,filmix.love
987262,figure-eight.com
987356,fs-unep-centre.org
987378,fanzisima.xyz
987446,futurespot.co.uk
987466,fesc.edu.co
987478,firstdigitallabs.com
987479,fjicl.com
987520,fortuneplatform.co.uk
987533,fuyoujz.com
987571,fpatletismo.pt
987615,feneberg.de
987655,futbolenlatv.com
987708,federmanager.it
987772,freedomhealthfoods.com.au
987825,fc88.fan
987869,f-shinkoukousha.or.jp
987870,futureonline.ca
987877,fstudio.pro
987933,fastream.io
987944,fakaza.cv
987945,farzaneganpars.ir
987969,funhousestore.ru
987978,footybitex.com
988004,flcompanydb.com
988009,falkensteinercamping.com
988032,fliptradegroup.com
988064,futemais.link
988077,fortuneresources.co.uk
988125,futurekorea.co.kr
988210,fadema.org.br
988211,fallzone.io
988212,feanatic.com
988213,feeregulatoryassam.com
988214,firmoo.jp
988215,fito.by
988216,fivemdealership.net
988217,foreverwickcandle.com
988218,freemp3music.org
988219,frivjogosonline.com.br
988370,fish-street.com
988386,fashn.ai
988393,faststaging.dev
988474,focusukonline.co.uk
988527,fedapay.com
988533,fjafz.com
988547,flagridge.co.uk
988628,frzdb.net
988642,filmstiftung.de
988657,faspraktika.ru
988674,fht.org.uk
988695,france-piter.ru
988795,fexhost.com
988801,feldhost.sk
988827,framingpainting.com
988856,feels-app.com
988866,finweb.com
988969,flowvistanest.com
988990,ftpaccess.cc
988991,foolix.com
989052,fastping.com
989078,famousbio.net
989083,flirtic.ge
989203,formulatorsampleshop.com
989213,fontfont.com
989227,family-cover.pl
989249,fikirturu.com
989253,freshconcept.fr
989264,fairytail-jut.su
989309,free-translator.com
989335,friendfeed.me
989342,f1headlines.net
989367,flyte.org
989406,first-reisebuero.de
989413,f98.casino
989416,fecomercio-sc.com.br
989446,fstmail.ru
989450,freefontzone.com
989453,fotocccp.ru
989458,fakeid.pm
989533,fazagualimpa.com
989590,facabook.com
989592,frenchlaundry.com
989618,fracin.net
989634,focussimpleonline.fr
989662,fsjungao.com
989665,fbc.net.ua
989752,f1688.onl
989756,filmhd1080.buzz
989765,fencesync.com
989822,fritos.com.mx
989826,filmamo.it
989827,freezepage.com
989831,foodandsens.com
989893,fanwenz.com
989918,farmacie-comunali.com
989925,forthvalley.ac.uk
989938,freeporn-ok.com
989940,familar.fi
989985,fabdec-store.com
989989,fashionablejourney.com
990004,flinn.org
990013,fact-news.com.ua
990020,freenduro.com
990053,fine-news.ru
990075,fusion-universal.com
990145,fix.net
990164,fixthecourt.com
990169,fygqtlby.com
990171,fondationbrel.be
990213,flashcom.com
990216,freebitcoin.io
990230,freshcoatpainters.com
990236,facturadirecta.com
990317,flixbus.be
990322,flightforum.fi
990343,fishofgold.net
990352,firsty.app
990360,fanwen51.com
990373,floridasupercon.com
990374,fmart.com.cn
990385,fakrocatimerdivenleri.com
990424,flirt-spiel.com
990429,fbpe.org
990445,fiyo.co.uk
990464,fusiontechnologies.ca
990465,freshbuzztrail360.com
990471,faapi.org.ar
990500,fscore-th.com
990539,fusionio.com
990548,flipgorilla.com
990559,ffn-connect.de
990570,flytjenesten.net
990583,filgolf.com
990592,focusstoc.com
990597,freshjump3.shop
990621,finbee.lt
990623,figi.nl
990661,farmamedspb.ru
990720,finance-fair.org
990726,freetubegolic.com
990806,forumcbr125.com
990860,freelinejapan.com
990874,filmandfurniture.com
990878,fashiontrendsetter.com
990888,fragrances-oil.com
990915,fengshangle.com
990921,fgsearch.com
990935,f8bet0.world
990938,f168vns.com
990943,findazvalleyhomes.com
990977,freshbritmedia.co.uk
991036,fengdupai.com
991051,futureway.com
991082,feromedia.tv
991093,fluoxetine.cyou
991108,fangyuantiandi.com
991111,focusedcreative.com
991135,fluks.cloud
991166,fortesys.ro
991188,f168hi.com
991206,futureporn.net
991224,freeclinicdirectory.org
991227,familyprotect.info.pl
991229,fonogramm.info
991344,footysexy.com
991391,fedupmovie.com
991401,finon.com
991432,felicity-jones.us
991487,france-effect.com
991510,fokusmuria.co.id
991511,fromanother.ca
991581,fiabitalia.it
991590,fuckoz.com
991601,faster.com.br
991643,ferreteriaonlinevtc.com
991650,familywillsep.co.uk
991658,femkit.de
991665,flable.ai
991700,flutterawesome.com
991725,frf-cca.ro
991747,fantasymarchingarts.com
991766,flowermag.com
991796,flexynode.com
991857,fuseswitch.shop
991897,framagenda.org
991910,fecamclm.es
991915,fietsenopfietsen.be
991916,freude-gesundheit.at
991941,fragridge.co.uk
991978,freefromharm.org
992015,firstam.cloud
992065,fairgroundsracecourse.com
992071,finishingbrands.com
992084,fileconverto.com
992118,feiwenge.com
992125,favoritepoem.org
992136,fortunelinex.nl
992139,flyanglersonline.com
992144,fossi-chat.org
992163,free-traffic.ru
992208,forskningsetikk.no
992230,forsoam.com
992262,fortworthcoc.org
992275,flowers4argentina.com
992308,feng-shui.ua
992343,fssxjx.cn
992345,fgage.com
992348,fashionweek.berlin
992390,fronteed.com
992469,fsg-zihlschlacht.ch
992533,frgbetaportal.com
992584,frasesypensamientos.com.ar
992600,foxporntube.com
992627,fcclainc.org
992643,folkdansringen.se
992648,floxia.fr
992663,freeyum.com
992682,flash789.xyz
992686,fishpttgo.com
992721,family-protect.gr
992732,farmacom.ro
992751,fitnessanny.com
992757,fictionary.co
992767,facebooi.com
992807,freebooknotes.com
992861,fundacionvicenteferrer.org
992865,fiftydegreesnorth.com
992889,frugalfarmwife.com
992923,fe-ddis.dk
992927,filo-soft.ru
992932,ffb1.com
992946,flightcrewview2.com
992992,firstline-it.com
993026,fortuneliftx.nl
993051,familyconsumermentoring.com
993056,f1w-6664.com
993074,flawluxe.co
993128,fm6.com
993136,fairy-wings.xyz
993138,fabricadevacante.ro
993141,forex-nawigator.biz
993145,freshlybulletin.us
993157,finanzcheck-stage.de
993205,freebonus.click
993289,fotosizer.com
993295,finavto.si
993300,fac.gov
993335,finalexam.cn
993362,fatherbroom.com
993387,fvcmrfmba.ru
993406,fmi.ch
993419,franscorack.com
993427,fashionabc.org
993437,flashbackj.com
993468,figueres.cat
993506,formz.com
993524,fusionoddsgo.com
993525,fromourplace.au
993564,flushparlay.com
993572,fcturan.kz
993587,f120jp4899.info
993635,facebook.tv
993654,fasme.asia
993655,fleetvisor.eu
993716,fairpocatello.com
993732,futurepalace.co.uk
993745,finpockete.com
993747,f010jp3269.info
993756,fanfiaddict.com
993781,flk.edu.hk
993829,fahrrad-tour.de
993857,fossiilid.info
993918,farmingsimulator19mods.pl
993979,fluxroom.co.uk
993992,filosofiaderecho-ugr.es
994045,forth.org
994047,f1688com.com
994055,flyingservers.net
994082,file-converter.org
994111,fizzy.do
994147,firstcitizensbank.com
994155,fastpdfreader.net
994219,femme.sk
994231,festivaldecarcassonne.fr
994245,fitapp.info
994253,focusonline.uk
994276,factchecklive.co.uk
994290,f-net.pl
994293,firstchekout.com
994327,facrbook.com
994337,freddiemercury.com
994371,fitwithalpine.com
994378,firstpagedigital.sg
994408,fameflash.co.uk
994426,friendfeed-api.com
994451,facto.ru
994480,familie-huettler.de
994497,frit-os.mx
994523,fastslots.ca
994548,facebookcom.com
994592,flora24.com.ua
994604,freemovie2day.com
994642,focusdeck.us
994644,fescebook.com
994654,flexdz.store
994686,fartovyi.com
994691,facebookinc.com
994732,frame.com.tr
994790,fscebook.com
994814,fnkaudit.ru
994832,franz-ferdinand.com
994837,foodproductiondaily.com
994858,focuspro360.co.uk
994937,findic.tw
994982,focustodayhub.co.uk
995014,fabricegrinda.com
995030,flywaygames.com
995114,fantasy-sandals.gr
995120,fackebook.com
995223,faceboik.com
995229,fedcivilservice.gov.ng
995240,fiskars-official.com.ua
995245,financeministersforclimate.org
995282,f-106deltadart.com
995283,fuckdiffer.com
995304,freshukmedia.co.uk
995338,ff14restanet.com
995349,feeda.io
995370,feldgrau.net
995394,ferruacompressors.com
995431,ferrarigroup.net
995445,focusquotidienonline.fr
995476,faithful-chemical.com
995497,focusclubtr.com
995500,fulldiziizle.com
995502,fundica.com
995507,fuckpublic.com
995539,fekopah.com
995715,ftp21.cc
995800,fhdc.hu
995803,franconnect.com
995825,findclick.biz
995832,freekassa.com
995852,foleyservices.com
995858,facebookworld.com
995879,f3df.ru
995909,fysiosupplies.nl
995910,facebook.cc
995924,fulltorque.com
995985,fasterdns.net
996018,fw.to
996062,forevertv.me
996085,facbeok.com
996091,flowers4ukraine.com
996096,fastglobalforgeworld.nl
996104,fap-guru.xyz
996123,futbolsapiens.com
996154,forcetech.net
996170,fashionbiznes.pl
996172,focusnews.us
996200,fritos.mx
996209,freefblikes.com
996273,freshit.ro
996298,freeinternet.bot
996306,fzanimpex.com
996346,filelu.com
996351,fr-gtr.ru
996368,foto-technika.pl
996402,fusiongaming.ca
996446,faberlic-mir.ru
996488,fieldexdirect.co.uk
996494,ffhsj.com
996520,facebooklivestaging.net
996547,footprint8.co.uk
996568,far.fi
996582,fertilitycenter.com
996588,feiyue706.com
996602,ficeboock.com
996624,feceboock.com
996646,freewebsiteformation.website
996681,francisartisanbakery.com
996707,film-tv-video.de
996750,frasesfamosas.com.br
996791,femsmahus.se
996799,freshheadline.us
996804,from.biz
996807,fxhillgroup.com
996825,familienkarte.at
996929,fitfantasies.com
996939,firstnational.com.au
996974,ferobanat.ro
996990,f123jp9953.info
996995,facebookw.com
996998,facebock.com
997029,fuechse.berlin
997040,faebok.com
997081,footy-boots.com
997082,filingbyexpert.com
997095,franciscanservices.com
997099,famillyprotect.be
997112,forum-grad.ru
997126,followerfabrik.de
997299,f3d-ai.com
997300,falconinternet.net
997301,fawqc.com
997302,fcxxh.org
997303,fellnner.com.br
997304,fgtbsk.com
997305,fiftyfourandahalf.com
997306,financialnerd.com
997307,finapartner.com
997308,flowdocs.com.br
997309,flwsly.com
997310,fonixapp.org
997311,fork2026.com
997312,fossofficial.com
997313,fotokopimakinasikyocera.com
997314,fpstest.me
997315,frankthetank.org
997316,frontrowcrew.com
997317,fujinavi.online
997318,fujitsu.co.uk
997319,fujitsu.se
997320,funk-o-logy.com
997727,filextras.com
997797,fundityres.co.za
997896,fyi.net
997945,fotomaster.com
997960,familyteam.top
997963,fishinfrenzy-casinoslot.co.uk
997983,freshbettingcentral.com
998005,file09.com
998022,furniture-china.cn
998090,fietsonderdelenvoordelig.nl
998152,fortuneforge.xyz
998196,fertilizerseurope.com
998211,fbn-dummerstorf.de
998235,fbnholdings.com
998269,flowertique.com
998288,felezatkhavarmianeh.ir
998387,fernbank.edu
998391,freshreelspoint.com
998392,fzdfmd.com
998424,fapsly.net
998459,feswebhost.com
998572,fesmsk.ru
998585,fusionodds.com
998674,freshlyheadline.us
998696,film-makerscoop.com
998743,felixkeller.net
998782,fecamptourisme.com
998806,fvrl.org
998807,fmrcloud.com
998819,fahrkartendrucker.de
998850,fenicsproject.org
998862,facebooksupplier.com
998903,futureproofmarketing.site
998909,focuscircle.ca
998926,fitness-i-axa.ch
998942,firstrand.net
998961,freewriterai.com
999017,fmcebook.com
999021,flowtracker.vg
999027,fzxq.com
999041,facwebook.com
999060,florian10.info
999063,finalfantasyforums.net
999153,freebsd.dk
999167,flashtweet.com
999204,freepoker.games
999210,floomby.ru
999218,fluxplay.ca
999225,fcisp.ru
999240,fastsite.ru
999246,freshlyupdates.us
999297,fixturelens.co.uk
999338,fiberopticalnetwork.com
999350,fluconazole.cyou
999392,francuz.ru
999412,froogle.com
999467,fassbender-tenten.de
999545,fondation-axa.com
999607,fahrplan-bus-bahn.de
999609,fiammatorrenucleo.it
999614,finagro.com.co
999655,fameaccessories.com
999667,freespinsfun.ru
999671,firewalltimes.com
999698,franks-tgirlworld.com
999702,fastresults.in
999755,framer.wiki
999767,fiddlefaddlepopcorn.com
999774,franklingasconade411.com
999786,frest.shop
999802,finepulfe.xyz
999809,fredminnick.com
999834,feedage.com
999863,fileae.com
999893,fuxam.app
999980,flat6labs.com
