id,domain
142,kaspersky.com
255,ksyuncdn.com
379,kaspersky-labs.com
384,kwai-pro.com
439,kwaipros.com
475,kwai.net
590,klaviyo.com
710,kick.com
720,ks-cdn.com
778,kunluncan.com
906,kontur.ru
926,kleinanzeigen.de
968,keenetic.io
969,kickstarter.com
983,kwai.com
1026,kueezrtb.com
1028,kwcdn.com
1047,kslawin.com
1147,kicker.de
1217,kakao.com
1257,kernel.org
1377,karnataka.gov.in
1437,kaspi.kz
1468,klikbca.com
1483,kooora.com
1545,kakuyomu.jp
1576,kompoz2.com
1585,kingbokep.tv
1664,keirin.jp
1693,kamababax.com
1703,kemkes.go.id
1718,koselarab.com
1719,kinnser.net
1731,kumanga.com
1752,kkstories.com
1799,kahoot.it
1802,kargo.com
2188,kde.org
2189,kgslb.com
2199,kohls.com
2244,klarna.com
2246,kunlungr.com
2279,kinopoisk.ru
2404,komikindo.ch
2488,klarna.net
2578,khanacademy.org
2579,kuaishou.com
2601,kasserver.com
2714,ksapisrv.com
2769,ksord.com
2789,knt9.xyz
2822,ko-fi.com
2831,keepverify.net
2846,kochava.com
2890,kunlunsl.com
2894,kbz0pwvxmv.com
2902,kpmg.com
2935,ke.com
3066,kqbd.mobi
3216,konami.net
3329,kicktipp.de
3339,kasperskylabs.com
3472,kakaocdn.net
3491,keenetic.pro
3766,ktalk.ru
3792,kraken.com
3953,kinghost.com.br
4000,kompas.com
4004,kp.ru
4020,ksyna.net
4027,knowbe4.com
4099,karte.io
4132,kingsgroupgames.com
4170,kwaicdn.com
4175,kia.com
4466,kit.com
4470,ketchcdn.com
4544,kandji.io
4587,kunlunaq.com
4594,kaufland.de
4613,kwimgs.com
4624,kuf.by
4691,kaggle.com
4698,kobo.com
4704,keplr.app
4742,kaltura.com
4784,kinoafisha.info
4817,kdocs.cn
4821,kadencewp.com
4848,keenetic.link
4873,kremlin.ru
4894,kaiserpermanente.org
4908,kommersant.ru
4937,kroger.com
4981,king.com
5047,krone.at
5048,kxcdn.com
5050,kzhi.tech
5071,kvant-telecom.ru
5102,krushmedia.com
5128,kijiji.ca
5138,kgns3.com
5142,kion.ru
5155,kayak.com
5201,knowyourmeme.com
5205,kwaipay.app
5209,kwai-pay.com
5292,kolnabo.com
5337,kotaku.com
5352,komect.com
5358,kakaku.com
5398,kontur.host
5456,kugou.com
5509,kubernetes.io
5590,kit.edu
5628,kbb.com
5670,kerala.gov.in
5686,komoot.com
5730,kcl.ac.uk
5757,konghq.com
5789,kustomerapp.com
5864,kucoin.com
5870,khaleejtimes.com
5957,kuleuven.be
6044,kuronekoyamato.co.jp
6119,kozow.com
6138,ku.edu
6175,klook.com
6273,kleinezeitung.at
6309,kytira.cc
6362,kolesa.kz
6376,kabum.com.br
6564,kameleoon.eu
6596,kgns1.com
6757,kidshealth.org
6759,kurir.rs
6854,kameleoon.io
6945,kinescopecdn.net
7016,kino-teatr.ru
7052,kemenag.go.id
7079,ku.dk
7125,kathimerini.gr
7135,knigavuhe.org
7201,kyoto-u.ac.jp
7210,kisskh.co
7268,kitco.com
7290,kth.se
7292,ksyun.com
7293,kemono.cr
7294,kariyer.net
7313,klevu.com
7378,kaptcha.com
7380,kiabi.com
7473,kff.org
7507,klix.ba
7510,kabutan.jp
7525,kidoz.net
7535,kufar.by
7636,ky.gov
7638,krakow.pl
7654,kemendikdasmen.go.id
7666,komiku.org
7706,kas-labs.com
7712,ks-live.com
7782,keenetic.ru
7797,kayzen.io
7799,kenh14.vn
7978,kurashiru.com
8017,knock.app
8063,kinogo.ec
8113,konami.com
8166,kuiniuca.com
8174,kunlunhuf.com
8185,korona.net
8242,kinogo.online
8250,kavak.com
8318,kmart.com.au
8327,kaliscan.io
8349,kisskh.do
8422,kingofshojo.com
8455,kampyle.com
8576,ketchjs.com
8582,kingmods.net
8667,keibalab.jp
8701,kniga-online.com
8753,ksycdn.cn
8854,kinsta.cloud
8913,kikkoman.co.jp
8972,k-manga.jp
8986,kupi.cz
9050,karger.com
9060,kriesi.at
9114,kuruma-news.jp
9154,kamigame.jp
9166,krikya11.club
9167,klickpin.com
9260,kashoob.com
9342,kemdiktisaintek.go.id
9353,komiku.asia
9452,kingoftime.jp
9454,kantimehealth.net
9475,kdreams.jp
9508,ktrmr.com
9538,krx18.com
9566,klerk.ru
9593,kisskh.nl
9661,kurnik.pl
9757,krxd.net
9837,kgirls.net
9857,kaixo.com
9878,kamareels2.com
9899,kemensos.go.id
9902,keiba.go.jp
9913,kaldagan.com
9924,kanamic.net
10069,kantotflix.tv
10072,kanesex.com
10074,klubzaodrasle.com
10079,keralalotteries.net
10122,keralalotterytoday.com
10127,kalshi.com
10133,katorsex.me
10196,kingvidey.com
10262,kolkataff.in
10263,kolkataff.tv
10385,kurier.at
10405,kryptex.network
10428,klingai.com
10614,klczy.com
10619,kpcdn.net
10626,keybase.io
10755,kpn.net
10842,k2.cloud
10843,kmv.ru
10931,kazanexpress.ru
10951,kasikornbank.com
10968,kettledroopingcontinuation.com
11014,kunlunar.com
11049,kahoot.com
11118,k-img.com
11165,kw.com
11167,kqed.org
11184,klarnacdn.net
11236,k8slens.dev
11264,keio.ac.jp
11374,kunlunle.com
11407,kajabi.com
11414,krisp.ai
11570,ksl.com
11633,kunlunso.com
11648,koreatimes.co.kr
11673,kulichki.net
11687,kubiobuilder.com
11690,kongregate.com
11750,kumulos.com
11758,kiro.dev
11759,kanald.com.tr
11769,komus.ru
11790,kiwi.com
11834,kickoffo.site
11840,kp.org
11846,klarnaevt.com
11878,kqzyfj.com
11906,kunlunca.com
11946,kodak.com
12198,kugou.net
12238,kaercher.com
12239,kiplinger.com
12249,krebsonsecurity.com
12294,kissjav.com
12402,kidsa-z.com
12404,ktla.com
12413,khabaronline.ir
12484,kambicdn.com
12606,ketogo.app
12653,kimberlite.io
12698,kreiszeitung.de
12831,kununu.com
12886,kredito24.in
12887,kaufda.de
12923,kingexch365.com
12988,kill-bot.ru
13012,kansascity.com
13038,korrespondent.net
13098,kskwai.com
13141,kundelik.kz
13244,kochglobalservices.com
13298,ksmobile.com
13309,keepersecurity.com
13320,ksearchnet.com
13365,klipy.com
13395,kazfv.com
13405,kbs.co.kr
13428,keymachine.de
13508,kwork.ru
13566,kombinat.digital
13595,kew.org
13607,kingston.com
13662,kinsta.com
13830,kunlunea.com
13874,khan.co.kr
13914,ksyuncs.com
13935,ktfpkjt.com
13971,kimi.com
13976,kuwo.cn
14013,kunlunpi.com
14074,kwikdns.com
14100,kabutoservices.com
14172,kiosgamer.co.id
14224,klm.com
14267,kuula.co
14287,keysight.com
14335,koreaherald.com
14365,knightlab.com
14454,ksu.edu
14542,konkurent.ru
14557,kra.go.ke
14580,kali.org
14583,kanoon.ir
14587,kyushu-u.ac.jp
14605,kuccps.net
14684,kent.edu
14730,kreativmedia.ch
14750,kooora-sia.com
14852,khl.ru
14925,kino.de
14955,kunmanga.com
15042,knipp.de
15056,kfw.de
15076,kpdcl.net
15090,khelo24bet88.com
15091,kinghorsetotox58.com
15141,k8s.io
15164,kinescope.io
15173,k-state.edu
15321,kiwisizing.com
15378,kerio.com
15478,krisha.kz
15522,kunasystems.com
15532,kuttymovies.mobile
15623,kropozel.com
15733,kuper.ru
15738,kent.ac.uk
15754,kl9sov4.com
15866,kingdomtotox65.com
15867,kingdomtotox66.com
16257,kan.org.il
16444,kuaishouzt.com
16463,kamaz.ru
16526,kodakbot.ru
16573,kantei.go.jp
16575,klaviyodns.com
16626,kddi.ne.jp
16640,kvaedit.site
16662,klarnaservices.com
16678,kyivpost.com
16706,kaskus.co.id
16707,ks.gov
16753,ksta.de
16825,kaist.ac.kr
16850,king5.com
16908,kohlr.com
16959,kpn.com
17062,knotch.it
17104,kddi.com
17135,kagoya.net
17153,komonews.com
17180,ki.se
17243,keepa.com
17296,kiwislot.co.nz
17299,kommo.com
17373,kyoto-np.co.jp
17411,kik.com
17448,kxmp.cf
17474,klclick.com
17498,kitapyurdu.com
17577,kyivindependent.com
17640,kir2kos.net
17690,khinsider.com
17872,kffhealthnews.org
18004,kartoshka.co.uk
18009,kaluzaplatform.net
18058,kidoodle.tv
18163,kizlarsoruyor.com
18175,kimovil.com
18177,k-words.io
18290,komoot.net
18307,kompass.com
18378,kkday.com
18415,kaspersky.ru
18452,kidney.org
18478,kupujemprodajem.com
18521,krebson.ru
18570,keydisk.ru
18733,koreanair.com
18782,kama.gs
18799,kantar.com
18856,kiva.org
18894,keepass.info
18895,khelo24match99.com
18973,komoot.de
19024,kachelmannwetter.com
19042,kueezssp.com
19054,krafton.com
19155,kakaopay.com
19183,kro.kr
19270,kinokuniya.co.jp
19299,kejaksaan.go.id
19323,knox-matrix.com
19402,kku.ac.th
19575,keibabook.co.jp
19576,kmsmep.com
19646,kinepolis.fr
19670,khou.com
19735,kids360.app
19963,klart.se
19970,kodi.tv
19998,kr-weathernews.com
20032,kas.de
20188,kxan.com
20211,koctas.com.tr
20263,keymetrics.io
20326,kissmetrics.com
20351,knotch-cdn.com
20364,kntxy.com
20370,k-msedge.net
20458,ktalk.host
20510,kosmo.com.my
20700,kb.se
20776,kb4compliance.com
20813,kadokawa.co.jp
20849,kassir.ru
20916,khronos.org
20925,kwaionline.com
20959,kagi.com
21019,kaotic.com
21026,kiryuu.to
21046,keeptruckin.com
21169,k5a.io
21185,kauppalehti.fi
21245,ktcdn.co.kr
21354,kinogo.my
21472,keralapsc.gov.in
21537,kwestiasmaku.com
21607,kubtel.ru
21610,kyivstar.ua
21616,kabu.co.jp
21636,komikcast.fit
21649,kimochi.info
21745,kmart.co.nz
21933,kempinski.com
21937,keyx0.net
21944,ksat.com
21948,kinozal.tv
21955,khuiai.com
22018,kingarthurbaking.com
22019,kyounoryouri.jp
22156,kyodemo.net
22192,k7nx.in
22196,keujxjzjan.net
22201,kepco.jp
22220,keenetic.name
22232,kingcounty.gov
22257,kfupjdslti.net
22266,kapwing.com
22271,kts.fox
22325,kenpai.com
22339,khaadi.com
22346,kimiafarma.co.id
22437,keksik.me
22439,kapanlagi.com
22517,kcra.com
22537,ksu.edu.sa
22541,ktu.edu.in
22608,kare11.com
22649,kvs.gov.in
22666,kariyerkapisi.gov.tr
22732,kirkusreviews.com
22788,kennesaw.edu
22838,kisskh.buzz
23004,kensetsu-site.com
23036,khelaghor77.com
23060,kpnmail.nl
23085,kinovasek.net
23144,kingdomtotox67.com
23188,kuehne-nagel.com
23246,kyoteibiyori.com
23263,kambimalayalamkathakal.com
23280,kingdeportes.com
23281,kuronavi.one
23325,kasta.ua
23350,keiba-lv-st.jp
23366,kktix.com
23370,kabel-deutschland.de
23386,khaosod.co.th
23412,kwaizt.com
23426,kh.edu.tw
23462,kmcert.com
23467,kinghost.net
23507,katu.com
23516,komikapk.app
23526,ktvu.com
23609,kayatan.org
23642,knoxnews.com
23695,kcrw.com
23715,kuttymovies1.fast
23729,kaizoku-jolly.com
23771,kkr.com
23828,khata.pe
23829,kpkbmha.in
23830,kura-vie.jp
23902,kdns.fr
23935,kaseya.com
23961,kinedns.net
24044,kegg.jp
24077,kruidvat.nl
24090,ks.works
24120,kei.pl
24187,kinorium.com
24201,kyodonews.net
24229,koshkaproxy.shop
24340,ksmobile.net
24348,kapper.net
24402,kodansha.co.jp
24406,kkbox.com
24441,kohler.com
24468,ksyunv5.com
24481,kaik.ai
24539,kobe-u.ac.jp
24847,kupibilet.ru
24859,koa.com
24900,kikakeyboard.com
24901,kornferry.com
24982,kyobobook.co.kr
25059,km.ru
25113,kkb.kz
25123,kennedy-center.org
25131,kuaidi100.com
25226,karelia.ru
25234,kyocera.biz
25244,kdvr.com
25290,kenpains.com
25312,kentucky.com
25325,kompasiana.com
25376,knotch.com
25433,kolide.com
25480,karwei.nl
25501,kinguin.net
25580,key.com
25700,kidswebservices.com
25714,kottke.org
25720,k8.com.br
25779,knt.co.jp
25797,kvk.nl
25826,kgw.com
25839,konfidency.com.br
25931,k12.com
26026,kstp.com
26049,kubnews.ru
26052,knmi.nl
26100,ktrackers.com
26143,kitchenaid.com
26167,kknews.cc
26176,kumparan.com
26227,klink.best
26258,kipuworks.com
26274,knaben.org
26302,kbhgames.com
26359,keeflys.com
26371,kataweb.it
26374,kurogames.net
26449,koddi.com
26570,kingqf.com
26690,kling.ai
26740,kidztri3.com
26746,kmu.gov.ua
26761,keywordtool.io
26762,kaiostech.com
26767,kotlinlang.org
26811,kvcore.com
26886,kebhana.mx
26900,knowing-jesus.com
26940,kari.com
26973,klara.com
27055,ktnv.com
27062,keybank.com
27117,kfzimg.com
27132,kiddle.co
27158,kbstar.com
27202,kcn.ne.jp
27234,ksosoft.com
27240,kinotik13.xyz
27241,k-dyn.com
27292,kwork.com
27301,kookjar.com
27325,ktown4u.com
27327,ke2therm.net
27426,kone.com
27449,knauf.com
27527,kaleidescape.com
27534,kgns5.com
27549,kvint.io
27559,knaw.nl
27581,kogan.com
27592,k5learning.com
27623,koreadaily.com
27632,ksztone.com
27654,kfc.com
27695,krea.ai
27742,kaseya.net
27769,kushub.com
27809,katherena.com
27875,kwsp.gov.my
27984,kraftonde.com
28006,ks-la.net
28104,keepitpumpin.io
28241,kaufland.com
28275,k-2-j-d.com
28298,keisan.site
28319,kalay.net.cn
28427,kenya-airways.com
28450,k2s.cc
28467,ktm.com
28502,katren.ru
28570,krita.org
28600,kapook.com
28629,kylos.pl
28677,kbzpay.com
28705,klei.com
28739,keybaseapi.com
28789,kartina.tv
28791,krista.ru
28810,kobobooks.com
28854,knoji.com
29003,konicaminolta.com
29102,korea.ac.kr
29193,kenyon.edu
29211,kleientertainment.com
29226,kompas.id
29467,klclick1.com
29566,kutv.com
29723,kayak.co.uk
29836,kartra.com
29922,kpbs.org
29944,kgmedia.id
29966,kaizengaming.com
30002,komikdewasa.art
30017,komiktap.info
30026,kebirhost.com
30182,kangtotoberjaya.biz
30326,kotobank.jp
30377,kt.com
30394,kbos.net
30435,kvue.com
30492,ksdk.com
30575,kas-dns-server.de
30582,kcci.com
30585,kanjp.com
30595,kaizhenglaw.com
30625,kentonline.co.uk
30669,king-wifi.win
30686,ku.ac.th
30795,kiz6dar-tncr.net
30799,kormany.hu
30837,ksrtc.in
30838,kookeey.info
30958,kyoto.lg.jp
30965,kpi.ua
31036,kym-cdn.com
31039,kdvm.ru
31040,konicaminolta.jp
31071,kanopy.com
31204,klanlar.org
31205,kyawgyi.com
31264,kamakathalu.com
31270,koshalworld.com
31379,kemenimipas.go.id
31387,katmoviehd.cymru
31414,krautmtrk.com
31418,keurig.com
31465,konaman.ru
31496,karsanj.net
31501,kron4.com
31538,kaltokan.com
31596,ki87he.com
31673,krystal.co.uk
31721,kmp.im
31749,kochind.com
31819,kabook99.co
31820,kentutgairah.store
31892,keizai.biz
31939,kirlediuka.ru
31951,kujiale.com
31955,knipp.net
32098,kaufland.cz
32110,komen.org
32130,kuka.com
32315,kcdn.online
32378,kansas.com
32393,kinja.com
32396,kfqzdfwzx.cn
32405,knack.be
32439,kingston.ac.uk
32534,kgns4.com
32664,kyivstar.net
32701,kering.com
32709,kc.rocks
32799,kaufland.sk
32829,kwaixiaodian.com
33043,kakaogames.com
33066,kolibrigames.com
33116,kyschools.us
33120,kentek.ru
33157,kiro7.com
33280,khabarvarzeshi.com
33336,koosoo.cn
33441,kenet.or.ke
33456,kurzy.cz
33490,kwaiselfcdn.com
33581,kiwify.com.br
33596,ksyuncdn-k2.com
33607,kelkoo.com
33629,kisti.re.kr
33718,kpadplayer.com
33730,kraftheinz.com
33736,keen.io
33859,kcdn.kz
33866,kiabi.es
34008,kumamoto-u.ac.jp
34033,krskstate.ru
34064,kxlims.com
34076,kleinisd.net
34088,kunlunno.com
34178,kornet.net
34240,karresults.nic.in
34342,kobe-np.co.jp
34372,khabarpu.com
34418,kfor.com
34425,kdmid.ru
34473,kaust.edu.sa
34514,kingjamesbibleonline.org
34518,khanoumi.com
34681,kuantokusta.pt
34684,kookdns.com
34714,kawasaki.com
34725,kanav.ad
34754,kfzteile24.de
34889,khamsat.com
34924,kmail-lists.com
34945,kdnuggets.com
34961,khzdq.com
34969,kuramanime.ing
35044,kcrg.com
35091,karawangkab.go.id
35098,kalanda.net
35143,khn.org
35192,katespadeoutlet.com
35212,kickscrew.com
35256,kielce.pl
35259,ksrndkehqnwntyxlhgto.com
35342,kroll.com
35344,keycdn.com
35361,kuvo.com
35433,kupikod.com
35437,kddziot.online
35519,katespade.com
35569,keenetic.net
35573,kay.com
35633,kajabi-cdn.com
35644,kck.st
35658,kink.com
35831,kennasecurity.com
35853,karrotmarket.com
36023,kikocosmetics.com
36154,kangwon.ac.kr
36250,kobieta.pl
36287,kingsoft-office-service.com
36430,kachingappz.app
36483,kotak.com
36490,kasperskylabs.net
36653,kalleh.com
36663,koreaboo.com
36688,kyndryl.com
36729,karzar.net
36764,khodro45.com
36831,ktv.jp
36905,kmk.org
37074,kaoyanying.com
37107,konimbo.co.il
37259,kpfu.ru
37308,kumu.io
37393,kiaughdinning.qpon
37403,ktnet.kg
37413,katholisch.de
37419,kg-br.com
37473,ksj.com.cn
37531,kyero.com
37570,kmf.kz
37584,ktvb.com
37676,komus.net
37745,klickly.com
37752,kobotoolbox.org
37759,kearney.com
37793,kjvbiblenow.com
37801,krytonitelock.com
37846,kingsoftstore.com
37856,kcau.ac.ke
37861,keka.com
37898,kontan.co.id
37908,kuow.org
37946,kptv.com
37988,kodeks.ru
38025,kun.uz
38148,konten.com
38180,kaznu.kz
38251,killbot.ru
38260,kk.org
38312,keepersecurity.eu
38360,ka-blogs.com
38378,koreascience.kr
38441,kmart.com
38464,kyalsin.com
38472,koin.com
38488,kayako.com
38515,kivbf.de
38606,kaiten.ru
38615,korelogic.com
38630,kens5.com
38714,kucoin.plus
38884,khu.ac.kr
38904,koselarab.plus
38915,kokusen.go.jp
38925,kingviral.baby
38934,kumc.edu
38964,keratontogel.online
38966,kyoukaikenpo.or.jp
38987,kir.jp
39022,kreloses.com
39039,keras.io
39109,kek.jp
39178,krasnodar.ru
39217,kawanpaitomember.com
39236,krunker.io
39334,kiwifarms.st
39339,kibibe.com
39383,koray.live
39393,kumarpay.in
39413,k1k.me
39436,kampungmodern.com
39516,khabar.bet
39549,kochbar.de
39590,krqe.com
39723,kb.nl
39727,kemenkeu.go.id
39752,krispykreme.com
39814,kukufm.com
39848,ksdom.kr
39934,krungthai.com
39935,kinepolis.ch
39943,kovrov.net
39956,ktoeto.online
40048,kpprc.edu.tw
40184,kueskipay.com
40255,knfmp.net
40273,kompas.tv
40419,kindai.ac.jp
40471,keele.ac.uk
40491,koala-apps.io
40625,kruidvat.be
40722,kprofiles.com
40777,knet.cn
40804,kenhub.com
40828,kao.com
40840,kalayservice.com
40902,kirin.co.jp
40905,kcell.kz
40909,kilojaya.com
40925,ketv.com
41022,keqysxy.com.cn
41046,kctv5.com
41097,keepandshare.com
41102,korea.kr
41168,kuolkoola.com
41272,keywordseverywhere.com
41287,kru.pl
41316,kream.co.kr
41383,korabli.su
41422,ky3.com
41461,kktlab.ru
41472,koi.security
41599,kintg.site
41652,kicktipp.com
41656,kudyznudy.cz
41665,koreaidc.com
41702,korben.info
41800,kebhana.com
41888,katfile.space
41923,kaptest.com
41959,kryptex.com
41969,ku.edu.tr
41986,kerbalspaceprogram.com
42208,kleekr.com
42243,kore.ai
42359,khamenei.ir
42396,karte-edge.io
42429,kuaishou.cn
42447,krak.dk
42454,kesug.com
42496,karcher.com
42519,kyutech.ac.jp
42565,kpnqwest.it
42579,klops.ru
42629,kmip.org.cn
42630,knorr.com
42670,kiln.fi
42737,knightfrank.com
42777,krstarica.com
42852,kinepolis.be
42915,kurogame-service.com
43106,knuddels.de
43152,kbcard.com
43166,kuna.net.kw
43183,knifecenter.com
43339,kixeye.com
43402,kurogame.xyz
43498,korg.com
43604,khqsdl.com
43614,kirklands.com
43633,kkbox.com.tw
43670,kuku.lu
43697,kone.gg
43807,koumbit.net
43821,kuajingmaihuo.com
43829,knology.net
43854,kioskdns.com
43877,koco.com
43913,kela.fi
43944,kika-backend.com
43958,kendrascott.com
43962,kshb.com
44071,kloudns.co.uk
44114,khon2.com
44132,koleo.pl
44204,kashkick.com
44254,kobv.de
44293,kursiv.media
44348,ksant.cn
44411,kora-sia.com
44414,komeri.com
44494,kb.dk
44508,konicaminoltamarketplace.com
44595,kai.id
44668,karousell.com
44686,kidsapps.pro
44737,kittl.com
44806,kurly.com
44836,kerberus.com
44891,kohlsimg.com
44908,katv.com
44927,keenfootwear.com
44928,kln.gov.my
44943,klarinsights.net
44978,kouming.net
44984,korlidon.com
44985,kinepolis.es
45039,kcom.com
45054,kmntc3ty8boq.online
45079,kissthenet.net
45082,kwalee.com
45217,kotvpn.net
45275,kzn.ru
45338,kaixinkan.com.cn
45383,kanzlei-hasselbach.de
45419,kul.pl
45458,ku6.com
45516,kayak.fr
45517,karuka.tech
45543,kao.co.jp
45552,kcur.org
45554,kaa.lt
45663,koimoi.com
45665,kc-usercontent.com
45678,kaluza.com
45680,kkoper.cc
45721,kongfz.com
45729,koat.com
45776,kumed.com
45817,k2twonline.com
45822,kefir.games
45924,kundenserver.de
45985,keralavisionisp.com
45987,klaviyomail.com
46008,kmib.co.kr
46009,kant.ru
46031,korail.com
46039,katestube.com
46147,knu.ac.kr
46159,kredivo.com
46214,komputronik.pl
46316,kijangwinjungle.com
46446,khm.at
46547,kajicam.com
46555,ktmb.com.my
46579,kinokuniya.com
46602,kingsofsatta.com
46680,koddos.com
46825,knihydobrovsky.cz
46829,kjsl.com
46837,kintetsu.co.jp
46853,kold.com
46864,klarmobil.de
46953,kylieblog.com
47155,kyocera.com
47222,kingclouddns.com
47275,komputerswiat.pl
47289,kinder.com
47411,ksyunjiasu.cn
47429,kt.co.kr
47434,kefirgames.ru
47443,kmbc.com
47448,kanaloco.jp
47501,kushub.net
47608,kcxru2940637fafa.com
47671,ksztshushu.com
47750,kiwify.com
47753,kiehls.com
47848,ktc.kz
47908,keralakaumudi.com
47966,kooappsservers.com
47985,kentik.com
48008,katadata.co.id
48037,kanbkam.com
48099,k-ruoka.fi
48107,kenrockwell.com
48108,ktar.com
48199,kalbarprov.go.id
48208,katalon.com
48266,ktb.gov.tr
48280,kinxcdn.com
48284,kpkmonr.com
48289,key-drop.com
48291,kvraudio.com
48305,kshosting.co.kr
48359,kakig2940637fafa.com
48399,keenspace.com
48404,kinoza.life
48425,kyeonggi.com
48446,kik-live.com
48454,kalostv.com
48527,kik.de
48542,kicktipp.pl
48570,kk.dk
48626,knesset.gov.il
48632,kabanchik.ua
48645,kagoshima-u.ac.jp
48704,kooply.com
48723,keycloak.org
48760,kagome.co.jp
48797,kcg.gov.tw
48799,karlsruhe.de
48873,kakobuy.com
48894,kiwa.com
48922,ksmn-myski.ru
48938,keemotion.com
49011,kiwidisk.com
49068,klasgame.com
49075,kansai-u.ac.jp
49164,kit-mail3.com
49196,kinoplan24.ru
49227,kobe.lg.jp
49240,kathmandupost.com
49276,kdenlive.org
49284,kuruma-ex.jp
49291,kr123.com
49317,kuleuven.ac.be
49351,kvakzon.top
49410,knak.io
49423,kicktipp.es
49438,kaina24.lt
49450,kennametal.com
49488,karar.com
49509,keloland.com
49521,kimsufi.com
49550,kipling.com
49569,kayak.es
49588,k-bid.com
49617,kareo.com
49631,kidpowers.com
49641,kob.com
49644,kayosports.com.au
49673,kaunet.com
49682,killboard-1.com
49705,kinepolis.lu
49726,koreatimes.com
49729,kjzz.org
49767,kolesa-darom.ru
49777,kennedyspacecenter.com
49814,knfilters.com
50004,kepriprov.go.id
50051,kalodata.com
50106,kicktipp.at
50179,knust.edu.gh
50215,kapsi.fi
50220,kyberswap.com
50228,kinoteatr.ru
50246,korea.net
50249,kie.ai
50273,kaplanlearn.com
50324,ksbxbz.com
50335,kashalot.com
50376,kef.com
50488,kro-ncrv.nl
50530,kir-portal.ru
50536,kiwifun.games
50545,kith.com
50555,koreus.com
50632,krakenfiles.com
50789,katmoviehd.top
50850,kbc.be
50869,kotisivut.com
50870,kiyoh.com
50948,kikar.co.il
50955,kidstaff.com.ua
50975,kg.ac.rs
51082,krystal.uk
51243,klsescreener.com
51247,krbitget.com
51318,kenyans.co.ke
51475,kalerkantho.com
51476,kayak.com.br
51483,keepassxc.org
51497,kaaverse.com
51525,kitty.mobi
51548,kgbinternet.com
51613,kbv.de
51697,kusuguru.co.jp
51706,kameleoon.com
51710,korats.net
51782,kaufmich.com
51798,kadinlarkulubu.com
51819,kn-online.de
51844,krishitalk.com
51861,koolearn.com
51913,klikk.no
51953,key-systems.net
52103,ke2.io
52106,kahaku.go.jp
52107,kwtx.com
52206,kurs.com.ua
52271,karafun.com
52292,kensington.com
52311,km77.com
52373,kinghorsetotox59.com
52425,kiwibank.co.nz
52470,kinepolis.com
52476,kenic.or.ke
52526,konkuk.ac.kr
52585,komi.io
52603,keitaro.io
52690,kitapsec.com
52793,kooray.live
52795,kitantik.com
52803,kotobukiya.co.jp
52844,kuroy.me
52903,kgeu.ru
53018,kytwx.cn
53050,komaruvpn.ru
53066,ketodermic.org
53120,konviva.com.br
53156,krzn.de
53199,ktvz.com
53210,kmu.edu.tw
53284,k3s.io
53438,kuzbass.net
53456,kznexpess.com
53475,kr3m.com
53597,kenect.com
53634,kelloggs.com
53655,kumbe.it
53660,kinja-img.com
53705,koho.ca
53723,kaidee.com
53742,kai-you.net
53779,klamm.de
53797,korkusuz.com.tr
54002,klims.cn
54068,krnglasses.com
54157,kiwoom.com
54161,kosis.kr
54168,kwai-video.com
54247,kworb.net
54304,kaleidoscope.co.uk
54349,klipsch.com
54385,koha-community.org
54400,kwch.com
54411,kickass.ws
54428,kueez.net
54517,kut.org
54536,kijk.nl
54561,kci.go.kr
54737,kadaster.nl
54778,kunlungem.com
54830,kentucky.gov
54841,kaup24.ee
54848,koddi.io
54865,kryptodev.ru
54876,kavehome.com
54898,karveel.com
54932,kentlive.news
54938,kmutt.ac.th
54965,khanbank.com
55011,kaktus.media
55013,kohld.com
55069,khabarban.com
55072,kingstone.com.tw
55089,kunden.de
55138,kaleva.fi
55254,komchadluek.net
55275,kbtelecom.net.tw
55311,kismia.com
55319,kaminari.systems
55322,kmtn.ru
55359,kastatic.org
55430,khoros.com
55551,kingbokep.video
55607,kemobl.ru
55641,kidzsearch.com
55698,kenyawebexperts.co.ke
55768,kamilkoc.com.tr
55814,kuwaitnet.net
55870,kenwood.com
55872,kroft.ru
55931,kbtx.com
55954,kytwx.com
55984,kfc.co.jp
56004,kewpie.co.jp
56126,kidultlovin.com
56135,kristal.ru
56232,kra.co.kr
56320,kwik-fit.com
56346,kudikina.ru
56376,k-vrachu.ru
56381,kustom.co
56493,kaskus.id
56598,kleep.ai
56632,kgm.gov.tr
56648,kbtelecom.net
56680,kidc.net
56711,karaca.com
56723,karriere.at
56769,knigoed.net
56824,kp.ua
56872,kinx.net
56907,kau.se
56953,knygos.lt
56997,kulichki.com
57064,kyodonews.jp
57093,k-powernet.com
57094,kimc.co.kr
57147,kcbgroup.com
57158,keenthemes.com
57191,karkkainen.com
57249,kolumbus.fi
57403,kunpengclub.com
57437,keralauniversity.ac.in
57439,kolo.net
57652,ksp.co.il
57662,kabinedasnovinhas.com
57672,kisskissbankbank.com
57692,kmplayer.com
57731,kkdnsv1.com
57756,karbonhq.com
57792,kobayashi.co.jp
57827,kotsovolos.gr
57828,kanoplay.com
57861,kt-idc.com
57875,kalunga.com.br
57904,klikindomaret.com
57965,kupbilecik.pl
58043,kosmetista.ru
58074,kurs24.com
58076,kgex.com.tw
58077,khmertimeskh.com
58126,kfupm.edu.sa
58127,kramp.com
58172,kaliscan.me
58263,kfa-juelich.de
58385,kicker.at
58404,kingdread.de
58407,king-jouet.com
58419,klodn1hhr.com
58437,koodomobile.com
58522,kx.com
58610,kaliscan.com
58645,ko-vu.com
58649,ksn.com
58661,kotaku.com.au
58690,kanobu.ru
58694,knightfoundation.org
58695,kbronet.com.tw
58728,kicks.se
58758,kvinneguiden.no
58793,kttk.ru
58798,korodrogerie.de
58828,key-components.com
58834,kawasaki.jp
58892,kamensktel.ru
58907,konsole-labs.com
58908,kilo.ai
58923,kingsoft.jp
59021,kingcomix.com
59174,kazynashylyk.kz
59181,katitube.com
59215,knightslots-ca.com
59232,kissmetrics.io
59242,kojinbango-card.go.jp
59249,kumanichi.com
59329,kaywa.com
59340,koronapay.com
59353,kueski.com
59358,kotakneo.com
59364,k.fi
59366,kwaishop.com
59385,kino.kz
59389,kango-roo.com
59428,komeda.co.jp
59442,kernel-lib.com
59529,klaun.ch
59544,kba.de
59546,keychron.com
59550,keranews.org
59589,kaufland.pl
59596,kinogo.org
59612,komehyo.jp
59627,kaplan.com
59652,kidsline.me
59731,kemper.com
59748,kyruus.com
59773,kmalgo.com
59871,karenmillen.com
59908,kinovibe.cc
59920,kiabi.be
59967,ksb.com
60048,kfc.co.uk
60119,kesq.com
60124,kempt.net
60203,katom.com
60213,kin.co
60238,kurganobl.ru
60277,keyfactorpki.com
60284,karaoke-version.com
60297,koshelek.app
60359,kyocera.co.jp
60391,keenetic.cloud
60393,ketorolix.com
60397,kpler.com
60487,konsol.pro
60584,kurpirkt.lv
60621,kebecweb.com
60644,keap.com
60658,katretter.de
60692,kinoheld.de
60765,komparing.com
60884,klabgames.net
60891,kingdraw.cn
61012,kseb.in
61016,k1pool.com
61072,ksml.fi
61088,koprabymandiri.com
61089,kao-kirei.com
61142,kiosko.net
61219,kemdikbud.go.id
61221,kjkgfgroup.com
61312,kappahl.com
61338,kickoff.com
61347,keene.edu
61349,konmari.com
61418,kopazar.com
61447,kkddosdns.com
61474,kaigojob.com
61523,kdlparentalcontrol.com
61529,kingdee.com
61559,ketteringhealth.org
61571,komplett.no
61594,konest.com
61648,kosho.or.jp
61671,kodikres.com
61675,keekass.com
61704,klm.nl
61791,kloomba.com
61822,kefirgames.com
61893,kimt.space
61912,kindful.com
61941,kiabi.it
61984,knigoblud.club
62064,koyeb.app
62071,konbini.com
62107,kinogo.li
62173,kissjav.li
62179,kik.gov.tr
62180,kurzurlaub.de
62210,keihi.com
62258,kingsfund.org.uk
62262,kolesa.ru
62269,keliweb.com
62272,kamusm.gov.tr
62300,kervinteractive.com
62393,kennelliitto.fi
62397,kusurinomadoguchi.com
62463,kaldi.co.jp
62469,karaoketexty.cz
62472,kurzweilai.net
62482,kelianle.com
62487,k-rauta.ee
62540,kitsapsun.com
62552,krakenflex.systems
62562,kulturologia.ru
62635,kvibber.com
62952,kzw188.com
63011,kinky.nl
63045,kiotviet.vn
63058,kazkino.net
63065,kiteworks.com
63095,kanazawa-u.ac.jp
63161,kexp.org
63166,kayak.com.co
63213,koket.se
63230,kfoxtv.com
63234,komazawa-u.ac.jp
63303,kenpoguy.com
63330,kingspan.com
63442,koah.ai
63450,kent.ca
63459,kuso.xyz
63462,knockporn.com
63477,kipa.co.il
63492,kingsoopers.com
63511,kltv.com
63520,kansas.gov
63613,kxsdxgifig.net
63615,khaberni.com
63652,kinogo.biz
63703,kookporn.com
63734,kyoto-su.ac.jp
63766,kotra.or.kr
63768,karllagerfeld.com
63837,kora-api.space
63877,kingtto.cn
63887,kogakuin.ac.jp
63920,kcet.org
63923,kdisk.co.kr
63986,ktul.com
63991,keysuccess.site
64012,kurocore.com
64042,kibernet.hu
64059,kawai-juku.ac.jp
64088,kv.ee
64103,kudosporn.com
64123,kentekencheck.nl
64130,kjps.net
64253,kaluga-poisk.ru
64267,kunting1.com
64401,kyureki.com
64403,kktv.com
64411,kahoku.news
64480,kgd.gov.kz
64507,k15t.app
64539,koeln.de
64550,keepvid.com
64596,kickasstorrents.to
64675,kstyle.com
64707,koton.com
64741,krasnodarmedia.su
64792,kirov.ru
64860,ksla.com
64862,keporn.com
64873,koofr.net
64875,kamihq.com
64885,kohnan-eshop.com
64902,kubuntu.org
64944,kaktuzcasino.net
64981,koumakan.jp
65044,kocowa.com
65100,kapitalbank.az
65115,keywee.co
65130,k10plus.de
65159,koreamed.org
65237,komfort.pl
65271,kitaplus.de
65317,khi.co.jp
65351,kansai-airport.or.jp
65398,kinemasters.com
65484,kau.edu.sa
65579,kathmandu.com.au
65586,kalide.rest
65695,ksdenki.com
65702,klikdokter.com
65715,krskcit.ru
65759,kamagras.shop
65811,kyivcity.gov.ua
65820,kosgeb.gov.tr
65863,kino24.uno
65871,ksc.co.th
65885,kualo.net
65897,kissflow.com
65952,kark.com
65984,keiba.jp
66032,kitv.com
66039,kueez.com
66044,k-id.com
66051,krem.com
66055,kntu.ac.ir
66069,kurashinista.jp
66081,kokeshi.com.br
66101,kurierlubelski.pl
66128,kodano.pl
66132,krasnoeibeloe.ru
66217,kundencontroller.de
66237,knime.com
66319,kk.no
66326,kainternet.ru
66327,keh.com
66358,khabarfoori.com
66371,k24.net
66398,kinogo.media
66487,kapmed.ru
66555,kristianstadsbladet.se
66563,knack.com
66594,kabu.com
66616,kofc.org
66654,kitchenstories.io
66719,kinogo.tm
66746,koreabaseball.com
66760,k-rauta.fi
66775,kurz-mal-weg.de
66778,kimootoko.net
66783,kmitl.ac.th
66789,korston.ru
66823,klipfolio.com
66871,kanagawa-u.ac.jp
66877,kindredext.net
66888,kalbela.com
66952,kupindo.com
66979,kiwoko.com
66996,kluniversity.in
67048,kawebook.com
67065,kintoneapp.com
67186,korea.com
67240,krymr.com
67289,kaboompics.com
67306,konduto.com
67368,kannadaprabha.com
67380,kinozal.guru
67460,koneko-breeder.com
67519,kinovod.pro
67567,keris.or.kr
67577,knx.org
67579,kerrang.com
67591,kunaicho.go.jp
67603,knowablemagazine.org
67669,koisukses.io
67675,k3on.com
67696,kaluga.ru
67711,kilimall.co.ke
67719,konsumentverket.se
67723,kylinlot.com
67734,kziti.com
67903,kickfire.com
67906,kemendagri.go.id
67940,krones.com
67960,kardiniapark.vic.gov.au
67968,kroton.com.br
67971,kinonews.ru
67995,kurasushi.co.jp
68086,koreanpornmovie.com
68133,kx1cdn.com
68182,klaravik.se
68191,kayak.de
68238,kontur-extern.ru
68245,kocmg.com
68343,kamen-rider-official.com
68442,kelasmalam.net
68447,ksiegarniainternetowa.co.uk
68453,krdo.com
68498,kitty-kats.net
68545,kitsu.app
68553,karrierebibel.de
68611,kztmm.cn
68722,kongsberg.com
68732,kubg.edu.ua
68764,kwaratskhelia.top
68774,krepsinis.net
68806,kayiprihtim.com
68813,kedglobal.com
68829,kinogo.is
68893,kinogo.luxury
68906,kidde.com
68952,kulturkaufhaus.de
68964,kasidie.com
68969,ku.ac.ke
68975,konjo.bet
68985,kehakiman.gov.my
69124,kixie.com
69144,kvia.com
69149,k24klik.com
69204,koronacloud.com
69417,kctcs.edu
69426,kitlavoro.it
69452,kuponacdn.de
69531,k556vjm8voo1.com
69600,kget.com
69731,knipex.com
69795,kenkyuukai.jp
69806,kerkida.net
69815,kidsecurity.ru
69885,kddnet.ad.jp
69967,kongcdn.com
69973,kisskh.la
69986,klove.com
70018,koreadates.com
70104,kinogo1.biz
70109,kabsi.at
70124,kingston-internet.co.uk
70152,kualo.com
70181,krafton.io
70270,kenbiya.com
70289,ktv-ray.ru
70300,koha.net
70329,kitware.com
70347,kinokordon.link
70361,kapruka.com
70405,klyuch1k.org
70427,km777.xyz
70429,kyodo.co.jp
70529,kainos.lt
70543,kemenperin.go.id
70576,kingarthurflour.com
70637,kimonix.com
70652,komando.com
70668,kanterella.com
70671,kinlong.cn
70675,komm.one
70738,kemnaker.go.id
70806,korzik.net
70821,keen.com
70863,kisskh.ovh
70923,karmasearch.org
70944,konggateway.com
71053,kadastr.ru
71106,kontakt.az
71111,kicks-ass.net
71145,klarna.app
71209,ktu.edu
71218,kamatera.com
71285,kickresume.com
71344,koreanbj.club
71345,kenyalaw.org
71387,kanunu8.com
71393,kartenmacherei.de
71418,knigkindom.ru
71521,kadroland.com
71522,kurumaerabi.com
71537,kimberly-clark.com
71564,kinogomy.net
71577,kanta.fi
71675,kigili.com
71693,kmit.in
71729,kurogames.com
71736,kpers.net
71748,knorex.com
71942,kuveytturk.com.tr
71949,kinobar.im
71950,karjalainen.fi
72012,ksenukai.lv
72042,kfki.hu
72043,kalkifashion.com
72176,koreajoongangdaily.com
72260,kubico.com
72320,koponyeg.hu
72403,kotiliesi.fi
72440,kreonet.re.kr
72467,ksbw.com
72483,kfintech.com
72492,kansspelautoriteit.nl
72509,kex-express.com
72512,kktix.cc
72677,kluby.org
72710,klicksafe.de
72736,kongtiaozlhs.com
72837,kabuand.com
72928,kaleoz.com
73045,krasn.ru
73081,kirkland.com
73086,kauche.com
73200,kamereon.io
73236,knizhnik.org
73245,kddi-fs.com
73295,kif.rocks
73348,krx.co.kr
73369,kinogo.no
73383,klwines.com
73478,keymailer.co
73497,kb.pl
73550,klopotenko.com
73589,klubvpn.top
73670,karing.app
73683,kadastralekaart.com
73687,kvoa.com
73726,kpopping.com
73747,konnektu.ru
73782,krystal.io
73811,kasirpintar.co.id
73839,keyloop.com
73878,kaktusapp.com
73963,kombo.co
74041,kiwaseisakujo.jp
74066,kekmama.nl
74158,konkur.in
74159,kinochilar.com
74166,khodrobank.com
74170,kinex.com.cn
74205,kbm.id
74207,kentuckyderby.com
74227,kusowanka.com
74279,kmutnb.ac.th
74292,kliklak.rs
74353,kmph.com
74409,ktbizoffice.com
74535,kumon.com
74593,kalyanjewellers.net
74609,kinokong.li
74639,kaufland.ro
74655,kingbet.net
74668,kore.co.il
74670,konnektive.com
74701,ktomalek.pl
74704,keukenhof.nl
74749,keenspot.com
74813,kevinmd.com
74827,kolozzeum.com
74894,konzum.hr
74905,kinovasek.men
75011,khelosuper.com
75019,klik.hr
75046,kuragebunch.com
75104,kingtime.jp
75140,kargovideo.com
75145,k9hls.com
75178,kif.tube
75225,kb.cz
75226,konamisportsclub.jp
75230,khconf.com
75251,kumhuhu.com
75277,klikego.com
75359,karavel.com
75373,kancloud.cn
75414,korean.net
75562,kavkaz-uzel.eu
75581,kasvyksta.lt
75583,kazakhstan-agro.kz
75631,kokuchpro.com
75658,kfd.pl
75775,knightslots.net
75874,knownsrv.com
75922,kinde.com
76050,kslegislature.gov
76052,kingapostas.com
76081,kurtgeiger.us
76104,kaigai-antenna.com
76111,keyinnovations.com
76151,kansascityfed.org
76156,klove.inc
76188,krcrtv.com
76239,kinobase.org
76243,kairaweb.com
76270,kraemer.de
76279,kktcarabam.com
76281,kyoiku-shuppan.co.jp
76364,kjclub.com
76497,kopp-verlag.de
76518,kaikatsu.jp
76519,korusconsulting.ru
76545,kupiset.ru
76553,kotte-zeller.de
76600,kansashealthsystem.com
76637,kundo.se
76650,kgnow.com
76663,kidspot.com.au
76692,kartaslov.ru
76698,ksk.by
76742,klickaud.org
76746,karnatakaone.gov.in
76749,kake.com
76882,kiwios.io
76890,konya.bel.tr
76928,kjdqpemngx.net
76946,ka-nabell.com
76973,klrtspet.net
77002,kbuses.in
77067,kfs.io
77068,kinokrad.my
77092,kingproxynewdomailasiatech.ink
77117,kuradashi.jp
77119,kuwaitairways.com
77165,kupivodku.top
77218,kfc.co.in
77232,kartell.com
77257,kwansei.ac.jp
77282,kungfucn.com
77303,kitappad.com
77343,kyoceradocumentsolutions.eu
77350,kviconline.gov.in
77381,kolbi.cr
77422,kingtto.com
77450,kreuzwort-raetsel.net
77469,konamistyle.jp
77596,kapiva.in
77609,kirbiecravings.com
77612,kykay.com
77613,kgix.com
77618,kemsu.ru
77626,ku.de
77643,koraplus.com
77700,kelimeler.net
77733,kemenlh.go.id
77792,kingdraw.com
77878,k8s.ooo
77880,kyuden.co.jp
77893,kinoplan.ru
77897,kharkov.com
77915,kangaroo.srv.br
77931,kanjipedia.jp
77936,kutt.it
77953,kitjob.in
78026,kfvs12.com
78095,kicad.org
78250,kouvolansanomat.fi
78252,kbs.gov.tr
78265,kofax.com
78300,k7computing.com
78322,kocaeli.edu.tr
78365,kushals.com
78380,kisskh.id
78419,kapu.hu
78433,kissasian.cam
78516,kreativzona.com
78588,kinoportal.live
78628,kugooescooters.com
78646,kondela.sk
78675,kifdns.fr
78689,kriptomat.io
78829,kvantron.com
78849,kwejk.pl
78870,kyfwpt.com
78888,kauffman.org
78901,kbr.be
78931,kwasu.edu.ng
78944,ktronix.com
78971,kohler.co.in
79002,kusonime.com
79043,k3a2n7.com
79214,kabelshop.nl
79224,kaitekikobo.jp
79230,kombo88mz.com
79254,krzyzowki123.pl
79261,kemik.gt
79278,kelkoogroup.net
79284,kspkg.com
79318,kktv247.com
79400,klout.com
79419,kingopinion.com
79469,kinojump.com
79492,klanhaboru.hu
79604,kazashka.icu
79695,kfc.com.mx
79805,kheloexch99.com
79851,korlumo.com
79869,ksh.hu
79885,kakuyasu.co.jp
79906,kimt.click
79928,kosaf.go.kr
79979,komikindo.fit
79985,kurakura21.com
80002,kzlogin.com
80052,kovaze.com
80059,karmasgame.com
80121,kingbokephd.com
80133,kinonadzor.com
80189,kasanova.com
80225,koe-koe.com
80237,ksivpn.com
80247,kennisnet.nl
80256,koko-soccer.com
80258,keyt.com
80280,kech24.com
80284,kaufland.at
80314,kentico.com
80316,kurogame.net
80343,kebidns.com
80346,komoju.com
80371,kivihealth.com
80433,kitabisa.com
80441,kyoto.travel
80563,kuyhaa.me
80657,kmgrpari.pro
80665,katalozi.net
80680,katawee.net
80714,klubi.com.br
80729,kgbd88.com
80792,kremchik.ua
80805,kot-baun.ru
80807,kolotv.com
80883,knvb.nl
80931,kenyaadultblog.com
81031,kingbokepviral.com
81082,kingsofchaos.com
81154,kmcgov.in
81225,kieskeurig.nl
81317,kingfisher.com
81347,ktobati.com
81363,kinogo.family
81381,kormedi.com
81433,kol.id
81439,kithara.to
81471,knowledgeboat.com
81479,katc.com
81481,krc.co.ke
81487,kuronime.sbs
81505,komikcast.to
81588,klbtheme.com
81616,kkpdlwvbuv.net
81620,kurukura.jp
81636,kemptechnologies.com
81730,kurs.kz
81738,krtech.ru
81769,kurakura21.net
81790,kurabloodlust.eu
81852,kodekloud.com
81887,kommunicate.io
81889,kaufland.bg
81913,kodikplayer.com
81961,koszalin.pl
82009,kfcpakistan.com
82025,kitguru.net
82042,krefel.be
82060,kupos.cl
82145,knowunity.com
82182,kimoitv.com
82224,kqxs.vn
82308,kescher.at
82310,kplctv.com
82348,khealth.com
82370,kikoff.com
82457,ksby.com
82459,kent.gov.uk
82506,km510.com
82554,keybr.com
82598,kobe-journal.com
82675,kraj.by
82733,kepesmotor.hu
82813,kmgczech.pro
82858,kenogo.com.au
82877,kita.mobi
82894,klaravik.dk
82899,ktk.de
82916,kostal-solar-portal.com
82940,ksc.net
82973,kwikset.com
82998,kg-portal.ru
83066,klerk-team.ru
83091,kaipkada.lt
83104,kwik.cx
83125,koaj.co
83153,kilat.digital
83180,kdelo.ru
83234,ko.ru
83257,kolaygelsin.com
83268,kollus.com
83273,kpk.go.id
83291,knshow.com
83314,keywordsur.fr
83337,kalasalingam.ac.in
83463,kb-kentei.net
83478,kocsi.hu
83479,kurotoon.com
83491,kingbokep.media
83511,kritikes-aggelies.gr
83566,korsordsvar.com
83568,kinosimka.plus
83575,krungsri.com
83655,kindroid.ai
83658,kinipaham.com
83667,ksltv.com
83680,koaa.com
83709,karabasstart.com
83716,kanaknews.com
83834,koleso.ru
83933,konkurent.ua
83977,kylos.net.pl
84007,kepco.co.kr
84132,korkortonline.se
84160,komikpoi.com
84168,kean.edu
84224,karggaddan.com
84227,kamikouryaku.net
84259,kstu.ru
84264,kyarabetsunijiero.net
84266,koreapas.com
84301,klikni.hr
84367,kalahariresorts.com
84393,keisei.co.jp
84409,kyosai-cc.or.jp
84414,kscdns.com
84609,k-hentai.org
84610,k666d.com
84611,kairew.com
84612,kandavideos.com
84613,karakubuy.com
84614,kikonclub.com
84615,kins.ir
84616,kio.ac
84617,kitunghii.ro
84618,kkfb.org
84619,kl991.com
84620,kosargyi.com
84621,koselarab.rent
84622,ku9.app
84856,kyokugen.info
84860,klei.ca
84861,kissdl.eu
84941,klantenvertellen.nl
84952,kinomasha.com
84998,kingbokep.tokyo
85027,kcaumania.space
85090,kudosi.ai
85165,kvchosting.com
85212,kirin.jp
85226,katolaz.net
85236,knec.ac.ke
85242,kotnauction.com
85263,kawanlamagroup.com
85297,kuranvemeali.com
85310,koob.ru
85316,kingbokep.cx
85422,konzerta.com
85442,kituhay.com
85454,kindlycdn.com
85470,kenvuedns.com
85489,kintera.org
85564,kzw2a.com
85570,kurogame.com
85618,knu.ua
85692,ki-demang.com
85765,kaft.com
85900,klubb6.se
85926,kaufland.it
85973,kzac51-resources.kz
85980,k9h4s687y.com
86027,katworld.net
86046,k-dc-msedge.net
86056,kinobox.cz
86074,krizovkarsky-slovnik-online.cz
86084,khq.com
86089,kxly.com
86142,kotaksecurities.com
86186,kenvue.com
86193,kllfw.com
86254,kairalinewsonline.com
86280,katdrama.net
86321,kollective.app
86350,kx8.app
86366,keurigonline.nl
86448,kkzrdbanskehhd.com
86567,kinopolis.de
86575,kakaocloud.com
86579,kqxsmb.mobi
86630,kwqc.com
86662,kairyudo.co.jp
86665,koloporno.com
86704,kurakionline.com
86770,kakaocorp.com
86788,kantotvids.org
86857,konga.com
86863,kogda.by
87001,ketqua.me
87037,kezgames.com
87056,kbanknow.com
87126,krzyzowka.net.pl
87212,kkzs.io
87228,khaled-sakr.com
87355,ksb.gov.in
87363,kokoc.com
87387,kingbokep21.com
87461,komiku.ae
87503,korendy.com.tr
87504,krishnaayurved.com
87601,kubannet.ru
87606,keralalotteryresult.net
87619,kickidler.com
87657,kmov.com
87685,knigochei.org
87733,komikremaja.art
87737,kjcrtp.com
87766,kyujin-navi.com
87920,kronos.net
87942,kernelnewbies.org
87987,ktsrv.com
88041,kenzototosuper.org
88076,kiz4dar-zpv.net
88077,knackvideos.com
88116,kojima.net
88193,kingsconference.app
88219,kings-casino.org
88247,kahirihome.com
88294,kodomo.ne.jp
88301,kamicomi.com
88370,kizik.com
88419,krmzi.org
88435,konnections.com
88483,kv8.online
88506,kurumsaleposta.com
88744,kamakathai.info
88745,kameone.cl
88746,kassandra.fun
88747,kavirmotor.com
88748,ki894.com
88749,kilatbeton999.com
88750,kinctech.com
88751,king88vin.info
88752,kkbd.app
88753,klmanga.ec
88754,knowbe.jp
88755,koetomo.fun
88756,kokoshka55.com
88757,kompanionki.bg
89057,kika.de
89199,kose.co.jp
89204,kleinerperkins.com
89328,karnatakacareers.org
89329,kumatamu.com
89372,kraftheinzcompany.com
89428,katemedia.ru
89434,krydsordexperten.dk
89451,kemendesa.go.id
89524,kinoton.cc
89554,kubra.io
89572,kurdcinama.com
89619,klfy.com
89690,kval.com
89719,kukaj.sk
89739,khanate.pro
89768,kamababa.cam
89802,kidplan.com
89872,kohi.or.kr
89921,kindred.co
89923,kyoto-art.ac.jp
89942,kanno-novel.jp
89950,karambacasino.io
89956,kapa.ai
90004,kodeco.com
90005,kmd.dk
90014,keejob.com
90034,kuro5hin.org
90072,knoxfurniture4u.com
90081,kenwoodworld.com
90107,kcserevision.com
90108,kissasiantv.my
90193,kontur-ca.ru
90237,kyotocitylib.jp
90268,krakenflex.com
90311,kosmosteam.com
90333,kitakyushu.lg.jp
90455,kino.pub
90473,khelnow.com
90489,kct.ne.jp
90586,kindercare.com
90622,kantotplus.com
90676,kahoona.io
90687,kettering.edu
90712,kiosratu.org
90722,kendalkab.go.id
90732,kodif.io
90737,kyras.pw
90753,kqkq444.com
90827,klxmnd.com
90836,kgun9.com
90861,kv8.vip
90878,kiabi.dz
90922,koreainvestment.com
90940,krizovkarskyslovnik.sk
90962,kait8.com
90972,keikomik.web.id
91123,komikpedia.com
91255,ksu.edu.tw
91381,khai.edu
91421,kivolabs.com
91447,kudwunung.org
91457,kunena.org
91467,kumamap.com
91472,keepcdn.com
91476,kirchenweb.ch
91477,kitjob.ca
91542,kitabnagri.org
91603,ka-style.jp
91604,kidtoys.site
91605,kiedywakacje.pl
91654,konecranes.com
91669,koalendar.com
91675,kimcilonlyofc.my
91733,kosalarab.com
91787,kwabey.com
91832,kerfilia.info
91857,kessai.info
91881,khela88.fun
91921,kitjobau.com
91951,kaggle.net
91964,khb.ru
91971,kaizenaire.com
92010,kpay.com.kw
92108,k1m7p3xq.com
92109,ketro.cyou
92199,ketabrah.com
92262,kanajo.com
92280,kiichin.com
92282,klimovsk.net
92309,kspay.shop
92324,kcbd.com
92349,kobelco-kenki.co.jp
92353,kanachu.jp
92397,koipasti.tv
92449,kako.live
93510,k-h.com.ua
93511,ka38hlzwwp.com
93512,kaazpay.com
93513,kaget77z.com
93514,kakaed.com
93515,kakaoid.com
93516,kaliacademy.org
93517,kalyanjewellers.company
93518,kamababa.am.in
93519,kambimalayalamkathakal.cc
93520,kambistory.ml
93521,kampanjveckan.se
93522,kamvasna.in
93523,kangbetdadu.com
93524,kantankaigo.jp
93525,kantinjagoanku.xyz
93526,kapahub.xyz
93527,karnatakatemplesaccommodation.com
93528,karnival.com
93529,kartikey247x.co
93530,kartikey365.com
93531,karyakar.in
93532,kashpay.cc
93533,kasihkuselalu.com
93534,kaskusrank.com
93535,kasmaranpoker88.net
93536,kavirtire.ir
93537,kazashki.xyz
93538,kccl.tv
93539,kd6ro1qo.com
93540,kdhindidubbed.cfd
93541,kedaiwinjitu.com
93542,kei-reserve.jp
93543,keirin-mobile.jp
93544,keizainews.com
93545,kensetsu-cloud.jp
93546,kenshonavi.com
93547,kenya.go.ke
93548,kerajitu-top.store
93549,keralagold.com
93550,keraton4dd.xyz
93551,keycash.pro
93552,keyinvoice.com
93553,keymemory.co.jp
93554,kezomenomadoguchi.com
93555,khanapara.com
93556,khedutmahiti.com
93557,khelo24match777.com
93558,kheloyaar365.global
93559,khiladi.biz
93560,kidsview.jp
93561,kifin.or.kr
93562,kilat404enjoy.com
93563,kilat77.lc
93564,kimsbbsr.co.in
93565,kimti.in
93566,kingauto.vip
93567,kingkongkicau.xyz
93568,kingplayer.in
93569,kingthai-168s.net
93570,kinim11toto.com
93571,kinndee365.com
93572,kino20.gr
93573,kinox.gr
93574,kipas899seru.store
93575,kirpparikalle.net
93576,kissinfo.co.kr
93577,kivopay.top
93578,kki.go.id
93579,kkpay100.com
93580,klaksona.net
93581,klinika.mobi
93582,klmanga.ma
93583,koaladut.com
93584,koin404gold.com
93585,koinonikakatalimata.gr
93586,koipara.jp
93587,kolhoznik.mobi
93588,kolom.in
93589,komeda-sankaku.com
93590,komeri-card.com
93591,kontrolsen.de
93592,koplo77super.com
93593,korsanfilmizle3.cc
93594,koshien-qr.com
93595,kotorreando.com
93596,kottby.net
93597,kpdelivery.com.br
93598,kpknaor.com
93599,kpt.kyiv.ua
93600,krizovky-slovnik.cz
93601,krsnaadiagnostics.com
93602,krydsord.net
93603,ks1stail.site
93604,ktimatologio.gov.gr
93605,kungfupanda88.promo
93606,kurlacompany.com
93607,kuruken.jp
93608,kvsangathan.nic.in
93609,kwanjai168.net
93610,kwanzabet.ao
93611,kzrexa.com
94940,kajgana.com
94956,kis.ru
95048,kk-resources.com
95298,kolektiva.social
95330,kprf.ru
95447,knoema.com
95478,kryptonite.ru
95497,k15t.com
95554,klassik-stiftung.de
95580,krasotaimedicina.ru
95617,koreaportal.com
95694,kscripts.com
95705,kuma.pet
95710,ksnt.com
95729,keycollectorcomics.com
95745,karusel-tv.ru
95780,kiae.ru
95818,krale.shop
95861,knf.gov.pl
95904,kaixin001.com
95962,kizilay.org.tr
96009,kk-uzkssd.top
96058,kn646.com
96087,kinepolis.nl
96108,kite.trade
96147,karmanow.com
96184,kuaihua.cn
96343,kinoxa.cc
96350,k-analytix.com
96422,kindpng.com
96555,klgates.com
96580,kinoa.io
96598,krachelart.com
96606,kaia.io
96624,kantarworldpanel.com
96655,kulupu.party
96815,kudago.com
96873,keidanren.or.jp
97042,krym-toury.ru
97110,kattare.com
97125,konami.jp
97136,kuban24.tv
97158,kochind.cloud
97237,kioxia.com
97267,kfgo.com
97357,k1speed.com
97463,kellyservices.com
97480,kingads.digital
97504,ktsm.com
97508,kidsbowlfree.com
97519,kpax.com
97642,kod.ru
97697,k4g.com
97736,kingdomofloathing.com
97772,kidsactivitiesblog.com
97787,kingswaycars.co.uk
97791,konicaminolta.eu
97925,karakuri.ai
97981,kyonggi.ac.kr
98004,klck.dev
98135,kiwix.org
98146,kora-plus.app
98224,kiwitaxi.com
98237,kfu.edu.sa
98241,kcp.co.kr
98299,kemendagri.com
98310,keckmedicine.org
98320,kleki.com
98408,kobel.services
98540,key4you.cz
98566,kuruc.info
98568,kurdistan24.net
98578,kundalik.com
98623,kiskegyed.hu
98745,kirillitsa.ru
98753,kamihome.com
98776,ketis.ru
98824,kyourc.com
98825,kp.house
98865,ka-news.de
98901,kantipurthemes.com
98952,kiswe.com
98969,kitamura.jp
99010,kgdata.dev
99037,kennys.ie
99079,ks.edu.tw
99094,kap.org.tr
99116,klubradio.hu
99165,kids360.net
99184,kids-world.com
99193,kukui.com
99198,kaiterra.com
99203,kilanka.de
99289,kmong.com
99306,kumon.ne.jp
99364,keter.com
99572,kazar.com
99681,kumamoto.guide
99785,kaldata.com
99786,kenna.io
99788,kukinews.com
99871,knbh23451.com
99902,kaartje2go.nl
99963,keepeek.com
99974,kws.com
99996,karamba-slots.com
100005,knowtrailblaze.com
100028,k-hosting.co.uk
100138,kubiyagames.com
100152,knowledgecrane.com
100260,ktu.edu.tr
100284,kommunity.net
100366,kraxnet.cz
100370,ketorolac33.com
100394,kaltimprov.go.id
100486,kiwico.com
100521,keeptradecut.com
100523,kt-net.at
100630,kaminari.space
100644,kopykitab.com
100648,kzvepo.com
100679,keil.com
100705,kenney.nl
100847,kbr.com
100878,kagane.to
100891,koaci.com
100984,kayhost.com
101034,kaeuchi.jp
101062,khatabook.com
101088,k12dive.com
101124,klimg.com
101125,kelkoogroup.com
101168,keeperpassword.com
101193,kia.ca
101207,kantiana.ru
101274,komputerajaib.info
101319,kingkaifook.com.cn
101342,knect365.com
101344,kk.bank
101371,kossard.com.au
101427,kabelplus.at
101481,kututu.cc
101574,kwiktrip.com
101631,kindermorgan.com
101644,krihost.com
101666,kw.be
101788,kingsoft.com
101806,kristeligt-dagblad.dk
101808,kingbitcasino.org
101892,kylottery.com
101906,kikirpa.be
101919,kgsu.ru
101950,knijky.ru
101953,kingsize.com
101997,kitehurghada.ru
102035,kkmh.com
102041,kaieteurnewsonline.com
102109,kepco.co.jp
102122,koi-casino.org
102177,ktbs.com
102185,karaokemanekineko.jp
102232,kookmin.ac.kr
102252,kunde24.de
102288,kerrydalestreet.co.uk
102451,katanamrp.com
102508,kaizenplatform.net
102560,kyoto-inet.or.jp
102581,keyos.com
102672,kidneyfund.org
102688,kohils.com
102769,kidzania.jp
102805,killstar.com
102832,keflexinfo24.com
102892,kubsu.ru
102915,komatsu.com
102923,kyodonewsprwire.jp
102948,kameleo.io
102956,kudoboard.com
103071,kinomania.ru
103157,kncdn.com
103226,kabudragon.com
103294,khjcloud.com
103400,kaga88.com
103481,kimetsu.com
103488,kubejs.com
103594,kankanews.com
103642,kinogo-go.tv
103667,kassy.ru
103695,kkffdns.com
103745,kritique.io
103840,koursaros.net
103963,kisspress.jp
104027,kost.tv
104078,kontur-report.ru
104092,kktvn2940637fafa.com
104098,kinoflux.cc
104125,ketchappgames.com
104133,kayak.co.in
104161,katapult.io
104204,knoxcountylibrary.org
104217,kunsthaus.ch
104263,krebsinformationsdienst.de
104272,kuaikanmanhua.com
104309,kdhnews.com
104338,kfd.me
104348,kumcams.com
104357,keyence.com
104577,kross.pl
104752,kupdf.net
104816,kku.edu.sa
104846,kigalilife.co.rw
104851,kyods.com
104870,keikyu.co.jp
104908,kamera-express.nl
104967,kxjjy.com
104983,kateigaho.com
105009,kuntarekry.fi
105025,kumi.host
105043,kristv.com
105062,keflexyou24.com
105071,krogermail.com
105134,kone.cn
105151,kcc0.com
105158,kibocloud.com
105196,ksyungslb.com
105202,karabast.com
105206,kwiky.com
105279,kpfa.org
105293,ku.edu.kw
105297,komu.com
105310,kobelco.co.jp
105391,kistler.com
105408,kinomax.ru
105414,kurstap.az
105441,kress.com
105454,knitpicks.com
105502,kpmg.us
105517,kraylith.xyz
105529,kinogoo.zone
105560,kelvario.xyz
105650,kiel.de
105756,kurtgeiger.com
105765,koempf24.de
105823,komisc.ru
106024,kingruiteng.com
106172,kaggle.io
106189,kjell.com
106265,kspk-kolpashevo.ru
106320,kidsafe.com
106331,kyrolith.xyz
106378,krasview.ru
106407,knorr-bremse.com
106462,kinozapas.tv
106522,kansas.net
106544,kjrh.com
106556,kulina.ru
106583,krontavo.xyz
106588,kv.de
106620,knitty.com
106630,kfyrtv.com
106662,kamer-center.net
106665,koinly.io
106691,konachan.com
106770,kelfi2940637fafa.com
106774,kernfusion.at
106778,kindo.tech
106797,kaznex.kz
106819,kaspa.green
106869,kfc.ru
106876,kcex.com
106929,kingsfortunegames.com
106934,kcfurnitureoutlet.com
107032,kino-teatr.ua
107052,katreadingcafe.com
107057,kyocera-avx.com
107090,kinemaster.com
107099,keralatourism.org
107152,ktxs.com
107155,kalapod.net
107236,kinogo-films.biz
107276,kurumsalx.com
107337,keeppdfpdfreader.com
107503,koeln-bonn-airport.de
107511,kaleyra.com
107514,kernelcare.com
107577,kiasuo.ru
107633,kaeri.re.kr
107662,kpcc.org
107747,keihan.co.jp
107871,khotkovo.net
107922,kissmanga.in
107942,kronos.com
108011,klambt.services
108069,kubara.jp
108099,kfyufeng.com
108119,kultunaut.dk
108130,kaleido.ai
108193,kidshelpphone.ca
108252,keralapolice.gov.in
108273,kodansha.com
108416,kantarmedia.com
108447,kabam.dev
108519,karlancer.com
108605,khmer24.com
108715,kdl.ru
108771,kfc.de
108782,kisa.or.kr
108812,kisalfold.hu
108824,karaoke.ru
108867,knihobot.cz
108872,knoll.com
108881,kemenkum.go.id
108908,khanhhoa.edu.vn
108937,kh.hu
108985,kniterate.com
109014,katsushika.lg.jp
109015,kun.nl
109044,kokugakuin.ac.jp
109083,kenzo.com
109096,kassel.de
109110,kwfinder.com
109114,ktvq.com
109132,kahunas.io
109172,katespade.jp
109184,kazeo.com
109236,kometsales.com
109326,kizvn2940637fafa.com
109330,klascement.net
109365,kaspersky.de
109435,kivial.it
109548,kufnet.at
109579,kenfloodlaw.com
109616,kinofilms.ua
109620,kawai.day
109652,karlstorz.com
109669,kitchenking.de
109820,ktoto.info
109883,kochi.lg.jp
109894,karabuk.edu.tr
109977,kenlo.io
109980,klicktel.de
109998,khaosodenglish.com
110057,kevinspcf.com
110059,koreafree.co.kr
110074,knopper.net
110145,khafan.net
110173,koneo.net
110181,kniga.lv
110254,kedaibokep.com
110331,kgium2940637fafa.com
110353,kohavt.org
110423,katiecouric.com
110693,kodland.org
110710,kuvalda.ru
110747,krs.bz
110749,kl.net.cn
110852,kanzhun.com
110930,kochinews.co.jp
110933,kpu.ca
110978,koinlatam.com
111049,kxxv.com
111056,katalogpromosi.com
111064,kidspattern.com
111147,kuiu.com
111253,koyadong.com
111308,knoxschools.org
111322,knoxt.space
111516,kafe.cz
111574,kaspa.blue
111588,kiwibiker.co.nz
111607,kws-video-control.de
111612,kenh14cdn.com
111652,kyterp.com
111719,kustom.rocks
111726,kpn.nl
111729,kaleanders.com
111739,kifpool.me
111745,kassa.ai
111782,kumb.com
111783,kepuchina.cn
111790,kfdm.com
111797,keepsolid.com
111851,kp-dns.de
111942,kariera.gr
111956,kapital.kz
111969,kbhome.com
112009,kbc.co.jp
112038,kennedykrieger.org
112166,kansasreflector.com
112189,kinderaerzte-im-netz.de
112191,kanren.net
112449,knizhen-pazar.net
112605,kaztag.kz
112613,ket.org
112618,kiertonet.fi
112683,keylevitraus.com
112684,kama.ru
112696,kemz-info.space
112724,knowledgehook.com
112903,kab.ac.ug
112920,klear.com
112930,kinolorber.com
113243,kartina.stream
113319,keansoft.cn
113365,kokuyo.com
113426,kitchensanctuary.com
113578,kprm.gov.pl
113593,kookycommittee.com
113622,kadenze.com
113666,keysystems.ru
113742,kaeser.com
113769,karu.ac.ke
113773,kinotavr.ru
113817,kyaqpt.com
113880,kiwijoy.net
113943,kilifor.com
113989,kanav.so
113995,kalkionline.com
114013,ksavisa.sa
114014,kinmen.gov.tw
114054,krdelectro.ru
114061,kirvano.com
114076,kintuso.com
114189,knightgroup.com.au
114237,kcp.com
114247,kontur.tools
114260,k12-company.ru
114315,kapten-son.com
114468,kgix.net
114470,kafeteria.pl
114472,kaie.net
114493,kaplaninternational.com
114572,keralalotteriesresults.in
114594,kempstoncontrols.com
114619,kiiitv.com
114716,klett.de
114763,kingsofneon.nz
114794,killedbygoogle.com
114869,kino-zeit.de
114908,kelio.io
114931,kesako.ch
114940,kakadu-casinos.org
114950,knowledgehut.com
114975,k2snow.com
115026,kathimerini.com.cy
115054,kis.lt
115085,kit.co
115201,kaleidolab.space
115238,kingoflikes.com
115268,kyliecosmetics.com
115277,knightcolumbia.org
115310,kent-web.com
115322,kkohls.com
115352,kiwibox.com
115399,kmzs123.cn
115432,kermanmotor.com
115463,kfh.com
115481,kossev.info
115509,kings-chance-casino.io
115574,keio.co.jp
115724,k-point.com.cn
115743,kernel404.com
115837,karyakarsa.com
115849,kycport.com
115856,kw.ac.kr
115888,kagawa.lg.jp
115909,kilat-77al.kim
115939,ktmusic.co.kr
116018,kirovreg.ru
116021,khealth-test.com
116022,kumocloud.com
116143,kodakalaris.com
116356,kayra.com
116373,keim.com
116473,kagawa-u.ac.jp
116497,killermovies.com
116507,kiwi.ki
116552,kbcnet.rs
116562,kangenjav.com
116646,keliweb.net
116668,klipartz.com
116690,kintone.com
116749,kurdarbs.lv
116750,krfoss.org
116782,kentsu.co.jp
116809,kj3899gu3.com
116836,kmi.mobi
116837,keynet.com.br
117032,kosmos.de
117118,krugosvet.ru
117184,kimoitv.co
117222,kcna.kp
117242,kinamo.be
117279,kibads.com
117344,kosmojoy.ru
117487,kinzoo.com
117503,kraslan.ru
117532,kcufwfgnkr.net
117542,kuanti.cc
117563,kzoo.edu
117587,kcentv.com
117598,kiewit.com
117620,khpg.org
117627,katorsex.ph
117807,k1-cloud.com
117827,klmmnd.com
117943,kslegislature.org
117998,kirillitsa.space
118002,kungur-adm.ru
118008,kidshelpline.com.au
118014,khdiamond.net
118038,knet.ca
118123,kawijitu.org
118217,kfshrc.edu.sa
118289,kaminoretail.io
118435,kachi.chat
118439,knowt.com
118499,keraunos.org
118515,koke.kz
118559,keresztlabda.hu
118586,keepingitkleen.co
118598,kec.co.kr
118607,konformit.com
118609,komantarebu.com
118678,kvkk.gov.tr
118717,kaipuyun.cn
118741,kobrincity.by
118779,kiamovie.com
118841,kortkeros.ru
118842,kodez.com
118852,krepi-mir.ru
118923,karayaz.ru
119337,k36c4r6i7c.xyz
119338,k88fh33.com
119339,k9j7yw.com
119340,kalki365.com
119341,kalyanijeweller.com
119342,kamakshimoney.com
119343,kartikey247x.com
119344,karyajav.com
119345,katmovieshd.net
119346,kazi-tour.xyz
119347,kbmhelps.com
119348,kenyqgl.com
119349,keops-ingenierie.fr
119350,ketqua08.net
119351,khiladi99.io
119352,kirimnomor.com
119353,kirshka.com
119354,kitanonton2.today
119355,kkslot777exp.sbs
119356,knpztm5d.com
119357,kostum4d.co
119358,kostum4d.com
119359,kpksudens.com
119360,kpksur.com
119361,ksouonlinestudy.com
119362,kstu.uz
119363,kudwukisari.org
119364,kuwn37.com
119365,kykyemek.com
119366,kylan88.com
119367,kyushu-fg-sec.co.jp
119368,kyz0dar-uty.net
119814,kicktipp.co.uk
119818,k618.cn
119854,kjvbible.top
119858,kctag.net
119866,kirinholdings.com
119878,kumbedev.it
120153,kickz.com
120191,kumi.systems
120200,kyeongin.com
120206,kaiyukan.com
120268,koerber.de
120313,kaufland.fr
120330,karnaval.ir
120331,kmuh.org.tw
120343,keyshot.com
120480,koerber.com
120506,kronenberg.org
120516,killcovid2021.com
120568,kreditbee.in
120573,kamigami.org
120692,konograma.com
120704,koridor-bessmertiya.ru
120770,kemelong.com
120776,kultur.gov.tr
120903,ksyunacc.cn
120915,kfc.com.my
120934,kyxar.net
120982,kadikama.com
121080,keisanki.me
121118,kunc.org
121226,korea-pass.kr
121238,kitces.com
121331,k6.io
121385,kedoff.net
121406,kappa.com
121410,kubota.com
121550,krebshilfe.de
121552,kini.net
121568,knyamed.com
121620,koubo.jp
121655,konohome.com.au
121658,kwps.cn
121872,kupid.ai
121928,kodi.wiki
122003,komplex.net
122022,kurier.de
122121,krgv.com
122168,kongregate.io
122188,kbc.co.ke
122236,kiiapps.com
122288,knotts.com
122525,katapult.com
122526,kp.gov.pk
122527,k12ea.gov.tw
122575,kokobeo.com
122603,khas.edu.tr
122668,kelasnext.store
122705,knowledgequest.store
122748,kermilo.my
122767,keyyo.net
122777,kudanamore.ru
122783,koskii.com
122784,kanbanbox.com
122826,klwy0769.com
122861,kreditpintar.com
122911,knightfrank.co.uk
122956,kit.ac.jp
123145,kaspa.stream
123213,knox.edu
123251,kedi7.com
123316,kt4wza6ixmsodu.com
123454,khabarfarsi.com
123461,kronansapotek.se
123479,ktiv.com
123483,kantaribopemedia.com
123527,kajima.co.jp
123602,kaikki.org
123643,katex.org
123648,ktmrtb.com
123702,koninklijkhuis.nl
123732,kohit.net
123832,key.live
123851,kxii.com
123873,kotatv.com
123932,kseniyapeterburgskaya.ru
123936,kxnet.cn
123964,kocowacon.com
123987,kamgov.ru
124004,kirklandapps.com
124077,kp.kg
124159,kazed.fr
124211,kicker.ch
124228,kustomcdn.co
124252,kiyafetsepeti.com.tr
124317,kraeuterhaus.de
124364,kickasstorrents.bz
124385,knastu.ru
124443,kunpeng666888.com
124455,kengen.co.ke
124630,koenigsegg.com
124653,karibukenya.co.uk
124666,knockrentals.com
124736,kpu.go.id
124763,koamnewsnow.com
124846,keke.cn
124861,kolzchut.org.il
124907,katanalink.net
124914,kilatechapps.com
125049,kotaklife.com
125054,kinggen.com.cn
125068,kapliczki.org.pl
125140,kosin.ac.kr
125181,kibek.de
125188,kiis.com.ua
125193,kuban.ru
125239,kristal-tv.ru
125275,krtv.com
125276,kenhsinhvien.vn
125296,ksc.ru
125345,knowlarity.com
125351,kuweb3.net
125368,kommunikation-vorarlberg.at
125398,kendallchina.com
125429,kevincox.ca
125466,kingbokep.to
125517,kienthuc.net.vn
125546,k-3-m-6.com
125615,kita.net
125622,kuathletics.com
125806,k12online.vn
125838,kahfguard.com
125909,kensingtondiamonds.com
125955,keyboardmaestro.com
125980,kubinv.ru
125991,krcgtv.com
126005,kayak.it
126015,kha8shen.co.uk
126017,kanbanize.com
126067,kristel.ru
126080,kyriasis.com
126104,km.gov.cn
126140,kpt.co.id
126223,kontent.com
126269,kreuzwerker.net
126286,kkr.or.jp
126295,knowledgr.com
126324,ketk.com
126367,kosokubus.com
126369,kaiserreich.wiki
126410,kibrispostasi.com
126439,karmadesign.pt
126490,kglmeridian.com
126574,krones-group.com
126598,kpmg.de
126618,kozminski.edu.pl
126721,kwikwap.net
126825,klauncher.gg
126845,kfc.com.au
126873,kunstmatrix.com
126888,kyoceradocumentsolutions.com
126953,kiu.ac.ug
127028,kicksonfire.com
127116,kleintools.com
127117,kaswads.online
127227,kelkoo.co.uk
127279,koitoto.com
127329,kwwl.com
127348,korrekturen.de
127349,kartverket.no
127421,kham.com.tw
127469,kfc.co.za
127538,k4apps.io
127582,kv-gmbh.de
127649,kochi-u.ac.jp
127713,kuaf.com
127770,kosmas.cz
127792,kubota.co.jp
127828,kttc.com
127840,ktwiki.com
127863,kelmusic.ir
127889,kjjhh7783.com
127907,krytykapolityczna.pl
127920,kinarino.jp
127925,knck.io
127973,koubei.com
128008,kiwanis.org
128033,karenwalker.com
128039,khm.de
128058,kizilurt-crb.ru
128066,kashikaigishitsu.net
128162,kenoshanews.com
128185,keyhole.co
128257,kalzumeus.com
128276,kinaxis.com
128355,killtarget.biz
128412,kinovasek.org
128431,kosnet.ru
128489,kpsearch.com
128497,krohne.com
128519,knjghuig.biz
128564,kulturportali.gov.tr
128615,kxnet.com
128789,kivi.ua
128965,kibrispdr.org
128985,kosher.com
128989,khumba.ru
129033,keyforsteam.de
129381,kallithea-scm.org
129390,kwantum.nl
129460,kingsera.com
129492,ku.edu.np
129521,katch.ne.jp
129577,knetbooks.com
129591,kailib.com
129596,ko.com
129608,komiko.app
129654,karazin.ua
129756,kedaiaksesorikeretanearme.my
130033,kvbjaur.biz
130060,kt1.io
130076,kcyvxytog.biz
130106,kandipatterns.com
130196,klarstein.fr
130218,krugloff.eu
130220,krnsmlmvd.biz
130234,kkqypycm.biz
130300,kantar.media
130311,kintara.gg
130312,kindergesundheit-info.de
130318,kdksoftware.com
130396,kiwisdr.com
130424,kampungbokep.site
130450,klicktipp.com
130506,ksydzbsh.com
130566,kino-go.bi
130580,kurunavi.jp
130616,kansino.nl
130633,keywordspy.com
130706,kuvat.fi
130718,koptevo.net
130727,ktimanet.gr
130752,kanejwo.com
130754,ktoo.org
130805,kocaeli.bel.tr
130862,kobis.net
130872,kinogo.fi
130873,kartenliebe.de
130950,king-bookmark.stream
130961,korcham.net
130967,kendall.ai
131044,kindle.com
131060,k9576.com
131071,kwe.com
131076,koerber-stiftung.de
131092,kysec.cn
131115,klcg.gov.tw
131137,kinetix.live
131154,keybook92.com
131243,ke7.com
131285,kerry.com
131301,kivitv.com
131322,kadakmerch.com
131329,ksc.re.kr
131340,kongju.ac.kr
131460,kamagames.com
131545,khv.ru
131563,khandbahale.com
131607,kingvpn.online
131728,kiwilimon.com
131762,kaernten.at
131833,kegavrn.ru
131849,k8x.com
131859,kingdomsatwar.com
131916,kakuge-checker.com
131932,kaspa.red
131995,knhbt.cz
132082,kks-telecom.ru
132095,keychain.com
132105,kalkinemedia.com
132145,kmohosting.com.au
132189,kutztown.edu
132239,kejiangd.com
132244,kissonline.com
132265,keralacourts.in
132338,kjmotorsports.com
132365,kampf.de
132383,kuriren.nu
132430,komaru.today
132436,kakaodata.com
132449,kath.net
132494,kr-asia.com
132532,kuhs.ac.in
132552,kde-look.org
132682,kriss.re.kr
132732,knuspr.de
132856,kurdpress.com
133084,kazanmarathon.org
133195,kemas.gov.my
133196,kinostate.me
133197,kunisawa.net
133254,kringla.nu
133317,kekenet.com
133320,kpkt.gov.my
133333,koaradns.com
133337,kalibrr.com
133381,kanzenshuu.com
133443,kidrobot.com
133444,kleinweb.dk
133456,karls.de
133588,kabar.kg
133602,kwikylive.com
133654,kcb.net
133679,kfamov.ir
133694,komplett.se
133720,kuaizhan.com
133755,kirklees.gov.uk
133774,kardham-digital.com
133800,kia.com.co
133833,kaaltv.com
133888,kinhtedothi.vn
133900,kpmg.ca
134025,kewarm.com
134039,kracie.co.jp
134046,koranperdjoeangan.com
134061,kaicay2.com
134079,kontron.com
134096,komiinform.ru
134107,kleertjes.com
134174,keenswh.com
134183,kellerwilliamsexplore.co.za
134213,kichink.com
134241,keiichidointl.com
134324,kilomonkey.com
134329,klev.club
134363,koleksijav.com
134444,kiwiirc.com
134468,ktmdirect.co.uk
134528,k3bone.net
134650,khaama.com
134686,kudapostupat.by
134726,kiprotect.com
134728,karmawifi.ru
134901,kouch.tv
134912,keyhelp.de
134967,kenxinda.com
135095,kmmovies.life
135111,kokitotoh.com
135120,kwizly.com
135144,kaiserpermanentejobs.org
135239,kajariaceramics.com
135265,kapturecrm.com
135359,kkfbk.com
135556,koyfin.com
135587,kastamonu.edu.tr
135608,kai.ru
135629,kojimaya.co.jp
135636,kids-world.dk
135742,kyusan-u.ac.jp
135754,keepfrds.com
135765,kaplanco.com
135827,keepgrow.com
135828,keepandroidopen.org
135833,kabumap.com
135834,kittyads.com
135862,kppsc.gov.pk
135864,kseebsolutions.com
135875,khabkrai.ru
135948,karaoke-version.co.uk
135985,k0s.io
136041,kinokrad.im
136091,ketaiyun.com
136105,knife.media
136119,kayak.com.pe
136157,kounta.com
136172,kuasark.com
136183,kwic.com
136198,klid.or.kr
136206,ksk-koeln.de
136208,krollermuller.nl
136214,kevingston.com
136240,kp7mx3.uk
136267,krys.com
136273,koala.com
136347,kgrr.org
136433,korpios.org
136450,knou.ac.kr
136481,kleshuo.com
136503,ksu.edu.tr
136539,krain88.com
136593,kvalitne.cz
136624,kongehuset.dk
136631,kidsfootlocker.com
136649,kitasato-u.ac.jp
136718,khb-tv.co.jp
136734,kbauthority.com
136749,kinklux.com
136814,kamayaomri.com
136901,kvb.de
136912,kgelectronic.com.au
136969,knix.ca
136977,kkk24.kr
137111,kriminal-ohlyad.com.ua
137218,kla.com
137261,kx8.info
137302,ks.ac.kr
137348,klocksnack.se
137365,kbsu.ru
137422,kawaiianimes.app
137447,karabas.com
137484,kavkazr.com
137536,kunmanga.co.uk
137547,krebsgesellschaft.de
137559,konget.ru
137568,km.se
137580,kvshop.com.ua
137602,key123.vip
137647,keenesentinel.com
137654,kalb.com
137712,ksb.co.jp
137791,kgns.tv
137800,knownhost.com
137851,kamernet.nl
137867,ks.tv
137869,kyc-holdings.com
137890,kronofogden.se
137918,krogercdn.com
137938,kraloyun.com
137942,kbsec.com
137954,kozaczek.pl
137959,kaoyan.com
138068,katsurafukumaru.com
138071,kam24.ru
138094,kyte.site
138160,keds.com
138210,ksrf.ru
138249,kroxne.com
138260,kindnesscoins.com
138268,kamalacrafts.com
138273,kabelmail.de
138277,kcc.network
138287,kiwigrid.com
138298,kapsulnyj-dom-1.ru
138300,kkh.de
138304,kedge.edu
138558,kadalcun.store
138559,kadoebi.co.jp
138560,kangbetrun.com
138561,kangmasbara.com
138562,kannursalafi.com
138563,kapten69j.top
138564,kasihraja.com
138565,katakwinfrin.com
138566,kdramasmaza.net
138567,kejar.id
138568,kenatoto1526.xyz
138569,keratontogel.click
138570,kevaind.org
138571,key4dng.top
138572,khanaparateerresult.tv
138573,kingtoptotox51.com
138574,koi55kuat.com
138575,kokandsu.uz
138576,kompastoto.site
138577,konohatoto78binar.com
138578,kontesina.com
138579,kopartner.in
138580,korastartop.com
138581,kozenasite.com
138582,ktvvip-ktv.org
138583,kyototomantab.lol
139149,k2f8x1p.com
139150,k4v9b1y.com
139151,k6f4b3p.com
139152,kaiproperti.id
139153,kaskuscombo.com
139154,kaskusrush.com
139155,katmovie18.dad
139156,katmoviehd.run
139157,kclnetworks.com
139158,kedairindurasa.site
139159,kelashavi.com
139160,kemerbet.com
139161,keren178.xyz
139162,khelo5.com
139163,kilat77profit.com
139164,kingbokep.lat
139165,kinglaris.vip
139166,kinogo-6.online
139167,kiryuu.online
139168,klmanga.loan
139169,koi855.net
139170,kolchifabor.com
139171,kollymovies.live
139172,kombo99rb.com
139173,koora-lives.co
139174,kooralive96.cloud
139175,kooramubashir.com
139176,kpkadous.com
139177,kpkastru.com
139178,kpkmikes.com
139179,ktunotes.in
139180,kuccps.ac.ke
139181,kundoluk.kg
139540,kdpharma.co.kr
139547,khroma.co
139576,kayak.com.hk
139615,kango-oshigoto.jp
139681,kimeta.de
139685,kebumenkab.go.id
139791,kellymom.com
139847,kismettekstil.com
139881,kuhada.net
139884,kodif.ai
139923,kapsulnyj-dom-2.ru
140084,kayak.com.au
140093,knasta.cl
140110,kawasaki-motors.com
140137,kkp.go.id
140145,kribrum.ru
140295,kazpravda.kz
140302,kdpu.edu.ua
140322,kalaniketan.com
140324,karapaia.com
140380,khu.ac.ir
140402,kazanfirst.ru
140431,kfc.com.cn
140450,kwf.nl
140525,keeper.io
140549,kse.ua
140660,kuer.org
140708,kaiko.com
140763,kudobuzz.com
140837,kase.kz
140943,kitalulus.com
140962,kinoukr.tv
140993,kaijun.cn
141001,kitchenstories.com
141045,kusi.com
141067,k12insight.com
141084,keyingress.de
141091,kveller.com
141161,kshs.org
141192,kitchenkapers.com
141355,kmb.hk
141372,ktu.lt
141393,keurigdrpepper.com
141410,kmstools.com
141414,kapitalbank.uz
141470,kiko-play-niptan.one
141487,kamazkif.ru
141551,kiwihousesitters.co.nz
141569,knpr.org
141578,kirstein.de
141696,kejibear.net
141707,kekeyoupin.com
141793,kwikku.com
141801,kcell.dev
141850,kelyphos.com
141860,keepitsolid.dev
141939,kfmlzscl.com
141952,keurigonline75.nl
142000,kitzbueheler-alpen.com
142013,kkoip.com
142040,karofilm.ru
142052,kennethcole.com
142120,kdigj.com
142124,k-net.io
142138,ketto.org
142169,koni-store.ru
142273,kendallhunt.com
142289,kalw.org
142312,kyhip.net
142317,klikonline.nl
142445,kmedtech.com
142558,kakakumag.com
142588,kavyar.com
142637,karafsapp.com
142646,kbc-group.com
142712,kcmo.gov
142775,kdzn.net
142804,katia.com
142837,karanganyarkab.go.id
142866,klclick3.com
142896,keep4u.ru
142907,key.aero
142990,kartedirekt.de
143036,kensetumap.com
143057,kzgdz.com
143079,kffkmy.com
143119,kurduk.store
143140,kasanie-cc.ru
143149,kko.to
143154,kmitd.com
143163,kidsoutandabout.com
143166,kidsacademy.mobi
143209,kcweb.net
143241,kolesa.team
143245,kovidgoyal.net
143264,kuwaittimes.com
143287,ksztagent.com
143313,kind.co.jp
143353,kvchm.kz
143504,kidscreen.com
143571,kingschools.com
143657,kix.ad.jp
143681,keessmit.nl
143684,kaercher-media.com
143727,kaspyinfo.ru
143858,kangtotosite.com
143859,kaskusdef.com
143860,kaskusfly.com
143861,kaskusjuni.com
143862,kin9s4win28.com
143863,koiuang.com
143864,kpklouse.com
144028,kookje.co.kr
144075,kaishcare.com
144076,kojaro.com
144111,kcbebank.com
144134,kaushik.net
144209,kody.su
144227,kirolbet.es
144235,kovrenok.ru
144251,kgdttk.ru
144272,kidsecurity.tech
144322,kspu.edu
144338,krline.net
144469,kentik.eu
144470,kercher-panel.me
144471,kpax-manage.com
144472,kuajingabc.com
144583,kurand.jp
144660,knightporn.com
144662,knr.gl
144666,kvf.fo
144740,kabi.si
144784,keiseruniversity.edu
144794,ku.edu.kz
144955,knowde.com
144959,kemet.com
145020,kabalarians.com
145053,kanald.ro
145066,kaiber.ai
145139,kaufmansfurniturega.com
145164,kontramarka.ua
145168,kaplan.edu
145181,knsh.com.tw
145190,kepler-st.de
145207,kripalu.org
145216,kinogo-filmov.net
145345,kva.se
145432,kuramanime.ink
145443,keylesshowk.shop
145449,katv1.net
145451,klkntv.com
145524,knowyourself101.com
145538,kurddigitals.com
145589,kaseisyoji.com
145597,kenklippenstein.com
145712,kount.com
145728,kosygin-rgu.ru
145740,keyhole.com
145782,kettner-edelmetalle.de
145915,kiloutou.fr
145957,kiez.net
145962,k6zix6.com
146005,key4biz.it
146032,konhaber.com
146168,kuokgroup.com
146186,koreawebcenter.com
146244,keengamer.com
146319,kamalaharris.com
146409,ktobets.org
146429,kipu-kci.com
146432,kingsleyhardware.com
146497,kidzplanetfl.com
146506,kingranks.com
146582,kaleidousercontent.com
146648,kraken.io
146701,konbaz.com
146708,k3s1y-ns.info
146757,korattive.live
146763,kafan.cn
146851,karelia.pro
146878,kasika.io
146941,kgd.ru
147036,kentuckytourism.com
147125,kcchem.cn
147174,klett-cotta.de
147218,katyperry.com
147221,keplers.com
147233,konyalisaat.com.tr
147296,kizi.com
147345,kosovoonline.cz
147839,kaisar888aw.com
147840,kalimas-rivers.com
147841,kamababa.int.in
147842,kampungdaratan.com
147843,kampungfavoritmu.com
147844,kaostogelrun.com
147845,kapalapitokekwin.com
147846,kaskuspush.com
147847,kaumrakyatjp.com
147848,kawanpaitoterbaru.com
147849,kebuntotoabu.com
147850,kelas-hdjual.com
147851,keluargamenara4d.com
147852,keonhacai55.my
147853,keprilama.com
147854,keralatvbox.ch
147855,keraton4d.forum
147856,ketqua05.net
147857,ketqua06.net
147858,ketqua07.net
147859,kia-indonesia.com
147860,kicauhot.online
147861,kichsongdienthoai.com
147862,kingbewokwin.com
147863,kingdom4dx56.com
147864,kingdom4dx57.com
147865,kingdomtotox64.com
147866,kingtoptotox50.com
147867,kitakriseberlin.org
147868,kitakriseberlin.shop
147869,klik2kali.online
147870,klmanga.blue
147871,klmanga.click
147872,klmanga.free
147873,klmanga.gives
147874,koihalal.com
147875,koiindah.com
147876,koilebaran.com
147877,koimateng.com
147878,koiroket.com
147879,koisalam.com
147880,kokitotof.com
147881,koodoo.in
147882,kooraa4lives.com
147883,kooraextra.com
147884,kora7ora.com
147885,koshlink14.com
147886,kostum4dkong.com
147887,kota188b23.com
147888,kpkcukur.com
147889,kpkcultan.com
147890,kpkguang.com
147891,kpkintin.com
147892,kpklao.com
147893,kpklawsm.com
147894,kpkmbk.com
147895,kpkoger.com
147896,kpkout.com
147897,kpkroket.com
147898,kpkskips.com
147899,kpksuler.com
147900,kuncidul.xyz
147901,kuttymovies1.you
147902,kvtotosalmon.com
148581,kilu.de
148634,kohols.com
148668,kotisivukone.com
148673,kras.ru
148730,kerastase-usa.com
148734,kingbokep.day
148777,knoe.com
148804,kros.cloud
148820,kooth.com
148841,kcrwork.com
148875,keba.com
148949,kecapku.com
148975,kingtwinks.com
148993,kitaboo.com
149030,kavitakosh.org
149040,keyence.co.jp
149125,kaiser-slots.net
149181,knobdepot.com
149201,keliweb.eu
149215,kurdipedia.org
149310,kmu.ac.kr
149372,kormanyhivatalok.hu
149387,konstanz.de
149444,kavkaz-uzel.ru
149446,krissparrow.photo
149556,kurosawagakki.com
149561,kaiusa.com
149593,kku.edu.tr
149621,krus-group.ru
149628,kumoera.com
149648,kma.go.kr
149653,kboing.com.br
149797,kandipad.com
149809,kukak21.com
149840,klack.de
149853,karmasavvy.online
149854,kh13.com
149864,kidzania.com
149896,kionetworks.net
149934,kumamotobank.co.jp
149978,kpcb.com
150117,kiosoft.com
150131,kosovo-online.com
150158,kontent.ai
150162,kaisanet.fi
150164,kobac-ageo.co.jp
150221,kadval.ru
150239,klgd.ru
150245,katapultdns.com
150253,killa.com.ua
150275,kopalnia.pl
150295,kla-tencor.com
150350,kompas.services
150357,kwik-fit.nl
150363,kmairmalta.com
150372,kbs-frb.be
150430,kungahuset.se
150450,kaiu-marketing.com
150452,kongjiaxitong.com
150501,kinopark.kz
150524,kinstacdn.com
150559,kinogo.mu
150584,ktre.com
150597,kingpet.com
150666,kmda.gov.ua
150683,kla.tv
150740,ksecosys.com
150908,koutipandoras.gr
150983,kiji.is
150989,kocca.kr
150993,klavi.ai
151007,kineticpanel.net
151039,kineticharbor.com
151070,kosik.cz
151074,kmlab.by
151117,kos.net
151211,kreml.ru
151216,koc.com.tw
151278,klm0sxgakope.net
151311,knit.bid
151325,keytopics.co
151336,ketik.com
151380,karizon.ru
151386,kivra.com
151425,kera.org
151452,kljdf.com
151464,kingsleague.pro
151547,kodcloud.com
151558,kaiyodai.ac.jp
151567,kungelin.com
151582,kopernio.com
151605,klar.mx
151613,kinsta.page
151692,klubok.com
151769,kaola-vip.cn
151792,kheweul.net
151797,kimt.com
151858,kirmesforum.de
151923,kkv.fi
151932,keketong100tiku.com
151959,kagari.moe
151994,karl.com
151999,krossbooking.com
152009,kabuki-bremen.de
152012,kten.com
152070,komissionki.ru
152108,kp40.ru
152134,korona.co.jp
152139,kenes.com
152181,kabuki-bito.jp
152192,kbglfm.com
152208,kielinstitut.de
152234,kenzz.com
152414,kitsu.io
152442,kraken.tech
152445,koicasino.io
152460,korter.ge
152463,knab.nl
152576,kauctions.ca
152621,kiezelpay.com
152632,kolsquare.com
152644,kongcasino.org
152663,kmianko.com
152688,kliinikum.ee
152721,kovri.info
152762,kinhtexaydung.net
152776,kqz-ks.org
152777,kimspiano.com
152793,krombacher.de
152937,krasnoarm.ru
152969,kinto-jp.com
152986,koalametrics.com
152990,kiasuparents.com
153034,kdvz-frechen.de
153058,kongcompany.com
153088,komtet.ru
153180,kukutool.com
153186,kezi.com
153188,kyberna.net
153247,karanova.ru
153293,kcpglob.com
153319,kino-hd-720.ru
153323,kalachevaschool.ru
153472,kleosapp.com
153519,kempstoncontrols.co.uk
153553,ktk-sol.co.jp
153653,kiwi-verlag.de
153670,kaminprofi24.de
153736,kstu.kg
153738,kjus.com
153742,kodinerds.net
153878,kachimai.jp
153886,klett-sprachen.de
153906,kamstrup.com
153977,kvado.ru
154146,kingliving.com.au
154170,knoppix.net
154180,komisauto.ru
154391,kubcred.ru
154471,kent.co.in
154474,ktotochtoto.ru
154505,kdpcommunity.com
154513,keyubu.net
154553,kingrecords.co.jp
154582,kt.kz
154621,kajabimail.net
154662,kehe.com
154697,kelpmetorealiuk.com
154738,kokuyo.co.jp
154849,kli.lt
154866,kci.com
154925,kafkas.gr
154942,kabb.ru
155028,kimini.online
155049,kuhl.com
155070,kazakhmys.kz
155078,kingandmcgaw.com
155091,kabuyoho.jp
155417,kensetsunews.com
155471,krs-pobierz.pl
155704,kite.com
155781,keywiki.org
155793,kes.ru
155815,kemenkumham.go.id
155852,kickoff.co.uk
155963,kwakinn.ru
156021,kraft-werk.si
156101,kamailio.org
156105,kdrv.com
156130,kswo.com
156168,kbro.com.tw
156176,kurdsubtitle.net
156184,koreasarang.co.kr
156285,krugerpark.co.za
156375,kimkim.com
156395,koreaminecraft.net
156421,kotabogor.go.id
156449,kaspersky.co.uk
156459,konicaminolta.us
156502,kappabashi.or.jp
156504,kieser.net
156533,kaizen.com
156567,kleineskraftwerk.de
156630,kookapp.cn
156685,kanpo.go.jp
156824,kosu.org
156826,krtra.com
156844,kilaw.edu.kw
156862,kanxue.com
156914,korallen-zucht.de
156919,kayak.com.mx
156953,kvadrat.dk
156969,kycourts.net
157065,kinoswezhak2025.online
157173,koreastardaily.com
157233,kuolisale.com
157243,kwm.com
157260,kenjo.io
157272,kingswelliesnursery.com
157312,karangasemkab.go.id
157336,keironellison.space
157353,king.host
157381,kja.aero
157411,kuadros.com
157417,kindpatches.com
157480,kkb2.ru
157485,krogerfamilycareers.com
157580,knetreg.cn
157587,kikourou.net
157631,knowledgeowl.com
157770,kytv.xyz
157780,kissandfly.com
157842,korfo.org
158013,kems.net
158116,kakoysegodnyaprazdnik.ru
158144,klmetals.com
158205,korchamthai.net
158299,kapeli.com
158356,konsolosluk.gov.tr
158406,kayisoft.net
158440,kneu.edu.ua
158467,kurviger.com
158483,kobojo.com
158663,kinogo2.biz
158669,kyoto-be.ne.jp
158692,kustomerhostedcontent.com
158697,kafedramtai.ru
158718,kirnazabete.com
158726,koha-ptfs.co.uk
158731,kafiil.com
158791,kingston.gov.uk
158942,kasinohai.com
158992,klcc.org
159002,kbs.de
159015,kstu.edu.gh
159072,klimaschutz-niedersachsen.de
159137,kanazawa21.jp
159178,kissp.cn
159317,kafe-dvorik.ru
159319,klix.app
159396,kreiszeitung-wochenblatt.de
159509,kofikvideo10.fun
159536,karmarecycling.in
159538,kerrytj.com
159557,kinokong.day
159573,ktxp.com
159582,kinodaran.com
159651,k-parts.nl
159668,komica1.org
159690,kalogirou.com
159710,kogeijapan.com
159726,k73.com
159766,kchool.com
159866,kaonavi.jp
159902,keepachangelog.com
159910,kadam.net
159926,krainaksiazek.pl
160059,kikapp.io
160081,klimer.es
160085,kurufootwear.com
160088,kunlun04dns.com
160168,kemu.ac.ke
160221,klub-masterov.by
160276,kv-safenet.de
160283,kaynscan.org
160306,korstom.ru
160371,kinobadi.im
160464,kuzstu.ru
160492,keygen.sh
160494,k6565.com
160514,kiwibit.com
160676,kramerav.com
160782,kaspa.org
160798,kiabi.pt
160805,krankenkassen.de
160806,kasandwatch.net
160876,kollabmi.se
160878,kyma.com
160886,krik.bg
160987,kuriqi.com
161066,kyohaku.go.jp
161073,kuaishang.cn
161098,kdzn.top
161173,koreaittimes.com
161180,kpdn.gov.my
161199,kvazar-it.ru
161209,keukenloods.nl
161233,knopka.com
161248,k2host.com.br
161284,kmdh.kz
161328,kvadgroup.com
161352,kytebaby.com
161376,knee360.in
161429,kaboodle.com
161592,kukutv.app
161597,kalnischkies.de
161662,kommunarka20.ru
161669,ksgct.de
161685,koral.nu
161714,komodo.co.uk
161926,klasthome.com
161927,kidadl.com
162043,kikprod.net
162046,koehn.com
162081,karnaval.com
162097,kriweb.com
162126,kau.ac.kr
162150,kinogid.top
162258,krisshop.com
162294,korabel.ru
162310,kravet.com
162325,kabbage.com
162372,kitzbuehel.com
162437,kenayhome.com
162502,katzsdelicatessen.com
162506,kfc.pl
162519,kku.ac.kr
162526,kathmandu.co.nz
162582,knightsof.media
162634,kenresearch.com
162660,knix.com
162930,koramgame.com
162931,keyweb.de
162970,katcr.to
162981,koobin.com
162997,kdns.gr
163015,kicktipp.fr
163035,kstatesports.com
163072,kanaimacercis.shop
163152,kfc-520.com
163158,kilathosting.id
163173,kcar.com
163178,klondikeadventures.com
163196,ktimatologio.gr
163262,kdanmobile.com
163299,kohlhammer.de
163357,kuldnebors.ee
163403,koreatimes.net
163474,kpopstarz.com
163556,kelz0r.dk
163607,kopeyko.ru
163654,kickserv.com
163658,kajomi.de
163716,kahoku.co.jp
163876,korean.go.kr
163889,kvmka.ru
163979,kymensanomat.fi
164081,kingstonbrass.com
164116,kchgov.ru
164161,kang.cn
164195,ku.th
164234,kasinotopplista.com
164241,kakprosto.ru
164297,kugli.com
164320,klarstein.de
164538,knkx.org
164573,kits.ca
164623,kedah.gov.my
164638,kakomonn.com
164647,kellac.com
164682,kerama-marazzi.com
164697,krqfboidk.cc
164707,kaxmedia.com
164715,kabeleins.de
164828,kibanitools.com
164857,kollegierneskontor.dk
164879,kinolights.com
164889,koopjesdrogisterij.nl
164948,kzones.ru
165037,kagin.co.jp
165133,kilpailukalenteri.fi
165161,kamsoft.pl
165165,kl.edu.tw
165178,kqzp.cn
165229,knot.chat
165264,kaosenlared.net
165300,kinogid.pw
165349,keela.co
165362,kitbot.cloud
165481,kate-editor.org
165508,kipuapi.com
165566,kulr8.com
165686,kdo.de
165689,kinseyinstitute.org
165790,knjizare-vulkan.rs
165798,knockaround.com
165810,korbank.pl
165876,kalends.top
165907,kabir-ken.com
165919,kanal7.com
165935,kathykuohome.com
165985,kojimaproductions.jp
166018,kitagawa-mfg.com.cn
166023,kamispeed.com
166025,kpda.ru
166080,kubotausa.com
166397,keyboardmen.com
166512,kvadra.tech
166593,korean-culture.org
166709,kirmalk.com
166769,kimberamerica.com
166771,keycafe.com
166934,kitapisler.com
167051,kikprod.io
167079,k.pl
167160,kzmc.kz
167294,kookiejar.net
167314,komparify.com
167343,kantotin.com
167367,kinogoo.fm
167439,komoejoy.com
167441,k9l2jm8q.com
167458,kwikbet.co.ke
167462,kounakis.gr
167527,keyloop.io
167594,kuchenland.ru
167601,kihsuyhf8jkiugsxb.cfd
167655,kemono.im
167657,kramercontrol.com
167667,kemenhub.go.id
167769,kipucalendar.com
167777,kseattle.com
167788,kashmiruniversity.net
167813,konkurs-president.ru
167861,kexipaint.cn
167862,kicks.no
167886,kivra.se
167941,konzolvilag.hu
167943,kulinarika.net
167973,khomp.com
168160,kubangsm.ru
168165,ksrevenue.gov
168186,khadas.com
168276,kmiac.ru
168351,kazantrud.ru
168358,kbs-clean.com
168366,kdbookonline.com
168471,ksonline.ru
168491,kinkytom.com
168551,ktcupdate.com
168552,k1u.com
168572,kunggames.com
168610,kurakura21.org
168710,kbscable.com
168711,kungelin.cn
168755,kmotorshop.com
168801,krebs-kompass.de
168870,kapelan.de
168886,kshow123.tv
168992,kuludonline.com
169038,kumoh.ac.kr
169070,karlsruhe-insider.de
169270,khl6l6oodo5lg.com
169326,kdlsvps.top
169354,keygate.cx
169432,karoo.net
169495,krueger-dirndl.de
169504,keenfootwear.jp
169520,keyuca.com
169580,kitchenknifefora.com
169595,ku.ac.ae
169600,kelioniuakademija.lt
169713,krackonline.com
169785,koukouseishinbun.jp
169822,kinobaza.com.ua
169824,knipsclub.de
169840,kintetsu.jp
169859,keyubu.com
169862,kslnewsradio.com
169981,keringeyewear.com
170006,koqmcoegd.com
170083,kimostore.net
170090,kitvc.net
170105,kakaoentcdn.com
170110,kasten.io
170130,keurigonline.net
170133,khanglobalstudies.com
170187,kuranmeali.com
170199,kennelstudio.com
170220,knowyourmobile.com
170267,keionet.com
170285,kindsnacks.com
170287,kinogo-new.com
170291,ke.com.pk
170335,kwikmotion.com
170342,kremlinrus.ru
170387,kardex.com
170394,ktc.ua
170456,kvpland.com
170492,kdun.com
170497,kinotickets.express
170500,kireidoll.com
170582,kiout.ru
170604,kahf.co
170608,keplero.ai
170690,kakaobank.com
170724,kazoohr.com
170874,kitchn.no
170930,ksc.de
170943,kexipaint.com
171116,kawade.co.jp
171131,krs.net
171236,kartinki-life.ru
171337,kg.ua
171385,kuaile789.com
171464,kenamobile.it
171502,kw-studios.com
171505,kievnet.ua
171526,kalitys.com
171538,kosyfa.de
171607,kahramanmaras.bel.tr
171611,kerneltrap.org
171615,keysightanalytics.com
171690,kuharka.ru
171713,kia-hotline.com
171721,koto.lg.jp
171724,kommons.com
171781,krastelecom.com
171829,klavogonki.ru
171838,kvb.koeln
171865,kptncook.com
171868,kenon.com.cn
171926,kwrtl.ca
171945,kopglobal.com
171997,kubdev.com
172003,k-org.net
172004,kilometrix.de
172019,kirupa.com
172069,koblenz.de
172176,krzyzowki.edu.pl
172213,killsync.link
172215,kosen-k.go.jp
172222,kannuruniversity.ac.in
172287,kappasushi.jp
172322,kingmidasgames.net
172345,kroon-oil.com
172474,kellamknives.com
172479,konkanrailway.com
172489,kiongroup.com
172524,kangtotoracing.com
172565,kissfm.ro
172574,kazteleport-halyk.kz
172681,koreabizwire.com
172781,knowledia.com
172803,kamudanhaber.net
172829,kibocdn.com
172840,kiss.cz
172855,kits4beats.com
172875,k12.hi.us
172959,kleecks-stats.com
172966,kinoteatr.club
172988,kildarestreet.com
172992,k18hair.com
173062,kevel.com
173074,kiusys.net
173110,kunstmuseumbasel.ch
173126,kyriad.com
173135,kr-vysocina.cz
173176,kraftwerk.com
173180,kerberos.io
173234,kingshawaiian.com
173328,kaswece.org
173375,kriratv.com
173458,kbr.ru
173462,kamatica.com
173490,kimshospitals.com
173558,kodio.fo
173591,kid.no
173672,konachan.net
173698,kingsbookstore.com
173701,keirin-station.com
173711,kidsandus.es
173714,kingdomfurniturenc.com
173754,kusalatibit.com
173764,kinogo-net.la
173784,kci.id
173802,kibrisgazetesi.com
173809,kvh.ne.jp
173812,kubriks.com
173821,kalarona.org
173894,kondice.cz
173958,kyklo.co
174001,kaleidahealth.org
174013,kkaa.co.jp
174020,kalynskitchen.com
174089,kastle.com
174095,keff.org
174116,keytele.com
174119,kartinki.net
174179,khabarhub.com
174231,kdxsjz.com
174266,kiniki.com
174279,kleankanteen.com
174370,k-mib.com
174411,kd1913.com
174474,kita.lg.jp
174514,knopfdoubleday.com
174540,klinikum-stuttgart.de
174572,kfc-listens.com
174605,kinnet.ru
174620,keenetic.com
174727,konaworld.com
174760,kchile.com
174763,kronostime.ru
174773,kobi5.com
174815,knox.st
174847,keks0829.space
174917,kiviads.com
174941,khb-kadetschool.ru
175011,kickofftv.id
175091,krsk-sbit.ru
175139,kanazawa-it.ac.jp
175153,king-dev.de
175181,kns.ru
175182,kanyarfoto.com
175247,kiphub.com
175298,kingautos.net
175319,konzept.cc
175337,kaago.com
175349,koro.com
175352,kreditka.expert
175354,kediro.com
175404,kyriba.com
175436,krasinform.ru
175455,katowice-airport.com
175524,kupkolo.cz
175561,koss.com
175625,kosovapress.com
175649,kihapp.com
175675,kiosjagoanku.xyz
175682,kbizoom.com
175700,kaon.io
175704,kidream.ai
175863,kasda.com
175959,kamababahd.com
175964,kin.com
175974,kikakuya.com
175977,kujawsko-pomorskie.pl
176021,kpvi.com
176047,k-crm.jp
176071,kentfaith.com
176092,komdigi.go.id
176104,kjsystem.net
176105,kimcilonly.de
176158,kuketz-blog.de
176174,keyauth.win
176195,kbzk.com
176202,kotarfest.com
176246,komogvind.dk
176248,kalashnikovconcern.ru
176267,krishna.ru
176278,kolab.org
176291,keyhero.com
176308,kuningjaya.com
176341,kazaktelekom.com
176368,kristineskitchenblog.com
176377,kidswearcollective.com
176382,kilbil.ru
176490,kostyataksist.xyz
176498,kiv-host.de
176523,kmvt.com
176541,kitaec.ua
176547,kauz.ai
176588,kptc.kp
176590,kawashima-ya.jp
176605,kamaclips.com
176606,kviaman.com
176701,keurigonline.be
176710,kinimatorama.net
176719,kohouses.ru
176774,kamome.or.jp
176801,kartoffelfilms.com
176896,karlstad.se
176953,kalipdunyasi.com.tr
177115,karol-wojtyla.org
177211,kuzminki159.ru
177231,khwiki.com
177258,kysu.edu
177273,knutd.edu.ua
177282,klimaworld.com
177312,knowacaliforniafarmer.com
177345,kawancara.com
177388,kinkyliterature.com
177396,kelvin.education
177416,kzbin.info
177471,kingjim.co.jp
177490,kbs.sk
177603,kansaimiraibank.co.jp
177623,kruu.com
177628,kryptronic.com
177638,kupava43.ru
177671,kinoza.link
177687,k-trk.com
177732,kinoza.top
177748,k8s.run
177777,kaymbu.com
177781,krasgmu.ru
177823,keeptalkinggreece.com
177878,kewarm.com.cn
177895,kug.ac.at
177922,kress.de
177994,kunming.cn
178017,korapay.com
178028,kitchencabinetsdirectory.com
178067,kirka.io
178086,klikbokep.com
178101,kurlon.com
178107,kirche-und-leben.de
178113,keynet-hk.com
178209,kinogo-la.top
178258,kapadokya.edu.tr
178260,kalyteroporno.com
178279,kryssakuten.se
178291,klassified.ru
178340,kjmagnetics.com
178378,kupiprodai.ru
178459,kapital-rus.ru
178460,khelo24betz.com
178473,kbookmarking.com
178515,kozan.gr
178661,kotikokki.net
178662,koekeltjes.nl
178698,kcs.ru
178704,krasavaaa.store
178742,keisanki.kr
178753,kisscartoon.sh
178777,krasplace.ru
178785,kuaiicai.com
178864,keiyobank.co.jp
178921,kitchencenter.cl
178935,katomodels.com
179016,kryolan.com
179164,karsten.com.br
179220,kithost.at
179279,khov.com
179285,kommodo.ai
179306,kumarijob.com
179327,kdmttk.com
179337,komikstation.org
179338,krungsribizonline.com
179339,kurumefan.com
179349,know-center.at
179353,khedmatazma.com
179360,kncktm.edu.np
179393,keppler-it.de
179406,kuai8.com
179413,khanhhoa.gov.vn
179419,kumhotire.com
179433,kytta.dev
179442,kayak.sg
179484,kpresort.ru
179486,kin-shine.com.cn
179493,korzil.ru
179511,kellyclarksonriddle.com
179554,kubstu.ru
179574,kusmitea.com
179597,kupi.com
179623,kinovet.ru
179686,kyago-pagespeed-io.de
179687,kiddoworksheets.com
179714,kessbet.com
179725,kyosho.com
179764,katholiekonderwijs.vlaanderen
179810,k1net.de
179819,kvsplayer.com
179836,kopernik.org.pl
179854,kingtonoptic.com
179894,koala.sh
179923,k0ki-dev.de
179934,kansabook.com
179951,kinonadzor.net
179953,keukenmontagegroepnederland.nl
179956,krimi-plzen.cz
179963,kyuan.cn
179974,kourakuen.co.jp
179978,kivy.org
180009,kirken.no
180037,kbpim.de
180046,kalliope-verbund.info
180090,kreis-unna.de
180096,kagoshima.lg.jp
180097,kath.ch
180099,kilhouse.ir
180101,kkmart.pk
180116,katalozi365.com
180123,klassekampen.no
180162,kelownanow.com
180164,kicktipp.ch
180248,kooragoalstv.com
180262,kassatka.online
180291,kukarkab.go.id
180295,kodub.com
180320,kloop.kg
180373,kirov-portal.ru
180396,kikkoman.com
180434,keurigonline.com
180443,koraacity.com
180485,kzen.dev
180502,kenkengems.com
180506,kimonoichiba.com
180512,krautreporter.de
180516,kostuempalast.de
180521,kaisan.com.br
180566,ktc.co.th
180571,kpa.co.ke
180589,kibice.net
180629,klakki.is
180633,kirovskschool7.ru
180687,korashoot.net
180707,kingslists.com
180733,kentspark.org
180791,kudosprime.com
180814,kunstketen.nl
180818,kennyupull.com
180839,karakas.digital
180904,kochi-tech.ac.jp
180952,kilatdomain.id
181026,kitcbe.com
181064,klambt.de
181078,kremen.today
181100,kr3x.com
181104,kalakbazi-co.co.uk
181157,ketcau.com
181210,kjv-bible-library.com
181236,kaufland.hr
181330,kookong.com
181386,klaviyo-dev.com
181506,kuai-lian-cn.com.cn
181544,keepersecurity.com.au
181595,khadims.com
181626,kvmgalore.com
181646,kodakgallery.com
181784,kingscross.co.uk
181823,kidstracker.pro
181895,kingsbet.cz
181901,kia.ru
181952,kronospan.com
181976,kzbd.cn
181999,kalbi.pl
182004,klubarbeit.at
182089,kaplans.se
182111,kunsthal.nl
182155,krosno24.pl
182210,kcm.org
182224,keihanbus.jp
182226,kayak.ie
182296,kampkompas.be
182362,kitenet.net
182408,kompan.com
182409,kaeltebringer.de
182433,kviff.com
182444,kxvrqpr2.xyz
182446,kambistories.com
182483,kartago.sk
182487,kira222.com
182539,kaffee-netz.de
182642,kaltaraprov.go.id
182646,kswiss.com
182678,ksrk.ru
182680,krka.biz
182777,kenyancupid.com
182783,kavos-dns.nl
182874,kvety.cz
182931,kaiten-dev.ru
182973,kbjfan.com
183074,kochkarussell.com
183095,kinogo.parts
183099,kazaknation.com
183157,klimaschutz.de
183192,konqueror.org
183205,khazanay.pk
183222,kspot.net
183280,kimi.ai
183284,kinogo-1.online
183288,kindredbravely.com
183316,ksoutdoors.gov
183321,koerich.com.br
183346,klassikradioplus.de
183407,kimaarkitektur.no
183413,kildare-nationalist.ie
183467,komei.or.jp
183473,kafejagoanku.info
183478,kalteng.go.id
183541,kb4.io
183560,kuaiji.com
183567,kaspersky.fr
183593,kour.io
183620,khelosports77.com
183663,kabegamiyahonpo.com
183669,konyahosting.com
183679,kordiam.app
183694,kuaiyanbiquge.com
183758,kobunsha.com
183762,kooora-city.com
183771,kusports.com
183777,kokonki.pl
183808,knigochet.com
183969,kuyisidigital.com
183972,kuas.edu.tw
184112,kursi.lv
184146,keyes.com
184172,kitchenfunwithmy3sons.com
184192,kontri.pl
184216,koi-social.com
184231,kudos.net.nz
184255,kdealer.com
184285,kirpich-brylino.ru
184340,kortext.com
184424,kitchenwarehouse.com.au
184472,kimley-horn.com
184643,karike.com
184789,kawagoematsuri.jp
184898,kunstkamera.ru
184939,kopkegroupwineshop.com
184987,korbit.co.kr
184995,ktvn.com
185016,kirotv.com
185017,kakao.co.kr
185041,krop.com
185077,kydyykj.com
185161,kindhush.com
185178,kamdou.net
185196,kr-pro.ru
185213,kingdoms.com
185217,kinozo.cam
185272,kinocinema.jp
185307,khoindvn.io.vn
185353,komikdewasa.mom
185407,kmtc.ac.ke
185458,kscourts.gov
185493,kslaw.com
185553,kilkennypeople.ie
185570,krokotak.com
185585,kktv9.com
185639,knrd2up67onim5epfcxgvx.net
185671,knivesshipfree.com
185703,keyc.com
185753,kalendarzswiat.pl
185758,kolesa-m.ru
185761,kamerastore.com
185843,koin.com.br
185853,kwaliteitparket.nl
185858,kado.net
185866,kuk.ac.in
185871,k0ki-dev.com
185895,kru.ru
185943,kyotopi.jp
185957,kinopoiskapiunofficial.tech
185972,kdm26.ru
185977,kdca.go.kr
186008,kankan.com
186167,kanliao7.org
186168,kanzenin.info
186169,kuwn42.com
186170,kywi.com.ec
186315,kingsoftgame.com
186485,knowngaurav.xyz
186490,kuchniavikinga.pl
186598,kiyotaka.ai
186607,kodano.lt
186647,kemimoto.com
186677,kelag.at
186702,kdd.org
186743,kregtool.com
186784,keltia.net
186947,kaisar888ay.com
186948,kamialbaslot.in
186949,katoprimes.com
186950,kikibom.com
186951,kiridul.lol
186952,klix4dng.top
186953,kmcero.cu
186954,koalacengli.com
186955,kopitogel40.xyz
186956,kpi4dmaju.com
186957,kpscvaani.com
186958,kufgame.at
186959,kuonline.co.in
187150,kuoyfxwu.cc
187184,kissgetkiss.ru
187188,kosher-market.com
187260,keskisenkello.fi
187296,krosno112.pl
187315,khc.edu.tw
187450,kayoanime.com
187471,kkiosk.ch
187550,krasnoe-beloe.ru
187571,kandalaksha.org
187598,kinozi.pics
187623,kerkdienstgemist.nl
187663,kiwiswingers.co.nz
187676,keqingmains.com
187684,krushika.com
187696,kingbet.co.tz
187787,karpishe.com
187821,kyiv.gallery
187834,karditsalive.net
187839,kaizty.com
187848,kompozer.net
187906,kraemer-it.cloud
187908,kenanaonline.com
187933,kspu.ru
187973,knigi-audio.ru
188006,kubik-rubik.de
188021,kpopmap.com
188079,koreanaparts.ru
188164,komiic.com
188267,ktjr.com
188272,kinuskikissa.fi
188279,kitchenknifeforums.com
188347,keepnetlabs.com
188400,kyberio-dns.com
188409,kinship.com
188419,kalepa.com
188541,kp-hygge.ru
188614,kchr.ru
188616,keepersecurity.us
188621,kornofficial.com
188661,kizzle.net
188667,klecet.edu.in
188671,kirz.co.th
188731,kfcclub.com.tw
188788,klima-therm.pl
188881,kamide.com.br
188919,kutxabank.es
189039,keioplaza.co.jp
189056,kibaboy.com
189114,kanazawa.lg.jp
189130,kvelektro.cz
189175,kinogo-2.biz
189226,kuhl-japan.com
189319,kayhan.ir
189396,kenhrao.com
189425,kansalliskirjasto.fi
189436,kukuw.com
189438,kraft-s.net
189453,kabishah.com
189454,kfcbd.com
189468,kagu350.com
189501,kapitalis.com
189584,kayako.net
189668,kevinmurphy.com.au
189707,k0sproject.io
189723,kuchnialidla.pl
189747,knigalit.ru
189813,k31.ru
189865,koelner-dom.de
189879,kmmovies.lol
189911,kerboodle.com
189958,kyberio-dns.de
189968,kooraiive.info
190047,kvsn.ru
190127,killsixbilliondemons.com
190168,kairikiya.co.jp
190313,kokos.ru
190425,kasumi.co.jp
190430,kgimg.com
190484,kattis.com
190558,knapp.com
190581,kuncitts.com
190590,krasporn.xyz
190596,kaluzhskoe.shop
190610,kmw.com
190619,komandirovka.ru
190656,klondaika.lv
190663,khoslaventures.com
190674,kingsmanga.net
190723,kaspr.io
190758,kilomegabyte.com
190786,kooora-now.com
190809,kyf-schulen.de
190811,kenn-dein-limit.de
190860,kiwifungames.com
190938,kaisazubus.com
191005,k8cloud.com
191039,kaksplus.fi
191079,ktuu.com
191115,kunsan.ac.kr
191121,kunststoffplattenonline.de
191203,kolejowyportal.pl
191241,kearneyhub.com
191249,kiamedia.com
191305,klientiks.ru
191319,kctech.com.np
191328,kegel.com
191359,kittentacos.com
191360,ko2bot.com
191372,kukasoitti.fi
191378,kunstler.com
191423,konfirmasi.com
191426,kali.download
191464,koragoal.live
191477,kangnam.ac.kr
191480,kinozi.pro
191511,ktalnews.com
191536,kinobadi2.top
191606,klialimochauffeurservices.com
191728,ktmdealer.net
191738,klinikaagd.pl
191755,khmelnytsky.com.ua
191762,kryptex.org
191827,kickbd.org
191950,kenketsu.jp
191976,kipalohadamesmode.nl
191986,korysno.com
192041,kiit.ac.in
192052,konsument.at
192077,ks-auto.ru
192099,kip.com.tr
192152,k2int.ru
192206,kcprofessional.com
192215,kinomania.net
192233,koreascience.or.kr
192237,kaputik.net
192245,krysslexikon.se
192248,kavuntv.net
192271,kwongwah.com.my
192308,khutabaa.com
192483,khabar.kz
192498,koallo.ca
192520,kidney-international.org
192579,kirsute.ru
192637,kenotronix.com
192659,kessdyndns.de
192667,kernelpanicpicnic.bond
192686,kabuyutai.com
192719,kraftway.ru
192755,k-asap.ru
192834,kolyma.uz
192931,kanken.or.jp
192932,kdconcept.dz
192943,kxxsw.cc
192945,kmscity.ru
193021,kambi.com
193038,ksaprice.com
193066,kpcnews.com
193114,kokopelli-semences.fr
193136,kenyanwallstreet.com
193220,kiyomizudera.or.jp
193277,kiees.cn
193293,kluwerlawonline.com
193378,kstools.com
193398,karzanddolls.com
193400,kirkwood.edu
193405,kinolib.tv
193435,kreaturamedia.com
193440,kylejasm.in
193526,kontaktbox.com
193606,kapteyan.com.tr
193613,kicks.fi
193752,kredibel.com
193765,krowsent.com
193803,kkn.com.pk
193839,keskofiles.com
193879,kitbag.com
193904,keeneland.com
193905,kimbino.sk
193930,kurviger.de
193953,klondike-online.com
193978,kts.studio
193985,klikmbc.biz
193998,khub.net
194020,kinekus.sk
194036,ktmindia.com
194040,kam16.ru
194059,ktownstory.com
194072,kcias.ru
194076,kinotorg.net
194100,kamelrechner.eu
194115,krzyzowka.net
194219,kubnets.ru
194273,khfullhd.co
194281,kaiserhealthnews.org
194303,kto-tam.com
194315,kicktipp.com.br
194324,kfwjq7a3.com
194350,kanoapps.com
194395,kiu.ac.kr
194534,keyirobot.cn
194557,krka.si
194569,kubika.ru
194625,kanka.io
194652,kennethreitz.org
194674,kjg625.com
194676,kawai-kanyu.com.hk
194761,kuisolx.world
194778,kitchener.ca
194782,kvrr.com
194789,kohtekct.com
194859,kaunoklinikos.lt
194887,kaola.com
194936,kingbokep.one
194974,kvant.if.ua
194984,kangtoto2imut.org
195018,kappesberg.com
195086,kimhungimex.com
195099,krasgp7.ru
195155,kidsontheyard.com
195233,koelnticket.de
195331,kismetwireless.net
195357,kalender.digital
195416,kimbellart.org
195430,kalyoncumotor.com
195471,kalas.co.uk
195489,kr.or.kr
195515,konnecthbl.com
195608,kilobajt.sk
195615,kutsu.com
195692,kepo.id
195771,ksnblocal4.com
195818,keurigonline.eu
195851,kazunion.com
195857,kscdirect.com
195892,kaiserkraft-europa.de
195905,kingbookmark.com
195928,klto9.com
195936,kamiapp.com
195944,kl-youniverse.com
196047,kai.ad.jp
196084,kyrgyz-audio.com
196134,kidskonnect.com
196151,kuzen.io
196189,kedaya.xyz
196203,koro.fr
196222,krisinformation.se
196298,kasuwa.de
196304,kkm.ru
196326,kpnfresh.com
196341,kbjsvip.win
196404,kitchenlandusa.com
196531,kenyaonline.com
196540,klaxoon.com
196557,knownagents.com
196638,king.ph
196648,k-knowledge.kr
196667,kaleydoskop-sad.ru
196697,ksytal.ru
196721,kurskmed.com
196736,kzcr.eu
196892,kyun.sh
196898,ku.lt
196965,kannadastore.com
197006,krisumicity.co.in
197112,kidkraft.com
197123,kec-eso.kz
197139,kickassanime.com.es
197164,kik.co.uk
197191,kidcheck.com
197223,kartaxpresspoland.com
197255,kombi-nation.co.uk
197284,ktzhk.com
197297,korps.jp
197324,knowledgewing.com
197344,kakuroconquest.com
197431,kor-sys.ru
197477,kctool.com
197529,keruisi-esd.com
197549,kazashki.cloud
197556,krasrocks.ru
197565,komaki.in
197571,kitmondo.com
197724,kenpom.com
197730,kar.nic.in
197746,koray-live.net
197774,kunlunca1.com
197823,keckobservatory.org
197833,kreuzfahrten.de
197877,kissh5.com
197891,krups.de
197899,klmanga.news
197988,kartinkof.club
198000,korea-baseball.com
198144,kaohoon.com
198156,k7777.ai
198179,kenner.com.br
198180,km1888866b.com
198461,kitterytradingpost.com
198501,kotta.info
198522,kbinsure.co.kr
198561,knigago.com
198562,kvtotomarkisa.com
198573,kyun.li
198599,keurmerk.info
198764,knet.ad.jp
198796,klickerkids.de
198843,kk-ca.net
198987,kinox.to
199050,krefeld.de
199062,kwtzajelunion.com
199073,kamera-express.de
199087,kalashnikovgroup.ru
199207,kimia.cloud
199255,kinob.net
199309,klclick2.com
199315,korea-education.kz
199330,kazefuri.cloud
199351,kisna.com
199407,kulturenvanteri.com
199436,kankomie.or.jp
199439,klyoum.com
199461,koorasport.net
199599,kyongbuk.co.kr
199619,kotsa.or.kr
199669,katmovie18.my
199979,k813bet.com
199980,k97bq2.com
199981,kaguya.pro
199982,kalley.com.co
199983,kfea.ro
199984,kfhonline.com
199985,khflix.com
199986,khsport.net
199987,kiaindia.net
199988,kiingmovie.com
199989,kmigk.games
199990,koro-pokemon.com
199991,kp-net.com
199992,krakentv.app
199993,krs47n92t.com
199994,kugoo.net.ua
199995,kuioo.tw
199996,kwikpic.in
199997,kyat777.com
199998,kyuzitsu-inubu.com
199999,kz999g.com
200285,kobil.com
200331,kechuangtuanjian.com
200359,kamino.com
200367,kglteater.dk
200476,knbiotek.com
200499,kookai.com.au
200526,kraftrecipes.com
200597,komikdewasa.run
200604,kyber.gg
200636,kvant.online
200643,kizzsta.de
200653,keonthemes.com
200736,kelleysbookkeeping.com
200747,kama-baba.com
200755,kyiv-future.com.ua
200786,kasat.net
200815,keendata.net
200825,kinoagentstvo.ru
200828,konk.cc
200843,klikfilm.com
201236,keniu.com
201437,keyfactor.com
201442,kankou-shimane.com
201507,kanphoto.net
201508,kreo-tech.com
201576,koolinar.ru
201645,kakaopaysec.com
201656,kahkaham.net
201663,kalwi.id
201700,kaspersky.com.br
201745,kobiiys.com
201799,kryssord.org
201811,karu-keru.com
201819,klas.com
201855,kora-api.top
201946,kht.ru
202039,kiut.uz
202165,koyeb.com
202216,kappboard.com
202292,kadalcun.fit
202293,khelo-bet24.com
202294,koma-one.com
202356,kola-radotin.cz
202372,ketqua13.net
202375,kuwaitjobshere.com
202394,katharsis.ru
202407,kanaldim.tv
202482,knews.kg
202551,kalyan-jewellery.com
202561,kromsh.info
202570,kolayav.com
202682,koralive.mov
202700,k0sha.site
202830,kawaguchi-magazine.com
202899,ktotv.com
202903,kadewe.de
202906,kvno.de
203048,krasno.ru
203205,kk8.my
203207,kaskusperfect.com
203215,krepcom.ru
203380,kbfsistemas.com.br
203439,kpkchiv.com
203453,knoppix.org
203502,konzerthaus.at
203585,klexxus.biz
203592,kazlenta.kz
203608,kupikupon.ru
203643,kwnews.co.kr
203647,kvzrm.ru
203706,keepcalms.com
203807,kodansha.us
203867,kanaderoom.jp
203925,katowice.eu
203951,kooratlyad3.online
203972,kijangtoto4d.com
204006,kleemann.info
204007,kibocommerce.com
204083,kirjastot.fi
204100,kotaklifeinsurance.com
204146,knaben.info
204204,keyfora.com
204240,kolonmall.com
204278,kt576.com
204301,kuaiyihb.com
204352,ktpress.rw
204355,kamenoi-hotels.com
204399,knmi.cloud
204411,koora-euro.com
204458,kviku.kz
204513,kolobox.ru
204525,kasimovrayon.ru
204548,koec.com.ua
204549,kopokopo.com
204569,kanjitisiki.com
204570,klarstein.hu
204641,kofeslos.com
204663,kuula.io
204679,kross.travel
204693,kcc.com
204694,kept.ru
204727,kingofsat.net
204760,knight-sac-media.com
204781,kooratlyad33.site
204784,kingspalace.net
204802,keys.ca
204808,khabaruttarakhand.com
204893,kahaapi.com
204967,knewz.com
205007,kuoni.co.uk
205013,kryogenix.org
205093,kitempleo.com.mx
205185,ksnet.net.id
205290,kastner-oehler.de
205356,keytiles.com
205358,kbpanel.ru
205365,kvartplata.ru
205440,kavin.rocks
205498,kuduskab.go.id
205564,kopilkaurokov.ru
205647,kvtkku.ru
205659,koreatimesus.com
205662,kursk.ru
205664,kvv-bad-gandersheim.de
205780,k5877.com
205781,kalenderku.id
205823,kheradehbina.ir
205824,kmansin09.top
205947,kafkas.edu.tr
206011,kubra.com
206147,keyweb.vn
206159,kohtekct.ru
206175,kinogo.limited
206224,kartoman.ru
206262,khh3992v.com
206285,kobay.co.kr
206286,kyujinbox.com
206356,kelleybluebookimages.com
206367,kampaoh.com
206393,kpic.com
206421,kayac.com
206443,ksgovjobs.com
206555,kabbalah.com
206567,kletech.ac.in
206594,koop.cz
206598,klapty.com
206649,kompassify.app
206669,kwikomhost.com
206738,knps.or.kr
206767,kelme.com
206804,kdigo.org
206811,kdclub.com
206881,krazydad.com
206928,kooapp.com
206958,kayf.az
207005,katana.network
207046,klmanga.date
207114,ksde.org
207122,kuttymovies.red
207140,kilau4dasli.org
207192,k5bet.vip
207275,kofteciyusuf.com
207281,kollegeapply.com
207354,koralivetv.online
207457,kooralive4.com
207458,krilianeh.com
207459,kuittqtn.com
207561,kaskuswinner.com
207562,kar-services.io
207572,kabilesavaslari.com
207588,kdg.be
207606,katolikus.hu
207612,klikhost.com
207640,kissusa.com
207732,keionline.org
207745,kaigaidoujin.com
207770,koratilive.com
207774,knotnow.co
207831,knowtechie.com
207872,kpopalbums.com
207882,kylie.com
207956,kivaron.my
207973,korbyt.com
207981,korton.net
208014,karoo.co.uk
208066,kawkabelsokkar.com
208135,kenua.net
208140,kartalhaber.com
208148,kenhtruyenfull.com
208155,kase.fi
208247,kxnet.com.cn
208249,keysoftware.ru
208268,kpkscrible.com
208428,khanime.co
208443,karmuqabla.com
208502,kmust.edu.cn
208535,kicaugaruda55.com
208595,kpklaev.com
208609,kdab.com
208614,kvidex.net
208630,kempstoncontrols.ie
208638,kodik-api.com
208644,k-net.fr
208707,karabro.net
208781,kilo-wiki.win
208891,kenga.tech
208892,kit.ag
208914,kovran.com
208981,k06xka0q.com
208982,k2r8x7.com
208983,k6hngrdr5.com
208984,ke5a7w.com
209022,kbpmbnc2.com
209062,ktv1bet.cloud
209145,kooora4city.com
209210,kentekencheck.nu
209218,kayak.cl
209226,kakuyun.cn
209260,kriso.ee
209372,kenhost.com
209469,kpneen.nl
209508,keap.app
209568,kagoyamail.jp
209606,kanbanflow.com
209641,kava.ee
209647,koora.cc
209674,km777indo.com
209691,kenworth.com
209697,kanbantool.com
209752,koreacharts.com
209832,kinaxis.net
209875,kapuaskab.go.id
209890,kranmke.ru
209997,konan-u.ac.jp
210018,ktkru.ru
210087,kilat404pd.com
210095,kool.com
210201,kangfuyun.com
210252,khovar.tj
210280,kraususa.com
210362,korona-auto.com
210385,keytrade.com
210397,koalafi.com
210404,kuditube.com
210431,koimeksiko.com
210542,kcu.ac
210543,kemoimpex.com
210544,kissanime.com.cv
210545,kmente.com
210609,k5bet.net
210610,k5r6.com
210611,kabbanifurniture.com
210739,kaurkab.go.id
210741,kmfsports.com
210794,konsoleh.co.za
210896,koiwasit.com
210897,koooracity.tv
210951,ktk.kz
211052,kuwdskuz.cc
211078,kiawahresort.com
211087,keycrm.app
211158,kidsenkurken.nl
211159,kosicak.sk
211216,kaspersky-lab.com
211218,kreuzmich.de
211222,kpminc.ca
211287,kaminsoft.ru
211318,kpax.cloud
211319,koexp.ru
211441,kkhsou.ac.in
211458,kriptos.io
211478,kwys168.com
211508,khoras.pro
211671,kyu.ac.ug
211692,kenpos.jp
211717,kingsolomonhicks.com
211718,kunstsammlung.de
211780,kobegakuin.ac.jp
211790,kavo.com
211815,kontiki.com
211837,kawarthalakecottage.com
211855,keirsey.com
211858,kemendukbangga.go.id
211892,kwikom.com
211960,killtv.me
211987,kontrakty.ua
211997,kissandfly.at
212000,kleinfeldbridal.com
212074,kindlepreneur.com
212096,kowa.co.jp
212131,korres.com
212136,kbs-kyoto.co.jp
212169,kkr.cloud
212194,kcmes.com
212234,kolhosniki.ru
212236,kln.ac.lk
212254,koubmjm.my
212280,kanje.sn
212308,kakamobi.cn
212380,kocea.or.kr
212429,kingworldnews.com
212461,khelostar247.com
212475,koyanet.lv
212535,kaostogelraw.com
212536,kaskusulti.com
212537,kicaumnia.space
212538,koigoal.com
212539,koilolos.com
212540,koora-lives.run
212541,koora-llive.best
212542,koraa.club
212543,koray-live.com
212544,kpkurmb.com
212545,kraftonindiaesports.com
212638,kseniasecureweb.com
212746,k3x9r6.com
212747,kolme.it
212748,kppolice.gov.pk
212749,kqkq888.com
212750,kqkq999.com
212751,kuwin2.co
212874,kickbooster.me
212882,kinogo.bz
212885,kjv.app
212887,keyence.net
212896,keeplinks.org
212905,kymkemp.com
212912,kwmobi.com
212914,kleinanzegien.de
212959,kedirikab.go.id
212980,kaltire.com
213020,krd.ru
213078,kforce.com
213084,kas.gov.pl
213116,ky-plastics.com
213130,kxxt2847.com
213140,ksbe.edu
213141,kryptoszene.de
213158,kinom.uz
213207,kulinichi.net.ua
213247,kuyun.com
213280,kooraonline.live
213291,kidstravel2.com
213345,kingpinkton.com
213361,kennellink.com
213381,kpkyatz.com
213384,kings.edu
213416,kanyewest.com
213422,kava.io
213499,kongumanamalai.com
213500,kingofsat.info
213547,kagisuggest.com
213550,kharkovforum.com
213556,kyiv.name
213687,kooymanbv.com
213722,kathmandu.gov.np
213725,kv9.net
213737,keystone.guru
213743,kayseriolay.com
213789,kukan.tw
213837,kfueit.edu.pk
213864,knightonlineworld.com
213889,kawaguchi-lib.jp
213892,kaskuszeus.com
213903,kirannewsagency.com
213916,kampungsejati.com
213941,kenfor.com
213971,kaarls-strafrechtadvocaten.nl
213979,km.qa
213990,karavan.gr
214087,krishijagran.com
214116,kastner-oehler.at
214150,kokoti.rocks
214209,kcls.org
214561,kaostogelkicau.com
214562,kasihlengkap.com
214563,katmoviehdonline.xyz
214564,kebuntotojeruk.com
214565,kebuntotonangka.com
214566,kemerbet.co
214567,kenanumber168.com
214568,kepriprima.com
214569,ketqua09.net
214570,khelo24jeet.com
214571,king555super.com
214572,kingdom4dx58.com
214573,kingjpmanis.vip
214574,kingkongtoto-12.info
214575,klmanga.today
214576,koiasik.com
214577,kollymovies.online
214578,komengtoto.id
214579,koora-llive.mov
214580,koras-online.com
214581,kostum4d.store
214582,kota-pangkalpinang.id
214583,kpkangstrom.com
214584,kpksntr.com
214585,kpktruks.com
214586,kumonbobat.com
214587,kyototomantab.site
217286,k-ba.net
217287,k-hensai-soudan-madoguchi.com
217288,k-toom.com
217289,k1q6a2m.com
217290,k2a5p9m.com
217291,k303g0pl.com
217292,k5h5t.com
217293,k74app.com
217294,k7q1a4m.com
217295,k89xka0q.com
217296,k8a2p7m.com
217297,kabook777.com
217298,kacakat.com.tr
217299,kaelomoney.co.za
217300,kaigoshinootakunaburogu.com
217301,kainpepe.net
217302,kakaktogelrumput.com
217303,kako-mon.com
217304,kalam.academy
217305,kalviseithi.net
217306,kalyanmatrimony.com
217307,kalyantrick.com
217308,kamimage.com
217309,kampungmama.com
217310,kamyawellness.com
217311,kannadasexkathegalu.com
217312,kannadasexstories.one
217313,kantorcuanblk.net
217314,kappacoursepmu.com
217315,kaps.co.ke
217316,kapten69pear.com
217317,karmaprimaryhealthcare.in
217318,kart38.com
217319,kaskosy.com
217320,kasneb.or.ke
217321,katastar.ba
217322,katsantonisteam.gr
217323,katsu5klik.net
217324,kaumaram.com
217325,kaushalyaartjewellery.com
217326,kawasaki-edu.jp
217327,kawasaki.com.mx
217328,kawasansweet.com
217329,kayabet888.com
217330,kayochinkeiba.com
217331,kayseriulasim.com
217332,kazan-kazan.com
217333,kchgame.tg
217334,kcp.co.in
217335,kcs-bd.com
217336,kdrama.pro
217337,keiba-umanami.com
217338,keiba7.net
217339,kellerhoff.com.ar
217340,kelms.ir
217341,kembarbolasitus.net
217342,kenangan4ditadori.com
217343,kenazperfumes.com
217344,kennelbooker.com
217345,kenshobox.net
217346,kerbau28a.com
217347,kerenubobt365.com
217348,keswin777.com
217349,keventajat.fi
217350,key11.com
217351,keykids.ir
217352,keymon.net
217353,kfc.lk
217354,kfon.co.in
217355,kfsi.or.kr
217356,kftd.co.id
217357,kg77.ai
217358,khanthep.in.th
217359,kharraziyas.ir
217360,kheradyarapp.ir
217361,khmer-win.biz
217362,khmer-win.com
217363,khojotech.in
217364,khulasaonline.com
217365,khwn855.net
217366,kichiuma-chiho.net
217367,kickoffboss.com
217368,kidgameshub.com
217369,kifpy.com
217370,kihivott.hu
217371,kilat-777l.kim
217372,kilau4daja.com
217373,kilometrounoaereos.com.ar
217374,kimbino.hu
217375,kimiatahlil.ir
217376,kimkhanhviethung.vn
217377,king11.com
217378,kingbr7.com
217379,kingkong4d1.com
217380,kingkongtoto-11.info
217381,kingsbazaar.in
217382,kingthai999-vip.org
217383,kinolyno.gr
217384,kinou.gr
217385,kirei-info.com
217386,kiryu-kyotei.com
217387,kisankonnect.in
217388,kissasia.biz
217389,kitaabghar.com
217390,kitabnagri.xyz
217391,kitalotusdewa.com
217392,kivanlak.hu
217393,kk2olj4nbhuyg7njml.com
217394,kk3pomnvbghyuy.com
217395,kkfb.net
217396,kkgapp.app
217397,kkrtc.org
217398,klikbet77super.com
217399,klikdisinihoki368.xyz
217400,klikmedis.com
217401,klinicos.com
217402,klinikare.com
217403,kltutors.com
217404,knowledgeskey.com
217405,knownow.co.in
217406,kobe-b1.com
217407,koboiterbaik.com
217408,kode69a.site
217409,kodmaan99.net
217410,kodnest.com
217411,koi800.io
217412,koijepang.site
217413,koinonikostourismos.gr
217414,koko188-hw.com
217415,kolhoz.mobi
217416,kolkatabook.in
217417,kollysongs.com
217418,komiktoon.space
217419,konabet.click
217420,koombiyodelivery.lk
217421,korejskeserije.com
217422,korto.ee
217423,koryo-j.co.jp
217424,koslow.co
217425,koto-lib.tokyo.jp
217426,kovir.top
217427,kovliv.com
217428,koycash.net
217429,koyilandynews.com
217430,kphy4338.com
217431,kpuo8v.com
217432,kqxsmn.com.vn
217433,kreszteszt.net
217434,krikya.today
217435,krissnkross.com
217436,krmzy.com
217437,kroow.com
217438,krutidevunicodeconverter.com
217439,ksatriagaming.com
217440,ksiega-snu.pl
217441,ksmi.kg
217442,ksouportal.com
217443,ksssa.go.ke
217444,ktadigitalpgri.org
217445,kte2.com
217446,ktv789.land
217447,ku2992.net
217448,kubermatka.com
217449,kurniamore.com
217450,kuryenet.com.tr
217451,kv888.net
217452,kviku.es
217453,kvizmajster.sk
217454,kwentra.com
217455,kwvxgpj8v7.com
217456,kxquick.com
217457,kyc.gov.gr
217458,kyoiku-tsumitate.jp
217459,kyunto.com
217460,kzeus88.store
220170,kingbet188.com
220238,kashiwa.lg.jp
220315,kbrnet.ru
220323,knetsdns.com
220340,kgou.org
220354,kace.com
220494,karndean.com
220509,kivaloarany.hu
220709,kramatorsk.info
220724,kesko.fi
220754,kozterkep.hu
220773,kassanova.kz
220814,ksilbo.co.kr
220829,kilimall.com
220842,kadoontrading.com
220853,katzen-forum.net
220894,koran-jakarta.com
220926,kgnews.co.kr
220928,ktvh.com
220931,keka.io
220992,kbwpbnquf.cc
221007,kullanimkilavuzu.com.tr
221017,ketshopweb.com
221060,kaiserslautern.de
221073,kotakanimeid.link
221143,ktis.net
221148,ksxyhjd.com
221166,kazaa.com
221362,korealol.com
221363,kerknet.be
221388,kendoo.pro
221468,keenitsolutions.com
221502,kidsaround.com
221526,kli.re.kr
221544,kele.com
221564,kunvertads.com
221608,kangoro-boll.co.uk
221680,kemhan.go.id
221690,kaufland.net
221790,kidsautoios.com
221808,kongehuset.no
221824,kemlu.go.id
221860,kobe-cufs.ac.jp
221882,kznhealth.gov.za
221904,kenduct.net
222009,kliataxilimo.com.my
222026,ksbdgef.com
222032,katz.to
222057,kaipoke.biz
222078,kampus.ai
222113,kino67.ru
222143,kstudy.com
222144,klouds.com
222197,kn3.net
222202,kjo.com.sa
222213,keybookmarks.com
222231,koelle-zoo.de
222251,khazar.org
222300,kamfir4.space
222323,katebackdrop.com
222358,keymedia.com
222370,kancolle-server.com
222490,khis.de
222505,kneipp.com
222628,kudamoscow.ru
222701,kubertron.net
222785,kaspersky.es
222922,karsondiecast.com
222940,kiripo.com
222952,kirchen.net
222986,kunduz.com
222990,kiki18.com
223013,kubon.ru
223025,khnp.co.kr
223135,kamfir10.space
223162,krytoland.cz
223180,kerabenprojects.com
223230,kpcw.org
223237,kassodrom.ru
223240,kihoilbo.co.kr
223275,kfu.edu.cn
223281,koqleyrsj.cc
223300,kagoshima-kankou.com
223382,kinobolt.net
223387,k-way.com
223405,kastking.com
223468,kamfir3.space
223502,klassikradio.de
223526,kinkly.com
223566,kelabodc.com
223594,kit-ads.com
223602,kentei.ne.jp
223623,kanzilo.top
223636,keshe-voz.ru
223646,kemendag.go.id
223712,koorong.com
223747,kitsapdailynews.com
223778,kellogg.com
223801,kyiv-city.com
223809,kitag.com
223833,kuflu.com
223870,kasperskycontenthub.com
223873,kinogram.best
223916,kakeldesign.se
223968,kc2g.com
224067,ktvl.com
224101,kwr.kz
224118,kalibroao.ru
224150,krakencloud.net
224160,kvbawue.de
224189,kiz10.com
224191,kontrafunk.radio
224328,kartalyuvasi.com.tr
224413,knamedurinds.com
224471,k-eta.go.kr
224479,krjogja.com
224504,keytruda.com
224528,kanschool13.ru
224651,kinxzone.com
224826,kugellager-express.de
224827,kearnymesasubaru.com
224863,kdltest.ru
224993,kapsch.net
225112,kansai-bb.com
225113,krackattacks.com
225133,keepon.media
225137,knewton.com
225165,kkso0fuvho.com
225188,k-as.ru
225263,kwikwap.info
225265,kwara.com.br
225280,kartaview.org
225336,kynix.com
225347,kentkart.com
225498,kinozi.click
225505,kmaland.com
225539,katscrappiness.com
225625,krona-clinic.ru
225628,koelnmesse.de
225637,kemifilani.ng
225672,kechuangai.com
225685,koozali.org
225686,koiforum.uk
225729,klgsys.com
225795,kinomap.com
225799,ki.com
225858,kscloud.kr
225938,kmg.kz
226001,kiracare.jp
226054,kochinc.com
226091,khn.nl
226112,kronplatz.com
226171,kaibaanthai.com
226184,keystone-sda.ch
226353,kress-robotik.com
226376,kama.biz
226399,kaira18.com
226455,kira.art
226541,kardoune.fr
226551,ksde.gov
226607,kubit.ir
226615,kexiaoyun.com.cn
226658,kelvion.com
226725,komendant.net
226754,kumasyol.com
226764,kkk888win.com
226777,kxe.io
226827,kai.edu.ua
226910,keybot.com
226911,ko-jiyasan.com
226966,kenyatalk.com
227025,kaguya.sbs
227062,keyfactorocsp.com
227121,kdan.com
227193,karatetournaments.net
227221,kauf-unique.de
227230,kmu.edu.cn
227274,kilihost.com
227343,kellyoakleyphotography.com
227345,kzla.ru
227349,knowledgepixels.com
227381,kasago.biz
227387,kogama.com
227414,kashmirresidency.com
227450,kollmorgen.com
227460,kiskooloterias.com
227484,knorus.ru
227492,kensingtonbooks.com
227495,keukenman.nl
227593,karaoke-lyrics.net
227595,kashtanka.mobi
227629,kleos.ru
227645,kevinmerchant.com
227659,kyivone.com
227663,kazino-olimp.kz
227673,kashmirobserver.net
227715,kinogo-biz.net
227734,kingsoft.net
227815,krusofiya.fun
227825,kickbot.com
227850,krollcorp.com
227935,kproxy.com
227985,keeps.com
228017,kingnet.com.tw
228027,karlsfeld.de
228065,kycourts.gov
228132,kudub.cn
228178,karseell.com
228246,kempower.io
228307,kvkli.cz
228365,kstu.kz
228405,kapteyan.com
228429,klpu.ru
228433,komodostation.com
228438,kioncentralcoast.com
228464,kedwyz.com
228468,keizaal.com
228486,knockoutjs.com
228490,kitzapchasti.ru
228644,kdm44.ru
228664,kto-group.com
228777,kekeeimpex.com
228830,kgl-systems.io
228876,kampung.com
228978,kuechengoetter.de
229004,ktun.edu.tr
229024,kit-invest.ru
229034,kelowna.ca
229040,klenmarket.ru
229161,kitchendance.com
229262,khezri.ir
229266,kettal.com
229323,kanuk.com
229363,keram-market.ru
229371,kleiner-kalender.de
229373,kyotoanimation.co.jp
229542,kennedy.edu.ar
229545,km777.io
229548,kharkov-future.com.ua
229557,krnllc.ru
229617,kreuzfahrtberater.de
229623,kingav.net
229657,khedwwis.cc
229708,kishou.go.jp
229758,kielnet.net
229822,kab.org
229898,kitami-it.ac.jp
229926,kodomo-booster.com
229927,kpopsource.com
229967,kompoz.me
229982,kinpome.com
229999,kgrz-ks.de
230014,keldysh.ru
230060,kenzai-search.jp
230089,kanker.nl
230145,kuwaitlocal.com
230159,kinovibe.vip
230184,kyoceradocumentsolutions.us
230271,kochubinfo.ru
230359,kuwait.net
230410,koiwatergarden.com
230432,kmsznummp.cc
230502,kyoceradocumentsolutions.de
230510,kuraray.com
230570,kiranico.com
230604,kurasushi.com
230626,kbcapital.co.kr
230644,knxsolution.sk
230667,kotak811.com
230724,krakowairport.pl
230769,kcccam.cc
230828,kitchenaidparts.com
230841,komornik.pl
230862,keltos.ru
230903,kolomyia.org
230922,kreativo.com.pl
230940,kayak.pl
230947,komkon.org
230960,koronker.ru
230997,kantangame.com
231000,kvnews.ru
231004,kualianklj.com.cn
231033,kwp-online.de
231066,keysnews.com
231149,kizoa.com
231176,k008.ru
231208,krsu.kg
231216,kazusa.or.jp
231226,kycrc.com
231246,kenceng-solusindo.web.id
231263,klex.ru
231271,katasztrofavedelem.hu
231333,kdsi.net
231414,kontext.so
231433,kwbcx2940637fafa.com
231441,kommitt.de
231510,kingroyal-resmiadresi.vip
231528,kuaidu9.com
231572,kh-vids.net
231596,kanjirapally.com
231642,kreando.ch
231648,k8gweciv.com
231675,kabasakalonline.com
231769,kidkare.com
231870,karsu.uz
231949,kvsspb.ru
231978,krianse.com
231994,knowunity.de
231997,kandy.io
232028,kafeprog7.com
232085,kabeljournal.de
232114,kroati.de
232186,karako.co.uk
232190,ksiegarniainternetowa.de
232191,kooziegroup.com
232231,kscourts.org
232348,kill-bot.net
232354,komoot.io
232401,kafaloukasshoes.gr
232430,kai-group.com
232439,kasparov.ru
232468,kidzblog.ru
232474,ke-hai.com
232486,kkibci.pl
232557,khaskhabar.com
232584,kwoking.com
232618,knoxconnect.net
232634,knoxvilletn.gov
232669,kulturstiftung-des-bundes.de
232679,koddos.net
232697,kunzmann.de
232704,koawoodranch.com
232726,kosmosvize.com.tr
232748,kmonet.com
232764,ksw.ch
232795,killerstartups.com
232853,kinjirou-asp.jp
232854,kickasstracker.com
232879,kamami.pl
232916,kutego.cloud
232923,kicker-libero.de
232928,kalvo.com
232934,korewireless.com
232979,kabarbursa.com
232990,komikcast.cc
233006,kencookpartners.com
233058,kassabasystems.com
233164,karaca.us
233267,kunsten.be
233274,kovintrade.cz
233393,kart.edu.ua
233400,kupidonia.ru
233454,koreatesol.org
233477,kkmp.tech
233502,kompany.com
233503,khmelnytskyi-future.com.ua
233509,klium.com
233511,koenigsbl.au
233533,kasinoseta.com
233612,kthosting.net
233675,klueber.com
233721,ksjdfusdjdshfjhsdk.com
233865,kmamexico.com
233891,kluxen.de
233930,kalas.cc
233938,kcftech.com
233981,kindlife.in
233985,karpaten.ro
234155,kch.nhs.uk
234282,klasresearch.com
234295,kuducom.com
234326,keedra.com
234362,kikakuya.ne.jp
234389,kinozones.ru
234399,kubankredit.ru
234480,kcby.com
234528,kuyiso.com
234535,krussdomi.com
234538,kyivski.info
234547,kboo.fm
234589,koc.net
234597,k1info.rs
234623,keurig.ca
234733,kerakoll.com
234751,kupidomain.bg
234759,klimareporter.de
234763,kingsna.com
234769,kingdomcomerpg.com
234781,kowalczyk.info
234829,komische-oper-berlin.de
234912,kluwerarbitration.com
234936,klinikbewertungen.de
235117,kaiserkraft.de
235244,kitking.co.uk
235310,kursksu.ru
235388,kcimg.cn
235420,kasperskyclub.ru
235529,komaruvpn.com
235547,kavkazcenter.com
235554,knitstamp.com
235571,kmworld.com
235594,kifid.nl
235596,kicks-ass.org
235624,kyungnam.ac.kr
235647,ksd-images.lt
235684,kaunas.lt
235693,kronehit.at
235704,kwatertech.co.kr
235766,kamino.finance
235774,keydirect.ca
235795,krasproc.ru
235801,knowledger.de
235816,kiavi.com
235823,kanzengames.com
235928,kubo.chat
235934,keramir.com
235982,kulturistika.com
236044,kyivyes.com.ua
236051,kraxnet.com
236076,kirzhachtelecom.ru
236146,kontakt-ktv.ru
236183,klusster.com
236292,kichler.com
236349,koronacard.ru
236362,kiklosh.com
236364,krpwwftglvkznmtv.com
236383,kramer-dns.de
236389,kmqlhy.com
236410,kludi.com
236454,keyway.net
236463,kaldrox.com
236482,kuettu.com
236541,koreanfriends.co.kr
236555,kimandono.com
236560,kuai-ying.com
236610,kingartco.com
236641,kaspersky.com.cn
236691,kevinscatalog.com
236760,kaplanfinancial.com
236762,kyber.dk
236819,kulturstaatsminister.de
236875,konycloud.com
236903,kfunigraz.ac.at
236913,kleague.com
236915,keydatadashboard.com
236991,krewe.com
237020,kunstveiling.nl
237026,kushkipagos.com
237059,keepassx.org
237060,klinikradar.de
237372,kare.de
237406,kornet.ne.kr
237428,kiotapi.com
237435,kickbite.io
237522,kralmuzik.com.tr
237609,ktmtalk.com
237691,kermany.com
237718,kwathabeng.co.za
237754,kryvyi-rih-future.com.ua
237819,ksp-chel.ru
237824,kohacatalog.com
237835,k-tai-iosys.com
237928,kinemix.com
237947,kwiziq.com
238077,kreisbote.de
238184,kona-ice.com
238205,kiramtech.com
238216,kilobaitas.lt
238243,k13.group
238438,kozmoshoes.com
238518,kaagent.be
238527,klungkungkab.go.id
238662,kuhustle.com
238765,kimmeria.com
238766,kp.by
238782,kamfir5.space
238819,kristina.quest
239014,konarentals.net
239019,kixx.nl
239070,khersonregiongas.com.ua
239072,kapadokyadayim.com
239097,klinikabudzdorov.ru
239144,ks-technology.ru
239197,kinozi.live
239236,katyisd.org
239260,kdminer.com
239297,kungligaslotten.se
239348,kicksta.co
239349,ktk.io
239421,kgdavia.ru
239429,kostenlos.de
239453,kestrelinstruments.com
239475,kobayashi-kyo-ballet.com
239538,king.rs
239595,keltecweapons.com
239609,kryvyi-rih.one
239619,krishka.ru
239637,knaben.xyz
239677,ksldigital.com
239743,ktgh.com.tw
239776,kam.lt
239930,kino.nu
239969,krasnayapolyanaresort.ru
240026,kolotibablo.com
240049,kazuban.com
240094,kazairwest.com
240121,kerbalx.com
240136,kingdomsalvation.org
240167,kidshockey.ru
240191,kursktelecom.ru
240202,keepv.id
240285,km3.de
240340,k1net.info
240363,kokucheese.com
240374,kmdns.net
240425,k-online.com
240457,kompleks-s.ru
240491,kci.net.nz
240572,keysfinder.net
240595,khmelnytskyi.one
240690,k-to.ru
240701,kavenegar.com
240729,kiierr.com
240769,kimatv.com
240815,kshost.com.br
240921,kbapp.ru
240941,kv.by
241017,kscgroup.ru
241081,korgforums.com
241088,kwrn.eu
241115,kanonji-mitoyo-med.or.jp
241127,khaite.com
241156,kyoto-seika.ac.jp
241174,ky35888.com
241210,kartoo.com
241211,khmerchords.com
241286,kpmg.com.au
241346,klubfitness.pl
241349,kommunale.it
241475,karmaloop.com
241483,kovi.com.br
241521,kire.net
241543,kaspersky.hu
241550,kilatdomain.cc
241577,kousokuwiki.org
241624,kozoom.com
241660,khmelnytskyi.name
241744,kuailinz.com.cn
241782,kalmar.se
241812,kenganleykiamentor.com
241813,kharkovskiye.info
241858,karibcable.com
241870,kepu.net.cn
241886,keprtv.com
241924,kkeu.de
241937,klap.app
241938,kinometro.ru
241942,kryptdns.com
242031,k-health.com
242055,komik.cz
242061,kodiakcakes.com
242092,kuhn.com
242187,knovel.com
242287,kinook.com
242299,kodular.io
242384,katho-nrw.de
242441,kemono.party
242442,kcnawatch.org
242445,k-opti.com
242481,ksyungslb.lol
242515,komdaame.com
242643,krotov.info
242679,keydb.dev
242698,kadernickyservis.sk
242793,kelisto.es
242796,kindernetz.de
242810,kdslife.com
242819,kegworks.com
242857,kiteforum.com
242861,kindylib.info
242864,kentcrp.org
242952,kazang.net
242959,knowyourh2o.com
242978,ka-pok.com
243003,kvels.com
243090,kits.ai
243236,kerastase.com.br
243239,kupitpravai.com
243242,kiwirail.co.nz
243276,kaspnet.ru
243330,koelnmesse.io
243353,kingsumo.com
243403,kraftfoods.com
243432,kopac.co.kr
243456,kp.media
243522,kreis-re.de
243559,kleo.ru
243812,kreonet.net
243915,kawaguchi.lg.jp
243919,kingschapel.net
244009,kauai.gov
244093,kurator.com
244158,kieleckapilka.pl
244262,kicad-pcb.org
244268,kenhgiaovien.com
244283,kanglinzhineng.cn
244319,kasperskydaily.com
244336,koloshop.cz
244366,kestrel.jp
244384,kuchenneprzyrzady.com
244412,kiwicollection.com
244441,kubsau.ru
244449,koloboklinks.com
244554,kyhorsepark.com
244572,kushi-tanaka.com
244603,kubanoms.ru
244620,kryvyi-rih.name
244642,koedbmw.com
244662,kiyevlyanka.info
244664,koesio.com
244676,kidozplayer.com
244785,kseek.com
244790,kingkongxo.com
244821,k2vw5n7u3vxs.com
244839,karatekin.edu.tr
244844,katespadeandcompany.com
244912,kuauxbqg.cc
244940,kernapk.nl
244941,kellyedwards.net
244944,kknetworks.com.pk
244946,kinesis-ergo.com
244947,kiwitaxi.ru
244959,khakiblaise.icu
245045,kautbullinger.de
245050,knocommerce.com
245110,kresy.pl
245112,kvmeter.ru
245207,kostanaylife.kz
245259,kldp.org
245324,koreanbapsang.com
245358,konkret.az
245384,kontrool.de
245387,kampic.com
245408,kk-uzussd.top
245440,khda.gov.ae
245448,kingschool4.ru
245469,krkjtklmm.cc
245517,kz-gedenkstaette-dachau.de
245537,kkpfg.com
245570,kisska.net
245643,kids-in-mind.com
245651,kurtlarvadisi.com
245718,kioskea.net
245725,knockout.chat
245816,knowunity.es
245847,kingroyaladresi.com
245875,kenesispro.com
245897,keeperlabo.jp
245902,ksnodes.net
246000,komatsu.jp
246015,kdrp.com
246030,karnaval-krd.ru
246071,kimballmidwest.com
246072,kplc.co.ke
246095,kroxne.org
246110,kivlo.shop
246124,kroobannok.com
246152,kharkiv.name
246163,kharkovyes.com.ua
246173,konka.com
246189,kviohr.com
246214,klm.co.uk
246222,klankosova.tv
246228,kidshalloweencostumes.com
246262,kfcitr1.com
246311,karlovyvary.cz
246336,kyunghee.ac.kr
246402,kamilszczepanski.com
246415,krakendice.com
246431,kompastour.com
246593,killington.com
246612,kahua.com
246689,kidzworld.com
246707,kentreporter.com
246749,kingsnake.com
246793,ksr.io
246815,kontist.com
246837,kelty.com
246922,kenmei.co
246924,kovaaks.com
246932,kraftcom.at
246976,kbu.ac.kr
247033,knsiradio.com
247063,kmmaltairlines.com
247099,kitairu.net
247216,knuckleheads.dk
247221,king.edu
247298,kinetica.mobi
247318,khmelnytski.info
247360,kdheks.gov
247406,kindredgroup.com
247412,kifli.hu
247460,kickasstorrents.cr
247490,kikkerland.com
247505,klippa.com
247523,kdnet.net
247552,km-net.pl
247611,kinozi.top
247673,kino-stream.online
247707,korzilla.ru
247749,keaz.ru
247772,kelocnet.cz
247779,katieflowers.net
247799,kollex.de
247838,kinozi.link
247851,kielce.eu
247999,kingsizejuggs.com
248012,kurasapo.net
248014,kyligence.io
248035,kkzycdn.com
248044,kingexpand.cn
248047,kayak.ae
248062,kayak.ch
248074,kalush.eu
248084,kunstmuseum.nl
248088,knifriend.com.cn
248152,kenko-tokina.co.jp
248197,konekorjaamo.fi
248228,kentuckylantern.com
248261,krft.net
248287,karismahotels.com
248393,kostasoft.ru
248420,kulusite.com
248427,kipp.com
248431,krym.ru
248462,ki-campus.org
248466,kirishi.net
248517,kto-zvonili.com
248532,kelbyone.com
248606,kclibrary.org
248637,kittiesmc.com
248703,koqstsbhv.cc
248707,katfile.com
248716,kulturmeclisi.com
248739,kredivo.id
248806,knp24.ru
248833,katz-stealer.com
248888,krs-ix.ru
248927,kent.edu.tr
248931,kanavto.ru
248937,kape.com
248968,kyiv.digital
249010,keck.com.cn
249047,kratosdefense.com
249058,kktennis.com.au
249062,kaprila.com
249122,krasin.ru
249126,kingroyall.com
249130,kupimnelikvidi.ru
249146,kaojiazhao.com
249170,kulinarenok.ru
249263,konvy.com
249264,keepingcurrentmatters.com
249292,knigogid.ru
249293,kinderparties.ch
249296,kreiselelectric.com
249316,kabi.info
249327,kkco11news.com
249384,kerzner.com
249401,kvack.org
249406,kraspost.ru
249439,kseibishop.com
249453,klns.su
249465,kuri.ne.jp
249608,kemsos.net
249729,kollekt.fm
249751,krpvbbxg.cc
249812,kish.ir
249855,kuali.co
249874,kortrijk.be
249878,kentcdodds.com
249958,kateraworth.com
249984,kgts.su
250017,king-real.ru
250110,kabeba.my.id
250125,kuaotv.cc
250141,kharkovone.com
250178,klausbunny.tv
250184,kiwoko.pt
250193,koonssterlingford.org
250203,karadakara.com
250254,klientboost.com
250282,kd63.com
250351,kier.co.uk
250380,kway.co.il
250388,kdpejqcwzb.net
250398,kimc.net
250411,kitempleo.cl
250443,kingscomics.com
250520,kc4xmp9o.com
250719,kyverno.io
250746,kaisilan.cn
250751,keyingredient.com
250759,kicad.info
250766,kanefootwear.com
250865,kunstkopie.de
250876,koreabiomed.com
250905,kaposidisease.ru
250984,kmuw.org
251008,kntv.jp
251026,kentishglory.ru
251074,kopobkatopta.ru
251084,kansascitysteaks.com
251101,kbia.org
251127,keepsmthinhand.ru
251207,kevinandamanda.com
251211,knet.uz
251269,kentaku.co.jp
251343,kokomotribune.com
251443,kms.pub
251448,kname.edu.ua
251478,kawarji.com
251502,klingel.de
251537,kokoshka.wiki
251543,karadarefre.jp
251557,kinjisan.com
251582,knifesethouse.ru
251585,khasmobile.com
251643,kruglikov.info
251658,knightonline1.com
251675,kayak.com.ph
251687,killthefattedcalf.ru
251723,kerrrotation.ru
251732,kdandoc.com
251935,kayaconnect.org
251948,kunlunce.com
251952,kannet.ne.jp
251977,ktt2.com
251981,keyserum.ru
251993,kinecta.org
252045,koreadepart.com
252064,kabelbw.de
252105,klabin.com.br
252113,kreatio.net
252122,keymanassurance.ru
252151,kleinwalsertal.com
252294,kymco.com.tw
252349,kensingtontours.com
252370,knockonatom.ru
252414,knowsley.gov.uk
252442,kazdsp.com
252473,kincho.co.jp
252505,kneejoint.ru
252511,kamianets.com
252520,kib.hu
252525,kidzone.ws
252528,kicker.com
252556,keepagoodoffing.ru
252600,knowledgestate.ru
252623,kleinbottle.ru
252679,kerbweight.ru
252735,k-d.com
252752,kartuzova.ru
252757,kvwl.de
252806,karneval-megastore.de
252834,kumtel.com
252840,kawalingpinoy.com
252856,ksphosting.com
252877,kir6school.ru
252897,kongtiao0531.com
252911,khmelnychanka.info
252924,keepfy.com
252935,kiasma.fi
253015,kommunalarchive.at
253036,kontol.online
253094,karagarga.in
253097,ksis.eu
253099,koganpage.com
253152,kosmi.io
253162,kdevelop.org
253282,kickplate.ru
253300,keeprapid.com
253313,kyopartner.com
253470,knmg.nl
253508,klotzlube.ru
253568,kath-kirche-kaernten.at
253573,kazan.aero
253652,kittenscraft.com
253727,kfcc.co.kr
253735,koueabz.com
253740,klassenarbeiten.de
253777,kinkyphuc.icu
253783,kubikum.com
253817,kulikov.kg
253960,kitagcinemas.ch
253971,kilowattsecond.ru
254022,kk-bestsellers.com
254033,kryvorizhski.info
254092,krusttevs.com
254124,koreatextile.net
254181,kuliahkaryawan.id
254218,kliksafe.nl
254265,kbsyst.ru
254278,kingweakfish.ru
254312,k7dj.com
254315,kutahyaporselen.com
254447,konfiskat.ua
254536,kin.insure
254669,kzp.bg
254699,koftc.com
254753,kekale.fi
254754,kitsuneyako.com
254803,kind.com
254849,kiddieacademy.com
254907,knauf.ru
254939,knoxcounty.org
254961,kondoferromagnet.ru
254991,kalfaoglu.net
255030,kaleibisuperc.link
255139,kernl.us
255142,kateb.ir
255208,kaoshixue.com
255216,kodesolution.com
255245,kompanion.kg
255284,karneval.cz
255297,kinozi.work
255385,kuaisu.com
255488,kleen-ritecorp.com
255492,kayak.co.id
255523,kyujin-ascom.com
255524,ktcloudcdn.com
255556,k-bnk.ru
255575,kabam.com
255655,kwanzoo.com
255667,kuda.com
255712,kupat.co.il
255731,kpho.com
255820,king-online.ru
255875,kit-dns.de
255912,kracon.dk
255946,knuddels.biz
255994,keviniscooking.com
255997,klu.edu.tr
256018,klinikum-bochum.de
256039,krastsvetmet.ru
256048,kryvorizhanka.com.ua
256084,kurgan-city.ru
256104,ktor.io
256113,kappa.net.in
256188,kekitkekit.ru
256203,koba.pl
256216,kinopoisk.courses
256233,komododecks.com
256250,kyoto-wu.ac.jp
256317,kidztype.com
256402,kryvyi-rih-yes.com.ua
256517,kuenselonline.com
256574,ktvc8.com
256794,kiwiiz.fr
256831,kasikornasset.com
256886,krannich-solar.com
256958,keewano.com
256974,kiwidata.nz
257049,kinohouse.link
257060,king-servers.com
257116,kurume-u.ac.jp
257121,kohgls.com
257137,kitiglobal.com
257170,knockoutphysicsgame.com
257184,kts.golf
257210,krill-ai.com
257220,kamept.com
257221,kolsprite.com
257291,kvwmap.de
257313,kwhmeter.com
257426,kochi-idc.net
257429,kptech.com.au
257479,kashxa-infra.com
257490,kodiesparger.com
257575,kiezcars.de
257645,kejinshou.com
257694,keng.ru
257711,kbits.com
257742,karweioutletstore.nl
257743,kingsch.at
257840,kdlolymp.kz
257867,kemomo.link
257898,kram.ua
257945,keyshd.com
258003,kitzsteinhorn.at
258023,kre.hu
258034,klabhouse.com
258053,keaipublishing.com
258113,kuvasion.com
258130,kpmg.nl
258269,ksei.co.id
258513,kinokopilka.pro
258539,kpoptown.com
258625,ktm.org.ua
258643,krispcall.com
258685,ksoutdoors.com
258688,kcs-netz.de
258818,karting-rosny93.com
258894,kula.ai
258898,kvartirka.com
258937,kfmedia.ru
258948,komono.com
259055,kinogo.now
259070,kbchachacha.com
259148,krikzz.com
259149,katolik.pl
259214,kicktraq.com
259369,kentaweb.com
259392,kaavan.es
259440,krankenkasseninfo.de
259589,kushvsporte.ru
259635,kelleydrye.com
259683,kpt-bj.com
259911,kezezj.cc
259990,korta.is
260051,ketop.cn
260196,kmu.edu.tr
260239,kazatomprom.kz
260244,kino-boom.net
260340,k12academics.com
260364,kunlvone.com
260374,kochi-tabi.jp
260394,krutos.biz
260400,kitemed.shop
260599,kite-clothing.co.uk
260645,kami9.com
260709,kharkovchanka.com.ua
260769,khmerlinux.com
260782,kantaroperations.com
260810,keski-uusimaa.fi
260851,katolsk.no
260856,kjct8.com
260863,kbland.kr
261010,kinoga.one
261056,konupara.com
261159,k12hq.com
261162,khmotor.com
261170,kucing.biz
261263,kroogi.com
261290,koenig-solutions.com
261341,kodeks.net
261366,kompasslev.cz
261407,kherson-news.info
261414,komorebi.network
261444,kaspersky.nl
261506,kununu.cz
261629,kampfinsel.com
261646,kdatacenter.net
261669,katun24.ru
261696,kzmp3.kz
261718,kokoses.fans
261736,keukenconcurrent.nl
261739,kmc.si
261761,kvpr.org
261772,kissfaq.com
261784,kuyibu.com
261816,kangourou.fr
261852,knightrider.live
261892,kimptonhotels.com
261906,kybun.swiss
262023,kthosting.com
262041,ksvhessen.de
262066,kfcu.org
262127,kerbl-iot.com
262130,kampusumw.ac.id
262131,keyper-services.com
262200,kzburn.info
262252,k1net.eu
262260,kaguragames.com
262298,keune.com
262333,kbmaeil.com
262360,karpathy.ai
262459,kylinos.cn
262517,keepbritaintidy.org
262526,kenyajob.com
262572,kehutanan-mandalawaluya.ac.id
262587,krakenoptimize.com
262637,kas.pr
262670,kettererkunst.com
262683,kriggasixent.ru
262706,klpbbs.com
262801,keralartc.com
262817,knoebels.com
262846,k3dns.com
262888,kidizen.com
262889,kzvb.de
262912,kyodotokyo.com
262952,kakucloud.com
262976,kpese.gov.pk
262985,knappschaft.de
263239,krasnodar-invest.site
263292,kigleplay.com
263302,kayak.co.jp
263373,kpru.ac.th
263402,kp2-3ur6pe4r8i2hj5.com
263425,kvartal.tv
263512,kashmirlife.net
263513,kontainer.com
263552,kazan.ws
263609,kumospace.com
263641,kuracloud.com
263763,kp.ac.rw
263776,kkcdn312.com
263820,kikomilano.com.tr
263873,kuz.ua
263874,kontur-inc.com
263895,kozocn.com
263907,knihovna.cz
263965,kingsplace.co.uk
264027,kitakyu-u.ac.jp
264055,kbmf.shop
264121,kurz-erklaert.com
264172,kidkids.net
264200,kongfz.cn
264207,kirche-muelheim.de
264230,kr-ustecky.cz
264435,knowitall.ch
264500,kyivlinza.ua
264563,kortea.se
264694,karaoke-shin.jp
264748,kabel-badenwuerttemberg.de
264752,kimiahost.com
264773,khtp.com.my
264834,kirscrb.ru
265022,kitwanks.com
265091,katseye.world
265192,kbc.com
265240,kwiff.com
265299,kaspersky.co.jp
265309,kare-design.com
265330,kenilnika.ru
265406,kahf.co.uk
265432,kupitpravao.com
265551,kfollow.com
265554,kpsys.de
265591,kfs.edu.eg
265594,kosas.ru
265636,kosmolet.xyz
265661,kzvbw.de
265682,kkyd.cn
265684,kymp.fi
265703,kichgorod.ru
265715,knifecountryusa.com
265776,klium.be
265808,kazgu.com
265838,kakamobi.com
265848,kiesupply.com
265865,kcna.co.jp
265907,klay.co.in
265997,krakvet.pl
266037,kwickmenu.com
266070,kekogram.com
266081,kosmosnimki.ru
266136,kubota-eu.com
266188,kiraspecialist.com
266221,ktmwan.net
266246,krs-online.com.pl
266265,krasnodon-adm.ru
266315,kunmanga.online
266554,kftc.or.kr
266577,kindengezin.be
266592,krystal.app
266602,kkcube.com
266627,kvik.shop
266653,kaplanbobinaj.com
266662,kasparovru.com
266742,kinmaweb.jp
266743,kyarapu.com
266788,knuddelscom.de
266811,keperawatanumw.ac.id
266813,kitdns.no
266815,khogamehub.com
266838,klynt.net
266850,kanto-gakuin.ac.jp
266869,keikyu-bus.co.jp
266892,kompastour.kz
266941,kendamausa.com
266954,kayak.nl
266973,ksjy88.com
266979,ktcloud.io
266981,kinbetcasinoes.es
266982,kenyonreview.org
266984,koios.rest
266988,koffice.org
267013,kwokshing.ca
267057,kpl.gov
267135,ktm-bikes.at
267138,kathiredu.com
267143,ks05.com
267221,keylol.com
267222,kinoteatr.one
267224,ken-on.co.jp
267246,kimcblog.com
267355,kinogo24.com
267404,ktvsky.com
267427,kooli.tv
267433,kulanikinis.com
267475,kellinet.net
267477,khadraouitek.tn
267484,ktz.group
267487,keynote.com
267569,karenkane.com
267636,kyosys.com
267718,keramogranit.ru
267796,kakpravilino.com
267812,keepcup.com
267971,kittensgame.com
267998,kokobets.nl
268021,konsumenternas.se
268098,k2telecom.net.br
268213,kpbs.ru
268251,kia.uz
268281,kochjournal.at
268287,kiwibrowser.com
268391,killercoda.com
268401,kinozi.cfd
268424,keiseibus.co.jp
268456,klica33.com
268506,kazakh-zerno.net
268540,kinogo.bike
268545,khalifa-escorts.com
268555,keyblood.com
268561,keumshow.com
268635,kmnts.com
268678,knx-user-forum.de
268711,kmjianli.cn
268720,kreuzwortraetsellexikon.de
268772,kocaeligazetesi.com.tr
268792,ku66.ru
268802,kebidananumw.ac.id
268830,kinocheck.com
268946,karamba.com
268968,kairion.de
269023,klchemicals.net
269071,keellssuper.com
269072,kg999pwa.gg
269073,kjc11881.com
269239,keyseven.su
269407,kempten.de
269462,kuaimi.cn
269504,keyun100.com
269553,kinox.camp
269639,kanshushencom.com
269656,knigli.online
269683,kadisse.com
269711,kalypsomedia.com
269730,kemma.hu
269732,ktl.net
269746,kunlun.com
269756,korenpub.co.il
269771,kubb.tv
269963,kampeerhalroden.nl
269967,krasyar.ru
270029,kokoses.link
270054,kinoroom.link
270071,kinenote.com
270086,konesso.pl
270203,kyu.edu.tw
270251,kenken.go.jp
270254,kdtidc.com
270257,kvv.de
270278,kartoteka.by
270294,kingstagram.com
270295,kros.sk
270338,kvberlin.de
270352,ktnet.co.kr
270517,kenlo.com.br
270535,karups.com
270543,kireipass.jp
270578,keyelement.cloud
270605,kasin.xyz
270632,kylieminteriors.ca
270706,kuppo.net
270722,khelpdesk.com
270731,kghm.com
270743,kbdfans.com
270814,kfc.es
270856,kerangslotmania.org
270957,kanter.com
270993,kurumkancrb.ru
271015,kjbank.com
271034,kanzlei-dachau.de
271065,kkbbdns.com
271083,kinoza.cam
271356,kkboxset.com
271367,kallxo.com
271368,komediyatorg.net
271449,kcnoc.com
271517,konza.ke
271521,kymp.net
271530,kinbetcasinowin.es
271532,kleinanzeigen.com
271644,kinbet-casino-win.es
271774,kobelcocm-global.com
271813,khotrithucso.com
271871,kat82.ru
271890,kenzerco.com
271907,kittyhawk.com
271961,kosas.com
271986,kanro.jp
272084,krmg.com
272093,konzertmeister.app
272202,kirecom.net
272269,kaptiva.com.br
272335,kokobetcasinonl.nl
272459,knittingparadise.com
272550,ketabnak.com
272552,kuchesarfort.com
272599,ka10.online
272629,kelvin.net
272707,kang.it
272719,kub.org
272725,kinosvet.cz
272764,karpoff.ua
272827,kerg-ufa.ru
272879,krh.net
272894,kalingatv.com
272921,kjm.cz
272944,kventz.com
272967,kibo.space
272991,keatingauto.com
273036,kindredhealthcare.com
273066,kegz.site
273067,kokobetcasinonl.com
273189,ktxlytics.io
273197,koko-betcasino-nl.nl
273203,kakimori.com
273252,klick.com
273299,kingfeatures.com
273365,kwesports.com
273392,katfile.ws
273399,krwg.org
273418,kinghood.com
273488,kiiroo.com
273508,karafarinbank.ir
273542,kazokusou.co
273584,kamrbb.ru
273597,katiponline.com
273672,kaba.com
273727,kasmweb.com
273789,kshomron.co.il
273831,kolatomavto.ru
273835,kingcasino.com
273840,knowles.com
273843,koshelev-bank.ru
273886,karimoku.co.jp
273902,kaminsnab.ru
273916,kaigo-kyuujin.com
273922,keys.so
273980,kunkoku.jp
273992,ketabonline.com
273995,kpsn.co.uk
274010,kookaburrasport.com.au
274024,kangjiazj.com
274032,knauer.net
274068,karolinska.se
274170,klockor4you.nu
274181,kustomer.com
274295,kulemi.com
274453,kitchencabinetkings.com
274460,keraskale.me
274468,kaggleusercontent.com
274623,kisi.io
274662,kargo.zone
274681,keragon.com
274719,kis.finance
274741,kulturhotell.se
274810,kdcpa.com.cn
274835,kongcasinono.com
274920,kaluza.technology
274945,keyauto.ru
274967,knigamir.com
274992,kalianet.to
275034,krakow.sa.gov.pl
275069,kalkhoff-bikes.com
275119,kodayz.com
275146,kwipped.com
275203,kapelnica-ot-zapoya-nizhnij-novgorod.ru
275205,ksrevenue.org
275212,ktm5.ru
275216,kawaiix.com
275233,kety.pl
275284,kidscount.org
275317,kabelscheune.de
275319,koifaire.com
275335,kolikkopelit.com
275353,kvc.org
275408,kbprycjim.com
275500,koichidomoto-fc.net
275551,klikwarta.com
275556,kitchenstuffplus.com
275636,kyoceradocumentsolutions.ru
275662,kellanova.com
275704,ktcloud.com
275782,kingstarusa.com
275853,kansasworks.com
275909,koi800.com
275935,kinxie.com
275951,ksml.edu.tw
275977,kp-media.com.cn
276002,kaboose.com
276050,kimpex.com
276117,kingdomofknuffel.com
276140,kikikcdn.cc
276176,kuaisushu-cnd.com
276281,kodable.com
276288,kolnovel.com
276353,kaereba.com
276358,kienyke.com
276371,kikakuya.net
276376,kaisar.io
276388,krcons.ru
276406,keatingnissan.com
276568,kpf.com
276581,ktoygaday.xyz
276625,ksdjugfsddeports.com
276678,kinkservercdn.com
276679,kultus-bw.de
276682,kadencethemes.com
276713,kluatr.ru
276742,kbliner.com
276799,kissbrides.com
276834,korrektur.de
276900,karatcart.com
276909,kings-resort.com
276933,knihovnyln.cz
276941,ktechsuspension.com
276995,kfc.nl
277027,kinogo.la
277032,koppa.pro
277129,kphr.kr
277136,kupifonar.kz
277171,keepsecure.cc
277227,kosmohost.com
277265,kodiaksys.com
277347,kayweb.net
277428,kitshop.ru
277447,kds34.shop
277519,kbench.com
277538,kampusmerdekaumw.ac.id
277557,kwaiying.com
277587,kunstderfuge.com
277606,kusmar.tech
277720,koneovbg.se
277766,kaizen-hosting.com
277860,koitoto.org
277870,kawaiistop.com
277891,khoahoc.tv
277926,kestra.io
277931,kkickass.com
277932,kavalanews.gr
277942,kemin.com
277991,knowasiak.com
278047,klldag4dv.com
278058,kaiwoo.ai
278119,kidsplaythings.ru
278125,kompas.ru
278140,kamennyegriby.com
278203,kn.kz
278238,kedirikota.go.id
278287,kruiz.online
278405,kwasuth.org.ng
278497,khs.go.kr
278527,kong-casino-no.com
278608,knaapo.ru
278669,kendostatic.com
278706,knotandrope.com
278735,kazoohr.io
278780,keep.pl
278804,ksu.ac.th
278812,keydifferences.com
278871,kentlaw.edu
278900,kelest.fr
278926,kaneka.co.jp
279020,kojo.app
279025,kroah.com
279035,khorsandcapital.com
279056,korrecthosting.com
279168,keonhacai18.website
279180,keystoneresort.com
279186,kidpaw.com
279270,kitparts.ru
279276,ktvo.com
279298,komikindo.live
279312,kingofbzcc.com
279375,kunstpalast.de
279389,kleding.nl
279457,keyringapp.com
279460,kiantech-ig.ir
279510,kunstform.org
279512,kennstdueinen.de
279590,kyivvlada.com.ua
279634,kpi.co.th
279688,klab.lv
279802,koreadj.tv
279811,knue.ac.kr
279886,kunlun02dns.com
279908,kuhmaster.com
279919,kemppi.com
279969,khaddavi.net
279990,krost.ru
279994,kinosimka.one
280003,kimcha.site
280023,koopje.com
280024,knockoutbg.com
280136,ksal.com
280200,kec.net
280242,kayahotels.com
280351,komkur.info
280447,karthala.com
280608,kzntreasury.gov.za
280611,kebab.jp
280618,kasa.com
280657,kmdn.gov.tw
280662,kanazawa-med.ac.jp
280672,kliniken.de
280683,kovrovinter.net
280806,kohoutovice.net
280844,kvnbw.de
280850,kae.edu.ee
280954,kemper-amps.com
281054,kayoutlet.com
281091,kunm.org
281148,krosno.pl
281305,ku-eichstaett.de
281310,koeitecmoamerica.com
281314,koenigmediallc.net
281336,k9hq.ca
281351,kewandwillow.com
281357,klmin.blog
281367,kalmarglobal.com
281423,kandekore.net
281425,kompassify.com
281492,kemenbud.go.id
281499,keepthatpump.com
281574,kingpower.com
281615,keukenkampioen.nl
281731,koyso.com
281738,kingoapp.com
281792,kgi.edu
281869,kde-apps.org
281898,kapre.com
281944,kinogo-films.lol
281948,kuruish.org
281986,kickoffpages.com
282086,kidlogger.net
282091,kb.help
282157,kavout.com
282192,knightsgear.com
282200,kutombana.net
282257,k1news.ru
282314,kissfm.ua
282335,khqa.com
282404,kimnpark.net
282410,kaiping.gov.cn
282423,kinovod.net
282450,kauaiohanavacationrentals.com
282552,klarmobil.services
282609,kamp.net
282661,keonhacai55.soccer
282707,keminetdns.net
282736,kaefcdn.net
282811,kuipernet.com
282823,krank.de
282829,kingbokeptv.com
282858,koi.ai
282912,kcpmc.store
282973,kjzz.com
282976,karmasuccess72.shop
283013,kansascityjobseekers.com
283020,kurumsalyonetimkutuphanesi.com
283093,kunlun01dns.com
283163,kineticasports.com
283173,kunst-fuer-alle.de
283203,kpit.com
283233,kitchentreaty.com
283260,keezmovies.bond
283262,korso420dim.com
283335,kornerspot.com
283351,kr-view.com
283367,k12reader.com
283376,kortex.co
283481,karton.eu
283486,katiaribeiro.com.br
283505,kinross.com
283517,kurumesi-bentou.com
283528,k9020vj34.com
283549,kuleuven.cloud
283595,kolagmk.ru
283823,keapfile.app
283876,krakowculture.pl
283877,ktdev.io
283899,kyrktorget.se
283917,kbin.earth
283932,knfilters.eu
283936,koikeseiki.com
284050,kindfarmsreserve.com
284052,kudelskisecurity.com
284070,koffer.com
284133,kanzler-style.ru
284154,knowify.com
284155,kobelco.com
284171,kashanu.ac.ir
284183,kmkhosting.com
284243,kolmar.co.kr
284269,karrieretipps.de
284273,kimscravings.com
284282,kamac.com.tr
284333,kapelnica-ot-zapoya-nizhnij-novgorod-1.ru
284362,kfintech.in
284378,krastr.ru
284419,kccmn.com
284433,kamer.nl
284528,knd.ro
284598,k7w.in
284611,knipex.de
284625,klue.com
284660,klnhk.com
284672,karofood.com
284692,kachava.com
284695,kaeyou-dm.com
284699,koala.io
284729,kimeratechnologies.com
284787,koicbd.com
284825,kts.ru
284840,kokoroseboutique.com
284908,ktalkdaemon.ru
284926,kemp-family.info
284965,kortros.ru
285053,kcf.or.jp
285106,kings.k12.ca.us
285128,kotipizza.fi
285164,kripta.ru
285198,klinikakartavenko.com
285242,kovocredit.com
285252,kvh.com
285287,k12.sd.us
285361,kindersache.de
285368,kayseri.bel.tr
285384,keclips.com
285415,krasserstoff.com
285416,kodacode.ru
285424,kransen-floor.de
285468,k4mobility.com
285470,kxdw.com
285479,kunlun03dns.com
285505,k91.casino
285515,keezmovie.bond
285516,ks-omnipharm.pl
285523,kentbroom.com
285557,korsanfan.com
285696,kandamyoujin.or.jp
285705,kedu.ru
285727,kesehatanmandalawaluya.ac.id
285765,kernhigh.org
285781,kinogo.cc
285794,ktc.cn
285805,katehon.com
285822,kotsu.co.jp
285830,koelner-philharmonie.de
285839,kcm.co.kr
285954,k2-industries.com
285970,kelbillet.com
285997,kooky.domains
286002,kutami.de
286022,korkmazstore.com.tr
286084,kingroyalgirisi.com
286140,kyou.id
286165,karenscountrycottage.com
286179,kuratsu-eng.com
286529,k9d93kkk.cc
286530,kabot.icu
286531,kak.is
286532,kalama.cloud
286533,katanarpc.com
286534,keesson.net
286535,kentiklabs.com
286536,khjglobal.com
286537,kjnodes.com
286538,kobelcowelding.in
286539,kobelcowelding.nl
286540,kochindustries.net
286541,kookeey.net
286542,koshuha.co.jp
286543,kpractices.com
286544,kpy.cloud
286545,krs.io
286546,kruibhez.ws
286547,kt8899.org
286548,kunlun05dns.com
286549,kw1030v8.xyz
286923,krpservers.com
287001,kandianshu.com
287026,kaistgsa.org
287073,kfplc.com
287079,kumagaya.lg.jp
287129,kegland.com.au
287167,kuaidu9.cc
287184,kuraimipay.com
287204,ks-todesk.com.cn
287263,kaigisho.com
287297,kindertelefoon.nl
287345,kayak.co.kr
287367,kioskoymas.com
287370,knowsky.com
287390,karmagroup.com
287419,keyman.com
287505,kantata.com
287561,katran.pk
287602,kelownacapnews.com
287664,kdi.re.kr
287701,klik.de
287707,kazus.ru
287717,kampusmandalawaluya.ac.id
287801,kaztransoil.kz
287826,ksamata.ru
287836,kominfo.go.id
287901,kinet-tv.ne.jp
287951,kristiania.no
287953,kuehne-nagel.cloud
288098,kcn.jp
288102,keystonerv.com
288103,kleek.ru
288124,kndr-rutor.ru
288191,ku.ac.ug
288221,khanmigo.ai
288249,kpsl.co
288274,knighttrans.com
288347,knittingpatternsgalore.com
288353,kto.com
288364,kokm.ru
288370,k26.ru
288421,kebidananmandalawaluya.ac.id
288441,kpnu.edu.ua
288456,kmska.be
288489,kustompcs.co.uk
288570,kano.me
288571,khcu.ac.kr
288576,kannaway.com
288582,kinote.org
288667,kuaizao.org
288680,karmanames.com
288687,kgau.ru
288728,kobe-wu.ac.jp
288731,karta.org.pl
288797,kinokordon.live
288859,kgridhub.net
288888,kentrexs.cn
288889,kaplife.ru
288953,kinglouie.com
288956,kinokradx.co
289018,krita-artists.org
289066,knoware.nl
289075,koorabreak.com
289116,kubeflow.org
289195,kovifabrics.com
289255,kinoart.ru
289364,kerastase.de
289417,knotapi.com
289438,kpjgd.net
289446,klixh5.com
289458,kiabi.nl
289498,kspnews.com
289517,kzkktk.kz
289549,korbank.com
289561,kimberleyprocess.com
289644,komplekt-videonablyudeniya.ru
289664,kviku.ru
289687,kitzski.at
289742,kontraband.com
289773,kwaigobuy.com
289803,kfc.me
289843,kit.net
289851,karopka.ru
289870,knobolserv7.nl
289909,keops-solutions.com
289960,keytocasinos.com
289998,kiwinithelabel.com
289999,kk76.com
290111,keydesign.xyz
290151,kualoa.com
290166,kit.nl
290192,knute.edu.ua
290204,kwizbot.io
290234,klingt.org
290292,keshi.com
290375,kyumeishi-haha.blog
290379,kwangwoon.ac.kr
290392,kesehatanumw.ac.id
290409,kabarak.ac.ke
290433,kvpn.co.uk
290481,kmks.kz
290575,ka5.online
290700,klinikon.ru
290811,kaidian59.com
290822,kuechen-atlas.de
290927,kfc.co.th
290951,kasamba.com
290986,kabelnet.net
291073,kidsgardening.org
291092,kmmcollege.edu.in
291128,kemaldikici.com
291164,kupihleba.ru
291350,kitea.com
291351,kitset.ir
291352,kupos.pe
291393,kinodex.click
291419,kaffee-partner.de
291422,kyorin-u.ac.jp
291460,k-telecom.org
291558,kurir.mk
291578,kelantan.gov.my
291618,kycaid.com
291653,kmpbw.com
291689,kuopio.fi
291703,kiwilink.co.nz
291723,kpop-oyaji.com
291757,kentplc.com
291779,khadi-kh.com
291788,keyetech.com
291790,kul-alarab.com
291851,kogistatepolytechnic.edu.ng
291906,ksydns.com
291924,koro-shop.it
292017,karaosha.ru
292060,kaifeng.gov.cn
292104,konyang.ac.kr
292111,kikla-mino-ltd.com
292136,kami.com.ph
292170,kiwifarms.net
292201,kratom-planet.com
292287,kredobank.com.ua
292289,kitrm.ru
292311,kq36.com
292335,kinopoisk.rest
292370,komsa.net
292414,kaspersky.kz
292514,kayali.com
293975,k5tmmu.com
293976,k666app.com
293977,k6m2r9.com
293978,k6y4b3rh.com
293979,k7xq3m9pa.com
293980,k9c4c7ric.xyz
293981,k9d7m3b.com
293982,kabartoto.dev
293983,kadalganas.site
293984,kaelustv.com
293985,kajzu.com
293986,kamailink.com
293987,kamartoto.dev
293988,kandaghar.com
293989,kangjiasl.com
293990,kannada247.co
293991,kantortoto.site
293992,karabuknethaber.com
293993,karapiqwy.shop
293994,kartarowerowa.net
293995,kartikey247.com
293996,kartoosh.bet
293997,karurcinemas.com
293998,kaskusrace.com
293999,kastava.com
294000,katakwinfield.com
294001,kazefuri.id
294002,kc9kfu4.com
294003,kcwebpigxl.com
294004,kdslotmenang.site
294005,keeperlabo-reserve.jp
294006,kenakena.xyz
294007,kendra.com.ar
294008,kenstar.in
294009,kera4dah.space
294010,keranair.store
294011,kerenagam.co.il
294012,ketupattotolink.com
294013,keuangan-bersama.com
294014,kewarga777bt.pro
294015,kgroup.eu
294016,khalifa365.com
294017,khanthep88sg.com
294018,khanwars.com
294019,khiladi24.in
294020,kiatunnel.com
294021,kideotv.com
294022,kilat404.org
294023,kilat777petir.com
294024,kilauterang.com
294025,kilometrikisa.fi
294026,king403.rest
294027,kingkongtoto.co
294028,kings.ge
294029,kinogo.support
294030,kisskh.ch
294031,kissu.site
294032,kitasweather.com
294033,kitside.in
294034,kkbrio.love
294035,kkgool1.com
294036,kktfcxtcvyvuu.com
294037,klasiktotox32.com
294038,klop.website
294039,klresultstoday.com
294040,knigi.cc
294041,knowlens.com
294042,kocqtrh7.com
294043,kode4dmelon.com
294044,koi77thr.blog
294045,koimbg.com
294046,koin688vip.com
294047,koiroom.net
294048,koko138play.store
294049,kolkataff.help
294050,kommunalsakassa.se
294051,konsertotocc.com
294052,koplosm188.top
294053,koraaa-live.com
294054,koratv.in
294055,koraworld.live
294056,kpklevay.com
294057,kpktauru.com
294058,kraland.org
294059,kredlead.co.in
294060,kreuzwortraetsel.net
294061,krutit.co.il
294062,ksrctdigipro.in
294063,ku8j91bf.com
294064,kuberexch.win
294065,kubhd24.net
294066,kulo.in
294067,kumadas.net
294068,kunskapsporten.se
294069,kwalifikacjewzawodzie.pl
294070,kwikcash.net
294071,kwyk.fr
295766,katzkin.com
295825,kedem.ru
295899,ksmshoppe.com
295918,kraftfuttermischwerk.de
296338,kayseri.edu.tr
296349,king-cr.jp
296350,konzerthaus.de
296446,kyodo-osaka.co.jp
296598,kolpinonet.ru
296618,klik.top
296720,kinofilm.hr
296830,kuwaittimes.net
296902,kemi.se
296949,kroks.ru
296969,kinogotv.cc
296979,kasino-ru.com
296980,krrt.io
297000,khazin.ru
297120,kortez34.ru
297206,kry.se
297215,kbdcshowroom.com
297232,kygunco.com
297238,klin-support.ru
297253,kriminalvarden.se
297383,kurs.expert
297442,klick-tipp.com
297488,kidsweek.nl
297500,knau.org
297508,kiaora-ondres.fr
297538,keep-porn.com
297544,kvartira.cz
297562,kithrup.com
297566,kisvn.vn
297595,keengames.com
297611,keysnutrition.com
297631,keelalive70.com
297633,kytary.cz
297663,kicksown.com
297806,kotn.com
297872,komunikasimandalawaluya.ac.id
297943,knockholtcarnival.org.uk
297951,kissandfly.ng
297967,kinderundjugendpsychotherapie.de
298035,kawai.jp
298116,kidsproof.nl
298177,keperawatanmandalawaluya.ac.id
298196,kimtel.com
298217,kq7.com
298307,kamogawa-seaworld.jp
298372,ktk.ru
298422,kraut.cloud
298442,kanvah.com
298518,kidneycareuk.org
298565,kanagawa-museum.jp
298638,koloror.com
298661,kxl.com
298700,koenig-bauer.com
298786,korea724.info
298801,k9ofmine.com
298874,kundenservice360grad.de
298878,kaylestore.net
298918,ks-soft.net
298936,kebaby.net
298969,kellogg.edu
299029,kdsbz.cc
299125,krost.net
299131,koping.se
299141,kraftstoff.store
299187,kurtgeiger-middleware.com
299217,karhu.com
299258,kookje.ac.kr
299383,ketabrah.ir
299400,kcpweb.net
299457,karupsow.com
299489,kfzhaftpflicht.de
299576,kitapay.co
299582,khogov.ru
299701,ketab.ir
299771,kabushiki.jp
299777,khomp.com.br
299787,kin-shine.com
299799,krispykreme.co.uk
299815,kisswithart.ru
299887,kpzsg.com
299914,kaxcdn.com
299951,koping.net
299954,kzbv.de
300164,kreis-oh.de
300225,kemira.com
300231,kryptonitelock.com
300264,karaspartyideas.com
300296,kdata1.com
300307,kerbl.com
300353,kluweronline.com
300358,khrono.no
300360,knowem.com
300370,koii.network
300400,kg-mobility.com
300472,kts42.ru
300476,kipsu.com
300650,kentcountymi.gov
300676,kentfaith.co.uk
300684,kb-monita.ru
300708,kevser.com.tr
300819,koriyama.lg.jp
300827,karayilan.xyz
300950,kotus.fi
300994,kaitori-daikichi.jp
301003,konnect.com.cn
301036,kitchennomad.com
301065,kirklandwa.gov
301111,kupuk.net
301184,keywordsstudios.com
301200,kask.com
301230,kube-ovn.io
301240,kids2.com
301260,kazved.ru
301271,klaviyomsv.com
301298,kke.co.jp
301309,kooora4live.online
301357,kdsa9.cn
301395,kennyflowers.com
301437,kemao.net
301463,k12net.com
301497,keepstreams.com
301558,kaznaru.edu.kz
301607,klass.co.uk
301688,kcv.ne.jp
301844,klusidee.nl
301861,kolido.net
301869,kbzbank.com
301873,kualuian.com.cn
301876,kct.ad.jp
301983,kmliburutegia.eus
301999,kelsey-seybold.com
302037,kinergysolutions.com
302086,ktb.co.th
302097,katonkaragay.kz
302103,kf.cn
302167,keezmovies-tube.cfd
302236,krasfin.ru
302360,kledo.com
302399,kaiheila.cn
302422,kunoichi.info
302490,kronika.ro
302526,kookas.fi
302527,kpmg.se
302675,kgibank.com
302687,kartina2.tv
302832,kartoteka.ru
302876,kanagawa-park.or.jp
302886,kynhost.com
302949,kgz.hr
303005,klas.pro
303047,korea.edu
303109,krr.aero
303183,kisa.link
303263,krs.co.kr
303302,kankou-gifu.jp
303308,kill-the-newsletter.com
303343,kyodo-d.jp
303400,krungthai-axa.co.th
303417,kiaoval.com
303434,kvp24.ru
303448,kapelnicza-ot-pokhmelya-samara-13.ru
303509,kupitpravaj.com
303511,kinhtechungkhoan.vn
303512,kriyasynthetics.com
303514,kotiki55.ru
303586,kito.ru
303693,kayak.com.my
303724,kovkadeshevo.ru
303753,kino-stolica.ru
303754,keravin.com.ua
303757,kia-club.ru
303861,krsk.info
303875,kiffa.com.tr
303903,kostprice.com
303917,kapelnica.clinic
303933,kindatropical.com
303975,kchilites.com
303995,kalypso.com
304005,kcsouthern.com
304052,kidsdiscover.com
304062,kafanews.com
304087,k-line.fr
304093,kitagaruda.id
304094,kyocera-jewelry.com
304143,kotaku.co.uk
304149,ktsa.com
304176,ke456cne.com
304225,kystverket.no
304246,kishrey-teufa.co.il
304435,kues.de
304478,kitetech.co
304569,kibu.ac.ke
304635,katagotraining.org
304663,kasiabielska.com
304685,kamtv.ru
304733,ketqua.vn
304761,kiplingsociety.co.uk
304767,kino.dk
304813,knskashmir.com
305008,kafeipp.com
305009,kraken-v2tor.info
305105,karriere-suedwestfalen.de
305116,khrome.de
305123,kobiety.net.pl
305283,kalk.pro
305295,kittyfunny.com
305301,kiruna.se
305329,kalshi.co
305413,krediska.ru
305482,kit-dns.net
305537,konsolenkost.de
305548,kyotomm.jp
305557,kunstnet.de
305558,koreatech.ac.kr
305675,knobs4less.com
305751,kv-rlp.de
305763,kinodvor.org
305773,kabala.vn
305865,klp.no
305923,kaecnxjdme.com
305952,kontextwochenzeitung.de
306002,kongjie.sbs
306041,krsn.ru
306180,koreangayvideo.com
306201,kcorp.cloud
306229,khmnu.edu.ua
306331,kiberis.ru
306364,kevinharvick.com
306378,klenty.com
306443,kamkombank.ru
306452,kum.dk
306636,kompromat1.online
306809,kns.tv
306881,kgbuppo.ru
306892,kingstrust.org.uk
306901,klukva.online
306969,kodiapps.com
306996,kimono-kyoto.jp
307035,kosmetikvergleich.ch
307076,kawowo.com
307244,kurz1948.ch
307306,kaigoagent.com
307333,kelticclothing.ca
307374,kartable.fr
307383,kimkazandi.com
307390,kaname-souken.co.jp
307441,kihf.or.kr
307443,kisscartoon.onl
307507,kion546.com
307647,kinobase.click
307685,kulichki.ru
307739,kipa.org
307745,kennards.com.au
307780,kilis.edu.tr
307819,kraj-lbc.cz
307840,kallysoft.com
307856,kronor.io
307896,keystonedns.us
307911,kikakurui.com
308011,ksi.is
308036,kewego.com
308096,ksv.at
308115,knds.com
308128,kharkivoda.gov.ua
308161,ktk-39.ru
308208,keplerians.com
308264,kellysearch.com
308283,kpluss.com
308284,kgi.com.tw
308288,knet-telecom.com
308318,komunita.cz
308526,krdn.ru
308673,kdata.vn
308675,kauppalehti.media
308750,knaus.com
308832,kinesis.money
308873,krollskorner.com
308997,khvoip.net
309091,kanzaroo.com
309097,kamadojoe.com
309114,kyrene.k12.az.us
309134,knivesandtools.de
309248,kavosdraugas.lt
309284,konsierge.com
309322,k8n4d.com
309326,kbdmp.com
309334,krokus.ru
309359,khodroid.com
309412,kangol.com
309461,klium.nl
309464,kanye-west.top
309480,kingbillycasino.com
309491,kau.in
309500,karmasandhan.com
309524,kiehls.co.uk
309540,kinoknopka.plus
309576,kerstverlichtingbuiten.com
309655,kadimhukuk.com.tr
309661,kcmsd.k12.mo.us
309665,kibin.com
309667,knm.nl
309714,karaokecrowd.com
309798,kaylash.com.ar
309835,kreis-paderborn.de
309867,korabelov.info
309933,katomcdn.com
309982,ktipp.ch
309988,kirjasampo.fi
309995,kamchatkamedia.ru
310034,kwiksurveys.com
310038,kalinna.de
310054,kurskobr.ru
310076,kennyswarehousesteals.com
310140,khabnet.ru
310167,kotex.com
310277,kinopoisk.quest
310408,kachishop.com
310451,klinikmandalawaluya.ac.id
310462,klaus-diemer.de
310468,kijkmagazine.nl
310500,keskeces.com
310505,ksdbook.ru
310511,korsars.pro
310530,kompege.ru
310605,khug.or.kr
310618,konkan.krd
310730,kidswatch-sg.com
310743,kitaleigh.com
310768,konaklamalitur.com
310833,kasturikijang.blog
310837,klb.cn
310846,kokuyo-st.co.jp
310864,kita.bayern
310903,kashflow.com
310916,ksnet.com
311011,kodos.ru
311013,kalejunkie.com
311030,kamchatka.ru
311048,kensho.com
311054,ktng.com
311063,kidy.eu
311079,kyotobank.co.jp
311086,kbmax.com
311104,kopp-report.de
311150,kartik.ru
311178,krylon.com
311207,kishoralo.com
311345,kdb.co.kr
311382,kleinworthco.com
311585,kevaseler.com
311613,ks.no
311618,kleenex.com
311619,kocarkyplzen.cz
311645,kmb.ru
311673,kweriee.com
311729,kinobusiness.com
311733,kisama.vn
311744,katwaardig.nl
311745,klarna.de
311759,kits.com
311869,kotakmf.com
311887,kbthink.com
311891,kushiro.lg.jp
311900,kamloops.ca
311908,krimi-couch.de
311926,kultuhr.net
311942,kalisport.com
311958,koreantech.org
311983,kingcasinobonus.uk
311984,kickofflabs.com
312003,kru.ac.th
312043,keepersecurity.ca
312049,kinghillsplay.co.uk
312067,kuwaitairport.gov.kw
312075,kontactr.com
312113,kresto-tracking-dns.com
312151,kr.gov.ua
312237,krainamaystriv.com
312242,kfnvpbhgnv.com
312243,kankids.org.il
312245,kidslox.com
312246,kronshtadt.ru
312271,katadyngroup.com
312359,kankatala.com
312376,kadrovoe-agentstvo-moscow.ru
312545,karmayogi.net
312549,kakaomobility.com
312572,keyfactsenergy.com
312598,kaloricketabulky.cz
312609,knightnw.com
312622,klang.io
312628,kidsgames.top
312640,kulacoglu.av.tr
312642,kennywood.com
312686,kanojotoys.com
312742,kdafoods.com
312745,kinovideohd.ru
312754,knittingfactory.com
312763,kmkorma.ru
312801,klim.com
312851,kwiga.com
312881,karuizawa.co.jp
312889,kievline.net
312970,kinklive.com
313114,karsmanset.com
313147,k-1.co.jp
313151,kavalio.de
313152,kennedyslaw.com
313159,kobun.co.jp
313177,kumari.net
313243,kinfolk.com
313284,kikuya-rental.com
313285,kvov.com
313317,kellys-expat-shopping.nl
313337,k7x7u3j.com
313365,karatay.edu.tr
313391,kccs.co.jp
313471,kelwatt.fr
313546,knaufgroup.com
313700,kimyoung.co.kr
313706,kariya.lg.jp
313737,kinopoisk.baby
313766,kiflo.com
313907,kuikr.com
314012,kaya.in
314019,km-bw.de
314028,kreditmart.ru
314034,kxkshop.com
314266,kinawel.click
314304,konnectnepal.com.np
314364,kulturkurier.de
314385,kpoint.com
314431,kngf.nl
314444,kai-oscar.com
314472,kanzae.net
314501,kobelco-eco.co.jp
314513,kaypahoito.fi
314553,konsolentreff.de
314567,kang.fr
314684,keywordideasgenerator.com
314698,knifewear.com
314712,karelinform.ru
314727,kopalniawiedzy.pl
314734,koetter.de
314760,kansaigaidai.ac.jp
314783,kff.kz
314835,keyeddamien.link
314883,keinet.ne.jp
314885,k9webprotection.com
314900,kstools.fr
314932,kharkiv.net
314984,katten.com
315003,kmvtelecom.ru
315065,kobert.dev
315089,keababies.com
315118,kraftcom.de
315141,krevetkavpn.ru
315168,kinexon.com
315170,kormanyhivatal.hu
315203,klewtv.com
315215,kure.lg.jp
315257,kmu.ac.jp
315274,kivismart.com
315293,kahawatungu.com
315317,ktrgo.org
315365,klubbstore.fr
315452,kingstonist.com
315470,kcdnvip.com
315471,kyty010.com
315497,kenza.re
315538,kingbrand.com
315597,kufs.ac.jp
315722,kikkosushisalerno.it
315798,kraslib.ru
315808,kontakt.io
315812,khosim.com
315839,kayak.com.ar
315840,karwan.tv
315869,knoxlabs.com
315881,khatrijamnadas.com
315925,kucoin.cloud
315999,komro.net
316073,koelntourismus.de
316086,kjghsj.org
316112,kjshaiwang.com
316119,kiafinance.com
316137,kkuicop.com
316160,kidderminstershuttle.co.uk
316212,kultofathena.com
316292,kuppingercole.com
316307,kern-sohn.com
316341,kinotaz.one
316358,kanko-miyazaki.jp
316361,kunstbeziehung.de
316388,kulibin.com.ua
316416,knittinghelp.com
316488,kasukabe.lg.jp
316571,kickante.com.br
316612,kr-net.ru
316687,keco1004.com
316778,kolyma.ru
316801,kusatsu-onsen.ne.jp
316808,krypt.com
316880,knopnews2.com
316903,kertn.net
316913,kulta-center.com
316923,kam-pod.gov.ua
316944,knn.co.kr
317072,khh.travel
317101,khmerwebhost.com
317122,kiwiblog.co.nz
317152,knivesandtools.com
317161,kinosimka4.org
317223,kinopoisk.fyi
317259,kentei.cc
317261,klsys.ru
317311,kosice.sk
317365,kindle-tech.com
317419,kanachu.co.jp
317429,kumamoto-guide.jp
317431,kandra-osusume.com
317514,kibana.rocks
317600,kristianstad.se
317652,kchistory.org
317708,k79.pro
317715,kslsports.com
317719,klixa.net
317770,kefar-tavor.muni.il
317808,kylesfootballcards.com
317861,kuromiko.com
317896,kermi.com
317917,kakaobank.io
317947,kolavpn.win
317991,kids-station.com
317997,kasasmart.com
318060,kurzelinks.de
318111,krmt.io
318124,kord-music.net
318205,kotofoto.ru
318245,kaznpu.kz
318277,kaspersky.co.in
318359,ktrend.jp
318368,kaia.re.kr
318377,kyleecooks.com
318390,kratki.com
318423,kansan.com
318566,kabarajaib.info
318567,kantorbolagg.cyou
318568,kapalbaby.site
318569,kdoo5lfof.com
318570,ketquade.my
318571,khelking.io
318572,kilat289snow.site
318573,kingviral.wiki
318574,kivvik.com
318575,kpkruter.com
318576,kpkshining.com
318577,kpksmack.com
318769,kayak.co.th
318795,killu.cloud
318800,kaze.ai
318855,kingjamesgospel.com
318864,karllagerfeldparis.com
318983,kekayaanpastimudah.com
318999,kbvresearch.com
319100,konstas-market.gr
319115,karnatakatourism.org
319140,korzinka.uz
319160,kinomir.fun
319163,kkapp.com
319190,keaiiav.com
319250,kno2fy.com
319251,kingsspeed.com
319305,ketquaday.vn
319306,ktv-spb.ru
319392,kxlabs.io
319467,k2-systems.com
319470,kulturrat.de
319485,kresge.org
319523,kankokeizai.com
319585,kompass.de
319642,ksk-steinfurt.de
319660,khpi.ru
319661,khm.gov.ua
319668,kamtape.com
319704,koenigwebdesign.com
319751,kronosports.uk
319807,ketlmtn.com
319821,kran-privarnoy.ru
319825,kvmb.net
319979,kate-wing.si
320005,klatschkarten.de
320012,kenlu.net
320208,kinoplay.one
320306,kaixue8.com
320307,kaikaito.com
320312,karpaleti.com
320478,kqftc.com
320568,kurundata.com
320642,kemprok.ru
320691,koseongnam.com
320745,keeper-wallet.app
320756,koajs.com
320807,kudel.ru
320812,kingice.com
320869,kokushikan.ac.jp
320880,kmou.ac.kr
320927,ku.sk
320947,komhumana.org
321013,kassiesa.net
321044,kliniki.pl
321092,kuhbernetes.cloud
321111,kashable.com
321135,kgpl.com
321165,k-m.org.il
321184,kttc.ru
321242,kreatornow.com
321319,kikass.to
321348,keepertax.com
321402,kvd.se
321436,kasko.de
321447,kgma.kg
321556,kibernetiki.com.ua
321671,kalish.ru
321829,koumixp.com
321859,kosmo.at
321870,ktainews.net
322033,kate.co.jp
322045,kliaekspres.com
322067,kttape.com
322074,keysolution-hosting.de
322123,kleeberg.cloud
322152,katowice.uw.gov.pl
322157,klikcdn.com
322161,kangarootec.cn
322162,koalabeast.com
322261,knaben.ru
322284,kimbino.hr
322290,kronosaur.com
322294,karlachat.com
322395,kyozou.com
322445,kgforum.org
322452,kooboodns.com
322457,kosyodoris.com
322491,kickfire.co.uk
322523,kmx.io
322528,kovalska.com
322539,kendatire.com
322629,koston.org
322683,kosicednes.sk
322719,knbank.co.kr
322720,keyoxide.org
322780,keto-mojo.com
322873,khmtools.com.ph
322884,kentuckyheadhunters.net
322899,kayanee.com
322942,kasasacms.com
322983,koreanclass101.com
323016,kpopmarket.co
323085,kaipoke.jp
323162,kazteleport.kz
323193,kinpet.ru
323237,kirkya.com
323401,kulonprogokab.go.id
323449,kzlutjxw.cc
323490,komodoplatform.com
323505,kr.com
323527,kidswithfoodallergies.org
323529,knockcrm.com
323609,kadastrru.info
323637,kommune-aktiv.de
323651,klr.com.ua
323688,ks-yanao.ru
323745,kampanje.com
323752,kdslotidn.com
323766,kinotom.club
323773,kabelfoon.nl
323785,krasniykarandash.ru
323820,kstv.us
323873,karir.com
323931,k366.com
323956,kingofsat.fr
323971,kjgr.io
323989,korearace.com
324017,kcm.kr
324159,kulturarv.dk
324178,kasugai.lg.jp
324203,kilback.info
324232,koldy.pro
324234,kia-forums.com
324270,koreaherald.co.kr
324280,keepsakequilting.com
324303,kaydeolib.io
324373,kkursor.ru
324400,kickstarterforum.org
324405,kuam.com
324435,konnex.world
324495,k-m.de
324521,kanal-o.ru
324528,kuzhishe.com
324605,kultura.hu
324635,kansascityzoo.org
324636,kuroco.app
324641,kangjinwater.com
324696,kirklanddc.com
324727,koobits.com
324747,komatsu.eu
324801,kontakt-vermittler.de
324983,komachine.com
325069,kassa24.kz
325128,knowyourgst.com
325140,ktoyg.cn
325180,koffievoordeel.nl
325203,kybourbontrail.com
325212,kjgilsda23562.my
325234,kalenderpedia.de
325317,kleecks-cdn.com
325321,kaszino-hu.com
325326,kaijuns.com
325339,kvb.cool
325389,klotz-ais.com
325450,kddmebel.ru
325654,kiln.it
325669,kdvz.nrw
325702,klinikamiracki.pl
325741,keep2share.cc
325769,key.me
325814,kinderarztvergleich.ch
325912,kpnstreaming.nl
325932,ktvme.com
325961,keep.pt
325969,knaufinsulation.com
325970,klikpajak.id
326001,kingspace.nl
326006,kaspersky.com.tr
326008,kpanews.co.kr
326013,kinokrads.com
326054,kobus.co.kr
326138,kelownadailycourier.ca
326281,khmercheck.com
326322,kf9977.com
326378,kyobun.co.jp
326385,kiyowayxxx.com
326395,kars4kids.org
326420,kohajone.com
326438,kbmpro.de
326446,ksmotorcycles.com
326558,kaboodle.co.uk
326563,kimbicdn.com
326609,kluch.media
326688,kremmania.hu
326737,kicklogz.com
326810,karsood.ir
326811,kidjo.tv
326812,kourdmusic.com
326918,kinogo4.com
326963,kubtelecom.ru
327035,kpmg.es
327038,kerch.com.ua
327108,kovoks.nl
327113,kidneyresearchuk.org
327155,kcsd.k12.pa.us
327203,kieskeurig.be
327208,kaizendns.com
327210,kntrips.com
327246,klorane.com
327276,kumagaku.ac.jp
327305,kormclub.ru
327306,kreis-soest.de
327307,kinghost.com
327343,klepierre.fr
327428,kyosu.net
327454,kubera.com
327457,kinoundco.de
327506,kinotam.net
327530,knmt.nl
327549,kaceymusgraves.com
327645,kudika.ro
327658,keelerhardware.com.au
327683,k3r.jp
327700,kaufhaus-muenchen.de
327737,kontramarka.de
327769,kitretusvopsea.ro
327817,kacbg.com
327841,kuhnrikon.com
327853,kawasaki-m.ac.jp
327902,kostenlosonlinelesen.net
327917,kitchenshop.eu
327933,kcrb55.ru
328087,keruyun.com
328217,kostenlosereifefrauen.com
328290,koitoto.cx
328367,kookeey.com
328389,keezmovies-porn.beauty
328400,kasteeldehaar.nl
328434,kiizo.com
328539,kist.re.kr
328604,kralen.com
328634,krysshjelp.no
328648,komodia.com
328684,k98kforum.com
328740,kittyspout.com
328802,koscom.co.kr
328852,kiarasky.com
328928,kmcha.com
328936,kaspick.com
329093,kidshibbett.com
329116,kutfromthekloth.com
329117,kosoch.com
329163,kusuriyanohitorigoto.jp
329179,kuoe.at
329202,kolba.ru
329234,karavella51.ru
329242,kfc-digital.io
329248,kinraden.com
329318,k87.casino
329352,keighleynews.co.uk
329387,kickme.to
329432,kitakale.me
329483,ktlo.com
329540,krovatki76.ru
329542,krls.ru
329586,kryptonitecharacterstore.com
329599,kolabtree.com
329785,komus-opt.ru
329791,kidsinfy.in
329794,kepku.com
329825,kdclub.net
329831,kineshemec.ru
329833,kotobee.com
329837,ksiglobal.com
329893,ketone.com
329947,kkuriren.se
329948,kerix.net
329994,kidsplaza.vn
330010,koshachek.com
330066,kailly.com
330139,kent.police.uk
330148,kapelnicza-ot-pokhmelya-samara-23.ru
330167,kilohearts.com
330181,katyayanikrishidirect.com
330226,kpwebtech.in
330291,keezmovies.pro
330338,ksacms.com
330429,kfzpix.de
330445,katapult.cloud
330655,komputerajaib.live
330709,ktvdaren.com
330720,kueynfz.com
330787,kisskiss.it
330843,koreanskincare.nl
330871,korayspor.com
330975,kononov.studio
330990,kowersize.fun
331046,kenkenpuzzle.com
331116,khsm8.nl
331122,ksnews.com.tw
331252,kabbalah.info
331283,kanu.de
331381,kizdar-tokalki.net
331420,keytradebank.be
331470,kijatrust.me
331531,kitabi.ru
331606,kennedyblue.com
331659,kayesbamusic.com
331708,karakartal.com
331733,kamparkab.go.id
331922,kalkine.com.au
331949,kremer-pigmente.com
332048,karrotwebview.com
332106,konradchristmann.de
332145,kenyamoja.com
332298,kimeralive.com
332300,kabk.nl
332326,kuroco-img.app
332360,kreis-dueren.de
332410,kayanyperfume.com
332445,kkr.ai
332457,knappschaft-kliniken.de
332484,kttn.com
332548,kitapsepeti.com
332565,kursors.lv
332569,ksma.ru
332606,kactus.com
332653,kraskimira.ru
332705,k5teiv.ru
332732,kissandfly.it
332782,kxlf.com
332812,kodoom.com
332883,karamandan.com
332978,keiminem.com
332981,kyron-clan.ru
333014,kabelnet.hu
333037,kuhni-spb-61.ru
333092,keaitupian.cn
333108,kellycodetectors.com
333126,kmew.co.jp
333264,kidraz.com
333265,kinozal.me
333266,klikxxi.me
333267,kobelco-kyoshu.com
333268,kontrolsat.com
333269,kptec.com.my
333270,kungal.com
333369,kotly.ooo
333461,kalselprov.go.id
333462,kasterlinden.be
333514,kidscasting.com
333577,keniub.com
333587,keiki.app
333622,krmangalam.edu.in
333644,kadasterdata.nl
333664,k1cdn.com
333668,kari.re.kr
333683,knfastpic.com
333728,katilimevim.com.tr
333729,kisanshop.in
333897,kimstore.com
333926,kvant-web.ru
333995,kinofun.co
334038,kinza-engels.ru
334049,kritika24.ru
334053,kdllab.ru
334091,ketv.cc
334145,kak2z.ru
334260,karanpc.com
334276,khunpon.de
334294,kosta-time.ru
334305,knews.media
334398,kinoup.net
334414,k8rzj4.com
334457,kgroup.com.vn
334533,kisskh.asia
334541,keindl-sport.hr
334561,karcher.ru
334678,kochrezepte.at
334731,kew.net
334820,kulturegeek.fr
334862,krishnajewellers.com
334863,kt3eld.com
334914,kubaninstrument.ru
334978,ki.si
335092,kandnet.com
335126,kaged.com
335135,kaiads.com
335216,kunr.org
335227,knowledgevision.com
335271,kkkkkkkkk.com
335295,kfzhaftpflicht.com
335321,kckingdom.com
335339,komotv.com
335426,kwstlondon.ca
335439,kinoflex.ru
335456,krascult.ru
335521,krungsricard.com
335642,kxrjkj.com
335660,kenmaz.net
335689,kumsaati.com.tr
335708,k-tuin.com
335711,kcodes.com
335785,kraftwerktools.fr
335860,khsu.ru
335880,kosmoon.com
335886,kandagaigo.ac.jp
335891,kissfm.es
335906,krakenhockeyleague.com
335916,keliweb.it
335967,katespade.co.uk
336008,ko.te.ua
336126,koke.gmbh
336172,kursfinder.de
336197,krakenssilka-onion.info
336217,kraslavasvestis.lv
336363,keia.org
336372,kydev.net
336380,kls2.com
336387,kinogo.co
336446,ketchum.com
336486,kogland.com
336504,kubii.com
336519,krogerkrazy.com
336556,karauri.net
336558,kamereon.org
336586,kawai.co.jp
336601,kufstein.com
336664,kasugataisha.or.jp
336707,karajtabliq.ir
336724,kidsdrama.cc
336781,key-test.ru
336829,kspparts.com
336898,kita.de
336902,koeltz.com
336936,ks.gov.ba
336962,knee-cell.com
336974,konclian.com.cn
336985,kyoiku-press.com
336992,kl-jisu.com.cn
337027,katholische-kirche-steiermark.at
337088,kiozk.ru
337210,kriptovalyuta.com
337217,kokokki.com
337249,kyoto-aquarium.com
337258,kigalitoday.com
338084,kadalmimpi.online
338085,kadalmimpi.space
338086,kaldagan.me
338087,kamababa.watch
338088,kamaclip.com
338089,kampungfavoritku.com
338090,kampungselera.com
338091,kana247.com
338092,kangtoto2race.com
338093,kaoskartun.com
338094,kaostogel.io
338095,kaostogel.win
338096,kargototo.health
338097,kartuvin.com
338098,katakjpmeriah.com
338099,kathajewels.com
338100,katmoviehdd.com
338101,kawanpaitoalternatif.com
338102,kebaya4dgabung.com
338103,kebuntotopaten.com
338104,kebuntotopink.com
338105,kebuntotopir.com
338106,keepkepri.com
338107,kejuplus.info
338108,kembarcepat.space
338109,kenchikusai.tokyo
338110,kenetotokl.com
338111,keobongdatv.bid
338112,keprimela.com
338113,kerajitu-top.icu
338114,keralatvbox.co
338115,kerbau28.team
338116,keuangan-bersama.org
338117,key4dng.space
338118,khatrimazalo.com
338119,kiahorizon.com
338120,kicautototerbang.com
338121,kidno.online
338122,kilau4dasli.net
338123,kilau4demas.co
338124,kilau4demas.com
338125,king4dnote.vip
338126,king88situs.xyz
338127,kingbokep.id
338128,kingedwardvet.co.za
338129,kinghorsetotox57.com
338130,kingkongtoto-9.info
338131,kingroyal1001.com
338132,kingroyal727.com
338133,kinox.courses
338134,kiss-chats.ru
338135,kitakriseberlin-toto-togel.shop
338136,kkslot777run.top
338137,klik88.fit
338138,klikcuanwinterus.space
338139,koinhire.vip
338140,komengtotoyes.com
338141,komodopahing.com
338142,konagift.com
338143,konohatoto78sadrah.com
338144,koooracity.io
338145,kooorasport.net
338146,kooramix24.com
338147,koorate.net
338148,kora-onlines.vip
338149,koraplus.site
338150,koratvs.com
338151,kostum4djaya.com
338152,kostum4dros.com
338153,kostum4dyang.com
338154,kpkklc.com
338155,kpkmassg.com
338156,kpknmt.com
338157,kpkrmbg.com
338158,kpktruster.com
338159,ktvc4.ink
338160,kucbit.com
338161,kucingjpsempurna.com
338162,kudamas-11.com
338163,kunde365.mx
338164,kvtotokerapu.com
338165,kvtotolele.com
338166,kyfitfactory.com
338167,kyototo.org
339142,klasse.be
339195,kevys.net
339225,kaeufersiegel.de
339227,kmesh.io
339257,ksit.ru
339375,ksu.kz
339376,krishna.com
339401,kappanonline.org
339424,kbs.gov.my
339440,kaizerchiefs.com
339498,kazzinc.com
339499,kpel965.com
339515,kidsafeseal.com
339671,klagenfurt.at
339728,kksecurityhome.com
339772,kingitsolution.com
339822,keap.page
339871,kyuhaku.jp
339949,kreuzwortraetsel.de
340006,konfio.mx
340054,kenshoo.com
340066,kee2.com
340210,kuujia.com
340227,kaethe-wohlfahrt.com
340323,kminnovations.net
340334,ko4fun.net
340354,kursk-prom.com
340386,kunststofplatenshop.nl
340397,ktr.com
340449,kucoin.biz
340530,kerano.top
340594,klowdtv.com
340620,karhan.net
340662,kanjianiao.com
340710,kyffhaeuser-nachrichten.de
340789,keldoc.com
340851,kevesko.vn
340944,kruzey.com.au
341051,koofr.eu
341060,kardiachain.io
341070,kopeda.com
341129,kurort26.ru
341130,kutakrock.com
341290,komos-group.ru
341307,kpkm.gov.my
341352,kiz.ru
341407,kakaopaycdn.com
341427,keithnetinc.com
341468,kvs.ac.in
341515,keboola.com
341565,kiwi.no
341573,kiss-fm.co.jp
341651,kuningankab.go.id
341702,kinderkrippen-vergleich.ch
341723,kinogo-z720.online
341735,kyotocity-kyocera.museum
341746,komtel.net
341788,kingworks.nl
341829,kyair.org.il
341833,khutabaa.net
341848,ksbu.edu.tr
341887,kunstuni-linz.at
341985,kevan.org
342021,kiaromashop.ca
342029,kissthemgoodbye.net
342089,keyroutes.net
342144,kampusumwkendari.ac.id
342195,kiryuu.io
342252,kino-lain.online
342278,kreis-hoexter.de
342354,kreis-borken.de
342368,kasana.es
342389,kickoffscore.com
342398,kitchenaid.ca
342406,kamaboko.com
342417,khalti.com
342454,korshop.ru
342567,keydrop.com
342569,kinovod290623.cc
342685,kimo.com.tw
342760,kampnagel.de
342776,ksubi.com
342817,kyberturvallisuuskeskus.fi
342870,kadn.com
342919,kaisartoto88jiwa.net
342966,klesia.fr
343019,kingschat.online
343033,katsubet.com
343040,kalamandir.com
343094,kidbutik.ua
343231,keva.fi
343261,ktkadan.cz
343282,kolibrios.org
343326,kk0k.com
343345,khs.com
343375,kitely.com
343385,kahvedunyasi.com
343451,kinoteatrzarya.ru
343496,kemalerkan.com
343515,klatenweb.com
343558,kissbridesdate.com
343695,kaluganews.ru
343765,kigili.com.tr
343770,keran.co
343788,kawariyuku-machida.com
343816,karl-heitz.de
343829,kuxingyy.com
343891,kho5udi4kofh.com
343937,kinogo.gy
343947,kanbe-daihatsu.com
344028,kuhni-spb-58.ru
344055,k-s-0-x.com
344139,kansasregisteredagent.com
344171,kansai.co.jp
344188,kofezerno.ru
344202,k12itc.us
344308,kelkoo.de
344345,knauf.de
344367,kosstu.kz
344414,koaladns.com
344434,kk.pt
344446,kbid.co.kr
344452,kresspartner.com
344486,kbiz.or.kr
344501,knownhostlink.com
344502,kakuchopurei.com
344543,kcgov.us
344561,kumagaigumi.co.jp
344566,kappa.com.pl
344569,kollektion-reuter.de
344744,kvt.su
344771,kurepin.ru
344779,kinokrad.cc
344823,koio.co
344834,kegnbottle.com
344861,kentaa.nl
345104,knowband.com
345275,korm-agroeco.ru
345285,kokuryudo.com
345287,knokke-heist.be
345370,kligerweiss.net
345382,kwaaijongens.nl
345389,kickass.to
345431,kieler-woche.de
345441,knowpia.com
345461,kalaydo.de
345566,kaiyo.com
345657,klubraum.com
345687,krankikom.de
345768,kwikaweb.com
345845,kiplingsecure.ai
345854,kubservice.icu
345893,kbismarck.org
345912,koderline.ru
345925,klausapp.com
345987,koga.com
346264,kidsanthem.com
346284,knifeworks.com
346306,kincir.com
346377,komerza.com
346385,kinderverhaltenstherapie.eu
346390,knmu.edu.ua
346434,karcher-trg.si
346474,kamdi24.de
346570,kkxs9.cc
346578,kronikahavirov.cz
346593,kpower.com
346637,kingmark.nl
346722,kli.org
346759,krusty-crabs.sbs
346809,kleynvans.com
346846,knuba.edu.ua
346938,kandgcycles.com
346972,katrenstyle.ru
347000,kyotorailwaymuseum.jp
347003,kilwins.com
347019,keysurvey.com
347038,kibblesandbiscuits.com
347189,konagrill.com
347210,kanak.fr
347267,kmolz.ru
347305,kit86.com
347380,krone.de
347389,krispykreme.jp
347445,kingston.net
347501,kaznmu.edu.kz
347506,kayswell.com
347507,kolumbus.no
347532,kindertales.com
347612,kissprom.com
347618,kddlabs.co.jp
347639,kjww.com
347700,keurslager.nl
347707,kingjohnnie.me
347721,kim.in.ua
347789,kuribo64.net
347794,kapeixi.cn
347816,kuniunet.com
347818,krz.de
347842,kowsarblog.ir
347864,khouse.org
347885,keinpfusch.net
347925,kuberbox.com
347985,ksk44.ru
348041,knzhvm.com
348101,kauveryhospital.com
348132,kmyz.edu.cn
348165,klgi6lhllfigl.com
348246,kansalaisaloite.fi
348318,kultivi.com
348378,kampucheathmey.com
348379,kisskh.cam
348422,kimmuk.com
348437,kings96.net
348521,kyodo.app
348529,krautundrueben.de
348536,kft-zernien.de
348548,kitroomfootball.com
348553,kingclub.nl
348665,kalender-365.nl
348742,kalugastat.ru
348788,kanga.exchange
348843,kc.net.uk
348865,kupigolos.ru
348948,klepa.ru
348956,kfiz.com
349006,kovalut.ru
349036,kkl.org.il
349047,kohlslocal.com
349049,kulvetaroth.com
349098,komplettbedrift.no
349146,keolis.com
349172,kotis.co.kr
349191,krystal.com
349294,kndb.nl
349353,keepcalm-o-matic.co.uk
349458,k-report.net
349553,kfw-entwicklungsbank.de
349567,kino-tor.net
349597,k2webhost.com
349683,kruti.com.ua
349743,karabast.net
349778,kvalster.se
349905,knile.jp
350033,kopikenangan.com
350099,kontek.net
350142,kgm-utc.ru
350187,khaborerkagoj.com
350422,kgibank.com.tw
350429,kaoyanmiji.com
350466,kikrxvrcs.com
350575,kashi.com
350686,kabbalahmedia.info
350818,kwalityicecream.com
350953,kit-m.ru
351007,kmv-tur.org
351069,kern.ca.us
351157,keihanhotels-resorts.co.jp
351171,kita.or.kr
351222,keeng.net
351266,kawasaki.eu
351313,kotob4all.com
351321,klikohost.com
351349,kovoks.net
351467,kemazot.ru
351614,keepingitheel.com
351652,kraken14.biz
351665,kyx-husa.com
351756,khsaa.org
351796,kredita.net
351842,kvcdns.com
351882,kentuckynewera.com
351893,kugeci.com
351929,kolavpn.xyz
351932,kenoby.com
351967,kraftfahrzeughaftpflicht.de
351985,koryu.or.jp
352045,kero.com.ua
352049,k.io
352160,komplett.dk
352182,kolba.pl
352186,kelkoo.it
352208,klians.com.cn
352255,killtube.org
352297,kuciingapk.id
352414,kunsthallewien.at
352449,killcrew.co
352506,kenvuebrands.com
352609,kaostogel.com
352678,kanpai.fr
352768,klaiyihair.com
352782,kanela.ch
352963,kisadalga.net
353068,knmp.nl
353115,kinoz.space
353132,kickbox.com
353210,kscope.io
353294,keplervo.com
353395,kingdomjoygames.com
353450,karstadt.de
353604,kostal-solar-electric.com
353608,kts-tv.co.jp
353731,kop-kande.dk
353746,kadrovik-praktik.ru
353750,kannadamatrimony.com
353760,kitlocker.com
353784,kupit-prava-1.com
353895,kaguya.io
353957,kinovod.one
353964,kremenchug.ua
353974,kopo.ac.kr
354080,kouhei-ne.jp
354136,kilkaya.com
354179,kinorium.net
354190,kitsolaire-discount.com
354218,kuat.com
354225,kpi.kharkov.ua
354257,kaojuanti.com
354390,kino-1080hd.com
354432,katholisches.info
354494,kdv-fh-bayern.de
354532,kisti-tattoo.ru
354553,kalim.site
354560,kingdomacademy.plus
354609,kheimegah.com
354612,kennycompany.com
354615,kiddihub.com
354625,keebmaker.com
354756,kurumikuji.com
354774,k9ballistics.com
354784,koranmanado.co.id
354792,kvl.ro
354841,k50.ru
354889,keeneye.pro
354913,krasnoselkup.ru
354930,kueche-co.de
354939,kramiliantha.sbs
354980,kalem.dev
355056,koat.or.kr
355110,kion.yachts
355126,kelepool.io
355182,kwhi.com
355243,kraloveskoly.cz
355294,kewpie.com
355534,kura-job.net
355546,kingandwood.com
355559,kitichat.com
355585,khest.org
355598,kreative-web.pt
355747,kaya959.co.za
355850,kxting.com
355882,keenquill.com
355903,knc.ru
356070,kayalu.com
356094,kocsc.or.kr
356132,k12jobspot.com
356189,kenyan-post.com
356201,kansallismuseo.fi
356265,kayabtc.lol
356296,kubamotor.com.tr
356453,kode.ru
356495,kessberlin.com
356575,koreancupid.com
356608,khipu.com
356611,kirloskarpumps.com
356655,kuppersberg.ru
356784,kriss424did.com
356789,keralaplot.com
356865,kenosha.org
356977,koihm.ru
356982,kellywearstler.com
357092,kaist.edu
357107,kariaddisonbeautiful.com
357135,kulcs-soft.hu
357146,krasotulya.ru
357181,kamerlyrics.net
357200,kartaweb.menu
357239,konesali.io
357245,kokatat.com
357279,krankenversicherung-axa.de
357328,kulturhusetstadsteatern.se
357496,kpu-m.ac.jp
357543,kkptd1.ru
357565,kcray.com
357716,kroxam.com
357733,kurzgesagt.org
357781,kino.ru
357785,kount.net
357816,karagiri.com
357825,kalendes.com
357871,kreativ.hu
357893,keygames.com
357917,kianortholmsted.com
358069,koepgd.app
358191,kultur-ausschreibungen.de
358271,kobe-park.or.jp
358293,kakogawa.lg.jp
358312,knipex-tools.com
358318,kapitus.com
358320,khec.edu.np
358322,kfgofi6oogld.com
358405,kingarena.nl
358407,knb.ne.jp
358546,kfc.fr
358631,kym.casino
358637,kpmg.in
358649,kashmirreader.com
358678,kaboom.org
358713,knto.or.kr
358755,knowunity.fr
358786,keyless.rocks
358800,kinghills-review.co.uk
358821,kupit-proxy-ipv4.ru
358843,kno89yes.com
358891,konalink.ru
358913,kjas.com
358934,kukelec.com
358989,krserver.net
359073,kaufdichgluecklich-shop.de
359296,kigam.re.kr
359341,kirstenulrich.de
359356,kingroyal.net
359363,kayak.sa
359406,kondoras.rs
359425,keskipohjanmaa.fi
359451,komamono-honpo.com
359504,kzp2xdr7.com
359535,kiara.cloud
359697,kpkuang.one
359734,kavak.io
359830,krasu.ru
359837,kai-trade.com
359846,katango.com
359849,kamni-furnitura.ru
359914,kotech.co.jp
359982,kongernessamling.dk
360010,kammelna.com
360113,konverzky.cz
360171,kelldrin.com.br
360258,khersonline.net
360332,kingwaylock.cn
360347,koders.com
360366,kamnevedy.ru
360376,kisarazu.lg.jp
360384,kadikoy.bel.tr
360403,kjrb.com.cn
360405,koreagoldx.co.kr
360555,kentuckytoday.com
360650,kina.gg
360743,kazaarfragrances.com
360857,kopenhagen.com.br
360899,kortathjonustan.is
360902,keepo.bio
361002,kontrolkalemi.com
361037,kuedltqtddbj-hnf9gd.net
361115,klen.ua
361216,kashi.gov.cn
361359,kavkaz-market.ru
361392,kindara.com
361406,kainos.com
361407,kitchenanswershub.com
361573,kinkajoo-apps.com
361583,kinospace.ru
361650,kronwall.com
361720,khz.se
361761,kosatec.de
361811,kkphimplayer7.com
361838,kink.nl
361846,kocw.net
361892,kuaishoupay.com
361911,kongminghu.com
361934,kpopmerch.co.kr
362004,kunaki.com
362006,kmu.edu.pk
362020,kobafilms.fr
362190,kh-berlin.de
362196,kegoc.kz
362239,killscreen.com
362258,keytop.cn
362280,kisskissplay.com
362316,kobeejapan.net
362317,kuncihost.com
362336,kanopibyarmstrong.com
362374,keyyo.com
362415,kursum.com.tr
362427,k12albemarle.org
362533,koparibeauty.com
362569,karatsu.lg.jp
362640,ktschb.com
362705,kardia.com
362715,kpages.online
362720,kraj-jihocesky.cz
362723,kimachemical.com
362736,kuaidi.com
362762,konto360grad.de
362770,kpmg.co.uk
362831,kakslauttanen.fi
362832,kinoplan.io
362846,kitbash3d.com
362919,ksb.net
362925,kikfriender.com
362935,kapitalcompany.com
363031,kotsmart.ru
363039,knews.com.tw
363082,kvartal.se
363140,karatekimono.jp
363199,kit.ac.kr
363203,kktcs.co.jp
363222,knowyourprivacyrights.org
363288,kdo.ru
363337,kegjfesci.cc
363368,kernpharma.com
363392,kiinteistomaailma.fi
363471,kaypora.com
363474,kentcricket.co.uk
363695,keiji-pro.com
363715,kaideep.cc
363724,keypublishing.com
363739,kashalot.gift
363771,kosovarja-ks.com
363836,kansai-td.co.jp
363845,keepo.io
363929,katana-sword.com
364043,kultaseppahanhiniemi.fi
364086,kusc.org
364111,kosmodrom.net
364143,keystealth.org
364180,kuairuanxz.cn
364193,karelia.fi
364220,kooapps.com
364272,keepthescore.com
364279,kolsar.info
364403,kranjska-gora.si
364440,knipser.koeln
364501,kinoz.click
364506,keminet.al
364557,kadaza.com
364609,kdmc.gov.in
364692,karantinaindonesia.go.id
364818,kdowf.com
364822,krankengymnastik-kaumeyer.de
364864,kbl.co.in
364912,kanagawa-kankou.or.jp
364918,knpc.com
364919,kernkonzept.net
364928,klaus-appel.com
364955,kvcc.edu
364960,kaplan.com.sg
364988,ksnetworkbd.net
365290,karatemart.com
365292,kerama-marazzi.ru
365379,komatsu.lg.jp
365499,k46.net
365561,kisandeals.com
365565,ksdot.org
365569,kubota.ca
365588,koha.mk
365617,kirmus.ee
366714,k-apt.go.kr
366715,k1pay.in
366716,kajitu.site
366717,kalyanchart.co.in
366718,kambisexstories.cc
366719,kamkob.org.tr
366720,kampungwaw.site
366721,kamusondakika.net
366722,kanagawa-dam.jp
366723,kannadadeevige.in
366724,kapakligazetesi.com.tr
366725,kapalwaktu.site
366726,kapsul4dhoki.org
366727,kaptenpm.com
366728,kashees.com
366729,katalozi-bg.info
366730,kavk.hu
366731,kawanpaitosignalhitam.com
366732,kayser.pe
366733,kbdb-online.be
366734,kbscholarship.com
366735,keifriend.com
366736,kejuaku.com
366737,kelinci88rock.com
366738,kemenham.go.id
366739,kenbolllike.kz
366740,kepalabuaya88.com
366741,kerajitu-top.monster
366742,keralacotton.com
366743,keralalottery.com.co
366744,keretaka31.website
366745,ketquaveso.com
366746,ketszintu.hu
366747,ketuasky.com
366748,keystonenow.online
366749,kg999.pro
366750,kh889alt.best
366751,khadem.ir
366752,khanehshokolati.com
366753,khayyam.ac.ir
366754,khzceo.ir
366755,kikototo.com
366756,kilaurtpbewokwin.xyz
366757,kimhoancamau.vn
366758,kin9s4win29.com
366759,king4dnock.vip
366760,king88-vina.mobi
366761,kingai.space
366762,kirobeauty.com
366763,kisansuvidha.gov.in
366764,kitadompethoki.com
366765,kitakan-navi.jp
366766,kj73863221.com
366767,kk1dwaji2oidw5awa.com
366768,kk4dwabhuiiodwa.com
366769,kkjnzsf7.com
366770,kkslot777fyre.sbs
366771,kkslot777mm.top
366772,kohat.edu.pk
366773,koi55new1.online
366774,koinone.club
366775,koizebra.com
366776,kokansadlive.com
366777,kolkataff.app
366778,kolodischi.by
366779,kontiki.rs
366780,kooooorabokamin.shop
366781,kopi77update.com
366782,korediziizletr.org
366783,kplay2.casino
366784,krirangon.live
366785,kriratv.org
366786,kristalplantet.com
366787,kronouchtlong.com
366788,ktpjitu.fit
366789,ktv888.news
366790,ktvc4.xyz
366791,ktvtogelgacor.net
366792,kucingpink.net
366793,kudajtgokil.xyz
366794,kudasakti168pro1.com
366795,kudustoto-3.net
366796,kukirin-scooter.pl
366797,kumaha-best.live
366798,kumbang4dplay.xyz
366799,kungaming.net
366800,kupukupu178.com
366801,kurnia898halus.com
366802,kuuniv.in
366803,kx7rta9.com
366804,kyoto98-kyota98q.com
366805,kyzo.in
367978,kansasgasservice.com
368038,kiddycontest.com
368099,kanal23.com
368136,kmtmuaythai.com
368169,kireireport.com
368248,kleppmann.com
368267,kitomba.com
368284,koreagiftbox.com
368309,kr-rada.gov.ua
368347,knizhin.ru
368361,kuchenland.su
368365,kleur-v-kind.com
368395,kafkasotoyedekparca.com
368436,knizka.pl
368460,kdive.net
368461,kobelco-welding.jp
368462,kobelcoskpl.com
368498,kissasian.video
368608,keikenkyo.or.jp
368654,kia.com.kz
368663,kfsyscc.org
368700,k-monitor.hu
368708,kvell.group
368849,kinex.net
368903,kiosquemag.com
369050,kotterinc.com
369113,k-village.co.kr
369144,keslighting.co.uk
369148,korrelate.net
369162,kinogid.pro
369172,kchgta.ru
369270,keitcards.de
369301,kpas.ru
369371,kemoms.ru
369393,korea-dpr.com
369421,kudushu.org
369440,kcurl.cn
369515,kovi.ru
369527,kodex.me
369531,kreis-mettmann.de
369555,kayak.pt
369621,kemio.net
369650,kpfilms.com
369652,kfc.ca
369658,klimux.com
369676,krisline.com
369706,kyocera-unimerco.com
369718,kgasu.ru
369774,kattun-stoffe.de
369786,kom-site.ru
370056,k076.top
370060,kickidler.ru
370105,kernh41.com
370295,klaten.go.id
370302,katalon.io
370332,kazhydromet.kz
370334,korax.net
370345,klothtrend.com
370432,kmf.com
370435,kopnet.pl
370456,kinowar.com
370474,kochid.com
370650,konsolifin.net
370840,kathmandupati.com
370900,kukuw.cn
370947,kingbase.nl
371021,koalityengine.com
371102,kub.nl
371122,kuebler-internet.de
371134,komora.cz
371157,kolon.co.kr
371210,kencorp.co.jp
371214,kygozlas.com
371229,katieloxton.com
371234,kp.kz
371265,kgte.ru
371291,kenlialuminum.com
371425,kytcrm.com
371492,kimitsu.lg.jp
371512,koryfiserver.com
371515,kimesranch.com
371535,kiehls.de
371541,kanazawa-kankoukyoukai.or.jp
371552,kbin.social
371580,kennytrandesigns.com
371612,kongeaa.dk
371629,kinogo.gg
371667,keematgrocers.com
371731,kit-dns.eu
371750,kyoritsu-wu.ac.jp
371809,khetigaadi.com
371839,knltb.nl
371842,klsmartin.com
371888,ketnet.be
371959,kzaif.kz
371985,kingroyalbetgiris.com
371989,killeenchildrensdc.com
372033,kilat-sengtoto.site
372073,kirra.nl
372121,klier.de
372124,kakamigahara.lg.jp
372128,kitronik.co.uk
372135,kolobok.us
372166,kenperfume.com
372205,kulis.az
372240,klubtt.pl
372254,kniakrls.com
372350,kockw.com
372369,klm.de
372401,kremp.com
372405,karadenizgazete.com.tr
372414,keepsupply.com
372436,klubjagiellonski.pl
372481,kiausa.com
372506,kohlerwisconsin.com
372507,kitfort.ru
372626,kopia.io
372681,kabayim.com
372744,kidsandcars.org
372765,karate.ru
372770,kurica2.ru
372859,knwu.nl
372922,kentsunucu.com
372977,kamedaseika.co.jp
373009,k4.pl
373030,kidsempire.com
373103,krn.pl
373229,kilz.com
373241,kwikrewards.com
373342,kipris.or.kr
373407,kpkuang.bond
373443,koch.com.au
373509,kelo.com
373539,kaimte.com
373542,kitminiatures.com
373675,kccd.edu
373700,kreis-steinfurt.de
373709,klamathcounty.org
373751,kolt-internet.ru
373877,kathmanduwater.org
373895,kingroyalguncel.com
373933,kayakstore.se
373992,kieljamespatrick.com
374038,k6pr.com
374302,kia.parts
374353,khkhkhkh.com
374445,kickininn.com.au
374470,kuai-lian-os.com.cn
374566,kisssub.org
374567,kosmima.gr
374609,komi.com
374620,kunstpark-shop.de
374638,kronikatygodnia.pl
374660,kennelliit.ee
374669,kiost.ac.kr
374702,knws.co.uk
374766,keloncloud.com
374771,kh-freiburg.de
374837,kifsin.ru
374903,kaubamaja.ee
374989,kansascityfwc26.com
375021,keno.com.au
375064,keepitsafe.com
375125,kaabait.com
375152,keysweekly.com
375250,kinobadi12.xyz
375310,knieper.de
375401,kingbokeps.com
375410,kellysbike.com
375452,kumon.com.br
375463,kabc.com
375502,kidumplus.co.il
375503,kompra.kz
375531,k.vu
375568,kaulich-dns.de
375580,kustomer.help
375604,kiauto.fr
375609,konsultasisyariah.com
375665,karuizawa.lg.jp
375682,k798.net
375699,kairaglobal.com
375703,kiryu.lg.jp
375709,k-online.de
375733,kinotip2.cz
375765,kia.co.za
375777,katren.net
375782,konggames.com
375812,kiwa-group.co.jp
375833,kursagenten.no
375864,kuhni-spb-57.ru
375872,kayserianadoluhaber.com.tr
375941,kahalaresort.com
376019,kahveler.net
376046,kitchenone.com.pa
376234,ker.com
376273,kerncounty.com
376275,ky.to
376279,kazo.lg.jp
376290,kidlet.ro
376306,kiloutou.com
376424,klocke-antrieb.de
376473,kiddyland.co.jp
376573,koerperwelten.de
376637,keessmit.de
376643,kissasian.com.lv
376651,kingsurefoods.com
376664,kamikochi.or.jp
376708,kwlt.net
376733,kitesurfshop.nl
376738,kidsnews.com.au
376744,krvetka.com
376785,kitchendivas.com
376844,kookwinkel.nl
377067,kilim.com
377085,kojitusanso.jp
377116,koreaporn.tv
377125,kingboost.net
377154,kuas.ac.jp
377170,kiagdomain.de
377174,kmni.eu
377272,karnataka.com
377347,kursk-network.net
377355,kempinskisyanqihu.com
377360,kakaopaysec-stock.com
377375,ksdenki.co.jp
377396,keralamatrimony.com
377401,kienbaum.com
377507,keepitquarterly.org
377545,ko.com.ua
377551,kankyo-business.jp
377638,korneo.ru
377667,kbbs.jp
377712,kyoto-wel.com
377729,koryfiserver.net
377755,kukharuk.ru
377766,kagoya.jp
377773,kashiwazaki.lg.jp
377774,kamatyres.shop
377807,kapulan.hu
377816,keensfootweare.com
377871,kindaling.de
377877,krim.nl
377882,kolani.ca
377929,kievcity.gov.ua
377953,kw-berlin.de
378166,kungfu-choyleefut.cl
378207,kodifikant.ru
378234,kpq.com
378244,kappabashi-mikura.com
378271,karaoke-soft.com
378333,knowall.net
378349,koukoutu.com
378355,kupitpravak.com
378372,kozeo.space
378410,kolabnow.com
378438,korn.com
378499,kingguide.nl
378501,kimshealth.org
378507,kmooc.kr
378573,kc-in.com
378622,kokuchspace.com
378652,kitchenknives.co.uk
378711,kalake.ee
378776,kanakox.com
378813,kindle-perf.com
378814,kamaz-kt.ru
378821,kinogo-films.net
378834,keifuku.co.jp
378906,kantia.com.cn
378915,kanal5.com.mk
378930,kivigroupmedya.com
378931,kurskcity.ru
378944,kingnetwork.nl
378980,klix4deh.com
378981,kitepackaging.co.uk
378994,kitami.lg.jp
379113,kokoko.ru
379117,katalogmarzen.pl
379121,kioth.ru
379124,katapult-magazin.de
379139,kalimbaka.com
379172,kingroyal-giris.org
379239,kansascity.edu
379249,kaerntencard.at
379319,kamubeibei.com
379328,krona-hotel.ru
379337,keongbalapan.com
379443,kotora.jp
379483,katbe.com
379508,keluarandatasdy.com
379522,koreessentials.com
379543,kofod-jensen.dk
379702,kardelen.de
379731,kcmo.org
379925,kingsfans.com
379964,klenotyaurum.cz
379996,kinotik.lat
380005,kyrene.org
380009,kxsdns.com
380067,keepercoating.jp
380110,kpages.com.br
380125,knu.edu.tw
380154,k3cdn.com
380171,kclr96fm.com
380234,konicaminolta.de
380249,kalbe.co.id
380258,kacst.edu.sa
380272,kl-angelsport.de
380285,kaiserwillys.com
380295,ktmrush.com
380312,krcgenk.be
380416,kaika.com.au
380447,kelpdns.net
380469,kerrygold.de
380474,karat-market.ru
380528,kouryakuki.net
380536,krtv.su
380584,kormarines.com
380596,kollerauktionen.ch
380619,kingtony.com
380640,ks-security.jp
380646,kontentino.com
380658,khrunichev.ru
380726,kbw.gov.pl
380743,ku.ac.bd
380798,knitforless.com
380817,keliweb.org
380820,kupivip.ru
380827,kale.com.tr
380872,kellyocg.com
380993,korenpub.com
381074,kerozen64.info
381095,kujtesa.com
381103,kitchenswitchen.com
381256,kinopoisk.store
381281,karta.com
381327,kalkomey.com
381342,krtc.com.tw
381347,kraken10vk6.org
381353,kepxy.com
381363,kegelbum.ru
381369,ktm-shop24.de
381408,kmcwheels.com
381578,kristall-shop.ru
381582,kesehatanumwkendari.ac.id
381696,katebush.com
381836,kuoni.ch
381924,kloppers.co.za
381955,ku.fi
382012,kreis-goerlitz.de
382123,kjbwhcnao.com
382124,kashtanka2.com
382131,kaomojis.jp
382174,kuvera.in
382195,kra33.link
382199,ksldigital.media
382212,kk888pg.com
382232,kireie.com
382255,kstatecollegian.com
382294,kbndev.co
382299,kettererkunst.de
382316,kapos-net.hu
382361,kaathal.com
382419,kutasoftware.com
382431,karaoke-version.de
382463,keylessentryremotefob.com
382471,kdltps.com
382597,krick.com
382609,kanzoboz.ru
382660,kino-mir.ru
382675,kkkppp.top
382856,keyestudio.com
382886,kameda.com
382943,kadoonpro.com
382955,kns.com
382959,kiddies-kingdom.com
383044,keej.it
383058,knifekits.com
383078,kolibr.io
383151,kuechen-forum.de
383164,kindxxxvideos.com
383178,k1gba.com
383202,koelsa.or.kr
383217,kinovod300426.pro
383226,kartuzy.info
383257,koalasplayground.com
383309,kpjhealth.com.my
383321,karlskrona.se
383331,kepea.gr
383373,kanshudo.com
383458,kendo.or.jp
383538,kolokol.tel
383540,kadobun.jp
383551,km-union.ru
383581,kulturlx.lu
383591,kissandfly.de
383601,kostyor.ru
383625,kckcc.edu
383647,kuzeyekspres.com.tr
383700,klnews.co.kr
383701,kicb.net
383719,kabook.fr
383744,kasino-lev.com
383750,kpopusaonline.com
383756,kisr.edu.kw
383775,kuaibpglian.com.cn
383891,kentucky-horsewear.com
383920,kuki.lg.jp
383928,kodiko.gr
384045,kinogo.news
384070,klopca.net
384113,kariha.net
384136,kinoreporter.ru
384141,kosgames.com
384171,kp.md
384172,kominis.gr
384208,kup.at
384272,kbsdns.co.uk
384285,ktv-smart.jp
384344,kittykawai.com
384350,kevinandkell.com
384413,kiips.co.kr
384418,kikifoodies.com
384551,kony.com
384613,kinoprofi.day
384654,kinoza.pics
384659,kuban-online.ru
384662,kadermanager.de
384696,kg-folklore.com
384727,krd.pl
384733,kwizcom.com
384737,kraken-mirror.com
384738,knog.com
384741,koudaitong.com
384749,kernelci.org
384794,kinmen.travel
384809,kingbam.co.kr
384810,knutsfordguardian.co.uk
384855,kiwigold39.com
384922,kwenku.com
384943,kongjie.cfd
385013,kern.org
385026,kartinki.pics
385108,kicksmachine.com
385160,kitchenaid.de
385166,kshe95.com
385209,klipy.co
385325,kayzen.net
385389,ki-news.ru
385453,kadesk.ru
385547,kluwer.be
385599,kadastrova-karta.com
385613,kusd.edu
385624,keyhomefurnishings.com
385667,kiehls.ca
385679,kabelszat2002.hu
385710,kgs.or.kr
385730,keystoneforums.com
385786,klnpa.org
385796,kazrena.kz
385825,kdn-security.com
385881,kompasfirm.pl
385887,kirvpn.ru
385890,k2radio.com
386077,kamera-express.be
386094,kebirhost.net
386230,kinsta.app
386232,katambe.com
386256,katitas.jp
386261,klimafakten.de
386280,kpsi.pl
386296,krns.at
386321,kvirispalitra.ge
386337,kommersant.ua
386345,kanebo-cosmetics.jp
386355,kepez-bld.gov.tr
386362,kive.ai
386373,koreasisailbo.com
386389,kshop.co.kr
386435,kl5.casino
386446,kejinlianmeng.com
386470,kinkadservercdn.com
386517,kenko-keiei.jp
386518,kernel.dk
386532,knight-manager.com
386535,kinnome.jp
386583,kreadoai.com
386608,k8jtk.org
386611,klickstreet.com
386745,ksd.ua
386752,kelebek.com
386753,keepcart.co
386882,kremlinpalace.org
386994,kreditversicherung.de
387025,ksk66.ru
387058,kuroiru.co
387066,kknmandalawaluya.ac.id
387158,kleo.ua
387322,koerbercloud.com
387344,kingobdsports.xyz
387346,kmswamzpri.com
387445,karpaty.info
387546,kuchikomi-search.com
387690,kancollewiki.net
387801,kepler51.com
387895,krasnoyarskmedia.ru
387896,kirklarelieo.org.tr
387897,kansascommerce.gov
387983,kontroler.online
387991,kiyoken.com
388012,kkcache.cc
388112,khanchoanghumi.com
388151,kentstatesports.com
388163,kwg6cr.com
388256,keystonebankng.com
388266,kaapeli.fi
388356,koshonin.gr.jp
388377,k12.ri.us
388391,knapheide.com
388458,kindredplc.com
388559,kentvisionary.com
388564,kfconcept.com
388677,kobe-ojizoo.jp
388756,kawc.org
388778,k2s.club
388844,krems.at
388857,kknekki.com
388910,kaila.biz
388931,kiafaq.com
388943,kohteht.ru
389003,kel.pe
389089,kr-admin.gov.ua
389095,kitchenconfidante.com
389110,kawasakirobotics.com
389256,karaokescene.com
389322,kingsford.com
389330,knowyoucan.be
389347,kin-shine.cn
389351,kyndryl.net
389359,kraeuter-und-duftpflanzen.de
389443,kiabeckley.com
389501,kmhou.cn
389572,konsylium24.pl
389733,koreashop.ru
389769,kaninhop.info
389772,kinogo.dance
389933,kdejsme.cz
389942,koralek-obchod.cz
390064,keyweb.net
390098,karboai.com
390125,k-mix.co.jp
390199,kramerhosting.se
390318,kpmg.it
390319,kyoceramita.de
390482,kadolog.com
390486,kbra.com
390503,kinogo.wtf
390507,kpkuang.org
390542,koupon.ai
390545,kkovin.com
390571,krakowhotel.net
390573,kmkiletisim.com
390577,krispykreme.com.au
390594,kravcev.com
390707,kiddoware.com
390748,kinogo-films.org
390757,kbvision.tv
390768,kingnodes.com
390788,kp2mi.go.id
390823,kinoprogramm.com
390852,khasmart.pk
390878,kwpn.nl
391003,konghq.tech
391039,kipptexas.org
391134,komito.net
391430,kqxs.tube
391438,ktva.com
391491,kjn.de
391527,kvancouver.com
391556,knittingforolive.com
391627,kw.wroclaw.pl
391704,kopec.co.kr
391720,koc.com.tr
391782,klab.com
391801,kristalcarpets.co.za
391807,kubuntuforums.net
391850,knizhin.net
391889,kraftmaid.com
391891,klinikumdo.de
391995,ketodietapp.com
391996,keepyourcadence.com
392003,kuyin.wang
392030,kritische-anleger.de
392054,kso.dk
392091,kapelnicza-ot-pokhmelya-ekaterinburg-8.ru
392113,karotrip.com
392202,kostbarenatur.net
392207,kj.com
392239,kootinlok.com
392240,k12.wv.us
392260,kanerepublican.com
392317,kreiner-impex.cz
392318,kuchuk.ru
392336,kckb.st
392368,kortingscode.nl
392379,karl-may-spiele.de
392420,knubic.com
392456,kensiemae.com
392497,kajitaku.com
392511,kp.dk
392582,kadiska.com
392712,katalogbiblioteki.pl
392756,kpshosting.com.au
392968,kbfvzoboss.bid
393001,kisspng.net
393152,konect.gg
393180,ksdot.gov
393203,kids-world-travel-guide.com
393279,konkervps.com
393352,kabarbisnis.com
393448,kaspersky.it
393492,klv.lg.ua
393610,keapapis.com
393775,kittybingo.com
393847,kitafino.de
393870,korkeasaari.fi
393926,kixdutyfree.jp
394039,kums.ac.ir
394049,kecqnhflp.com
394054,kallidus-suite.com
394097,kexart.com
394115,kansensho.or.jp
394142,kpcgroup.cn
394186,kab.co.jp
394196,kfc.ro
394295,kuailianvpn-cn.com.cn
394305,keweenawreport.com
394363,kaylasstewart.com
394382,kpmg.com.br
394387,kawasaki.de
394438,karroter.net
394489,karley.de
394508,kraftkennedy.com
394518,killerporno.com
394524,kostoday.com
394536,korian.fr
394537,kerusso.com
394572,kycnot.me
394603,kro.nl
394649,kidsworldfun.com
394769,kulula.com
394776,kinokingy.online
394792,knsomsk.ru
394862,klimaaktiv.at
394907,kassoon.com
394910,klatsch-tratsch.de
394951,kayakaffiliates.com
394990,kildarenow.com
395016,kastden.org
395066,keeksdesignerhandbags.com
395098,kosmimadoro.gr
395134,kinoklass.net
395160,kktcell.com
395211,karupoegpuhh.ee
395244,krx.no
395253,kefairport.is
395299,k-k.de
395334,kitchenrestock.com
395347,kfz-lang.de
395420,kokodayo.site
395458,komutacloud.com
395649,kalmeda.de
395658,kion.lat
395672,kitanet.ne.jp
395674,kiloo.com
395690,kristenbjorn.com
395694,kiraboshibank.co.jp
395795,kaliocommerce.com
395798,kwerfeldein.de
395840,kscnet.ru
395865,kinocheck.de
395876,kultura.bg
395895,kinogo-1.net
395956,koelnspielt.de
395966,kitsap.gov
395985,kaltblut-magazine.com
396032,kontrast.at
396090,kenei-pharm.com
396109,kraftfahrtversicherung.de
396116,karsten.com
396126,krok.edu.ua
396131,knowledge-sourcing.com
396147,kelpdao.xyz
396172,keedu.cn
396216,kamalisk.com
396254,komikcast.com
396262,kopiosto.fi
396305,kinotv.biz
396310,kaplan.co.uk
396332,kavla.club
396342,kirschsubstack.com
396347,klinikum-nuernberg.de
396382,kafene.com
396407,karoo.com.br
396438,krusche-outdoor.de
396462,kjbible.org
396493,knf.com
396517,kaldewei.com
396811,kvikbolig.dk
396837,kitchenstewardship.com
396843,kkdzpt.com
396847,kingsroadmerch.eu
396898,kiapartsnow.com
396948,komfort21vek.ru
397017,kidloland.com
397060,kohosya.jp
397190,ktuda-skp.net
397275,kurtgeiger.co.za
397278,kmpacademy.com
397288,krao.ru
397299,krebsliga.ch
397307,kpmg.fr
397342,kuponla.com
397387,kplaceshop.com
397417,kuet.ac.bd
397496,kangweiyiliao.com
397538,kuwana.lg.jp
397631,kilburntimes.co.uk
397694,keywordspace.com
397703,kingbus.com.tw
397725,kirowild.work
397728,kmcu.ac.kr
397785,krocnews.com
397806,kintetsu-re.co.jp
397860,kmmu.edu.cn
397861,kawanlama.com
397920,kdac.de
397949,kuvaton.com
397961,kuhni-spb-59.ru
397992,kilimall.ke
398009,kheiron-sp.io
398020,krasnodarforum.ru
398031,kaums.ac.ir
398168,khalijfarsonline.net
398212,kuriose-feiertage.de
398216,kuancom.com
398264,kagawa-edu.jp
398334,kureansiklopedi.com
398340,kruess.com
398356,keimling.de
398408,kultboy.com
398413,keyco.ru
398437,kohfukuji.com
398450,kagg.jp
398459,kosmos.org
398494,kinoukr.com
398516,kyaikkhami.com
398531,kissthisguy.com
398597,kozloduy-bg.info
398662,kiteworldshop.com
398759,kawachinagano.lg.jp
398783,koora24.sbs
398815,kiriminaja.com
398842,karel.com.tr
398930,kerrdental.com
398964,kojodan.jp
399087,kit-ddns.com
399099,kamnet.pl
399145,kcneedlepoint.com
399152,k-bygg.se
399153,konyapostasi.com.tr
399174,koobit.com
399193,kapetracking.com
399221,kinoafisha.ua
399246,kosmonautix.cz
399298,ktozvonit.com.ua
399356,kitchenmate.com
399376,keepshare.org
399389,kathpress.at
399454,kennycoogan.com
399494,korean-vibe.com
399532,koppay.net
399537,klgtu.ru
399549,kiedyprzyjedzie.pl
399563,kozkart.com.tr
399587,kurumsalmail.com.tr
399658,kinogo1.fyi
399729,k777722.com
399752,kobaco.co.kr
399791,kl24.ee
399803,kinoman.top
399820,kastner-oehler.ch
399821,kenyanlist.net
399831,kingvault.nl
399969,kennzeichenking.de
399999,kraken-11at.net
400041,kpm-ritm.ru
400088,kappa.fr
400105,kznur.com
400246,kanyingw.com
400329,kyber.network
400330,karupspc.com
400443,kuemeranti.store
400475,kino-ussr.ru
400591,kinobadi.click
400738,karavaevi.ru
400837,kabal.com
400876,kerastase.co.uk
400904,kaku.so
400906,kkcg.cz
400920,kusuri-aoki-recruit.net
400945,kebree.fr
400971,kabs.de
401020,kladana.in
401065,kreativhaus.com
401081,killsometime.com
401143,kdn-enterprises.com
401146,kreis-hz.de
401277,kikkomanusa.com
401285,kecaiyoucheng.com
401321,kingspider.co
401341,kwalitaria.nl
401369,kobe-charme.com
401408,kapelnicza-ot-pokhmelya-voronezh-1.ru
401459,kazanova.shop
401616,kuxun.cn
401715,kiemtienus.com
401759,k120.live
401775,kissfm.de
401780,kwaoo.net
401815,kpp.kz
401875,karuizawa-psp.jp
402016,kgnu.org
402065,kaufmann.dk
402088,kftenyun.com
402106,killadsapi.com
402120,kunsthauswien.com
402147,kreditrf.ru
402184,kinotv.ru
402187,kauffer.hu
402203,kamaishi-kankou.jp
402247,kuche.ir
402297,knz-store.com
402307,koelnmesse.com
402333,kuhlman-corp.com
402353,k-auto.fi
402357,kf3pld.com
402406,key2act.io
402507,kcb-net.ne.jp
402564,ktcom.jp
402637,komtra.de
402788,kinbet-casino-hu.com
402806,kasparts.com
402834,kipuservices.com
402846,kitchen-canvas.com
402853,kiwi-electronics.com
402923,kinotanos.top
402945,kalanda.info
402953,kerunguangyuan.com
402985,konekansa.net
403001,knrm.nl
403062,krausnaimer.com
403177,kaigai-bbs.com
403287,kreiszeitung-wesermarsch.de
403353,ksklb.de
403389,kogakkan-u.ac.jp
403442,kalista-parfums.com
403481,kruxor.com
403506,ks562asef.com
403525,kinodraiv.pro
403535,kinopoisk.study
403554,kyobo.com
403612,killeenisd.org
403681,katacoda.com
403778,korves.net
403779,kelify.com
403815,kauilianvpn.com.cn
403816,kuodatravel.com
403886,kaysclo.com
403958,kiwanis-nylisc.org
403975,kapost.com
403983,kinogo.uk
403989,klachteninstituut.nl
404021,karpov.courses
404039,kumhoenc.com
404114,kiyonna.com
404150,komputer-nn.ru
404258,kurotetu.co.jp
404273,khjnhs.app
404302,krovat.ru
404328,knssibir.ru
404449,kranten.com
404463,kliper.cl
404472,knigi-online.org
404513,kenyaplex.com
404515,kaufbeuren.de
404565,kreftforeningen.no
404597,kibana.wtf
404625,kdm.koeln
404628,kairport.co.jp
404635,kerivo.lol
404682,kvent.ru
404686,krankenversicherung.de
404697,ksoftir.cc
404769,kacecloud.com
404816,kalitva-land.ru
404940,keyblaue.link
404961,kfnet.io
404970,koelnerzoo.de
404973,kenoh.com
405078,kyvl.org
405103,kirmiziahsap.com
405111,kingflow.nl
405124,kitzap.ru
405126,kulturafilipino.com
405135,kundns.com
405168,kuehlungsborn.de
405180,knsu.ac.kr
405203,kalashnikov.media
405234,kumamoto-kmm.ed.jp
405239,keeshoes.com
405396,kitchenaid.com.au
405470,kir.pl
405472,kapi.net
405509,kololk.com
405572,kronosquartet.org
405590,kod.by
405600,kwglobal.com
405611,kawaiienvy.com
405639,km169.net
405696,kanellakis-sa.gr
405728,kalmregion.ru
405730,kbb.com.br
405817,khorostech.com
405878,kissel-farben.de
405960,kalis.no
406074,kikagoods.com
406113,kebuena.com.mx
406150,kompernass.com
406155,katheats.com
406302,kerszov.hu
406452,ktn.gv.at
406520,keepersecurity.jp
406537,kantetsu.co.jp
406541,k2t.eu
406557,kje-event.com.tw
406559,kgu.de
406569,keramics.com
406576,kaya.ac.kr
406580,kosinerjewelry.com
406601,kaskad-info.my
406611,ksau-hs.edu.sa
406663,kross-sport.ru
406702,kumonglobal.com
406710,kissmeng.com
406714,kgw.edu.pl
406722,kalotay.com
406746,kdptapyz.cc
406802,kik.me
406830,krasnogorsk-adm.ru
406838,kuro-ai.com
406885,kasplex.ru
406888,koltozzbe.hu
406958,kabuki-za.co.jp
406963,konto-360-grad.com
406990,kreupasanam.com
407046,kingseducation.com
407074,krone-northamerica.com
407082,kitandace.com
407359,kinogallery.com
407399,konamionline.com
407404,kukla.live
407441,kegel.men
407475,ksa.ch
407572,kawarthalakes.ca
407587,kocaelitv.com.tr
407680,kahrs.com
407758,kfc.kz
407761,knpp.ru
407851,knxs.net
407888,korupciya.com
407913,kudzu.com
407915,kitapaloku.com
407937,kenmore.com
407951,kessel.de
407974,koreainvestment.ac
407977,kejet.net
408016,katthelabel.com
408060,kryptoniitti.com
408085,knvgmblhli.net
408153,kuzcolighting.com
408160,keyvan.aero
408271,kode24.no
408304,kelcontech.com
408309,korterra.net
408377,krist.pro
408400,koch.ch
408443,kalimbatabs.net
408456,kenzai-navi.com
408541,karahost.com
408542,kaerchershop-schreiber.de
408578,ktn.co.jp
408587,krelno.com
408685,kesion.com
408710,ksrevisor.gov
408730,kilogramz.online
408755,kumitetechnology.com
408771,kosovasite.com
408833,koedo.or.jp
408888,kaanoon.com
408962,kuyoux.com
408986,khwajawrites.com
409055,kiska.tv
409065,kaizenep.com
409155,kayak.com.tr
409208,knsmi.com
409219,kerastase.fr
409226,kelpraticien.com
409305,killrockstars.com
409353,kskmse.de
409389,kantor.live
409455,kofinas.gr
409581,kcau9.com
409592,koloua.com
409616,koeitecmo.co.jp
409618,kingfut.com
409724,kvision.ne.jp
409734,knepp.co.uk
409878,kartamultisport.pl
409967,kpmg.ch
409986,klydoclock.com
410043,kiosked.com
410092,kooora4liv.com
410111,keytomylime.com
410184,keak.com
410189,kujsc5.ru
410190,kdramastars.com
410196,kurbon.cn
410235,kvantprogramm.ru
410244,keycoffee.co.jp
410246,ka.gov.tr
410265,kodeksy-kz.com
410272,kingbullbike.com
410307,kozmela.com
410312,kevquirk.com
410413,kawaiixpic.com
410423,knetsol.net
410481,kendallcountyil.gov
410606,kabaroto.com
410681,kaaoszine.fi
410729,kotl.in
410763,kammeret.no
410769,klik.best
410876,knigoland.com.ua
410880,kalro.org
410928,kompromiss.ru
410966,kaporcenter.org
411069,konsciousketo.com
411079,kuzdrav.ru
411101,kaplaninc.com
411221,kitchenpowerpopups.com
411273,kqw.com
411345,konstruktortestov.ru
411355,knigomania.bg
411359,km20.ru
411400,kresy24.pl
411421,kyoto-nishiki.or.jp
411578,kitet.me
411579,khoaketoanquantrikinhdoanhtv-uni.com
411635,kog.casino
411689,kolterhomes.com
411697,ktu.edu.gh
411798,kapsarc.org
411826,kodomo.go.jp
412010,kfzteile.net
412012,kybershop.com
412074,ktv-sk.com
412086,knnews.co.kr
412120,kodvpalto.ru
412128,kiamotorsnigeria.com
412139,ktn-uk.org
412170,kkukowiki.kr
412186,k257.com
412191,kursiv.kz
412353,konami.co.jp
412458,karmod.com
412482,kirppu.dk
412549,kecskemet.hu
412603,klook.io
412614,kultura-rechi.ru
412642,konacard.co.kr
412705,kinkstore.com
412711,kopirka.ru
412717,kakaranet.com
412733,kinsheep.info
412740,kipp.org
412774,kymcoforum.com
412882,kinchik.space
412921,kca.go.kr
412952,karts.ac.kr
412955,korzi.ru
412988,kann.de
413095,ka-mediendesign.de
413140,kilat.io
413169,km-h.ru
413237,kredit-nalichnymi.info
413290,kmb-bibliothekskatalog.de
413387,kroniktotabuan.com
413416,kingsoftware.co.in
413452,kbc.global
413469,kinpan.com
413524,kolayrandevu.com
413549,kloova.com
413564,kick4ss.com
413659,kokscraft.pl
413798,kulichki.tv
413845,karatetsu.com
413862,kpopomo.shop
413910,kitmaker.net
413975,kddi-video.com
414083,kbrria.ru
414098,keller-brennecke.de
414175,kamabet.com
414286,kyototo.jp
414325,kwsx.online
414354,kmu.ac.ir
414374,komeda-recruit.net
414445,kraftwerktools.com
414463,kaffeehenk.de
414493,kuailiangfxz.com.cn
414496,kukirin-escooter.com
414503,kvhessen.de
414514,key4dsss.top
414519,kurokawaonsen.or.jp
414577,kleiforums.com
414602,kasa-store.com
414618,kpemig.de
414619,kuenstlersozialkasse.de
414646,kio.kz
414705,knjiga.ba
414792,kodree.com
414810,knu.edu.iq
414833,karolinum.cz
414931,kinderkraft.pl
414956,kolagames.com
414966,kwintech.co.ke
415054,krakowskiinternet.pl
415080,kavicom.ru
415083,kkclip.com
415104,kagoyacloud.com
415125,kidsportcanada.ca
415131,karekod.org
415197,kiraciara.com
415200,keysfan.com
415211,kqbdz457.com
415300,keio.jp
415455,kvvca.com
415466,kommerz.center
415593,kixbox.ru
415646,kc.ru
415700,kinabank.com.pg
415885,kingfoodmart.com
415888,krraero.ru
415901,ksknet.co.jp
415953,kahave.click
415978,kts-law.com
416006,komp.family
416031,kloc.co
416045,krea.edu.in
416145,kubanpress.ru
416152,k1net.org
416153,kulturen.com
416179,knsrostov.ru
416218,kiehls.jp
416259,kitanotenmangu.or.jp
416318,kopilkahd.com
416394,kudu.com.sa
416433,kalyanamitra.org
416449,kidsfreevacations.com
416513,kumabook.com
416518,keepmoat.com
416520,knobelbecher.net
416570,ke62oe3.com
416579,kidsdomain.com
416647,kinghd.info
416766,kunstforum.de
416884,ktv-i.com
416907,kanalukraina.tv
416958,kissasia.cc
417009,kcic.co.id
417092,keysso.net
417097,kayakfun.info
417170,kvantastica.ru
417180,karpachoff.com
417184,kidstok.com.br
417235,kuanshuishangyuan.com
417280,kanabro.fr
417285,kswyn.com
417306,kingsofleon.com
417309,kccshop.vn
417415,kocaeligundem.com
417417,kmhd.eu
417492,kosha.or.kr
417516,kreis-anzeiger.de
417523,karunya.edu
417602,kronas.com.ua
417608,keezmovies.com
417655,kgmu.org
417683,kame.net
417699,kleintierkrematorium.de
417801,kolmarden.com
417823,khl.com
417837,koneviesti.fi
417848,kubikvkube.com
417911,kinorum.study
417917,kobeherb.com
417970,k1.com.br
418130,klem.ru
418166,kingmature.com
418173,kqapp.net
418191,kurkul.com
418309,kato-web.com
418313,kurogami.com
418315,kinghub.vn
418369,khanwebhost.com
418424,kino-kach.ru
418427,kit-media.com
418454,kamody.cz
418480,keyweb.ru
418490,kindlemodding.org
418492,kenyawebexperts.com
418558,kneatgx.com
418580,ksvvnet.fi
418592,kingtrivia.com
418629,khz.com.ua
418652,kuangxiangit.com
418699,katanascan.com
418739,kahlua.com
418770,kl.com.ua
418798,kpfk.org
418818,kwp.casino
418850,kv0n1.xyz
418914,knifeshopaustralia.com.au
418997,klekktic.com
419026,km6g.us
419056,kamloopsbcnow.com
419101,kk800.vip
419105,konzerttheaterbern.ch
419118,korisnaknjiga.com
419163,katestravelexperience.eu
419176,kenmoreinn.com
419199,knucklecracker.com
419259,kknxw.com
419276,kanko-gakuseifuku.co.jp
419279,ka4nem.ru
419313,knihovny.cz
419345,keepmedia.com
419388,kust.edu.cn
419392,koj-ab.co.jp
419425,kidsdresssmart.com
419429,ktell.net
419446,knigozakaz.ru
419472,kgieworld.com.tw
419541,kursdela.biz
419635,kmk-it.pro
419721,kisscams.net
419723,kaitoriou.net
419743,kumapon.jp
419755,kuwinworldcup.com
419853,kakava.lt
420001,kingshot.net
420003,kaioland.com
420011,kokocgroup.ru
420037,kepleruniklinikum.at
420101,knigi.fun
420140,kelloggcompany.com
420148,kchat.app
420156,kdvonline.ru
420170,kenhotels.com
420181,kanoner.com
420193,katalogtepla.ru
420372,khetglynn.com
420383,kahootz.com
420451,kotui.org.nz
420456,kapitoshka.info
420484,kapitan.pl
420560,kurwa-bober.ninja
420642,kirchentag.de
420781,kswiss.de
420823,kingroyal-3temmuz.art
420904,kodiaknetworks.com
420905,kood.ee
420916,knauscamp.de
420995,korpanmarina.ru
421025,kzinternet.net.br
421065,klicktipp.cloud
421094,knglrp.com
421131,kaia.sa
421174,knivesandtools.nl
421214,kijiji.it
421236,ksozb.com
421269,ketoconnect.net
421336,kabaya.co.jp
421346,kubantv.ru
421426,kayttooh.je
421448,krasiva-ya.com
421463,kreisgg.de
421552,kpnqwest.ro
421579,kn1.eu
421671,kilat.com
421676,kostal.com
421682,kesse-russia.ru
421713,koshi.gov.np
421730,kma-online.de
421739,kommandostore.com
421775,k-composit.ru
421815,kbu.ac.th
421816,koffer24.de
421878,kalambagames.com
421879,kuaifan.co
421916,kruizinga.nl
422040,kropka.net
422079,kunstkopie.at
422108,kod.es
422190,kindbody.com
422197,kibuba.com
422211,keywordblocks.com
422215,kinghub.nl
422247,kantsuu.com
422287,ketabesabz.com
422316,kmm.md
422350,koreasme.com
422386,kirricorp.net
422453,konsib.com
422651,kiyose.lg.jp
422682,kofiletech.us
422706,krik.rs
422724,kayizer.com
422793,kennarealestate.com
422865,kickuptube.com
422875,kvetena.cz
422936,knitrowan.com
422956,kaigo-postseven.com
422998,kidfurn.com
423055,kuladig.de
423075,kukuzya.ru
423104,kgadj.de
423106,krakow.travel
423122,kotiki-katakbasio-rossiiiii.com
423279,kpkuang.us
423282,kommunal.de
423307,krikey.ai
423312,kriratv.app
423321,koehler-it.eu
423478,kakijun.jp
423505,kdischool.ac.kr
423513,kolping.de
423560,kiowacountypress.net
423599,knov.nl
423640,kics.io
423733,kijangwingarden.com
423754,kush101.online
423782,kosmopizza.ru
423832,koppla.de
423914,kirelabs.org
423940,kalocdn.com
423974,kit.builders
423979,kkia.sa
423995,kwintessential.co.uk
424015,kk8088.com
424044,kirelis.ru
424068,kangaroo.vn
424253,kornit.com
424304,kreoton.com
424428,kissvk.com
424433,kingtgroup.com
424529,kurnia-toto.com
424541,krkn50.top
424564,kruk.eu
424582,kcove.live
424583,kbssi.com
424588,kasada.io
424683,kauriroom.co.nz
424712,kak-pochemy.ru
424827,kraken11at.com
424855,kimbino.de
424874,kcmicro.com
424877,kingslynn-forums.co.uk
424943,kingstonhsc.ca
425002,klangfuzzis.de
425086,kampusdunia.com
425095,kingkongpools.com
425127,kindergeld.org
425128,kettner.com
425132,kinghouse.nl
425169,kstnews.kz
425197,ktmtwins.com
425199,kitempleo.com.co
425433,koi-s.id
425437,kidsworld.ru
425441,kqs7d.cyou
425452,katabump.com
425457,krbtm.online
425466,ketnoitieudung.vn
425524,kllvx.com
425533,kr.canon
425562,kuntien.fi
425566,kmzlift.ru
425579,knowinsiders.com
425583,kent-teach.com
425584,kahvekulubu.net
425598,kbypass.com
425634,klattermusen.com
425691,kokonano.com
425703,keyweb.org
425712,khatmahapp.com
425732,koncon.nl
425750,khelmart.com
425832,kompot.si
425877,ktsh.co.kr
425940,kieranhealy.org
425977,kyotango.lg.jp
425980,kpjl.shop
426009,kumkaya.com
426019,kinokrad.pro
426080,kkoss312.com
426096,kdu.ac.lk
426213,kfy.com
426498,kptm.edu.my
426502,kidstrong.com
426508,konamigaming.com
426563,kwi.com
426567,keuk.tv
426587,kissfm.com.br
426606,kapowprimary.com
426698,keyence.eu
426777,kurer-sreda.ru
426845,kuhni-spb-49.ru
426931,kittelson.com
426943,krasmed.ru
426951,karlson-tourism.ru
426984,kolbasa.ru
427029,klara.be
427036,kaikan.co.jp
427055,kaspipay.kz
427104,ks.ru
427200,kaneza.com
427342,kasteeltuinen.nl
427377,kbpro.ru
427410,kyla.fi
427544,kota.net
427565,keilbach-gold.de
427583,kaijia-crane.com
427711,kik-info.com
427731,kanzh.com
427755,kidrock.com
427761,kgoscbsedge.com
427773,knightscope.com
427795,kingspredict.com
427811,kamuktas.com
427861,kaitao.cn
427912,khodorkovsky.ru
427954,knowfashionstyle.com
428039,kabekin.com
428081,kpmgcareers.co.uk
428132,knskazan.ru
428135,kiacovingtonpike.com
428155,kbg0dstrk.com
428217,katun.com
428225,kijimea.de
428241,kom.cc
428274,katrina-janow.pl
428289,kootstra.frl
428317,kaito.ai
428414,kyoceradome-osaka.jp
428462,kob.su
428506,kookylenja.one
428507,ksfy.com
428533,kultfilmler.net
428550,ksu.edu.kz
428604,kabelnoord.net
428646,kingyt6761.cc
428652,kadcul.com
428727,k7m2fz9u.com
428728,kidsbrandstore.se
428751,kwekerijdebelder.nl
428755,kinozaltv.life
428813,kweps.ru
428860,kmlink.com.my
428871,keep999.com
428888,kokilabenhospital.com
428966,krict.re.kr
428987,kbsm.net
429165,kamuktasexstory.com
429166,katdrama.org
429167,kisskh.or.at
429168,kkslot777uma.top
429169,kospilab.com
429170,ksa-sresults.com
429343,kando.tech
429354,krom.id
429423,karl-heupel.de
429459,kwsdose.be
429470,kollegin.de
429476,kugoo-russia.ru
429497,kgp-cdn.com
429509,kejixun.com
429518,kokulisworld.com
429538,kinoflix.tv
429609,kimchang.com
429621,kaplanpathways.com
429623,kdt.kz
429631,k12.nd.us
429667,koltsovo.ru
429740,kararara.com
429765,kelio.com
429784,kellyservices.us
429819,kaman.com
429838,kennys.de
429852,kangbola.live
429951,k2view.com
429959,kapriz.pro
429994,killingtonzone.com
430030,kinogofilm.biz
430108,kyloeinthewild.com
430117,kmpmedia.net
430140,kletel.net
430175,kerasterus-cato.com
430266,kcs.co.uk
430415,karaterec.com
430435,kicker-tippspiel.de
430476,kiyobank.co.jp
430537,kapelnicza-ot-zapoya-voronezh-1.ru
430562,knsufa.ru
430679,khonbafutbon.com
430683,kaasak.com
430722,ksat.no
430730,katholisch.at
430754,konradlorenz.edu.co
430769,kuma.art
430776,kitabat.com
430795,k-tv.org
430838,kingcenter.nl
430859,keyforcare.se
430907,ka-international.com
430908,kobelco-in.com
430909,kobelco-kenki.com
430910,kra.sk
431010,kontrolfreek.com
431021,keralavisionbroadband.online
431047,kospet.com
431059,kesarev.partners
431143,kvapem.cz
431185,knuffelwuff.co.uk
431230,kings.game
431332,kasperapis.com
431542,kampo-view.com
431562,ksmu.org
431597,karnameh.com
431607,kampeerwereld.nl
431627,k1q8x.com
431628,ka1tahsy.com
431638,ktbsoftwareweb.com
431639,kirovgma.ru
431652,kavitareader.com
431667,kq2.com
431759,keepit.com
431830,kswww.cc
431836,kasama.lg.jp
431873,krit.pro
431876,kpkcrt.com
431948,kitterman.com
431969,kemmler.de
432072,konditorhuset.no
432087,korezin.com
432156,karboom.io
432174,kinkyoutlet.com
432248,kazinoigri.com
432277,kmtrak.com
432297,kebatteryuk.com
432356,konflikty.pl
432369,kbjfree.com
432417,kapitalmarktexperten.de
432444,kaufmann.cl
432470,klick.ee
432515,kuailiantw.com.cn
432550,kocanne.shop
432560,kyfb.com
432578,kalcounty.gov
432584,kuvun.com
432607,krkr.com.ua
432624,kintetsu-g-hd.co.jp
432672,keysbrothers.co.uk
432696,kinoza.click
432771,keeway.com
432790,kobekyo.com
432797,kidblog.org
432807,khdatabase.com
432850,kd2.org
432851,kev-fans.de
432875,klubschule.ch
432896,kolamsofindia.com
432898,khfgjkd389d.com
432937,kasperskylabs.org
432974,kellysthoughtsonthings.com
432984,kaffe-clothing.com
433024,kkt666.com
433031,korrespondenzmanager.it
433069,konserthuset.se
433092,knownorigin.io
433099,kukmara.com
433336,kroeswang.at
433556,ksi.ru
433592,kwt.market
433618,kelatv.cc
433720,kavat.com
433739,kyrkanstidning.se
433822,kurumatabi.com
433823,komos.ru
433845,keyzarjewelry.com
433851,kirito.vip
434092,keepon.com.tw
434120,kramesonline.com
434203,khao-lak-magazine.com
434237,k-cix.de
434275,kindahardgolf.com
434299,kaptionai.com
434301,kikki-k.com
434323,kollega.se
434328,kymco.com
434358,knife.cz
434409,k-array.com
434419,kc-nsk.ru
434441,krainaekozabawek.pl
434479,kilat.jp
434484,kaiserchina.com
434636,kibidango.com
434656,kfe0mn.ru
434658,kingroyal-giris.net
434712,kurbelix.de
434720,keo.su
434758,kelimetre.com
434763,kotorica.net
434791,kokoistusa.com
434795,korvet.su
434817,knltb.club
434829,khyks.com
434830,kensatsu.go.jp
434928,kaldix.com
434933,keenfinity-group.com
434955,kentishfootball.co.uk
434959,kapital-webshop.jp
434973,kolomnagrad.ru
434983,ke-s.cc
435011,kvg-kiel.de
435070,koofang.com
435095,kavalanwhisky.com
435104,koda.gov.ua
435213,kf-idc.com
435249,kapelnicza-ot-pokhmelya-voronezh-4.ru
435258,kodinkuvalehti.fi
435291,konectate.co
435302,kapdesk.com
435330,kingpet.uk
435337,kinomax.study
435356,kpi.org
435415,kwater.or.kr
435438,kotoden.co.jp
435586,konar.ru
435809,keynest.com
435842,kimroy-photography.co.uk
435854,k8zpt4ly.com
435921,kivismart.kiev.ua
435952,kiromarble.com
435963,keyence.de
435969,klmburst.com
436028,kongcasino.com
436029,kom6.live
436054,kcam.xyz
436063,keyhanrayaneh.ir
436095,ktmgh.com
436161,krutilvertel.com
436162,k8v4dh4.app
436165,kabeldeutschland.de
436201,kcstar.com
436248,kidswb.com
436291,kuhada.hr
436332,knauf.it
436370,kapoorwatch.com
436426,kioti.com
436433,kuilace.com.cn
436457,kenssewingcenter.com
436466,kinogo-net.top
436506,knskrsk.ru
436572,kabinetika.ru
436605,kuruma-no.com
436623,kaifauto.com.ua
436624,kakijun.com
436625,kakvapteke.by
436692,kitanonton2.buzz
436709,kobiety-kobietom.com
436785,kualalumpurhotels.net
436860,kadikama.space
436878,kushkaz.online
436912,kasut.org
436950,kaisa-laajakaista.fi
436953,kathuri.com
436981,kingroyalerisimiorg.icu
436989,kawasaki.co.uk
437109,kibercar.com
437155,kiltmaster.com
437180,karbon.com
437187,kufc.co.jp
437287,kryptomagazin.sk
437337,kanzongyi.cc
437364,keyword.com
437447,keymachine.pro
437548,kingchance.com
437551,koelner-spezial.de
437554,ketchep.ai
437558,kerkomroep.nl
437575,kuluttajariita.fi
437649,kino-zek.com
437662,kocatepegazetesi.com
437718,kotinet.com
437742,kpopofficial.com
437819,kotofey.ru
437847,kokuyostore.com
437969,kasvo.cz
437992,kingbokep.vu
438005,konjiki.jp
438020,keyrock.com
438048,khalidmasood.com
438057,klz9.com
438073,kaoshibao.com
438088,kinogo.win
438095,kobelcosys.co.jp
438160,kidsdeco.nl
438170,kayofthejungle.com
438184,korseries.com
438203,kameleonnijmegen.nl
438268,krivodelivery.com
438289,kpjdhaka.com
438310,kawaii520.icu
438311,kuriositas.com
438342,knowledgeworker.com
438412,kkrreit.com
438454,kgmat-collectivite.com
438509,kirsovo.win
438511,kadokawa.com.tw
438512,kai-shin.tw
438516,katror.info
438523,kanapix.com
438596,komnatakvest.ru
438634,kazangmu.ru
438675,komodor.com
438690,keepernet.com
438726,komuslugi-dn.ru
438748,khuisf.ac.ir
438774,kabukiso.com
438849,kursliv.org
438914,kimcorealty.com
438928,kanadoll.com
438936,klink.pl
438943,kanden.ne.jp
438998,kmcmail.net
439042,karaokevecherinka.ru
439076,kapelnicza-ot-pokhmelya-voronezh-7.ru
439117,keller.com
439121,kcstarlight.com
439126,katefarms.com
439136,kingdom-the-movie.jp
439158,kazan.ru
439300,karaokekan.jp
439366,kotaradio.com
439468,kultureshock.net
439505,kenai.com
439577,kr-karlovarsky.cz
439588,keelvar.app
439625,krupion.de
439732,k4connect.com
439768,kubekings.com
439787,klpga.co.kr
439822,khoda.gov.ua
439850,knitpro.eu
439876,kitz.co.jp
439889,kiryatono.muni.il
439949,kahveduragi.com.tr
439953,kirchenjahr-evangelisch.de
439957,kids-shops.com
440117,kenzai.fr
440147,kosovalisaat.com
440161,know-you-can.be
440202,kotlin.network
440222,kvpn.app
440268,kumulusvape.fr
440337,kraussmaffei.com
440371,kobe-oukoku.com
440450,kahalamgmt.com
440508,kaxi6.com
440510,kaopiz.com
440517,kozut.hu
440525,kotisivukone.fi
440526,kaufland-ecommerce.com
440589,keraton4d.store
440684,knoll-steuer.com
440701,kohler.ca
440773,kluchialt.ru
440796,kasasa.com
440810,kwrealty.com
440812,kodexglobal.com
440835,keuf.net
440853,kfh.co.uk
440855,kmb3.ru
440859,koinbx.com
440895,klimavorteil.de
440962,koselugosavings.com
441025,kof.com.mx
441041,kshsaa.org
441071,korsavto.ru
441073,kiel-sailing-city.de
441108,kuraray.co.jp
441133,krajskelisty.cz
441146,kinogo.net
441189,knob.ch
441214,katstat.ru
441219,krossovkivsem.online
441307,kevinmarshallonline.com
441315,knomary.dev
441318,karakoyelektronik.com
441320,kealabs.ru
441328,kashispace.com
441338,kochwiki.org
441371,kodiak.ai
441488,kentwa.gov
441601,kraneshares.com
441629,kovshenin.com
441672,kalamullah.com
441675,keyelco.com
441682,kewo.win
441693,kpmg.com.cn
441700,ketoananpha.vn
441747,kenteken.tv
441799,kidscape.org.uk
441824,kripos.no
441896,kat.cr
442050,koffiehenk.nl
442069,keyoptimize.com
442087,kamk.fi
442103,kinonavigator.ru
442121,kazz24.fun
442202,kushcargo.com
442241,kanoonnews.ir
442299,kapumatrimony.com
442409,kataoka.com
442499,keyakizaka46matomemory.net
442591,kosova-sot.info
442664,karls-shop.de
442699,koktejl.cz
442717,kosht.media
442721,kkb.co.jp
442860,kingroyal-online.com
442893,kakoy-kotel.ru
443021,kyusai.co.jp
443131,kokubu.co.jp
443191,keuka.edu
443210,kurashiki-tabi.jp
443309,kaixinfiber.com
443310,korona.ru
443322,katori.lg.jp
443323,kolejedolnoslaskie.pl
443338,kssk.ru
443353,k33.com
443490,kushcaz.online
443548,kalyanchik.ua
443555,kosmetikinstitut-milla.de
443570,kush33.online
443627,kisikatesakademi.com.tr
443758,kingworld.nl
443827,kcbx.org
443851,kiwi6.com
443884,kristiana.lt
443894,kinoflud.ru
443911,krempl.com
443978,kfzteile.com
443979,kitchentime.se
443994,kramatorskpost.com
444014,konfeo.com
444058,kolon.com
444081,krakenlink.cc
444085,keramika-na-dom.ru
444092,kfccdn.cc
444101,kaktusmedya.com
444102,knett.no
444122,komora-hiperbaryczna.eu
444137,karviservices.fr
444143,koowo.com
444209,kotawaringinbaratkab.go.id
444262,kobweb.net
444269,kiefer-wein.de
444272,kazabulmartinique.com
444306,kualalumpurshotels.com
444370,kochmedia.com
444396,kentuckykingdom.com
444446,karryon.com.au
444453,klim.co.nz
444536,konsew.co.uk
444570,kz-rv.com
444603,kalibrr.id
444656,knorrweb.com
444707,kamuy-anime.com
444718,kcua.ac.jp
444760,kabelsalat.ch
444782,kineticweb.au
444847,kirkkojakaupunki.fi
444981,katohika.gr
444993,kappahobby.com
445086,klimatycznaedukacja.pl
445124,kolscan.io
445130,kelas17.guru
445259,kuy4dvax.space
445277,kluweriplaw.com
445296,kamakoti.org
445328,kanzaki.com
445333,komionline.ru
445343,kpd.digital
445358,kush31.online
445378,ktnews.com
445466,konftel.com
445566,kiddieland.com.hk
445594,keumyang.com
445628,kupivsp.ru
445644,kissimge1.site
445657,kurogames-global.com
445658,kincony.com
445701,klima-agence.lu
445712,kroatien-nachrichten.de
445728,kinoluch.ru
445801,khoraksupermarket.com
445806,khscb.cz
445808,kinkbook.com
445832,khelomore.com
445855,kobiline.com
445863,kieser.com
445870,kyoto-station-building.co.jp
445899,knightwebservices.com
446051,kisoji.co.jp
446076,kyrie5spongebob.us
446095,krebs-praedisposition.de
446120,kamball.ru
446137,kidsbrandstore.de
446169,karat.io
446190,kalkstore.com
446247,klm.fr
446274,knownlyx.com
446302,ktk-ip.de
446348,kto-chto-gde.ru
446394,kickasstorrents.cc
446421,krinosdesign.com
446427,kidshealth.org.nz
446448,kingpoint.nl
446457,kitedanmark.dk
446460,katalystdm.com
446488,kheotay.com.vn
446510,kapiert.de
446511,keychron.de
446521,k7.game
446524,kanadevia.com
446576,kinoserial.online
446614,kslx.com
446673,karzino-connected.com
446696,kaida-fish.ru
446724,kwplwshje.com
446762,kiteonsky.com
446778,klosi.com
446841,kidoriman.com
446889,kabrita.ru
446957,kilkennydesign.com
446973,kinderpedia.co
446978,king2cam.com
447012,kobebasketballshoes.net
447110,kryptocasinos.com
447173,kswwj0.vip
447202,kommutator.net
447211,kommunalforum.de
447219,ketabejam.com
447224,korio.fr
447279,karambasecurity.com
447297,k7ad8sv6bx8c1a7zwd2-01.top
447367,k13agenciaweb.com.br
447411,kom.com.tr
447436,kingladybeauty.com
447442,kentuckypress.com
447529,kaoyan365.cn
447557,khatricreations.com
447570,krsong.com
447576,kiwa.nl
447610,kutahya.bel.tr
447661,knightanddaygames.com
447804,kungsbacka.se
447824,knowseafood.com
447848,kuantero.com
447874,kidanet.com.fj
448037,konstella.com
448064,komatsuairport.jp
448066,kezekte.kz
448084,kub24hd.net
448087,kiokii.com
448126,khelkaro.net
448178,klokantech.com
448197,kohsantepheapdaily.com.kh
448210,klauke.com
448253,kia.gov.tw
448292,kbr.id
448308,koyadong.net
448336,kapowmeggings.co.uk
448382,ktmmobile.com
448474,kintera.com
448489,kintex.com
448562,kdiscont.ru
448577,kostenlose-urteile.de
448616,kinedomicile57.fr
448644,kumamon-land.jp
448726,kryptonescort.com
448744,kursy-seo-12.ru
448801,kaitesai.com
448865,kisnet1.net
448916,kilometre-0.fr
448922,kidzonet.io
448933,kioskmarketplace.com
449007,kochform.de
449034,koodak.com.au
449094,kyotohotelsjapan.net
449144,kreuzfahrten-zentrale.de
449202,kraken-shop-darknet.com
449238,kerastase.com
449262,kashqol.com
449280,koha.es
449293,kfai.org
449370,kettelerhof.de
449413,kirja.fi
449418,knooply.online
449419,kraftauctions.com
449426,kannammacooks.com
449459,kolabsys.net
449463,kyoeikasai.co.jp
449510,krews.org
449562,kickbase.com
449642,kdy.ch
449648,kanademono.design
449670,kwai-cut.com
449677,kfrr.kz
449807,kma.biz
449826,kbw.casino
449865,kth.pro
449895,kodixauto.ru
449942,kuliahkaryawan.co.id
449955,konto-testsieger.de
449960,kipandco.com.au
449975,kasynapolskaonline.com
450063,kenzlaurenz.com
450088,kazinoazov.net
450124,kuailian-eln.com.cn
450250,kazinotop2026.fun
450290,kuaivian.com.cn
450322,kaize.io
450355,ktf.kz
450367,kokosil.net
450396,kingdomdeath.com
450405,kinto.co.jp
450418,kci.net
450433,kfc.com.ph
450448,kkyyg.com
450456,kingtutone.com
450465,krug.com
450467,kraftmusic.com
450505,kyukyo-u.ac.jp
450630,krsu.edu.kg
450647,kajotgames.com
450650,kaseyaquotemanager.com
450668,kyash.co
450708,khosroprtgswreqetdgsrrpi-esoiiisolfinwfsksjvwu-urishklfduiwoeii.info
450722,kingpet.fr
450727,kino-besplatno.com
450751,kebony.com
450803,kilnhg.com
450969,kutno.net.pl
450976,kuebler-sport.de
450981,kai-lian.com.cn
451020,kizeo.com
451227,koukladelights.com
451234,katalikai.lt
451313,koljastrohm-games.com
451332,kinderzeitmaschine.de
451358,kosaraby.com
451369,kunstversicherung.de
451399,kuncevo-parts.ru
451491,kidok.com
451492,kavu.com
451617,kaluga24.tv
451662,kharon.com
451696,kinderweltreise.de
451735,koka.ac.jp
451828,kammamatrimony.com
451897,karkom.de
451949,k-uno.co.jp
451979,knative.dev
452053,kicket.com
452186,kartenabrechnung.de
452221,kriacao.pt
452235,karaoketexty.sk
452261,kilasod.com
452291,knowridge.com
452379,kupitpravag.com
452397,kinokiste.club
452425,klavkarr.com
452537,kickdown.com
452539,kogia.or.kr
452549,krutonium.ca
452574,knickersboxersglory.com
452593,kenttv.net
452603,kqgfbs.com
452617,kolijitter.com
452633,kaku-scdn.com
452783,kuhni-spb-60.ru
452820,kyogei.co.jp
452827,kendalltoyota.com
452864,kt250.com
452871,kartabita.ru
452875,knixteen.com
452889,khidma28.tv
452898,kajot.cz
452971,kinderdijk.nl
452978,kokuyo-furniture.co.jp
453032,klipper3d.org
453044,kujten.com
453070,kattanam.com
453076,kellymadisonmedia.com
453089,ksipt.ru
453124,khv.wtf
453137,kokaqueen.com
453141,kustomrama.com
453157,kl.dk
453165,koyasan.or.jp
453180,kommunal.se
453227,koifootwear.com
453265,kowalskis.com
453276,kitchenshop.ro
453356,khumbanode.top
453367,katrinelund.dk
453411,kures.co
453459,kinderart.com
453564,khgames.co.kr
453605,kingchoice.me
453620,kbookstore.com
453663,koshin-ltd.jp
453730,kontech.ru
453745,ktslaw.com
453750,kingeshop.com
453771,konto-360-grad.de
453812,katzen-forum.de
453829,kusbxhewkg.click
453857,kulaiian.com.cn
453900,konspekta.net
453901,krimparts.ru
453955,kamheric.win
454083,kazanriviera.ru
454114,kimter.com
454174,komun.org
454206,kode.link
454208,knihi.com
454224,kadince.com
454272,kinoroliks.ru
454276,kefairport.com
454285,kartek.com
454301,kartoteka.news
454360,kinrossgold.com
454491,kick-or-die.ru
454495,kost.ru
454532,kvoe.com
454616,keepcalling.net
454632,koganei.lg.jp
454666,konyayenigun.com
454670,kinkos.co.jp
454678,ktaiwork.jp
454722,kaitori-world.jp
454751,kocaelibarisgazetesi.com
454822,kwhotel.com
454835,kawasaki-sym-hall.jp
454837,kwconnect.com
454850,ksmg.com.cn
454863,kidssundayschool.com
454923,klassika.info
454948,kamnavylet.sk
455018,knitwears.pics
455112,klein-putz.net
455158,kramerlevin.com
455170,k-keyvia.com
455255,ktdateas.com
455292,kollywoodzone.com
455366,kom.cz
455416,kde-services.net
455456,kyb.com
455506,kiasandusky.com
455541,kenanga.com.my
455552,kaffee-tour.de
455574,kasumori-oshimura.com
455577,katwarn.de
455627,kpmg.at
455628,ksedt.com
455629,kvhs-donnersbergkreis.de
455677,kyrf.shop
455680,ksenonitok.click
455692,kuitlian.com.cn
455705,kpedia.jp
455709,ks21.net
455816,ktcplay.com
455819,kinobar.one
455861,kspmotor.com
455955,kytary.com
455956,kaufvergleich.com
456137,kingpalm.com
456142,kidslitreview.com
456149,kimi.link
456166,kpnet.fi
456305,kinotrap.com
456322,kpo.kz
456429,kora-plus.li
456451,koora-goal.online
456465,kunastores.com
456485,kaur2010.ru
456582,keblog.it
456631,kavpolit.com
456707,kaonmedia.com
456779,kosmickitchen.eu
456832,krapka.cz
456833,kitkingcloud.com
456852,koboldpress.com
456868,karlundfaber.de
456869,krug-shar.ru
456918,krebsdaten.de
457008,kcata.org
457015,kaftanize.com
457052,kickasst.net
457131,knibble.nl
457154,kettleandfire.com
457156,kzntransport.gov.za
457176,kqs.pl
457184,keyboardtester.com
457194,kapetanis.com
457201,kdl-test.ru
457231,kochi.co.in
457322,kayouofficial.com
457388,kulasang.net
457482,kooora.cloud
457528,kingshotwiki.com
457530,kanalfrederikshavn.dk
457545,kotm.org
457565,knutd.com.ua
457570,kosharehistory.org
457645,kolca-pomolvka-msk.ru
457746,konzerthaus-dortmund.de
457753,khust.com
457768,kakudai.jp
457790,karatedo.co.jp
457961,ktmpowershop.de
457963,kursksu.net
458045,klavierbauer.de
458049,kas-dns-service.de
458051,katherineland.com.au
458095,krizic.eu
458126,koscian.net
458211,kimbino.fr
458227,kolejeslaskie.pl
458258,kookai.us
458260,kirova.biz
458299,kakuros.com
458319,ksjcn232.top
458496,knukim.edu.ua
458526,kiesraad.nl
458651,kabeldirect.nl
458671,kingofsat.eu
458686,kmle.co.kr
458725,kirovsky.ru
458755,knzb.nl
458793,kicksmaniac.com
458807,kdweibo.cn
458851,kreis-offenbach.de
458869,klinikum-braunschweig.de
458893,keepcool.fr
458899,kuwen.com
458922,khokhovest.co.za
458930,kind.social
458946,kanal3.com.tr
458956,krausefx.com
458985,kittlerealestate.com
459026,kondomeriet.no
459033,kecsup.hu
459154,kuzmich-el.ru
459261,krumm-performance.de
459326,kingroyal-hizli.vip
459334,koigawang.com
459344,kupiumno.com
459352,konstanz-info.com
459366,kktc.net
459404,kk888win.com
459477,koscierski.info
459488,kadoya.com
459537,kelseys.ca
459541,komagene.com.tr
459548,krkn-game.com
459550,key-bone.com
459597,karandash.by
459614,klasswagen.com
459620,koekisha.co.jp
459671,kinyobi.co.jp
459704,kushi-ya.com
459713,ketquabongda.com
459728,kamihomeskins.com.au
459772,kochenausliebe.com
459776,kedplasma.us
459785,knnidiomas.com.br
459965,ktv.co.jp
460009,krishnatemple.com
460022,kodeksy.com.ua
460029,kupistul.ua
460071,kutopeka.com
460083,klink.co.jp
460119,kebello.com
460207,kieslect.top
460209,kreditniyadvokat.ru
460214,kakhiel.nl
460262,kaiyodo.co.jp
460301,kadinguzelligi.com
460396,kibito-corporation.jp
460412,kaufcan.com
460459,kebs.org
460465,kotimaa.fi
460490,keller-pressure.com
460542,kaartist.com
460569,kunstkopie.nl
460589,kampeermeneer.nl
460707,kleberli.de
460722,kdu.edu.ua
460762,kidsbookstoreindia.com
460966,kifaru.net
460987,kunstmarkt.com
461043,kukoonrugs.com
461075,kcp.pl
461091,kafetogel.net
461185,knoxcountytn.gov
461211,koh.com
461325,krn28clht4.com
461333,klever.io
461356,knowmedge.com
461364,kikiparts.com
461372,kaitiancloud.com
461425,kjwcxphzli.net
461453,krkmusic.com
461513,karmaandluck.com
461521,knu-systems.net
461570,kikoauctions.com
461572,kaleidoscreen.co.uk
461730,kejeo.fr
461761,krus.gov.pl
461787,kleschoolsolapur.com
461818,keystonesymposia.org
461889,klyver.cfd
461911,kurirfungame777.co
461983,kntr.ir
462023,kohakuhifuka.com
462037,kkorworkflowfunds.com
462047,katkin.com
462053,kgilife.com.tw
462093,komo.ai
462137,koscdf.org
462175,kraken-in-dark.com
462199,kliinik.ee
462251,kraken-in.com
462281,kingprice.co.za
462282,kkr.gov.my
462353,kaikatsu-job.net
462499,kansascrimson.com
462598,kufura.jp
462627,koenig.ru
462725,kinogo.fm
462767,kitano-hp.or.jp
462787,keepidea.net
462789,kyototo.net
462790,kanuunacasinos.com
462802,karafun.fr
462832,kawasaki-bravethunders.com
462877,kush-vault.com
462891,khlaasa.net
462943,kwizmi.com
462953,kaskusarea.com
462979,kelkoo.es
463002,kom-dir.ru
463049,kkairsoft.com
463126,kpmguscareers.com
463187,kalismabijoux.com
463199,kotsukaikan.co.jp
463231,koryogroup.com
463236,kaiser-elektro.de
463254,kcitechnology.com
463261,koreader.rocks
463272,kingsoffreight.com
463326,kinoroll.com
463328,kc2qw7.com
463338,kousf.com
463371,kobesneakers.com
463387,kspo.or.kr
463390,krknews.pl
463505,kenabikri.com
463556,keymetric.net
463625,kingjoyusa.com
463640,kadrof.ru
463674,kitsilanohosting.com
463679,kinofilm.vin
463695,keiyaku-watch.jp
463709,kokode.jp
463722,kwety.net
463732,kwsnforum.com
463739,klop6tas.com
463854,koubry.com
463870,kauflandglobalmarketplace.com
463889,kelsostore.it
463915,kaisercraft.com.au
464056,kosmohubeq.space
464058,kuverts24.at
464128,kino-ok23.art
464135,kompasinwestycji.pl
464159,kino-ok10.mom
464203,kuponykoszyk.pl
464221,kirill-vorotov.com
464320,kampusakademik.co.id
464343,konecta.it
464394,krolestwotytoniu.pl
464437,komfortvl.ru
464525,kvk.co.jp
464573,kognity.com
464725,kartverket.cloud
464747,karies.de
464853,kayraendustri.com.tr
464858,kingdomsofheckfire.com
464861,kameny.pl
464894,kyleadamblair.com
464952,kozbeszerzes.hu
465022,kcs.ac.rs
465067,kamchatinfo.com
465107,kalitegaz.com
465118,kbkslot.club
465165,king-pco.com
465185,kakindustry.com
465215,kniwwelino.lu
465264,keukenliefde.nl
465318,kemm.de
465356,kidskonnect.cloud
465363,klantkompas.com
465366,knightworld.co.uk
465393,keonhacai95.com
465469,kanzleidrive.de
465480,krekom.si
465491,kantartns.lt
465524,kainuunsanomat.fi
465531,kubuku.id
465645,krafman.se
465669,kposlifestyle.design
465696,kyregistry.ky
465758,karuizawa-kankokyokai.jp
465832,keepsecured.net
465913,kyoshoamerica.com
465923,kmxsrvs.io
465949,kernsheriff.org
466125,klever.net
466193,kiaofportcharlotte.com
466239,klinikpintar.id
466253,kokektv.com
466277,konan-wu.ac.jp
466288,kurbo.com
466290,kuriyama-truck.com
466311,karza.in
466328,kzameeza.com
466357,kogyotsushin.com
466364,klub-outside.com
466509,kamo-uniforma.ru
466546,kantenpp.co.jp
466681,korolev.ru
466728,kenyt.ai
466822,kissht.com
466869,kyodo-west.co.jp
466936,kiyiemniyeti.gov.tr
466950,karatz.jp
466954,knowtechie.co.uk
466966,kttuishu.com
466982,kinoplan.tech
467086,kishiwada.lg.jp
467089,kelkoo.fr
467150,knopka.kz
467202,kclu.org
467230,kvbb.de
467282,kingsfinalboss.co.uk
467339,konsumentenecho.de
467352,kaldewei.de
467464,kaffek.de
467587,komunikasi.gov.my
467626,kmhesaplama.com
467627,kennyexport.cl
467632,knowmenuprices.com
467818,kurobe-dam.com
467894,kyivmaps.com
467943,kocuce.com
467969,kacnet.co.kr
468035,kochenmituns.com
468058,kefaloniapress.gr
468063,kbki.ru
468121,kelasmasakini.id
468200,kdcnu.com
468265,komoot.it
468367,ks-miaomu.com
468391,krenzer.space
468401,k12system.com
468405,karlobag.eu
468415,knuffelwuff.de
468436,kapelnicza-ot-pokhmelya-voronezh-8.ru
468475,kingsresearch.com
468476,kioxia-holdings.com
468519,kuins.ac.jp
468595,ktalpha.com
468697,k1t.kr
468782,kirche-mv.de
468867,kw1c.nl
468926,kanebo.com
468985,kayz.com.tr
469005,kentei-uketsuke.com
469021,kolesatyt.ru
469046,kostroma.today
469106,kristall-net.ru
469131,kutnahora.cz
469138,kingdomain.de
469140,karaca.co.uk
469205,kruchiangrai.net
469271,kanagawabank.co.jp
469279,kiwaradio.com
469319,kouenirai.com
469336,kinect.co.nz
469383,kutaitimurkab.go.id
469427,kariera.mk
469621,king88-legit.online
469644,kelacyber.com
469700,kirtasiyeciamca.com
469715,kathyinformationwhether.com
469755,krgr.us
469770,kagiso.io
469833,kasm.com
469893,kspag.de
469945,kamo-kurage.jp
469985,kofu-angel.net
470014,keralaayurveda.com
470129,kjdxingju.com
470137,krpa-paper.cz
470150,kingsroadmerch.com
470267,kidsnote.com
470321,kfmradio.com
470353,kgts.ru
470398,kingwood.com
470459,k-asap.com
470522,krifa.dk
470634,kpshijie.com
470636,kccworld.co.kr
470670,kartelkomi.ru
470675,klima.pt
470677,ketua10dua.com
470760,kilmezedu.ru
470775,kyokyo-u.ac.jp
470781,kguardsecurity.com
470821,knock-ai.com
470834,keralavisionbroadband.in
470860,kicentral.com
470902,krmedia.hr
470911,khelraja.com
470932,kodlogy.com
471081,koldfront.dk
471127,kidstuff.com.au
471129,kundenservice360.de
471148,kalemtayeb.com
471220,kisacikurl777.com
471252,kodomo-qq.jp
471260,killeentexas.gov
471320,koooracitylive.com
471383,kwikkiangie.ac.id
471410,kingscorrespondent.co.uk
471482,kmun.de
471491,kseriesparts.com
471516,kuechenstuebchen.de
471520,kubookstore.com
471581,kujbd.com
471592,kontrolnaya-rabota.ru
471609,kaotisk-hund.com
471673,kmr.gov.ua
471777,kneplerdrivingschool.com
471781,kagl.me
471819,kungfutea.com
471858,kengarff.com
471875,kitabosunnat.com
471895,kernel.hu
472018,kyivschina24.com
472098,komatsu.co.jp
472142,kjellmannhome.no
472167,kinokadr.ru
472193,kernelsu.org
472265,kokerycity.xyz
472277,kyarucloud.moe
472290,krl.co.id
472330,kataeb.org
472331,kiwilandingpad.com
472371,kvazarmotors.ru
472386,koxiquw.com
472434,kenya-eta.info
472455,konguvellalarmatrimony.com
472527,kppzp.pl
472585,ksfe.com
472718,kissgroup.io
472736,kz-imei.kz
472768,kduniv.ac.kr
472769,knownplants.com
472892,kelvelo.com
472910,knots3d.com
472915,kontakti.lv
473000,kapelnica-ot-zapoya-tyumen0.ru
473072,kildalemarine.co.uk
473076,karismasemutwin.com
473084,kapelnica-ot-zapoya-irkutsk.ru
473125,kontornewmedia.com
473182,kragaz.ru
473187,kra100.com
473204,ketnooi.com
473262,kolor.com
473377,kierratyskeskus.fi
473392,kukbuk.pl
473404,keen.tech
473491,kosmetikfuchs.de
473510,kpchp.org
473513,kinaun.com
473580,kill-kenny.com
473637,knockshrine.ie
473642,kvan.tech
473708,kereta-api.co.id
473729,kmhtravel.com
473749,kolayik.com
473757,kipling.org.uk
473820,kontranews.gr
473852,kultmopeds.de
473864,komoro.lg.jp
473889,kev009.com
473911,krishakjagat.org
473976,kinderopvang-werkt.nl
473983,kooracademy.com
474019,knife-depot.com
474025,kfpl.ca
474061,kahedu.edu.in
474122,kurzfilmtage.de
474210,kakiyasuhonten.co.jp
474216,kmpgroup.ru
474223,knowitall.org
474337,kulturhaus.co.uk
474339,karel.net.tr
474369,kreis-ahrweiler.de
474370,kast.xyz
474524,kstn.kz
474548,kaishustory.com
474586,kchcomunicacion.com
474625,kcn.ac.kr
474634,kedaimesin.cc
474659,ktozvonil.net
474670,kd-services.de
474752,kalender-365.eu
474835,kazanci.com.tr
474842,keuze.nl
474881,knu.kg
474999,kangarooapis.com
475065,kutikomi.com
475116,kunsthalle-bremen.de
475141,k68cne.com
475155,kinnstudio.com
475239,koko-hotels.com
475247,kauainownews.com
475248,koalacloth-au.com
475256,kroschke.de
475291,koififa.com
475302,kooramonde.live
475342,kiper.com.br
475506,kongu.edu
475559,kockashop.sk
475564,kisssfinder.com
475599,kokoshop.eu
475673,kplintl.com
475703,korporasi.email
475737,katerblue.com
475835,kipling.com.br
475855,kanuuna.com
475919,kxs8h2.com
475965,kyiv24.news
476011,karetbesi.com
476060,kingecg.top
476158,kotkali.ru
476184,kcloud102.net
476210,kamogawa.lg.jp
476285,kapelnicza-ot-zapoya-kalyazin.ru
476294,keanmiller.com
476315,knightrideronline.com
476326,kss78.ru
476418,kidsracing.co.uk
476446,kii.com
476453,kyxel-win.site
476458,kwickpos.com
476482,kingworldhotels.com
476517,kym.com
476521,kreditos.ru
476530,kool.to
476540,kcis.or.kr
476633,kuaish.com
476639,kcm.fm
476666,kestrelmeters.com
476690,kuncevo-motors.ru
476748,kompakt.fm
476818,kih.co.jp
476820,kjnxghhaw.com
476838,konzeptrezept.de
476850,kankocho.jp
476877,kickup.co
476885,kravitz.io
476909,kineticsnoise.com
476911,khk.or.jp
477059,kuvio.io
477078,kasynos.online
477170,kwd.kr
477198,kikirara.jp
477201,knowvawdata.com
477347,kapous.ru
477356,katespade.com.au
477361,kasastefczyka.pl
477369,kasikornsecurities.com
477371,kill-tilt.fr
477407,kawaii-limited.com
477472,kananas.com
477508,koi800.us
477515,kolnet.eu
477554,kreativgewerbe.de
477573,keji.io
477588,kolding.dk
477605,kbeautyworld.com
477649,kabeen.io
477668,kd-pic6669.com
477743,kbb.ru
477790,kansasauctions.net
477808,kemerovo.ru
477829,kexiaoyun.cn
477831,kantesti.net
477844,kvantservice.com
477854,kaalama.org
477895,koroshishop.com
477992,kvtestsite.com
478007,kilcoyart.org.au
478085,kakereco.com
478108,kofons.or.kr
478228,keluaranhongkong.info
478229,ketqua10.net
478230,kickbd.com
478231,koidisini.us
478232,koora-lives.watch
478233,koora24.space
478234,koraa.top
478324,kajida.net
478414,kitsapgov.com
478435,kuh.ac.kr
478454,katowice24.info
478455,kud29yzzn.com
478463,kaunokolegija.lt
478493,kuninganmass.com
478605,kraken-in-darknet.com
478619,kuroutoshikou.com
478681,kitsinianjewelers.com
478702,karnobat.net
478707,kaufmanhall.com
478890,kkm.center
479015,kanalkalimantan.com
479039,katesomerville.com
479053,kingroyal-bonusday.icu
479070,kurganmotorsports.com
479072,kblife.co.kr
479079,kvartirant.ru
479089,kravemart.com
479183,khakassia.ru
479233,krsw-wiki.in
479346,kooracitty.com
479412,kmk688.com
479445,kissconnect.net
479521,kabegamikan.com
479549,koelner-vhs.de
479556,kwtiles.com.au
479580,kbu.ac.jp
479632,krioft.com
479668,klingel.nl
479709,kindly.ai
479748,kiwla.com
479788,kapelnicza-ot-pokhmelya-ekaterinburg.ru
479834,kawasaki.es
479860,ktckts.com
479913,kahler-i-tivoli.com
479953,kaxhelmet.com
480005,knoxpages.com
480012,kingagro.com.ar
480031,kelownahomesweethome.com
480039,kompare.hr
480056,kiyoko.ca
480204,kazi.gr
480244,kalibrate.com
480262,kogqn6sxet.cfd
480274,kcg.go.kr
480306,kiaofgreenville.com
480410,khromova-olga.ru
480554,kexded.com
480606,kktour.com.hk
480661,klnptruu.space
480674,kejarcita.id
480681,kelus-ximi.store
480766,konselingmandalawaluya.ac.id
480817,karaopa2.ru
480843,karriere.de
480885,kanalservis.ru
480900,kepmas.hu
480909,kevlarhosting.biz
480910,kabluki.ru
480918,kafka.pk
480926,kakaakowine.com
481017,kabirsprep.com
481083,krasavica.info
481132,ksworks.ru
481150,kr0.io
481265,kickasstorrents.id
481299,ktb.com.tw
481321,kanteikyoku.jp
481335,kingessays.com
481469,kreis-olpe.de
481490,kobe-orientalhotel.co.jp
481608,koprez.com
481635,kawamura-nc.com
481668,kobie.io
481725,kbbet.games
481774,karaoke-versie.nl
481786,ka555m5.com
481815,kingsdominion.com
481953,ks5u.com
481976,kazansoft.ru
482052,koalanet.ne.jp
482096,koffiekompaan.nl
482195,kawasaki.ca
482208,kurortix.ru
482225,kinoger.fun
482248,kuendigung.org
482273,kuchenland.kz
482277,kps-payment.de
482313,kiley-japan.com
482383,kanzler-vt.com
482386,kibarholding.com
483081,k666.com
483082,kageherostudio.com
483083,kaijosearch.com
483084,kakaostyle.com
483085,kamitake.net
483086,kanliao15.org
483087,kasemedesign.ca
483088,kawanfilm21.co
483089,kawasakipartshouse.com
483090,kawasakipartswarehouse.com
483091,keanscm.ie
483092,keenfootwear.ca
483093,kelsius.com
483094,ketoko.co.id
483095,kettlewellcolours.com
483096,khokhoahoc.org
483097,kia-motors.pl
483098,kiandigital.com
483099,kickassproducts.com.au
483100,kickavenue.com
483101,kilid.com
483102,kimidori.es
483103,kinoger.com
483104,kipling.cl
483105,kitele.com
483106,kjc20250.com
483107,kjxb.org
483108,kkst.kr
483109,klarstein.co.uk
483110,klassy.com.bd
483111,klikindogrosir.com
483112,km717.com
483113,knowyourpeople.co.uk
483114,kobas.co.uk
483115,kognic.com
483116,kolhalashon.com
483117,komerce.id
483118,komikzoid.id
483119,komodaa.com
483120,komunic.net
483121,konektapremium.net
483122,kontrolatachometru.cz
483123,kpqq4.com
483124,krazycaterpillar.com
483125,krece.app
483126,krez.bg
483127,kruzer.io
483128,kufirc.com
483129,kvnp.top
483130,kwayisi.org
483960,kamolhospital.com
483962,keyinfo.co.za
483995,kiaofwaldorf.com
483998,koernerbude.de
484017,kis-static.finance
484099,kr-cpd.pl
484114,kalyamalya.ru
484124,kinogo-film.my
484125,kajotintacto.sk
484140,kaspernsky.com
484206,kgkr.ru
484238,kdatasystems.net
484317,koreantopik.com
484318,kyotographie.jp
484330,kazanabilirsin.com
484370,kigaroo.de
484379,katporn.com
484397,khuyqhhi.com
484416,ktam.co.th
484442,katapy.io
484470,ktzholding.ru
484478,kellimcknight.com
484641,koroskenovice.si
484720,karnovgroup.dk
484757,kaktuz.com
484798,kosthost.app
484813,klapp.mobi
484856,kits4less.com
484884,koe.org.gr
484911,kolarivision.com
484949,kamolce.pl
484963,kufu.jp
484981,kx3656666.com
485011,kossonutrition.nl
485012,kinorotterdam.nl
485016,kolesalux.ru
485065,kmail.kz
485090,koast.co.uk
485098,knowfirst.ai
485139,konkaapps.de
485144,ka555m6.com
485259,kevin.games
485273,kuiliant.com.cn
485304,kbbet01.com
485366,knjiznica-radovljica.si
485531,karkonoskiestowarzyszenie.pl
485559,kaedim3d.com
485566,knnindia.co.in
485646,kfk1vrxj88.cfd
485651,kooora4live.co
485667,kitempleo.es
485799,kickpeak.co.uk
485808,kmtx.io
485832,koshoten.net
485856,klacht.nl
485886,komm-zur-bundespolizei.de
485986,kpark.fr
486138,kibun.co.jp
486148,knifeleader.eu
486192,k6749ktm.com
486202,ksk-es.de
486315,karnatakabank.com
486330,kadaza.nl
486347,kraton.com
486352,kyusanko.co.jp
486381,kaztorka.org
486397,klimor.com
486398,kehutanan.go.id
486417,killuglyradio.com
486432,kanucha.jp
486523,kymmis.com
486524,kamne-obrabotka.ru
486560,kvn.de
486638,kempertc.com
486681,kuailapp.com.cn
486684,kpiinstitute.org
486717,keeng.vn
486737,kakiseni.com
486833,kakkadu.com.au
486846,kanazawa-museum.jp
486873,ktyrqg.com
486876,kanzmir.ru
486887,kingnewswire.com
486893,kerastase.ca
486900,key2yards.com
486923,koikeya.co.jp
486948,kitkat.com
487065,karzoun.app
487135,kxpoo3go8x.cfd
487159,kranus.dev
487197,kurjerzy.pl
487241,kmtactical.net
487243,kacmazemlak.com
487285,killerperformancekc.com
487347,kinghood.net
487412,kinobase.top
487451,kenocloud.com
487476,kingroyal-pure.vip
487511,kouvola.fi
488277,k3z7.vip
488278,k7777.biz
488279,kacang99.forum
488280,kadb6o5z.com
488281,kajclick.com
488282,kakekjakarta.xyz
488283,kampungbetunik.com
488284,kantorbolagg.ink
488285,kantoryoyo.com
488286,kapes-shop.co
488287,kapsul4dnew.com
488288,kargototo.llc
488289,kash-connect.com
488290,kaskus800.host
488291,kastatoto.ai
488292,kdslotpro.space
488293,kebaya4dhappy.com
488294,keluaransdy4dpools.com
488295,kentangbetaja.live
488296,keonglaut.com
488297,keralatvbox.live
488298,kerangwinbakar.com
488299,kerenprada188.com
488300,khandaia1.pro
488301,khelo24bet77.com
488302,kiapools.com
488303,kiarajoboutique.fr
488304,kicautotobangkit.com
488305,kilat77.ac.mw
488306,kilat77.cam
488307,kilau4dasli.com
488308,king403slot.com
488309,kingbet188kb23.vip
488310,kingkakaruk.cyou
488311,kingkongxo.net
488312,kingroyal1006.com
488313,kipaslegit.com
488314,kl108naik.com
488315,klipa.xyz
488316,koi-dorahoki.org
488317,koibisa.com
488318,koimuda.com
488319,koin404game.com
488320,komikpedia.net
488321,koora-lives.best
488322,kooralives.watch
488323,kooratoday.com
488324,kora-stad.live
488325,kora24.online
488326,kora999live.org
488327,koratcity.info
488328,korvaxdaun.com
488329,kostum4d.biz
488330,kostum4dking.com
488331,kostum4dlogin.com
488332,kpi4dparadise.com
488333,kpkburks.com
488334,kpkrtb.com
488335,kr18.tv
488336,ksjdwdwde.com
488337,kumahatogel1.com
488338,kuninguki.com
488339,kuy657.com
488340,kvtotoplum.com
489240,kldiscovery.com
489265,kolchuga.ru
489270,klassyshop.com
489310,konny.co.kr
489358,kampai.co.id
489361,klexvpn.com
489384,kuda-spb.ru
489398,kolhair.co.il
489434,kuzey2.com
489442,koroad.or.kr
489449,kiesopmaat.nl
489516,knopka.ca
489544,kitcast.tv
489641,kakadu.gov.au
489652,kambista.com
489653,kaien-lab.com
489756,kaigoworker.jp
489767,kandns.pk
489772,kotel7777777.ru
489839,kalsey.com
489844,kk7mnz.com
489885,kleenex.co.uk
490061,kvinfo.dk
490169,kr.digital
490368,kyoritsu-biyo.com
490404,kindernothilfe.de
490464,keyst.one
490477,klapsinakis.gr
490537,kemri-wellcome.org
490564,kpopchart.net
490565,kumuapi.com
490651,kotasport.com
490660,kitara-sapporo.or.jp
490674,kissu.mobi
490706,kennedycapital.com
490751,kitvending.ru
490787,kiesdirekt.de
490802,kinderneurologie.eu
490812,khv27.ru
490871,kreme-paris.com
490888,kot-na-divane.ru
490922,kpopvisage.com
490934,kinozal4me.store
490936,karniz-motorizovannyj77.ru
490939,kanna4u.com
490950,kuzefuku.com
490984,karriere.nrw
490987,kxlh.com
491026,kingnetsmart.com.tw
491055,kaidaqiwl.com
491056,kler.eu
491130,keyhamates.com
491132,kpunet.net
491156,kypros.org
491222,kdshu.com
491267,kkr.in
491281,kagukuro.com
491302,kluh.com.br
491364,kdns.in
491420,klik.gg
491438,kazidomi.com
491466,kimchimari.com
491509,kryptomagazin.cz
491604,kuvk.ru
491623,kiton.com
491626,klubgidov.ru
491710,k97.casino
491770,kcasbio.com
491793,kianews24.ru
491848,kbd.fans
491943,kdfrobotics.com
492019,kurumaru.com
492023,kashira.su
492025,kamipoteka.ru
492027,kilmainhamgaolmuseum.ie
492035,kaza.com.eg
492083,kreativkarussell.de
492085,k-parts.de
492130,k21academy.com
492136,kingroon.com
492155,kalopa.cc
492173,kappatur.com
492198,kyocera.ru
492303,kommercekorner.com
492355,kt-kuriren.se
492367,k9vidz.com
492408,kingofbudz.com
492409,kingcodestudio.com
492413,kania.com.pl
492421,ks-ewd.pl
492458,kalungi.com
492509,kraps.pw
492564,kwjfnqf.io
492661,k6n3q3p.com
492688,kundenstimme.com
492703,karmanos.org
492706,kovnet.nl
492707,knomad.org
492718,kia-center-vologda.ru
492751,kylesbikes.com
492801,kairo.at
492862,kimclark.com
492932,karibiya.ru
492987,kontekst.io
493032,kutx.org
493049,kanalsportowy.pl
493098,kuramhost.com
493136,kuzbass85.ru
493178,k-sc.ru
493196,kreatys.com
493228,kinozapas7.top
493238,kdjtonptje.cfd
493262,kolorfulkitchen.com
493332,kenwen.cc
493353,knowunity.pl
493381,keygifty.xyz
493399,korinthostv.gr
493513,kleren.com
493526,kinopodbaranami.pl
493558,kiyomura.co.jp
493613,kirbycafe.jp
493659,kunsthaus-bregenz.at
493740,katlas.org
493755,kuliahkaryawansemarang.com
493801,kudo.sk
493823,kambicdn.org
493852,kaigaihack.com
493864,keepercraft.co.uk
493871,kirgu.ru
493915,kvk.pub
493950,kalenda.ro
493979,kompany.at
494038,kf.expert
494056,karelia.news
494071,keycannabis.com
494074,klk-gla.com
494107,koandina.com
494224,keytally.co.uk
494292,kayasieraden.nl
494307,kufstein.at
494541,keshop.com
494542,kuran-ikerim.org
494660,katsaylidi.ru
494679,kontest.ru
494680,kingstonuponthamespages.co.uk
494784,kyotei24.jp
494790,kalkulator.com.my
494825,kapelnicza-ot-pokhmelya-ekaterinburg-17.ru
494870,kuqicej.org
494908,ktld898dfcdf.xyz
494954,kobayashi.ad.jp
495020,kokuyocamlin.com
495036,kopitalk.net
495044,kroki.io
495066,kadolis.com
495070,kpd-gs.ru
495120,katequinn.com
495182,kukksi.de
495211,kkh.com.sg
495228,kff.gov.kw
495277,kumpel.cloud
495317,kob.dk
495330,kystogfjord.no
495369,kids.net.au
495421,kyrvrybhsovashordoblarmek.com
495457,klever.tv
495486,kqbb1688.com
495541,kent-automotive.com
495543,kayopops.jp
495578,kreativekreations.me
495699,keepersmash.co.uk
495706,kibisports.com
495719,ker-sun.com
495789,konyvesmagazin.hu
495808,kinogo-films.art
495895,kitchensofdiablo.com
495908,kaninchenwiese.de
496011,kummid24.ee
496015,kodigo.com.tr
496037,kb85.ru
496081,krivbass.city
496181,kgxs7.site
496182,kirbtech.com
496279,kruzeconsulting.com
496388,kickers.co.uk
496542,kotakgame.com
496580,klov.com
496626,kyodo-tohoku.com
496647,katousa.com
496659,kieselbach.hu
496725,kcahost.co.uk
496783,kazneb.kz
496810,kotisdesign.com
496816,kapelnicza-ot-zapoya-kalyazin-1.ru
496832,kempstoncontrols.ae
496846,kamaze.co.il
496968,kinet.or.jp
496988,kingstreettownhouse.co.uk
497110,ksj9kpwc6h.cfd
497132,kronwerk.su
497252,kcwiki.cn
497283,k-club.co.kr
497326,kcg.ac.jp
497337,king-d.com.cn
497359,kwikkarcraigranch.com
497390,ksaa.gov.sa
497408,koonings.com
497416,kindle-24.pl
497451,klonescents.com
497490,ksgi.or.kr
497524,kogt.com
497604,korelock.com
497606,kingstore.link
497625,kiddospace.de
497643,kudamononavi.com
497709,klockit.com
497790,khoolood.com
497808,kolo.ai
497809,kcomwel.or.kr
497859,konstfack.se
497893,kyocera.de
497938,kanko-hanamaki.ne.jp
497939,kollia.com
497951,koelnbaeder.de
497998,kabar.com
498033,kkwagh.edu.in
498051,karousel.ru
498055,kremplshop.de
498065,konstantindudin.ru
498077,koin50.com
498094,kicksecure.com
498148,klm.ca
498163,kanotec.com
498187,kalkarsordbog.dk
498197,kinetichosting.com
498199,kalender-365.de
498264,kizerknives.com
498280,kip-igi.com.tr
498359,kava.ua
498464,kanesfurniture.com
498472,kbsworld.ne.jp
498500,kulturstaatsministerin.de
498576,khstu.ru
498648,kladjenje.rs
498653,kinneydrugs.com
498677,katsumaweb.com
498679,kopilkago.ru
498697,krishnacreation.co.in
498774,kinokongz.cam
498805,kondis.no
498849,kiwihr.com
498908,kaapm.com
498910,kleinewolf.nl
499008,kaiyantv.com
499019,klopperssport.co.za
499034,kaminata.net
499049,kayakfishpa.com
499083,ka-ruku.com
499087,kanazawa-gu.ac.jp
499106,kappagram.gr
499130,korsina.com
499174,kanliao7.net
499233,komik.im
499280,key4.com
499333,kentalis.nl
499351,kazik777.top
499356,kapow.eu
499363,kfc.it
499462,kolejeslaskie.com
499485,kartisim.co.il
499507,kotanyi.com
499529,ka-elcom.ru
499563,kadzama.top
499574,klender.nl
499587,keihan-dept.co.jp
499668,kmeny.tv
499679,kucingapk.cc
499736,kub-24.ru
499743,kkl-luzern.ch
499765,kpln.de
499778,kliuki.bg
499785,kingsport.vn
499895,kanoya.lg.jp
499923,kepco-enc.com
499965,kooky.surf
499998,knaustabbert.de
500019,kerala-hotels.net
500044,karmel.pl
500154,kamenzodiac.ru
500169,komplex-host.ru
500248,karpaty.net.ua
500256,kukunda.online
500313,kamukura.co.jp
500319,kariuomene.lt
500336,kia.cl
500354,knightwave.co.uk
500505,kapelnicza-ot-pokhmelya-nizhnij-novgorod-2.ru
500598,kaufmanmusiccenter.org
500603,kokoris.gr
500645,kzeu6ncgqn.cfd
500695,keyservice42.ru
500741,koordshtab.gov.ua
500747,kangaroorewards.com
500750,kingline.nl
500827,kompmix.ru
500849,kamatamare.jp
500863,keystonebarrelracing.com
500875,kepuu.com
500952,kanp.ai
500954,kirkcenter.org
500973,kyariz.com
501012,kfc.co.nz
501034,komplexpro.ru
501039,kanonierzy.com
501060,kethea.gr
501113,kainoteka.lt
501155,keilabacellar.com
501187,koreaboardgames.com
501188,kstu-kai.ru
501189,kmmc.cn
501247,kintetsu-bus.co.jp
501260,kleidermafia.com
501326,kaipai.com
501331,kaizu.lg.jp
501346,kbcbrussels.be
501367,kvarkadabra.net
501368,kropyvnychanka.com
501470,kristall43.ru
501569,kongzhong.com
501645,kiloapps.io
501649,kika.lt
501669,kuban-vino.ru
501682,kiaoflansing.com
501709,kasseler-sparkasse.de
501810,kipasmuhendislik.com
501894,kiszamolo.hu
501901,kormik.com.ua
501968,keyran.net
501979,knightstemplarwarwickshire.org.uk
501983,kumara-hotspot.net
501989,kbanews.com
502013,kiwilighting.com
502042,kinogo.blue
502073,konoike.net
502085,kringwinkel.be
502157,kitplanes.com
502178,kenporen.com
502182,kreml.host
502248,keskinnakliyat.com
502283,kor.ru
502386,kensei-fukushi.jp
502464,keyboardvagabond.com
502465,kwsuspensions.com
502512,kingjim.com
502522,kerktijden.nl
502592,korpro.online
502603,konvoai.com
502650,kochtopf.me
502727,kanboard.org
502797,kbz99kbz99.com
502798,kupatbravo.co.il
502799,kykyurtlar.com
502830,kashimajingu.jp
502850,kvartiry-spb78.ru
502875,kui.com.tw
502878,keyplay.io
502931,kmfcw.com
503022,kingshop.vn
503091,kattliv.com
503108,koleimports.com
503157,kmhspovxn.cc
503263,kudoscasino.com
503269,kuchenland.com
503337,kanjikana.com
503362,koliris.com
503388,kiwiku.com
503536,ksif.or.kr
503542,kidneypatientguide.org.uk
503559,kia.us
503614,kak-perevoditsya.ru
503628,kv-art.net
503654,keithcirkel.co.uk
503698,kidspacedesigns.com
503725,killerinktattoo.co.uk
503766,khnupos6zg.cfd
503808,khedmeh.com
503840,kazanforum.ru
503907,koko.org
503913,kenkou-job.com
504064,kamiworkforce.com
504065,klikmanga.org
504066,kukirin-scooter.com
504154,kssos.org
504209,kada.lt
504248,kbsunet.ru
504259,kaplanhosting.de
504274,kenwoodtravel.co.uk
504277,kingsherald.co.uk
504290,kpinews.kr
504291,kejibear.cloud
504294,kaisa.ru
504305,knhs.nl
504334,kcparks.org
504352,kkcdn123456789s.top
504377,kapelnicza-ot-zapoya-voronezh.ru
504405,knef.shop
504445,kitsapcu.org
504511,knvnet.cz
504512,kumamoto-airport.co.jp
504584,kpueumhflb.cfd
504619,kud.ac.in
504633,kailashcloud.com
504665,konanbus.com
504674,kjdaily.com
504696,knowledge-graph.eu
504745,karauctionservices.com
504763,kdwine.com
504829,koreanaggies.net
504837,kobesuma-seaworld.jp
504935,kafaradyo.com
505017,kennel-schmenger.com
505036,kcak11.com
505056,kfc.com.ec
505090,kaoyan.cn
505110,kbeads.com
505112,kreuzfahrt-ticket.de
505123,kuprzyszlosci.eu
505127,kolorowykoszyk.pl
505131,konto360grad.com
505258,kievnet.com.ua
505265,klik.cz
505272,kzcomtd.cn
505333,kjkxw.com
505376,kommando.live
505384,kemper-stadtlohn.de
505394,klm.es
505435,kavak.services
505442,kskbb.de
505486,kiskoo.com
505537,kenvuepro.com
505626,kennislink.nl
505644,klickywelt.de
505727,kreawit.se
505756,kartta.com
505962,kish-behin.com
506061,kabeana-repairkobo.com
506064,kmdns.de
506083,kgk.gov.tr
506095,kineticfeed.co.uk
506218,kowr.gov.pl
506245,kilonova.ro
506269,kokakiwi.net
506275,kodepromos.com
506285,k-pop-planet.com
506286,keycreative.com
506312,kmfa.gov.tw
506315,khopal.com
506357,klasna.com
506380,kubernetes-edge-test.com
506381,kofa.de
506388,kejixingfashebei.com
506504,kvk.lt
506507,kingwiki.de
506529,kdnmail.de
506545,koresteakhouseatl.com
506550,kiss951.com
506575,ktokyda.ru
506612,k80fy0g02x.cfd
506614,kiratalent.com
506621,kikudoo.com
506646,kineziologia-hlol.com
506649,ksplice.com
506650,kaspersky.ma
506710,kavpanel.store
506746,kaizen-realty.com
506774,kapelnicza-ot-pokhmelya-voronezh.ru
506843,konsulterna.nu
506886,kaabousa.com
507032,kurzurlaub.at
507142,kcszedu.com
507200,khadi.de
507225,ksoe.com.ua
507296,kingdomnote.com
507297,kordoni.gr
507298,ksecret.com
507299,ktuvit.me
507394,kavyastyleplus.com
507485,kalitemall.com
507486,karosatuklik.com
507487,kitandkaboodal.com
507488,korbanek.pl
507620,kawneer.com
507632,kitamura-print.com
507795,kamiceria.it
507797,kingsofkauffman.com
507814,kaigiroku.net
507833,kma.org
507840,komotoz.ru
507851,kdsgo.com
507868,khzweoavy.com
507890,khelo-24bet88.com
507921,keralalottery.info
507989,khsindia.org
508082,kinogo-lordfilm.net
508096,kingiekspert.com
508126,k2sou.com
508163,knowunity.it
508202,klingenthal.com
508282,karamangundem.com
508332,klyuniv.ac.in
508364,kaikoslot.news
508447,kimberbell.com
508457,kidsgame.com
508466,kasrichards.com
508526,karakoto.com
508556,kchnet.or.jp
508621,kms.fr
508634,kultweet.de
508684,koraorganics.com
508694,kdl.org
508696,kow.is
508728,kosmosdoc.org
508749,kronositalia.com
508776,knaldgas.dk
508799,kpt.ch
508913,kincho-engei.co.jp
508953,khaganat.net
508981,kharkiv.edu
509014,kalkine.com
509024,karapuzov.com.ua
509031,kastamonuentegre.com
509044,keithp.com
509055,kenikura.com
509063,kirbmedia.com
509068,kanseptknives.com
509115,kryssord.no
509124,kabosh.ru
509149,kabi.tk
509172,kacsa-audio.hu
509179,keyreply.com
509228,kalabakacity.gr
509255,kuiskoi.world
509270,kry.co.jp
509286,khadinatural.com
509297,kidscoding8.com
509333,koleso-russia.ru
509377,kyrowinomg.ru
509454,kkiste.eu
509517,kisskh.at
509539,kompany.co.nz
509583,karahun.hu
509590,klikserver.de
509617,kmline.de
509781,kinepolis-studio.be
509786,kgmiagerk.cc
509789,k3sd3xkwyn.cfd
509794,kpop.xxx
509798,kabelinternetdns.de
509803,ktnp.gov.tw
509843,kongbao179.com
509889,kitanagoya.lg.jp
509908,k116jwr1yp.cfd
509925,kdrip.tw
509942,klksss4d9t.cfd
509954,ketabton.com
509958,ksitetv.com
509981,kaaw.de
510000,kureapp.health
510120,kennedyhumanrights.org
510144,kid2do.com
510178,kulturyolufestivali.com
510182,koalatools.eu
510210,kupindoslike.com
510238,kupit-diplomis-v-rybinske-76.ru
510292,kimiamandalawaluya.ac.id
510297,kitsplit.com
510337,kelime.com
510427,kmst2lestrategy.org
510438,kgm.de
510520,klaytn.foundation
510526,kuaikans.com
510562,kalifano.com
510582,kpd-sp.ru
510586,keonn.com
510612,kusdom.com
510651,khorasannews.com
510677,ky8iprqq32.cfd
510698,kanan.co
510705,kokl.ua
510758,konysbai.com
510760,kampyerleri.org
510789,katran.online
510808,kahfads.com
510878,keyiqu.top
510940,kineoedition.com
510946,kexiaozhan.com
510951,keepface.com
510975,klikhammerofthor.com
511009,kateandtoms.com
511015,kkwiki.win
511026,kaputt.de
511110,kangdns.com
511126,kirovtelecom.net
511159,keiseirose.co.jp
511192,kentjobs.net
511218,kingofcotton.com
511261,k7hq8x7wyq.cfd
511339,kinogo.style
511361,kasi.re.kr
511521,kudosnow.com
511642,kazinsys.kz
511726,kovels.com
511768,kbrw.fr
511830,komy-za30.ru
511851,kallimachos.de
511868,kraseco24.ru
511946,kandkinsurance.com
511954,k9mail.app
511978,klm.it
512026,keukenmaxx.nl
512041,kidpassage.com
512064,klinikum-lev.de
512071,kumsalkeyfi.com
512148,krakow-meble-drewniane.pl
512155,kkyanrui.cn
512185,kusuri-aoki.co.jp
512190,kespire.com
512249,kaszino-world.com
512348,kizilaytoplummerkezleri.org
512404,ktoturkey.com
512438,kazpatent.kz
512468,kometagames.cloud
512514,kropyvnytskyi.one
512549,kouritu.or.jp
512562,kubet9x.com
512652,kinexus.com.au
512675,katiescucina.com
512727,kss.rs
512762,krmivo-brit.cz
512813,king-watches.cn
512829,kinghelm.net
512911,komiflo.com
512987,kerastase.es
513025,karteo.com
513042,kaninchen-abc.de
513044,kenfor.net
513046,kookaburrasport.co.uk
513114,kangarootime.com
513220,kungfufandom.com
513248,kritikos-sm.gr
513324,kamaayurveda.in
513326,koenigequipment.com
513363,khlgamen.com
513440,kilpi.cz
513449,klinikum-oberberg.de
513534,kingmetals.com
513574,krazzykross.com
513579,ketang1.com
513613,kingsburyweb.com
513631,kidzstation.co.id
513637,kuhes.ac.mw
513728,komodoluxury.net
513859,kitaishihon.com
513860,kuraemon.com
513861,kutikomiya.jp
513985,kitchenaid.com.br
514090,korattown.com
514145,kelleyjjackson.com
514177,kamaz.net
514236,kir.hu
514246,kuramachat.com
514250,kinomirchi.in
514266,kgnxt.com
514284,komputia.com
514297,khanesarmaye.com
514302,kidscab.be
514307,kinkoid.com
514325,kadokawa.jp
514396,kgstores.com
514403,kadokado.com.tw
514464,kevala.care
514491,kickdesk.co.uk
514557,kcsoftwares.com
514562,karadalepoodles.com
514594,kodomoe.net
514617,keymodelworld.com
514670,ktktk.com
514704,kpnnet.org
514803,kabaecodewireless.com
514806,koffiemarkt.be
514843,kensington.co.kr
514854,kimandpom.com
514857,korplix.com
514955,kamp-lintfort2020.de
515066,kolbe.de
515091,kileant.com
515142,kraemer-it.de
515190,katera.ru
515216,koihappiness.com
515250,koeki-info.go.jp
515268,k53r162wzi.cfd
515282,kotodaman.jp
515289,kayweb.com.au
515327,kingsleynapley.co.uk
515375,kurogames-ads.com
515380,kibernetes.net
515383,konstruksimedia.com
515386,kinjiro-c.com
515388,ktw.co.th
515402,kinogoo.cc
515503,kion.cam
515531,ksiezyc.pl
515559,kchuang.com
515611,kokuminhogo.go.jp
515643,kddilabs.jp
515684,klugerkauf.de
515712,kyivlink.com
515743,kor-1xbet.com
515768,komarovskiy.net
515787,kursna-lista.com
515865,kirandulastippek.hu
515880,kladionica.biz
515975,kuwait.tt
515989,kaosgl.org
516041,kearneyadc.com
516044,kantai8.com
516059,kouzentv.com
516145,kahanlicores.pe
516151,kinomonitor.ru
516152,ktgis.net
516257,klyavlin.de
516296,kurs-anmeldung.de
516309,kondular.com.br
516328,kikos.com.br
516330,klutchcannabis.com
516342,kalo.de
516353,konradshoehe-immobilien.berlin
516362,kalkulatori.lv
516364,k-sys.io
516531,konsolinet.fi
516554,knock-la.com
516599,kantimemedicare.com
516602,kentcht.nhs.uk
516683,kulikov.com
516697,karwos.net
516702,koreascholar.com
516738,klebefieber.de
516768,khy.com
516803,kwadron.pl
516843,kosmodrom.com.ua
516853,kithara.com
516967,kdmed.kz
517000,keycityhobby.com
517016,konicaminolta.ru
517031,ktin.net
517039,kva-kva.ru
517096,kancmaster.com.ua
517097,kantocards.com
517098,kemaltancaonline.com
517099,kolayoto.com
517159,koolfly.com
517182,kalori.jp
517183,kawasaki.pl
517184,kutil.cz
517208,kln.com
517259,kpopnara.com
517345,kleverig.eu
517346,kvb-koeln.de
517395,kinexuseurope.net
517408,kurs-log.ru
517436,kinomaniak.cz
517438,kewadin.com
517456,k-way.fr
517484,kayak-angelforum.de
517498,kaifolog.ru
517520,karierainsports.gr
517532,koziatyn.info
517727,kauperts.de
517767,kaufland-mobil.de
517860,koporn.net
517870,klickfix.com
517931,kyrios.org.ua
518019,kwanko.com
518035,kitabat.biz
518058,keystonepuppies.com
518115,kinotoya.com
518140,kilgore.edu
518169,klett.ch
518183,koubeijijia.com
518206,kaveikti.lt
518227,keydns.com
518247,kerlink.com
518253,kaisercloud.io
518281,karpov-courses.kz
518306,kimtec.co.kr
518351,kievvlast.com.ua
518369,kinobar.click
518387,keikyu-depart.com
518397,k80yghgd0w.cfd
518435,kansasregents.gov
518444,ksdo.gov.pl
518482,krzczonowice.pl
518492,kstw.de
518546,klassik.com
518554,kuasakata.com
518562,koksijde.be
518607,kettler.co.uk
518636,kronserv.com
518646,kennedy24.com
518664,kfcevouchers.co.uk
518761,kentlarsson.se
518764,kohlchan.net
518839,koternetz.net
518850,ksbbs.com
518869,kelsey.co.uk
518880,kodin1.com
518950,kanazawacable.jp
518998,kymu.edu.ua
519006,kawasaki.fr
519042,klassmatt.com.br
519068,ko-tube.com
519127,karpos-outdoor.com
519141,kinostorm.net
519146,keyfimuzik.net
519166,kayak.se
519185,kobe-c.ed.jp
519222,kitinfinet.net
519246,krooze.com.br
519256,kk91r2rgel.cfd
519257,kaike.cyou
519281,kenbridgevictoriadispatch.com
519287,kolorowyswiaturody.pl
519348,ktozvonill.ru
519350,kreis-viersen.de
519369,kiikio.com
519373,kingdomtrail.co.uk
519411,kuzbassfm.ru
519509,krakomat.com
519577,klimahaus-bremerhaven.de
519591,kingmodapk.net
519592,kianewscenter.com
519634,kinogo.ing
519654,kle-hosting.net
519784,kindofbook.com
519813,kandaovr.com
519824,kospel.pl
519834,koiwaifarm.com
519921,kcrz.dev
519929,klaverblad.nl
519938,kozainteraktif.com
519941,kadaza.de
519991,kowaco.or.kr
520034,kitchenseer.com
520035,kululu.com
520077,kendamil.com
520108,kyvera.space
520145,kingdomhearts.com
520244,ka9k1cbifa.cfd
520245,kneeguru.co.uk
520299,kaosushigrill.com
520300,kayapalazzohotels.com
520333,kinolift.com
520349,kocbattle.com
520375,kenganleykiaboardman.com
520449,kiwi-us.com
520472,kabarbaik.co
520508,kitawiki.net
520608,knvbshop.nl
520610,kryll.io
520742,knowledgegate.ai
520752,kinougarde.com
520767,kievgolfclub.com
520778,kurdsat.tv
520785,kkami.nl
520834,kayasthamatrimony.com
520857,k-vision.tv
520928,kapitosha.net
520954,konyadogaltasevi.com
521000,kantukan.co.kr
521043,kywimax.com
521054,kpravda.ru
521103,kibrishaberci.com
521107,ko-cuce.net
521135,keeta-global.com
521140,kujiale.cn
521188,kemenpppa.go.id
521239,krea.fr
521280,kynix.cn
521338,klinkerdigital.nl
521385,kkadverts.com
521438,kapelnicza-ot-pokhmelya-ekaterinburg-16.ru
521479,kuestenfischer.de
521499,keukendump.nl
521599,katholikentag.de
521668,k1k2.com
521675,kevinwelchmd.com
521701,kaluga.net
521883,kingroyall-adres.vip
521923,koordinaten-umrechner.de
521961,kodix.agency
521963,klubnika.support
522011,kupari.fi
522045,konopnykopec.cz
522056,kitaphana.net
522082,kymajewelry.com
522103,koyomi8.com
522193,karuniawalet.com
522209,kujlch.cn
522365,kasahorow.org
522487,kingmiamioutlet.cl
522508,kawanishikaban.com
522536,kariermandalawaluya.ac.id
522543,klavier-kreisel.de
522625,kaseyacenter.com
522650,krantenbankzeeland.nl
522653,kylemcdonald.net
522659,kk-it-service.de
522708,kfs.ru
522715,kunoichi-trainer.ninja
522835,kagiya-keysuke.com
522838,kairopark.jp
522848,klarostech.com
522881,kalymnos-news.gr
522954,kvhh.net
523079,knihcentrum.cz
523087,kerassentials.one
523141,kba-online.de
523151,kleinetitten.pics
523159,kukmara.md
523177,kodakpixpro.com
523258,krone-agriculture.com
523279,kengcu.com
523333,kumiai-chem.co.jp
523359,kmzu.com
523378,kera-term.hr
523389,kharkov.info
523403,kropyvnytskyi-future.com.ua
523493,konkretno.ru
523497,k13.com.br
523553,ketqua.org
523630,krytyka.com
523642,keepalived.org
523693,kickpush.com.au
523699,kokqa.com
523774,konyvakciok.hu
523845,klima-therm.com
523942,kenblanchard.com
523949,ksuowls.com
524074,kennedywebster.com
524075,kulturnews.de
524156,kubotacreditusa.com
524240,kiehls.com.au
524318,konner-sohnen.com
524388,kwitka.ua
524390,karafun.de
524399,knightwar.io
524406,kyrie6.org
524454,kussladies.de
524455,kuz24.ru
524484,kontur-pf.ru
524519,kvvjfncx.cc
524553,kitepride.com
524554,kinkmen.com
524555,kellymadison.com
524572,korepo.com
524606,konigwheels.com
524614,k9data.com
524648,kinepolis.biz
524718,kn51.ru
524764,kesari.in
524777,komiesc.ru
524792,kulturaliberalna.pl
524856,kenangainvestors.com.my
524875,kuntongjd.com
524917,kemahasiswaanmandalawaluya.ac.id
525029,kidscamps.com
525045,kinnaird.edu.pk
525118,kees-maakt.nl
525129,kawaiipenshop.com
525156,krytim.ru
525212,khaledalsabt.com
525241,kalands.ir
525249,kolej.org.pl
525264,kibi.ne.jp
525295,kranok.ua
525322,kdelt.net
525332,kisaancart.in
525401,kodo.or.jp
525402,kitakaro.com
525435,kekitaan.com
525441,kieslinghosting.nl
525451,khmara.ru
525484,khidi.or.kr
525499,kindgirls.com
525547,k2moto.cz
525622,kme-berlin.de
525662,khaltorious.com
525748,kayserigundem.com.tr
525750,kalelekai.com
525765,kal-el.org
525785,keyfirst.eu
525881,klte.hu
526000,kqent.com
526001,klingeltonekostenlos.de
526012,keuco.com
526024,knuz.nl
526034,kunugi.es
526140,kimiyo.tw
526162,kalassa.net
526167,kvass.no
526219,kodeks.com
526234,kokiskashop.cz
526282,kittysplit.com
526299,kara.su
526324,kcpetproject.org
526341,kimura.se
526401,kykernel.com
526460,keengardener.co.uk
526469,k11musea.com
526518,k-einbruch.de
526551,kaifolog.net
526591,k-n-d.ru
526631,ko9.casino
526748,keyauth.cc
526762,kreissparkasse-ravensburg.de
526897,kjbeckett.com
526904,kamat.com
526962,kataller.co.jp
527021,kerastase.in
527140,karinchan-rpg.com
527141,kebnanews.ir
527142,keepcoolpro.fr
527143,keynua.com
527254,kupit-kursovuyu-105.ru
527263,kemenpar.go.id
527265,kyoto-sauna.kz
527275,knb.nl
527293,k2web.ca
527332,kent-site254.casino
527381,krasrab.ru
527434,kigyobengo.com
527440,krisenchat.de
527446,kinohd.one
527481,kazanlak.com
527530,kissandtell.com.my
527591,kachinalasvegaspestcontrol.com
527649,kbkg.com
527660,kurumlaraozel.com
527692,knittensgame.com
527694,keithprowse.co.uk
527705,ktc.jp
527707,kinobrazil.ru
527710,korsosanockie.pl
527724,koumu-in.jp
527733,krnl.vip
527746,krislindahl.com
527783,kinez.co.id
527795,kontur-f.ru
527810,kamaz.tech
527914,komornik.org
527921,kruwandee.com
528032,kwportugal.pt
528192,kgl-erding.de
528405,kryteo.cz
528463,kokobumer.com
528546,koreabridge.net
528549,kds-handelsvertrieb.de
528576,kzhost.net
528612,kdv.services
528661,khatam.com.my
528695,kmvp.ru
528699,kingsbridgeprivatehospital.com
528725,keyfood.com
528730,keioplaza-sapporo.co.jp
528757,kak-prodat-sajt.ru
528814,kipling-usa.com
528858,kingsfeature.co.uk
528902,kinesiologie.fr
528914,kauai.co.za
528924,kuliah-karyawan.id
528964,klm.com.br
529081,kurume-it.ac.jp
529086,kineticgames.co.uk
529087,kline.co.jp
529134,kredit.de
529146,kinderboeken.nl
529211,kaack-terminhandel.de
529227,klaudynahebda.pl
529302,kde.social
529312,kenoshacountyeye.com
529339,kcpl.com
529381,ktmhyld.com
529386,knewin.com
529391,kotlinconf.com
529401,kialo.com
529407,kbtu.kz
529438,kin.es
529443,katelynbecker.shop
529480,kharbit-group.com
529504,kme.com
529552,ksiazkowo.com
529592,kuurth.com
529656,kakadu.by
529662,ksbl.ch
529669,ksu.ru
529670,ksnet.co.kr
529686,kessel.media
529687,kochimetro.org
529701,k-ryhma.fi
529730,kangxizidian.com
529848,krasnodar-invest.online
529853,krasotkapro.ru
529931,kawarthanow.com
529979,kkat.net
529982,keepsolidcdn.com
529986,kashiyama1927.jp
530029,ksolves.com
530048,ksiegarnia-tuliszkow.pl
530168,katsuan.co.jp
530193,ks-auxilia.de
530197,katkoute.com
530226,kin-bet.de
530272,kanou.com
530333,kiteaai.org
530337,kinogo.eu
530436,kwize.com
530544,kelolandemployment.com
530554,kazpost.kz
530579,kadastrs.lv
530598,killprice24.ru
530744,kabbos.com
530745,kanliao10.org
530746,kinbox.com.br
530747,kollelbudget.com
530748,koripallo.com
530749,kvillage.jp
530800,kbmw.shop
530824,knusperstuebchen.net
530872,kpx.casino
530888,kawasaki.com.au
530923,kathywrightandco.com
530932,ktelachaias.gr
530941,karnatik.com
530967,ki24.info
531015,kdzscq.com
531096,kurskline.ru
531138,klinikaexpert.ru
531176,kienlongbank.com
531225,kukachic.com
531265,kritikanstvo.ru
531383,kcv.jp
531392,kiarioclub.ru
531398,kyoto-mr.com
531406,kschool1.com
531448,konsultek.com
531473,klydewarrenpark.org
531486,kobe-du.ac.jp
531528,klm.no
531529,klubcinema.fr
531543,kartstore.it
531562,kellscraft.com
531573,kgcm.kz
531611,kingpanda.com
531613,kiris5030.com.br
531646,kiehls.com.tr
531675,knowyouroptions.com
531752,kyb.co.jp
531764,ksg.ac.ke
531835,ks-st.com
531866,ktmforum.eu
531892,kirbyrisk.com
531912,kabanjiankang.com
531928,kaisei-group.co.jp
531929,ko-online.com.ua
531933,krakow-name.eu
531978,keydiy.com
531980,krosoft.pl
532025,ktel-santorini.gr
532049,knittingideas.ru
532069,kartracing-pro.com
532089,krs.no
532128,kerbtier.de
532161,klikdns.nl
532220,kidero.be
532228,kimi-siegel.de
532276,keio-bus.com
532332,karupsha.com
532349,kanzlei-herfurtner.de
532365,khaleejpackonline.com
532376,klueh.de
532444,kurabu.com
532520,ktools.xyz
532602,kmu-datacenter.ch
532625,kikliko.com
532650,kuaidiprint.com
532661,kreis-warendorf.de
532739,karyopharm.com
532742,kkqiao.net
532756,kfc.cz
532783,kultfrau.de
532792,kupitpravay.com
532802,kead.or.kr
532843,kpu.ac.jp
532869,kokogiak.com
532910,kupit-kursovuyu-108.ru
532927,kiochat.com
532943,kirby.com
532949,kbm.kz
532965,kookoobano.com
532980,kiet.edu
533005,keyetv.com
533035,koriders.com
533117,klev.site
533154,kpa.io
533159,kolbapps.com
533275,knusperbaecker-mueller.de
533321,kshuayongxin.com
533344,kimkarus.ru
533375,krosno.com.pl
533377,klinikum-karlsruhe.de
533455,k-chosashi.or.jp
533456,krashnz.com
533457,kadinjakarta.id
533459,kitchoan.co.jp
533475,kvl.dk
533479,kapelnicza-ot-pokhmelya-ekaterinburg-1.ru
533528,kingsporttn.gov
533579,kinu.or.kr
533620,kemping.by
533633,ktkt.ru
533659,koplo77musik.com
533702,kuretake-inn.com
533705,katinusa.com
533743,kiberkod.com
533756,kamko.bg
533801,kamm.cz
533803,kissei.co.jp
533813,kombai.com
533841,kiehls.com.vn
533892,kansaslegalservices.org
533898,kamp-lintfort-tourismus.de
533979,kulfiy.com
533992,konnectinsights.com
533996,kohlersafeshowers.com
534002,klingler.net
534024,kai.bg
534054,koyo.or.jp
534082,kesako.net
534141,khguides.com
534255,kyousei-shika.net
534280,knivesandtools.fr
534293,kelas.work
534364,kujibikido.com
534370,kixify.com
534405,kanecountyil.gov
534423,koukousoutai.com
534464,kitchenaid.co.uk
534693,kochanhaengerwerke.de
534725,kusama.network
534747,kanyon.com.ua
534758,kosmodromio.gr
534769,kingmagic.com
534851,kgsxa.ru
534905,konradin.de
534919,komoot.fr
534975,kuaijianji.com
534979,kunpp.ru
534980,kepler.gl
534989,knowhou.com
534991,kristujayanti.edu.in
535073,know-vpd.jp
535087,kenawebsite.com
535171,kinogo.host
535201,kestramedical.com
535251,kidsitems.com.au
535259,kvaser.com
535287,krishnawatch.com
535300,kamereo.vn
535320,kurs-gk.ru
535324,konverter.ee
535393,knowlepedia.org
535452,kbctools.com
535466,kingsiii.com
535468,katiethe.dev
535494,kolorguide.com
535531,kukuklok.com
535537,keuanganmandalawaluya.ac.id
535549,kpconnection.com
535565,kaffeeberlin.com
535585,komikaya.com
535591,kosme.com
535620,kosovajob.com
535647,krgjtmfp.com
535796,kiddom.co
535802,kesimpta.com
535808,keminetdns.com
535812,kiite.jp
535941,kespro.com
536004,kuchnieswiata.com.pl
536050,kungfumagazine.com
536059,klickhub.shop
536175,komfortkissen.de
536194,kinogo-home.net
536195,koolcenter.com
536286,kiddisvit.ua
536442,kuponko.si
536447,kundeerfaringer.no
536537,kino-trend.ru
536540,kateminimalist.com
536574,kofferraumwannen.de
536585,karmaguy.com
536627,karitraa.com
536713,kingkangone.com
536723,kramola.info
536823,kebanpingpang.com
536824,kagewebsite.com
536826,kompamagazine.com
536827,kd9fuw.com
536910,ksgmobile.net
536935,kuyichi.com
536938,kiesmotorsports.com
537004,kdfnews.com
537009,kabillaraos.shop
537017,kanzei.or.jp
537035,koggames.com
537054,krankenkasse.de
537145,kyuk.org
537181,kinonh.pl
537212,kuailianpvp.com.cn
537230,kuttymovies.info
537302,karanukan.com
537329,kodugamelab.com
537336,k-books.co.jp
537350,kipmion.com
537369,kalabrand.com
537489,kpopmart.com
537519,kochtrotz.de
537534,kunainital.ac.in
537601,kijijiforums.com
537607,kuechenkompane.de
537631,kilgourmd.com
537708,kangzhiwu.com
537748,ktelherlas.gr
537758,kennychesney.com
537771,krishnasalescorp.com
537785,knysnaplettherald.com
537800,konocloud.net
537834,kotsu-kumamoto.jp
537948,klingo.app
537998,kgism1cg.com
538104,kellerheartt.com
538163,kompp.co.rs
538294,katysoho.com.ua
538295,kurdiu.org
538325,krposts.com
538333,keonhacai.football
538402,komitex.net
538422,kq88.com
538460,kritikustomeg.org
538516,kanliao14.com
538517,kraam-cadeau.nl
538596,kakaowork.com
538703,krata.ru
538743,kamenjar.com
538857,klamer-home.com
538877,kjcdn.com
538909,k-var.com
538955,kosygin-rsu.ru
538961,kidero.cz
538976,kvant51.ru
538991,kline.com
539010,kjcenter.ro
539032,kusanomido.com
539037,kinogo.sh
539104,kinghussein.gov.jo
539176,knitfabric.com
539228,kochketo.de
539307,kokenusa.com
539372,kxsgate01.com
539399,kisskiss.tv
539425,kosherwine.com
539442,kurasushi.tw
539560,koinx.com
539585,knowmax.ai
539596,kidsuper.com
539682,kachorovska.com
539699,kkkkmi.com
539709,kz-gedenkstaette-neuengamme.de
539743,klimatyzacja.biz
539768,kongbokep.com
539851,kliknklik.com
539875,kaizenforpharma.com
539922,koszykowa.pl
539940,kaitseministeerium.ee
539957,kuantor.com
539970,ks.hr
539975,knigomir.info
540015,koiphen.com
540016,katabiblon.com
540034,ktec-shop.de
540047,kzvesti.kz
540067,kaxe.org
540073,kabibe-game-ph.com
540127,kompany.ca
540140,kra.name
540202,kessel3020.com.br
540243,kernelwealth.co.nz
540261,klinikum-bayreuth.de
540276,kulturnav.org
540294,kapelnica-ot-zapoya-krasnodar7.ru
540310,kozanimedia.gr
540311,kstatic.to
540349,knbr.com
540409,kysmoments.com
540485,ksky.ne.jp
540509,koni.com
541657,k2net.io
541658,k7121rf.click
541659,k7kpkvhg.com
541660,k7yun.com
541661,kaki.dev
541662,kaleido-touch.jp
541663,kalitta-cnm.com
541664,kalkik.com
541665,kame.gay
541666,kangha.net
541667,kankan-ba.mom
541668,karenhost.ir
541669,karsan.com.tr
541670,kattracker.com
541671,ke2i7h5ce.com
541672,keenconnect.eu
541673,keidel.com
541674,kejikuai.com
541675,kelee.one
541676,kfzzxcx.com
541677,khasav.org
541678,khelpdesk.com.br
541679,kilograms-to-pounds.com
541680,kilojix.cc
541681,kindredai.net
541682,kingi56.com
541683,kiteladder.vip
541684,kk-yonezawa.com
541685,kk6277.com
541686,klappir.io
541687,knowcross.com
541688,knsub.com
541689,kobelco-kca.com
541690,kobelco-used.com
541691,kobelco.com.au
541692,kobelcokaken.co.jp
541693,kodiakgw.com
541694,komikid.org
541695,konkurssihuutokauppa.fi
541696,konstantinnikolaevich.org
541697,koreda.app
541698,kpmg.be
541699,kpmg.hu
541700,kpmg.is
541701,kqennyr1.com
541702,krono-dc.com
541703,kruvgate.com
541704,ks-sv.com
541705,ks11.win
541706,ktkk.net
541707,ktyjsq.com
541708,kuaidihelp.com
541709,kubecloud.com
541710,kufei.org
541711,kunlun06dns.com
541712,kutoto.sbs
541713,kwe-emea.com
541714,kxbpswlez.com
541715,kyalbhxgw.com
541716,kyocera-avx.cz
543076,keldranix.info
543144,karep.pro
543181,koeei.com
543182,keaneyblue.com
543187,kongeligeslotte.dk
543284,keda.sh
543345,kleurmijninterieur.nl
543363,klimaka.gr
543365,kreis-unna.host
543377,knightsbrides.com
543441,kizmit.net
543476,kto72.ru
543481,kotica.or.kr
543523,ksk-ostalb.de
543546,kskgg.de
543560,krkm.pro
543569,kirscity.ru
543670,kswiss.co.uk
543705,kocaelisaglik.edu.tr
543738,kimballinternational.com
543784,kecioren.bel.tr
543870,kyttns.cn
543935,kino-go.best
543987,kiski.top
543988,kspope.com
544018,kentuckymustang.com
544064,krirk.ac.th
544159,kopilka.center
544171,kfzazltm.cc
544184,komatsuamerica.com
544333,kasper.com
544350,koko.by
544460,kianbattery.com
544461,kikeris.gr
544462,kosmodrom.ua
544463,krimfup.se
544564,keysoft.store
544616,kinzig.news
544650,kalley.co.za
544658,kirebeauty.com
544700,kshumane.org
544701,konovo.rs
544720,kinoteka.pl
544808,kriskar.pl
544838,katalog-vip.pl
544851,koonskiaowingsmills.com
544926,karitek.ru
544955,kibotek.com
544958,kbst-gmbh.de
545038,kktctelsim.com
545045,kidspass.co.uk
545059,kan.or.id
545074,katilimemeklilik.com.tr
545104,kld7nknleorigin.vip
545122,kanotix.com
545156,komaxgroup.com
545245,kentrollins.com
545246,kswmma.com
545368,kisiiuniversity.ac.ke
545376,kolesa-uploads.ru
545598,kolmisoft.com
545617,kc2026.com
545618,keramis.com.ua
545705,kakekomu.com
545725,krpano.com
545751,kingshillchurch.org.uk
545761,kansastravel.org
545786,kasinoguru-bg.com
545889,kyoto-quality.com
545911,ksearchmisc.com
545934,killersites.com
545937,kinash.ru
545996,krunis.com
546071,king-jouet.ma
546105,kanerika.com
546222,kidslife.be
546272,kaufnekuh.de
546315,kaorislatexdreams.com
546335,karimrashid.com
546355,kinsarvik.no
546377,kruidvatkids.nl
546408,ktk-avto.ru
546424,ksk-gp.de
546458,klirr.com
546598,kontoorbrands.com
546599,kodit.co.kr
546609,kodo.org.uk
546670,keonline.co.ke
546703,komakimusic.co.jp
546733,kustomcoachwerks.com
546738,kehu.ru
546846,klia2.info
546964,kingagro.com
547014,kstoerz.com
547136,klippd.in
547208,knepublishing.com
547315,koreatechdesk.com
547378,kinovaska.net
547424,kudepstasochi.ru
547445,kexin1688.com
547452,korex.sk
547483,kin-un.com
547485,ko.net.ua
547534,kangaroodevices.com
547573,kdemo.or.kr
547597,ks.gov.cn
547599,kingmaker-fi.com
547612,kurmaz.ru
547622,karrierestart.no
547684,kejianyingyu.com
547706,kk600.vip
547710,kompaskreditov.ru
547713,klac.or.kr
547726,kreis-pinneberg.de
547735,kisstheground.com
547741,kamino4050.com.br
547755,kryza.network
547902,kindstudiochoice.nl
547904,kchapters.com
547933,kke.gr
547966,kreis-guetersloh.de
548057,kagetsu.co.jp
548064,khabars7.com
548180,kybar.org
548222,kitepharma.com
548276,kuehne.de
548395,kubdirect.co.uk
548414,krapka.media
548421,kingcools.xyz
548458,kapaza.be
548510,kyoto-kankou.or.jp
548570,komiksy24.pl
548572,kurierbytowski.com.pl
548589,kwcg.ca
548596,kiskunhalas.hu
548629,kaloriabazis.hu
548719,kidsreview.ru
548735,kriptoweb.com
548746,kadrout.ru
548812,kickassgfx.net
548891,kristijan-antic.blog
548968,kawanperpus.id
549022,khak.com
549068,kellisgifts.com
549100,kisovki.com
549109,ksk-reutlingen.de
549138,komersant.ua
549320,klook.cn
549351,kairosprotect.com
549402,kodami.it
549403,kartelecom.com
549418,kvnfreetest.uk
549431,klinikverbund-suedwest.de
549471,kinotop.net
549491,klostra.se
549522,kirby.jp
549540,kaznetcom.kz
549556,khakasia.ru
549557,klub-modul.dk
549710,karofi.com
549724,koombea.com
549745,keenobi.com
549817,kitempleo.com.ar
549889,kherson-future.com.ua
549917,kiddions.com
549933,kyoconnect.net
549938,kr-plzensky.cz
549940,kardecpedia.com
549989,kings.co.nz
550014,knhc.co.kr
550073,kookai.fr
550096,killtarget.pro
550169,ktfalways.com
550212,kaixinlong.com
550238,kupit-kursovuyu-84.ru
550239,kak2c.ru
550256,kendji.fr
550272,kvantera.io
550302,komprise.com
550348,khushi-berlin.de
550370,kupaoprav.cz
550376,ketabchi.com
550377,kitar.id
550378,knms.site
550473,kk.ru
550509,kinoplay.zone
550511,koksoak.com
550542,kyotobus.jp
550554,kinozo.top
550570,kisc.kz
550603,kidzemporium.com.au
550653,kinderseelenhilfe.at
550711,kz-pinco.com
550782,k-on.online
550801,k2.tech
550833,kvant.cloud
550842,kxyk183.cn
550873,kodusedlood.net
550904,klepierre.it
550962,kommunique.com.au
550998,kaikai.ch
551037,kallanish.com
551041,k-ur.ru
551073,kenzoparfums.com
551078,kub.in.ua
551120,kazan-future.ru
551142,kunstplaza.de
551149,koptalk.com
551186,kazan-trend.ru
551188,kosmetika-proff.ru
551225,kongebonus.com
551256,kintara.com
551295,kindy.cloud
551322,kafit.se
551325,koalaonmattress.com
551337,karakeep.app
551400,kunztextil.sk
551439,kudos.com
551456,kokang888.com
551470,koreqt.hr
551474,kyivpass.online
551512,ketquaveso.mobi
551516,kangaroobrands.com
551525,krikyabet.com
551528,k5n.us
551627,koalaliving.com.au
551699,krudor.ru
551701,kingscollections.org
551738,kushitani.co.jp
551743,kineticist.com
551787,kr-stredocesky.cz
551856,kern-stelly.at
551866,kaufmanrossin.com
551921,kentuckystatepolice.org
552006,krautedmind.com
552007,kiria.org
552048,ksol.com.au
552075,keeping.com
552119,knoxbox.com
552138,kofio.cz
552170,klaas-und-kock.de
552263,kupit-diplomas-v-balakovo-64.ru
552287,k2sporn.net
552311,katfile.biz
552322,kiteschoolhurghada.ru
552340,kittycats.ws
552362,kursportal.info
552373,kanyetothe.com
552402,k20a.org
552466,kishine.net
552469,kaikyokan.com
552513,kellton.com
552515,kichkas.biz
552588,kindred.com
552618,khadlaj-perfumes.com
552636,keephealth-zhj.com
552637,knobs.co
552660,kiastuff.com
552883,kickstart.ch
552895,kushuxs.net
552926,klubitus.org
552927,koonbooks.com
553005,kaskus.com
553019,kosei.com
553170,kalenderbali.org
553264,keca.or.kr
553265,kurobbs.com
553282,kvi.nl
553353,kntu.net.ua
553361,keysforgamers.com
553409,kroemerforcongress.com
553411,kd-doll.com
553413,kidpid.com
553435,ktr.or.kr
553449,kumin.ne.jp
553562,kirakuco.com
553616,koukokuol.com
553698,klm-mail.com
553807,killersudokuonline.com
553822,kalimera-arkadia.gr
553835,keywen.com
553847,knauermann.de
553865,kkscdn.com
553882,kbc-zagreb.hr
553894,kubofinanciero.com
553905,kerkour.com
553937,klubtrenerowbiznesu.pl
553972,kur-hotel.co.jp
554020,kxlims.cn
554026,kingsdalemortgage.com
554068,kzs.si
554111,kysdc.com
554131,kisscartoon.nz
554251,kkbagala.sk
554300,kinzd.com
554321,kazan.land
554322,komfortmebli.com.ua
554362,kronospan-express.com
554382,kyungmin.ac.kr
554394,kinetic.co.uk
554501,ki.nu
554541,knowpia.vip
554542,kubus.pl
554557,kianao.com
554626,kestrafinancial.com
554669,klassika.ru
554723,kreditstatus.dk
554744,kyx-cn.com
554795,keyestech.com
554832,kullysupply.com
554895,kybachi.ru
554933,kulturkosmos.de
554966,kaufmanbroad.fr
555016,kcgbondpoint.com
555028,kouvrfashion.com
555079,kcturbos.com
555136,karlnuttall.co.uk
555223,kensingtonmediahouse.com
555266,kreis-bergstrasse.de
555333,kseniadns.com
555410,kunstmuseumbern.ch
555437,kremen-decor.com.ua
555486,kleurrijker.nl
555540,kimchi.tv
555541,kirpalani.com
555542,kundun1069.com
555654,keiorugby.com
555655,kiabishop.com
555656,kicks.com.co
555657,kiemlinhcmn.vn
555658,kiosclub.com
555659,klivechat.com
555660,kosbiotic.com
555661,kubotalink.com
555767,kenarry.com
555781,kaartje2go.be
555865,kaynutrition.com
555970,kodikabg.com
555990,kiauraeyewear.com
556047,kamakura-u.ac.jp
556077,kelaskaryawan.id
556121,kreuzwort.net
556133,kangasupply.com
556181,kcbazar.com
556199,kuhni-spb-50.ru
556206,kli.one
556242,kenblack.ie
556307,kaytee.com
556348,kupit-kursovuyu-107.ru
556376,kenfordbel.by
556438,kritikainfotech.com
556443,kornu.ac.kr
556568,kanizsamediahaz.hu
556585,kosmonauta.net
556605,kappa.lol
556612,kelimov.cc
556815,kossuth.hu
556839,kotsu-city-kagoshima.jp
556842,kofia.or.kr
556881,kireports.org
556929,konceptgym.com
556939,karavantver.ru
556958,ky-express.com
556979,kyowakirin.co.jp
557123,know-how.store
557141,konnyaku-park.com
557182,kung-foo.tv
557220,klaq.com
557260,kriekerrequin.qpon
557308,keewah.com
557349,kapital.com
557380,kuaikanmhw.com
557382,kijimakogen-park.jp
557454,kspays.com
557477,kinzachat.ru
557510,kienviet.net
557533,kedem-auctions.com
557641,kenshoku-bank.com
557698,koran-gala.id
557720,kalaidos-fh.ch
557740,kawabe.co.jp
557744,kalkine.ca
557775,karthago.vision
557814,k9web.com
557817,konopnysklep.com.pl
557820,kcbh.com.hk
557863,klikwin188.net
557988,ksgr.ch
558054,kuhni-spb-52.ru
558127,kaelinvoker.com
558137,kiss.com.tw
558149,k-electronic-shop.de
558230,kanver.org
558256,keepandbeararms.com
558267,kindermusik.com
558308,kinootreller.ru
558377,keyinfo.com
558399,ksk-tuebingen.de
558464,kiselev.is
558466,kliniken-schmieder.de
558473,katespade.eu
558487,kitzelseite.de
558493,kayak.co.cr
558566,kyoceradocumentsolutions.es
558577,kuvertshop.net
558580,kukkus.com
558603,kombabb.de
558609,keralavisionbroadband.com
558618,kasa.go.kr
558691,kakzovut.ru
558735,kickbacks.ai
558750,katinandlovu.online
558821,krystalkollectz.com
558892,kolomenskoe.ru
558912,kepfeltoltes.hu
558931,knifestock.de
558958,kooperativa.sk
558992,krumpli.co.uk
558994,kicd.ac.ke
559123,kisshentaiz.com
559155,kkjlw.com
559156,klemanndesign.de
559179,klmukapps.co.uk
559194,kitesurfwarehouse.com
559240,klartale.no
559252,karlnystrom.us
559269,knbsr.com
559279,kodomonokuni.org
559292,kikinote.net
559352,khloefemme.com
559353,ktmsklep.pl
559354,kualastyle.com
559496,k99.com
559505,keshefoundation.org
559511,kingofwatersports.com
559514,kamuajans.com
559525,knot-designs.com
559557,kinogo.gs
559558,kuchikomist.jp
559560,kansascitymag.com
559620,kimthai.co.th
559719,klimatvspb.ru
559903,kryptocyber.com
559928,kodyinfotech.com
559932,kittenlady.org
559954,kotobukiya-us.com
559998,kaahauscasino.fi
560029,kict.re.kr
560051,ksd.org
560068,krascsm.ru
560075,keenfootwear.de
560164,keystonepestsolutions.com
560180,konzoliste.cz
560183,kiseba.com
560247,k-hana-tori.com
560304,kratosdns.net
560347,kaapelinetworks.fi
560361,knightsbridgefx.com
560366,kpc.or.kr
560447,knak.com
560467,kryptoav.com
560533,koreahealthpages.com
560574,kcc.io
560601,kidsguide.org.uk
560610,kaihevalve.com
560613,kavanga.ru
560627,kboards.com
560630,kappamoto.com
560632,kaibersotray.com
560725,kidish.org
560730,kt-bank.de
560758,kawf.kr
560770,ketogenicforums.com
560873,kurabo.co.jp
560915,kenwoodusa.com
560933,kolaysiparis.com.tr
560934,kbd.hr
560946,kobe-bunka.jp
560951,kualibuild.com
561042,komoptegenkanker.be
561096,kuhni-express.ru
561140,kron.no
561187,ksu.lt
561236,kuqun.com
561255,krasterisk.ru
561271,kainuu.fi
561371,krythano.com
561381,kollectkorner.com
561405,kagstv.com
561436,kadence.com
561459,koreafilm.or.kr
561477,komod-bc.com
561480,kwikpets.com
561485,kirim.email
561538,konoplisemena.com
561562,kuwait-gulf.com
561572,korolev-auto.ru
561575,kitchenall.com
561585,kayrasoft.net
561596,krakowfilmfestival.pl
561628,kellin.net
561673,koda.ee
561690,kayakirtasiye.com.tr
561692,kentem.jp
561724,kpp-aviamotor.ru
561809,krikyabd.com
561815,killerinktattoo.de
561823,karangkrafmall.com
561848,kinolavka.ru
561957,kommunity.com
561996,kinetik.it
562020,kenmin.co.jp
562041,kolejemalopolskie.com.pl
562091,kjzxpe.ru
562154,kargonomi.com.tr
562224,koillissanomat.fi
562241,kudelski.com
562249,kazanka.info
562259,kd-shoes.us
562317,korian.de
562368,kadastr.uz
562370,khor.mx
562388,kpl.gov.la
562404,kotel123.ru
562405,kreditconnect.de
562492,kaiseraluminum.com
562568,kvjs.de
562580,khnet.info
562604,keyigao.com
562606,k12.ru
562608,kinogo.inc
562719,karlsruhe-erleben.de
562727,kreatious.net
562754,kachifu.com
562796,kkr-central.com
562860,kiwuklinik24.de
562899,kuksa.dev
562951,konoyubitomare.jp
563001,kage-design.com
563005,kalyna.info
563041,korg-profi.ru
563055,kellycooperarizona.com
563078,kwaaijongens.net
563109,kczg.org.cn
563226,kyrenia.edu.tr
563230,klon.fun
563244,katalogkapsli.pl
563255,kamicasa.pt
563270,kikuchi.lg.jp
563286,kewirausahaanmandalawaluya.ac.id
563428,kosmosjournal.org
563440,kasikeras.dev
563444,kpipanel.ru
563452,kathrein-ds.com
563465,konectco.com
563491,kapelnicza-ot-pokhmelya-ekaterinburg-14.ru
563545,kiprun.com
563594,kodinplaza.fi
563596,kalandraka.com
563611,kleksnazywo.pl
563674,kushiebrandofficial.com
563685,kasinobonus.ai
563689,kandt-llc.com
563736,kaninchenkiste.de
563769,kansaspublicradio.org
563780,kildarecoco.ie
563792,kurier.lt
563864,kartarf.ru
563871,katoid.com
563933,konzolista.cz
563942,kyoritsu-pub.co.jp
563954,kwhosting.ca
563978,kreis-coesfeld.de
563989,kt.kg
564003,kulturarvsdata.se
564031,kaiptc.org
564034,kakamega-assembly.go.ke
564057,kvartalas.lt
564070,koronavirus.hr
564195,kokage.cc
564230,kub-inform.ru
564284,kisumupoly.ac.ke
564287,kp-lead-centre.ru
564309,kymco.fr
564319,koruraclub.com
564326,keypasco.com
564348,kohlerco.com
564439,kfaktiv.ru
564491,kicentrodemasaje.com
564500,kreta-luebeck.de
564506,kuzesc.ru
564518,kuhni-spb-51.ru
564567,knowledgecity.com
564644,kamnigame.ru
564756,kosarang.net
564791,kidney.org.au
564855,k8kg.com
564894,kilocode.ai
564930,kleros.io
565010,kenxxx.com
565047,krungsriasset.com
565073,klingai-cdn-aws.com
565095,knsburg.ru
565109,kinokrad.co
565117,kleyntrucks.com
565143,koda.ai
565154,kabianga.ac.ke
565165,kmkk89.com
565242,kueez.website
565252,kirche-bamberg.de
565255,kazino-unlim.ru
565279,kesennuma-kanko.jp
565395,ksc.kumamoto.jp
565431,kalkulaator.ee
565436,ksk-bc.de
565476,kjutf-uejfncpo72u.com
565550,kerastase.it
565602,kqxs.me
565609,kreissparkasse-heinsberg.de
565738,kmkk92.com
565761,kiragun.ru
565795,kvg.de
565804,kiatoo.com
565810,kinorai.club
565817,kdb.kz
565909,kvindo.com
565917,kredione.id
565923,koalababycare.com
565967,kavkazvpn.ru
565981,kingjamesbibledictionary.com
565994,keelearning.de
566005,kurashiru-ow.com
566040,kenrox.in
566042,krispykrunchy.com
566049,koeder-laden.de
566110,kyouma.net
566153,khiladiadda.com
566167,kitambreiaj-volanta.ro
566177,kvhss.edu.np
566228,kotlom.ru
566272,kobe-anpanman.jp
566286,km.be
566288,krasnogorskiy-ndv.ru
566307,kanikuly-v-aksakovo.ru
566361,kentech.ac.kr
566383,kikilighting.com
566446,kaiseisha.co.jp
566469,koca.shop
566481,kauffmancenter.org
566490,kapelnicza-ot-pokhmelya-samara-22.ru
566547,kabeltex.nl
566554,kenha.co.ke
566636,kikonline.ru
566659,kz24.news
566672,kirolakeitb.eus
566715,knifedogs.com
566798,krs.ru
566802,klinic.com
566821,kenmiso.com
566872,kolkatapolice.gov.in
566893,koara.live
566894,kuechendesk.cloud
566913,kolan.net.tr
566932,kaliteweb.net
566991,kdmed.ru
567032,kesslercollection.com
567153,kerastase.cl
567154,kontakt.ge
567155,ktxhcm.edu.vn
567156,kytary.sk
567258,kamalwatch.com
567259,karamonline.com
567260,klasfoto.com.tr
567261,koari.net
567262,koifarm.shop
567263,konceptpharm.gr
567264,koudounistra.gr
567265,kynaenglish.com
567396,keytube.net
567397,khalaghshop.com
567398,khazanajewellery.com
567399,kitline.com
567400,koledzhikov.bg
567401,kyutooki.com
567491,knhb.nl
567557,kvinnheringen.no
567571,kinujo.jp
567584,kindfashionmonthly.nl
567647,k-gen.fr
567663,kinogoi.cc
567677,kenmoreair.com
567698,kek.sh
567708,katemiddletonstyle.org
567777,kama-as.ru
567798,khanika.in
567816,kaspichan.net
567872,kinzozo.sbs
567955,koezio.co
567967,kisslaa.com
567975,knifemaking.com
568034,kitconet.com
568044,koch-chemie.com
568077,kice.re.kr
568133,kttm.club
568151,kartbros.io
568203,kizupro.com
568208,kevinswatch.com
568215,krawatten-ties.com
568220,kaanintavsiyesi.com
568245,kmkk85.com
568271,kavlifoundation.org
568285,kasacjapojazdow.com.pl
568289,kdatacenter.com
568510,kezhan365.com
568538,kasinonetti.com
568589,kalpataru.com
568644,kuose.com
568742,klimatime.com
568816,kotzilla.io
568836,kilgorenewsherald.com
568845,ksokursk.ru
568851,kio.cn
568868,kuwinzhz.com
568905,kalorik.de
568954,krakr.cc
568964,km.edu.tw
568977,kinodex.cam
569040,konishi-koi.com
569064,kuramanime.blog
569078,kidd.co.kr
569080,koriyama-repair.com
569133,k3253.com
569199,kelinci88.com
569208,kindtoolssignal.nl
569214,komatsuforest.com
569259,km100.ro
569371,kontenta.net
569387,kurorty.eu
569412,kidsoft.com.au
569507,khsupply.ca
569521,kopps.com
569567,koffer.de
569599,khaan.fr
569604,kpapp.link
569618,kansion.com
569666,knock2.ai
569715,kopka.net
569788,kurzreisen.de
569839,kouranionline.com
569927,khorasanonlin.ir
569996,koamijinja.or.jp
570043,kaartdirect.nl
570068,kisskissnapoli.it
570112,kasandbox.org
570211,kcb.vn
570242,kihasa.re.kr
570268,komodo.tv
570278,kirasparkle.de
570305,kome.ai
570308,kaleido.io
570310,kyoto-np.jp
570356,komek.ru
570370,kemrsl.ru
570387,klug-suchen.de
570399,kip.net
570499,karolinabik.com
570524,kyodo-hokuriku.co.jp
570547,karmaeast.com.au
570582,kolhanuniversity.ac.in
570586,kalashnikov.market
570594,kinderedu.ru
570604,kongotechs.net
570610,komikav.net
570616,kpm-berlin.com
570669,kea-bot.com
570732,kvikcdn.dk
570759,keesing.com
570789,kridtvejsplanter.dk
570848,kolson.online
570883,kisak.ru
570913,karmanirvana.org.uk
570936,koalabay.com
570946,kotsovolos.cy
570983,kobochan1313.com
571078,kvarz-shop.ru
571119,kookmutsjes.com
571136,kisseat.com
571157,ktc-kushva.ru
571166,kvirc.net
571169,kyagr.com
571266,katathani.com
571406,kampas.lt
571407,karzoun.chat
571408,kayttoauto.fi
571409,khodroshop.ir
571410,kiteprop.com
571411,korabia.net
571412,koupelny-ptacek.cz
571413,kumopoi.org
571567,kagoshima-yokanavi.jp
571602,konverse.com
571637,kansallisarkisto.fi
571652,kreuzfahrten-und-weltreisen.de
571705,ktgy.com
571713,koka.lg.jp
571744,korkep.sk
571765,kirschenmarkt-gladenbach.de
571792,komik.one
571834,kds.dk
571937,ksoumysuru.ac.in
571977,k12.com.cn
572063,kobe-realestate.jp
572189,kumasfirsati.com
572191,kestarcoffee.com
572283,kogama.rest
572289,kickitout.org
572315,kpmgwomenspgachampionship.com
572319,kingroyal-corel.vip
572371,kazinopromokod.ru
572379,kpq36crg.com
572400,kuku8.net
572523,ksella.ru
572531,kiwislots.nz
572545,krave.golf
572562,kmkk86.com
572630,kbitehosting.nl
572676,kokutheshikoku.com
572775,klickpages.com.br
572812,kom.at
572817,kovorkingi.ru
572867,kupit-diplomis-v-prokopevske-42.ru
572892,kabelpost.de
572969,kiks.pro
573010,kholmsk-arena.ru
573102,kompster.com
573118,kupit-diplomys-v-eliste-08.ru
573126,kupit-diplomys-vo-vladivostoke-25.ru
573155,kinzaa.ru
573197,katori-jingu.or.jp
573305,kokorojapanstore.com
573330,kasla.ru
573416,krua.co
573423,kvinta.cloud
573531,kupit-diplomus-v-abakane-19.ru
573593,kibou-number.jp
573804,kiacheapparts.com
573818,karuk.us
573855,kirklandreporter.com
573922,kzibank.kz
573983,knightarmco.com
574041,kisswin00.top
574061,kwu.edu
574078,korsholm.fi
574109,kupit-diplomis-v-nefteyuganske-86.ru
574119,k.com
574154,kensington.ca
574191,kropyvnytskyi-yes.com.ua
574238,krikya-bd.com
574277,kansaisuper.co.jp
574284,kipogeorgiki.gr
574303,klinikum-ingolstadt.de
574306,katoennatie.com
574308,kawatoku.com
574394,kmg-kliniken.de
574433,k3info.ru
574451,kuechenportal.de
574485,kunstmuseum-stuttgart.de
574534,koreandrama.org
574626,kochinet.ed.jp
574674,knotfest.com
574687,kevserdenizi.com.tr
574693,kskgroup.ru
574726,kneippbyn.se
574905,kraeved29.ru
574995,kokku-online.de
575006,kantor.pl
575010,kheloindia.gov.in
575100,kemahboardwalk.com
575114,karaoke-semenov.ru
575130,koshkindomik.icu
575133,kazakhstan.travel
575161,kotmatros.ru
575246,kupit-diplomis-v-kolomne-50.ru
575256,kmblabs.com
575307,kronos5.ru
575324,kepler-aws.de
575342,kurusetra.id
575364,kabaretowebilety.pl
575409,kwtftg.com
575532,kayak.ai
575573,korankaltim.com
575600,kaflando.pl
575665,kauf6.com
575671,keke1.app
575747,kubaszka.pl
575791,komodo.jp
575795,kiweb.de
575828,koreayoasobi.com
575851,kadonation.com
575860,kwb.net
575895,kanwaylogistics.com
575940,kayospruce.com
575942,kinkywonderland.ca
575978,korupaja.fi
576009,kardanbalans.ru
576012,kupit-diplomus-v-essentukah-26.ru
576051,kawartha411.ca
576095,kcdg.org
576098,kupit-diplomis-v-orehovo-zuevo-150.ru
576119,kik.at
576125,kupit-diplomis-v-krasnogorske-90.ru
576170,kier.re.kr
576215,ktuniver.ru
576259,klebebildchen.net
576306,ktrcw.com
576318,kvartersmenyn.se
576340,kaffee-welt.net
576414,kinostart-1.top
576462,koisushi.lu
576501,kravitz.co.il
576540,kokuyorum.net
576657,kopbeacon.co.uk
576801,kleokolor.com
576947,kol-barama.co.il
576975,kamuchat.net
576976,kyb-europe.com
576977,kingabdullahport.com.sa
577014,kti.hu
577049,konsument.gov.pl
577066,kidsy.co
577135,ksk-soltau.de
577210,kuzuha-mall.com
577217,kozosushi.co.jp
577224,ktelattikis.gr
577373,korean-skincare.de
577391,karamanozelenvar.com
577412,killonline.co.uk
577438,kleve.de
577445,ksmetals.uk
577502,kaffeetraum.com
577506,kamigamojinja.jp
577521,ketaabonline.com
577539,koehntopp.de
577541,k2key.com
577552,krasavtovokzal.ru
577640,kochenohne.de
577642,ktponline.org.uk
577646,kinokrad.world
577702,krungsriauto.com
577755,klixshop.com
577866,kemp.ax
577914,kargombedava.com
577978,kvmz.ru
578034,karafarin-insurance.ir
578062,kimonomachi.co.jp
578086,klarstein.es
578111,kd13shoes.us
578139,kushkaz.ru
578184,klubnichka-hd.com
578203,keyapparel.com
578241,karnavatiuniversity.edu.in
578246,kingdomofmen.com
578260,kunjinmotors.com
578383,kbfg.com
578479,kentwildlifetrust.org.uk
578482,kirche-im-swr.de
578575,kawasaki-india.com
578612,kallist.gr
578656,klinikum-dresden.de
578675,kenfm.de
578691,kuenker.de
578712,kosovotwopointzero.com
578731,kerastase.com.au
578765,kaposvarmost.hu
578808,kak-ef.de
578845,kebuluk.xyz
578875,kj.de
578907,klangheimat.de
578919,kaitoricollector.com
578934,karri.global
578935,karoo.com
578980,kaitran.net
579036,kafe.co.il
579039,kontaktapp.ru
579152,kicks105.com
579197,knx-fr.com
579201,katysuedesigns.com
579325,keepshare.cc
579400,khunghinh.net
579475,ktktelecom.ru
579493,kapelnicza-ot-pokhmelya-samara-1.ru
579522,kasat.pl
579614,kursk-school33.ru
579617,kush31.ru
579631,kupit-diplomis-v-severodvinske-29.ru
579634,karnix.pl
579657,knjizara.com
579658,kuwhost.com
579680,k-arena.com
579715,klikareto.com
579744,kifache.com
579763,kipo.go.kr
579809,kiet.edu.pk
579914,kowtowclothing.com
579953,karlson-berlin.com
579963,karlstrauss.com
579980,kellogggarden.com
579982,komornikstargard.com
579985,kursifant.com
580016,kv9.ru
580080,kitaco.co.jp
580120,kreis-lup.de
580128,kidsvacances.fr
580171,kitsunemimi.pw
580256,kazgate.kz
580277,kintone.help
580304,kunst.dk
580308,katana-spins-casinouk.com
580382,kindergartenpaedagogik.de
580420,kupit-diplomis-v-nazrani-06.ru
580501,klimatizace-autoklimatizace.cz
580517,kantobus.co.jp
580540,kappastar.com
580566,kpp72.ru
580576,ktp.net.id
580601,kendallsubarumarysville.com
580602,kansasspeedway.com
580627,krepublishers.com
580675,kvish6.co.il
580732,kasuto.net
580777,ksk-immobilien.de
580810,kaiseido.info
580816,kwaaijongens.eu
580818,kammijogja.org
580823,kuwaiticasinobonuses.com
580824,kazan-name.ru
580863,kidsgo.de
580944,kikivoice.ai
580945,kingroyal-gunceladres2026.vip
580981,kvika.is
580994,kaiserkraft.ch
581023,kawasaki-motor.co.id
581029,ks-keepsmile.com
581120,klr3.casino
581158,ksro.com
581240,knigarezka.ru
581263,kachelmann-shop.de
581276,kungalvsposten.se
581301,kingmakercasinos-fi.com
581309,kupit-diplomis-v-zlatouste-74.ru
581326,keppelcorp.com
581368,kucukcekmece.istanbul
581390,kupit-shiny.ru
581456,kualianks.com.cn
581465,kick-video.download
581557,kupit-diplomys-v-kaluge-40.ru
581628,kupit-diplomis-v-derbente-102.ru
581657,kpametall.by
581675,kuplusrazu.ru
581685,khelo24bet.com
581698,krasnoturinsk.info
581748,kupit-diplomys-v-angarske-33.ru
581765,kupi-kvartiruspb.ru
581823,kliniken-koeln.de
581844,kinofilmrf.ru
581847,kupit-diplomis-v-murome-33.ru
581855,kdwebs.com
581895,king-moto.com
581897,kreska.art
581915,krasunindim.biz
581917,kupit-diplomus-v-astrahani-75.ru
581998,kupit-diplomys-v-novom-urengoe-89.ru
582018,kupit-diplomis-v-kopejske-74.ru
582024,keepcalling.com
582061,kardmatch.com.mx
582104,kannaujattar.com
582123,kifunejinja.jp
582126,knowafest.com
582133,kongessloejd.com
582170,kazatu.edu.kz
582214,kazanskiye.ru
582245,kbcsm.hr
582258,kcaw.org
582310,ks-tech.org
582321,kasino-unlim.ru
582371,kitty-vpn.net
582425,kdwebserver.co.uk
582480,kupit-diplomys-v-velikom-novgorode-53.ru
582533,kupit-diplomis-v-salavate-102.ru
582541,kamiina-botan.com
582543,koreanwar.org
582574,kanlux.com
582583,khushbujewellers.com
582595,kazino-online.casino
582630,kiwa.de
582644,kuluttaja.fi
582664,keywordtooldominator.com
582688,kozlov.io
582693,kellyspicers.com
582710,koorsen.com
582758,kosmima24.gr
582836,ktcgkpv.org
582847,keysearch.co
582934,kupit-diplomus-v-habarovske-27.ru
583002,kohepets.com.sg
583008,kidsinthehouse.com
583071,kityfeed.com
583093,kbkids.com
583123,kessberlin.de
583163,kure.com
583172,korea.co.kr
583200,karp.ro
583225,kidgameshow.com
583287,koder.uk
583291,kakaobank.cloud
583344,kopirych.by
583356,kurs.com
583364,krj.co.kr
583371,kruskis.net
583382,kajakkenusport.hu
583412,kresla-shop.ru
583431,kupit-diplomys-v-joshkar-ole-12.ru
583463,kuntaliitto.fi
583472,kruuna-fi.com
583571,kill.jp
583614,kupit-diplomis-v-syzrani-63.ru
583643,kbam.co.kr
583693,kic-momochi-seikotsuin.com
583921,kabarjombang.com
583922,kaloricketabulky.sk
583923,kasemato.net
583924,kensakun.net
583925,keplaca.com
583926,kfcindia.co.in
583927,kisskh.com.my
583928,komikspec.pl
583929,kutub-pdf-ar.com
583930,kytary.pl
584202,konzertkasse-dresden.de
584295,kupit-diplomis-vo-vladikavkaze-15.ru
584337,kawasaki-keiba.jp
584393,kabis.net
584460,kakaoent.com
584484,keithandthegirl.com
584520,kudumbashree.org
584621,kredily.com
584707,karadakarute.jp
584708,kobe.jp
584720,kupit-diplomis-v-arteme-25.ru
584754,kfv-ab.de
584759,kuvempu.ac.in
584770,kupit-diplomx-v-yaroslavle-78.ru
584782,klimaanlagen-heizungen.de
584854,khitrenovich.com
584901,koffy.finance
584976,k9sforwarriors.org
585053,knowmore365.com
585069,kdewebdev.org
585104,kiesmbo.nl
585115,kaisharesearch.com
585122,kapelnicza-ot-pokhmelya-nizhnij-novgorod-7.ru
585130,kupit-diplomas-v-penze-58.ru
585140,kindindianporn.com
585151,khabara.ru
585183,kaisers.jetzt
585190,kd12.org
585229,kzpgroup.ru
585248,kraevoy.online
585304,kazandirio.com
585369,kupit-diplomus-v-volgograde-34.ru
585372,klarnapayments.com
585384,kupit-diplomis-v-orske-56.ru
585471,kuhh4jo.com
585482,kickwho.info
585485,kupit-diplomyx-v-krasnodare-123.ru
585554,kupitpravan.com
585617,kanpai-japan.com
585642,kemi.fi
585644,karelcapek.co.jp
585661,kmtel.com
585700,kuaidaili.com
585729,kilo6alga.com
585747,kylesconverter.com
585771,kinomuranow.pl
585819,kashtanporn.com
585871,kisnet.or.jp
585889,knip.jp
585939,kamux.fi
586020,kunsthalle-karlsruhe.de
586024,krep-komp.ru
586040,kaitoriouji.jp
586051,kingabdullah.jo
586062,kounelis.com.gr
586122,kubota-kna.com
586127,kunstloft.de
586154,katmaicapital.com
586165,kitadenshi.co.jp
586203,kupit-diplomis-v-kaspijske-05.ru
586249,kccs.ru
586340,kurikore.com
586383,kpopjuice.com
586438,karmak.com
586537,kreis-kleve.de
586621,kjyd888.cn
586627,keeptalkinggame.com
586669,khk.cz
586676,keonhacai55.blog
586688,kompasgid.ru
586699,kalamies.com
586762,kadis.ru
586785,kobdi.co.kr
586814,kedi.re.kr
586832,kod.am
586859,kyari.co
586904,kadastrpro.com
586949,kouponmedia.com
586974,kino.watch
586996,konas-coffee.com
587036,kozadat.hu
587047,kulturradet.se
587073,kagawabank.co.jp
587089,kadence.in
587180,kinogo.mom
587235,kumon.co.uk
587246,kugaownersclub.co.uk
587255,knolix.com
587265,keeptank.rs
587333,kotea.com.ar
587355,kaeltefischer.de
587561,kuruma-hack.net
587617,kumamotodentetsu.co.jp
587647,kurgan.ru
587718,kungaslottet.se
587732,kush-casino1.com
587790,katteb.com
587802,kwsa.pl
587848,kimex.kz
587865,kazanone.ru
587957,kiss-chats.com
588002,kobot.cloud
588007,kps.com
588039,kenixmarine.com
588086,khk.ee
588091,knapman-dns.nl
588107,krtk.life
588129,keds.co.il
588227,konradin-online.de
588261,kanal46.com
588455,kampmann.de
588465,konsentas.de
588513,kalamaria.gr
588517,kbdb.be
588539,kawaiishop.jp
588544,kuvb.de
588556,katsnaturals.com
588588,knowthebible.world
588603,klarguck.de
588606,koordinates.com
588617,kingdomsubgraph.com
588642,kemono.cv
588709,khersonka.com
588716,kankaanpaanseutu.fi
588885,kryptoniteproducts.com
588954,kick-mellstroy.ru
589005,kandianshi.org
589028,kwangju.co.kr
589032,kredito24.ru
589126,kemnet.ru
589149,k8.com
589166,kayabasidigital.com
589192,kdka.com
589335,kottayammedia.com
589350,kncb.nl
589398,kobukuro.com
589483,kjgr.net
589502,kencove.com
589612,khusoko.com
589615,kirklareli.edu.tr
589636,khaitanco.com
589660,kdul.ie
589672,kura-corpo.co.jp
589674,kredaqro.com
589770,k12us.com
589815,kkgogo.com
589843,killerfrogs.com
589873,kingbets.co.za
589895,koinworks.com
590030,khanaan.pk
590081,kontrabandcontent.co.uk
590089,kffb.com
590106,kstdc.co
590129,kinokrad.club
590169,konturnovosti.com
590215,kunien.cn
590267,kaivalinfotech.com
590341,kiids.at
590373,kazfootball.kz
590377,kntv.sumy.ua
590378,kmtire.com
590383,kohala.com
590385,kampnic.net
590463,kollmanndesign.at
590491,koalabait.com
590516,knifeofficial.de
590564,komandor.pl
590574,kak-najti-cheloveka-po-nomeru-telefona-2.ru
590675,kickoff-sportspub.dk
590718,kasemkijapts.com
590735,kalemegdan-disk.de
590791,kolitz.info
590793,koideneuf.com
590803,koganmobile.com.au
590836,kcchiefs.com
591181,ktmoli.com
591260,kauverymeds.com
591470,karrostech.net
591480,kawamura.co.jp
591488,kitchenaid.it
591510,kaspa-pool.org
591526,kineticpost.co.uk
591626,k516g.com
591709,kotelok.by
591717,koshkimira.ru
591799,krakend.io
591861,kidcuisine.com
591893,kinodomino.online
591995,krasparking.ru
592006,kalkulator.cz
592075,kpopn.com
592096,kollises.gr
592110,kmatzlaw.com
592137,kimcartoon.si
592148,kuss.cl
592161,kolite.bg
592173,kitemana.com
592339,kazantennis.ru
592393,koberce.sk
592400,kaiyundp.com
592407,kusa.ac.jp
592410,kohlerpower.com
592486,kiyobeauty.com
592531,koya.gg
592535,knhmjypja.cc
592538,keu.kz
592543,kmkiletisim.net
592574,krovatka.su
592579,kommunikations-dienste.de
592586,kalasanati.com
592655,kaufino.com
592671,kenniscentrumsportenbewegen.nl
592700,kansasui.gov
592751,kakapart.com
592852,kingpintattoosupply.com
592883,kalitehost.com
592948,kviknet.dk
593008,kompkin.in
593021,keyworddiscovery.com
593045,kaitorisatei.info
593054,kusuriexpress.com
593124,kyoraku.co.jp
593158,kaiser-buerotechnik.net
593198,kidscraftroom.com
593242,kinston.com
593255,karakosehaber.com
593325,kolejkowo.pl
593344,kechtube.com
593351,kiosk-online.de
593361,kentfieldkids.com
593386,klilu.de
593389,kerjaya.co
593398,k-lab.su
593479,kingspan.net
593509,kreabel.fr
593575,kariyerbankasi.net
593609,kellerisd.net
593616,kofiannanfoundation.org
593697,kmartphotos.com.au
593700,knights-visual.com
593928,koreanstudies.net
593933,kandu.co.jp
593955,kinbetcasino-hu.com
594113,knobs-etc.com
594168,kairosweb.com
594213,kwvr.co.uk
594219,kmff29.com
594272,krickshop.de
594487,ktvlottery.com
594523,kviku.space
594552,kcu5qsvalue.pro
594555,kcn-ltd.ru
594650,killa.cc
594678,kissfreely.com
594701,k-tounyu.jp
594776,kuriharacity.jp
594799,keepinspiring.me
594806,krugaresnica.info
594857,korona-kielce.pl
594898,kers.sh
594902,klfree.cz
595088,kymenhva.fi
595103,koshidaka-job.net
595104,kingcloud.in
595106,koraex2.com
595120,kriscarr.com
595146,kikyps.com
595166,kainexus.com
595237,kraspg.ru
595239,kiliba.eu
595283,keanemusic.com
595342,kdosainttropez.com
595378,ksgr.org
595399,knv.de
595421,kyoto.coop
595434,klockor.com
595465,konextelecom.net.br
595478,kronikidziejow.pl
595515,kin-ei.co.jp
595519,kreatima.com
595520,kallback.com
595586,kinosaki-spa.gr.jp
595603,kornyeke.hu
595611,kt-pay.com
595626,kaizuka.lg.jp
595640,ko-nenkilab.jp
595683,konsom.ru
595734,keenmouse.com
595757,knifemerchant.com
595804,kazminerals.com
595833,kdvz.net
595927,knightmare.com
595953,kupit-attestatux-v-spb-812.ru
596097,klikpositif.com
596101,kernals.net
596213,karleedress.com
596274,khqm1.com
596339,kosmix.com
596440,kunstbilder-galerie.de
596490,kidsmanga.com
596497,kittentekoop.nl
596573,karglobal.com
596604,kkeyser.com
596638,kindfashionstory.nl
596642,kiaconwayparts.com
596643,kinseysinc.com
596650,kupfer.cl
596674,kiron.ngo
596681,kodebergen.no
596742,kellerencompass.com
596750,kentstreetcellars.com.au
596764,kingprize.com
596818,klinq.com
596868,komdsl.de
596911,kanyaclinic.com
598500,k24.co.id
598501,k666a.com
598502,kableone.com
598503,kaitorishouten-co.jp
598504,kalimantanpost.com
598505,kamapapa.com
598506,kanhuji.com
598507,kanliao16.com
598508,kanliao26.com
598509,kanliao28.com
598510,kanoongpt.in
598511,kanteikyoku-web.jp
598512,kanwalmalik.com
598513,karabama.com
598514,karcher.com.br
598515,kare-click.fr
598516,karenpharma.com
598517,karumrouge.com
598518,katzauction.com
598519,kawak.com.co
598520,kaze.so
598521,kbkb.bet
598522,kebet.ai
598523,kellokortti.fi
598524,kenelestore.jp
598525,kenkey.jp
598526,kensho-games.com
598527,kerasom.kr
598528,keretaapikita.com
598529,khalidhalabi.com
598530,kharazmibroker.ir
598531,khayest.pk
598532,kheilisabz.com
598533,khma.org
598534,kickass.sx
598535,kickasstorrent.cr
598536,kidsonline.edu.vn
598537,kiekkokingi.fi
598538,kiilife.jp
598539,kiltedcompetitions.co.uk
598540,kimsonline.co.kr
598541,kinderkraft.it
598542,kinderloop.com
598543,kindyhub.com.au
598544,kingdomcity.com
598545,kingitus.ee
598546,kingstyle.by
598547,kinoger.to
598548,kirloskar.com
598549,kis-online.com
598550,kisah.in
598551,kishispo.net
598552,kiss18.org
598553,kisskh.li
598554,kitsguru.com
598555,kjamovies.site
598556,klarstein.it
598557,klevarange.com.au
598558,klikitalia.com
598559,kliknss.co.id
598560,klippkungen.se
598561,kloa.gg
598562,km354.com
598563,kmm-th.com
598564,kochut.org
598565,kocos.bg
598566,kolaymama.com
598567,komo.co.il
598568,komponentci.net
598569,koneko-navi.jp
598570,koodoo.co.za
598571,koreanbeautys.com
598572,koroglugazetesi.com
598573,korso.pl
598574,kosik.sk
598575,kotas.com.br
598576,koukaparis.com
598577,koyal.pk
598578,kpweld.com
598579,kranosgr.com
598580,kris06.bg
598581,krvods.com
598582,kryosysapp.vip
598583,kspaceproject.com
598584,ktelbus.gr
598585,ktff.org
598586,ktkbank.com
598587,kulkabransoletki.pl
598588,kumaraw.com
598589,kunfupay.com
598590,kuplio.hu
598591,kuromangas.com
598592,kurosearch.com
598593,kviku.ph
598594,kynaforkids.vn
598595,kyocera-solar.jp
600344,kuaichezym3u8.com
600373,kirikomade.com
600459,kingagro.es
600485,knittingindustry.com
600505,keysiworld.com
600507,kinoxit.net
600550,kinggizzardandthelizardwizard.com
600621,kody.pl
600710,keneibus.jp
600712,kenguru.ru
600716,koresoftware.com
600736,kikuu.com
600749,k-ballet.co.jp
600776,k-tcg.com
600793,kfpicture.xyz
600827,kiss2day.com
600902,killdaily.com
600970,kf0lpt.com
600974,kpd2.ru
601010,kolibree.com
601075,koica.go.kr
601141,kgm.ru
601196,kamawanu-store.jp
601251,krb.co.kr
601300,knots.io
601383,kustbandet.com
601406,kraft.com
601413,kinomobila.net
601417,khsmserver2.nl
601458,kencooutfitters.com
601478,kipplay.com
601483,klinikum-fuerth.de
601530,kemomimirefle.net
601588,kikijewelrydiy.com
601618,kpl.org
601619,kappe.co.jp
601627,kaplog.com
601640,keyfly.shop
601681,kustvaartforum.com
601707,kappe.ne.jp
601770,kellerfahnen.ch
601802,k-madridbet.com
601807,kingformedia.com
601873,kinkodo-calendar.com
601964,kodaiji.com
601991,kotomatrix.ru
602002,kodms.ru
602053,kulturnimapa.cz
602063,ketapangkab.go.id
602078,ktep.org
602193,kokoshiro.jp
602232,kent216.com
602324,kvety.sk
602344,kss.com.tw
602346,kooralive.fans
602368,killf.info
602381,kilpatricktownsend.com
602421,kara.bet
602442,kecrpg.com
602505,komplettbor.hu
602512,kyrie7.us
602565,kaiwind.com
602576,kidsdata.org
602582,khongcochi.com
602600,kumano-travel.com
602627,kaartdirect.be
602661,kirin.com.tw
602673,kudrna.cz
602721,kkkjili16.com
602748,kaicus.com
602751,krasnodargorgaz.ru
602816,koyama.co.jp
602832,kraken-tactical.fr
602883,kisdi.re.kr
602992,kithara.de
603011,kshot.com
603012,k46u8.com
603035,kidneyeducation.com
603041,kamprok.ru
603053,kaiciid.org
603093,kmmo.com
603130,kurs-rublya.ru
603142,kf.ru
603148,konyaninsesi.com.tr
603178,kmzs123.top
603183,kg.net.pl
603185,katakura.net
603237,keeperranking.com
603294,kaixinyf.cn
603334,kenmaybepublisher.com
603335,kekouwu.com
603394,kiemsat.vn
603444,kpoppost.com
603498,keyfobprog.com
603574,kazanyes.ru
603594,ktr.pl
603609,kindstudios.gr
603630,klickparts.com
603662,kidsartncraft.com
603699,khpcontent.com
603764,kubeshark.com
603857,korworkflowfunds.com
603926,kiev-online.com.ua
603944,kancelyaria.com.ua
603970,komirokiss.info
603978,kobietymedycyny.org
604003,kent622.com
604013,kotablitar.id
604023,klangfarbe.com
604053,knockoutbuzz.com
604103,korandel.net
604127,kintafitness.com.au
604237,kc-i.jp
604246,kelstone.com.my
604264,klikvoorwonen.nl
604291,krascor.ru
604315,kulturecity.org
604445,kaamkaaziclub.com
604458,komikkita.com
604472,kurslar.az
604500,krankenhaus.de
604502,k1s.jp
604510,krh.de
604584,kirche-buederich.de
604658,kimurasoap.co.jp
604688,kodaris.com
604701,korpus.cz
604805,kayak.com.ec
604843,katushkin.ru
604850,kuai-fei.com
604877,kbbi.web.id
604915,keepinhosting.com
604959,kmsnews.org
604968,kofflersales.com
604978,k6jwn.org
605026,kudaukupovinu.rs
605065,kickmygeek.com
605201,kherson.name
605221,ko-me.com
605249,kjmcobuckle.com
605262,kgab.com
605307,kindvoiceweekly.nl
605392,keeptrack.space
605402,kilchberg.ch
605407,kelehut.cc
605440,kerranelamassa.fi
605562,killdisk.com
605569,kyoceradocumentsolutions.co.uk
605582,kamifiles.com
605589,kiu.ac.jp
605601,krysstal.com
605606,kent856.com
605621,karateis.ru
605641,ksm-motorsports.com
605645,kiwify.app
605683,kyleam.com
605707,kig.pl
605710,komarketing.com
605747,kibriswebhizmetleri.com
605784,ktsd.cc
605959,kayzen.az
605966,kinogo.camera
606001,kultur.istanbul
606009,kgsands.co.uk
606173,kcgsbok.com
606253,keeta.com
606282,kalimataghani.com
606283,karincaciftligim.com
606295,ketabejamkaran.ir
606302,ki-cafe.ca
606325,keyrus.com
606350,kosoku.jp
606383,kia.eu
606401,kjyz282.cn
606558,kent802.com
606592,kigyolog.com
606603,kitchenlivingdining.com
606651,kazzit.com
606708,krushikendra.com
606722,keepcoding.io
606739,korukids.co.uk
606784,knowledge.edu.pl
606804,kuzhuangwang.com
606819,kv.com.ua
606839,kidsmegamall.com
606856,kokuyo-shop.jp
606869,kartogiraffe.de
606963,katvr.com
606983,kidsoundbook.com
607001,kitristudio.com
607022,kolleno.com
607024,kompany.net
607025,kaptenslot1a.com
607064,kupit-attestatus-v-ufe-347.ru
607072,koppert.com
607105,keshavinternational.com
607152,khio.no
607173,kyu-you.co.jp
607200,klosterfrau.de
607262,koreabulk.net
607301,kantox.com
607341,kurskokptd.ru
607468,kabarsebelas.com
607469,kalowave.com
607470,kamihimeproject.net
607471,kebohua.com
607472,kidszzanggame.net
607473,kiswara.co.id
607474,kpjy.shop
607475,kpy0qlxg4.com
607476,kunlun07dns.com
607694,kheaa.com
607701,knaapo.com
607702,katzstealer.com
607717,kaguya.love
607791,konst.se
607880,ktron.in
607938,koolfm.audio
607946,kml1.org
607976,kelas-karyawan.id
607997,kdei-taipei.org
608039,keyuanled.com
608045,kadbase.ru
608073,krzbb.de
608096,kinokong.fm
608114,kinenbi.gr.jp
608135,kotka.fi
608159,kultho.ro
608160,kvstore.it
608178,kma-ua.com.ua
608179,kanthabae.com
608190,kropla.com
608225,kbane.com
608303,kushiro-ct.ac.jp
608323,karamandauyanis.com
608325,kino-go.dev
608335,kellyvillepets.com.au
608406,kumpedns.us
608419,kontera.com
608434,kciiradio.com
608435,karniz.ru
608526,kystfort.com
608555,kmanpub.com
608650,klimabuendnis.org
608676,kellfri.se
608700,kvepalusala.lt
608726,kopp-verlag.at
608757,kirrinfinch.com
608792,kaparts.ru
608798,kbt.pl
608879,kontourmedical.com.cn
608953,krasotka-fl.com.ua
608955,khoavang.vn
608995,kolokram.cz
609007,kipucompliance.com
609020,k-politika.ru
609099,kindmusictoday.nl
609189,karrimor.jp
609193,kasefilter.be
609289,kreatio.info
609310,kinogohd.im
609324,knapco.com
609348,kukimukilogin.com
609420,kamin.ru
609462,kagaya.co.jp
609473,kipdf.com
609479,kevsbest.com
609501,krnap.cz
609547,kansas94.space
609587,kindergartenworksheets.net
609616,keaprogram.gr
609718,koozai.com
609777,kundo.app
609802,kingliving.com
609832,kinderlampenland.de
609839,kupit-attestatus-v-omske-381.ru
609902,klorfloor.com
609947,kneo.me
610053,kohlz.com
610059,kanchankabra.com
610136,kingscamo.com
610165,krot.tech
610187,kriss-usa.com
610220,koreancosmetics.fr
610293,kultur.jp
610367,kartuvipqq.net
610370,karehq.com
610372,kat.cc
610381,keiba.or.jp
610402,keyword.io
610405,kontekteknik.com
610492,kaplantel.net
610501,kolyaakob.com
610549,kleemann-rockstars.de
610737,knowledgebases.net
610753,kcrent.jp
610761,kenchiku-bosai.or.jp
610829,kitsura.fun
610930,kg-clinic.ru
610934,kana.fr
610964,kdv37.ru
610970,knic.net
610976,kentatheme.com
610988,keeperfantasy.com
611093,kurtosys.com
611118,koddi.or.kr
611144,krampouz.com
611188,kissandfly.ro
611229,ktelmacedonia.gr
611262,kent894.com
611295,kuchiku.digital
611307,kych.co
611310,kiriazi-maintenance.xyz
611321,kocsistem.com.tr
611397,kravis.org
611417,kitti.ac.th
611418,kniganet.ru
611516,kapelnicza-ot-pokhmelya-voronezh-17.ru
611519,kamuflage.ru
611646,ketabpedia.com
611656,kyivhotels.net
611683,kent857.com
611702,kinoarena.com
611779,kalatecmaquinas.com.br
611786,kupit-diplomas-v-izhevske-18.ru
611789,kimchichicbeauty.com
611795,kyushin.co.jp
611851,kms-technology.com
611875,kemco.jp
611910,kundenservice-bausparen.de
611959,kushiro-lakeakan.com
611971,kumirtele.com
612306,kachlickovo.sk
612307,kacyasinda.com
612308,kaku-navi.com
612309,kapterka.com.ua
612310,kardoapp.com
612311,kareshoma.com
612312,karshod.ir
612313,kartaban.com
612314,ketoanthienung.net
612315,keysauctions.co.uk
612316,khy1j.com
612317,kitabghor.com
612318,kiwicredito.com
612319,klarstein.pl
612320,kld-c.jp
612321,knives.pl
612322,konkurcomputer.ir
612323,konohoken.com
612324,kpiasacademy.com
612325,krungsrisecurities.com
612326,krushikranti.com
612327,ksisters.pl
612328,kts-web.com
612329,kub.az
612330,kzmusicstore.com
612331,kzmusicstore.com.br
612726,kaltimkita.com
612942,krakowchanka.eu
613037,koolworks.com
613064,kh-ksa.com
613147,karunatrust.com
613173,kprfnsk.ru
613193,keysmith.bz
613275,kondela.hu
613287,kenpo.gr.jp
613372,kawa.club
613395,kq90.com
613486,kyoto-komaki.jp
613516,kviknet.net
613537,kalender.se
613539,koeblergerhard.de
613569,kalvista.com
613582,kcrone.net
613776,konczewice.pl
613798,kentei-maker.com
613812,k2datovecentrum.cz
613833,kirinholdings.co.jp
613841,kegel-plan.com
613852,koshurwear.com
613853,kpmg.fi
613870,kiszervezettmarketing.hu
613873,keyfobx.com
613960,kurashi-to-oshare.jp
613973,kalon.ai
614035,kapelnicza-ot-pokhmelya-samara.ru
614044,kominato-bus.com
614067,keshet.com.au
614071,kuizy.net
614081,king-hills-casino-online.com
614109,kupit-diplomus-v-armavire-23.ru
614125,kellyclarkson.com
614136,kavip.com
614171,kanagawa-fa.gr.jp
614196,kkyou.cn
614229,ktabkbih.net
614255,kingkit.co.uk
614275,koreafurniture.com
614283,kia.com.br
614290,koeln-insight.tv
614324,kennzeichen.de
614386,kayaksonline.es
614387,keepincrm.com
614388,koreabe.com
614389,kraft-net.co.jp
614390,kredito.id
614460,krakow-trend.eu
614462,kissmygumbo.com
614472,kildemoes.dk
614520,kundenserver42.de
614577,keralabookstore.com
614622,kupit-diplomis-v-sochi-93.ru
614623,kelnik.ru
614639,kbbonline.com
614644,kirihara.co.jp
614648,kodeks-drogowy.org
614666,kghm.pl
614722,ketchuphughes.com
614726,kreutztraeger.com
614809,kajimotomusic.com
614825,kingroyalguncelgiris.pro
614907,kmyu.tv
614952,kleinmetall.de
614964,kungalv.net
615063,konnybaby.jp
615084,kameya-choka.com
615085,karavanclothing.com
615108,killerburner.com
615153,kooappslogs.com
615226,kazan2013.ru
615238,koopmans.com
615264,ker-sun.de
615309,kedrosky.com
615319,krakowskiye.eu
615379,kingroyalguncelden.com
615413,kyowon.co.kr
615420,kd0ioe.com
615439,keybypass.net
615442,knitroot.com
615460,kfym988.cn
615466,kuyou.id
615535,kayanhr.com
615537,killersports.com
615557,kdpress.co.kr
615700,kyu.ac.ke
615701,kupit-diplomyx-v-ekaterinburge-96.ru
615745,kmspico.lc
615780,kyusho.co.jp
615800,kimyaciniz.com
615809,koronapos.com
615875,kuangsen.net
615893,kupadomeny.sk
615944,kuliahkaryawanmakasar.com
615976,klinikaambroziak.pl
615990,kreuzschmerzen.org
615999,klientuportfelis.lv
616012,kyut.dev
616051,kickrank.co.uk
616087,kupit-diplomus-v-magnitogorske-74.ru
616095,kakujoe.co.jp
616306,kskhwd.de
616347,kosmodromstudio.com
616398,kalanjali.com
616434,kbis.com
616480,krypton.co.za
616491,katastar.gov.mk
616665,kisosansenkoen.jp
616671,kreis-rendsburg-eckernfoerde.de
616729,kimisuka.com
616771,kupit-attestatx-v-moskve-495.ru
616773,kwap.gov.my
616812,klimabuendnis.at
616924,ksl.ac.ke
616992,koreapartner.biz
617042,knowledgenet.ai
617106,karhub.com.br
617136,knnv.nl
617140,kpc.com.kw
617205,kilkennygaa.ie
617229,kdmc.net
617250,kialo-edu.com
617311,kem.com.mx
617414,kinogo.film
617463,klickecho.de
617469,kelloggs.fr
617471,kaysen105.space
617497,kaientai.cc
617528,kom5.buzz
617544,kupit-diplomys-v-evpatorii-82.ru
617555,kurashiki-oky.ed.jp
617648,koppers.com
617732,kathrynsreport.com
617767,kfcvietnam.com.vn
617797,kon-tiki.no
617853,kmpo.ru
617884,kingsu.ca
617911,kherson-yes.com.ua
617955,kronapark.ru
617972,kleygelatin.ru
618005,kiqiqp.cn
618009,klimaatinfo.nl
618077,kirchheim-teck.de
618106,klaipeda.lt
618117,krakow-future.eu
618168,kuyifen.com
618194,kardiq10.com
618328,kboxtv.net
618353,kievflower.com.ua
618359,kumiko-jp.com
618370,knapeandvogt.com
618395,kingkong.co
618426,kupit-diploms-v-engelse-64.ru
618443,kite-clothing.eu
618469,kajitsuen.jp
618481,kinotut.net
618529,kinderwagencenter.de
618558,kupit-diplomix-v-pervouralske-66.ru
618563,kikosi.com
618594,kirtour.ru
618599,kosiol.info
618614,kalbis.ac.id
618658,kiefer.com
618806,kakunosh.in
618827,kskwn.de
619043,kameralaukku.com
619046,kerrisontoys.co.uk
619053,kunzekom.com
619064,ka-ip.net
619073,klussmann-friseure.de
619078,king-jouet.ch
619107,kleisinger.de
619179,kinderfreunde.at
619185,kpnqwest.fi
619322,kjronline.org
619330,kikipedia.win
619426,kinkycats.org
619445,kawaiiwallpaperai.com
619471,kunstinzicht.nl
619511,kmtstar.com
619512,kaat.jp
619585,kaisar4dtotogx.com
619649,kabuto.io
619650,kalexinternational.com
619738,karurijewellers.com
619739,kbnmnl.com
619740,kuaiduizuoye.com
619801,kfbv7bh7.com
619804,kochschwabe.de
619857,kobelco-machinery-energy.com
619858,kunlun01.com
619936,karnavaltk.ru
619966,kupit-diplomiz-v-sankt-peterburge-78.ru
619977,kidsyogastories.com
619997,kaupa.cz
620028,kaza.cz
620040,kaspersky.co.za
620193,kochegarka.com.ua
620227,kidney.ca
620250,keope.com
620307,kemenpora.go.id
620314,kibibyte.se
620345,kucharkaprodceru.cz
620381,kratc.com
620383,ksu.edu.cn
620396,kyunghee.com.sg
620445,kirtland.edu
620458,khonkaenram.com
620463,kashimura.com
620464,kurs.if.ua
620472,kroc.com
620563,krzzjn.com
620584,kvs-sachsen.de
620628,k2bots.ai
620668,kineoportal.com.au
620671,kdmc.org
620707,kingsverdict.co.uk
620710,kraftringen.se
620804,krakow1.one
620853,kinopoisk.vu
620957,kyrie-7.com
621085,kosoft-studio.com
621127,king-bet63.ru
621161,ka-shimo.com
621169,konfer.sk
621187,kuz-edu.ru
621193,kubo-kids.es
621200,kcss.hu
621247,ksyw285.cn
621272,katolisitas.org
621281,kuran.gen.tr
621322,kitbuy.vn
621354,ksiegiwieczyste.pl
621361,kiosk.nl
621403,kisp.be
621473,kvc-nn.ru
621531,keqarcnq.com
621546,kcccam.me
621562,kalzip.com
621570,krasko.ru
621592,kamicasa.com
621615,kinepolisempresas.com
621726,khpos.hu
621746,kamicasa.es
621781,kmivc.ru
621803,klasnaocinka.com.ua
621842,knjige.club
621909,khelbei.com
621915,ksiautoparts.com
621934,kitamoto.lg.jp
621941,kabel-cena-za-metr-1.ru
621990,komakkar.com
622047,kursyvalut.info
622132,kittycatsnowmobiles.com
622219,kitkat.co.uk
622267,kn-portal.com
622285,kkxxtt.com
622288,kush33.ru
622394,kmkonsult.cz
622503,kapelnicza-ot-pokhmelya-voronezh-14.ru
622558,komunikado.dk
622563,kvbnet.org
622598,kin-kaitori.com
622649,krainagsm.pl
622672,kauf-unique.at
622722,king.net.id
622752,kredity-tut.ru
622755,k88.mobi
622760,kemba.com
622771,kiaownersclub.co.uk
622830,kinovod338.cc
622853,kernowcraft.com
622909,keeprecipes.com
622913,kannadapornvideos.com
622962,kamin-100.ru
622975,kireibiz.jp
623026,kc-biz.net
623082,kbc-cinema.com
623095,king333mys.com
623157,kitsoc.com
623231,kymco.de
623321,keyboardchecker.com
623342,kupit-diplomys-v-krasnogorske-90.ru
623381,kyrosnap.cc
623476,kingsloot.com
623509,kaisai.com
623515,koeniggalerie.com
623536,kuzok-ipexa.store
623597,kilean.de
623689,kinpusen.or.jp
623692,kihachi.jp
623701,king-wear.top
623732,kyowa-corp.co.jp
623754,kleiderkreisel.de
623756,kosell.store
623787,koreatriptips.com
623899,kirizanetwork.xyz
623970,kojrys.pl
624034,kretaforum.info
624058,ketom.shop
624075,kika.nl
624141,kupit-diplomx-v-tobolske-72.ru
624177,kvernelandgroup.com
624254,kira100.com
624366,kasu.edu.ng
624495,kpb.lol
624500,kompany.gg
624535,kirinus.de
624550,karpathir.com
624592,koku94.jp
624604,kljack.com
624613,krovtrade.com
624712,kankou-iwaki.or.jp
624734,kyousei21.com
624856,kb.mk
624922,katserver.com
624926,knowunity.co.uk
625157,k2university.com
625158,kaijipress.com
625159,kailasfuga.com
625160,kaiten-heiten-24.com
625161,kalamazoo.es
625162,kalbemed.com
625163,kami-labs.fr
625164,kanazawadays.com
625165,katalizatorychrzanow.pl
625166,keenfootwear.co.uk
625167,kfgpi61.com
625168,kimtin.com.vn
625169,kiwivapor.com
625170,klarstein.sk
625171,kopyl.by
625172,koumuin-right.co.jp
625173,kpayvn.com
625174,ksnet.to
625496,kimojji.org
625504,kryptomeny.eu
625523,kaz8ps1.com
625525,kenyahomeshub.com
625527,knightpin.com
625586,kashier.io
625610,kpiagro.ru
625635,kew-ltd.co.jp
625639,kitzapas.ru
625651,kktperformancehorses.com
625721,kegerator.com
625766,komoks.ru
625769,kontrollpanelen.se
625807,kobaltmusic.com
625809,kpl.kz
625833,katanga.fr
625893,krischislett.com
625944,kurogame-service.xyz
625946,knkdw.cn
625992,kalapod.bg
626010,kinderkraft.fr
626013,klincity.ru
626066,kashtanka.in
626077,kentseldonusumelkitabi.com
626172,kuusoft.com
626178,kopeika.shop
626200,kantotin.com.ph
626223,kazintercom.kz
626267,kalashnikov.club
626281,kippiathome.com
626296,kvartirogramma.ru
626345,kuzelky.com
626394,kbtu.edu.kz
626421,kbs.edu.au
626474,kdkb.ru
626502,kupit-diplomas-v-astrahani-75.ru
626504,kustomize.io
626529,kroese-online.nl
626544,kepu.gov.cn
626552,kenyaembassyberlin.de
626564,kryptonim.com
626587,kushcaz.ru
626606,kfnbajyaa.cc
626617,kwu.ac.kr
626648,kabarindo.com
626711,kasino7k-official.info
626725,kvcdn.top
626740,kinobar.cam
626768,kiwikinos.ch
626784,keybits.de
626799,karmacom.us
626842,khaandaniha.ir
626859,krishav.in
626867,kkresg.com
626909,kbn.ne.jp
627042,kofukuan.jp
627062,korfiati.ru
627147,kinedu.com
627155,keebler.com
627170,kalabkala.com
627261,kwick.biz
627322,klig.pl
627355,kus-files.net
627399,kamperygorzow.pl
627417,kinessoint.com
627452,keruoenergy.com
627471,karta-abhazii.ru
627476,kmuzon.com
627483,kfb.co.jp
627487,koralkovysvet.sk
627498,kuntsevo.net
627631,kabakoff.ru
627765,kanet.ru
627783,kam.gov.ua
627822,khadonov.ru
627833,kyungshin.co.kr
627835,katorza.fr
627899,kcni.ne.jp
627914,kaspiytelekom.ru
627999,koinup.com
628012,kiwai-normandie.fr
628035,koobin.cat
628154,kwikku.id
628156,kvtf.net
628175,knutsoncasey.com
628181,kbacarparts.com
628190,kvapem.com
628374,kellhost.com
628402,klinika-vitalong.ru
628509,kissvk.top
628511,klmuktraining.uk
628571,kamberi.vip
628576,kexunrj.com
628603,koloapp.in
628632,kuse.ai
628645,kwinternational.com
628648,kermitsoutlawkitchen.com
628673,kuvake.net
628730,kosmosenergy.com
628837,kaufmantrailers.com
628845,kyoto-sus.com
628859,ko-yardim.com
628870,kartal.bel.tr
628877,kaidus.com
628894,kampfl.eu
628895,kobetsu.co.jp
628994,kenbee.co.in
629031,kplus.ltd
629039,kuaipan.cn
629282,kandatasokuho.com
629283,kantotero.net
629284,katanime.net
629285,khorasantelecom.co
629286,kkfashion.vn
629287,komiwa.lat
629583,kaiiathelabel.com
629584,kanchivml.com
629585,kanliao25.com
629586,keyzapp.com
629587,khotwh.com
629588,kireibd.com
629589,kitenorge.no
629590,knu.edu.af
629591,koon234.org
629592,krdcatering.co.uk
629593,kuexams.org
629861,kartagotours.hu
629862,keepz.me
629863,kfpromax.com
629864,kidero.sk
629865,kimicomi.com
629866,kinderlogix.com
629867,kingattitude.it
629868,kingdomscan.com
629869,kopalnia-zdrowia.pl
629870,koptim-sami.ru
629871,kromaspace.com
629872,ksu.edu.ph
629873,kzo.moe
630006,katemobile.ru
630027,kulina.cz
630031,kulturkalender-dresden.de
630038,kkfi.org
630054,ke.pl
630105,kohrongisland.org
630260,keyhomes.ca
630295,kontrolpanelim.gen.tr
630314,keep.com
630327,klara.ch
630333,kisscloud.online
630387,kanhan.com
630388,krencky24.de
630440,kinogo-films.pro
630501,kapelnica-ot-zapoya-tyumen00.ru
630521,kamionfelszereles.hu
630530,kimholland.nl
630544,kq-xs.net
630585,knfilters.ru
630596,klickerz.com
630615,kingscollection.co.ke
630712,khayma.com
630794,kulertv.ru
630856,kingwoapp.com
630892,kinetixstream.com
630907,kursguiden.no
630938,keukenontwerpers.com
630960,kisskiss.ch
630979,kavanrc.com
630981,klingspor.com
631020,kubat-software.com
631038,kickassfacts.com
631051,kaamkebande.com
631087,kuke.com
631117,kekkila.fi
631120,keizaireport.com
631143,karlmorris.com.au
631158,koyauniversity.org
631204,kitsadagoodcar.com
631211,kdad.org.tr
631285,kosodate119.com
631287,kapelnicza-ot-pokhmelya-samara-39.ru
631298,katasternehnutelnosti.sk
631305,khomeini.ir
631317,kultajousi.fi
631324,krcsports.com.br
631332,kest44.com
631450,kiehls.es
631459,krnk.org
631498,kalmbachfeeds.com
631501,korea-cosmetics.ru
631563,konsciousserver5.com
631565,kamtoday.ru
631571,kenjins.jp
631606,karmicbliss.biz
631611,klubjunior.cz
631612,kids-wall.com
631627,kunskapsskolan.se
631684,kratzbaumland.de
631692,ksk-boerde.de
631716,kyotokimonorental.com
631753,kzgunea.eus
631771,kjscollege.com
631804,keploy.io
631824,knightsplc.com
631833,kanatsarsenbek.com
631892,kooperation-international.de
631950,kraftonmontreal.com
632009,kamensk-uralskiy.ru
632010,koncert.com
632058,kudosrecords.co.uk
632139,karinmobiliaria.com
632142,kiteboardingasia.com
632146,kesuks.com
632171,kino-ok22.art
632185,koleksi.media
632194,kisb.co.kr
632330,kianhost.net
632343,kboosting.com
632352,kallipos.gr
632426,krihs.re.kr
632455,kamakurabeniya.com
632498,keywordfit.com
632532,kushqueen.shop
632664,kinobar.icu
632707,kinosvinka.cc
632800,kingwoodcable.com
632808,kupn.org
632949,kzv-berlin.de
632995,kotib.ai
632999,kerala9.com
633153,keebovet.com
633185,kznbswn997-16.com
633211,klob.id
633233,kc5jmj.com
633275,kropphosting.com
633392,knistrloyalty.cloud
633483,kassopttorg.ru
633487,knue.com
633537,kvados.cz
633564,koreanumc.net
633607,kennisnet.net
633608,keepercoating-photolog.jp
633627,ksk-diepholz.de
633628,kadax.pl
633671,kubuntu.ru
633690,kinorating.com.ua
633709,katwijk.nl
633714,kaoruhome.net
633757,kfilmu.net
633782,kisspornmovies.com
633875,kheper.net
633926,knigi-janzen.de
633946,kcop.ru
633992,kfh.de
634113,kitetu.com
634122,kocpc.com.tw
634198,konverto.eu
634208,kolkata24x7.in
634247,kinobar.sbs
634248,kenpollockvolvocars.com
634252,kgs-airport.gr
634258,kebioskop21.cfd
634283,khsb-berlin.de
634356,kompanit.com.ua
634424,kugellager-shop.net
634427,ks-host.com.ua
634444,kipf.re.kr
634478,kompany.ie
634517,kover.ru
634603,kqgyl.com
634607,kutyubazar.hu
634635,kamagrafr.icu
634710,ktastro.com
634846,kramer-online.com
635045,kelbournewoolens.com
635064,kalytea.com
635103,keeperofthehome.org
635129,koit.co.kr
635175,kirtuclub.com
635247,kadena.io
635333,karlstorz.us
635338,krill.fr
635343,ktgrjxdp.cc
635384,kaco-newenergy.com
635609,kenyawildlifetrust.org
635622,k11.com
635661,klikk.tv
635685,kuohei.com
635691,kindsight.io
635727,kosnicevoja.rs
635755,kamibox.de
635778,ksrevisor.org
635853,kingmaker-kasino.fi
635920,kenmorecamera.com
635926,kuvirixa.com
635947,kirsh.co.kr
635992,komatsu.com.au
635995,kiprinform.com
635999,kayros.com.br
636034,kiekerei3a.de
636193,knothserv8.nl
636213,kelimeturetme.com
636318,kingregistration.com
636322,kupitpravat.com
636445,kings-chance-play.com
636475,ktweb.co.kr
636504,kindredfateswiki.com
636507,karmangamesserver.com
636568,kysciencecenter.org
636582,kaufhaus-stolz.com
636599,kilogram01.ru
636614,kobazoglu.com
636644,klarupdate.de
636649,ksdy.shop
636709,kijijiautos.ca
636711,kropyvnytski.com.ua
636716,kingsinterhigh.co.uk
636751,kaapimachines.com
636757,kldlfp.cn
636764,korob.pl
636816,koszulkowy.pl
636828,kalcounty.com
636842,koqk.shop
636867,krymschool.ru
636883,kfc2u.com
636933,kuzov1.by
636985,kds.kg
637008,kodns.net
637107,klia.com.my
637174,kinologija.lt
637190,killer-antiplagiat.ru
637208,kerava.fi
637260,kontrolmax.com
637299,kinugawaonsenhotel.com
637323,kilobookmarks.win
637343,karlfazer.com
637354,kinotam.mobi
637362,kumaribank.com
637375,kyrie7shoes.us
637411,kpmedia.ru
637428,konkurent.bg
637441,krace.ru
637460,kompex.pl
637554,klarmagazin.de
637642,kywujmu.cn
637656,kupit-diplomys-v-rostove-na-donu-61.ru
637657,ks-ipservice.de
637670,kenalitv.com
637691,kfkipark.hu
637960,kagohara.net
637961,karrtax.in
637962,kavalapost.gr
637963,kawaiikawaii.jp
637964,kazo.pl
637965,kia-gallery.com
637966,kidsland.me
637967,kiehberg.in
637968,kingsseeds.co.nz
637969,kinkie.co.uk
637970,kitdeco-moto.fr
637971,klima-sklep.pl
637972,kobe-kishida-clinic.com
637973,kocaelieo.org.tr
637974,koukyuderi.jp
637975,koumuwin.com
637976,kozvit.com
637977,krenobat.fr
638263,karakoygulluoglu.com
638300,kuhemov.cc
638376,kompascamping.be
638386,kplu.org
638410,kitespaceeleven.com
638437,kometalanding.com
638559,kryeministria.al
638610,kerjaada.com
638652,kasimersona.click
638660,kuliahkaryawanpalangkaraya.com
638701,kubet.store
638715,kickdns.com
638733,kumamoto-hsu.ac.jp
638807,kitchenswagger.com
638817,kanagawa-pho.jp
638888,koch-mit.de
638896,kiyas.la
638933,kanyonbilisim.com
638938,kinderopvangtotaal.nl
638990,kaninchenschutzforum.de
639000,kazgazeta.kz
639084,kuchenprofiusa.com
639139,kilogramp.ru
639194,kesifeskisehir.com
639203,kirj.ee
639205,kaeo.fr
639242,kilogram1000.ru
639245,kinozoxan.cc
639295,kitocrosby.com
639348,keypointintelligence.com
639411,koround.ru
639454,klebefisch.de
639498,kyowakirin.com
639567,kontorsgiganten.se
639572,klarify.ca
639596,ketab.land
639610,kurashi-no.jp
639627,klester.dev
639726,kamra.si
639818,k2qx78.cn
639885,koeitecmo.wiki
639905,kydschoice.com
639934,kykli.com
639946,kafemlynek.cz
640044,kojima-home.online
640101,kompressionsbandagen.com
640231,kiemtien2.com
640288,kohlandfrisch.com
640304,kajeet.com
640431,ksghtnop.com
640588,kuario.com
640651,krevetkabs111.net
640719,koflerenergies.com
640726,klschina.com
640738,kansallisgalleria.fi
640785,ksi-system.pl
640787,kampkazan.ru
640790,kv.no
640843,kingdomcasino36.uk
640937,ksasaudi.net
640993,kymco.es
641055,kidsna.com
641064,keramin.by
641090,koizumi.co.jp
641093,kuma.bid
641108,kidder.com
641162,karma.life
641176,korex-auto.com
641286,kwartetproforma.com
641301,kgh.com.tw
641308,kab3.com
641361,knowi.com
641381,kemendikbudristek.com
641478,kinship.io
641486,kaffeemacher.de
641549,kavipoetryart.in
641577,kronosweb.cl
641610,kintec.net
641613,kingcom.co.za
641646,kfoco.com
641756,kelikamerat.info
641782,kilnerjar.co.uk
641831,kredit24.kz
641868,korandovod.ru
641873,krivet.re.kr
641891,kemenanganliar.org
641979,kescoop.com
641992,karaokegn.com
642045,kirche-bremen.de
642272,kahve.com
642273,kanasoku.info
642274,kayatan.vip
642275,kenkomayo.com
642276,kerkyrasimera.gr
642277,khamato.com
642278,khire.co.kr
642279,kidzfunbd.com
642280,kilau4dmain.com
642281,kinnisvara24.ee
642282,kitcentrum.nl
642283,kkc3.com
642284,klebercarros.com
642285,klipshop.lt
642286,kohazy.hu
642287,kokko.net
642288,kotarbau.pl
642564,kanaus.com
642565,kawaiijavcat.com
642566,keldan.is
642567,kgm-auto.pl
642568,kiborg.com.ua
642569,klarstein.cz
642570,knutsfordexpress.com
642571,kolorova.com
642710,kingtrade.hr
642711,klyns.mx
642712,ko-video.com
642791,kbsecuritynews.com
642816,kaltenbach-edv.at
642880,konsumentenschutz.ch
642931,kiepenkerl.de
642940,kfacf.com
642993,kswyiu.cn
643054,kairospower.com
643110,kalmiadns.net
643195,kohlercompany.com
643287,kahale.es
643296,kondela.ro
643320,karmybrit.pl
643321,kindlytech.com.ua
643374,kayonishimizu.com
643398,kingmakers.tech
643409,konnect.edu.bd
643504,kirsehirhaberturk.com
643519,kuailianvpngwxz.com.cn
643571,kilpitek.com
643623,katchiq.com
643648,kifidia.com
643673,kat.ph
643692,kiehls.com.my
643738,kotamobagu.go.id
643741,kopierpapier.de
643782,kccnet.ca
643822,kkr-1777.com
643849,ksut.org
643852,klp.pl
643863,knivesandstones.com.au
643889,kitakuji.id
644020,konnektor.nl
644206,klmuke.uk
644208,keyirobot.com
644225,kaowarsom.be
644305,kuy-4d.com
644413,knihyprekazdeho.sk
644421,komtrax.komatsu
644428,kittrong.com
644508,kolesiko.ua
644509,kwatera.biz
644592,kavun.city
644633,kd5dfb.net
644729,kirantoni.com
644731,kamasutra.gr
644768,kiwivoip.co.nz
644786,ksdom-expire.kr
644792,koznet.hu
644802,kyasports.com
644824,klimaatakkoord.nl
644829,kominato.co.jp
644868,komodoluxuryliveaboards.com
644918,kct.ac.jp
644954,kapelnicza-ot-pokhmelya-samara-38.ru
644961,komputer.dk
644985,kncihosting.com
645006,kinderhotel.info
645024,keells.com
645031,kienthuctrade.net
645044,katasulsel.com
645129,ketogenic.com
645168,kovervdom.ru
645188,kinetiksoft.com
645257,kossdesign.com
645272,kent214.com
645276,kawaius.com
645358,kdhosting.dz
645392,komponent-m.ru
645462,kuz-leipzig.de
645483,kinogo-la.biz
645496,karchnu.fr
645547,klekt.com
645556,kaif-zone.net
645598,kolpasan.si
645635,kelaspintar.id
645645,ksatranslation.com
645756,kalixhealth.com
645893,kliniken-nea.de
645902,krlserver.es
645904,kuehlingkuehling.de
645927,kubus-it.de
645930,keramo-bg.com
645962,k6b.com
646014,kdchwscor.cc
646085,kre.cc
646106,key-softs.com
646129,kurera.se
646138,kapelnicza-ot-pokhmelya-samara-24.ru
646166,kira.or.kr
646219,k5.de
646293,kreis-ploen.de
646312,kindredlabs.ai
646314,knitism.ru
646357,kemono.cafe
646389,knyfe.de
646397,kamakurapasta-recruit.net
646414,karaokenerds.com
646420,kaus-group.ru
646442,kaki87.net
646525,kurume-shinkyu-seikotsu.jp
646588,krutoe.casino
646591,kerincikab.go.id
646645,korrner.co.id
646665,komster.pl
646678,kpopita.com
646742,kruzhok.org
646750,kniferiver.com
646781,kentfaith.es
646883,kemei360.com
646953,kath-frei-kirche.de
646954,kesar.cam
646958,keaoks.com
646981,klefinghaus.de
646989,karaoke-texte.de
647035,koudsi-server.net
647052,kontactoglobal.cl
647146,kzawag.com
647175,kaushalbharat.gov.in
647197,keobiz.fr
647217,knowff.com
647247,ketelone.com
647260,kunocreative.com
647265,kellyrealtors.com
647269,kyivgaz.ua
647354,kiehl.de
647374,kcaf.or.kr
647389,koboldusa.com
647506,kxrb.com
647534,kiehls.fr
647571,kpbte.edu.pk
647602,kaftanci.net
647700,kak-spasti-mir.ru
647748,keystonecollects.com
647770,kh.org
647774,kcweddings.ca
647811,kssg.ch
647848,kapelnicza-ot-pokhmelya-samara-40.ru
647851,kidsmood.de
647893,katamail.com
647904,kox-direct.de
647911,kresy.org.pl
647967,komanda.dev
647993,kreatig.com
648019,kleurenwaaier.nl
648108,klett-international.com
648123,k1fibra.net.br
648163,kommash.ru
648174,kukai.app
648219,kgs.com.hk
648267,kooyu.cn
648276,kommerling.es
648299,kotakuinaction2.win
648468,kimirica.shop
648472,kayakgoggles.com
648510,kelasahli.com
648553,kuakao.com
648583,kaigo-center.or.jp
648647,kwserving.com
648659,kaszinomagyar.net
648690,kingfm.com
648711,kakimuvee.net
648715,kasaska-zveza.si
648788,kruger.com
648884,kubabus.cz
648908,knam.pro
648940,krystexxa.com
648978,kazuya-kamenashi.com
648998,kennascrystals.com
649006,kgieworld.com
649052,kuaimao52.cn
649259,krt.co.kr
649270,karakchat.com
649377,kaartbox.nl
649381,kleemann.cl
649451,kanzashi.com
649459,koaspeer.com
649460,kobelco-compressors.com
649471,keirin-autorace.or.jp
649494,kisahdunia.com
649571,kwrwater.nl
649616,kinxxx.com
649657,ktappliance.com
649693,kaesehaus.com
649701,kurun.tokyo
649702,kameidoclock.jp
649755,karafariniomid.ir
649853,kuechenmomente.de
649901,kickfin.com
649945,kinzai.or.jp
649953,klaravik.com
649991,kokkola.fi
650049,kco.su
650060,kidiklik.fr
650176,kristdemokraterna.se
650177,ksawats.com
650180,kesco.or.kr
650249,kino.com
650251,kodmatik.net
650325,k-edu.ru
650364,kf5.com
650400,kalkulator.now
650533,kurayoshi.lg.jp
650578,kuentz.com
650587,kolab.ee
650600,klumblumber.com
650629,kamulu.net
650672,kurantarim.com.tr
650765,kopfhoerer.de
650862,kabelnet-tv.com.mk
650893,kyhumane.org
650894,kyoungclothing.com
650902,khn.ru
650905,kzpopiel-kruszwica.org
650918,kieslinghosting.eu
650941,kpdl.link
650977,khersonski.com.ua
650979,ksinet.ru
651013,kda.live
651032,kallati.com
651048,keyeye.xyz
651052,krudplug.net
651075,kss962.cn
651111,ketchum.edu
651112,konfabulator.com
651150,kinbooks.co.il
651169,kasabian.co.uk
651227,kdv.ru
651257,kim.co.kr
651466,keepmecertified.com
651528,kinexmedia.com
651576,kirasphere.com
651600,ksp-dv.ru
651601,kok-88.com
651603,ksaeu.kherson.ua
651653,kchuhai.com
651661,kaylaitsines.com
651683,kadrovik.uz
651692,kuntal.org
651702,kiu-online.jp
651758,koureisha-jutaku.com
651813,kunmanga.in
651871,kem-med.com
651920,kupit-diplomyx-v-domodedovo-50.ru
651943,krilo.hr
651961,karelia.com
652007,kiewitplaza.com
652090,kuban.ec
652096,kitshosting.ca
652115,klmcdn.com
652174,kartcom.com
652177,killaz.top
652198,kazna.ru
652223,kairer.ru
652272,kidokjungbo.com
652308,karenlazardesign.com
652318,kking.jp
652325,klikpendidikan.id
652381,kupit-diplomz-v-novosibirske-54.ru
652391,ketkes.com
652428,kroven.site
652532,kaleidoscope.app
652551,kommunalflaggen.eu
652562,kapooclubwebboard.net
652577,kvn.com
652636,kreis-wesel.de
652640,kooora-lives1.info
652679,ketterer-rarebooks.com
652715,kayts.ca
652798,kuechen-rochol.de
652811,kupit-diplomx-v-groznom-20.ru
652861,konyacraft.com
652889,klgsmartec.com
652902,kcnp.com
652916,kingroyal-yenierisim-adresi.icu
652966,kombimesse-mio.de
652996,katsuster.net
653068,kapelnica-ot-zapoya-irkutsk3.ru
653088,krisers.com
653174,klubexile.com
653181,karateforums.com
653267,kupit-diplomz-v-sankt-peterburge-78.ru
653309,komunikadigital.es
653311,ketofocus.com
653399,kupit-diplomus-v-norilske-84.ru
653469,klix4dsss.top
653526,kingwholesale.com
653558,kupit-kursovuyu-103.ru
653569,klinkrewards.com
653600,kiehls.com.mx
653653,kufu.co.jp
653761,kgint.com
653766,kupit-diplomix-v-ekaterinburge-96.ru
653826,kualiankp.com.cn
653834,kinki-truck.com
653875,kaavenode.com
653942,kino1tv.lat
653953,kevurugames.com
653983,kupit-diplomus-v-omske-56.ru
654000,kcbark.net
654028,kglobalservices.com
654089,kupit-attestatus-v-moskve-495.ru
654091,klostercompany.com
654138,kpactive.com
654145,kfv.at
654164,katolikusradio.hu
654193,kurginyan.ru
654197,kupitrozyvtomske6.ru
654270,kikiskitchen.de
654304,kreutzpointner.de
654333,kulo4dqris.com
654481,kyokanko.or.jp
654488,klinikum-wegr.at
654505,keepers.mobi
654570,kvestiks.ru
654669,kessy.com.br
654670,kiacdn.com
654671,klarherz.com
654672,kliuki.net
654886,k1t6b.com
654887,kapowtoys.co.uk
654888,karacaogluav.com
654889,keigame.net
654890,kelola.net
654891,king.ro
654892,kiro.bio
654893,kleer.se
654894,km914.com
654895,kmplock.eu
654896,komakai.info
654897,korpa.ba
654898,kuwaitvarthakal.com
654899,kytary.hu
655144,kambukka.com
655145,kargar24.com
655146,key-code.com
655254,kn6tyf.com
655266,krasnogorsky.ru
655309,kimco.com
655313,kegcftej.com
655316,kaufmanco.com
655335,keygree.com
655352,klokkegiganten.no
655372,klnfas.hk
655409,kintavr.ru
655475,kapelnicza-ot-pokhmelya-samara-2.ru
655486,ktelrodou.gr
655493,kingsley.co.za
655530,kodolanyi.hu
655636,kurt-koenig.com
655730,kontinent.info
655748,ktelabs.ru
655763,kate.center
655768,knockhill.com
655771,kwantum.be
655803,kimiblock.top
655856,kalevamedia.fi
655858,kinoogo.biz
655883,kincsempark.hu
655904,karex.ru
656007,kzgroup.ru
656055,ktzh-gp.kz
656088,klickjagd.de
656262,kom1.casino
656288,kyfungame.com
656304,ksk-saarlouis.de
656412,kpmg.co.za
656413,kpmg.com.ve
656478,kenzai.co.th
656553,kaixincloud.top
656613,kiodex.com
656647,kobold.com
656667,kswtz.info
656675,kingmouse.net
656725,keeb.io
656742,kudos.tv
656819,kolaywebsite.net
656832,kerna.ie
656940,kuma-gorou.com
657000,kenzkustomz.com
657116,kantharos.de
657198,karisimbi.nl
657208,kevinlileschallenge.com
657354,kitchensinksandtaps.co.uk
657386,k2ts.pro
657563,kurvi.net
657597,kiwistreasure.com
657623,kencomics.com
657644,koinbulteni.com
657655,kungurov.su
657682,kkmacsqsbf.info
657784,kurancevirisi.com
657798,kindoflegendary.com
657837,kieback-peter.de
657887,knsneva.ru
657901,kodakdigitizing.com
657988,kekecdn.net
657998,kadampa.org
658005,kepri.re.kr
658009,knjizarakultura.com
658169,kpoppark.com
658236,kids-smart.ru
658243,kcosep.com
658254,keyboardmag.com
658270,kameleoon.net
658307,kakteen-haage.de
658311,kobiton.com
658379,kawasakiforums.com
658436,kme.si
658450,karalahana.com
658482,kinovasek.top
658521,khost.pl
658530,knowledge.ca
658542,kupastuntas.co
658614,kinoxey.site
658635,keeq.io
658656,kakitangan.com
658666,kddi-am.com
658704,k-net.dk
658712,kakaflix.lol
658757,kalenderwinkel.nl
658768,kumonshuppan.com
658776,kitakyu-air.jp
658837,kefm.dk
658844,keadventure.com
658860,kitchenathoskins.com
659008,kfm-motorraeder.de
659019,kan-cicekleri.net
659078,krypton3172.com.br
659080,kulespin.com
659163,kipk.ru
659204,kingshotoptimizer.com
659334,kentuckysportsradio.com
659428,kalea.com.gt
659597,kazo.com
659598,kiaga.com.br
659599,kimono-365.jp
659600,kippun-haru.com
659601,kirman.com
659602,kolobus.ua
659603,koreacosmeticsbn.com
659718,kvconsultantsinc.com
659797,kapdavilla.com
659798,kezakoo.com
659799,kfc.com.pe
659800,killdeal.gr
659801,kod.sg
659802,kolshzin.com
659937,krasa.cz
659967,kdn.de
659989,kazcan.kz
660006,kalvinnet.es
660012,kobenhavnliv.dk
660018,knoxtntoday.com
660085,kipucrm.com
660100,karisasuksesabadi.co.id
660105,kvant63.ru
660166,kapamilya.com
660186,kavkazportal.com
660217,kabar6.com
660237,killswitchengage.com
660269,karibik-koeln.de
660295,kamsyl.com
660321,koreasociety.org
660330,kundelikz.ru
660342,karenpryoracademy.com
660349,kirbyallison.com
660424,kinogo-online.biz
660441,kittycats.biz
660442,kliknieuws.nl
660511,kocaelikoz.com
660514,kinbetoffiziell-de.com
660519,kazzylen.com
660587,kuechenfibel.de
660623,kreissparkasse-duesseldorf.de
660649,katacontainers.io
660714,kknetlon.com
660786,kabos.net
660812,klenzoid.com
660838,kosaha.com
660950,klzvezdi.ru
660958,khalsawale.com
661001,klima-mensch-gesundheit.de
661025,kuxiu.co
661034,kweather.co.kr
661078,karawaning.pl
661100,kvantik.com
661131,krsystem.se
661243,kadrmaskreations.com
661262,katadyn.com
661270,knhim.net
661271,kavirmizban.ir
661279,kvarcevyj-pesok-peskostruj.ru
661418,krone-trailer.com
661481,kehl.de
661485,kedcorp.org
661492,korsomebel.ru
661542,karenskitchenstories.com
661593,kolsonwebsites.com
661595,karmalab.net
661629,kcbs.us
661714,krtu.ru
661748,kengudetyam.ru
661773,knimbus.com
661827,klepierre.com
661864,kustovsergey.ru
661868,kassa24.ru
661877,kslottery.com
661889,kwpjjtl.cn
661900,kinokordon.video
662038,kak-prodat-sajt-1.ru
662080,kip-pribor.ru
662081,keonline.biz
662082,kingrussia.com
662258,kazakirf.ru
662269,knowledgebase.ai
662328,kursi4dorange.xyz
662352,kosinushosting.eu
662354,kinhtemoitruong.vn
662452,keywordrush.com
662487,ktro.com
662493,keyrealtyschool.net
662593,kalijadephoto.com
662635,klyker.com
662794,kindermuseum.at
662803,khayaly.co
662864,kochamsushi.pl
662878,kojiwiki.com
662963,ks20.ru
663101,krms.com
663143,kebranchdi.icu
663185,kanoa.de
663223,kalevala.fi
663224,kurspaneli.com
663229,ktc-school.com
663262,kalamator.com
663271,keramik-kraft.com
663332,keuda.fi
663341,koreanskincare.co.uk
663385,k10k.net
663412,kbyf686.cn
663419,kernel.ua
663426,kubesphere.io
663477,kurshub.ru
663506,k9scli.io
663514,kruchar.ru
663533,komoot.nl
663560,kravatmenswear.com
663561,kadimah.org.au
663622,kyoko-np.net
663631,katy-hoelzl.de
663658,keywordinsights.ai
663732,kkktt.cfd
663773,kar-khrazavi.ir
663816,kampwesterbork.nl
663889,krafthand.de
663936,kaiftravels.com
663939,kidney.org.uk
664018,kkkkk.ph
664060,kerbalpowers.org
664101,koreanfolk.co.kr
664105,krasnodarflora.ru
664133,kitlesel.net
664146,kuntalehti.fi
664198,kinotut.fun
664284,kasparov.com
664391,kpbi.org
664623,kaigojob-academy.com
664629,keith-wood.name
664660,khodorkovsky.com
664681,krabov.net
664790,kingbonus.com
664824,kindsignalpro.nl
664848,kangan.edu.au
664901,kaigo-catalog.com
664947,kevserinmutfagi.com
664959,kovel.media
664962,kokusho.co.jp
665027,kawalees.net
665029,kansasmemory.gov
665030,kionwahgajca.shop
665112,kastra.ai
665113,karditsastakra.com
665166,ksaaoa.com
665187,kasu.org
665220,kaskusicon.com
665223,kaluga-gov.ru
665258,kleymarket.ru
665280,kuasarakyat.com
665281,kurabiye.io
665318,konrad-bielizna.pl
665381,kearnybank.com
665400,kani.lg.jp
665424,kingspec.com
665434,kamalteatr.ru
665536,kodaira.ed.jp
665566,kadaindustriesinc.com
665592,kaixian.tv
665648,karavu.com
665655,kingsseeds.com
665701,kits2net.com
665777,kimep.kz
665791,kouiki-kansai.jp
665802,kurk24.nl
665810,kkgames-s1.de
665888,kuriyama.com
665894,koralstudio.com
665985,koltyrin.ru
666114,klockor.se
666126,kyobotrade.co.kr
666163,kribbelbunt.de
666179,kincrome.com.au
666189,kinhtevadubao.vn
666250,kassensichv.io
666321,kurilka-wagon.ru
666384,konsumencerdas.id
666401,klaipedalt.xyz
666498,kaleyra.ai
666517,kgauditcheck.com
666547,korehberi.com
666559,kunst-archive.net
666565,krsk.ru
666567,kantoromega.pl
666671,ketodiet.cz
666714,koso.net
666723,kinstellar.com
666745,kics.go.kr
666783,kyoto-shinkin.co.jp
666811,kokomu.jp
666878,kissanime.is
666882,knigogo.top
666894,kalkantzakos.com
666929,kikachat.ru
666935,kcai.edu
666944,kencogroup.com
666954,kevinsavagecards.com
666976,karnacbooks.com
667001,kthcm.edu.vn
667012,kabirmotor.com
667048,kages.at
667090,kawanku33.info
667140,kursana.de
667154,krebsco.de
667163,kkwigs.co.uk
667214,kreator-terrorzone.de
667251,kypur.net
667265,keihanna.ne.jp
667278,kolo.news
667362,krotos.studio
667394,kinwapt.ca
667397,kdgoe.de
667443,kockariyerim.com
667479,kurser.se
667535,kryss.app
667536,kamada.co.jp
667545,kalukhalicablenetwork.net
667736,karibites.com
667775,kamalaya.com
667785,kmoware.com
667805,karikares.com
667809,klisemfg.com
667880,kinoheld.net
667916,kellycookiecompany.com
667955,kappafuturfestival.it
668020,kooper.se
668030,kayo.ru
668074,kukd.com
668129,kaisenkun.com
668402,kalua.live
668403,karas.by
668404,kas-diary.com
668405,kasikiru.com
668406,kensei-online.com
668407,ketabak.org
668408,kff.co.uk
668409,kgi.dk
668410,kiplingmexico.com
668411,kissanghar.pk
668412,komikhwa.com
668413,komikrealm.org
668414,kpopchords.com
668415,krusevacgrad.rs
668416,kullagret.com
668734,kierunekwlochy.pl
668735,kimono-hearts.co.jp
668736,kk999.pro
668737,klarstein.hr
668738,kozjansko.info
668739,kpju.edu.my
668740,krinilive.gr
668741,kugoo.eu
668984,kalkulatorkalorii.net
668985,kiwiplates.nz
668986,konojyuku.com
668987,kraftbaby.com
668988,kutahyaekspres.com
669127,klimahero.de
669138,kuremotorsport.com
669152,kenkikan.net
669170,k1soft.ru
669215,k2cmh.com
669319,kemnakersipkk.com
669395,kissporno.pro
669428,kidskey.org
669471,knaufautomotive.com
669493,kisssalis.de
669496,kapok-logistics.cn
669540,k-cloud.io
669592,kadastr-karta.com
669619,kansasmemory.org
669623,kelloggs.co.uk
669747,kuhni-spb-42.ru
669767,kino-vdom.ru
669790,kampolrusiec.pl
669829,kutting.tech
669850,kinejun.com
669853,kritto.net
669888,kafel-online.ru
669992,koreanshop.ca
670038,kuailianvpnf.com.cn
670129,kensington-international.com
670218,kuluarpohod.com
670259,kato.lg.jp
670333,kasbresky.com
670362,key4events.com
670446,keda.space
670493,kansasregents.org
670659,kikoff.ad
670688,kiber-one.com
670691,ksvc.co.kr
670698,ketan.dev
670784,keokingsmen.com
670790,kb6nu.com
670806,krp.co.jp
670845,km-c.ru
670866,kuna.io
670948,kingtrans.net
670960,kindvaultfocus.nl
670968,kinoportal.lol
670979,kirkwood.com
670988,kashima-aoba.com
670992,konkurs-impulse.ru
671015,kbprojekt.pl
671061,keyingja.com
671087,keyspring.com
671118,konteks.co.id
671147,keyzard.cc
671229,kyhousing.org
671266,krovlya.biz
671306,karpenter.sh
671308,kyc-diplom.com
671340,kleanapp.net
671390,klinikum-itzehoe.de
671409,kubernetes.dev
671414,k945.com
671443,kphoto.com.tw
671492,kabas.be
671493,kk5.bet
671494,kkslech.com
671495,koltin.mx
671574,kupit-denas.ru
671579,karatlove.com
671622,keefegp.com
671638,kaditv.cc
671714,krcu.org
671725,kizilaysaglik.com.tr
671733,kingroyalgirme.com
671881,kkr.fr
671968,kigalicity.gov.rw
671985,korreoweb.com
672019,kdalandscapetion.us
672039,klimaservisi.net.tr
672104,kolonfnc.com
672109,kbe17.com
672232,kikyouya.co.jp
672236,kevinrose.com
672260,kingscollegehospitaldubai.com
672274,kloeckner.com
672284,karetka.com.pl
672324,kcnet.ne.jp
672376,kobie.com
672384,korastarnow.com
672387,kosmo-museum.ru
672389,kazancity.net
672398,kidcars.tv
672406,kursaal.eus
672487,kurdmax.tv
672556,keystone.edu
672597,km163.ru
672606,keplersoft.com
672680,kindamuzik.net
672692,kedaitogel.mom
672694,kuader.com
672697,kronosfera.pl
672764,komajo.ac.jp
672775,ksk-ratzeburg.de
672809,kardarjob.com
672839,kabukirestaurants.com
672858,kfchk.com
672902,kinoz.to
673055,kompany.de
673084,k24.digital
673122,kamitsubaki.jp
673157,kinofilmyda.fun
673168,kampen.nl
673172,kinopoisk.blog
673244,kurazhsport.ru
673277,kupit-kursovuyu-87.ru
673323,kanban.university
673419,kaafo.net
673420,kambad.com
673421,kayscience.com
673422,kiedex.app
673423,kitrinomavro.com
673424,kmmotos.com
673425,knizniweb.cz
673426,koakumagroup.com
673427,koreagift.com
673722,kajetblog.com
673723,kamody.hu
673724,kawaii-anime.com
673725,keshet-teamim.co.il
673726,kg9991.cc
673727,kidero.hr
673728,kidero.hu
673729,kingsqueens.dk
673730,klimatex.cz
673731,kobetsuba.jp
673732,kokotomo.com
673733,koniarisshoes.gr
673734,korallo.pl
673735,krishibank.gov.bd
673736,kspcdic.com
673737,kyo-kai.co.jp
673738,kyocera-kitchen.com
674026,kabubiz.com
674027,kaizenrent.pl
674028,kamnik.info
674029,kellari.vip
674030,klaedeskabet.dk
674091,kupikartu.ba
674140,ksiu.edu.eg
674163,katch.co.jp
674243,kakabiu.com
674273,kar-hosting.com
674296,kapowcasino.dk
674366,kling3.io
674430,kaunas-airport.lt
674439,kis.nl
674511,koska.pro
674543,koehlerpaper.com
674546,koeitecmoeurope.com
674594,konduangdee.com
674602,kershaws.ru
674661,kosmoslarissa.gr
674695,knaiz.cn
674739,kondela.cz
674740,kremmerhuset.no
674788,kkyr.com
674789,kitz.net
674798,ksgkwx.com
674829,kinoha.click
674840,kitsites.com
674872,kahounova.cz
674900,kizugawa.lg.jp
674936,kinahugan.com
674990,kinomanone.ru
675068,kmsys.ru
675076,khakisuraj.cyou
675205,knezpole.cz
675255,kidsberries.ru
675288,kind-der-stadt.de
675295,kros-mag.ru
675298,kokette.ru
675305,kkg.org
675321,kkvs6wp.com
675340,koinis.gr
675374,konsumentenfragen.at
675392,koningaap.nl
675451,kupamedya.com.tr
675462,khmerworship.com
675509,kuaigames.com
675571,kamloopsthisweek.com
675641,kvant-video.ru
675669,kepugu.com
675694,keystone-project.eu
675723,ky-871.vip
675738,kiryat-yam.muni.il
675758,kentavr.ua
675763,kaztoll.kz
675773,kombo.lv
675820,kuhni-spb-43.ru
675896,kooshanic.com
675903,kaixinman.com
675925,kanjiabenshi.com
675953,koncert.hu
675962,krasivoeporno.cc
676045,kvhigh.com
676046,kapsamhaber.com
676068,karinsbasteltreff.at
676079,kiddiwinks.in
676117,knivesplus.com
676219,kimbino.it
676236,kanzler-vt.de
676244,koshka.monster
676282,kelikunj.com
676293,kuveytturkportfoy.com.tr
676331,kingdom.vn
676395,koowo.cn
676399,ku25.com
676568,kancmir-rostov.ru
676573,kivaconfections.com
676588,konek4d.com
676664,komodoluxury.com
676703,kissmychef.com
676705,koivrienden.com
676707,komunalka.ua
676754,kopkatalogs.lv
676847,kriis.ee
676852,khanshatyr.com
676865,kstieto.fi
676880,kingoland.com
676926,karel.cloud
676945,kingscraf.com
676973,kikugie.dev
677012,kokyuchintai.com
677071,kushfly.com
677130,kodamastudio.com
677132,ksruch.com
677134,klikkaltim.com
677161,kombibayi.com.tr
677166,kisskh.club
677179,kufatec.com
677184,kingspan-isoeste.com.br
677210,kitabooklibrary.com
677257,karriere-bremen.de
677342,kadrile.com
677355,kentakai.com
677387,karmanhealthcare.com
677407,kmz.net
677449,koehntopp.info
677463,kinsamfull.com
677482,kedaihosting.com
677485,karpatalja.ma
677502,krakowyes.eu
677544,kommersant.com
677590,kidburg.ru
677646,kikcorp.com
677696,kartina2.com
677705,kaysis.gov.tr
677784,krosskulture.com
677847,kaminsciencecenter.org
677848,kelschdalsace.com
677882,kjw.cc
677907,ku-bell.com
678043,kitmm1.com
678178,korgar.tj
678196,kuban.info
678232,kippzonen.com
678259,kohsamuihotel.cn
678268,kia.co.kr
678290,kenyawebhost.com
678296,koalastothemax.com
678380,kissthegroundmovie.com
678441,kuraschool.ru
678487,kkrfunds.fr
678498,karasune.de
678526,kanteki.net
678549,karneval-universe.de
678570,kfst.dk
678578,kidzheaven.com.au
678594,kirche-obernkirchen.de
678687,kecc.co.kr
678698,kavendro.info
678736,krasporn.com
678737,kalaswear.de
678750,kulturdirektoratet.no
678825,kidsliterie.com
678836,kisanlink.com
678893,khujo.com
678897,kyz2dar-utq.net
678901,kabuline.com
678910,kdpmc.ru
678970,kiwidesign.com
679132,kenproduction.co.jp
679198,knadmuqbs.com
679223,kyungjeilbo.com
679272,kpr.hr
679427,kaverafisha.ru
679489,knowherecomics.com
679514,kissesofafrica.com
679568,kakatiya.ac.in
679783,kaleidos.com
679844,ksfrb.com
679879,kawashimaselkon.co.jp
680027,ks95.com
680034,ksc.net.th
680039,kingskidscenters.com
680053,klientiks-lab.ru
680213,kicaumania.net
680255,kmhuiduna.com
680281,ks-licht.de
680316,kss45.ru
680429,kwant.ru
680463,kbleu.net
680521,kaytrip.com
680550,kakatoo.com
680685,kakegawa-net.jp
680698,kyoukasyo.com
680773,kashmirtimes.com
680776,kidmanpastoral.com
680784,kingsungas.com
680889,kobinet-nachrichten.org
680894,kalashnikov.ru
680912,kartuas2in1.com
680920,kkstudyweb.com
681077,klpstogai.lt
681081,kunitachi.ac.jp
681108,klimaprime.de
681123,koku.hr
681161,korbil.com
681163,kachrb.ru
681195,karupdesign.com
681196,keyworddensitychecker.com
681200,keoghs.co.uk
681283,kunstmomenteextra.ch
681306,kavi.fi
681348,klimashop24.com
681355,kindmusicelite.nl
681369,keyloop.org
681445,kuzcoal.ru
681504,koryospor.com
681527,krason.ru
681556,kotokusunao.com
681588,kia.de
681639,khoros.ai
681682,koyamachuya.com
681750,kindcolor.com
681770,ksfc.co.kr
681792,krpms.ru
681799,klikmag.cz
681884,kitelife.com
681887,kamatora.jp
681924,kskmayen.de
681958,kehlsteinhaus.de
681980,kittysplanet.com
682011,kplcamera.com
682088,kankarialakefront.in
682241,kurierverlag.de
682243,kulturlegi.ch
682380,kinospartak.ru
682413,kasino-ru.bet
682416,kodhosting.com
682448,koizumi-lt.co.jp
682455,kosexy.com
682472,kidsrkids.com
682592,korn.ru
682647,kindlending.com
682764,kreissparkasse-euskirchen.de
682827,kianews.com.ua
682847,kutu4d.com
682870,khakasnet.ru
682879,kindseed.com
682916,kamine.co.jp
682950,kbcgroupltd.com
683005,kliksini.net
683012,kbdbusiness.com
683014,konosuba.com
683059,kpeomiroupolischiou.gr
683060,ktown1st.com
683069,kidirect.kr
683073,knrtu.ru
683083,kubota.fr
683130,kinjo-u.ac.jp
683155,klepin.in
683163,kaneisable.com
683257,kungur-obr.ru
683281,kintech.ru
683360,kfs-group.ru
683401,keonhacai88.cam
683410,kodomo.or.jp
683439,klbikes.de
683545,kintoki.dev
683580,keaz.co
683597,kupci.com
683651,kolide.co
683656,kolonsport.com
683660,kuhamia.com
683663,kabulnow.com
683701,kyj68.com
683752,komachipara.com
683753,konvesan.com
683777,karavaldaily.com
683780,kimbino.mx
683805,keepitlocal.com
683853,koddous.com
683857,klinikum-fulda.de
683971,kcba.org
683979,kirihara-morinogakko.jp
684002,kdhlradio.com
684038,kazino55.net
684075,keytive.com
684081,kjzxfw.com
684104,kipmaster.ru
684119,kkdac.co.jp
684137,kladraz.ru
684167,khulna.gov.bd
684184,kenai.city
684241,kaidian800.com
684263,kafila.online
684449,khadi.kharkov.ua
684579,koreanursing.or.kr
684660,kindbook.net
684668,kippersrijssen.nl
684708,kfc-uerdingen.de
684710,kielakowie.com
684767,kubweb.media
684785,kindshopmagazine.nl
684823,khjdevice.com
684900,kjoli.com
684949,klinikum-darmstadt.de
684965,kreenconnect.com
685103,kmzs123.tk
685127,kayanoya.com
685139,kemotv.cc
685166,khannagems.com
685169,kallista.com
685207,kstardianyuan.com
685242,krotmonstr.online
685266,kraji.eu
685296,kos.com
685300,kirishima.co.jp
685322,kiehls.com.sg
685346,kikuyasu.com
685406,kirillitsa.tech
685513,kcparent.com
685530,kestner.it
685531,kanazawa-bidai.ac.jp
685537,keonhacai.mba
685566,khretech.com
685703,kfyo.com
685723,ks54.ru
685754,kallos.co
685766,ktm.at
685879,kahasat.cz
685949,kdkw.jp
686070,kinematicbrewingco.com
686103,krepost.app
686135,korosten.today
686146,ketchikanag.com
686168,kepiron.com
686199,km.gov.lv
686240,kairosoft.net
686243,kabm.co.kr
686411,ketquahomnay.net
686416,kartografija.hr
686440,koukoku.jp
686448,kravag-online.net
686520,kakigames.com
686535,kgh.on.ca
686546,kickedarea.com
686591,katherinetimes.com.au
686602,kanguka.info
686612,kapisgroup.com
686621,kivolokids.com
686633,karpatinfo.net
686688,kassa.co.il
686798,khakensb.ru
686858,ketavconsultant.com
686864,k-ty.com
686900,kidsweb.de
686958,kileensgardenboutique.com
686970,kbequipment.com
687006,kloth.net
687079,kapelnicza-ot-pokhmelya-voronezh-16.ru
687086,kmaeil.com
687100,korat-info.com
687129,klykken.com
687150,kempe.us
687201,kranjska-cebela.si
687215,keonhacai.cam
687239,kkrpec.com
687243,klubkm.pl
687316,kerkliedwiki.nl
687368,kayaviptransfer.com
687376,komorkomat.pl
687547,kaliti.fr
687548,karnsfoods.com
687549,kellyfelder.com
687550,kepsee.com
687551,kkfbl.com
687552,kompaszliav.sk
687553,kotirouva.com
687708,kazutoshimaru.net
687709,khasstores.com
687710,kmvlehti.fi
687711,knightweave.com
688023,kabuhai-db.jp
688024,kajivblog.com
688025,kaltokan.cc
688026,kaocko.cz
688027,kareinn.app
688028,karida-shoes.com
688029,katoonistore.ir
688030,kdb5xb.com
688031,keralaspeaks.news
688032,kesariraj.com
688033,kesehatan.online
688034,khedmatgozaran.com
688035,kids-future-navi.com
688036,kidung.com
688037,kikivacollection.com
688038,kitkidsescolar.com.br
688039,klogeschichten.net
688040,koralive-hd.com
688041,kouda.com.br
688042,kuboteka.shop
688043,kursdollar.org
688044,kurumatabi.net
688045,kutombana-tz.com
688359,kidizz.com
688372,kalendarzswiatnietypowych.pl
688389,kaspa.ws
688417,kidshealthalliance.ca
688501,kia.cc
688512,k-s-a.co.uk
688579,kampseti.com
688614,kotel-54.ru
688705,karobardaily.com
688719,kaspiy.az
688742,k-plus-s.com
688843,kuey.net
688939,kopy.app
688974,krut.link
689031,kiteworks.dev
689032,konta.com
689043,kitchengidget.com
689104,kitabiwako.jp
689353,kuburaya.go.id
689382,k-pbc.com
689395,kapitalsv.ru
689433,kompleksnoe-seo-prodvizhenie.ru
689554,karatecatapp.com
689615,kewaybags.com
689623,krvostok.ru
689694,krko.info
689791,kapelnicza-ot-pokhmelya-voronezh-18.ru
689806,kwaliteitsregisterparamedici.nl
689826,kiwipost.de
689843,kohlerengines.com
689900,kampsight.com
689924,kintonramen.com
689935,kinogo.best
689936,kanyidaily.com
689939,kuntoplus.fi
690003,knc.pl
690005,kickgame.co.uk
690066,king.game
690084,ketangku.com
690178,kickinghorseresort.com
690194,kpn-dsh.com
690202,ktcu.or.kr
690302,kingstarcolchoes.com.br
690358,kolex.co.za
690374,kitjj2.com
690385,k5online.com
690388,kinotrast.ru
690426,kajshop.com
690431,kermanmotor.ir
690508,koibagus.com
690550,kuramanime.work
690600,kupit-diplomix-v-serpuhove-190.ru
690684,kinotanos1.link
690742,kawaiikei.nl
690749,kane.fi
690864,kbi.or.kr
690902,knowledgenuts.com
690930,kaifa.cn
690961,kinotuskanac.hr
690965,kyivcnap.gov.ua
691017,kopenas.my
691043,kgd2018.ru
691100,ktf.com
691171,khalilsfood.com
691228,korrosionsschutz-depot.de
691239,karo.waw.pl
691277,kibology.us
691310,kokomishop.com
691318,kznews.kz
691335,kithost.ru
691347,korrekt29.ru
691369,kaunertal.com
691380,kscomputing.biz
691385,karran.com
691432,kermitlynch.com
691470,kingscrossroads.co.uk
691479,kamelopedia.net
691528,kochersperger-genealogie.eu
691563,kbd.so
691565,ky.live
691591,koreanspa.com.vn
691608,kanongyun.com
691622,konferencii.ru
691660,king-charles-spaniel-owners.co.uk
691667,kachestvo.pro
691689,klimaflow.de
691729,khcc.gov.tw
691744,kent.edu.au
691756,klp086.com
691771,kenkoda.com
691838,kuaixiaotianxia.com
691860,kamenik-at.de
691921,kors-group.com
691926,keihan-group-jobinfo.net
691929,koreanculture.jp
691985,kotodom.ru
692037,kindfinderliving.nl
692055,konstantin.blog
692080,kronoshome.ru
692174,kooringalaustralia.com
692268,kaufdas.online
692291,kansascitycurrent.com
692343,klikgalaxy.com
692358,kanematsu.co.jp
692544,katogroup.eu
692630,kevinallenmoore.com
692649,katsbotanicals.com
692847,kaanelektronik.com
692848,kanu.pet
692849,kaplearn.com
692850,kayifamilytv.com
692851,kidzvilla.online
692852,killerjeans.com
692853,kimche.cl
692854,kinderauto.ro
692855,kingoflenses.com.br
692856,kingsmeadshoes.co.za
692857,kn926.net
692858,koketa.com
692859,kookai.co.nz
692860,koreanbeauty.se
692861,kppkpp.co.kr
692862,kraba.online
692863,kurtgeiger.mx
693036,koikeya-online.jp
693037,kitsaptransit.com
693295,kpcu.com
693298,kmrarmsshop.cz
693309,koala.net
693315,kiddingaroundgreenville.com
693340,kimsal.com
693388,khusidiabetescare.co.in
693419,klima-express-shop.de
693420,kbglegal.com
693487,kmandi.net
693526,kavee.com
693563,kaz.ru
693690,ktosnami.icu
693730,kiaihned.sk
693751,khalatisort.cyou
693765,kniire.ru
693769,kidsmentalhealthfoundation.org
693812,koingosw.com
693820,knrb.nl
693834,kreativekiwiembroidery.co.nz
693864,kreis-lippe.de
693873,kbcbanka.rs
693930,kmob.com
693962,keystone-ats.ch
694068,kaylees.site
694138,klil.ru
694139,kitchenwarehouseltd.com
694202,kaywon.ac.kr
694204,kingpeak.us
694293,kmi.re.kr
694307,ketch.com
694326,kpwkm.gov.my
694412,kaleris.com
694427,kozelben.hu
694560,kinofenster.de
694578,kitmanlabs.com
694599,konan.lg.jp
694705,konturterm.ru
694709,kmc.solutions
694722,kupo.email
694796,keyboards.de
694872,kenoeiga.com
694877,k-shopsystem.net
694882,kikilighting.fr
694890,kgmart.ru
694917,kompozme.top
694929,kirmanitravels.com
694971,koltuk.org.tr
694992,kdm.net.py
694996,kreationarchitects.com
695015,knowyourteeth.com
695030,kvartirakrasivo.ru
695071,kokushin-u.jp
695127,kah-bonn.de
695170,knsgrad.ru
695276,kaigo-antenna.jp
695288,kickslab.com
695431,keyloop.net
695433,karrieretag.org
695506,koreaporn.net
695529,knsvolga.ru
695604,karldahm.com
695679,kreis-herford.de
695716,kick.cx
695773,keensbuildings.com
695788,kakpishu.ru
695792,kissimmee.gov
695814,konyvtunder.hu
695887,krsk2019.ru
695889,keke.re
695972,kodafire.com
696023,kaznmu.kz
696131,kougelhof.fr
696142,kamin-expert.com
696152,kemppasystems.com
696156,kmoshops.shop
696165,kotabarukab.go.id
696306,kudocook.com
696347,knssochi.ru
696393,kuakeng.com
696406,kerlix.xyz
696417,kidapawanexchange.com
696489,kuarehost.pro
696585,kupprawojazdyb.com
696603,krttv.com.tr
696609,kship.com
696626,kennythepirate.com
696648,kinogo.fun
696689,kadrovik.ua
696695,kvision.ai
696713,komtrans24.ru
696719,kupit-kursovuyu-89.ru
696773,kwiaciarniapodkowa.pl
696785,kreutzmannrester.space
696807,kamakurashirts.com
696827,kralen.nl
696834,konaweselatankab.go.id
696835,kivabe.com
696842,kabelirkutsk.ru
696869,keonhacai55.de
696880,kanyeuniversecity.com
696904,kra2kn.cc
696936,kion-tv.ru
696982,ktmc.com
696987,kobplanrealty.com
697007,kawakawaspa.com
697141,kamediorg.com
697142,koleso.tj
697143,koreatax.org
697302,kikopangilinan.com
697303,kylti.org
697362,kazuri-capital.com
697430,krnu.org
697467,kanoe.cz
697532,ksnetworkbd.com
697542,kuking.net
697582,kanker.be
697622,kem.edu
697625,khsmserver1.nl
697639,keats-poems.com
697645,krupsusa.com
697693,kasargodvartha.com
697708,kuehl.info
697745,kuzmich24.ru
697774,kyudo.jp
697878,kuki.ai
697895,key8.com
697917,kadenbook.com
698072,kkdb.ru
698084,kghcustoms.com
698108,kardan.ir
698120,kosen.kr
698190,kct.cz
698191,kzread.info
698203,khtahmar.com
698207,key-project.org
698217,kobieceinspiracje.pl
698279,ksb.rs
698314,kalanshahr.ir
698358,kt-solutions.de
698398,kf507591.cn
698415,kpoe.at
698433,kcsgis.com
698450,kuponkodu.cz
698459,kofio.co
698479,kugoo-russia.com
698733,kourdistoportocali.com
698784,kia-israel.co.il
698838,kiripost.com
698860,korian.it
698896,kitoinfocom.com
698910,kupika.by
698913,katerelosfitness.gr
698947,kadoyaparallelsister.cc
698951,knstyumen.ru
698955,kppin.co.th
698972,kulkos.net
698993,keystonefireworks.com
699052,kaiseigakuen.jp
699058,kinder.com.gt
699113,kutxateka.eus
699187,kjt.casino
699199,kai.ed.jp
699205,kvu.su
699217,k-radio.ru
699223,kaamastra.com
699252,kvalitetvremena.com
699292,kimc.ms
699327,kusodino.com
699380,kikunoi.jp
699392,kralakademiuzem.com
699412,kegel-plan.me
699420,kolorshealthcare.com
699432,kungsbackaposten.se
699557,kupit-diplomys-v-syzrani-63.ru
699580,koimousagi.com
699590,konohashop.com
699649,kuci.org
699684,kamon.ua
699685,koty.pl
699765,kamelio-api.com
699827,kmedicalbeauty.jp
699855,kannikar.net
699856,knuthing.com
699860,kct.ac.in
699865,kdz-ws.net
699914,kutisfuneralhomes.com
699943,kjuc.si
700083,kartbrosio.com
700098,kitt-inf.net
700135,kvn.ru
700148,kiehls.com.tw
700160,klmp200.net
700162,kauselmann.com
700182,krzywonski.me
700208,kasino-olympkz.site
700307,kosherplay.com
700324,keramik.at
700463,kogado.com
700556,kanagawaparks.com
700564,khuxwiki.com
700573,kentuckyperformingarts.org
700583,kb-12.com
700652,kaveh-art-studio.com
700702,komitid.fr
700703,kumadoll.com
700717,katika237.com
700721,krupdapp.com
700751,kikma.site
700830,keiramarcos.com
700872,keys.casa
700903,kanayahotel.co.jp
701018,kramkisten.com
701027,kunststoffe.de
701034,kirjavinkit.fi
701046,kachathaibistro.com
701067,keymakr.com
701096,kpop007.com
701124,kayakandsup.com.au
701139,kiparissis.gr
701180,kontinentusa.com
701241,kaohooninternational.com
701264,kifidis-orthopedics.gr
701440,kumertau-city.ru
701452,knowledgeworldblog.co.uk
701513,kreissparkasse-ahrweiler.de
701527,konet.se
701571,knigofil.org
701633,konaos.com
701664,kkzj.com
701673,kwikzo.co.in
701681,kontrakt-pol.ru
701690,kaihuamoulds.com
701734,kuoni.at
701882,kyngin.zone
701962,kstar-cj.com
701972,kickofflens.co.uk
701993,kubisport.cz
701998,korrektingatlan.hu
702012,kamiceria.com
702033,khandishnetwork.net
702039,ketoway.diet
702062,kibomodz.online
702084,keadilan.id
702128,kutstroy.kg
702151,keukendepot.nl
702167,kait.jp
702247,krabo.nl
702268,kvadratpro.ru
702307,karaoplay.com
702334,kiloview.com
702359,kh4ffx.net
702470,kxk.ru
702497,klinik.co.uk
702502,kateinoigaku.jp
702523,kitrig.shop
702551,kirschner.net
702556,ksk-anhalt-bitterfeld.de
702562,kayakanglermag.com
702876,kabayanremit.com
702877,kadro.co
702878,kaedear.com
702879,kaff.in
702880,kalos-france.com
702881,kamalsolar.pk
702882,kamilkeskin.com.tr
702883,kandoocn.com
702884,kelioniupanorama.lt
702885,keralavisionnews.com
702886,kg999.net
702887,kg999pwa.icu
702888,khaanfilms.com
702889,khanebosch.com
702890,khmer-smm.com
702891,kingbet.com.cy
702892,kipis.lt
702893,kllotteryresult.com
702894,km.gov.af
702895,kmkala.com
702896,koparoclean.com
702897,kortingoutlet.com
702898,kpops.pl
702899,krispykreme.mx
702900,kristinasscrapbooking.se
702901,kushironews.jp
702902,kynigesia.gr
703539,kafeskuslari.com
703540,kaikan.co
703541,kalas.cz
703542,kamdhenuuni.edu.in
703543,kameraliike.fi
703544,karaca-home.com
703545,kardarmanitv.com
703546,kdaisuki.jp
703547,kdmshospital.com
703548,keicho.net
703549,kelepoyri.gr
703550,kenbrooksolar.com
703551,kerenby.co.il
703552,khanetarh.com
703553,khanhvyhome.com
703554,khind.com.my
703555,kichifan.com
703556,kids-doctor.jp
703557,kimcoerp.com
703558,kimdishop.com
703559,kimono-rentalier.jp
703560,kirsehircigdem.com
703561,knifestock.hu
703562,knotheory.com
703563,kolaynota.com
703564,komolife.ir
703565,koreanfakes.com
703566,kormed.it
703567,kost1.no
703568,koupenchan-store.jp
703569,kouryakutsushin.com
703570,kpanel.co.uk
703571,kraemer.at
703572,kraftpaints.com
703573,kredytok.pl
703574,ksisters.cz
703575,kuroimanga.com
703576,kutubypdf.com
703577,kx8.bet
704227,k-skn.com
704228,k0vc1svq.com
704229,kaiden.gg
704230,kailashhealthcare.com
704231,karibche.ge
704232,kayaunite.com
704233,kct.jp
704234,keibana.com
704235,keslem.es
704236,khsearch.com
704237,kievboard.com
704238,kinotac.org
704239,kitempleo.pe
704240,kitgoal.com.br
704241,klaramody.com
704242,klarstein.ro
704243,klimakoncept.hr
704244,klm.pl
704245,kmerphone.com
704246,ko-shop.com
704247,kobietawsadzie.pl
704248,kolabkhmer.com
704249,kolahkasket.com
704250,komon-lawyer.jp
704251,kompas-shop.si
704252,koreanairdfs.com
704253,kunel-salon.com
704254,kyowontour.com
704602,kognito.com
704617,kxysf.com
704726,kreis-tuebingen.de
704732,kosnews24.gr
704742,kursuok.lt
704758,kawahbuku.com
704786,kratochvil-elektro.com
704842,kikocosmetics.ru
704910,king12.online
704956,kentaurzbrane.cz
704957,kazeliving.com
704983,kookahpuenkhun.com
705005,koreanskincare.be
705061,kolporter.com.pl
705085,kotousa.com
705185,kepuyan.com
705186,klikzpravy.cz
705211,kmap-state-ks.us
705247,kikei.fr
705252,kaufman-auctions.com
705286,kma.gov.tw
705301,kaiserkraft.com
705380,k-macs.ne.jp
705416,kalingauniversity.ac.in
705436,kanal2.ee
705442,kramer.nl
705451,kaplansmarine.com
705503,kftv.com
705507,kitchenerminorhockey.com
705534,koreaetour.com
705642,kbsi23.com
705681,kdxrider.net
705712,khabarfarda.com
705790,katsura-ballet.com
705833,kzbydocs.com
705835,kwa.de
705845,kaikei-home.com
705853,kbeautystop.com
705923,kinotron.tv
706055,kundaliniresearchinstitute.org
706093,konzeptfinanz.at
706209,kingmalumbermasters.ca
706283,kickboxio.net
706311,kmhp.com
706355,karate.com
706429,kwakolmarkets.com
706432,korin.com
706449,kinohodzhizn.online
706456,kiekko.tv
706541,kammarkollegiet.se
706581,kyotofuzoku.com
706651,klingelnberg.com
706779,khmer24.co
706798,kbservice.club
706862,katybooks.com
706898,kinogo.jp
707009,kensoft.net
707153,kaartsnack.nl
707213,kimstim.com
707238,kb4.it
707256,knd25.net
707287,kingstonmemoryshop.co.uk
707330,kadriyebasturk.com
707331,karizmajewels.in
707332,komehyo.com.sg
707413,kwdatacentre.com
707431,kfetele.ro
707464,kouzikrafts.com
707470,kdu.ac.kr
707487,kaijia-smt.com
707495,khk.co.jp
707518,koreanfilm.or.kr
707546,koreapress.net
707548,ktdc.com
707569,kmp.com
707626,korus.ac.kr
707630,koikikukan.com
707646,kupit-kursovuyu-85.ru
707660,kivi.nl
707665,kulturklubplus.ch
707707,kolesmen.ru
707719,kokosing.biz
707729,kazu.org
707780,klevoclub.com
707798,kapelnicza-ot-pokhmelya-samara-28.ru
707861,kindscopenow.nl
707874,konik.ru
707877,kabluckgirl.ru
707890,kobel.fyi
707963,kcsc.or.jp
707966,keepdesign.com.my
708001,kazyno-ua.com
708025,koreadigitalnews.com
708055,knoesis.org
708081,krishi.gov.bd
708085,ksurl.cn
708104,kx.studio
708114,kuliah-karyawan.web.id
708130,kahp.or.kr
708138,kapanet.or.kr
708184,kurth-classics-autoparts.de
708203,kvedomosti.ru
708223,kwetuafrikatrails.com
708395,kpi.ac.th
708452,kupitproekt.ru
708477,kinobolt.online
708525,karmel.co.il
708547,kalexenterprises.com
708554,kookawsa.com
708574,kangerwholesaleusa.com
708580,kiberdesktop.ru
708615,ktng.co.id
708626,kilmarnockfc.co.uk
708635,kaasresultaat.nl
708646,kyt-obmin.lviv.ua
708720,kingshouse.gov.jm
708734,kuzbass-zakon.ru
708750,keyloop.co.uk
708755,knowledgeverse.org
708785,kamagraoriginal.to
708792,kktv.me
708817,kinogotv.biz
708830,kbaq.org
708880,km122.cn
708913,kaasdrive.nl
708989,kygo.com
709005,kiaoftheshoals.com
709050,kib.com.kw
709071,kennebecalumni.org
709096,kristoff.it
709172,kfnl.gov.sa
709222,kickfoosballtables.com
709230,komeri.re.kr
709367,kwallpaper.ca
710054,kalosex.com
710055,kalvium.community
710056,kamenik.hr
710057,kamieniolomy.pl
710058,kampadmin.be
710059,kanaduya.shop
710060,kancelar24.cz
710061,karavancruises.com
710062,kare.co.jp
710063,karibik.co
710064,karpiowegraty.pl
710065,katseni.gr
710066,kavegepbolt.hu
710067,kaybeauty.com
710068,kazam.in
710069,kazandigital.ru
710070,kdcampus.live
710071,keeprunningbrasil.com.br
710072,kemgroup.gr
710073,kernowmodelrailcentre.com
710074,kfc.co
710075,kidero.ro
710076,kinderland.com.ar
710077,kinegun.cl
710078,kinguys.com
710079,kirei.co.id
710080,kissanime.ba
710081,kjdl98se1.com
710082,kjdlie6s5.com
710083,kkul.com.mx
710084,kkutu.co.kr
710085,klin.com.br
710086,kmoto.lt
710087,knigi-audio.me
710088,knigovo.com
710089,koetoficial.com
710090,kolniak24.eu
710091,konner-sohnen.com.ua
710092,korean-skincare.fr
710093,koreanskincare.pt
710094,kosmima-online.com
710095,koszulker.pl
710096,koujoukyujin.world
710097,kpopowo.pl
710098,kraftdele.info
710099,kralj.hr
710100,krosvordytsia.com.ua
710101,ksc.ir
710102,kubicasport.eu
710103,kulsoaksi.hu
710104,kupmeble.pl
710105,kurumsalb2c.com
710106,kxmanhua.com
710107,kyma.vn
710842,kingkongwork.com
710848,keyence.com.cn
710871,kidworldcitizen.org
710897,kyoceradocumentsolutions.co.za
710976,kogniz.com
710992,kawaiishop.shop
711062,krovelson.ru
711185,kulevincyedekparca.com.tr
711207,krone.group
711408,kanys7.com
711419,kolotoc.sk
711477,knsperm.ru
711500,kixxh5.com
711598,kratos.us
711622,kartfiyat.com
711624,koreanrandom.com
711633,keller-sports.de
711705,khmer440.com
711724,kunstveiling.be
711782,kalledaskabel.de
711826,kongcloud.io
711851,kfc.com.sg
711960,kinogo.loan
712054,kaufhaus-peters.de
712058,kdhc.co.kr
712060,kkgithub.com
712066,kaltimtoday.co
712083,kpmgproxy.com
712094,k2mdistributions.fr
712115,koolydesign.store
712135,kingdkey.com
712282,kherson.one
712290,kmt1.net
712294,konferencje.pl
712370,kipu-rc.ru
712414,krforadio.com
712483,kindscience.com
712512,konsi.com.br
712671,kapelnica-ot-zapoya-nizhnij-novgorod-8.ru
712682,krona.hr
712686,kos.ch
712689,kittycleanerapp.xyz
712704,keremlino.lifestyle
712765,koalagroupservicesaus.com
712831,koken.me
712848,ktechq.com
712869,kitchensurfing.com
712885,koweb.net
712892,kmag.net
712953,kccaferadio.com
712954,kiwa.info
712957,kiw.co.jp
712968,kronoki.ru
713054,ko789.company
713172,kinto-mobility.eu
713259,ktstelecom.ru
713276,kupit-kursovuyu-86.ru
713309,kasinoru.casino
713311,kenyabuzz.com
713335,kvartplata.info
713350,kurzweiledu.com
713382,kingroyaltrlink.icu
713409,katc.mil.kr
713417,ktb.org.tr
713456,khulnagazette.com
713466,keramiko.net
713612,kaoyaya.com
713623,kvuc.dk
713803,kyte.tv
713840,kinogo.london
713872,kabinetdoktora.ru
713972,ksp.gov.in
713999,kutethemes.net
714041,kupideo.com
714052,kazanova.biz
714073,karrimor.com
714256,kanliao20.cyou
714257,keenton.com
714258,kezvideos.com
714259,knbcdn.com.br
714260,kobelco-jianji.com
714261,kobelco-kpsc.com
714262,kokpb.com
714263,kpmg.cz
714264,kuyo.cc
714265,kyocera-componentes.com.br
714434,kernelthread.com
714485,kvie.org
714515,katadromartcolony.com
714516,khojawiki.org
714535,ksk-bautzen.de
714552,koswec.or.kr
714784,kitchenappbilder.site
714833,kymmekreations.co.uk
714920,karaoke-bigecho-job.net
714927,kaveyeats.com
714951,kity.wtf
714957,koh-i-noor.cz
714975,kanade-ad.net
714998,kccrradio.com
715015,kyu.de
715071,k-space.ee
715080,kipas899.org
715096,kytica-expres.sk
715104,kinki.nl
715114,kosinmed.or.kr
715128,kundaliniyoga.com.pl
715194,krvs.org
715224,kingofanonymity.org
715265,kimgarst.com
715289,krreritas.com
715392,krishnadas.com
715430,kwmov.com
715464,kirmarket.ru
715541,kirchheimbolanden.de
715545,khelaghor-login.com
715560,kwp.at
715561,kyowa.co.jp
715627,kudkuda.net
715628,korea1xbet.com
715644,kingcobrawiki.org
715677,kasbdkjc.com
715679,keycaptcha.com
715718,kinogo.pro
715749,killingthyme.net
715750,kilotela.com
715754,kylahullutkulkurit.fi
715789,kezana.ai
715811,kadmarket.shop
715879,kreuzwort-raetsel.com
715962,koneita.com
716076,kiino4k.ru
716090,kbsmc.co.kr
716110,kinovea.org
716145,karte.ro
716167,kommuni.com
716175,komipo.co.kr
716213,krasdom.ru
716266,knightrehab.co.uk
716317,kilosessions.ai
716561,kafijasdraugs.lv
716562,kav.so
716563,khatoonjewelry.com
716564,kodi.pro
716565,kohvisemu.ee
716566,krupki.by
716699,knowunity.com.tr
716719,kwshop.co.kr
716721,kmbb.at
716735,karma-group.ru
716750,kreon.com
716783,kasugai.ed.jp
717035,kiddinx-shop.de
717130,kajunloadedtea.com
717163,kkam.com
717165,kievrus.com
717166,kggroup.co.kr
717195,kubota-china.com
717298,khpkadmig.click
717308,kreston.com
717314,krkjewels.com
717381,karmatus.com
717411,kanaldom.tv
717450,kieselguitars.com
717459,ktobrasile.com
717627,konaequity.com
717651,kishi-gum.jp
717660,kklol.com
717734,karel2.pl
717742,komuna.net
717754,kpopclub.ro
717771,kokuahawaiifoundation.org
717774,kwikku.us
717850,khonkaenlink.info
717859,kiierrhealth.com
717873,krasotka-market.ru
717903,kjiasgfo.net
717922,korallenableger.com
717960,kodansha.jp
717994,krukam.pl
717998,koffiepraat.nl
718064,kj8-thegame.com
718072,karminecorp.fr
718098,kavkaz-market.tech
718111,kaiyuan.de
718145,kookpunt.nl
718154,kanefuku.co.jp
718173,keinet.com
718179,kurelife.jp
718181,kavexo.be
718220,kittyhost.ru
718288,kei.be
718332,kingsmotorcyclefairings.com
718403,kpriet.ac.in
718426,kmpbrand.com
718451,kramer.fr
718552,kards.com
718563,kion.one
718605,kaztrk.kz
718612,kita9.ed.jp
718757,kentuckyarmoryclub.com
718782,kompany.com.mt
718820,katapy.com
718829,kynon.fr
718834,kuchen-shop.com
718920,kluswijs.nl
718972,klangoo.com
719027,kmvl23.ru
719050,kindnationhub.nl
719127,kickbot.io
719135,kvalitnitesneni.cz
719185,knjizara-dominovic.hr
719224,kapelnicza-ot-pokhmelya-samara-29.ru
719343,kebs.app
719404,kmtools.com
719473,koaladreams.com
719488,kitploit.com
719566,kinoz.bond
719605,kuryakyn.ru
719606,kora-999.com
719658,kuka.cn
719753,kingsminiboss.co.uk
719791,koreapost.com
719831,kaneko-optical.co.jp
719898,kinbetoficialni-cz.com
719975,kz-pinco.kz
720031,krdns.net
720039,kartalclub.com
720040,kruuna-kasino.fi
720155,kitap.name
720206,ki3.org.cn
720234,kovako.sk
720236,kvorum-silistra.info
720257,kcbux.ru
720317,kbwweb.com
720340,keid.co.kr
720483,korusigorta.com.tr
720521,kmural.ru
720540,komsomolske.net
720552,kaimanakab.go.id
720628,kfztech.de
720644,kingmaker1010.com
720652,kresla-e.ru
720725,keylogistics.cl
720850,keepital.com
720890,kilimodata.org
720904,kersur.net
720915,koruhastanesi.com
720975,kiivalidator.com
720993,kngroyals-hizligiris.vip
720997,komik25.com
721006,kut.ac.ir
721040,ksk-tut.de
721069,kpfixllt.cc
721087,kooshan.net
721095,kohlpharma.com
721096,kamenov.systems
721156,kikinzokukaitori.jp
721159,kgm-bnm.ru
721207,kaiserwinkl.com
721211,kumamoto-shutter.com
721303,kellermans.de
721355,knsbdi.com
721360,kanto.co.jp
721391,kinoplex.com.br
721429,kinoshita-group.co.jp
721538,kentuckyowlbourbon.com
721542,ktye8i.com
721594,kalkulatorlap.hu
721626,kabelka.cz
721645,km-c.ac.kr
721689,kodeks-pravo.ru
721691,kickas.org
721704,kloebb.de
721737,kucinich.us
721745,krinein.com
721797,kippneworleans.org
721807,kites.ai
721817,koko5000slot.com
721853,kazandirio.io
721894,kb42.info
721933,kawasakibrasil.com
721959,krkonose.eu
721968,klassauto.ru
722055,kcia.or.kr
722067,kttahrmmsa.net
722100,kuraimibank.com
722104,ketubanjiwa.com
722127,kicklo.com
722133,kheir.net
722146,kule.com
722149,kijeon.ac.kr
722193,kpour.com
722210,kiatechinfo.com
722219,kureselnetdns.com
722307,kcdates.com
722329,kitchell.com
722345,kaarwan.com
722371,korekarashinro.jp
722402,k-zeitung.de
722432,karokab.go.id
722460,kawasakidaishi.com
722485,kis3g.sk
722495,kingteamall.com
722561,kaztt.kz
722570,kmk-pad.org
722576,k-itv.ru
722636,kuroimanga.best
722655,kleap.co
722662,khz-record.ru
722706,kelvatek.com
722734,kubzsk.ru
722817,keces.com
722876,kalendarzrolnikow.pl
722925,kidsattractions.com
722937,kalinka.market
722975,kmdevantagens.com.br
723029,kunstkulturquartier.de
723074,kifflire.com
723158,kinderhotel-waldhof.at
723183,kasinopartio.com
723186,kjos.com
723243,kbptula.ru
723260,kanko-iwata.jp
723340,kiambupoly.ac.ke
723348,kepner-tregoe.com
723429,krasavia.ru
723477,kincity.li
723488,koreadns.kr
723495,kdsg.gov.ng
723540,ketchikandailynews.com
723556,kts.my
723659,konkurrensverket.se
723684,kangu.com.br
723709,kronos.sk
723727,kadangpintar.com
723735,klike.net
723739,keo.co.za
723749,kbo.net.br
723826,kato-works.co.jp
723832,kensfurniture.com
723864,kipon.com
723867,kzncomsafety.gov.za
723888,koreaaero.com
723918,kawalisserif.com
723919,kek-sik.com
723934,korrespondenzmanager.com
723971,kobe-c.ac.jp
724001,kskdhsdsdf.com
724125,klikenter.net.pl
724137,ktpusan.com
724149,kopet.lv
724163,kopersky.pl
724214,kolektifhouse.co
724239,keijinkai.com
724265,kazerunsfu.ac.ir
724278,kadant.com
724316,kenyonralph.com
724344,kabarmakassar.com
724351,klever.org
724369,kubears.com
724493,keltyadiw.com
724527,kimberly-club.ru
724558,kamint.ru
724583,koelnerliste.com
724620,kaptenslot-1.com
724639,k2.com
724642,kristall-pervoe.tv
724712,kifarunix.com
724721,kingpinmarketresearch.com
724945,kyve.network
724946,konibet.com
724950,kingz.com
724955,kichiuma.net
724984,k-nfts.com
725092,koopdomeinnaam.nl
725110,koltsovoauto.ru
725137,kho3dx.com
725196,kirgiz.cc
725200,kinoanime.com
725221,kingsdigest.co.uk
725254,kasinoru.com
725286,kosmos.ch
725303,keepmeinspired.co.uk
725382,kcjc.com
725394,kanetix.ca
725417,kapos.hu
725475,kkieo555.cn
725562,klagenfurt-airport.at
725596,kentsunucu4.com
725605,kapanlaginetwork.com
725674,kurspro.net
725750,knight.ab.ca
725787,kbsplit.hr
725796,kindcraftagency.nl
725798,krasnevune.cz
725841,keyworddifficultycheck.com
725880,kohler.co.id
725882,koncertomania.pl
725956,kamelot.com
725970,kazi.go.tz
726005,kompasgramedia.com
726120,kimaroom.jp
726123,kapitalrs.com
726223,kubejara.com
727061,k4odsi3kksod.com
727062,kadhakal.com
727063,kagoshimaniax.com
727064,kagu-wakuwaku.com
727065,kanji.me
727066,karafun.es
727067,karaku.co.kr
727068,karg8gc.com
727069,kartubet88pro.baby
727070,kattedra.com
727071,kellton.net
727072,kepleranalytics.com
727073,kfi1sa.com
727074,khabargujarat.com
727075,khabarkhuleaam.com
727076,khotruyenchu.fun
727077,kiauto.es
727078,kicks.com.uy
727079,kidichic.co.il
727080,kika.ee
727081,kindo.co.nz
727082,kingdomlikes.com
727083,kissfx.com
727084,kisskh.org
727085,kitaq.media
727086,kittendamour.com
727087,kj32vwabc.cc
727088,kjc11880.com
727089,kkys01.com
727090,klaudiofashion.com
727091,klcgl4zh.com
727092,klik365.com
727093,kmkbyqlcrx.com
727094,knobcloud.com
727095,kollkvoda.co.il
727096,komaki2.jp
727097,komikloe.net
727098,konradus.com
727099,koz.moe
727100,kpopbazaar.com.au
727101,krishnapearls.com
727102,kscxsl.com
727103,ku911.app
727104,ku944.app
727105,kuki.pl
727106,kutchmitradaily.com
727107,kvetyvesny.sk
727973,kar.or.kr
728006,kinfra.com
728035,kudert.com
728235,kamilah114.space
728247,kmmos.ru
728264,karriere-mittelhessen.de
728301,kopinetgo.net
728334,kingbettingpro.com
728339,kiserfurnitureoutlet.com
728342,kiriengine.app
728383,koranmemo.com
728394,kup-si.cz
728403,kirkpatrickpartners.com
728413,kubevirt.io
728438,kayo.io
728451,kiam.ru
728457,kreativfieber.de
728543,kagifeedback.org
728583,kooldns.com
728634,keyin.cn
728652,klujo.com
728682,kinofi3.site
728714,kltinh.com
728809,kiltergrips.com
728831,kentwoodford.com
728849,kangke.cn
728851,kitchenaid.nl
728892,kingofreach.com
728928,kongace.com
728995,komga.org
729037,kazgau.ru
729055,kiminona.com
729065,kullenssfk.se
729083,koko-gym.jp
729096,kifal.ma
729142,kreisel.ru
729166,kibtek.com
729197,kazmuno.kz
729259,klwllt.xyz
729267,keisoshobo.co.jp
729288,kiranprepare.com
729333,kolsa.ru
729416,kimono-navi.net
729418,korn.eu
729448,kiralik-vincler.com
729558,kidsdown.com
729602,keystonelaw.com
729693,kolokol-kaluga.ru
729706,kibleyonubul.com.tr
729730,krbo.eu
729739,kazabul.com
729754,kanko-shinjuku.jp
729840,kamapet.com
729892,klimaticket.at
729893,kit-telecom.ru
729923,kagit.kr
729958,kairosfire.com
729959,kmi.or.kr
730022,kiscosl.com
730026,kyky.org
730058,kooky.io
730079,kertos.io
730151,keren89.org
730167,keswick.org
730250,kareliawoodcompany.ru
730284,kkcdn.ru
730341,konsep.digital
730351,kunhwaeng.co.kr
730382,kzmc.uz
730393,kardoaward.com
730403,karma-riuk.com
730619,khabarmohem.ir
730634,kuksiwon.or.kr
730648,kabinet-faberlic.com
730652,kunstmuseum.de
730658,kosac.re.kr
730763,kznwildlife.com
730766,koreg.or.kr
730772,kirloskaroilengines.com
730845,karmed.net
730868,komakresani.ir
730936,kafu.ac.ke
730969,kimika.net
731016,ktab.fi
731096,kauai.com
731247,kolkatamarywardsc.org
731271,kwiatowaprzesylka.pl
731317,komo.vn
731335,koshien-live.net
731348,kalite18.net
731355,kratomgala.com
731418,khimaira-st.com
731437,kivano.kg
731522,kardeskalemler.com
731598,kahanisex.net
731711,kubets.work
731716,kicore.net
731738,kontroll.hu
731839,kitap.kz
731888,knslfeprove.bond
731933,kingscrowd.com
731944,koreansexvid05.com
731964,kefri.org
731965,kickassd.com
731966,kk22300.cc
732048,kentreliance.co.uk
732050,kabudo.org
732065,kindstoryhaarlem.nl
732094,kyorindo.co.jp
732102,kindlyunspoken.com
732171,kartepepeyzaj.com.tr
732257,kernal.eu
732269,kering.net
732349,kcroos.com
732370,kamu3.com
732468,ktm2day.com
732486,konect.or.kr
732492,kmswb.co.kr
732534,kopekdunyasi.com
732543,knightea.com
732548,kong.com.tw
732557,kew-ltd.com.cn
732573,koreanpornsex.com
732602,kootdus.ru
732605,kycu.ac.kr
732607,k1047.com
732685,kids-flashcards.com
732726,kissimmeeflhotels.com
732747,kallidusapi.com
732767,kstudy.co.kr
732772,kuffler.de
732784,klivago.nl
732790,komaki-aic.ed.jp
732824,kojeva.com
732877,kpi.or.kr
732890,kirainet.com
732909,k-startup.go.kr
732939,kapowmeggings.com
732956,kupit-attestatyx-v-spb-812.ru
732967,kandkmanagementcorp.com
733029,kaluganews.com
733033,kwc.edu
733067,kcloudapp.com
733076,keibanande.net
733090,koop.sk
733149,kamafritid.se
733153,kolektiva.media
733188,kacoldstorage.com
733227,klimat.gov.pl
733249,kaartmax.nl
733271,krazyplugins.com
733400,kisters.de
733498,kanyanahosting.com
733507,kaindl.com
733517,kpt.in.th
733519,keea.or.kr
733523,king-dvd.com
733642,kinkos.co.kr
733685,kolamap.ru
733744,kios.org
733761,krishibank.org.bd
733810,kinliu.hk
733853,kvasir.no
733922,ksp.or.th
733990,kibuyut.cfd
733995,kendrion.com
734059,korter.kz
734086,kerascoet.fr
734089,kk-dichtungstechnik.de
734120,kledingwinkel.nl
734123,kidscare.pro
734197,k9-kennelstore.com
734198,kookgigant.nl
734256,kablooiestore.com.au
734259,kendarikota.go.id
734289,koary.ru
734313,kiep.go.kr
734337,kissstore.com.ua
734352,kepusz.com
734363,kids.ge
734458,kinolar.tv
734492,kankou-matsue.jp
734502,karoserija.rs
734538,kusadasi.bel.tr
734559,kfsp.or.kr
734574,kernel.lv
734631,kolomna-spravka.ru
734644,kanxix.com
734647,konyvsarkany.hu
734649,knsb.nl
734698,koodcbm.com
734733,kalimeratzis-underwear.com
734757,kulttuuritoimitus.fi
734843,kiddo.edu.au
734958,kuailivn.com.cn
734991,kupistarinu.ru
735014,kre8ivserver.com
735033,kinomiya.or.jp
735219,kibuc.com
735223,kabelnet.com.mk
735245,ketteringseminars.com
735272,kleinbottle.com
735304,kcom.ne.jp
735394,kemsa.com.py
735426,kasina.co.kr
735474,kijkwijzer.nl
735477,knowlescapacitors.com
735484,kumport.com.tr
735499,koski.gov.tr
735606,krakenimages.com
735607,kreissparkasse-nordhausen.de
735649,kcmrm.pl
735709,king-maker-casino.org
735741,kimbino.es
735763,kramtp.info
735766,kappalib.ru
735767,koistudy.net
735804,kindafitkindafat.com
735845,ksk-saale-orla.de
735879,kwrxtx0.com
735884,klopec.ru
735890,kipparilehti.fi
735964,kyffhaeusersparkasse.de
736001,kostebek.com.tr
736016,kreissparkasse-schwalm-eder.de
736085,kalonline.com.cn
736120,kvic.cz
736172,kcgp.or.kr
736178,k9monster.net
736219,kombawa.com
736278,kotel-market.ru
736285,keelynet.com
736306,keusote.fi
736323,kqfpc.com
736366,ksk-heidenheim.de
736412,kemi.ac.ke
736431,kuburayakab.go.id
736458,keyplants.com
736471,koora.com
736502,kanchiuniv.ac.in
736545,kam4310.ru
736564,kennect.io
736580,kyoto-daisakusen.kyoto
736689,kpe.ru
736708,kpopmerch.com
736732,ksiegowosc.org
736826,kraszdrav.ru
736845,kirolprobak.com
736849,kobikom.com.tr
736874,kerjamail.co
737365,k666.news
737366,k666.one
737367,kadromierz.pl
737368,kakadu.si
737369,kakutolog.info
737370,kango-post.com
737371,karizmastudio.com
737372,katrangun.com.ua
737373,kenganleykianewportrichey.com
737374,keynius.app
737375,keziacloud.fr
737376,kickasssubtitles.com
737377,kingdomtitans.ca
737378,kinolink.org
737379,kitchnsverige.se
737380,kloudspot.com
737381,knidos.xyz
737382,kobelcoportal.com
737383,kodpublichnosti.ru
737384,kollecter.com.au
737385,kome.live
737386,koniclub.pro
737387,kontigo.com
737388,kotipathi.lk
737389,krabet.sa
737390,krgkart.com
737391,ktmworld.com
737392,kty.com.ua
737393,kumaranco.com
737394,kurtalangazetesi.com
737971,kinogo.link
737979,kverneland.com
738001,kngcit.ru
738025,kuramatoys.com
738029,kinohd-novinki.online
738068,kapcservice.com
738105,kenmorefloorcare.com
738132,keepsecurevpn.com
738157,kont-news.com
738193,kago-core.ru
738278,komar.de
738305,kent6324.casino
738313,kronobase.org
738319,kdprawc.online
738325,kamakuranet.ne.jp
738341,kartony24.eu
738385,keevo.com.br
738503,kpzip.com
738508,kjan.com
738523,kirasystems.com
738607,kajan.com.ua
738705,knabis.com
738764,kazuyoshi-saito.com
738819,kupit-kursovuyu-110.ru
738876,kaimuxyb.com
738877,kartinfo.me
738878,kibi.ru
738893,kjxstudio.net
738907,kaicollective.com
739077,kzho0418.com
739084,kaasleren.nl
739184,kodachi.cloud
739220,kayales.gr
739315,kidel.net
739446,kenwood.eu
739518,kapelnicza-ot-pokhmelya-samara-8.ru
739574,karsan.com
739592,kbs-coatings.com
739642,kareprints.com
739712,ksantana.net
739719,kingkong-factory.com
739742,kumomanga.net
739802,krovli-fasadi.ru
739804,kupatika.ru
739826,katushechnik.ru
739977,keibi-baito.com
739996,kyujinbu.com
740004,kyoto-ohshima.jp
740078,khaleejvape.com
740105,korsord.se
740126,kudeko.com
740139,keensystems.eu
740231,kitsune.ee
740236,kompany.com.au
740260,kakaopaycorp.com
740345,kellypangnail.com
740354,kia.bg
740378,kirov.online
740391,k1600forum.com
740423,kiroprosite.com
740513,k4lqw42-90t8greqllybbm36ru.space
740585,ksam.com
740595,kartes.lv
740649,kinotochka.cc
740656,krking.net
740660,kjcdigital.net
740677,ktv.no
740678,kwiu.edu.ge
740699,kictl.com
740723,kscj.com
740744,kts.kz
740755,kfjc.org
740803,kaketosdelanoml.ru
740886,kgm-asavto.ru
740887,konatelabs.com
740895,kjwestone.co.uk
740949,kled.ai
740968,kelimedehasi.com
741091,kontum.gov.vn
741114,kreis-euskirchen.de
741134,kimiss.com
741212,kiski.vip
741249,kgm-petrovskiy.ru
741267,karbonbrewing.com
741269,koufuku.ne.jp
741285,kaufleuten.ch
741308,kukumo.net
741331,knottsfuneralhome.com
741338,kappaclub.fr
741459,koidisini.com
741466,kedgebs.com
741475,kokthansogreta.nu
741508,killerinktattoo.fr
741552,kkx.net
741575,kopilotrehberlik.com
741584,kaefer.com
741588,kista.re.kr
741610,kuricari.com
741659,kobelco-usa.com
741680,kh.or.kr
741683,kongumatrimony.net
741763,kcma.or.kr
741770,kmetijskaoprema.si
741809,kadunapoly.edu.ng
741894,kombuispraat.com
741974,kenshin.hk
741994,kikfriendz.com
742048,kntu.kr.ua
742054,kosmes.or.kr
742073,kochlik.pl
742080,khmeravenue.com
742111,karnali.gov.np
742169,khattabishop.ma
742257,kreissparkasse-gotha.de
742264,kozlonyok.hu
742364,ksk-stendal.de
742396,kurandinliyoruz.biz
742467,kaisardanagg.com
742522,knvb.com
742523,kalyancenter.com
742541,kulturpuls.at
742567,kingbokep.lol
742685,kompava.sk
742762,kardiolitosklinikos.lt
742767,kanxis.com
742770,kit4d.com
742787,kinotree.ru
742810,ksk-verden.de
742859,kuilianm.com.cn
742909,kredium.rs
742964,karavaanarit.fi
742976,kryssordkjempen.no
743003,keysforkids.org
743055,kpk.gov.pl
743115,kata.ai
743280,kyliejennercosmetics.eu
743351,kgi.com
743358,kronika.ac
743362,kampfiregames.cn
743375,kadrcentr.ru
743469,kuaiyankanshu.info
743553,kyxar.fr
743579,kenadamsplumbing.com
743637,koximib.com
743638,kwparts.com
743655,kclj.si
743711,kentamplinvocalacademy.com
743785,kingonegame.com
743931,krankenkassenzentrale.de
744032,khsportsfan.com
744118,kulgacdn.com
744125,kong.it
744222,kapelnicza-ot-pokhmelya-nizhnij-novgorod-6.ru
744246,kaban4x4.ru
744249,kenganleyauto.com
744271,koene.com
744313,kbhbilleder.dk
744415,khanacademykids.org
744462,kinfodraszkellek.hu
744521,kreis-reutlingen.de
744538,kastner.at
744608,kermi.de
744610,kyorin.co.jp
744712,kumiho.one
744724,klacikrealestate.com
744787,kannabia.com
744854,konabrewingco.com
744891,keybase.pub
744894,kapihospital.com
744919,khalistanextremismmonitor.org
744952,klejch.at
744955,kewai100.com
744969,ketomix.cz
744977,konek.dev
744986,kaltum.fun
744988,knmjm.com
745021,khojbro.in
745078,keyz.ai
745164,kokka.is
745199,kpenews.com
745247,kucancercenter.org
745300,kulturideen.ch
745302,kobesteakhouse.com
745305,k2a.ru
745375,kupbilet.pl
745383,klfishing.com
745478,kiehls.it
745623,ksae.org
745628,kodomonokagaku.com
745660,koerber-pharma.com
745751,kuponhub.ch
745776,kenttraders.co.uk
745850,keystonewoa.org
745880,kagu-tsuuhan.shop
745905,kanja.jp
745941,kestrelterra.com
745983,keminvest.ru
746045,kanman.com
746085,knowtion-inc.com
746169,kuaizhang.com
746190,koerber-supplychain.com
746226,kosmetika-zdravi.cz
746231,kyutai.org
746280,kittlesammo.com
746334,kc-shoes.ru
746342,kh-davron.uz
746364,ksrc-au.com
746381,krejcova-brno.cz
746386,kitschencat.com
746410,keguanjp.com
746431,kamens.us
746490,kitchenproject.com
792015,k-balletschool.com
792016,k-banana.com
792017,k-beam.com
792018,k-c-b.jp
792019,k-cycle-r.com
792020,k-drama.ch
792021,k-elme.com
792022,k-gays.com
792023,k-linen.com
792024,k-lotto.biz
792025,k-mesen.jp
792026,k-net.co.id
792027,k-nkk.com
792028,k-novels.com
792029,k-parts.be
792030,k-pop.world
792031,k-popstyle.pl
792032,k-report.work
792033,k-skit.com
792034,k-sport.com.pl
792035,k-sport.me
792036,k-swiss.com.mx
792037,k-toom.net
792038,k-wonjin.co.kr
792039,k-yell.co.jp
792040,k.net
792041,k0a2n3o.com
792042,k0iz7r3yp.com
792043,k0l0zz.com
792044,k0m6y6d.com
792045,k0x436p.com
792046,k0zn7ii.com
792047,k1.game
792048,k101.org
792049,k101xy.xyz
792050,k11bet.in
792051,k11dg25.com
792052,k11f.com
792053,k1882667892351.vip
792054,k18826678926532.net
792055,k1a8p5m.com
792056,k1kun.jp
792057,k1m6r2.com
792058,k1q8m4v.com
792059,k1r6j5k.com
792060,k1u4a6s.com
792061,k1v1u6e9.com
792062,k1w312xfccl.com
792063,k1x8m6.com
792064,k1z7g9.com
792065,k2-vitamin.no
792066,k20gjg04.com
792067,k247play.online
792068,k27zp9.com
792069,k28sgh.com
792070,k2dfdsfewerppk.com
792071,k2jr1q95.com
792072,k2m.jp
792073,k2m5x9.com
792074,k2m6qx.com
792075,k2nn.my.id
792076,k2p4x8.com
792077,k2q6d2d.com
792078,k2q8v1zn.com
792079,k2t6.ru
792080,k2x4m7.com
792081,k2x8t6m.com
792082,k2xr7qpm.com
792083,k303gacor.com
792084,k3d8m9t.com
792085,k3ff.com
792086,k3h6i8.com
792087,k3m2r9.com
792088,k3m9v4.com
792089,k3m9x7a.com
792090,k3n3zym.com
792091,k3one.in
792092,k3p0sm.com
792093,k3p9v5m.com
792094,k3pfnn.com
792095,k3su.xyz
792096,k3t8qhp.com
792097,k3t9r2z.com
792098,k3w2w8.com
792099,k3z7t5q8.com
792100,k4a2m8r5d7.com
792101,k4club.vip
792102,k4e2sdg7irz.com
792103,k4ejnit66.com
792104,k4k5l4.com
792105,k4m6o8q.com
792106,k4m9r2.com
792107,k4r9vjn.com
792108,k4s5l2w.com
792109,k4v5r6m.com
792110,k4w7p2.com
792111,k4x0p9n.com
792112,k53online.co.za
792113,k5501.com
792114,k5503.com
792115,k5506.com
792116,k5508.com
792117,k5509.com
792118,k55hh7.com
792119,k5702.com
792120,k5813.com
792121,k5814.com
792122,k5817.com
792123,k5818.com
792124,k5820.com
792125,k5821.com
792126,k5822.com
792127,k5824.com
792128,k5866.com
792129,k5899.com
792130,k58rtp.com
792131,k59.la
792132,k59vv.com
792133,k5afq9.com
792134,k5b8y3p.com
792135,k5bet.bar
792136,k5bet.me
792137,k5bet.org
792138,k5f8wnj4tr.com
792139,k5j4w8e.com
792140,k5l4e1.com
792141,k5m2w8.com
792142,k5m3t9.com
792143,k5o1f6.ink
792144,k5ocgmrcj5.top
792145,k5r7x9.com
792146,k5w6c5.com
792147,k60yiw.xyz
792148,k666.ai
792149,k666.asia
792150,k666.com.pk
792151,k666.games
792152,k66604.com
792153,k67.game
792154,k677.com
792155,k6game.vip
792156,k6game.xyz
792157,k6p5r8.com
792158,k6r8t3m5.com
792159,k6r9p8.com
792160,k6w4pn1.com
792161,k73fz6.com
792162,k74ee.com
792163,k74gg.com
792164,k79ws2.com
792165,k7a3m9x.com
792166,k7bmw.com
792167,k7d4xm.com
792168,k7d9a28.com
792169,k7k9s9.com
792170,k7lr91.com
792171,k7m0x2k.com
792172,k7m1z5v.com
792173,k7m3x9a.com
792174,k7m4q9.com
792175,k7m4qx.com
792176,k7m8a5.com
792177,k7p4sm.com
792178,k7p7c8.com
792179,k7r9x5.com
792180,k7u6n9.com
792181,k82cp8v4.com
792182,k82ix9q.com
792183,k83nfs.com
792184,k85k85.com
792185,k85vip1.com
792186,k872a9d.com
792187,k872d23.com
792188,k87fh3.com
792189,k88bm.com
792190,k88play.com
792191,k8a2d97.com
792192,k8d3r9.com
792193,k8g6a8.com
792194,k8ht996.com
792195,k8m9d3s.com
792196,k8n4r7m5.com
792197,k8p4v2.com
792198,k8p9r7.com
792199,k8t4m2p.com
792200,k8w3l7.com
792201,k8x3a4.com
792202,k9-dating.com
792203,k90vtd.com
792204,k98-is92-kka2.com
792205,k99.game
792206,k99mb.com
792207,k9b3e6.com
792208,k9bk9.com
792209,k9d3m8v.com
792210,k9d6d5.com
792211,k9d8f2j.com
792212,k9n4q9f5.com
792213,k9natural.jp
792214,k9npr.com
792215,k9p3x6.com
792216,k9p7r6.com
792217,k9r2pz.com
792218,k9r4p7x.com
792219,k9r5w6.com
792220,k9t6l9.com
792221,k9tvlxqrpa.com
792222,k9v546p.com
792223,k9w1d.com
792224,k9winbesar.com
792225,k9winmm.com
792226,k9winpak.com
792227,k9winslotpgwallet.com
792228,k9x.online
792229,k9x1a5.com
792230,ka247.com
792231,ka777.chat
792232,ka777.org
792233,ka777.pro
792234,ka777.vip
792235,ka777.xyz
792236,ka89-has3-jau6.com
792237,ka9.club
792238,ka9.game
792239,ka9.vip
792240,ka9app.com
792241,kaafiyeplus.com
792242,kaaftoonltd.com
792243,kaalimato.com
792244,kaamdesi.com
792245,kaamdesi.me
792246,kaamuu.cfd
792247,kaarr.in
792248,kaartlegging.nl
792249,kaartspellen-online.nl
792250,kaashiv.com
792251,kaavyam.in
792252,kab-selvbetjening.dk
792253,kababjeesbakers.com
792254,kababjeesfriedchicken.com
792255,kabachok.xyz
792256,kabal.info
792257,kabale.net
792258,kabamsupport.com
792259,kabarkan.com
792260,kabehajaib.com
792261,kabehjitulabu.xyz
792262,kabehjitulangit.com
792263,kabehjitusilver.xyz
792264,kabekaketv-shop.com
792265,kabelbet.site
792266,kabertek.com
792267,kabijewellery.com
792268,kabiku.es
792269,kabinetavtora.com
792270,kabirbhaisatta.com
792271,kabirx.com
792272,kabiseo.com
792273,kabo88.run
792274,kabook.com
792275,kabook.live
792276,kabook365.com
792277,kabook567.com
792278,kabook777.club
792279,kabook9.com
792280,kabookcharm.com
792281,kaboom77.com
792282,kabsemarangtourism.id
792283,kabta.ir
792284,kabu-lab.jp
792285,kabu-rakuraku.net
792286,kabu-support-sh.com
792287,kabucations.com
792288,kabunogakkou.com
792289,kabuol.com
792290,kabushikigaisya-rigakubody.co.jp
792291,kacang99.icu
792292,kachiuma.jp
792293,kaci.ir
792294,kacieturley.com
792295,kacpr.org
792296,kacta.or.kr
792297,kacyildiz.net
792298,kadastrova-karta.com.ua
792299,kaden.ne.jp
792300,kadermvp5.net
792301,kadhaicafe.com
792302,kadhayezhuth.com
792303,kadi.ee
792304,kadkahwinmy.com
792305,kadmec.com
792306,kadobooom.com
792307,kadora.es
792308,kadvreg.net
792309,kaelipay.com
792310,kaeru-dayo.com
792311,kaerumall.com
792312,kafe777.top
792313,kaffek.be
792314,kaffek.ch
792315,kaffek.co.uk
792316,kaffek.dk
792317,kaffek.es
792318,kaffek.fr
792319,kaffek.hu
792320,kaffek.ie
792321,kaffek.nl
792322,kaffek.no
792323,kaffek.ro
792324,kaffek.se
792325,kafferoma.ro
792326,kafkaconcept.pl
792327,kaflixcloud.com
792328,kafolat.uz
792329,kafshkiani.ir
792330,kafshmohammad.com
792331,kagamino-jrep.net
792332,kagandan.one
792333,kaganparfumeri.com
792334,kagawa-arena.com
792335,kagcloud.in
792336,kaget77t.com
792337,kagonekoshiro.com
792338,kagoshima-city.jp
792339,kagri.vn
792340,kagura189.ink
792341,kaguyamakaban.com
792342,kahijab.com.tr
792343,kahoot.cc
792344,kahootbot.net
792345,kahuide.com
792346,kaichoninter.com
792347,kaidou.or.jp
792348,kaigaimm.com
792349,kaigoaid.ne.jp
792350,kaiju168.com
792351,kaijuchapters.com
792352,kaike-joy.com
792353,kaikofidgets.com
792354,kaikoshop.com
792355,kailaboutique.com
792356,kailash-tech.jp
792357,kailashparivar.com
792358,kailogistik.id
792359,kainattravels.com
792360,kainpopoy.com
792361,kaiogame.com
792362,kaiowa.app
792363,kaira.ro
792364,kairee.in
792365,kaironmusic.com.ar
792366,kairoshr.es
792367,kairosradar.gr
792368,kaiross.com.br
792369,kaisar633.com
792370,kaisar77win.site
792371,kaisar88.xyz
792372,kaisarlangit33.com
792373,kaisarlangit33ok.site
792374,kaiserhealthgroup.net
792375,kaishing.hk
792376,kaisoku.net
792377,kaisyuf.com
792378,kaitai-mado.jp
792379,kaitech-academy.com
792380,kaitharistudio.in
792381,kaitoani.org
792382,kaitool.net
792383,kaitori-rudeya.com
792384,kaitori-sweet.com
792385,kaitori-wave.com
792386,kaitori-zamurai.jp
792387,kaits.com.br
792388,kaiun-future.com
792389,kaiwisata.id
792390,kaiyoukokubou.jp
792391,kaizenhealth.us
792392,kaizenproperty.org
792393,kaizenscan.com
792394,kaizershop.gr
792395,kaj.or.id
792396,kaja.com.pl
792397,kaja77id.net
792398,kajak.mk
792399,kajakk-fritid.no
792400,kajian4djp.space
792401,kajuen.co.jp
792402,kakao-bbs.com
792403,kakaoi.ai
792404,kakekbuaya.xyz
792405,kakekslot-2026.com
792406,kakektotomainkan.xyz
792407,kakelgiganten.se
792408,kaki21.site
792409,kakikupos.com
792410,kakinblog.com
792411,kakiscanner.com
792412,kakislot.co
792413,kakislot.shop
792414,kaklik.com
792415,kako-sheets.com
792416,kakogawa-note.com
792417,kakopal.com
792418,kakrp8.net
792419,kakubazar.com
792420,kakuichi-house.jp
792421,kakunin-s.com
792422,kakvodaqm.bg
792423,kakwin.vip
792424,kalahandiuniversity.ac.in
792425,kalaimalar.com
792426,kalak.gg
792427,kalamngychat.com
792428,kalaoma.com
792429,kalapms.com
792430,kalapod.gr
792431,kalapod.hu
792432,kalarambhbybharathaat.com
792433,kalasion.com
792434,kalavand.top
792435,kalawatches.com
792436,kalbenutritionals.com
792437,kalcirecept.hu
792438,kaldagan.cam
792439,kaldagan.tv
792440,kalea.ba
792441,kalebet1339.com
792442,kaledri.com
792443,kaleesuwari.com
792444,kalendar-rybolova.ru
792445,kalendarz-365.pl
792446,kalender-365.se
792447,kalenderize.com
792448,kalenderpendidikan.com
792449,kalgidhartrust.info
792450,kalhotkomat.cz
792451,kalia.si
792452,kaliefinvitation.com
792453,kalikumaunkhabar.com
792454,kalil9182.com
792455,kalimatimarket.gov.np
792456,kalindicollege.in
792457,kalingauniversity.edu.in
792458,kalinka.by
792459,kalisiak.pl
792460,kalista.gr
792461,kalkanvilla.org
792462,kalla.co.id
792463,kallehpro.com
792464,kalmia.hu
792465,kalmistud.ee
792466,kalnirnay.co.in
792467,kalogistics.co.id
792468,kalopya.com
792469,kalpfm.com
792470,kalubi-taisho.com
792471,kalvi.lk
792472,kalviexpress.in
792473,kalyanamelam.in
792474,kalyanastrogems.com
792475,kalyanbook9.com
792476,kalyanboss.net
792477,kalyanbosssattamatka.com
792478,kalyanchart.net
792479,kalyanfinalank.com
792480,kalyanfinalank.net
792481,kalyaniinnerwear.com
792482,kalyanjewellers.tech
792483,kalyanm.in
792484,kalyanrecord.com
792485,kalyansilks.com
792486,kalyanstarline.com
792487,kamababa.cfd
792488,kamababa.lol
792489,kamagaya.ed.jp
792490,kamaikendra.net
792491,kamakuradog.com
792492,kamalacinemas.com
792493,kamalahari.com
792494,kamaleon.com.br
792495,kamaotomotiv.com.tr
792496,kamargardan.com
792497,kamashin-supermarket.jp
792498,kamasutradating.nl
792499,kamata-saisyuusyou.com
792500,kamax.bg
792501,kambikathakal.net
792502,kambikuttanhd.com
792503,kame-kichi.com
792504,kame.pe
792505,kameda-netshop.jp
792506,kameez.co
792507,kamegameh5.com
792508,kamenime.com
792509,kamery24.org
792510,kameyama-candle.jp
792511,kameyaweb.co.jp
792512,kamiapp.info
792513,kamidogu.com
792514,kamienskie.info
792515,kamigatarakugo.jp
792516,kamihata-online.com
792517,kamikey.com
792518,kamimura-bbq.com
792519,kamimutsukawa.com
792520,kaminashi.com
792521,kamincentar.rs
792522,kamiojapan.shop
792523,kamir.cz
792524,kamisatoya.com
792525,kamisushi.cl
792526,kamite.com.mx
792527,kamito.vn
792528,kamm.si
792529,kamomeshop.es
792530,kamounhome.tn
792531,kampa.com.tr
792532,kampak.mx
792533,kampalahotgirls.com
792534,kampalaxxx.com
792535,kampo-media.com
792536,kampung2login138.com
792537,kampungbola99.fyi
792538,kampungbola99.shop
792539,kampungchat.org
792540,kampungenak.site
792541,kampungpinter.co.id
792542,kampuscun.site
792543,kampusimpian.com
792544,kamraellato.hu
792545,kamrat.com
792546,kamuga.com
792547,kamuklife.com
792548,kamukta.shop
792549,kamuktahd.net
792550,kamusbatak.com
792551,kamuskeluaran.live
792552,kamustgl-10.xyz
792553,kamustgl-12.xyz
792554,kamustoto10.xyz
792555,kamutea.com
792556,kamutesisleri.com
792557,kamvachichack.ir
792558,kan-ashkelon.co.il
792559,kan-deli.net
792560,kanada188hoki.com
792561,kanadoll.jp
792562,kanagawa-baseball.com
792563,kanagawariku.org
792564,kananbetwins.com
792565,kananseven.com
792566,kanazawakeiba.com
792567,kancah2025.com
792568,kancelarko.rs
792569,kancilbolamanis.cfd
792570,kanctovar.com.ua
792571,kandahar.co.jp
792572,kandamms.com
792573,kandaulismus.cz
792574,kandenko.jp
792575,kandente.com.ar
792576,kandilarov.com
792577,kandk.co.nz
792578,kandon.jp
792579,kandorastart.com
792580,kandu-kidsdream.com
792581,kaned3.go.th
792582,kanellopoulos.gr
792583,kanemaru-stance.net
792584,kanesue.co.jp
792585,kangasalansanomat.fi
792586,kangbetwon.net
792587,kangdh.com
792588,kangen6.makeup
792589,kangjingjia.com
792590,kangjituyes.com
792591,kangmasbantu.xyz
792592,kangmaslike.site
792593,kango.az
792594,kangtoto2berkah.com
792595,kangtotomaca.net
792596,kangyou-siken.com
792597,kaniikura.com
792598,kanirope.de
792599,kanji123.org
792600,kankanam.net
792601,kanker.gov.in
792602,kanko.com.mx
792603,kankoku-drama.com
792604,kanmi.jp
792605,kannada247.in
792606,kannadacalendar.in
792607,kannadadailynews.com
792608,kannadafilmlyrics.com
792609,kannadasamachar.com
792610,kannadasexy.com
792611,kannai-soap-talent.com
792612,kannu.cl
792613,kanochile.cl
792614,kanonhost.com
792615,kanoonbook.ir
792616,kanoonnobat.ir
792617,kanpurnagar.nic.in
792618,kanrouz.com
792619,kansaitabinikki.jp
792620,kantagiri.com
792621,kantanseikyu.jp
792622,kantar-hoffmann.hu
792623,kantar.com.ua
792624,kantarmetascope.com
792625,kantarmetaskope.com
792626,kanto-koutairen.jp
792627,kanto-michinoeki.jp
792628,kanto-syokuryo.jp
792629,kanto-tetsudo.com
792630,kantobus.info
792631,kantoleague.net
792632,kantorbolagg.shop
792633,kantotflix.org
792634,kantotin.cam
792635,kantotin.net
792636,kantsu.biz
792637,kantynasw.pl
792638,kanuni.com.ua
792639,kanyapt2.com
792640,kanyautthanyojana.info
792641,kanzo-kensa.com
792642,kaoct.com.tw
792643,kaoruhana.com
792644,kaoruhanawarintosaku.net
792645,kaoruhanawarintosaku.org
792646,kaos-blueberry.com
792647,kaossparquet.it
792648,kaotim.my
792649,kaotype.jp
792650,kapalbaja.site
792651,kapalbet125plus.net
792652,kapalcgm.site
792653,kapalsound.site
792654,kapao.fr
792655,kapaver.com
792656,kape168.online
792657,kapelusz.pl
792658,kapio.com.ua
792659,kapital4d1.com
792660,kapitalac.com
792661,kapitas.se
792662,kaplarfatelep.hu
792663,kappa-tr.com
792664,kappastore.com.ar
792665,kapsourochat.com
792666,kapsulcuan.com
792667,kapten5000f.space
792668,kapten889ayo.com
792669,kaptenasiagood.lol
792670,kaptursoftware.co.uk
792671,kapuaruhaz.hu
792672,kapuas88lol.com
792673,kar17los.com
792674,karaca.com.tr
792675,karachan.org
792676,karachibookshop.com
792677,karachibrandedcollection.com
792678,karachipolice.gov.pk
792679,karachixxxvideo.com
792680,karadabet.com
792681,karadeniztl.com
792682,karafull-ken.com
792683,karajjaipur.com
792684,karakal.io
792685,karakoctoptan.com
792686,karamatsu-train.jp
792687,karame.cc
792688,karamel.co.il
792689,karanje.org
792690,karanktech.com
792691,karantinajakarta.id
792692,karaoke.tj
792693,karaokelistat.fi
792694,karasuma-info.xyz
792695,karatescoring.com
792696,karatzova.com
792697,karavalimail.com
792698,karavalimunjavu.com
792699,karavalitv.com
792700,karavar.top
792701,karayogammangalyam.in
792702,karaznet.com
792703,karbari.app
792704,karbooking.online
792705,karcher-cleanteh.com
792706,karchershop.com.mx
792707,karchershop.rs
792708,karco.in
792709,kardov.com
792710,karekodrestaurantmenu.com
792711,karelinelopez.com
792712,karenkein.com.mx
792713,karenta.gr
792714,kareraking.com
792715,kargadansory.ir
792716,kargham.com
792717,karhabtk.tn
792718,kari4dvip.live
792719,kariku.jp
792720,karikubian.com
792721,karimizhi.in
792722,karimpay.com
792723,karimunkab.go.id
792724,karinacss.ir
792725,karinawin3.xyz
792726,karing.com.co
792727,karinsanat.com
792728,karirpurwokerto.id
792729,karirsmk.com
792730,karissakart.com
792731,karistudio.com
792732,karkamistirtakip.com
792733,karkinos.in
792734,karkitechs.com
792735,karkkipaivablogi.com
792736,karla.hr
792737,karlaaflames.com
792738,karlia.fr
792739,karmaayurveda.in
792740,karmacharipress.com
792741,karmaexperience.com
792742,karmagsm.com.tr
792743,karmalife.ai
792744,karmanepalcrafts.com
792745,karmaoriginal.com
792746,karmasangsthan.online
792747,karme.es
792748,karmedweb.com
792749,karmello.pl
792750,karmkandvidhi.in
792751,karnakon.ir
792752,karnatakahelp.in
792753,karnatakajobsalert.com
792754,karnatakamedicalcouncil.com
792755,karniludoclub.in
792756,karo.ie
792757,karobari.pk
792758,karolaskitchen.be
792759,karolinaaudycka.pl
792760,karolinagarczynska.com
792761,karolsarquivos.com
792762,karoserija.me
792763,karotamin.ir
792764,karotkizmest.by
792765,karouest.re
792766,karpathealth.com.ua
792767,karpatplant.com.ua
792768,karpercentrale.nl
792769,karpetshow.gr
792770,karpol.lt
792771,kart68.com
792772,kartalodzianina.pl
792773,kartarowerowa.net.pl
792774,karte.mn
792775,karti.com.mk
792776,kartikeyexch9.com
792777,kartotekaonline.pl
792778,kartte.jp
792779,kartu275.com
792780,kartubet88vip.locker
792781,karuniagroup.co.id
792782,karunlife.cl
792783,karupsgalleries.com
792784,karusek.com.pl
792785,karuvadukadai.com
792786,karyarambh.com
792787,kas.gov.ua
792788,kas.id
792789,kas77play.com
792790,kasadress.pl
792791,kasaed.net
792792,kasai-yokoyama.com
792793,kasamatsu-keiba.com
792794,kasbet.net
792795,kasbit.edu.pk
792796,kascogolf.com
792797,kasegroup.biz
792798,kasempaintdepot.com
792799,kasetophono.com
792800,kashaf.pk
792801,kasheesboutique.pk
792802,kashio.com.pe
792803,kashiwa-tsushin.com
792804,kashiwa.ed.jp
792805,kashmar.ac.ir
792806,kashmirbox.com
792807,kashmirorganicnuts.com
792808,kashrummy.com
792809,kasih-normal.com
792810,kasihmenang.id
792811,kasihpositif.com
792812,kasinoakses.online
792813,kasinojp01.com
792814,kasiporn.com
792815,kaskus800.biz
792816,kaskuslove.com
792817,kasperi.com
792818,kasperle.com
792819,kaspi.cl
792820,kaspinnx282.com
792821,kasrataps.ir
792822,kastaterkini.site
792823,kastil89.art
792824,kastner-oehler.it
792825,kastoor.shop
792826,kastorsoftware.cl
792827,kasugai-lib.jp
792828,kasumex.cz
792829,kasumichan.com
792830,kasurbokep.com
792831,kasutam.com
792832,katadata.org
792833,katagrma-grow.jp
792834,katakana-net.com
792835,katakatahariini.site
792836,kataktulis.site
792837,kataloglar.com.tr
792838,katalogomat.ba
792839,katana-899.com
792840,katana899.xyz
792841,kataplanet.top
792842,katapulk.com
792843,katarama.co.tz
792844,kataster-portal.sk
792845,katasterportal.com
792846,katchapp.in
792847,katea.sk
792848,kateandmark.in
792849,katekyo.school
792850,katene.jp
792851,katera.news
792852,katerinamykonos.gr
792853,katerini.gr
792854,katespade.co.id
792855,katib.pk
792856,katilbize.com
792857,katix.co.jp
792858,katjewelry.vn
792859,katleen-voyance.com
792860,katmovie18.com
792861,katmovie4k.mov
792862,katmoviehd.pk
792863,kato-prime.com
792864,katonikhan.com
792865,katooninavik.ir
792866,katoprime.com
792867,katorsex.cc
792868,katoteka.ru
792869,katsana.com
792870,katsu5klik.info
792871,katsudoto.id
792872,katsumaweb.net
792873,katsus.org
792874,katsushika-tsushin.com
792875,katsushika.ed.jp
792876,katsuura-gyokyou.jp
792877,kattam.in
792878,katzd.co.il
792879,kauar.com.br
792880,kaufland.md
792881,kaumhawa.com
792882,kaunoligonine.lt
792883,kaunopoliklinika.lt
792884,kaushalcorp.com
792885,kauverykonnect.com
792886,kava.tv
792887,kaveriselect.com
792888,kavian.ac.ir
792889,kaviar-pornos.net
792890,kaviar88id.top
792891,kaviarpornos.com
792892,kavio.bet
792893,kavirmag.com
792894,kavithai.blog
792895,kavkazskoe.cc
792896,kavkrishapps.in
792897,kawacademy.com
792898,kawaguchiauto.jp
792899,kawahara-jitsugyou-mypage.com
792900,kawaiipm.com
792901,kawaiistore.in
792902,kawakitanet.com
792903,kawalu.id
792904,kawan55main.com
792905,kawanhoki.monster
792906,kawanishi.love
792907,kawanku33.xyz
792908,kawanpaitoangingunun.online
792909,kawasaki-banana.com
792910,kawasaki-onlineshop.jp
792911,kawasaki-soapland-utage.com
792912,kawasaki.be
792913,kawasaki.com.tr
792914,kawasaki.it
792915,kawasaki.pt
792916,kawasakicapital.com.mx
792917,kawasakiconsorcios.com.br
792918,kawasakisoapsapphire.com
792919,kawat4dkicau.com
792920,kawata-sh.com
792921,kawfartist.kr
792922,kawfartist.net
792923,kawifi.net
792924,kawin77kk.com
792925,kawruh.com
792926,kaxirismonotika.gr
792927,kaya303tetapsenyum.site
792928,kaya68a.com
792929,kaya918png.com
792930,kayabola.cooking
792931,kayabola.institute
792932,kayagayaz.com
792933,kayan-edu.net
792934,kayandquekids.com
792935,kayapng.com
792936,kayaralabel.com
792937,kayaskinclinic.com
792938,kaybu.co
792939,kayifamily.com
792940,kaymazlarmotor.com
792941,kayori.nl
792942,kayrosbaterias.cl
792943,kaysarder.org.tr
792944,kayseria.com.pk
792945,kayserikariyer.com
792946,kaysershop.com
792947,kaysonindia.in
792948,kayuukir.biz
792949,kayxappstaroil.com
792950,kaza-pay.com
792951,kazaden.com
792952,kazadii.pl
792953,kazah.io
792954,kazahayanosato.com
792955,kazakh-sex1.top
792956,kazakhskoe-porno1.top
792957,kazakhstans.vip
792958,kazalong.me
792959,kazanwebshop.hu
792960,kazany.by
792961,kazashka.cc
792962,kazasu03.com
792963,kazatu.kz
792964,kazawallet.com
792965,kazelyrics.com
792966,kazenouwasa.com
792967,kazesanpo.com
792968,kazi-tour.com
792969,kaziplan.com
792970,kazirangauniversity.in
792971,kazkolandija.com
792972,kazky.org.ua
792973,kazoomx.com
792974,kazplay.kz
792975,kazumasaoda.site
792976,kazunoriikeda.co.jp
792977,kb.com.pk
792978,kb1.bet
792979,kb35zsr.com
792980,kb3dimcp.com
792981,kba.uk
792982,kbagaming.com
792983,kbcgroup.jp
792984,kbco.hr
792985,kbd33sakwi.com
792986,kbi-web-service.com
792987,kbj.im
792988,kbj7.com
792989,kbjsyv.com
792990,kbk99v1.cc
792991,kbnbfc.in
792992,kboat.or.kr
792993,kbomarket.com
792994,kbosnack.com
792995,kbp.by
792996,kbqube.com
792997,kbs24.pl
792998,kbsa.co.in
792999,kbsuper.in
793000,kbymzd.com
793001,kbyxmp.xyz
793002,kbz55.com
793003,kc-unpretei.com
793004,kc9thai.com
793005,kca.it
793006,kcaa.or.ke
793007,kcarauction.com
793008,kcbbf.jp
793009,kcc.vic.edu.au
793010,kccannabis.com
793011,kccindia.com
793012,kccollege.edu.in
793013,kccourses.org
793014,kccric6352.xyz
793015,kcda.org
793016,kcesmjc.in
793017,kcetcounselling.com
793018,kch666.com
793019,kcineplex.com
793020,kcmes.kr
793021,kcmservice.com
793022,kcncnk.com
793023,kcomhome.com
793024,kcoop-koins.org.ph
793025,kcp.or.kr
793026,kcp.vn
793027,kcpass.or.kr
793028,kcplaa.or.kr
793029,kcseonline.co.ke
793030,kcsphk.com
793031,kcspz5.com
793032,kcubeon.com
793033,kcycle.or.kr
793034,kd1s.com
793035,kd2.jp
793036,kd21.shop
793037,kd491.com
793038,kd5l5k.com
793039,kd62.bet
793040,kd62.co
793041,kd62.shop
793042,kd6444.com
793043,kd777.fit
793044,kd82e32.com
793045,kda8729.com
793046,kdcorp.ru
793047,kdfc.co.kr
793048,kdg.jp
793049,kdgarden.sk
793050,kdhoangkim.com
793051,kdi-service.jp
793052,kdm.com.mx
793053,kdmarket.ru
793054,kdomivolal.eu
793055,kdpremiumgadgets.com
793056,kdpublication.com
793057,kdra-bogome2.com
793058,kdramasmaza.com.pk
793059,kdramasplay.com
793060,kds35216.com
793061,kdshop.co.kr
793062,kdums.edu.ng
793063,kdvqi.xyz
793064,ke.org.pk
793065,kea-sfe.com
793066,kearys.ie
793067,kebaya4dfurab.com
793068,kebaya4dkicau.com
793069,kebc21fs.com
793070,kebo88gaul.com
793071,kebo88jos.com
793072,kebo88x.com
793073,kebokepanku.com
793074,kebuke.com
793075,kebun1tech.site
793076,kebun1top.site
793077,kec.ac.ke
793078,kecapbotol.store
793079,kech.cab
793080,kechuyenhay.top
793081,ked.co.kr
793082,kedai168ajaib.com
793083,kedai168zero.com
793084,kedai888a.com
793085,kedai888g.com
793086,kedaikaimana.com
793087,kedarbook.com
793088,kedaton88c.com
793089,kedgecardgames.com.br
793090,kedinasan.id
793091,kedipet.com
793092,kedivim-panteion.gr
793093,kedma.tn
793094,kedschools.se
793095,keduplicatebill.com.pk
793096,keedbet.com.gh
793097,keelalive68.com
793098,keeleklikk.ee
793099,keells.lk
793100,keen.pl
793101,keenfootwear.cz
793102,keenkonnections.com
793103,keepad.xyz
793104,keepapp.net
793105,keepersport.it
793106,keeperyoyaku.jp
793107,keepitup.jp
793108,keepmb.com
793109,keerthifashionstore.com
793110,kefpk.com
793111,kegg5h.com
793112,keglifigyelo.hu
793113,kehadiran.com
793114,kehrd.com
793115,kehulum.com
793116,kehyla-beauty.com
793117,kei-ind.in
793118,kei-nextmvtt.jp
793119,kei-passion.com
793120,keiailegend.com
793121,keiba-ai.jp
793122,keiba-course.com
793123,keiba-kouryaku.net
793124,keiba-no1.com
793125,keiba-salon.com
793126,keibanomiryoku.com
793127,keibasogomatome.com
793128,keibro.com
793129,keihan-re.jp
793130,keikenkyo-faq.jp
793131,keikomik.com
793132,keikyu-point.jp
793133,keine-bange.de
793134,keio-passport.co.jp
793135,keio194.com
793136,keirin-marche.jp
793137,keirinsponichi.jp
793138,keirow.com
793139,keishin-net.jp
793140,keishin.co.jp
793141,keitaiya24.com
793142,keitamaruyama.com
793143,keitogel.com
793144,keiyakun.net
793145,keiyu.co.jp
793146,kejawen168.net
793147,kejawen168.org
793148,kejawen4d.com
793149,kekantor.site
793150,kekkon-sapporo.jp
793151,kekkonnavi.com
793152,keklukacsbolt.hu
793153,kekmananih.pro
793154,kelabgasingbeyblade.my
793155,kelabsport.ir
793156,kelacalcados.com.br
793157,kelani.lk
793158,kelasedarsi.ir
793159,kelashumabetang.id
793160,kelaspakar.com
793161,keleskuyumculuk.com
793162,keli.kr
793163,kelinci777maju.com
793164,kelinci88nyala.com
793165,kelincilautplay.com
793166,kelioniulaikas.lt
793167,kelisiting.com
793168,keliumokestis.lt
793169,kelleyryan.com
793170,kellylouis.com
793171,kelme-jordan.com
793172,kelmestechnika.lt
793173,keln5.com
793174,kelokelo.com
793175,kelopravah.news
793176,kelsa.io
793177,keluargahiwin.store
793178,kemalpasakariyer.com
793179,kemana-kita.me
793180,kembang777.com
793181,kembarcepat.site
793182,kemeistore.pk
793183,kemenagsimeulue.online
793184,kemenangansignature.com
793185,kemencespizzeria.hu
793186,kemis.go.ke
793187,kemonbet99.com
793188,kemp-merkur.cz
793189,ken-kaku.com
793190,ken-on.com
793191,ken-one.net
793192,ken.bet
793193,kenangan4dfusiguro.com
793194,kenanyildizpb.shop
793195,kenbet.co
793196,kenbunroku-net.com
793197,kencanajember.com
793198,kendajp.com
793199,kendokyoto.com
793200,keneibus.com
793201,kenfiles.com
793202,kenfra.in
793203,kengan-manga.com
793204,kengdai.co.th
793205,kengur.rs
793206,kenhgamez.cc
793207,kenjisugimoto.com
793208,kenko-link.org
793209,kenkobox.jp
793210,kenkoujin.jp
793211,kenkyukai-kb.com
793212,kenmo.org
793213,kennelmanagement.org
793214,keno25.online
793215,kenodasorte.club
793216,kenomania.club
793217,kenpogen.com
793218,kenquru-2026.az
793219,kensetsu-databank.co.jp
793220,kensetsu-town.jp
793221,kenshin-jpm.jp
793222,kenshin-web-yoyaku.co.jp
793223,kensho-everyday.com
793224,kenshou.club
793225,kenslo65536.com
793226,kensol.eu
793227,kensquiz.co.uk
793228,kentaku-partners.co.jp
793229,kentavar.bg
793230,kentfaith.fr
793231,kenthomechoice.org.uk
793232,kentia.gr
793233,kenton.com.py
793234,kentprospectus.co.uk
793235,kentrakoinotitas.gr
793236,kentrikiagoraxrysou.gr
793237,kentrovidas.gr
793238,kentuckypower.com
793239,kentung88.top
793240,kenumerique.com
793241,kenwin.net
793242,kenwoodpakistan.pk
793243,kenyacoastpoly.ac.ke
793244,kenyanporn.org
793245,kenyapornvideos.com
793246,kenyaraha.com
793247,kenyatradenet.go.ke
793248,kenyavetboard.or.ke
793249,kenza.pl
793250,kenzato.uk
793251,kenzel.com.tr
793252,kenzojeans.com.co
793253,kenzopro688.com
793254,kenzoshoesbag.com
793255,kenzototoalt.com
793256,kenzpost.com
793257,keobm.fr
793258,keokeoblog.net
793259,keolot.com
793260,keong-turbo.com
793261,keong178.my
793262,keongtogel.dev
793263,keongtogelcepat.com
793264,kep-kepo.gov.cy
793265,kepaedu.or.kr
793266,kepalabergetar.cfd
793267,kepalabergetar.ink
793268,kepalabergetar9.net
793269,kepalabergetar9.pro
793270,kepalabuaya777.com
793271,keposiasi.com
793272,kepzes.training
793273,kera288-seo.com
793274,kerahoki.pro
793275,keralaholidays.com
793276,keralamvd.gov.in
793277,keralapcbonline.com
793278,keralapschub.com
793279,keralaticketonline.com
793280,keralatvbox.me
793281,keramika.by
793282,keramikajovanovic.rs
793283,keramoteka.ru
793284,kereisfrance.com
793285,kerekparguru.hu
793286,kerenz178.xyz
793287,keresztenytars.net
793288,keriland.gr
793289,kerimhoca.com
793290,keristoto1.pro
793291,kerjain.app
793292,kerkyralines.com
793293,kerlwert.de
793294,kerma.hu
793295,kermanceo.ir
793296,kermis.nu
793297,kernelos.org
793298,kerozy.com
793299,kerrygaa.ie
793300,kertesontozes.hu
793301,kertigepvilag.hu
793302,kertmotor.hu
793303,keruiteg.com
793304,kerwinspringer.com
793305,kes-mak.com
793306,kesco.org.in
793307,kesennuma-gyokyou.or.jp
793308,keshart.in
793309,keshavarzbashi.com
793310,keskilaakso.fi
793311,keskustelu.info
793312,kessc.edu.in
793313,kessgame10.com
793314,kesswin.com
793315,kesswingame.com
793316,kesurga5000.com
793317,kesurga77.com
793318,ketab.cafe
793319,ketab.love
793320,ketabha.org
793321,ketabresan.net
793322,ketbilietai.lt
793323,ketebe.com
793324,ketek.ca
793325,ketemulagemtr.xyz
793326,ketherlife.com
793327,ketofill.com
793328,ketoprakertepe-2ht.store
793329,ketpe.com
793330,ketqua.io
793331,ketquadientoan.com
793332,ketris.cz
793333,ketruyenx.cc
793334,ketsume.mobi
793335,kettotrend.com
793336,ketua7.com
793337,ketuaborn.com
793338,ketuadeluxe.com
793339,ketuae.com
793340,ketuarun.com
793341,ketuaslotasikbanget.com
793342,ketuaslotcuanindo.online
793343,ketuasmoke.com
793344,ketupattoto181.site
793345,keuringarts.nl
793346,keuzehulp.com
793347,keve.ao
793348,kevinmathandscience.com
793349,kewalrams.com
793350,kewgreenhotelwanchai.com
793351,kewpiewellness.com
793352,key-eye.net
793353,keyaseth.com
793354,keyboard-dojo.net
793355,keyboard-test.space
793356,keyboardemojis.com
793357,keybooking.com.br
793358,keycashv2.pro
793359,keycept.in
793360,keychron.co.jp
793361,keycloud.cl
793362,keydulto.lol
793363,keyescape.com
793364,keyfashionstore.com
793365,keyflight.io
793366,keyflo.co.uk
793367,keymedi.com
793368,keypago.co
793369,keypago.com
793370,keyserv.io
793371,keysport.ro
793372,keystone-lullaby.com
793373,keystonematrix.ca
793374,keyvision.eu
793375,keyways.org.uk
793376,keywert.com
793377,keywordintent.io
793378,keywordquiz.com
793379,keyzone.in
793380,kezcsok.hu
793381,kf4uvy4.com
793382,kf678bd.com
793383,kf77bd.com
793384,kfa.or.kr
793385,kfafh.med.sa
793386,kfake.club
793387,kfar-saba.muni.il
793388,kfast.se
793389,kfc-panama.com
793390,kfc.bg
793391,kfc.by
793392,kfc.cl
793393,kfc.com.br
793394,kfc.com.ve
793395,kfc.hu
793396,kfc.pt
793397,kfc.tt
793398,kfc.ua
793399,kfc2u.co
793400,kfc2u.space
793401,kfcjamaica.com
793402,kfckombo.sbs
793403,kfckupony.by
793404,kfcmerchstore.com
793405,kfcmongolia.com
793406,kfcsenegal.sn
793407,kfcujfg3d.cc
793408,kfdcecotourism.com
793409,kffindia.com
793410,kfkyokai.co.jp
793411,kfmax.com
793412,kfmb.com.kw
793413,kfpl.kr
793414,kfqom7af.com
793415,kfront.jp
793416,kfs-hiet.edu.eg
793417,kfsamimono.com
793418,kfscww.com
793419,kfsedu.gov.eg
793420,kfswfjh.com
793421,kftcvan.or.kr
793422,kfv-fussball.at
793423,kfvid.com
793424,kfz-muenster.de
793425,kg.camera
793426,kg77.ph
793427,kg8.co
793428,kg9991.com
793429,kg9992.com
793430,kg9993.com
793431,kg9994.com
793432,kg9998.com
793433,kg999app6.com
793434,kg999app7.com
793435,kg999app8.com
793436,kg999app9.com
793437,kga.gr.jp
793438,kgagolf.or.kr
793439,kgbus.rs
793440,kgcs1.online
793441,kgf923.com
793442,kgffarming.com
793443,kgg0whu8.com
793444,kgifund.com.tw
793445,kglexch.com
793446,kgm.com.es
793447,kgm.ro
793448,kgmcars.cz
793449,kgmda.com
793450,kgms.in
793451,kgp.info.pl
793452,kgpmarkets.com
793453,kgporno.link
793454,kh-pokemon-mc.com
793455,kh12.vip
793456,khab555.store
793457,khabarpahad.com
793458,khadamatnarsa.ma
793459,khadamaty.com.eg
793460,khaddarvas.com
793461,khaier.us
793462,khalda-eg.com
793463,khales.com.eg
793464,khalifa99.com
793465,khalti88.org
793466,khanaparateer.com
793467,khanaparateermorning.com
793468,khandada9.com
793469,khandaloo.com
793470,khanehkargar.ir
793471,khaneyeshoma.ir
793472,khanfishing.com
793473,khangvuongbooking.com
793474,khansar-cmc.ac.ir
793475,kharazijana.com
793476,kharazimahi.com
793477,kharrazi-parla.com
793478,kharrazipapion.ir
793479,kharraziromantic.ir
793480,kharrido.in
793481,kharsi.com
793482,khartoumsport.com
793483,khatebazar.ir
793484,khatm.site
793485,khatmatquran.com
793486,khatrimazafull1.sbs
793487,khbkpay.com
793488,khd2cl.com
793489,khdestiny.fr
793490,khedcity.com
793491,kheilisabz360.com
793492,khel222.com
793493,khela365.live
793494,khela88.me
793495,khela99.club
793496,khelabd88.com
793497,khelaghoraff.com
793498,khelaghorbo.com
793499,kheleindia9.com
793500,khelf.com.br
793501,khelguru247.vip
793502,khelguru777.com
793503,kheli.bet
793504,khelkhel.in
793505,khelnurseryharyana.in
793506,khelo444.com
793507,khelo7.com
793508,khelobaazii.live
793509,khelobhai.com
793510,khelofreefire.com
793511,khelogalifaridabad.com
793512,khelogame99.com
793513,khelogawinaa.com
793514,kheloindia.win
793515,kheloindia111.com
793516,kheloroyal.com
793517,kheloroyale.com
793518,kheloyaha247.com
793519,khelstake24.com
793520,khelstar.com
793521,khengdental.com
793522,kheradedu.ir
793523,kherysuryawan.id
793524,khfc44ag.com
793525,khff.or.kr
793526,khg8rl.vip
793527,khhsa9777nuwys.com
793528,khiladi11.net
793529,khiladi365.live
793530,khiladi786.games
793531,khiladi99x.com
793532,khiladiexch.live
793533,khipu.net
793534,khizaan.pk
793535,khmer4khmer.com
793536,khmercholchet.com
793537,khmermov2.com
793538,khnnra.edu.ua
793539,khnursing.com
793540,khobzahfakhaara.com
793541,khodheng.xyz
793542,khodocsach.com
793543,khodrofarsoodeh.com
793544,khoka420.site
793545,khomanhwa.com
793546,khomaucnc.vn
793547,khongchan.com
793548,khongkhwan69.online
793549,khoonehsara.com
793550,khorasanmusics.ir
793551,khoshkbarstore.com
793552,khoshposhkala.ir
793553,khothe365.com
793554,khsc06.com
793555,khtcloud.com
793556,khtoto88.asia
793557,khudabaksh.com
793558,khudmukhtaar.com
793559,khumsup899.life
793560,khun88.so
793561,khungpattana.com
793562,khushposh.co
793563,khussacorner.com
793564,khuyenmaijun881.win
793565,khuyenmaiopen88.com
793566,khyaal.com
793567,ki1dq7.com
793568,ki3ugpwa.com
793569,ki6ux8w7.com
793570,ki8839vvu3i.com
793571,kia-vision.com
793572,kia.com.gt
793573,kia.pt
793574,kiabi.cy
793575,kiabi.ma
793576,kiabi.tn
793577,kiabi.uy
793578,kiadoapartman.hu
793579,kiaeiaode.com
793580,kiaenzona.com
793581,kiagds.ru
793582,kiakars.es
793583,kian.trade
793584,kiaparts.com.ua
793585,kiara88.art
793586,kiasafety.com
793587,kiaseminuevoscertificados.mx
793588,kibellamodaevangelica.com.br
793589,kibho.in
793590,kibuba.hr
793591,kica.or.kr
793592,kicau4d2026.com
793593,kicauakarmania.com
793594,kicautotokeren.com
793595,kicawmania.com
793596,kichhoat24h.com
793597,kickcharm.com
793598,kickerstalk.de
793599,kickoff-store.com
793600,kicks.com.sv
793601,kicksowner.com
793602,kida-clinic.jp
793603,kidani.co.jp
793604,kidblue.com
793605,kidbox.co.jp
793606,kiddiary.in.th
793607,kiddikind.com
793608,kiddimiddi.co
793609,kiddyjoy.rs
793610,kidiastore.com
793611,kidichicusa.com
793612,kidiesnews.gr
793613,kidipoo.com
793614,kidit-tsn.org.tw
793615,kidnote.com.br
793616,kidothreads.com
793617,kids-education.app
793618,kids-touch.com
793619,kidsandusschools.com
793620,kidsby.by
793621,kidschabad.com
793622,kidsgp.jp
793623,kidslandus.com
793624,kidsmania.pk
793625,kidsna-connect.com
793626,kidspace-iq.com
793627,kidspark.co.in
793628,kidsplatform.ru
793629,kidsplus.me
793630,kidsshield.net
793631,kidstime.org.ua
793632,kidsvideoshow.com
793633,kidsvillage.co.kr
793634,kidszone-lk.com
793635,kidungkristiani.com
793636,kidy.com.br
793637,kidzy.land
793638,kientoto005.com
793639,kientoto006.com
793640,kietgroup.info
793641,kietla.fr
793642,kiev-girls.info
793643,kievsad.com.ua
793644,kif.info.pl
793645,kifeafsay.com
793646,kiff.com.pl
793647,kiffashion.ir
793648,kifi296k.com
793649,kifidis.com.tr
793650,kigard.fr
793651,kigelapps.com
793652,kigoserver.com
793653,kiifb.org
793654,kiin.ai
793655,kiiptest.org
793656,kiitos-kiitoksia.com
793657,kiituniversity.net
793658,kijimea.it
793659,kijyokaigi.com
793660,kijyomita.com
793661,kijyotown.net
793662,kik-mep.com
793663,kik-newsletter.com
793664,kik.cz
793665,kik.hu
793666,kik.it
793667,kik.nl
793668,kik.pl
793669,kikislotnaga.com
793670,kikkoman-shop.com
793671,kikocosmetics.com.eg
793672,kikocosmetics.gr
793673,kikocosmetics.pk
793674,kikocosmetics.tn
793675,kikonisure.com
793676,kikoresmi.com
793677,kikuko3011.eu
793678,kilat-ruby.click
793679,kilat289-v1.com
793680,kilat289.com
793681,kilat404zo.com
793682,kilat69berry.com
793683,kilat69won.com
793684,kilat777.info
793685,kilat777win.com
793686,kilat77mantap.com
793687,kilat77super.com
793688,kilbelonline.com
793689,kilibet.co.zm
793690,kilicustasi.com
793691,kilifi.go.ke
793692,kilimche.com
793693,kilimite.com
793694,kilipayment.com
793695,kill.com.ar
793696,killerasturias.com
793697,killerjobwork.com
793698,killester.vic.edu.au
793699,killiefc.com
793700,killproof.me
793701,kilol.in
793702,kilometrounoviajes.com.ar
793703,kilometryzbieramy.pl
793704,kilrr.com
793705,kim.ac.ke
793706,kim369jago.com
793707,kimaccessori.it
793708,kimbino.bg
793709,kimbino.gr
793710,kimbino.ro
793711,kimcartoon.com.co
793712,kimchau.info
793713,kimchi.pl
793714,kimdental.vn
793715,kimeo-shop.com
793716,kimetsu-net.com
793717,kimland.dz
793718,kimlongdongthap.vn
793719,kimmypgindo.sbs
793720,kimnganphuc.vn
793721,kimochi-p.com
793722,kimocipart1.com
793723,kimono-yamato.com
793724,kimonomodern.com
793725,kimpga.com
793726,kimphub.com
793727,kimsa888.com
793728,kimthanhh.com
793729,kimtotosore.com
793730,kimura-fujiko.jp
793731,kimuratan.jp
793732,kimyadenizi.com
793733,kin-v.jp
793734,kin29.com
793735,kina-ko-m-ochi.net
793736,kina789.com
793737,kinashi-cycle.com
793738,kinature.com.br
793739,kinawin.net
793740,kinbeng24.com
793741,kincone.com
793742,kindbitstudio.com
793743,kindee365.com
793744,kinderkraft.es
793745,kinderkraft.pt
793746,kindertic.com
793747,kindiedays.com
793748,kindlotto.com
793749,kindtokind.com.sg
793750,kine-estetic.com
793751,kineando.com
793752,kinei.com.br
793753,kinelly.at
793754,kinemax.it
793755,kinen-bs.com
793756,kinenshashin.net
793757,kineshub.com
793758,kinesiologas.pe
793759,kinesiologasenperu.com
793760,kinesiologashot.com
793761,kineticvehicles.com
793762,kinetikadrenalink.com
793763,kinetike.com
793764,kinfa.or.kr
793765,kinfurniture.com
793766,king-and-queen.site
793767,king-but.com
793768,king-fong.com
793769,king-huay.com
793770,king-jouet.be
793771,king-sattaking.in
793772,king-truck.com
793773,king138bell.vip
793774,king16888.com
793775,king233.com
793776,king321.games
793777,king333best.com
793778,king403.monster
793779,king444.com
793780,king555.site
793781,king569.com
793782,king68my.com
793783,king789.app
793784,king8win.io
793785,kinga.com.pl
793786,kingasialoginterbaru.beer
793787,kingbabu.com
793788,kingbet808.ai
793789,kingbet808.global
793790,kingbicho.com
793791,kingbokep.bio
793792,kingbokep.icu
793793,kingbokep.ink
793794,kingbokep.link
793795,kingbokep.space
793796,kingbokepindo.com
793797,kingbook6.com
793798,kingbook7.com
793799,kingcasino.ro
793800,kingdeportes.net
793801,kingdom-read.online
793802,kingdom.vc
793803,kingdom159d.com
793804,kingdom66r.com
793805,kingdom979v1.com
793806,kingdombook9.com
793807,kingdomcasino8.io
793808,kingdomdegree.co
793809,kingdomofwhite.com
793810,kingdomran.jp
793811,kingdomtoto.com
793812,kingdrakor.online
793813,kingexch17.com
793814,kingexch6.com
793815,kingfisher.co.jp
793816,kingfishlogistics.in
793817,kinggame.dev
793818,kinggold88.cc
793819,kinggood4.sbs
793820,kinggroup88.xyz
793821,kinghillstravels.com
793822,kinghub247.com
793823,kingjoker777.net
793824,kingkai2015.com
793825,kingkong1688.us
793826,kingmatoa8813.com
793827,kingmega.org
793828,kingmouse999.asia
793829,kingnet.net.tw
793830,kingnokos.com
793831,kingofcards.in
793832,kingofcomps.co.uk
793833,kingofdecants.com.br
793834,kingofhup.com
793835,kingofthekongo.com.ar
793836,kingofwinner.blog
793837,kingoloto.com
793838,kingone.live
793839,kingpayhk.com
793840,kingpins.co.uk
793841,kingpro24.com
793842,kingromars.vip
793843,kings128go.art
793844,kings128oke.online
793845,kings234.co
793846,kingsa.co.id
793847,kingsbridgebooking.com
793848,kingsexch7.com
793849,kingsgym.it
793850,kingshop.live
793851,kingshot.com
793852,kingshotdata.com
793853,kingsid.com
793854,kingsid.in
793855,kingsleyheath.co.za
793856,kingsliga.club
793857,kingslot88s.store
793858,kingslot96.art
793859,kingsmath.com
793860,kingsofbets.com
793861,kingspass.org
793862,kingsportscasino.com
793863,kingstarplayers.in
793864,kingstoneinsurance.com
793865,kingtelecom.info
793866,kingtexremeras.com
793867,kingtotojp.homes
793868,kingvert.fr
793869,kingvip24.com
793870,kingwin88.live
793871,kingz345.co
793872,kingz345.me
793873,kingzlot.net
793874,kingzone.cyou
793875,kinhhaitrieu.com
793876,kinhito.net
793877,kinjoo.vip
793878,kinjyoduma-okayama.com
793879,kinkosonline.jp
793880,kinky-secret.com
793881,kinkylife.com
793882,kinkytijd.nl
793883,kinly.org.uk
793884,kinmovie.com
793885,kino-format.ru
793886,kino-sessel.de
793887,kinobi.ai
793888,kinodom.pl
793889,kinogo.solar
793890,kinohata.com.ua
793891,kinohit.org
793892,kinok.net
793893,kinokos-shop.com
793894,kinokuni-e.com
793895,kinolab.cc
793896,kinolar.net
793897,kinoleha.net
793898,kinolumiere.com
793899,kinomigma.com
793900,kinoshita-reon.jp
793901,kinosimka2.me
793902,kinosotik.org
793903,kinotir.md
793904,kinovaqt.com
793905,kinpc.com
793906,kinpeibai-kawasaki.com
793907,kinpoudou.co.jp
793908,kinro-ghibli.com
793909,kinsen-chiba.com
793910,kinshostore.co.jp
793911,kinta.ne.jp
793912,kintai-chime.jp
793913,kinyo.tw
793914,kio.tech
793915,kiokucamera.com
793916,kios.pt
793917,kioskcms.biz
793918,kiospro.com
793919,kiospusatwin.com
793920,kioswdwin.org
793921,kipas899ok.online
793922,kipasff.com
793923,kipasmember3.vip
793924,kipaswinclub.com
793925,kipaswingreat.com
793926,kiperinturkiye.com
793927,kipertotown.xyz
793928,kipling.com.pe
793929,kipling.jp
793930,kippenhuis.nl
793931,kipukauppa.com
793932,kipup.mx
793933,kiragamestore.com
793934,kiralik-ask.net
793935,kiranaproject.my.id
793936,kiraperucas.com
793937,kirapo.jp
793938,kirbycafe-popup.com
793939,kirbycox.com
793940,kirei.today
793941,kireiwash.app
793942,kirgizskiy-seks.com
793943,kiriazi.com
793944,kirikolta.com
793945,kirim4dresmi.com
793946,kirimdulux.com
793947,kirimkode.com
793948,kirimwa.id
793949,kirloskarkpcl.com
793950,kirmizibeyazz.com
793951,kirmizihikaye.xyz
793952,kirmizionline.com
793953,kirmzi.tv
793954,kiroe.com.ua
793955,kirs.gov.ng
793956,kirtasiyem.com.tr
793957,kirtilals.com
793958,kiruthikhaasboutique.com
793959,kis.ge
793960,kis711.com
793961,kisaan.net
793962,kisahbecek.com
793963,kisahslot1b.com
793964,kisailu.net
793965,kisancenter.com
793966,kisanpgcollege-exam.com
793967,kiscon.net
793968,kisene.com
793969,kisetotobuah.com
793970,kishibetsu.com
793971,kishiwadatosen.com
793972,kishports.com
793973,kisiipoly.ac.ke
793974,kisinia.space
793975,kiskutya.hu
793976,kislist.com
793977,kispa.jp
793978,kiss39th1.com
793979,kiss39v2.com
793980,kiss711.com
793981,kiss711.store
793982,kiss918-ori.app
793983,kissanime.com.vc
793984,kissasian.com.vc
793985,kissasian.ng
793986,kissasian.top
793987,kissats.com
793988,kissavs.com
793989,kissdiamond.bet
793990,kisskh.bond
793991,kisskh.cl
793992,kisskh.com.ro
793993,kisskh.dk
793994,kisskh.top
793995,kisskh.xyz
793996,kisskhweb.com
793997,kissmilegi.com
793998,kissneo.co
793999,kisstime3.net
794000,kissy918.city
794001,kissy918.website
794002,kist.ac.ke
794003,kisunis.com
794004,kit4d.id
794005,kit4d.site
794006,kit4d.xyz
794007,kita-elink.com
794008,kitaabghar.org
794009,kitab4d.co
794010,kitabet88co1x.com
794011,kitabnagri.com
794012,kitabtzi.com
794013,kitae-net.com
794014,kitajitu.cam
794015,kitajitupasti.com
794016,kitakerja.id
794017,kitalenationalpolytechnic.ac.ke
794018,kitapdiyari.com.tr
794019,kitapdoldur.com
794020,kitapvan65.gov.tr
794021,kitawdjepe.lol
794022,kitchenaid.com.ar
794023,kitchenaid.com.co
794024,kitchenaid.mx
794025,kitchenaid.pe
794026,kitchencenter.pe
794027,kitchenexpress.sg
794028,kitchenflag.co.kr
794029,kitchenit.cl
794030,kitchenmart.co.in
794031,kitchenmax.mx
794032,kitchennailbar.com
794033,kitchentools.ro
794034,kitchtech.ie
794035,kitdls.net
794036,kite.travel
794037,kitech.it
794038,kiteexch.live
794039,kitiya.jp
794040,kitl.com
794041,kitm.re
794042,kitobxon.com
794043,kitpublico.com.br
794044,kitscms.com
794045,kitsfutbol.com
794046,kitsune.ne.jp
794047,kittleorders.com
794048,kituchat.net
794049,kituhay.io
794050,kiu.click
794051,kiu.lk
794052,kiu77id.com
794053,kiui.ac.jp
794054,kive.app
794055,kivlo-vn.com
794056,kiwaregister.nl
794057,kiwi-kids.co.il
794058,kiwi.app
794059,kiwi.college
794060,kiwi.tk
794061,kiwi444.com
794062,kiwikidsnews.co.nz
794063,kiwimbank.com
794064,kiwiservices.cx
794065,kiwiyascans.com
794066,kiwkajdkwwf.com
794067,kiwoomapmall.com
794068,kiwoompaypos.co.kr
794069,kiyo4dgaming.com
794070,kiyokawaya.com
794071,kizfilmizle2.cc
794072,kizilaykariyer.com
794073,kizmsu5u.com
794074,kizuite.net
794075,kizuna-time.com
794076,kizuna3.com
794077,kj7fas.com
794078,kja732ka12.com
794079,kja8s-saji2-8s8.com
794080,kjc-vip1.com
794081,kjdlie6s7.com
794082,kjds262a.com
794083,kjeac3.com
794084,kjersi.cyou
794085,kjfm8.com
794086,kjk777.net
794087,kjmusic.ir
794088,kjp35.com
794089,kjpl.in
794090,kjrihk.com
794091,kjubrasil.com
794092,kjunction.com.pk
794093,kk-kano.co.jp
794094,kk0o7q61.com
794095,kk11.online
794096,kk24.pl
794097,kk333.com.pk
794098,kk33app.org
794099,kk345a.com
794100,kk345b.com
794101,kk345c.com
794102,kk55.la
794103,kk678.club
794104,kk678.dev
794105,kk76.cyou
794106,kk76.net
794107,kk76.xyz
794108,kk7vip.com
794109,kk8131.com
794110,kk8132.com
794111,kk8133.com
794112,kk8wxm.com
794113,kk995uu.com
794114,kk999-jogar.com
794115,kk999-store.com
794116,kk999.net.br
794117,kk999bet.com
794118,kk999game.com
794119,kk999vip.com
794120,kka7ry.com
794121,kkaido699.com
794122,kkangtong.xyz
794123,kkat.edu.kz
794124,kkb-3355.com
794125,kkbd.lat
794126,kkboty.cz
794127,kkbrio.ad
794128,kkbrio.cl
794129,kkbrio.co
794130,kkbrio.com
794131,kkbrio.us
794132,kkbrio.xyz
794133,kkbuying.com
794134,kkc-healthcare.jp
794135,kkcluba.com
794136,kkcuci.fun
794137,kkelan.co.jp
794138,kkfb.me
794139,kkfb2.vip
794140,kkfb4.vip
794141,kkfbb.com
794142,kkfbc.com
794143,kkfbh.com
794144,kkfbp.com
794145,kkgool.fr
794146,kkhobby.com
794147,kkk11111.com
794148,kkk99.fun
794149,kkkj399v4.com
794150,kkkjili.club
794151,kkkkk.club
794152,kkkkkslots.com
794153,kklion.com
794154,kkmod.pro
794155,kkn5.go.th
794156,kknew88.com
794157,kknsarabanflow.net
794158,kknubt.id
794159,kkokko222.com
794160,kkonline.in
794161,kkpmt.com
794162,kkslotswin.com
794163,kksongs.org
794164,kktpakistan.com
794165,kktt885.com
794166,kktt888.com
794167,kktt889.com
794168,kkutu.io
794169,kkutu.kr
794170,kkuu2.com
794171,kkvip307.com
794172,kkvip505.com
794173,kkvip769.com
794174,kkvip800.com
794175,kkvip898.com
794176,kkwin.bio
794177,kkwin222.com
794178,kkwin43.com
794179,kkww999.com
794180,kkys20.com
794181,kkytaqig.com
794182,kkzz.kr
794183,kl108.com
794184,kl108.live
794185,kl28.vip
794186,kl7.games
794187,kl7.org
794188,kl99.bet
794189,kl99.love
794190,kl99.me
794191,kladechildren.com
794192,kladenskelisty.cz
794193,kladoffka.com
794194,klafoutis.com
794195,klaiedu.co.kr
794196,klaipedaassutavim.lt
794197,klamathcampercorral.com
794198,klantverkoopinfo.nl
794199,klap.ro
794200,klarstein.bg
794201,klarstein.si
794202,klasav.com
794203,klasbahis1500.com
794204,klash111.com
794205,klasikfilmler6.cc
794206,klasselotteriet.dk
794207,klassmarket.ua
794208,klassy.in
794209,klaud.com.tr
794210,klavesnica.sk
794211,klay.live
794212,klb887.com
794213,klbet6.com
794214,klcba.gov.tw
794215,klcludo.com
794216,kleanbeauty.co
794217,klebergcoso.org
794218,kledegfint.no
794219,kleefmode.com
794220,kleiloes.com.br
794221,kleinanzeigen-suedtirol.com
794222,kleintradesmanclub.com
794223,klenota.cz
794224,kley-zemer.co.il
794225,kleyklin.com
794226,klfh99.com
794227,klhotelgirl.com
794228,klientskyportal.cz
794229,klietsch.com
794230,klifgen.app
794231,klikasiames.com
794232,klikbcasyariah.com
794233,klikbet-77p.kim
794234,klikfifago.org
794235,klikgain.com
794236,klikini.id
794237,klikk.com.mt
794238,klikme88hosting.com
794239,klikmuebles.cl
794240,kliknieuwsdemaasdriehoek.nl
794241,kliknieuwsuden.nl
794242,kliknieuwsveghel.nl
794243,klikploce.com.hr
794244,kliksimpus.com
794245,kliksurgawin.vip
794246,kliktemas.com
794247,klim.nl
794248,klinestore.com.br
794249,klinik24jam.com
794250,klinikestetika.co.id
794251,klinikharmoni.my
794252,klinikidzham.com.my
794253,klinikkulitkelamin.com
794254,klinikomdc.com
794255,klinikpandawa.com
794256,klinisyen.com
794257,klioma-servise.in.ua
794258,klios.com.br
794259,klipboard.io
794260,klipso.com.ar
794261,klite.in
794262,klix4dapp.icu
794263,klllko.com
794264,klmanga.app
794265,klockmagasinet.com
794266,klokah.tw
794267,klokrekenen.nl
794268,kloof.mobi
794269,klotho.jp
794270,klplimitless.com
794271,klpna.or.kr
794272,klpzmedia.com
794273,klracing.se
794274,kls85632.com
794275,klshisy.com
794276,klsmooci04.com
794277,klstarclub09.com
794278,klu008.com
794279,klub-faby.ro
794280,klubfox.com
794281,klubkantar.pl
794282,klubznanja.com
794283,kluczekaczorek.pl
794284,kluppy.com
794285,kluskasklep.pl
794286,klusterlive.com
794287,klwin.casino
794288,klx7m.com
794289,klyant.com
794290,klz4k5lb.com
794291,km-trade.net
794292,km.rybnik.pl
794293,km266.com
794294,km387.com
794295,km43re.com
794296,km507.com
794297,km700.com
794298,km88a9.com
794299,km88br.club
794300,km88br.fun
794301,km88br.me
794302,km88br.online
794303,km88br.xyz
794304,km913.com
794305,kmaialo789.com
794306,kmana10.net
794307,kmb.org.hk
794308,kmbi.org.ph
794309,kmbiasg.com.vn
794310,kmbti.co.kr
794311,kmc.ac.in
794312,kmcat.uk
794313,kmclubb2b.com
794314,kmd.edu.mm
794315,kmdb.or.kr
794316,kmedxxi.pt
794317,kmex.mobi
794318,kmgmfriends.com
794319,kmls.fr
794320,kmo.cz
794321,kmol.cz
794322,kmos.kr
794323,kmrak.com
794324,kms-online.web.id
794325,kmsh.org.tw
794326,kmsicuro.it
794327,kmsu.ac.ir
794328,kmszts.org
794329,kmt-zamowienia.pl
794330,kmtaxi.tokyo
794331,kmtbsgroup.jp
794332,kmtravel.cz
794333,kmugh.org.tw
794334,kmvn.in
794335,kn0r5f.com
794336,knadian.com
794337,knaps.io
794338,knatteplock.se
794339,kndtec.com.br
794340,knec-portal.ac.ke
794341,knee-joint.net
794342,kneticcalgary.club
794343,kng3688.com
794344,kngem885.net
794345,knifeshop.jp
794346,knifestock.cz
794347,knifestock.pl
794348,knifestock.ro
794349,knifestock.sk
794350,knify.com.ua
794351,knify.gg
794352,knightageonline.com
794353,knightbarry.com
794354,knightpavingma.com
794355,knightwinxbet.shop
794356,knigian.online
794357,knigoed.club
794358,knigolove.ua
794359,knigoman.info
794360,knip.com.ua
794361,kniqk9up.com
794362,knit-home.ru
794363,knit-knit.com
794364,knit-sewing.com
794365,knittinghappiness.com
794366,knkamur.ru
794367,knkb.nl
794368,knmc.org
794369,knnpropertytax.com
794370,knock-out.ro
794371,knock.tw
794372,knockout247.com
794373,knockthrice.ca
794374,knotia.ca
794375,knoun.jp
794376,knova.com.mx
794377,knowdonia.com
794378,knowledgebank.uk
794379,knowledgegallery.in
794380,knowledgerealtytrust.com
794381,knowledgewalls.com
794382,knoxi.au
794383,knparises.com
794384,knqm2zdv.com
794385,knu.ac.in
794386,knu.edu.eg
794387,knu10.or.kr
794388,knullkontakt.se
794389,knulu.com.br
794390,knx365.com
794391,knykk.hu
794392,knysims.com.br
794393,ko-8888.com
794394,ko-mens.tv
794395,ko7game.com
794396,koala.sk
794397,koalabrand.ir
794398,koalacloth.co.nz
794399,koalamascotas.com
794400,koalaombak.com
794401,koaloshop.com
794402,koawatealearn.co.nz
794403,koawnaisiam.com
794404,kobe-es.net
794405,kobe-zone.com
794406,kobe3040.com
794407,kobe9999.biz
794408,kobecook-wb.jp
794409,kobel.lol
794410,kobel4dbola.com
794411,kobemotor.es
794412,koberun.net
794413,kobesteelers.com
794414,kobet010.com
794415,kobholabs.com
794416,kobiedri.co.il
794417,kobijet.com.tr
794418,kobimix.com
794419,kobiom.com
794420,kobitacocktail.com
794421,kobitos.com
794422,koblenz.com.mx
794423,koblepgk.com
794424,koboislot.org
794425,kobras.cz
794426,kobuy.jp
794427,kocaelikuyumculardernegi.com
794428,kocaeliyiseyret.com
794429,kocak.com.tr
794430,kocamanbisite.com
794431,kocarkovo.cz
794432,kocca.it
794433,kochalog.com
794434,kochanka.pl
794435,kochler.com.tr
794436,kockaaruhaz.hu
794437,kockarium.rs
794438,kockashop.hu
794439,kocokpapua.lat
794440,kod8.tr
794441,koda888.com
794442,kodakai.it
794443,kodal4d13.com
794444,kodaltotoj.com
794445,koddee168.live
794446,kode4djago.com
794447,kodebokep.com
794448,kodejitu.top
794449,kodesyairvip.net
794450,kodheng55.co
794451,kodicrepro.hr
794452,koding.school
794453,kodittomat.info
794454,kodomo99play.com
794455,kodomof.com
794456,kodowniki.pl
794457,kodpung88v4.com
794458,kodumasinad.ee
794459,kodxxx.com
794460,kodzap.com
794461,koebhund.dk
794462,koedopay-2026.jp
794463,koel.co.in
794464,koelner.hu
794465,koero.org
794466,kofiko.net
794467,kofind.co.kr
794468,kofrabeauty.com
794469,kogame.org
794470,kogame.vip
794471,kogaraya.jp
794472,kogijudiciary.com
794473,kogirl.co
794474,kogtafinance.com
794475,kohaku-kawasaki.com
794476,kohlecapital.com
794477,kohlercampaign.com
794478,kohli11.com
794479,kohnovelsurdu.com
794480,kohonjin-mall.com
794481,koi-farm.hu
794482,koi-oku.com
794483,koi-para.net
794484,koi234skin.icu
794485,koi2ru.com
794486,koi77high.com
794487,koi855.vip
794488,koi855solid.com
794489,koibet4dhub2026.com
794490,koikesports.com
794491,koimas88a18.xyz
794492,koin1001-k.xyz
794493,koin404kuy.com
794494,koin404phoenix.com
794495,koin55.com
794496,koincepat.net
794497,koinnemass.site
794498,koipays.com
794499,koipelajar.com
794500,koiresmi.com
794501,koiroomnotice.net
794502,koitec24.de
794503,koivunen.lt
794504,koizumi-musen.com
794505,kojak-razor.com
794506,kojima-genes.com
794507,kojima-telepoint.jp
794508,kojima-ya.com
794509,kojimaboat.jp
794510,kojinabi.com
794511,kojintekibikematomeblog.com
794512,kojistore.com.br
794513,kojosen-gansho.jp
794514,kokanai.in
794515,kokerellen.be
794516,kokettohome.com
794517,kokica.me
794518,kokitjapotit.fi
794519,kokitube.net
794520,kokka-fabric.com
794521,kokkaen-ec.jp
794522,kokkinoplitis.gr
794523,kokmen724.com
794524,koko-basket.com
794525,koko1.mobi
794526,koko101.com
794527,koko138resmi.com
794528,koko33naik.com
794529,kokocha.site
794530,kokodapgk.com
794531,kokohsemesta.com
794532,kokola.co.id
794533,kokopik88games.com
794534,kokoplaza-yoyaku.net
794535,kokoro-insight.com
794536,kokou-chiba.com
794537,kokowa88s.club
794538,kokozi.com
794539,kokozino.com
794540,kokubu-bs.co.jp
794541,kokubunji.ed.jp
794542,kokusaitakkyu.com
794543,kolabkhmer.top
794544,kolacheryvarthakal.online
794545,kolaci.biz
794546,kolay90.com
794547,kolaysite.online
794548,kolaytatlitarifleri.com
794549,kolayvet.com
794550,kolcx.com
794551,kolektif.org
794552,koler.pl
794553,kolhapurcorporation.gov.in
794554,kolify.com
794555,kolinphil.com.ph
794556,kolkataffresult.net
794557,kolkatapolice.org
794558,kolkataresultff.com
794559,kolkatatrafficpolice.gov.in
794560,kolkatatrafficpolice.net
794561,kollercut.com
794562,kolm.cl
794563,kolomonimfb.com
794564,koloni4djitu.com
794565,kolonies.app
794566,kolorowanki.net.pl
794567,kolors.com.mx
794568,kolorybawelny.pl
794569,koloya-online.com
794570,kolozsvaros.com
794571,kolutkab.go.id
794572,kom546.com
794573,komadam-club-u.com
794574,komailclinic.ir
794575,komameblog.jp
794576,komandan88qt.com
794577,komarilos.com
794578,komatoto-bussiness.com
794579,komatoto4.com
794580,komatsu-kyoshujo.co.jp
794581,kombilotteriet.se
794582,kombit.com.br
794583,kombo99super.com
794584,kombuchabiotics.com
794585,kombus-online.de
794586,komca.or.kr
794587,komedihoki.com
794588,komehyo-auction.com
794589,komejepang.com
794590,komek.org
794591,komek.org.tr
794592,komfort-plus.ua
794593,komicantcommunicatechapters.website
794594,komikdoujin.com
794595,komikhentaiku.com
794596,komiknesia.asia
794597,komiknextgonline.com
794598,komiksopedia.pl
794599,komiyakasa.jp
794600,komkgdct.com
794601,kommersannons.se
794602,komoder.ro
794603,komodo69cakep.xyz
794604,kompas138-official.com
794605,komponentko.si
794606,komprao.com.br
794607,komscopay.com
794608,komtheologiestuderen.nl
794609,komunalac-samobor.hr
794610,komunikacja.bialystok.pl
794611,komunikacjabeskidzka.pl
794612,komunikacjajurajska.pl
794613,komunikacjapabianice.pl
794614,komunikacjapowiatuzywieckiego.pl
794615,komunitni-preklady.org
794616,komusg.si
794617,komuten-cloud.jp
794618,komvii.com
794619,konabet.fyi
794620,konabet.space
794621,konat.net.tr
794622,koncertyw.pl
794623,konciwa.com
794624,konco88terbaik.com
794625,kondatekun.com
794626,kondik.cz
794627,kondolieren.ch
794628,kondor.cz
794629,kondratiuk.ua
794630,kone-glans.fi
794631,koneserzysmaku.pl
794632,konesy2.co.il
794633,konet9ja.com
794634,konfiskat.by
794635,kongclothingstore.com
794636,konglor888.com
794637,kongocash.com
794638,kongodo.shop
794639,kongscards.co.uk
794640,kongumarriage.com
794641,kongumatrimony.co.in
794642,kongunaducollege.ac.in
794643,kongunadumatrimony.com
794644,konguvaran.in
794645,konicajobs.com
794646,konimex.com
794647,koningapestaart.be
794648,konkhe.co.za
794649,konkretka.com
794650,konkyli.com
794651,konnect.com.ng
794652,konnectlab.in
794653,konnectnepal.com
794654,konnekt.com
794655,konoha8811.com
794656,konohamall.com
794657,konopnytata.cz
794658,konsertotomm.com
794659,konsig.com.br
794660,konsileo.com
794661,konstantin.rs
794662,konsuil.com
794663,konsultant.by
794664,kontakt-zentrum.at
794665,kontaktbazar.at
794666,kontan88gd.site
794667,kontan88ind.com
794668,kontol.in
794669,kontortlfatura.net
794670,kontrola-vin.cz
794671,konverra.com
794672,konvoilkkm.com
794673,konyabuyuksehir.tv
794674,konyanobetcieczaneleri.com
794675,konyhatizezercikk.hu
794676,konyvmolykepzo.hu
794677,konzolkiraly.hu
794678,koodakman.com
794679,koodakmanoto.com
794680,koodakshikpoosh.ir
794681,koohappy.com
794682,koohbama.com
794683,koohkade.com
794684,koohmaan.com
794685,koohmarket.com
794686,koohomestore.com
794687,koohshid.com
794688,kookaburrasport.co.in
794689,kookbama.com
794690,kookexpert.nl
794691,kookooshop.gr
794692,koolskools.com
794693,kooora4lives.tv
794694,koorahub.net
794695,koossjourney.shop
794696,kopahund.se
794697,koperski.eu
794698,kopilajang.store
794699,kopilexus.com
794700,kopilote.app
794701,kopitarna.com
794702,kopiyochka.ua
794703,koplo77ggwp.com
794704,kopoti.com
794705,kopraljitu-22.com
794706,kopsyahbmi.com
794707,koptugeliyor.com
794708,kora-honten.jp
794709,kora-online.cc
794710,kora-online.me
794711,kora360-lives.com
794712,kora999live.net
794713,koraliving.com
794714,koran.nl
794715,koranm.com
794716,korat3.go.th
794717,koratpao.go.th
794718,korazon.life
794719,korba.gov.in
794720,korbil.com.br
794721,kordle.kr
794722,kordnava.com
794723,kordoz.com
794724,kore-real.info
794725,korea-cars.com
794726,korea-kca.com
794727,koreaautoimports.com
794728,koreagroupware.com
794729,koreahrd.org
794730,koreajobworld.or.kr
794731,koreamania.ge
794732,koreamint.com
794733,koreangossip.ro
794734,koreannet.or.kr
794735,koreanscan.com
794736,koreansubindo.icu
794737,koreashop.hu
794738,koredizi.com
794739,korejskakrasa.eu
794740,korektortekstu.pl
794741,korelio.com
794742,koreprovebooking.dk
794743,korfine.net
794744,korgan.kz
794745,korian.one
794746,korindo.co.id
794747,koriom.com
794748,korku.tv
794749,korlp.org
794750,kormovie.com
794751,koro-shop.at
794752,koro-shop.ch
794753,korolevanochi.com.ua
794754,korosenai.es
794755,korpa.mk
794756,korpikangassiemen.fi
794757,korporn.net
794758,korsokolbuszowskie.pl
794759,korsordx.se
794760,korttitieto.fi
794761,korui.com.br
794762,korusigortaportal.com
794763,kos-al-arab.com
794764,kosagen.com
794765,kosara.bg
794766,kosei-do.co.jp
794767,koselarab.cam
794768,koselarab.wtf
794769,kosen-support.com
794770,kosharot.co.il
794771,koshertube.co.uk
794772,koshidaka.co.jp
794773,koshien-stadium.jp
794774,koshien.in
794775,koshien89.com
794776,koshtovnosti.com.ua
794777,kosiuko.com
794778,kosjaya.com
794779,kosmenia.ma
794780,kosmik4dhoki.com
794781,kosmikfive.info
794782,kosmobit.com
794783,kosmotech.com.ua
794784,kosmoweb.jp
794785,kostazul.com
794786,kostid.com
794787,kostum4d.us
794788,kostum4dsinar.com
794789,kota188new.com
794790,kotabos.com
794791,kotaji-kerites.hu
794792,kotakestudio.co.jp
794793,kotaliege.be
794794,kotapay.com
794795,kotasarafa.in
794796,kotavegas14.site
794797,kotbc2.com
794798,kotel-zubr.com
794799,kotel.kr.ua
794800,kotirobo.fi
794801,koto-sports.net
794802,koton.ir
794803,kots.world
794804,kotting.cl
794805,koufkudou03.com
794806,koufu.com.sg
794807,kouhou-egao.com
794808,koukin-koufuri.jp
794809,koumu-edu.nagano.jp
794810,kouponi.gr
794811,kouragumi.com
794812,kouretas.gr
794813,kouroshcinema.com
794814,kouroshpharmacy.com
794815,kouryakubo.com
794816,kouryakunotou.com
794817,kousha-chintai.com
794818,kovan.com
794819,kovemotor.es
794820,kovparts.com
794821,kowalski-krakow.pl
794822,kowapets.co.jp
794823,kowf.in
794824,kowkistoy.com
794825,kowsar-hospital.ir
794826,koyadesign.co.il
794827,koyama-kyugu.com
794828,koyano-cpa.gr.jp
794829,koycash.pro
794830,koyso.net
794831,kozeepk.com
794832,kozicarein.com
794833,kozlekedesiklub.hu
794834,kozmikbakim.net
794835,kozo.co.jp
794836,kp-e.biz
794837,kp-velenje.si
794838,kp.no
794839,kpaja.com
794840,kpbnidhi.net
794841,kpc.co.ke
794842,kpcl-ams.com
794843,kpcmch.in
794844,kpd.bg
794845,kpd7lxd.com
794846,kpdata.gov.pk
794847,kpga.co.kr
794848,kph.go.th
794849,kphi.go.kr
794850,kpi4dcam.com
794851,kpitb.online
794852,kpjmocfs.com
794853,kpk100-003.site
794854,kpk100kr.site
794855,kpk100us.site
794856,kpkasur.com
794857,kpkbadak.com
794858,kpkbaws.com
794859,kpkborc.com
794860,kpkbot.com
794861,kpkboug.com
794862,kpkeagle.com
794863,kpkkitten.com
794864,kpklobs.com
794865,kpkmice.com
794866,kpkorigin.com
794867,kpkp111.com
794868,kpkp999.com
794869,kpkrudal.com
794870,kpksala.com
794871,kpksouth.com
794872,kpkstorage.com
794873,kpktux.com
794874,kplaycasino.com
794875,kplus6z.com
794876,kpmatrimony.com
794877,kpoin.com
794878,kpop.ro
794879,kpop.rs
794880,kpopdunyasi.com
794881,kpopflac.xyz
794882,kpopland.pl
794883,kpoply.pl
794884,kpos.com.au
794885,kpourkatrine.com
794886,kpp2.go.th
794887,kppg.jp
794888,kpput8kn.com
794889,kprc.or.kr
794890,kpssrobotu.com
794891,kpsssorucevapba.com
794892,kpst.gov.pk
794893,kptiedu.kr
794894,kpusahatama.id
794895,kqgrj5ks.com
794896,kqkq222.com
794897,kqkzolm3.com
794898,kql572839014.com
794899,kqrvbc.com
794900,kqslbewswe.com
794901,kqsx.mobi
794902,kqsx.vn
794903,kqxs123.com
794904,kqxsmb.net
794905,kr-sys.net
794906,kr753.com
794907,kr77m7g.com
794908,kr78zn3f.com
794909,kraasa.com
794910,krack.ai
794911,kraft.bg
794912,krafta.lat
794913,kraftcover.shop
794914,kraftixdigital.in
794915,krafton.com.ua
794916,krajen.pl
794917,krajiski.ba
794918,krakademi.com
794919,krakom.hr
794920,kralovstvi-tiande.cz
794921,krasbusreizen.nl
794922,krasnevone.sk
794923,kratonbetvip.xyz
794924,krauff.com
794925,krauff.store
794926,krauseandkinsman.com
794927,krausjeans.com
794928,krauterie.de
794929,kravira.by
794930,krayina.cloud
794931,krayina.online
794932,krazytrip.com
794933,krazytrip.in
794934,krbysyhb.com
794935,krcpa.or.kr
794936,krctrans.com
794937,kreap.co.in
794938,kreatex.com.ar
794939,kreativnicentar.rs
794940,kredbharat.com
794941,kredit.com.co
794942,kredit.pe
794943,kreditbuddha.com
794944,kreditkerenbanget.com
794945,kreditstar.lv
794946,krediya.com.co
794947,kredoapp.com
794948,kredytomat.pl
794949,kregielnia24.pl
794950,kreijkesuitvaartzorg.nl
794951,kreisystem.cloud
794952,kreitlow.com.br
794953,kreko.nl
794954,kremiamoda.com
794955,kresc.com.ua
794956,kreseczki.pl
794957,krestvillage.pro
794958,kresztanulasotthon.hu
794959,krffccuzs.com
794960,krfitness.ee
794961,krg88.pro
794962,krg88.store
794963,krhkw.com
794964,kric.com
794965,krida.id
794966,krietzauto.com
794967,krijgnaamketting.com
794968,krishcollections.in
794969,krishna999.club
794970,krishnapolymersindia.in
794971,krishnasaree.in
794972,krishnayan.com
794973,krishnayangauraksha.org
794974,krishome.pl
794975,krisna96jpg.com
794976,krisnacimb.com
794977,krisnadanamon.com
794978,krispykreme.com.mx
794979,krispykremelistens.com
794980,kriss-laure.com
794981,kristiesconnections.com
794982,kritilabs.com
794983,krivansh.in
794984,kriya-kriya.net
794985,krmivahulin.cz
794986,krmizitv.com
794987,krmz.onl
794988,krmzi.onl
794989,krnlexecutor.com
794990,krnlexecutors.org
794991,krobsood.com
794992,krocobet6.beer
794993,krok-lead.com
794994,krokk.com.ua
794995,kroko.jp
794996,krokstyl.com
794997,krolowa-shoppingu.pl
794998,kromasol.com
794999,krometa.com
795000,kromionline.com
795001,kromiz.com
795002,kromteam.com
795003,kronbisiklet.com.tr
795004,kroneauktioner.dk
795005,kronikevg.com
795006,kronoak.com
795007,kronos-shop.pl
795008,kropiva.com.ua
795009,krosmoz.com
795010,krotoszynska.pl
795011,krq0jf.com
795012,krqd5ar.cc
795013,krrish99.com
795014,krskforum.com
795015,krsnaapacs.com
795016,krsnaarpl.com
795017,krteckem.cz
795018,krtoggel.art
795019,kru.ac.in
795020,krueger-dirndl.at
795021,kruitbosch.nl
795022,krungsriassetonline.com
795023,kruschiki.com
795024,kruthikajewellery.com
795025,kruthikastudio.com
795026,krutico.com
795027,krutoto.co
795028,kruzz.id
795029,krvn.com.tr
795030,krvvy.com
795031,krx.in.ua
795032,kryddlandet.se
795033,krynitsa.by
795034,kryosys.top
795035,kryptoobmin24.com.ua
795036,kryptronix.in
795037,krysiak.pl
795038,krystel.io
795039,krzewy.lukow.pl
795040,krzyzowkowo.pl
795041,ks-pay.com
795042,ks-pet-health-link.jp
795043,ks244jsa0s-djai2.com
795044,ks88-vip.monster
795045,ks8a2sa3.com
795046,ks999.co
795047,ksadjwjwd.com
795048,ksaiw2777wakur.com
795049,ksbc.co.in
795050,ksbc.org.in
795051,ksbcdconline.org
795052,ksbindia.co.in
795053,ksca.cricket
795054,ksch.org.tw
795055,kschepistore.com.br
795056,kscranegroup.com
795057,ksda.si
795058,ksdneb.org
795059,kseimei.com
795060,kseoms.com
795061,ksgb4e.com
795062,ksge.in
795063,ksh787s-zjisi143.com
795064,kshec.co.kr
795065,kshow123.in
795066,ksicsilk.com
795067,ksiegowosczzubrem.pl
795068,ksisters.sk
795069,ksivistorias.com.br
795070,ksjusy2849-sakji3432.com
795071,ksk-bersenbrueck.de
795072,ksk-saarpfalz.de
795073,ksk-stade.de
795074,ksk-walsrode.de
795075,ksklns.com
795076,kskosy.com
795077,kskvku.ac.in
795078,kslfyjx.com
795079,ksljb.my
795080,kslott.online
795081,ksltrucks.com
795082,ksma.ks.ua
795083,ksmc.med.sa
795084,kso303haki.xyz
795085,ksoe.or.kr
795086,ksol.co.uk
795087,kspaycenter.com
795088,kspmu.com
795089,ksponco.or.kr
795090,ksport365.com
795091,ksppsintirahns.com
795092,ksqoz.com
795093,ksrei.org
795094,ksrzis.cz
795095,ksse.kr
795096,kstock.ir
795097,kstoryespana.com
795098,kstsystem.co.th
795099,kstvet.ac.ke
795100,ksuwy-sak243lao.com
795101,ksweb.org
795102,kt-eticket-ss.com
795103,kt5552.com
795104,kt69.me
795105,ktbbysa.com
795106,ktbuniv.ac.in
795107,ktc.hr
795108,ktconpay.com
795109,ktdatabundle.shop
795110,kteclaimsurvey.com
795111,ktel-aitolnias.gr
795112,ktel-chalkidikis.gr
795113,ktelevias.gr
795114,ktelioannina.gr
795115,ktelkerkyras.gr
795116,ktelkozanis.gr
795117,ktellarisas.gr
795118,ktelthes.gr
795119,ktendering.com.kw
795120,ktkt.edu.vn
795121,ktmfarioli.com
795122,ktmonline.fr
795123,ktmos-mosaic.com
795124,ktmoving.com
795125,ktmyr.com
795126,ktn68.com
795127,ktoasp2txe.com
795128,ktonline.com.my
795129,ktonline.in
795130,ktpjitu.vip
795131,ktrade.pk
795132,ktradepk.com
795133,ktschmaonline.com.ng
795134,kttelematic.com
795135,kttsmn.com
795136,kttv.edu.in
795137,ktv-8888.com
795138,ktv1bet-pg.net
795139,ktvc4auto.store
795140,ktvgame88.tv
795141,ktvolm.jp
795142,ktvs.cc
795143,ktvs.xyz
795144,ktwebstore.com
795145,ktwizstore.co.kr
795146,ktykjtr67.cyou
795147,ku-mi.com
795148,ku3gmeoqgdbh.com
795149,ku7ln8u.com
795150,ku8531.com
795151,ku9.site
795152,ku9.vip
795153,ku9i.com
795154,ku9o.com
795155,kuaf.uz
795156,kuaivideodownloader.com
795157,kuajing84.com
795158,kuam.kz
795159,kuasabeton999.com
795160,kuat4dbertahan.com
795161,kuatbox.com
795162,kuatjp106.makeup
795163,kuatjp8.com
795164,kub.kh.ua
795165,kuba.audio
795166,kubaka.gov.rw
795167,kubank.org
795168,kubara.co.jp
795169,kubdeedaidee.com
795170,kubenz.pl
795171,kuber--matka.com
795172,kubet2026.cc
795173,kubet88thai.com
795174,kubolms.com.br
795175,kubopro.com
795176,kubota-spears.com
795177,kubotastore.pl
795178,kucasinos.net
795179,kuchniaizy.pl
795180,kuchoufuku.com
795181,kuchynalidla.sk
795182,kuchynelidlu.cz
795183,kucingceo.com
795184,kucingkeren.com
795185,kucukdeveci.com.tr
795186,kuda189a.site
795187,kuda189x.pro
795188,kuda77kribo.icu
795189,kudabelang.online
795190,kudaberkah77.com
795191,kudaliar89id.com
795192,kudamas11win.com
795193,kuddi.net
795194,kudetabet98gomugomu.com
795195,kudetabet98shanks.com
795196,kudough.co.za
795197,kudustoto-3.com
795198,kudwates.org
795199,kue.edu.et
795200,kuglanje.hr
795201,kugoo.of.by
795202,kuheiga.com
795203,kuickpay.com
795204,kuil69boost.com
795205,kuizu100.net
795206,kuja-erp.com
795207,kujimap.com
795208,kujirahand.com
795209,kuk.edu.ua
795210,kuki-lib.jp
795211,kukirin.com.ua
795212,kukirin.pl
795213,kukirin.pt
795214,kukkatalo.fi
795215,kukolyvill.hu
795216,kukost.com
795217,kulig.pl
795218,kulina.hr
795219,kulinarneprzeboje.pl
795220,kulinercinta.net
795221,kulisarny.cz
795222,kuljettajaopetus.fi
795223,kuljetusvelho.fi
795224,kullanatpazari.com
795225,kultakiertue.fi
795226,kultatukku.fi
795227,kultuscosmic.com
795228,kulunove.pl
795229,kuma-doll.com
795230,kuma-dvd.com
795231,kuma168.bet
795232,kuma555.net
795233,kumahatogel.now
795234,kumalagroup.co.id
795235,kumamate.net
795236,kumamoto-basasi.com
795237,kumamoto-toshibus.co.jp
795238,kumanego.jp
795239,kumanomi-seikotu.com
795240,kumarans.org
795241,kumaredu.com
795242,kumarifoodie.com
795243,kumariku.com
795244,kumariku.org
795245,kumbang4dbig.com
795246,kumiai-oshirase.net
795247,kumon.co.jp
795248,kumoyuni45.net
795249,kumpa.app
795250,kumppaniaetsin.com
795251,kumu.kg
795252,kumudini-pharma.com
795253,kunciroso.net
795254,kunciwin999-tpc.shop
795255,kundligpt.com
795256,kundu365.com
795257,kunduspecial.co.in
795258,kungfu4d.com
795259,kungfubuy.com
795260,kuningmaju.com
795261,kunjpublication.com
795262,kunjuvandi.in
795263,kunkwan.id
795264,kunkwan.my
795265,kunls3.com
795266,kunmedierne.dk
795267,kuntl.net
795268,kuntogel.net
795269,kuntokauppa.fi
795270,kuoe-en.com
795271,kuoe-jp.com
795272,kuopionkirppari.fi
795273,kupangmewah.store
795274,kupbilety.pl
795275,kupele-bj.sk
795276,kupers-portals.nl
795277,kupibileti.bg
795278,kupidver.by
795279,kupinaklik.com
795280,kupoman.rs
795281,kuponku.id
795282,kuponstore.com
795283,kupontotojos.com
795284,kupplenky.cz
795285,kupsepeti.com
795286,kuqezi365.com
795287,kuradashi-yakiimo.com
795288,kurakon.jp
795289,kuralink.se
795290,kurama189.online
795291,kuranokuyan.com
795292,kuranseferberligi.com
795293,kurashi-labo.jp
795294,kurashi-s.jp
795295,kurashinotomo.jp
795296,kurasukoto.com
795297,kuratorium-bestattung.at
795298,kuratorium.waw.pl
795299,kurawaspesial.site
795300,kurd4u.com
795301,kurddoblazh.com
795302,kurdfilm.krd
795303,kurdfonts.com
795304,kurdmusic.org
795305,kurdnezam.ir
795306,kurdstudent.com
795307,kurier-nakielski.pl
795308,kurigramisp.com
795309,kurikulum.az
795310,kurious.id
795311,kurkul.com.ua
795312,kurliet.lv
795313,kurmatotoexpert.com
795314,kurmatotomega.site
795315,kurniagacor.com
795316,kurnoolbazar.com
795317,kurochikubi.com
795318,kurohikotopup.com
795319,kurohudas.lt
795320,kuroimanga.mom
795321,kurokatta.org
795322,kurokawa707.com
795323,kurologi.jp
795324,kuron.com.pl
795325,kuroneko-connect.net
795326,kuroneko-hosho.jp
795327,kuroneko0920.com
795328,kuronotokyo.com
795329,kursi.ge
795330,kursprognose.com
795331,kursusasri.co.id
795332,kursuslancar.com
795333,kursyazilimi.com
795334,kurtilovers.in
795335,kurumayaramen.co.jp
795336,kurumeshi.delivery
795337,kurumeunsou.co.jp
795338,kurusoku.com
795339,kurvesrbija.rs
795340,kushirorikujo.com
795341,kushitanionline.com
795342,kushte.co.uk
795343,kuspazari.com
795344,kustomgacor.com
795345,kustwudil.edu.ng
795346,kusudamacloud.com
795347,kusuri-aoki-shop-info.com
795348,kusurinomadoguchi-sfa.com
795349,kut.lat
795350,kutchkhabar.com
795351,kutomba.com
795352,kutsalkitap.info.tr
795353,kutsurogi-ya.com
795354,kuttipencil.in
795355,kutumb.app
795356,kutunzahealth.com
795357,kutxabankstore.es
795358,kutyakajas.hu
795359,kuulatori.fi
795360,kuulcolor.com
795361,kuumatmaturet.com
795362,kuwait-esportstv.com
795363,kuwaitcricketclub.com
795364,kuwaiting.com
795365,kuwana.com.ar
795366,kuwee.cn
795367,kuwin37.com
795368,kuwinday.com
795369,kuwinfun.com
795370,kuwinim.com
795371,kuwinla.com
795372,kuwinlife.com
795373,kuwinlol.com
795374,kuwinorg.com
795375,kuwinplus.com
795376,kuwinpw.com
795377,kuwinvn2.com
795378,kuwinxyz.com
795379,kuwn43.com
795380,kuwn44.com
795381,kuyastindahan.co.uk
795382,kuyka.com
795383,kuystudio.id
795384,kuyutakip.com
795385,kuze.co.il
795386,kuzeymarmaraotoyolu.com
795387,kuzi200.xyz
795388,kuzya.in.ua
795389,kv7go.com
795390,kv7top.com
795391,kv8.club
795392,kv999vn6.com
795393,kvaclub.ru
795394,kvalitetskontroll.no
795395,kvartirka.by
795396,kvca.or.kr
795397,kvcc94.com
795398,kvdwowcnmo.com
795399,kveez.com
795400,kvglzdmvco.com
795401,kvguruji.com
795402,kvhlinkhub.com
795403,kviconline.net.in
795404,kvizky.cz
795405,kvizlabirintus.hu
795406,kvk.com
795407,kvkteknikservis.com
795408,kvrastore.com
795409,kvrerp.com
795410,kvrs.online
795411,kvs247.com
795412,kvs4dq.com
795413,kvsbhopalesupport.in
795414,kvsecontent.com
795415,kvsindia.in
795416,kvslot.info
795417,kvsshopping.com
795418,kvt8nq1xpr.com
795419,kvtr.top
795420,kw3b1c9o8f.com
795421,kwachagame.com
795422,kwachahelper.com
795423,kwaliteitscholen.app
795424,kwan-pra.com
795425,kwarastatepolytechnic.edu.ng
795426,kwateromc.kr
795427,kwephilippines.ph
795428,kwg-games.cc
795429,kwg-games.org
795430,kwgbet8.com
795431,kwgin4.com
795432,kwiatynaszegotaty.pl
795433,kwik.trade
795434,kwikengage.ai
795435,kwikyfans.com
795436,kwin97.net
795437,kwpi.or.kr
795438,kwpscc.ir
795439,kwseverywhere.com
795440,kx3.com
795441,kx8.bike
795442,kx8.co.in
795443,kx8.store
795444,kxl889.com
795445,kxo.moe
795446,kxquik.com
795447,kxqyt5du.com
795448,kxz4567sax.xyz
795449,ky76j2.com
795450,kyarafashion.com
795451,kyaratoys.com
795452,kyat7.com
795453,kyatbox.net
795454,kyb.co.id
795455,kycgold.com
795456,kyczay.com
795457,kyimc.com
795458,kylemorecars.ie
795459,kylenguyen.me
795460,kylexon.site
795461,kyly.com.br
795462,kymamobilita.it
795463,kymco.com.tr
795464,kymco.gr
795465,kymco.it
795466,kynuviet.site
795467,kyoanishop.com
795468,kyoei-group.co.jp
795469,kyoin-saiyo.jp
795470,kyonyutube.net
795471,kyorindo-netsuper.jp
795472,kyoritsu-foods.co.jp
795473,kyosama.com
795474,kyosui.net
795475,kyotei-data24.com
795476,kyoto-kosho.shop
795477,kyoto-tc.jp
795478,kyotokojohokenkai.or.jp
795479,kyotoretreat.com
795480,kyotoseika.co.jp
795481,kyototaxi.net
795482,kyouei-mizugi.com
795483,kyoufukudou.com
795484,kyousoku.net
795485,kyoutei-yosou-site-boatrace.jp
795486,kyoyu-agri.co.jp
795487,kyrgyz4.top
795488,kyrgyzka.com
795489,kyrgyzporno.club
795490,kyrgyzporno.top
795491,kyrgyzskoe.link
795492,kystudy.co.kr
795493,kytkyshop.cz
795494,kytmx.com
795495,kytots.org
795496,kytti.or.kr
795497,kyuncall.com
795498,kyungsung365.com
795499,kyunix.com
795500,kyuusai2nd.net
795501,kyuyo.com
795502,kyuyo.net
795503,kyuzitsu-glampingbu.com
795504,kyuzitu.net
795505,kyweczdwnm.com
795506,kz-audio.com
795507,kz999a.com
795508,kz9wbx.com
795509,kzbangladesh.com
795510,kzd5bh.xyz
795511,kzdpp.com
795512,kzeegames.com
795513,kzhep.com
795514,kzj0ii988.com
795515,kzmeeting.com
795516,kznstore.com
795517,kzp.pl
795518,kzr.mx
795519,kzvip001.com
795520,kzvip002.com
795521,kzvip003.com
795522,kzvip004.com
795523,kzvip005.com
795524,kzwolf.net
844369,kingshocks.com
844406,k3b.org
844425,knittingfever.com
844489,kobayashi.lg.jp
844517,kulturaklik.cz
844541,kulturradio.de
844567,katran.vn.ua
844575,knigism.online
844606,kmt.org.tw
844610,kikizo.com
844691,kolbuszowa.pl
844740,kobac.co.jp
844768,klymit.com
844841,karamitsos.com
844861,kapor.de
844881,kingjav.biz
844891,knizhonka.com
844994,klider.ru
845006,kiis.or.jp
845020,kinoexpert.ru
845055,kindlabpro.nl
845100,keychron.cn
845166,kaplanprofessional.com
845203,kimai.org
845225,kayak.com.uy
845227,kaluga-remont.su
845272,kuu.la
845291,karriere-in-mv.de
845314,kfork.ru
845317,kalamazoocity.org
845372,keywest.com
845407,kolikajeplata.com
845412,kqdmachine.com
845418,kiroro.co.jp
845614,kriminal.tv
845621,kgoradio.com
845650,kxm.ru
845662,kccvn.com
845775,kajuta.net
845779,kirbycorp.com
845859,kiralyikastely.hu
845879,kohler.com.cn
845889,kirilmazbardak.com
845915,katzensitter-heilbronn.de
845946,kalehaber.net
845980,kicksite.net
846007,kulink.online
846010,kangoroo-travel.id
846074,keismindwarp.com
846086,kakraz.ru
846115,kiarasims4mods.net
846135,kilop.ru
846169,kanazawabiyori.com
846219,kittyanddulcie.com
846304,kensetsutenshokunavi.jp
846328,kvic.gov.in
846390,kansasband.com
846428,knisja.mt
846429,komogoto.com
846430,ktnnews.co.kr
846431,kybimg.com
846522,knihazknihovny.cz
846566,kagawa.ac
846596,kinship.org.uk
846626,kolyma-trans.ru
846753,karen-megahare.com
846779,kopano.io
846859,kino2020.com
846897,kvira.ge
846978,kitecheande.com
846983,knooppuntketenzorg.nl
847005,knoowy.com
847011,kuhnirb.ru
847051,kegsteakhouse.com
847103,kvmechelen.be
847107,kztv10.com
847127,kamusjudi.store
847212,kgm-vzlet.ru
847229,kip-k.ru
847258,kingtrosper.space
847279,keramosantek.ru
847294,kbharkiv.dk
847410,kinase.com
847433,kapelnicza-ot-pokhmelya-ekaterinburg-15.ru
847458,kinomanhqs.online
847492,kkappstore.com
847493,karate-gi.fr
847503,kgifts.ru
847528,kauaicoffee.com
847539,kanazawaya-oumihatiman.jp
847543,keep.com.sg
847617,koenigseggnb.com
847625,knuthenborg.dk
847724,keyboardco.com
847743,kupa.com.tr
847749,komkov.dev
847857,kinotazz.click
847868,kmkg-mrah.be
847896,koreadumps.com
847959,karetka24.com.pl
847982,korper.nl
848003,kiengiang.gov.vn
848029,kupivkredit.ru
848062,kladr-rf.ru
848087,kurobas.com
848106,kineo.com
848108,kellysolutions.com
848199,kkrfunds.com
848261,krone-trailerparts.com
848387,kalitelihacklink.com
848448,kaixinfun.com
848455,knowlexaconnect.com
848471,kindertrainer.info
848485,kuria-birosag.hu
848521,kspanel.com
848537,kinogoa.cc
848548,kensetsu-plaza.com
848621,kleman-france.com
848714,komandacard.ru
848717,kosova.info
848722,kingsofindigo.com
848748,ktriptips.com
848867,kua-aina.com
848923,kickedapp.ru
848941,kuryakyn.com
849014,kunststofbouwmateriaal.nl
849067,kr-jihomoravsky.cz
849076,karparts360.com
849080,kobe-port-tower.com
849087,kakohost.com
849094,kuldin.ru
849212,kivari.com.au
849289,kingart-games.com
849313,kakkley.ru
849367,ketqua360.com
849394,kilat77.game
849421,krown.su
849483,kuchaknig.org
849490,keystonbros.com
849544,keeper.app
849554,krufgedei.icu
849587,kant-kardio.de
849604,keyakizaka46.com
849626,kariyerakademiadana.com
849721,karatcraft.com
849728,kagwirawo.ug
849771,kozijnshop.nl
849827,kliklekker.nl
849845,kashtanka.tv
849879,kornherr.com
850078,kapelnicza-ot-pokhmelya-voronezh-15.ru
850091,kander.ru
850103,kfdd.cc
850134,keepshooting.com
850199,keinomori.com
850200,koreanbj1.com
850228,kilho.net
850336,ketto.com
850377,kvadrostyle.com
850393,kemsoracing.com
850413,keepo.me
850424,kbd.news
850453,kodano.cz
850503,korannarrow.com
850514,kalipta.ru
850579,kfzbleche24.de
850655,kipmu.ru
850677,kbbriggs.com
850731,kerrisdalecap.com
850763,krutygolov.com.ua
850824,kenable.co.uk
850870,knt9.org
850881,kitty.sb
850954,kerstpakkettenkopen.com
850986,kimchidvd.com
851021,kahn7644.com
851050,konyajo.com
851151,klimavex.eu
851239,kindforumnation.nl
851353,kede.gr
851373,kdejeprace.cz
851444,kam.pl
851472,koreaye.com
851491,kddi-webcommunications.co.jp
851525,kidp.or.kr
851556,krali.ro
851620,ktsys.cloud
851647,kafila.org
851703,keytomarkets.com
851712,kag2d.com
851724,karatov.ru
851779,kmjnow.com
851781,karsiyaka.bel.tr
851838,kudoway.com
851842,kirinn3.net
851856,korepetycje.plus
851883,kaffeebohne365.de
851939,katatonia.com
851993,ka99.com
852019,kyocera-industrialtools.co.jp
852024,kernelconcepts.de
852046,kowalstwwo.pl
852109,kkidc.com
852162,kappa-usa.com
852242,kapelnicza-ot-pokhmelya-nizhnij-novgorod-1.ru
852284,k-school1.ru
852288,kirayaka.co.jp
852348,kashipara.com
852391,knowledgetrain.co.uk
852429,kidzpacelobby.com
852552,kzhibo.com
852571,kafka7004.ru
852574,kgcy.co.kr
852585,knowledge-architecture.com
852602,kz-bb.com
852631,klas.com.br
852707,kurgan-telecom.net
852717,kk-kuaimiao.com.cn
852784,kaileep.com
852823,kepro.com
852858,kco1.eu
852865,kupujledy.pl
852906,kit-online.de
853027,koronaevent.de
853042,kmk360.com
853090,kfz.net
853101,kulo4dpx.com
853177,knbmotors.com
853233,klinikumchemnitz.de
853320,kencomp.net
853358,kw.ai
853374,k52e43.vip
853453,klikmbc.co.id
853491,kanevsk.ru
853510,khulnadiv.gov.bd
853541,kanhulu.com
853561,kart5mart.com
853694,kimberlysgroup.com
853710,kildekompasset.no
853723,konsec.net
853787,knmv.nl
853791,kristinehamn.se
853797,klassikaknigi.info
853820,krushlife.com
853896,kreo.net
853914,kawaguchikomusicforest.jp
854014,kyzyl-kiya.com
854055,kyoto-soccer.com
854065,kenyapropertycentre.com
854125,kayserihaber.com
854168,kaxiteseals.com
854181,koeiketel.be
854182,kilala.vn
854186,kgmtu.ru
854213,ksow.pl
854259,katiousa.gr
854269,kzv-lsa.de
854275,kx-mebel.ru
854278,keyword-suggest-tool.com
854280,kindturkeyrecords.com
854436,knihovnatabor.cz
854523,kammar24.pl
854524,keatingtoyota.com
854611,kadenapparel.com
854629,kingstonmidstream.com
854679,keepseven.de
854691,krikyacasino.click
854797,koro.software
854804,kubodic.sbs
854812,kmtcas.co.kr
854840,kunsttexte24.ch
854883,keycurrency.co.uk
854894,kemker-ict.nl
854913,kpu.edu.rs
854947,koszykrolnika.pl
854980,katokatana.com
854987,kthusid.fo
855096,kbtg.tech
855112,kodaen.ca
855114,kul.ee
855140,kakaduwin.com
855233,kb-agava.ru
855292,kxdyy.com
855367,kavporn.com
855396,kcampus.kr
855426,kungalv.se
855432,komodohealth.com
855486,kaloo.com
855568,kos-online.de
855713,kingy.ai
855725,kristindaily.org
855741,keyword-lda.pt
855780,kzfaq.info
855842,ksbnl.cz
855908,kewodns.com
855916,kijeintss.com
855921,kucb.org
855967,kmhxjw.com
855976,kjm6.de
856011,kandji-food.fr
856117,kpmgservices.tech
856130,kiwitreasurecasino.nz
856140,koro-cdn.com
856177,kjellesvig.net
856277,koroshhost.com
856283,kvb.co.in
856303,krollmonitoring.com
856314,koreanbots.dev
856316,kohlsokta.com
856350,killscreendaily.com
856356,kkot.ac.kr
856359,kursk-izvestia.ru
856377,kenraprofessional.com
856393,kloecknermetals.com
856415,knittingskyline.com
856513,kinogoo.biz
856544,klimawandel-gesundheit.de
856746,kiamotors.kg
856747,kjvbiblebaptistchurch.com
856772,kennesaw-ga.gov
856874,kaopucloud.com
856876,kurvasmg.com
856877,kasino-vulcan.xyz
856897,kittysupps.com
856941,kkrkfn.com
856985,kamiyama-soba.com
857034,kristallkraft-pferdefutter.de
857092,kflex.com
857116,kuzhigu.com
857126,kidzlearningacademy.org
857131,kasumi-job.net
857187,kaiserkraft.fr
857257,kaztransit.com
857316,k-y.com
857413,kazak.com
857456,kreativemaniac.com
857463,kjm-online.de
857498,klen-house.ru
857538,kraski.ru
857570,kuaidiwo.cn
857695,kapelnicza-ot-pokhmelya-voronezh-6.ru
857706,kdzeregli.bel.tr
857712,kn.nl
857718,ktm001.com
857778,knowledgehaven.co.uk
857795,klar-demo.work
857816,kinogo-hd.icu
857851,kastipmerkezi.com.tr
857899,koleje-wielkopolskie.com.pl
857920,kgf777exch.com
857959,kvisvik.net
858050,kaidzu.com
858098,kendal.org
858182,kuma.io
858209,koala.health
858219,kalatik.com
858221,kangouroukids.fr
858263,kooc.net
858288,kinohod.ru
858332,kyanaind.com
858345,kw.de
858364,kalupurbank.com
858397,keemp.ru
858406,kldewitt.com
858499,kindermaxx.de
858508,kinescope.dev
858545,klaviyo.to
858595,kerridgecs.com
858599,kickcommerce.com
858669,kaosx.us
858731,karolinanowak.com
858778,kissthepaper.ca
858793,kreedon.com
858868,kuzovik.ru
858939,kstar.com
858946,kalderanews.com
858977,kundenanmeldung.dvag
859014,koreanwikiproject.com
859045,kempower.com
859078,krauseforiowa.com
859100,klingspor.de
859102,karoutonlinelb.com
859112,kingspa.com
859136,kazz09.fun
859155,kl.com
859168,kupit-kursovuyu-90.ru
859214,kaimao17.com
859233,kochi-bank.co.jp
859258,keepssalele.shop
859279,kashiba.lg.jp
859478,kandinsky.net
859496,keli-cee.pl
859499,keyscore.io
859589,kolakakab.go.id
859590,kineon.io
859680,ktmforum.co.uk
859714,k1ck.com
859731,kyuin.co.kr
859788,ksusentinel.com
859799,kalpika.id
859801,kaiahealth.de
859868,koshi.lg.jp
859926,kagakukanq.com
859954,kodges.ru
859956,kppaybr.com
860019,kijkshop.nl
860024,kiamlian.com.cn
860031,kkinfotech.gr
860108,kettering.org
860161,kip-labs.ru
860185,kamagradirect.shop
860247,koliro.de
860262,kooshanhost.com
860326,kak-najti-cheloveka-po-nomeru-telefona-3.ru
860338,krrun.cn
860358,k2consult.ru
860360,kastas.com
860450,kitezincplant.com
860539,knowledgebasetoday.co.uk
860580,kupitpravax.com
860598,knigger.com
860624,koneensaatio.fi
860706,kirloskarferrous.com
860838,katraouras.com
860878,kitsune.fr
861132,kr-pr-midasit.systems
861167,koolance.com
861207,kidsmallshop.com
861361,kaderali.de
861362,kalijagas.co.id
861363,kev.com.vn
861364,keyhost.gg
861365,kinogo-hd.org
861366,knightsy.com
861367,kobelco-kbp.jp
861368,kobelco-kwc.com
861369,kobelco-logis.co.jp
861370,kobelco-north.co.jp
861371,kobelconet.com
861372,kobelcowelding.com
861373,koe-research.net
861374,kpmg.com.cy
861375,kpmg.com.mx
861376,kpmg.com.my
861377,kpmg.com.tr
861378,ksbi.com
861379,ku-ke.cc
861380,kyocera.eu
861381,kyoceradocumentsolutions.it
861382,kyoceradocumentsolutions.pl
861383,kyoceradocumentsolutionshk.shop
861384,kyoceramita.pt
861603,khara.co.jp
861654,karumanta.com
861790,kritika.news
861848,kwcs.jp
861880,keysforsteam.com.br
861905,kraski-chernila.ru
861957,karten.nl
862016,kaleyra.io
862063,kocarky-vesela.cz
862165,krasnodar-news.net
862256,kddi-l.jp
862263,kaganonline.com
862310,kornferrytalent.eu
862328,kupit-kursovuyu-109.ru
862341,kizi10.org
862385,knh.ae
862514,kamdel.ru
862524,klassa.bg
862590,kits26.com
862594,koopslim.nl
862659,kkinstagram.com
862680,kassulke.biz
862721,kinoglaz.fr
862839,keizertimes.com
862842,ketochow.xyz
862920,ksmcpa.com
862951,komainu.com
862967,kentonlibrary.org
863012,krasnayastena.com
863025,kelink.com
863052,kwk-forum.pl
863104,knac.com
863114,krater.at
863133,kidsconnection.co.za
863148,kapelnicza-ot-pokhmelya-ekaterinburg-7.ru
863250,kuailianwas.com.cn
863265,kinobarz.top
863285,kakopis.ru
863298,kinef.ru
863321,kotymainecoon.pl
863340,kinoradiomagia.tv
863342,kpai-lamongan.com
863351,krshb.cn
863357,keren138rtp.com
863382,kulecnikzizkov.cz
863515,kofferraum.org
863569,kimchi.dev
863684,kdniao.com
863704,kryptosmobile.com
863716,kibana.dev
863758,keywordsheeter.com
863777,kuchenart.fr
863819,kubkar.ru
863839,korzun.com.ua
863851,kfszwcj.com
863863,knigavuhe-audio.com
863883,kuka-robotics.com
863898,kbj9qpmy.com
863988,kasino-ru.casino
864031,kenyainsights.com
864044,kav-bayern.de
864056,kaweco-pen.com
864058,kokoblack.com
864111,kuebler.eu
864128,kelbet.com
864158,kultloesungen.de
864256,kidscloset.com.au
864289,keno.tj
864474,kyt-tv.com
864498,keramika-mix.ru
864556,kmzs123.com
864575,kvezal-resale.shop
864596,kreditkalkyl.com
864683,kappersakademie.nl
864791,kepler-interactive.com
864809,krative.site
864836,krankenhaushygiene.de
864838,kasenet.fi
864971,kuailiansvio.com.cn
864986,karendoll.com
865027,kortkeros.com
865052,kingsfoodmarkets.com
865061,kupit-kursovuyu-102.ru
865094,kubbhw.nl
865125,kropyvnytskyi.name
865188,kanbanchi.com
865191,ks-pm.de
865362,kooorapro.com
865417,kibertum.com
865434,kleister.ru
865519,kurz-mal-weg.at
865593,konak.bel.tr
865598,knowledgeanywhere.com
865725,kwiff-online.co.uk
865748,ktphost.com
865765,kjg.de
865781,koreanxwear.com
865820,kairos.com
865837,kahuafn.com
865879,kanaltv.ru
865903,klavis.ai
865947,kggamingapi.com
866020,karmento.ir
866021,kayserihaber.com.tr
866022,klarstein.nl
866072,kulturprojekte.berlin
866148,kxb4u.com
866149,kraken-shop24.com
866236,kisswap.org
866266,kiscoseniorliving.com
866305,kiwibbs.com
866316,kpnemo.eu
866319,kyk.gov.tr
866390,kaizencpa.com
866485,kamababa.desi
866636,kvsupply.com
866753,kilathosting.net
866780,kiosquedaaviacao.pt
866781,kryinternational.com
866822,kanghanrak.net
866829,kkrok.ru
866875,krynica.net.pl
866882,kwikkopy.com.au
866924,kurgo.com
866929,knowledgematters.com
866962,kualnet.jp
866964,koshervitamins.com
867000,keycurrent.co.uk
867002,kantone.net
867003,karrier.one
867051,kbewioybqapps.click
867072,kilatdomain.net
867195,kinogo.voto
867268,kitchenbathdesign.com
867335,kuvshinky.ru
867349,koala.ch
867400,kng.gov.kw
867403,kuchaowu.com
867457,kantarainitiative.org
867481,kshekeda.com
867596,krug-home.de
867605,konnekt.net.au
867618,kilntheatre.com
867629,kraenzle.com
867714,kiaofcleveland.com
867743,karari.jp
867903,khanpayscript.com
867917,kmicom.kz
867922,kedaitogel.top
867997,konzertundtheater.ch
868008,korealife.com
868049,knoxvilleraceway.com
868051,kolr.ai
868112,kqzvon.com
868118,kafkamuseum.cz
868119,kakuren-bo.com
868127,koraen.space
868141,keepgo.com
868185,keepbelieving.com
868230,kawamoto.co.jp
868255,kovovyroba-priese.cz
868257,kronospan-it.com
868265,kapristv.net
868495,krazyklean.com
868566,kurkoskydetailing.pl
868644,kjsyarn.com
868829,ks-cinema.com
868972,kragarmregale-24.de
868997,keai.com.cn
869040,kneopen.com
869124,ketua123biz.com
869147,kglakademi.dk
869153,kfz-auskunft.de
869333,kyoceradocumentsolutions.dk
869344,katonahtherapygroup.com
869345,kdcsdd.com
869420,kaliumtheme.com
869487,kernux.online
869490,krater.ai
869516,kasinoranking.com
869562,kumatori.lg.jp
869632,karada.live
869737,kernel.net.pl
869783,klyck.net
869836,kizclub.com
869927,kiabi.fr
869948,kino-ok10.store
870021,kosmetykaaut.pl
870037,keepone.net
870051,kapelnica-ot-zapoya-nizhnij-novgorod-9.ru
870058,kicf.co.kr
870147,kr1875.ru
870166,krasvolenergy.pl
870174,kbanker.co.kr
870274,kdbdw.com
870298,kazeno.space
870443,keltymentalhealth.ca
870530,kyotojournal.org
870538,kia.co.nz
870583,kajaani.fi
870714,kiwidrug.com
870780,kobebussan.co.jp
870781,kpage.de
870790,kabe.se
870802,kvartiri-domiki.ru
870803,kvalevaag.eu
870833,klervi.net
870968,ketoaustralia.com.au
871004,kinorg.com
871024,kurmaistimewa.com
871026,k2sprn.com
871068,koding.com
871084,kametotv.fr
871093,kilasjatim.com
871098,kino-ok11.store
871147,k2space.com
871197,kentruct-frature.com
871247,kurita-water.com
871283,kwsiskins.ca
871309,kestrelballistics.com
871330,koinbetstore.online
871361,komtender.ru
871395,karlspreis.de
871411,krdhb.com
871484,kyani.net
871497,kompleksmedia.pl
871560,karlo-online.ru
871608,kitaabun.com
871652,kuroda.com
871697,krushival.in
871709,knobtowncycle.com
871714,kazakhstantenders.com
871748,kingsfame.co.uk
871779,kamik.com
871816,keramatika.ru
871846,kinotik.click
871957,knotbusters3d.fun
871977,klr650.net
872033,knowunity.co
872072,klungbaan.com
872096,kindsignalspot.nl
872168,kielitoimistonsanakirja.fi
872230,konde.co
872381,kppod.org
872434,kaliningradtv.ru
872443,kerrycoco.ie
872583,kbereg.info
872700,kipli.com
872716,kapelnicza-ot-pokhmelya-ekaterinburg-5.ru
872748,kiku.dk
872777,kpaehs.com
872831,kinozadrot3.site
872983,kreditplus.com
873017,karmarts.co.th
873045,kreutzers.eu
873089,kumikomi.net
873162,kfcapi.com
873229,keepsdev.com
873230,keychron.ca
873231,kfcku.co.id
873232,kimngocthuy.com
873233,kumamini.jp
873342,kodabots.com
873501,knex.com
873563,knobcreek.com
873589,kamloopsram.com
873648,kawaguchiko.ne.jp
873649,klayer.com
873700,kcn.ru
873778,karl-may-wiki.de
873809,krogsveen.no
873818,kapelnicza-ot-pokhmelya-samara-7.ru
873858,kc34.com
873890,kohoanalytics.ca
873927,khogaz.ru
874002,kidverte.com.br
874047,kiowacasino.com
874123,kkh.se
874126,knowledgeleader.com
874129,kabelbrief.de
874192,khmb.ru
874223,kenanddanadesign.com
874272,knowledgementors.com
874282,karwansaraypublishers.com
874296,kkcg.com
874401,kclsu.org
874415,kkwinzz.com
874483,kvestinfo.ru
874486,krasnoznamensk.com
874498,kspr.com
874538,khelobets24.com
874599,kaputama.ac.id
874702,kayaposoft.com
874726,ksukabba.edu.ng
874730,kamimadrasah.com
874749,kirensk.net
874766,kuailiandem.com.cn
874775,kreepost.com
874828,kikdirty.com
874848,kidactivities.net
874901,kidsplaza.or.jp
874930,kamarouka.com
874940,kediritangguh.co
874970,kashlegal.com
874999,koyomimi.com
875000,konfhub.com
875108,kilo.jp
875197,kk-zavod.ru
875211,kokonov-cto.ru
875249,kvps85.com
875329,ks32.dev
875355,keymerkert.com
875377,kartpay.com
875378,kidsroom.de
875422,kamus.net
875454,kappa.edu.pl
875461,kutx00.top
875508,komissar-online.ru
875797,kaffeewiki.de
875844,keskeces.fr
875878,kyobunkwan.co.jp
875912,kabarterdepan.com
876031,kom.de
876077,kreidler.nl
876163,kalimmat.com
876169,kurz.de
876183,kvet.in
876186,karppaus.info
876214,kmccontrols.com
876236,kelimeler.gen.tr
876252,kiiky.com
876292,komiku.dev
876349,kite-hill.com
876355,knight.domains
876357,kunstnet.org
876399,koljaweb.ch
876440,kingston.co.ke
876460,keycodemedia.com
876465,kisanpgcollege.ac.in
876561,krasnodar.pro
876777,ketlkk.com
876803,kostenlosspielen.net
876820,kpin.net
876914,kthys.com
876925,kolyandex.su
876948,kattovit.com
877028,kuzpress.ru
877031,kzn-opt.ru
877076,kookycreambakery.com
877086,kupit-diplomax-v-sankt-peterburge-78.ru
877121,km-it.de
877310,katrineholm.se
877325,kbeauti.ca
877377,kyani.com
877460,kidsofagape.com
877494,karshenasi.info
877559,klokliv.se
877585,kontomatik.com
877666,kazserv.com
877683,krante.lt
877711,kozts.pl
877890,kiswebs8.co.uk
877893,kskhosting.co.uk
877896,katyn.ru
877955,kynt1450.com
877969,k9wink9my.com
877983,kurrent.io
877998,knhome.org
878071,kompan.pl
878136,kostoday.gr
878175,korail.go.kr
878196,kuromon.com
878202,konicaminolta.com.cn
878237,krymsos.com
878274,koleso-razmer.ru
878315,kupit-kursovuyu-88.ru
878410,kompromat.ai
878411,kundenmail-worlddirect.de
878650,kpmg-law.de
878692,kyronbotshield.co.in
878707,katamu.co
878735,kniholib.cz
878752,kwadratura.ru
878973,k-sport-de.de
879002,killzoneflashlights.com
879055,kortspecialisten.dk
879063,kynseed.com
879120,krafti.com.tr
879123,keio-arena.tokyo
879144,karboterapia.ru
879195,krsaddleshop.com
879246,kigata.de
879257,kennedywilson.com
879269,kreuzfahrt-be.de
879450,kirchenbezirk-schwaebischhall.de
879550,kempalan.com
879657,kitchenone.dk
879729,kitabay.com
879816,kazkad.ru
879923,keringapps.com
879939,krteplo.ru
879977,koocdn.com
880037,kshr.com.cn
880138,kapelnicza-ot-pokhmelya-samara-30.ru
880201,kwarc.info
880223,konkandream.com
880334,kurs.software
880397,klokvy.se
880444,kakaowebtoon.com
880533,kiyoh.nl
880536,kampfgruppe144.com
880580,kjc.solutions
880624,kdk-parts.com
880708,kadvacorp.com
880750,kuyidianqi.com
880836,keaiming.com
880860,kupit-diplomix-v-domodedovo-50.ru
880922,kilatstorage.id
880932,keonhacai95.io
880970,ke-la.com
881067,khakiguacy.xyz
881132,kapelnica-ot-zapoya-nizhnij-novgorod-5.ru
881219,kalixa.com
881291,kupit-attestatis-v-ekaterinburge-343.ru
881339,katsuo-ji-temple.or.jp
881448,karenradleyacura.com
881588,kawasaki-la.com
881595,kometa-casino-online.ru
881631,kwarastate.gov.ng
881691,khoroshayamych.com
881700,kazakhtenders.com
881723,kawahdinosaur.com
881754,kardan.com
881810,kkr-capstone.com
881822,ksye.cn
881981,kingdomrush.com
881997,kingofwrathpdf.ru
882036,konii.de
882047,kidsrepublic.jp
882068,kaeis.net
882103,kello.hu
882147,karibiksun-sonnenstudio.de
882196,kttape.shop
882235,kidfriendlythingstodo.com
882257,khyky.net.gr
882307,kickfurther.com
882318,kakimotoracing.co.jp
882320,koziol-shop.de
882330,kimlud.com
882354,kitkat.club
882374,kedo.com
882432,kyberprx.live
882522,kuleiman.com
882523,kuraj-concert.ru
882576,kelleykronenberg.com
882609,kwaak.net
882635,kaasinoonline.nl
882698,keonhacaii.org
882715,kolb-heubach.de
882801,kit-ai.jp
882811,kupit-kursovuyu-104.ru
882830,keithandthemovies.com
882866,kaimi88.com
882886,kraess.dk
882940,kingpinplay.com
883007,kevineikenberry.com
883012,kids-box.lu
883068,kademov.cc
883069,kupit-diplomux-v-ufe-02.ru
883114,kulapp.com.cn
883119,kitze.com
883136,kettlebellkings.com
883153,konami-europe.com
883155,konservative.dk
883164,kowabana.jp
883207,kupit-diplomx-v-pervouralske-66.ru
883220,katvamining.top
883227,kcc.edu
883236,koemmerling.com
883278,kelkoo.be
883416,kharkivrada.gov.ua
883478,kiki-ugu.com
883538,kotogi.com
883541,keralaonlinenews.com
883579,kenaqz.com
883641,kogibbq.com
883648,kompas.ge
883658,kompromat1.one
883676,kraeuterland.de
883679,kandagar.com
883700,korting.ru
883742,kfuo.org
883812,krak.xyz
883845,kippusa.com
883928,kdsinfotech.com
884143,kupit-diplomx-v-serpuhove-190.ru
884205,kaad.de
884212,kitaaa.net
884223,kasimtugmanerkonagi.com
884229,kyrie-6.com
884232,kadara.ru
884245,kuxx.org
884335,kureha.co.jp
884343,kdfrases.com
884379,kiswbs.com
884387,kawasakimotorcycle.org
884438,khv.aero
884483,kiwi-servers.de
884617,kartarandseibo.com
884637,kiesbeter.nl
884693,koffer.media
884740,kingsleynorth.com
884928,kmzs123.cf
885067,koreamg.com
885086,kykue.com
885167,kallestruik.nl
885190,klipboard.com
885247,kloster-einsiedeln.ch
885316,kisskana.com
885335,kassen-reinigung.de
885358,k-r-6-u.com
885368,karaoketeksty.pl
885417,kolichub.net
885491,kidlofi.com
885514,kurguhost.net
885527,klatovy.net
885663,kupit-diploms-v-sochi-93.ru
885705,kalama.com
885706,kejuba.com
885713,kplus.vn
885792,kkk.tsk.tr
885795,kreidlerkart.com
885855,kliksolonews.com
885871,kdfse.com
885902,klarheitalltag.de
885919,kamo99c.com
885941,knarcraft.net
885971,khoahocdoisong.vn
886033,kippie.nl
886036,keypedia.com
886076,kensakusystem.jp
886131,kriper.net
886205,kathrynskitchenblog.com
886256,kolbecorp.com
886299,kagoshima-izumi.lg.jp
886339,kamuslengkap.com
886389,kupit-attestatys-v-omske-381.ru
886410,kemba.org
886552,kapitbisig.com
886553,kbprasacbank.com.kh
886554,knoozjewels.com
886722,krakowska98.com
886728,kawasakiversys.com
886731,karlstorz.ru
886740,kapelnica-ot-zapoya-nizhnij-novgorod-4.ru
886766,komeri-job.net
886815,kindgirls.icu
886861,kezuw.com
886962,kodintuotteet.fi
887020,krasporno.com
887035,khalmart.ru
887048,k2network.com.br
887084,kuyisw.com
887111,kaidan136.com
887116,kvsachsen.de
887154,ka-ip.com
887156,kjv.site
887229,klikdoba.cz
887238,keir.net
887296,kumandgo.com
887315,kastapi.com
887321,kumin.news
887364,kys-newotani.co.jp
887373,kupit-diploms-v-kemerovo-42.ru
887419,kryptonlotto.co.uk
887446,kiwa.se
887447,keralapicnicspot.com
887456,kapelnicza-ot-pokhmelya-nizhnij-novgorod.ru
887488,kulinarstvostil.hr
887491,kieranoshea.com
887542,karbala-tv.iq
887580,kcho.jp
887589,kotak.in
887611,khcc.jo
887622,kordon.org.ua
887653,kuhnekt.com
887682,kpkuang.fun
887700,kubanparts.ru
887766,krioyohosting.com
887777,knowsleysafariexperience.co.uk
887824,kimowa.app
887828,kuixa.it
887859,kinovino.club
887861,kutoku.com
887916,kuaidun.ai
887939,krony.ru
887977,kmoserver.hu
888045,kikk.be
888056,kezj.com
888074,k053.com
888089,kuaiiilian.com.cn
888093,kvitly.com
888095,kidsdesignaward.jp
888104,kukutata.com
888186,kommune21.de
888197,kernel.ee
888232,kupi.ru
888247,kaskad.tv
888255,kitchendemy.com
888277,klaviyoforneto.com
888279,k98d.net
888302,kru4ok.ru
888307,konplott.com
888467,koergecloud.com
888491,komal.hu
888539,kangaboo.hu
888595,kraspan.ru
888600,kek-nefeli.gr
888705,keepassdx.com
888707,kalebet-orjinali.vip
888720,kaboodle.com.au
888743,kamalaharris.org
888769,koberturatelecom.com.br
888776,kiki.tv
888789,kcmtrade.com
888799,kidsource.com
888802,keyboard-layout-editor.com
888834,kanz-it.net
888861,klusspullen.nl
888918,kontas.ro
888989,kag.fr
889022,klub-molodejnyi.ru
889059,kmknews.com
889076,kalugadiplomx.ru
889092,kvant-energo.ru
889163,ktek.net
889206,kapelnica-ot-zapoya-lugansk-lnr0.ru
889218,krankenkassen-direkt.de
889230,kosmx.dev
889300,karagai-rdk.ru
889303,kochiap.co.jp
889314,kings.edu.au
889484,knyharnia.eu
889491,kinovibe.tv
889568,kboi2.com
889625,kantv.cc
889643,kribb.re.kr
889652,kavyamehra.com
889684,k-mil.gr.jp
889753,kentcasino-win.site
889785,kyoritsugroup.co.jp
889788,klack.org
889870,kampanje.nl
889884,kafushka.ru
889934,kush-bonus-kazino.online
889937,kkt.jp
889957,kemanaservices.com
890015,kncolorado.com
890046,krovlarus.ru
890071,kisex.ai
890075,kobler.no
890087,kunalvastu.com
890091,kfc.digital
890121,kimquoctien.com
890133,kuac.org
890134,kaseyamdm.com
890144,kftc.org
890188,kolovrat.cz
890256,kadin.id
890257,kloepfer.de
890284,klivoportal.de
890296,kapelnicza-ot-pokhmelya-samara-12.ru
890307,kufiya.org
890326,kurskzdrav.ru
890335,kartara.com
890337,kaban.gg
890513,koboldmoreish.com
890522,kentcasino-win.store
890536,kreditos.com.ua
890537,kancoll.org
890575,kinovibe.co
890581,kbone.co.kr
890583,kimkardashianwest.com
890637,kentcasino-win.online
890646,kadinisci.org
890981,kgm.com.co
891003,kieskemper-shop.de
891050,kehuijm.com
891067,knowledgeworks.org
891128,kopalnia-bochnia.pl
891154,kitan.jp
891164,kayrros.com
891186,kkrannualreport.com
891188,kallithea.gr
891222,kvi.com
891243,kioskindustry.org
891292,kinokordon.chat
891302,kshahnd.sbs
891307,ks-law.cn
891380,kf762759.cn
891392,kristalnaya.ru
891424,kia-uae.com
891474,kahvemod.com
891519,kifdom.com
891601,key.ru
891666,kpay-group.com
891672,kgfurnitureandaccessories.com
891696,ko-manual.com
891711,koegel.com
891789,kuzeyegesaglik.com
891793,kcg.edu
891798,kapelnicza-ot-pokhmelya-samara-6.ru
891828,klompenpaden.nl
891881,keltas.lt
892009,k3.net.pl
892030,kunskapsrapport.se
892138,kahlilcarter.com
892151,kalipsocontrol.com
892161,kidcudi.com
892218,kinobratan.net
892239,keellssuper.net
892287,koiwai.co.jp
892306,killol.co.in
892364,kistalk.com
892375,kobrandwineandspirits.com
892459,kangalou.com
892497,kompetenznetz-einsamkeit.de
892570,kevinrowang.com
892572,kitkay.com
892644,king88.wiki
892666,kenko.com
892668,kmff39.com
892733,kagamlik.ru
892740,kray.pw
892778,kiackhaulmy.com
892833,kycompanydir.com
892929,kneeto.com
892942,kurzweil.com
892993,kv-thueringen.de
893010,kush-registraciya-casino.online
893017,khxldn.com
893038,kiwoomstar.com
893068,kreditwesen.de
893090,kreatio.com
893125,kinogo.qpon
893147,kzaricoq.xyz
893154,krasspravka.ru
893229,kcedventures.com
893236,kctax.gov.tw
893242,konyaseker.com.tr
893247,kassatka.link
893253,k12northstar.org
893306,kzg.io
893485,kbaudio.co.uk
893486,kidstoylover.com
893487,kpop.exchange
893566,keesingtechnologies.com
893790,keybridgewireless.com
893904,kvmr.org
893954,kjim.org
894004,killyhevlin.com
894039,kato-brand.com
894090,kloeckner.de
894105,kinoman1hd.online
894172,kifabzar.com
894221,krazy-stones.fr
894236,kulinarikblog.ch
894237,kadeco.de
894317,kavlinge.se
894349,kncv.nl
894366,kyrgyzstan-bettingoffersfinder.com
894383,konsciousserver4.com
894390,kancbel.by
894469,kakoj-segodnja-prazdnik.com
894494,kirolife.es
894513,kickssports.ca
894529,k-n.io
894562,kinokrad.in
894586,khleb.ru
894668,kfenews.co.kr
894675,keenfootwear.com.au
894780,kuajingyan.com
894806,kavliprize.org
894826,kush-zerkalo-casino.online
894936,klu.org
894957,kush-vhod-casino.online
894966,kioskpolis.pl
895074,ks-cdn1.com
895096,klimafreak.at
895141,keep.eu
895147,kelamayitg.com
895163,kspujiehui.com
895220,kings3dprinter.com
895241,krait.ua
895303,kbj.so
895304,kerkidasport.gr
895305,krpu.pl
895373,ktm-lc4.net
895377,karvykra.com
895441,kyubeiya.jp
895472,karls.cloud
895478,kuwamart.com
895487,katespade.de
895514,kreativa-italia.com
895561,karneval.berlin
895575,kr-olomoucky.cz
895589,kapelnicza-ot-pokhmelya-ekaterinburg-18.ru
895591,khbs13.ru
895655,kan-etsu.net
895694,krimpenerwaard.nl
895709,kymeratx.com
895722,klartextmedia.de
895876,krakenlabs.ru
895892,kralbet2270.com
895945,klinikum-oldenburg.de
895985,kyonan.net
896011,kasoom.com
896012,konduit.ai
896024,kimisevu.com
896038,keralataxes.gov.in
896039,keramikasoukup.cz
896103,khandakarit.com
896119,kinderfeestjes.nl
896189,kellys-korner-xp.com
896273,kugou.cloud
896283,kbpw.net
896299,keiser.com
896319,kras.hr
896328,kznpremier.gov.za
896329,kalakaarindiaa.com
896361,k-jz.com
896469,kesargrocery.com
896485,kiyzass-coal.ru
896575,kranir.com
896624,kotoku-in.jp
896682,kabumai.com
896718,kansallisbiografia.fi
896724,knopfler.pl
896850,kuvun.org
896872,kdlg.org
896885,keithrichards.com
896953,ketrawars.net
896962,kikokostadinov.com
897003,kiwavmotors.com
897014,kzoch.cn
897024,kdg-nameserver.de
897089,kinneyins.com
897208,kinoxa.one
897222,kasynaonlinepolskie.com
897225,kellybroganmd.com
897231,krixvo.be
897238,krakenrum.com
897241,kfdi.com
897380,kitbit.net
897511,kektura.hu
897547,karmaripple.com
897680,kabbait.cn
897753,kampung138.io
897760,kkbox.fm
897794,kban.ir
897806,kak-pishetsya.com
897838,kinopoisk.click
897846,klinikasoyuz.ru
897848,kamsz.ru
897863,kupainc.com
897931,katpages.com
897991,keilao.com
897992,kisspng.com
898058,keonhacai18.com
898096,kanadafieber.de
898103,kentuckyhunting.net
898151,kr-zlinsky.cz
898173,kunstimpulseplus.ch
898180,karppi.ninja
898199,kylesteffens.com
898251,knigagolik.it
898252,kuder.com
898313,kak-najti-cheloveka-po-nomeru-telefona-4.ru
898363,kfda.be
898390,kensui.com
898391,kixoro.io
898394,knsvoronezh.ru
898422,kuule.info
898508,knock.com
898537,kithandkinetic.site
898548,katsfm.com
898585,kasinoguru-cz.com
898660,kobee.com.au
898678,keel4u.com
898762,kkspm.io
898836,kqza.shop
898910,kwapamojacloudhost.com
898982,kulturblicke.ch
898999,ksstradio.com
899002,kapelnicza-ot-pokhmelya-voronezh-5.ru
899013,kaiawallet.io
899037,kerrits.com
899045,kameliweb.com
899062,kb88.quest
899110,kingroyal.com.au
899149,kspers.gov
899189,khb.hu
899330,kulkos.org
899413,knizniklub.cz
899450,kelpls.co.nz
899584,kuaizhika.cn
899638,kkb.kg
899699,kebomov.cc
899761,kuniv.edu.kw
899803,kaminofen-store.de
899808,kssoftech.com
899828,keyunzhan.com
900045,kinopoisk.press
900073,kreditotdel.ru
900085,koktahome.com
900108,kpf.ir
900202,kurumsalnet.com
900221,koncheev.ru
900351,kou.pn
900592,kinetic.co.nz
900654,kabe.to
900700,k-junshin.ac.jp
900776,krishna.lt
900813,katanaswords.net
900823,kinogo2019.com
900938,kdts.kz
900948,kad.systems
900991,katakrak.net
901013,kochfoods.com
901017,krusteaz.com
901029,kofu-zup.ch
901060,kiskin.shop
901073,k-nomura-tax.com
901146,kickstrean.art
901185,konpira.or.jp
901217,kosep.co.kr
901294,kistochki.ru
901331,k3t7pr.com
901337,krasnefurniture.com
901421,k2awards.com
901496,ksd.lt
901579,kehrerverlag.com
901704,kobelco-europe.com
901742,kellerwilliamsrealtymaui.com
901762,kktcmerkezbankasi.org
901809,kane.com
901829,komm-mach-mint.de
901852,kosmos-prk.ru
901926,kansaigakurenyacht.com
902030,krungthaiaxaonline.com
902036,kristendukephotography.com
902058,kusher.world
902167,kovcheg.live
902170,kulturnik.si
902200,kurtadler.com
902219,kontroltravel.com
902223,klarify.me
902264,korahub.live
902384,kisselpaso.com
902440,kushslots.ru
902478,karys.lt
902492,kingscel.com
902504,kensiumcommerce.com
902634,kodos-ug.ru
902800,kokcase.com
902862,koppeika.ru
902930,krstationers.com
903088,kintop.ru
903133,kievkomfort.com.ua
903218,kgp.kz
903238,ku-casino-thai.com
903303,keepersport.net
903336,koncertniepodleglosci.pl
903420,kingcountymetro.blog
903464,koito.co.jp
903548,kodik-add.com
903625,kansai-airports.co.jp
903647,kalaoni.com
903654,kingtornado.com
903668,kupit-iphone43.ru
903727,kuzparts.ru
903823,kinogo.vin
903846,kamis.ru
903883,kvisoft.com
903893,kiseichu.org
903946,krusz-lan.pl
903963,kingmakercasino.eu
904073,kareem.one
904082,kamartoto.com
904210,kapelnicza-ot-pokhmelya-ekaterinburg-4.ru
904226,komen.it
904298,keepkey.com
904388,kmza.jp
904397,kingdomrestoration.us
904405,kovkapro.com
904417,kims.dk
904464,kyo.or.jp
904485,kemnet.ke
904495,kenco.co.uk
904563,kelime.com.tr
904566,kubeia.io
904619,koi-company.de
904642,kyvosinsights.com
904650,kska.io
904720,kamapigment.com
904798,kendricklamar.com
904807,klcxm.com
904823,kauppakamari.fi
904983,kvestroom.ru
905000,kghobby.com
905015,komodo.ch
905055,karachicomputer.com.pk
905156,keploraon.com
905311,klappcaravanforum.de
905325,kalebets1336.com
905329,kgs-rastede.eu
905366,kqzp.net
905381,kudoskitchenbyrenee.com
905399,kil.se
905462,kirei-navi.jp
905472,kznsshf.gov.za
905594,kayak.no
905595,kalminer.com.au
905610,katedaviesdesigns.com
905625,knu.edu.ua
905652,kwshu.com
905694,keraben.com
905697,knorish.com
905794,kokorocares.com
905840,kuzeo.com
905860,karenware.com
905861,kras.nl
905869,kprschools.ca
905913,keep2porn.net
905932,klafs.de
905986,keyholdervacations.com
906037,kairyu.fr
906077,kishibura.jp
906080,kaisernetwork.org
906100,keyxel.com
906160,koawach.de
906283,khaolakresorts.com
906388,kletchatayarubashka.com
906421,katyusha.info
906460,kingblackjackprime.com
906504,krisp.org.za
906550,klevgrand.com
906580,kfzparts24.de
906585,kingjamesbible.me
906589,kunden-nameserver.de
906645,kupona.de
906718,kolyan.net
906912,keyman.or.jp
906941,kzoo.to
907026,keranique.com
907031,kozenenterprise.ru
907047,kaffelogic.com
907074,komik-cast.cc
907103,ken-jennings.com
907161,knownsource.co.uk
907189,kenu.com
907219,kgm-trinity.ru
907288,kyivcity.net
907302,kendarussia.ru
907331,keatschinese.com
907451,kvsh.de
907474,knasta.pe
907491,kgm-avtogermes.ru
907560,kycold-coffee.fun
907634,kamody.fr
907691,kymala19.space
907707,karrieretutor.de
907711,kendallscientific.com
907830,kogensha.jp
907846,k6.com.br
907887,kursaal-bern.ch
907923,karakun.com
907967,ksp.de
907973,kuroit.com
908082,keysforgames.de
908085,kyschool.us
908093,kmhc.ca
908109,kgg7ghz.com
908112,kulisbet-dogru.vip
908147,kingdia.com
908170,karriere-suedniedersachsen.de
908180,kmseh.gov.tw
908181,kvalitnidestniky.cz
908183,kurashiki-teien.com
908241,klinikaflorovoi.ru
908273,katrina.fi
908429,kuriaad.hu
908441,kupipostroy.ru
908445,koreatravelpost.com
908469,kreativa5.net
908471,kruiztransgroup.ru
908511,kyotoconcerthall.org
908547,kizytracking.com
908553,kursistem.com
908624,kaleoscollection.com
908788,kcme.jp
908789,kyoceradocumentsolutions.be
908804,kyoceramita.at
908977,kalyuk.ru
909015,kindbridge.com
909051,korista-host.ru
909071,knooppuntmontfoort.nl
909197,kelkoo.nl
909236,kenoshacountywi.gov
909282,kaetsu.ac.jp
909454,kugelmann.net
909459,karatoichiba.com
909465,keramin-torg.ru
909470,kraftklub.to
909585,kyocera-wireless.com
909586,koitoto.id
909624,ketton-pc.gov.uk
909693,kuro.li
909705,kerch.fm
909724,kzfr.org
909769,kryptonplatform.co.uk
909840,kindwater.com
909851,kkc.com
909874,kladokop.ru
909927,kacirek.cz
909955,kiteworks.co
909961,kinoup777.ru
909976,komkultura.ru
910013,kepuyu.com
910048,kypost.com
910083,kapoklogcn.com
910089,kammerpop.de
910098,kra36.vip
910138,kldzoo.ru
910145,kraftmarket24.ru
910153,kinoknopka.club
910191,kmmnet.com.ar
910219,kinderwunsch-koelnbonn.de
910248,kio.cloud
910254,kopen-accu.nl
910294,kizeoforms.com
910322,kagda.ru
910385,koreaexim.go.kr
910416,klikmeadow.nl
910491,kk7gkg.com
910538,kanaflex.com.br
910633,knowyourix.org
910634,karos.fr
910654,kamariato.com
910664,krcs.co.uk
910701,krakow-optima.pl
910702,kahnawake-gaming-license.com
910706,kleurplaten.nl
910733,keei.re.kr
910760,kdelo-client6.ru
910789,kbl-bank.com
910876,ktperformance.net
910912,kikusui.co.jp
911012,kesintisizhizmet.com
911074,kqxs.blog
911088,kiralyingatlan.hu
911105,kino-2022.online
911114,ktvqc.com
911163,kringlecandle.com
911256,kascuupo.cc
911276,kulturelle-landpartie.de
911281,koelln.de
911345,koffer.ua
911355,kamen-vsem.ru
911410,kleintools.io
911441,komdsecko.net
911464,kitchenapplianceswarehouse.com.au
911521,kinetiklamps.co.uk
911574,ktthosting.com
911649,kapusta-p.ru
911734,koylerim.com
911779,kara-seomarketing.online
911798,kalkundkreide.de
911807,kochpro.ca
911831,kwbu.org
911907,knoxvillechamber.com
911910,kinotochka.co
912010,kookiecheck.cz
912024,k9l4d48p.com
912029,krispykreme.ca
912066,kupit-kursovuyu-101.ru
912178,kangehao.com
912194,knesebeck-verlag.de
912250,kingda.cn
912285,konsulternadns.se
912298,kora-live-tv.com
912305,kdkan.com
912381,kkuhvza.com
912444,kinotam.org
912658,kahoyaar.online
912659,kaiser-lacke.de
912660,kandiny.com
912661,kickmobiles.com
912662,kitchenjukebox.com
912663,kjamzdsfdfdx.com
912664,kqpzlhm.baby
912665,kubuntu-fr.org
912666,kufsdf54e.com
912667,kutilovo.cz
912668,kvhs-bergstrasse.de
912669,kxtoto.com
913126,knt-liner.co.jp
913181,kushrugs.com
913194,kelmanga.com
913282,kinovideotv.fun
913327,knowee.ai
913354,kfsamara.ru
913378,kendam.com
913417,kinotaz.sbs
913423,kcadeutag.com
913430,kidioui.fr
913473,kevenet.hu
913528,kuraev.ru
913582,kauert.it
913610,ksz-zagreb.hr
913709,ktbsonline.com
913732,keiba0.com
913779,keyera.com
913855,kandyanservers.com
913913,kravebeauty.com
913968,kidsplay.com.tw
914052,kooltuoliamtohnsm.shop
914080,kainan.lg.jp
914148,kdctmn.ru
914149,kagels-trading.de
914156,kannukas.com
914285,keskusta.fi
914296,kraftcanada.com
914298,kmxt.org
914413,kvnf.org
914468,kanchancashmere.com
914493,kinox.ru
914494,kendatire.com.cn
914535,kaltern.com
914626,kbba.jp
914627,khobraamed.sa
914628,kinovi.ai
914701,kunhap.com
914732,kassirs.ru
914755,krapuul.nl
914796,k-x-j-2.com
914806,kat-vr.com
914923,keljob.com
914972,klickanalytics.com
914981,koshtech.com.br
915010,kunstwerk-mh.com
915044,kumakake.com
915051,kjvhd0d7-plfqlhnsi67kek9vs0.xyz
915127,kaitai-guide.net
915134,kleemann-news.info
915158,kratos.co.th
915159,kerala-hotels-resorts.com
915245,kelvpn.com
915246,kwuc.ac.jp
915443,kino-govno.com
915537,kzits.info
915830,k-service66.ru
915833,kumpulblogger.com
915848,krohuqcuo.cc
915850,konstantinfo.com
915881,kbbtv.tech
915894,kltled518.com
916003,kasefilters.nl
916036,kmall09.com.au
916135,kdsinternational.org
916179,klubfunder.com
916243,kyssfm.com
916375,kingliving.ca
916377,kornet35.ru
916418,kappenhagen.tech
916425,kuilanu.com.cn
916430,kinokrad.day
916516,koaedi.com
916532,kra2at.com
916638,kamikochi.org
916707,kalaharideals.com
916745,kouksundo.com
916756,kokuhou-movie.com
916766,kewl.lu
916886,klaw.com
916905,kkrhiroshimakinen-hp.org
916913,khabaragency.net
917106,keephub.io
917133,kirbymuseum.org
917167,kimex.com
917246,klmequities.com
917267,kuailiancn-app.com.cn
917285,ktx.com
917338,kubusw.com
917365,kent.bike
917376,kyxy777.com
917437,kkcnnn.com
917525,khanmobile.co.uk
917544,kent-opc.org
917572,kidero.de
917589,kachely.by
917617,kinogo.uno
917667,karvinavsemideseti.cz
917690,kornet.com.pl
917692,kevexo.be
917723,kolex.gg
917725,khanumjan.co.uk
917731,kemaliye.eu
917736,kurgan-telecom.ru
917797,kd48.com
917830,krop-pivo.ru
917942,kopterworx.com
917966,katinkahesselink.net
917996,kaleidomedia.com
918104,kush-zerkalo-casino.ru
918134,koerper-kult.com
918143,kabeltje.com
918154,kinderbuch.eu
918173,kirovsk.ru
918182,kuhs.ac.jp
918252,klickpark.de
918295,knt.asia
918328,kids.org.uk
918348,kolli.cloud
918362,khojedu.net
918364,kegel8.co.uk
918476,keelinfra.com
918482,kemperart.org
918489,kiavietnam.com.vn
918511,khilafahbooks.com
918555,kimnature.fr
918662,ken-follett.com
918741,knigofil.net
918746,kamadelivery.com
918753,kedoo.com
918779,klogene.com
918811,kalaam-telecom.com
918945,kush-registraciya-casino.ru
919009,kingsind.com
919067,kjebi.com
919084,koleyjessen.com
919086,kulinarikideen.ch
919102,kombativ.com
919187,kajsmc.dk
919203,keap-link007.com
919219,kerryad.com
919222,klixsjeans.com
919381,kreditkompass.me
919384,ksc-update.com
919406,kvshka.ru
919593,khangroup.com.au
919604,kotomi.com.au
919621,kasumigaura.lg.jp
919669,kawai-global.com
919739,kontrakhukum.com
919764,kiasoulforums.com
919874,kreafik.com
919898,kinderrechten.nl
919903,kupit-minitraktor.ru
919984,kiss.ac.in
920027,keyframe-staff-list.com
920201,kia-luckymotorcorp.com
920204,krupp-krankenhaus.de
920234,kremlinbicetre.fr
920257,kerigma.ro
920302,kinghills-casino.co.uk
920360,kinav.ru
920387,kunstgrasconcurrent.nl
920430,krakowskiklubwtorkowy.pl
920457,kota.lg.jp
920519,kua.com
920524,kangwonyeongnong.com
920608,kocams.com
920656,kingofsat.tv
920679,koech.net
920777,kialian.com.cn
920858,kinnakoraifarm.com
920932,kingtechpcs.com
920966,keukenspoelbakwinkel.nl
920981,kloudgin.com
921128,kittila.fi
921142,killerspin.com
921161,kryptobos2.ru
921173,krw.ru
921195,koooora.cc
921314,klimasystem.com
921315,ksdaily.co.kr
921409,kreslik.com
921442,kreis-vg.de
921457,katykey.com
921471,koushare.com
921515,kush-vhod-casino.ru
921674,krovatka.ru
921683,kakuda.lg.jp
921708,koda.cc
921768,kodewerx.org
921773,kochcloud.ch
921793,kulinarischwelt.at
921807,kopkol.ru
921875,ka-ze.de
921889,kryptobos1.ru
921897,kalina-malina.ru
921903,kammok.com
921932,kantinewinkel.nl
922001,kalas.be
922090,keap-link017.com
922133,kimp.io
922268,kanglisha.com
922294,kindredhospitals.com
922346,kaen365.com
922415,knifehub.com
922419,keyauth.click
922460,klikslotspesona.com
922516,katela.net
922530,kingsystem.net
922625,kazanisgarage.gr
922627,kuusakoski.com
922640,kindnationguide.nl
922648,kafkadesk.org
922676,kuaimnian.com.cn
922767,kush-bonus-kazino.ru
922773,kaili.gov.cn
922884,k666.la
922885,keibadrive.com
922886,kendallelectric.com
922887,knfilters.co.uk
922888,koreastage.com
923051,kocaeliescortt.com
923063,kieskompas.nl
923157,kleinfelder.com
923160,kulisbetcasinoadresleri.com
923235,kyoceradocumentsolutions.co.jp
923236,kapelnicza-ot-pokhmelya-samara-31.ru
923340,ketnoitatca.net
923359,kaynscan.com
923362,kryptoncollective.co.uk
923364,key4dau.com
923431,kuponyzdarma.sk
923456,kantorpenerjemahtersumpah.com
923458,kitchenaliaonline.com
923487,konecta.cloud
923504,kurvenkoenig.de
923512,kimball.com
923530,kalaitzis.gr
923535,kmk-met.ru
923544,kkdbroadband.co.in
923549,keap-link009.com
923598,knastladen.de
923640,kubikarchidesign.com
923649,khjk.org
923660,kendingez.com
923687,kniga.com
923708,klimaretter.info
923740,kcue.or.kr
923758,keap-link019.com
923805,kombuchakamp.com
923824,kanaries.net
923842,kurokabe.co.jp
923869,ktbl.de
923892,kplr11.com
923972,kp45.ru
923974,komikt.ru
923978,kxtseals.cn
924128,kenyacic.org
924164,kenig-pack.com
924202,kentcasino-win.ru
924246,korkyt-nb.kz
924249,kulturturizm.gov.tr
924252,khn.su
924274,kissykissy.com
924301,kiblebulma.com
924311,kbit.de
924319,kowaisite.com
924330,kinderveiligheid.nl
924334,kordelaart.gr
924389,kentfaith.com.au
924529,kochen-lassen.info
924546,kffm.com
924616,kairaglobal.com.my
924662,katyalhomeappliances.com
924713,kunhua.net.cn
924730,kuvings.com
924747,kimbino.com.br
924779,kiaevforums.com
924808,kmacg20.com
924849,kutumbapp.com
924904,kisaanhelpline.com
924946,kalebetcasinoadresleri.com
924992,kaigonohonne.com
925013,kingslynnpages.co.uk
925025,keepthefees.com
925036,keiyogas.co.jp
925048,kitchenbypro.com
925083,kisacoresearch.com
925240,kygomusic.com
925243,k2systems.ru
925314,kvikmyndir.is
925384,klubzmaj.org
925442,ken-tennwireless.net
925458,kath.de
925478,khl7phglgo7ogl.com
925532,kironinteractive.com
925575,kingcommunications.ca
925601,kvytok.co
925619,kili-technology.com
925637,kentcasino-win.shop
925770,ketr.org
925802,kvcrnews.org
925830,krkislandhotels.com
925911,kuailllan.com.cn
925994,karaganda.su
926012,kreactivation.ru
926101,kotwicamorska.pl
926117,kko.me
926259,kixtart.org
926272,koopjedeal.nl
926281,kysoncn.com
926447,kjc.financial
926479,ks.com.tr
926608,korvia.com
926648,kimonolabs.com
926649,kernelposta.com
926692,kuklaskorner.com
926698,ktaxa.live
926700,kursyvkazani.ru
926717,kushagram.com
926730,kraftbrands.com
926760,kinetic-hosting.co.uk
926774,kyc360.com
926825,kanko-omachi.gr.jp
926842,kentcountyde.gov
926882,kamaprops.com
926919,kamazmaster.ru
926975,kosazukari.com
926987,kronbis.ru
927002,knowledgevaultblog.co.uk
927072,komenet.jp
927080,kurtheriangambit.com
927122,kanewaileague.com
927220,kw-con.net
927250,kordamentha.com
927285,karl-barth.ch
927305,kiotvietweb.vn
927362,kodakphotoprinter.com
927395,kras.cc
927409,kuyumsoft.com.tr
927435,kiaplaw.ru
927455,kups.fi
927510,knopka.shop
927537,kuluckada.com
927627,kinokawa.lg.jp
927634,kariyushi-aquarium.com
927667,kolaente.dev
927687,koreaholdings.com
927877,kajomigenerator.de
927915,kot-chistyulya.ru
927929,kiwi.kz
927933,karinahessland.de
927972,kreis-freising.de
927980,keepitfit.rs
928033,kingwarez.net
928040,kurzlinks.de
928137,k1-i5.com
928151,kwigacdn.com
928158,keeweb.info
928233,kochi-iju.jp
928315,knightedge.com
928317,kraftia.co.jp
928390,kalimat1.com
928480,kaeltetechnikshop.com
928488,katalis.app
928499,kyoto-design.jp
928539,kdnk.org
928551,kriso.re.kr
928682,kaenguru-online.de
928699,kllamrd.org
928716,keap-link002.com
928800,kinogo.as
928844,klonovsky.de
928865,krainevcompetition.com
928922,kulisbet-yolu2026.vip
928956,kret.com
929039,kyndes.com
929161,kagome-kagome.com
929192,karalydon.com
929223,kyoto-tower.jp
929439,kw-corp.com
929449,kunstpuntgroningen.nl
929450,ksectrade.com
929465,katmatfield.com
929514,kulturpur.de
929524,kevinfreitas.net
929547,kumocos.com
929611,koreapost.go.kr
929623,kidshelp.com.au
929637,kerneldao.com
929669,kokkafabrics.com
929686,kalteng.co
929697,kfzteile24.at
929710,krossoil.ro
929795,kitchn.shop
929828,kakteenforum.de
929852,kuaileijd.top
929861,koktop2.life
929907,kewlioo.com
929912,klondyke.co.uk
929996,kadoshopmarell.nl
930029,kekasa.net
930033,king-rp.ru
930074,kaneko-hannosuke.com
930091,kiel-holen.de
930142,khunghinhdepphuctin.com
930257,kadwaghut.com
930282,kulturstromplus.ch
930300,knoopbeheer.nl
930374,kpwashingtonresearch.org
930386,klub-ok.by
930411,kgiodlofig8dd.com
930429,kuchniasklep.pl
930465,kingfood.co
930466,koonstoyotatysonscorner.com
930467,krsocsci.org
930510,kralovedvorsko.cz
930682,kcdomain.net
930732,kartfahrer-forum.de
930833,kaimei-industry.com
930848,klika.com.au
930864,keap-link014.com
930893,kmz.co.za
930902,kanal1.sk
930986,kluvos.com
931033,kolorio.com
931057,kruglov.space
931122,kywy2026.cc
931145,kruut.de
931157,kampfkunst-board.info
931182,kungur-krai.ru
931221,kwakzalverij.nl
931250,kaspibank.kz
931268,koh-lantahotels.net
931269,kitsystem.jp
931277,kartridgam.net
931379,kinnevik.com
931441,kokyuchintai.jp
931597,kservico.com.ph
931621,kuailianapp-cn.com.cn
931663,kliklegal.com
931688,kofola.cz
931703,kanctanta.ru
931773,kilometers-to-miles.com
931774,kmfh56.cn
931775,kobelco-fanshop.com
931776,kpmg.com.tw
931777,krungsrionline.com
931872,kyoceramita.co.za
931896,kolaysitekurucu.web.tr
931932,kcchronicle.com
932118,kwenta.io
932249,kargoo.kz
932388,kerrvilletx.gov
932404,kronlmt.com
932705,kgu.kz
932737,kroonsejam.com
932755,keepthefaith.co.uk
932832,keralty-axa.mx
932855,korian.biz
932870,kuality.ca
932890,keplixx.com
932909,kortheatre.kz
932910,kr.fr
932987,kinderkraft.de
933003,kvoting.go.kr
933090,kalebet1337giris.com
933121,kanichat.com
933127,kompletucetnictvi.cz
933129,kingpoint.us
933175,kdm.bz
933234,kingsystem.cn
933238,konicaminolta.fr
933285,kombigetir.com.tr
933447,kulturstiftung.de
933460,kitnetwork.vn
933465,ktoaffiliatesbr.com
933523,kingdaray.com
933552,kuhlma-it.de
933673,krosshelper.ru
933686,klewenalptrail.ch
933776,krasnodar-region.online
933919,kavihost.com
933956,koboiku.click
933981,kruuse.com
934040,kato-services.com
934076,kart-bros.io
934084,kingglobe.us
934295,kubobar.com
934350,k-ff.com
934378,ktaxa.online
934492,kea-app.de
934524,keine-exchange.com
934538,kavkaz-uzel.media
934540,kayseriaysusuaritma.com
934552,krytonwebserver.com
934590,kopin.com
934627,kijiko-catfood.com
934733,kwahs.org
934803,kyocera.co.uk
934821,koffer-kopf.de
934861,kuma.cz
934865,kdpcr.cz
934930,kubuckets.com
934949,knirps.de
935008,kaziatherapeutics.com
935053,kareklas.gr
935155,karada39.com
935158,kiosk.com
935256,keraly-axa.mx
935307,kenafriposts.qpon
935324,kuzip.cn
935364,k-kinoppy.jp
935431,kathpedia.com
935462,kecwrqcpc.cc
935476,kamindom.ru
935492,kabutowestend.com
935568,kbf.de
935633,kuangku.cn
935673,kingwave.us
935692,keno.org
935837,kaqtu.ch
935838,kiaworldcar.com
935839,kittyhandbookheartbreak.com
935840,kundal.co.kr
935945,kjaerweis.com
935982,kscapeowners.com
936017,kimiadp.ir
936075,kulisbetgercektir.vip
936100,kopel.tw
936103,kylie-jenner.org
936125,knott-anhaenger-shop.de
936129,kin0shki.ru
936259,krypticmc.net
936299,kredu.de
936319,krayt.ru
936369,kingadworks.com
936382,kanaly.online
936428,kreuzer-leipzig.de
936472,klip.si
936627,kulm.com
936642,kaz-pin-up.casino
936680,kl7se2w2.com
936724,k8.io
936747,kiengiangportal.gov.vn
936750,kgst.de
936752,ksi-it.ru
936753,keenfinity.tech
936819,kodakalaris.net
936829,kyoto-osaka.com
936835,krasfair.ru
936887,kadist.org
936892,krauserus.ru
936923,kiltz.com
936946,klin.com
936999,karavaanari.org
937035,keeponmoving.dk
937043,koreanrew.com
937086,kaftania.gr
937105,kniga-online.club
937128,kookmate.com
937142,kupit-kursovuyu-83.ru
937155,kappa.ro
937218,korona.com
937249,kudamatsu.lg.jp
937353,kaffit.net
937370,kbbi.co.id
937388,kvitki.by
937389,kguardedge.com
937392,kapriz37.ru
937407,kulisbeticin.vip
937470,keyshot.io
937542,klamki-drzwiowe.pl
937572,kusers.com
937588,kaliningrad.ru
937619,katedralbanjarmasin.org
937773,kinogoo.homes
937832,kbin.life
937916,klonopin2mg.com
937993,kmeleonbrowser.org
938027,kcsbilgisayar.com
938082,kuaidadi.com
938139,killapods.eu
938156,kitakyushubank.co.jp
938222,kinggame.us
938227,keezmovies-porn.cfd
938267,keystonenewsroom.com
938355,kalinamall.ru
938386,kinofilez.ru
938459,kedibilisim.com
938495,kidsrkidschina.com
938557,kingdombusinesses.com
938565,kumbhhost.com
938675,kepo.rs
938686,kicktipp.nl
938688,kreuznacherdiakonie.de
938692,krei.re.kr
938734,kiphakes.com
938827,katedra.hu
938861,kreativgeschoss.de
938947,krasnokamensk.ru
938960,kmkhosting.net
938967,kinopub.link
938971,katsomo.fi
939034,klipnow.com
939051,kywy.cc
939065,krc-prikam.ru
939120,kamleshbuilders.in
939233,k9sportsack.com
939288,kinometr.tv
939339,kupit-attestaty-v-novosibirske-383.ru
939371,kamleshyadav.com
939416,katolik.cz
939447,keeha.co.kr
939457,keppel.com
939464,keonhacai55.fund
939502,kitsport.shop
939512,kcts9.org
939544,kitchentime.de
939657,kjkivop.com
939677,kimbia.com
939716,kosmetologiya-msk.ru
939720,ko-co.jp
939732,kudu4u.com
939744,keno-energy.com
939784,kahvilaalku.fi
939801,kartinkivsem.ru
939807,kakadaojia.com.cn
939895,kralbetyenigiris.com
939909,kamumedya.com
939919,kinvcode.cn
939952,kunstkopie.ch
940195,k-o.org
940258,karavasilisnet.gr
940291,k7y921cq1gxpu-ogzv1j97lv9sn8a7y.space
940296,kindertagespflege-bw.de
940340,kenminhall.com
940394,kemper-group.com
940395,kebousp.com
940448,kolhages.com
940490,kilamobler.se
940551,kyoto-marathon.com
940559,kyocharonews.com
940578,kleinefeld.tk
940581,kinectrics.com
940588,kifisia.top
940671,komoedie-steinstrasse.de
940708,koprivnice.cz
940727,kinisisweb.gr
940736,kanto-bus.co.jp
940745,khrg.org
940762,krystalbio.com
940774,karsizs.com
940785,ka1vsc.com
940800,kingdigital.co.uk
940847,korteco.com
940863,keysight.com.cn
940885,kolipol.com
940897,kencarson.xyz
941011,kfz-verlag.de
941017,kiaofabilene.com
941024,knifeinformer.com
941030,kulturthemen.ch
941160,katiepertietdesigns.com
941269,koenigssee.de
941273,kchostingllc.xyz
941289,kouba.at
941311,kdcloud.com
941442,kdkb75.ru
941476,kurumecityplaza.jp
941485,kemu.edu.pk
941490,kingroyal-gunceli.cam
941513,klap.cl
941532,kodiaksports.com
941540,kapelnicza-ot-pokhmelya-samara-32.ru
941559,krakenkratom.com
941594,kcura.com
941635,kellergrain.com
941698,kancelarskepotreby.net
941704,kosty555.info
941712,knssamara.ru
941739,katom.shop
941772,kcapa.net
941827,kadk.dk
941835,kingbokep.cc
941838,knhcloud.com
941925,kizunaai.com
941955,kmarket12.ru
941986,kloster-eberbach.de
942050,kubatana.net
942056,kodakmoments.com
942058,kimuraya-sohonten.co.jp
942070,knet.es
942120,kryptoncasino.co.uk
942129,kupzegarek.com
942163,keysforgames.it
942174,konnectosolutions.com
942201,karsch-net.de
942268,kayak.dk
942342,kit-cowork.ru
942374,keap-link004.com
942380,k4plus.com
942423,kuvo.org
942445,kvasu.ac.in
942481,kpn-gprs.nl
942486,kingsmill.com
942586,karipsis.com
942654,kinokong.co
942680,kreis-meissen.de
942684,kinderprojekt-arche.de
942690,klclima.pt
942703,kampeerder.be
942704,klugo.de
942721,kastamonuistiklal.com
942734,kitbibb.com
942746,kidsnet.cn
942782,kobe-kagakukan.jp
942789,knwn.app
942848,kickass.how
942850,kivi.ro
942878,kz24.online
942894,keap-link013.com
942924,knauber.de
943035,kidsbrandstore.com
943055,ksalex.com
943128,kion.cloud
943132,kamvamedical.ca
943183,kinbetspielen.de
943221,klinikumbielefeld.de
943232,kinect.net.nz
943242,kaithompson.com
943332,krasnoeibeloe.tech
943378,kroshka-ya-torg.ru
943393,keepress.cn
943394,kerouac.com
943422,kinozozu.click
943454,kaifa.com.cn
943523,knoop.nl
943564,kkwafdns.com
943586,koara.io
943621,knowledgeburrow.com
943707,kimbicdns.com
943811,kensingtonmedical.co.uk
943822,kapelnicza-ot-pokhmelya-ekaterinburg-6.ru
943850,kwtrading.nl
943939,kirovchanka.ru
943970,kyoto-tabipro.jp
943998,kraftnum.ru
944000,kdu.cz
944049,kilogrammes.com
944051,knoword.com
944067,koto-kanko.jp
944080,kairogame.jp
944121,kishoreganj.gov.bd
944128,kinfo.com
944253,kitayn.care
944267,kuliahreguler.com
944271,kashiwara.lg.jp
944275,kitty.social
944278,kinglounge.us
944291,kostbet.pl
944298,kinokrad.click
944361,kbb.eu
944474,keeper.ai
944478,kaviar.de
944613,krair.kr
944697,krueger.media
944736,kupplung.de
944760,krdnet.ru
944958,krsinfo.ru
945027,kislorodpro.ru
945063,kingbetting-yenilink.com
945070,kinomanhq.online
945122,klmy.gov.cn
945133,kyotanabe.lg.jp
945283,keywordmap.jp
945296,kepware.com
945369,kibristailan.com
945370,kindnessmelody.com
945371,konkordatotakip.com
945372,kontaktor.hu
945398,k9winind.com
945454,kpja.edu.pk
945513,kammafrans.co.za
945521,kfa.pl
945555,krasnoyarsk.su
945586,kulturideen.at
945603,klikaj.hr
945645,kemono.su
945686,kangnamtimes.com
945706,kimberleybulletin.com
945722,kristen-archives.com
945744,kanal.brussels
945751,kungfupanda.com
945769,kanzhongguo.eu
945844,kt-stal.com.ua
945912,krysztalyczasu.pl
945928,kaufen.com
945941,krapaas.com
945943,kaspi.az
945958,kobiecloud.com
945974,kurgan-med.ru
945993,kiddycharts.com
946062,kilimanjarotravel-tz.com
946111,kansyoku-life.com
946129,kaitekitv.com
946184,keystation.co.uk
946261,klimatron.ua
946295,kmu.id
946296,kuriosis.com
946361,kabudsport.com
946362,kangaride.com
946363,karmo.co
946364,kinhdoanhbinhan.vn
946365,kppra.gov.pk
946406,karameter.com
946468,kokwatersport.nl
946494,kiramune.jp
946516,kuebler.com
946526,khporz.de
946528,kels1sj2qphcz-rwd3oaj.xyz
946603,klein.ruhr
946604,krain.ai
946649,kury-nesushki.ru
946651,klaverjob.com
946674,kino-v-online.tv
946796,kuailianasdz.com.cn
946890,k9grass.com.au
946951,kolibi.org
947008,krassever.ru
947018,kulturpass.de
947114,kilj.com
947167,kalkine.co.uk
947193,kinhtenongthon.vn
947327,kbfcpa.com
947338,kneaders.com
947421,kairosfood.eu
947436,knihovnybudejovicka.cz
947454,kuskovo.ru
947479,klimatyzacja.pl
947488,kimmelcenter.org
947499,kladovonet.com
947506,komobr46.ru
947536,kampung138.net
947542,kiho.fi
947618,kronborg.dk
947636,klitsyk.ru
947666,kontagent.net
947696,kjlhradio.com
947744,ktmtelekom.pl
947797,k2.pl
947840,karenradleyvw.com
947849,key.am
947853,koreacustom.kg
947861,kuroshitsuji.tv
947877,kccllc.net
947905,knopka23.site
947994,kolet.com
948001,kanzpark.ru
948024,kakto.pl
948049,kolgot.net
948058,kubbkk.com
948121,kettlesyard.co.uk
948130,keepingitsimpleblog.com
948139,kokuho.or.jp
948179,keletunderground.hu
948184,kalmbach.com
948204,kfn-idc.jp
948252,kartplat.ru
948299,kn-hz.com
948302,karateco.com
948306,kkplay3c.net
948340,karthika.sg
948375,klotz-ais.it
948407,kvalific.ru
948470,kisteams.com
948624,kenku.fm
948638,kinder.de
948792,kpmg.no
948826,klaus.cz
948860,krovlyasp.ru
948874,kpjyz.com
948931,kotonear.com
949037,kulisbet-geldi.vip
949076,koblik.group
949145,kyteliving.com
949147,kinoqsh.top
949164,kerirussellweb.com
949234,kenyawebsitedesigners.co.ke
949305,kimse.com.tr
949456,kupitzabor.ru
949478,kulisbet-hizlidir.vip
949513,kamagraita.com
949530,koerbler.com
949535,ksol.io
949541,kinneret.co.il
949560,knifetalkforums.com
949602,kinokong.sk
949635,kreosite.com
949678,ktznik.ru
949739,kadry.uz
949750,knowunity.ro
949898,kongzhi.net
949922,kentarchaeology.org.uk
949942,kelliotika.gr
949981,kaivalinfotech.net
950042,kdpw.pl
950075,kakupress.fun
950086,keydepot.mx
950122,kandyking.co.uk
950134,kraftradteile.com
950136,khoycompany.com
950178,kxqcxs.com
950261,krcl.org
950313,kenya-today.com
950325,kumacdn.club
950354,karaokemedia.com
950380,kapilarya.com
950412,kasae.org
950505,keikyu-exinn.co.jp
950545,konnected.io
950546,kefo.rs
950617,kekew.info
950648,karfitsa.gr
950750,khjw.gov.cn
950770,kalebooster.com
950779,kiiliraamatukogu.ee
950827,kallyas.net
950875,kompetisi.net
950980,kcpublicschools.org
950981,kopri.re.kr
951028,kochloeffel.de
951042,komandirskie.com
951085,kaifc.cn
951133,kanuunacasinos.fi
951145,kryptonmax.co.uk
951235,kxuns.com
951361,kitz.co.uk
951364,kisd.de
951406,kalekilit.com.tr
951444,kedorosnedra.ru
951474,koalagains.com
951498,kr-kralovehradecky.cz
951502,kxdchem.com
951545,kssshm.com
951625,kmedv.net
951631,kc.net.nz
951642,kumazawa.jp
951787,kimbino.cz
951801,kickass.com
951852,kootenayice.net
951872,kumamoto-jo-hall.jp
951883,knowbeforeyoufly.org
951957,kpcq.com.cn
951961,knifepark.com
952127,keekles.org
952215,katana-factory.com
952237,kmf.uz.ua
952239,kavitaenterprise.com
952258,kiksi.world
952279,kdj.com
952283,karapuzikplus.ru
952321,kdke.ir
952322,kupikupalniki.com.ua
952353,kendariinfo.com
952391,kinnohoshi.co.jp
952441,katievanslyke.net
952469,keer.su
952508,kl-kuaillian-pc.com.cn
952576,kickoffhive.co.uk
952583,kava.be
952622,kitrum.com
952718,king88slotgacor.com
952735,ktaxa.com
952775,kralbethizlidir.vip
952798,krissylove.com
952845,knnkt.org
952900,kalafior.net
952939,kinogo.network
952946,kurl.ru
952955,kobe-matsuri.com
952968,kidsvakantiegids.nl
953006,kitpaisal.com
953080,knsb-bg.org
953083,koningbetcasino.nl
953129,kantou.gr.jp
953145,kaetsunou.co.jp
953155,kyotohotelspage.com
953215,kc-onlineshop.de
953229,kyoceradocumentsolutions.com.au
953243,kijorafilm.com
953251,kubitza.de
953255,kitchenporno.com
953297,kooralive360.com
953380,kostuym-gorka.ru
953413,kashtanka.xyz
953461,kds-trust.ru
953463,kiting.xyz
953519,kronekodow.com
953563,kastorfarm.gr
953593,kitchendesignae.com
953659,khalladlardourr4.top
953674,k-server.org
953679,kakaopagecdn.com
953713,klikhoki.com
953717,kuktv01.com
953778,kct.kz
953794,kosmetik-stor.ru
953816,kiredu.ru
953824,kuzhibang.com
953927,klickenergie.de
953974,kryptonstake.co.uk
953991,kamunikat.org
954168,kuwin.com.co
954258,kolikov.pro
954259,kliklogistics.co.id
954274,krishnainternationalschoolagra.com
954278,korcham.com
954327,kbc.ac.kr
954340,kennethcolelatino.com
954341,kimmelgyerekbutor.hu
954342,kinchenfuneralhome.com
954387,kalyan-city.com.ua
954388,katecary.co.uk
954389,kiabi.ae
954390,kyteapp.com
954478,kupchinsky.ru
954545,kolmic.com
954570,kilo-torrent.ru
954633,kelcom.net
954647,kombo.tv
954650,kanabun.or.jp
954652,kronverkskoe.ru
954771,kovira2.ir
954814,kingsdomain.net
954888,kuoni.fr
954936,kasiajewelry.com
954954,knockoffdecor.com
954976,koanruler.com
955001,kinobaza.online
955015,kreksi.net
955085,kddi-research.jp
955103,klicktel-dns.de
955124,kaceebest.com
955134,kastamonuguncel.com
955140,klintsy.info
955179,kulisbett-mobil.vip
955193,kremen.ru
955197,kimminhcor.vn
955216,korea-fans.com
955248,kpisolutions.com
955269,kdltpspro.com
955328,kinozavrik.ru
955338,kybun.ae
955363,kulisbethizlidir.vip
955381,kurdistantv.net
955418,kulisbetci.vip
955426,ksa2day.com
955451,khab-vesti.ru
955452,kureselymm.com.tr
955496,kaoyantj.com
955498,krsumsel.com
955514,komplekt-to.ru
955551,kai-sale.ru
955586,krankenschwester.de
955612,koomio.com
955666,kapibara.org.ua
955667,kegland.eu
955668,konachangame.com
955669,ksupreme.in
955670,kytamericas.com
955760,kamikouryaku.com
955761,kbdbodykits.com
955762,kia.hr
955763,kosmasaudiovideo.gr
955848,kamrui.com
955849,kgcshop.co.kr
955850,kimerachems.co
955851,klubgaia.com
955852,kondela.si
955853,konnybaby.com
955854,kurtiswag.com
955855,kvartal.ua
955889,kawaiisjustice.info
955942,klever.com.mk
955966,kingiptv.pro
955982,kamin-elektro.de
956030,knchr.org
956066,knoxfocus.com
956274,kinogo.mba
956300,ktngbonus.pro
956368,kikkoman.de
956375,keepmystation.com
956433,kendrayresearch.vip
956437,kleinreport.ch
956465,kruziva.com
956506,kloud.one
956545,kabupro.jp
956576,kgh.ne.jp
956594,koalect.com
956666,kitchentuneup.com
956669,katoo.com
956723,kralbetyenidir.vip
956832,kralbetgercek.vip
956847,kempele.fi
956851,kerze-anzuenden.de
956955,k-life.co
956984,kensetsu-kikin.or.jp
957114,kinostar.in
957167,kingsbuzz.co.uk
957349,kgexpert.ru
957469,kulisbet-canli.vip
957485,killyourdarlings.com.au
957634,kool-house.com
957649,kemas.com
957683,kidsdepartment.eu
957710,kosachki.net
957717,kirkpatrickprice.com
957774,kejinxia.com
957850,kit-e.ru
957923,kinobd.net
957926,kroftman.com
958036,kinokrad.net
958163,kioza.net
958227,kalsungroups.com
958274,kaotiao.com
958335,kulisbetsitesi.vip
958379,kinbetoficial-es.com
958386,keylane.com
958396,kulturmomenteplus.ch
958449,katenary.io
958457,ktonanovenkogo.ru
958461,kroservices.com
958465,kapital24.uz
958503,kyruushealth.com
958504,kaaowk.com
958512,kedm.org
958543,koenigbicycle.ru
958547,kikuyo.lg.jp
958656,krasnayapolyana.game
958661,kk7ebvhe.com
958711,kgbudge.com
958769,ki-corp.org
958788,knife-lounge.de
958820,kiddy123.com
958847,kulturjournal.ch
958950,kraftgeek.com
958951,keep1.net
958966,kapiloff.com
958984,kanporno.com
959001,kalieleon.gr
959158,kohnan-job.net
959205,kroschke.com
959252,kurir-info.rs
959256,kkapi312.com
959268,kiwehh.de
959318,komehyo.co.jp
959322,kinostart.net
959323,kralbetkapisi.vip
959329,kouminkan.info
959330,kcoe.com
959456,kdrs.de
959541,komilfo.fr
959605,kevynaucoinbeauty.com
959647,kgvinfo.ru
959694,klimasuite.de
959704,kijiji.fr
959748,knightpoint.net
959758,kralbetyolu.vip
959882,kgm-al.ru
959890,kilroyrealty.com
959939,korfu.tr
959955,kweb-host1.com
959968,kmbizhubvcare.com
959987,kinderfonds.nl
960199,kladern.com
960234,kolosowscy.pl
960266,kidneycancer.org
960280,klorvenathix.pro
960369,kkcrvenazvezda.rs
960429,kaskan.net
960444,kidshankook.kr
960474,keol.hu
960488,kuzweb.ru
960516,koschier.at
960568,keyfactorpkigeo.com
960609,krlnkn.ru
960618,kinogoby.ru
960620,knightbridge.net
960694,key2purchase.com
960734,kabaddi365.com
960752,kiers.com.cn
960786,koki-holdings.co.jp
960815,kinogo-original.top
960829,kupi-pricep.ru
960832,krymwine.ru
960911,kozohd-job.net
961082,kilimmobilya.com.tr
961168,kikxxl.de
961232,koalay.com
961248,kfoundation.org
961273,kanogames.com
961290,kinggroup.buzz
961312,kngnn.ru
961334,karma-psiholog.ru
961537,kayak.cat
961554,kgslaatzen.eu
961596,kanalmix.com
961654,keijibengo-line.com
961721,kingofwake.pl
961733,kiittystreams.top
961746,kapines.info
961759,kvsulur.org
961826,kingporno.cc
961872,kulikulifoods.com
961969,knthost.com
962050,kibsons.com
962165,kitsuperstore.com
962178,kobra-verlag.com
962199,keystoneengr.com
962261,kunsthalle-muc.de
962289,kratoshosting.com
962293,knightfrank.ru
962327,kaspidsrv.ir
962363,kinogoclub.space
962413,kushipu.com
962434,kujobuy.com
962472,kinosklad.online
962479,koffer-to-go.de
962636,kamusuniformes.com.br
962643,kowsarsamaneh.com
962727,kingkullen.com
962745,kodirovanie-ot-alkogolizma-ehlektrostal6.ru
962761,kopel.pl
962809,kuailianconnect.com.cn
962836,kiski.xyz
962899,kepler.cafe
963046,kangaeruhito.jp
963117,kic-krones.com
963233,kmpr.com
963236,kobridge.com
963381,kushva-online.ru
963451,kelformation.com
963507,kran-vertikal.ru
963550,kafka152.ru
963606,kayakomat.com
963689,keppelelectric.com
963724,knocktube.com
963750,kms.ru
963786,kasino-ru.top
963809,kidsfront.com
963865,kif.ed.jp
963994,karnehesaplama.com
963995,kijimaru.jp
963996,kitongame.com
964089,kanzyrwv.cc
964113,kelloggs.com.au
964125,khoahocphothong.vn
964128,k7.com
964201,kocmugny.cc
964233,kalisch-systems.de
964238,kavzap.ru
964327,kododa.net
964330,koodeserver.com
964332,ktak.am
964351,kosmetikkaufhaus.de
964380,ktddiwkr.cc
964419,kunstgedanke.at
964441,kitchenwaremarket.com
964481,keywestexpress.net
964486,karperwereld.nl
964592,kimspireddiy.com
964716,karolinafund.com
964734,kekstock.com
964938,kupit-kursovuyu-106.ru
964963,kempogoju.com
965071,km-img.top
965100,kohenavocats.com
965107,kkm.lv
965142,kinetico.com
965180,koifc.com
965182,knmexkono.cc
965204,kenzly.com
965232,kopusindo.com
965258,krlife.com.ua
965275,kunstgedanken.at
965299,kakushin.ca
965307,kenniscentrum-kjp.nl
965358,kidsplus.co.il
965378,kk456.cc
965409,k2.in.ua
965504,koreatodo.com
965576,kamababa.org.in
965599,klnet.co.kr
965806,kenhtingame.com
965830,kzwyx.cn
965842,kriega.com
965846,kinkytemptation.com
965894,kendemo.com
965906,kaldiscoffee.com
965914,keap-link011.com
965926,kailuavillagecondos.com
965971,koreanpc.kr
966040,krisweb.com
966092,klwas.org
966104,kisqali.com
966121,kmsmonamur.ru
966128,kroi.ru
966131,keralty-axa.com.mx
966148,kaufbei.tv
966175,kienda.co.uk
966184,krungthai-axa-life.online
966231,kaffee24.de
966276,kooobra.com
966334,kindasa.com
966392,kstrom.net
966395,kinderkrebsstiftung.de
966399,kalevakonserni.fi
966417,ksobbtzh.cc
966452,kn-method.com
966461,kellerfishingsupply.com
966484,kubbti.ru
966500,krsmi.ru
966623,karibuhost.com
966811,kinkos.com
966815,kingdreams.us
966992,kogao-marktplatz.com
967047,kaskustoto.com
967057,kelesfidan.com
967111,kraljeznica.com
967199,kofukuji.com
967280,kmc-usa.com
967410,kinogo4.cam
967421,ktrv.ru
967428,kellyvilleholinesschurch.org
967444,konecta.com
967446,kerkveld.nl
967452,kaufspot.de
967502,keenenh.gov
967513,keepeye.jp
967538,ktax.ch
967648,kh-apps.com
967660,kingdom.com
967688,kpkongyaji.com
967723,krol.in
967791,kronozio.com
967823,kingsridgecofc.org
967856,kenesh.kg
967894,koudaizuowen.com
967966,keap-link003.com
967996,kopokopo.co.ke
968037,krs-sro.ru
968120,karazlinen.com
968122,kabarnusantara.id
968186,knifeart.com
968205,keralatv.in
968228,kelseaballerini.com
968269,kupitvdnr.ru
968281,kora24.net
968332,kroski.co
968354,keefegroup.com
968386,knoxradio.com
968406,kidpik.com
968480,kredifazz.id
968506,klinknetz.de
968571,kwik-shop.net
968669,kanoyu.com
968713,killersurf.net
968766,kjonnsforskning.no
968771,kochen24.com
968803,keap-link015.com
968812,kingsbox.com
968866,kapama.com
968914,korablik.ru
969017,kuratedskinlab.com
969018,kyoceradocumentsolutions.com.tr
969055,kosport.al
969067,khca.com.au
969100,kfuiytoc.cc
969141,khotta.org
969194,kraud.ru
969217,karacreates.com
969358,ksmnews.co.kr
969425,kitagin.co.jp
969430,klinikabocian.pl
969579,klostermann-velten.de
969594,kkt36.ru
969605,kata.academy
969641,keramikos.nl
969684,kelsi.org.uk
969693,kardiolo.pl
969704,kingbettinggercek.vip
969705,kasparovchess.ru
969747,kerkenes.com
969764,krhqr.top
969813,keyano.ca
969833,kantarbridge.com
969837,kemdent.co.uk
969900,kingcounty.com
969951,kglsdtdwi.cc
969978,kondomshop.sk
970083,kongsbergmaritime.com
970099,kaspidserver2.ir
970129,kamy.no
970157,kommisionki.ru
970180,kmail.com
970263,kpk2ak-d1kmtsf60kfbt75.xyz
970316,kefaloniahotel.net
970323,kayo.digital
970333,kavokrug.ru
970376,kitaptap.com
970384,kingstown.net
970385,kms.app
970445,kondzilla.com
970462,kreativ.de
970498,kripeshadwani.com
970503,kofic.or.kr
970566,kmcchain.com
970605,kftimt.com
970613,klm-mra.be
970681,kodubutiik.ee
970689,konamigaming.net
970762,kqdxswo.cn
970769,ksl-living.fr
970832,kjonline.com
970863,kuoqmbbc.cc
970873,krnov.cz
970948,kensaibou.or.jp
970982,karaokesakaba.com
971041,kavbetguncel.org
971049,kefo.hr
971050,kinggnu.jp
971101,koiclub.net
971104,kabelpost.com
971193,kortova.com
971200,kredor.com
971206,klopmart.com
971220,kinotrack.app
971256,kotoroy.net
971257,kamhost.ru
971369,koddestek.net
971421,kitchendesignsurrey.co.uk
971432,kickass.cd
971440,kiefte.eu
971467,kneer-sued.de
971646,kingsarcade.co.uk
971682,kubiapp.com
971684,knoxsheriff.org
971768,koreanskincare.com
971804,kvels55.ru
971896,kms.dk
971981,kuzhilevr.com
971990,karlskoga.se
971995,kinogo.bet
972054,kofemart.ru
972073,kaitech.be
972117,kingroyalhizli.vip
972119,kingroyalcanli.vip
972203,kalsten.com
972233,kamionaci.cz
972240,kijun-job.net
972287,keenethics.com
972289,khazanah.com.my
972330,krabiproperty.com
972381,kopro.top
972443,kafabilgisayar.com
972464,kuke99.com
972630,kmm.com.br
972679,kohlsz.com
972748,kullisbet-yolu.vip
972749,kirovnet.ru
972772,kpk.ru
972796,kanokari-official.com
972822,kraftpaper-rolls.com
972956,kmnautisme.com
972957,kfmx.com
973040,kinlochanderson.com
973066,kent-casino-jrb.buzz
973166,kroffle.net
973183,key-digital.lv
973220,kaneiji.jp
973245,kasa.cz
973253,kino-portal24.store
973272,kanmon.dev
973280,kupelepodhajska.sk
973305,kayiprihtim.org
973380,kv-rhs-quickq.com.cn
973406,knightsbridgewine.com
973435,kuepta.ru
973611,kosmi.fr
973614,kccc.org
973652,kasite.net
973724,kfz-herbst.at
973746,krakendigital.net
973775,kern-menschen.de
973781,kve.cz
974006,kinoprofi.club
974042,km-torgi.ru
974046,k1668.cn
974057,kinohome.click
974062,keap-link005.com
974091,koester.eu
974099,kasualapp.com
974183,kitaguni.tv
974245,king-royal-linki.vip
974246,king-royal-yeni.vip
974252,keystone-law.com
974260,keap-link001.com
974293,keap-link020.com
974308,kira-learning.com
974317,kunsttage.at
974325,knivesandtools.eu
974360,kurzwarenland.de
974418,kledingkopen.nl
974457,kosyonin.jp
974477,k6fm.com
974558,kb-stalker.ru
974618,kitchenstore.pl
974690,k118.org
974691,kcdcdn.org
974692,koester-lighting-design.com
974858,kctuishu.com
974859,kendohelsinki.org
974860,kirtongames.co.uk
974861,kklsedaf.cc
974862,kswkk.cn
975051,kcxt.ru
975052,kendrabindu.com
975053,keyorganics.net
975054,kmdihai.com
975055,korecreate.com
975056,kudoshair.ie
975057,kulalsalafiyeen.com
975058,kumnan.org
975059,kurtsanhurda.com.tr
975060,kuwait-history.net
975188,ketkolektif.com
975219,kinogoo.click
975277,knigi.pl
975280,keihoku-style.com
975313,kyx-hetu.site
975318,kanshin.com
975406,kagurabachi.jp
975438,kliimw.com
975455,kissmyas.net
975527,korsakov-future.ru
975528,kohsamuisocial.com
975529,knupsports.com
975536,kuzmin.biz
975554,komfort-kzn.ru
975679,kirkkonummi.fi
975684,kobe-marathon.net
975844,kuvendikosoves.org
975909,karavid.top
975974,kaziofficeuttara.com
975978,kitchenfittingsdirect.com
976090,kenzas.se
976129,kryptonjackpot.co.uk
976166,ksclwmbnx.cc
976171,kfz-liebrenz.de
976225,ksipnistere.com
976269,keg.com
976317,kruunacasino.fi
976348,kpbsd.k12.ak.us
976382,kav-bet-adresi.vip
976406,kjda020-dajj232-dsa.com
976468,kia.com.au
976539,kulisbetcim.vip
976636,keap-link010.com
976640,komar.edu.iq
976694,kuzhiji.com
976777,klartrends.de
976811,kalabi.ru
976823,kyber.link
976880,kyo2.jp
976885,klinika-evromed.ru
976952,keap-link012.com
977059,kryoflux.com
977128,kmphilately.com
977184,komputersat.eu
977195,kinkopi.com
977223,koshtech.com
977266,kjpselecthardwoods.com
977312,kibilog.com
977323,kaiserbaeder-auf-usedom.de
977353,kintekfurnace.com
977373,knobs-dials.com
977398,kunpan.com
977414,konceptkomm.ru
977419,kurihara.eti.br
977420,king-royal-canlidir1.vip
977423,king-royal-canlidir.vip
977424,king-royal-aktif1.vip
977425,king-royal-aktif.vip
977481,kbyte.ru
977531,kangaroodaycare.co
977599,kea-bw.de
977606,kingdomwebhosting.net
977618,kidsburgh.org
977625,keepconverting.ai
977645,kielce.uw.gov.pl
977813,kourimacek.cz
977855,kritiker.se
977882,kaddhbru.cc
977886,kmstickhouse.com
977902,kanthal.com
977956,krav.se
977964,klevoclub.ru
977989,kcholistics.co.uk
978108,kodiaksolutions.io
978123,kryptomate.com
978141,ktnoxnvy.cc
978151,kabukiweb.net
978152,kinofoot5.shop
978168,kvarta.com
978198,kemdikbud.co.id
978241,kammahost.com.br
978277,krb.com
978377,kochfordathabasca.com
978477,krafttool.com
978558,king.org
978569,kendis.io
978579,katzentempel.de
978630,kunsthallebasel.ch
978694,kastabala.com
978778,kapelnica-ot-zapoya-irkutsk2.ru
978788,konditorei-rainberg.at
978867,konyv.de
978901,kongord.ru
978933,kamcoaluminium.com.vn
978942,krbd.org
978944,kobor.ru
979212,keraltyaxa.com.mx
979221,kingedwardvii.co.uk
979273,kiwi.fr
979347,kispest.hu
979363,kniga.de
979390,kmk.hu
979440,knexjs.org
979452,kupimotors.ru
979537,kkannews.com
979560,kajxushwnds.com
979585,kinogo.pl
979602,kulter.hu
979661,kmgra.com
979684,karaokescenemagazine.com
979685,kalialab.de
979866,kabastro.com
979911,karlson-restorant.ru
979922,kiamkiam.site
979926,korea.com.sg
979943,kolbe.com
979959,kryptonportal.co.uk
980092,keraltyaxa.com
980151,kemppi-nn.ru
980167,kionic.com
980173,kekoo.de
980357,koreantk.com
980381,kyotoreview.org
980420,kgm-betasever.ru
980636,kmxtp.com
980897,keiho-u.ac.jp
981140,krysoft.cn
981168,kwracewear.com
981174,kounelipublishing.de
981182,knockinredirect.ru
981252,koek.sc
981354,kzteam.online
981379,kmoware.net
981386,kaiser-media.eu
981399,kronstrj.ru
981403,katsushika-kanko.com
981422,kocaelihalkgazetesi.com
981429,kyakarehindimei.com
981447,kaufmancounty.net
981454,katytimes.com
981458,kennethrrosen.com
981491,kobe-spokyo.jp
981526,kbp.aero
981593,kashoo.com
981692,kipem.net
981693,kcc.go.kr
981737,king-porno.xyz
981809,kwcomputerconcepts.com
981832,kulisbet-dogrudur.vip
981856,kdhx.org
981986,kcsymphony.org
981991,koinignomi.gr
981993,kaheel7.com
982002,karst.edu.cn
982098,kaikkisyovasta.fi
982122,kwant.net.pl
982175,kitdigital.dev
982256,kuback.net
982287,kaksepishe.com
982357,kilianvalkhof.com
982367,karbonhqprodemail.com
982420,koningsport.nl
982495,koujishi.com
982496,kovdra.com.ua
982497,kryptonplay.com
982591,kanagaku.com
982592,kastamonugundemgazetesi.com
982593,kinkaimasu.jp
982594,kuyy.id
982713,keraly-axa.com
982724,kayserigun.com
982737,kitchenniche.ca
982750,keysworlds.com
982786,kqszkddu.cc
982824,kleegroup.com
982885,ko6689.com
982941,kimittud.hu
982967,kanxiaoshuo123.com
982990,kwiat.com
983010,kinder-moda.com.ua
983017,kraxel.org
983035,kianaassenheimer.com
983062,kues-data.de
983063,krutoy-dom.ru
983074,konya.edu.tr
983115,kitchenmagic.com
983178,kitanet.id
983234,knowit.eu
983282,kunstakademie-duesseldorf.de
983288,king-royal-mobil.vip
983389,kenzi-hotels.com
983424,kayak.com.pr
983428,kawaguchigiken.co.jp
983436,kiemlam.gov.vn
983513,koal365.kr
983590,konnect.net
983679,kinders.com
983856,kjcampus.co.kr
984055,kimsmedicalcollege.org
984069,kavkom.com
984089,kitschkween.com
984124,klaviano.com
984201,kinoqsf.online
984297,kaiten-heiten.com
984318,knightfeed.co.uk
984365,kzsection.info
984368,knoc.co.kr
984461,koriderm.com
984466,komersant.info
984540,klinik-friedenweiler.de
984590,koralsoft.com
984594,keshengsemi.com
984625,kooora4city.tv
984691,kultx.cz
984802,kartemquin.com
984830,keonahealth.com
984856,kcajoin.com
984857,komiklab.org
984888,kuuskaista.com
984893,kingsvariety.co.uk
984911,kompita.ru
984912,kommandotech.com
985057,ku-linz.at
985089,kinto-usa.com
985147,kdashstage.jp
985166,kunstmuseum-bonn.de
985175,kulturradet.no
985269,kreibaum.de
985287,kitasi.com
985346,kaper.pro
985386,kosmovpn.xyz
985394,kcb.org.rs
985451,kncminer.com
985526,kdsloga.me
985649,kodepay.io
985680,kalix.net
985735,kadikoyatakizogrenciyurdu.com
985783,kidzapp.com
985807,khavitech.com
985811,k12-test.ru
985814,klucva.ru
985877,kawada-toys.com
985896,kitabistanmultan.com
985898,kobecitymuseum.jp
985941,kociewiak.pl
985943,kar-media.com
986046,karate.de
986165,kater43.ru
986326,kinoma.xyz
986377,kyotango.gr.jp
986442,k9a.ru
986512,kwv.co.za
986549,kembaranusa.com
986573,kowsarpub.com
986612,kita-navigator.org
986617,kitech.re.kr
986620,kaskus.us
986638,kobe-cc.jp
986664,kentacademymiango.com
986667,khols.net
986672,kyotaru.co.jp
986677,kingplay.us
986695,kupkosmetiku.cz
986717,korealife.co.kr
986774,k2pk.com
986780,ko44.ru
986831,kinetix.tech
986879,kastanie-in-fechenheim.de
986896,ka.edu.pl
986927,klasdns.com
986964,keirtownsend.com
987025,kindersicherheit.de
987051,kangaroot.net
987066,kkkppp.live
987128,krishna.org
987180,komovie.xyz
987190,konabetcasino.top
987279,kingstonhospital.nhs.uk
987312,koaglobal.com
987323,kwanalu.co.za
987343,kinogoo.cx
987355,kabetepoly.ac.ke
987364,knowcancer.com
987393,kaaiot.com
987444,klockworx.com
987595,kellosaltd.com
987640,keyboardingonline.com
987680,k-magazin.de
987711,kylebooks.co.uk
987715,koov.fr
987741,kraftshala.com
987743,kameshwarieservices.com
987921,kingsapplause.co.uk
987953,kriegerbarrels.com
987965,koperspecialist.nl
987976,kirsle.net
987984,kora-sami.com
987997,kassimatiscycling.gr
988024,koreawaterjet.co.kr
988113,khs.org
988117,keens.com
988130,kenspratlin.com
988256,k2z5kp.com
988257,kacr.info
988258,kaftanelegance.com
988259,keispo.org
988260,kidssearch.com
988261,kinderlogs.in
988262,klockidladzieci.pl
988263,kringan.com
988395,kibrisnet.net
988398,kentfaith.ca
988419,kiis1065.com.au
988453,kaiser.org
988482,karlweisbodyshop.com
988483,kijin-cavu.site
988513,kbsu.ac.kr
988531,kanakkupillai.com
988559,ketoanthuanthien.vn
988560,kpodj.com
988602,knowhee.com
988668,katiehobbs.org
988727,kmhqzx.com
988759,kingbettig-tekadresi.com
988769,kbasemarket.com
988845,kaitai.io
988876,koizumiseiki.jp
988900,kopernik.tv
988932,keytexting.com
988955,knds.de
988967,kabata.com
989029,kourtiercourier.com.np
989042,kdmfab.com
989046,kasowitz.com
989069,konvertory.ru
989130,kopcommerce.si
989170,kwout.com
989245,kanix.com.br
989273,kursknet.ru
989281,kenn-dein-limit.info
989339,kontinental.ru
989371,kejati-aceh.go.id
989426,kalitka.cloud
989429,kyokushinkaikan.org
989497,kualalumpurhoteltour.com
989517,knapp.at
989529,kenyaweb.com
989720,konstruktor74.ru
989829,kjc.name
989868,kerko360.al
989904,kreissler24.de
989926,keyhuawei.com
990095,khra.in
990112,kcioko.ru
990173,klofmag.com
990202,kekes.com
990237,kawakita.or.jp
990243,karpirajobs.com
990245,krjtss.com
990270,krz.tools
990281,kyocharoworld.com
990307,keiretsuforumsee.com
990325,kylemoreabbey.com
990361,kyoceradocumentsolutions.no
990417,kamair.com
990515,koni.studio
990581,ku3933.mba
990586,kalina-club.com.ua
990615,klarwuchs.com
990645,ketaab-forosh.com
990682,kileira.com
990698,kav-bet-gercek1.vip
990723,katsbits.com
990730,kakpishem.ru
990794,karoqforums.co.uk
990841,knr24.ru
990927,kfz-faktura.de
990939,kaita.lg.jp
991171,kinogo.red
991185,kn22.ru
991233,kinedo.com
991255,ksrelief.org
991272,kahuripan.ac.id
991318,keane.com
991319,kldp.net
991355,kedarart.com
991405,krock.com.au
991408,kyrios.cl
991414,kpleto.ru
991439,kossivakis.com
991565,kaukokiito.fi
991632,katoliska-cerkev.si
991642,kskbitburg-pruem.de
991707,kalamba.net
991717,kinogo2.xyz
991735,khkchina.cn
991756,kultura.gov.rs
991890,kaydycakes.com
991898,kppk39.ru
991925,kuranda.com
991926,kaycan.com
991967,kacific.com
992017,kwebbl.de
992047,khamu.website
992090,karkonosze.net.pl
992120,kennispleingehandicaptensector.nl
992256,kitchenaid.fr
992369,kalekim.com
992423,knuth.com
992454,kcmo.ru
992501,kpslao.com
992579,kreston.ge
992606,kwiokids.com
992660,kandbaz.com
992772,kordns.com
992823,kchr.info
992840,koxk.com
992841,kyocera-ds.de
992905,kms.yandex
992920,kefgames.net
992971,konstantanrg.ru
993095,khabarchhe.com
993103,kgm-saturn.ru
993120,kaizenit.co.uk
993278,knbird.com
993287,krasivovpn.ru
993308,knowyourrightscamp.com
993370,kiddofspeed.com
993529,kumi.cn
993542,khazaria.com
993543,katelin.net
993588,kws.go.ke
993620,klintenssandwichproviant.dk
993643,kolosok.info
993652,knaturfoto.com
993669,kiaquebec.com
993738,knowunity.com.br
993765,kravag.de
993894,klowdtv.net
993902,knoow.jp
993947,kevoro.be
993976,kompoff.com
994038,kingoftoys.com.cy
994133,knygos-static.lt
994140,krungthai-axa-online.com
994158,knivesandtools.co.uk
994252,kycities.net
994269,kuluttajaliitto.fi
994344,keyence.com.mx
994432,kaken.co.jp
994448,krasnostup.com
994465,kiva.net
994514,karacabutton.com
994525,ku987.com
994532,kunden-dns.de
994552,kubi-online.de
994555,kieroads.cz
994615,kentfeeds.com
994696,katjes.de
994739,kinozal4me.online
994809,klipshop.co.uk
994826,kai-waehner.de
994839,korgpamanager.com
994942,kmae-journal.org
995003,keyforum.ru
995008,kolibriexpeditions.com
995051,katokteatralniy-admhimki.ru
995076,karmatantric.com
995087,kohuku.ru
995136,krungthai-axa-life.com
995142,kenengba.com
995176,keithsappliances.com
995201,kansai.com
995288,kraeved.ru
995321,kellystilwell.com
995326,kimnet.nl
995365,kaislenpump.com
995461,kvlah7.vip
995470,klover.ai
995472,konyainternet.com
995520,kisslucky.com
995635,kg4jpl.com
995707,kayakforum.com
995713,koreablockchainweek.com
995799,kunggame.com
995929,kiow.com
995933,kinze.com
995958,keep.network
995996,karlsbakk.net
996078,kazahstantravel.kz
996080,koibito.co.kr
996109,kultur-bad-vilbel.de
996135,kromannreumert.com
996138,kl.ac.at
996143,king-ranch.com
996167,kucwn.com
996197,ktrs.com
996201,kaffe.org
996299,korzhik.su
996309,khomus.ru
996355,kbruen.ro
996378,karakorum.it
996380,kooora.world
996462,kuaiiliancn.com.cn
996585,kplay.casino
996619,kai-z.net
996620,knhtat.com
996786,key-maker.ru
996822,kinkmeets.com
996851,koudai.com
996864,komatsushima.lg.jp
996911,kctennis.nl
996952,kish.nl
996954,kailasgear.com
996999,kharkov-balka.com
997075,kyleads.com
997087,karp.lol
997385,kabardaerah.com
997386,kateswaffer.com
997387,katmyrman.com
997388,kayak.com.hn
997389,kayak.com.py
997390,kaze-kyoso.com
997391,keramogranitspb.ru
997392,kimi.co.in
997393,kkabcd168.xyz
997394,kmy.blue
997395,kobeal.com
997396,kobelco-isi.com
997397,kobelcomillcon.com
997398,kobelcowelding.net
997399,kpmg.co.id
997400,kpmg.co.nz
997401,kpmg.lu
997402,kqwsc.com
997403,krekbib.hu
997404,kutilmarket.cz
997405,kyocera-jaquetaventilada.com.br
997766,krasota-shop.com.ua
997867,kunersfoods.com
997871,klarheitstimme.de
997880,kramday.com
997890,knaufinsulation.co.uk
997906,kra47.im
997942,kepstin.ca
997966,katusaresearch.com
997982,kehua.com.cn
997987,kiravehicle.com
998073,keywordshitter.com
998154,kentcounty.com
998198,k-g-8-i.com
998296,kuazot.ru
998300,komosstroy.ru
998313,kurzurl.net
998410,klewenalp.ch
998448,knowledgetree.com
998514,kylc.com
998525,kaztbu.edu.kz
998543,kawasaki-ac.jp
998601,kirarock.space
998616,kickclub.net
998631,ketchapp.org
998640,koreansingapore.net
998783,kameya-yoshinaga.com
998822,kilo-game.net
998826,kubeitalia.it
998832,krasnepobyty.cz
998835,knight-rider.pl
998855,koryfi.com
998876,kaleaboutique.com
998905,karabaglar.bel.tr
998915,ktc.com
998943,kaylascollectives.com
999046,kpmanalytics.com
999200,kinqroyalresmisitesi.com
999209,krasstalker.ru
999219,kranzle.co.za
999249,kingdomhigh.com
999321,kazakh.ru
999510,kkwates.com.mx
999531,keithurban.com
999604,kilojaobrinquedos.com.br
999622,kb2b.net
999624,kamcity.com
999649,keysforgames.mx
999677,kwit.org
999720,kwsanantonio.com
999751,kotrackusa.com
999780,k-videosib.ru
999806,kmsauto2020.ru
999914,kaiseimaru.jp
999915,korg.co.jp
999924,klaster.ua
999934,kaplya.com.ua
999983,kwl8zw.cn
