id,domain
74,vimeo.com
116,vk.com
125,vedcdnlb.com
145,vkuserphoto.ru
191,vungle.com
266,virginm.net
270,vecdnlb.com
273,vk.ru
383,vkuser.net
396,volcfcdndvs.com
403,vkontakte.ru
407,vivoglobal.com
515,vidaahub.com
529,visualstudio.com
568,vedsalb.com
639,viber.com
655,vercel-dns-016.com
799,vercel.app
842,vivo.com.cn
860,vercel-dns-017.com
880,verisign.com
1017,vk-analytics.ru
1021,volcgslb.com
1097,vercel-dns-3.com
1134,vivo.com
1176,vinted.fr
1178,vg.no
1190,vnexpress.net
1222,vscode-cdn.net
1260,vietnam.vn
1364,varzesh3.com
1655,vymanga.com
1738,vnsextop1.com
1796,va.gov
1797,vmware.com
1818,vivox.com
1823,vice.com
1911,vtb.ru
1944,verify.hn
2011,virtualearth.net
2030,vtwenty.com
2101,variety.com
2124,vox.com
2185,vercel-dns.com
2213,verizon.com
2239,vlr.gg
2281,via.google
2371,vkvideo.ru
2389,vu.edu.pk
2420,vidzp.com
2456,visualwebsiteoptimizer.com
2464,verkada.com
2471,volces.com
2482,vp3n.ru
2529,vkuseraudio.net
2576,visa.com
2590,vkuseraudio.ru
2616,v9r2yhjg.com
2641,videlly.space
2656,videyly.co
2658,vidvf.com
2777,venturebeat.com
2806,virginia.edu
2914,vogue.com
3007,v-videoapp.com
3013,ventraip.net.au
3070,vrbo.com
3199,vanguard.com
3239,vervegroupinc.net
3320,videolan.org
3333,vid30s.com
3351,vatican.va
3362,vwapps.io
3364,vt.edu
3387,virustotal.com
3411,vercel-dns-013.com
3413,voximplant.com
3436,volc-dns.com
3467,vanityfair.com
3490,virtua.com.br
3492,vercel.com
3502,voanews.com
3588,vtex.com
3611,v21play.vip
3627,vildey.cfd
3716,visuys.space
3763,vseinstrumenti.ru
3921,vimeocdn.com
3969,viafoura.co
4022,vecteezy.com
4043,visualcapitalist.com
4073,vaticannews.va
4106,vkusvill.ru
4115,volcgtm.com
4118,vkplay.ru
4127,vinted.com
4145,volvocars.com
4153,verizon.net
4156,voskhod.ru
4171,vigo.tech
4180,vidazoo.com
4197,viasat.io
4222,vodafone-ip.de
4226,virginia.gov
4235,verywellhealth.com
4265,verywellmind.com
4296,veeam.com
4349,venmo.com
4355,vanderbilt.edu
4363,virtualmin.com
4375,vzwwo.com
4376,vk-portal.net
4386,vivo.com.br
4442,vbnmhjlp.com
4495,vivozap.com.br
4500,vrt.be
4537,viglink.com
4566,victoriassecret.com
4601,volcfcdndvs1.com
4685,value-domain.com
4853,vcmdiawe.com
4860,virtualbox.org
4865,videonow.ru
4895,visx.net
4926,verisign.net
4942,vc.ru
4957,vistaprint.com
4973,viator.com
5202,videotron.ca
5227,vps-vids.com
5280,vedomosti.ru
5333,veloxzone.com.br
5388,vizio.com
5424,vodafone.de
5522,vodacom.co.za
5619,vzwfemto.com
5639,vfsglobal.com
5645,vinted.co.uk
5649,vietnamnet.vn
5677,ves.io
5687,vnggames.com
5768,vuejs.org
5790,vix.com
5892,vidio.com
5909,vinted.de
5940,vdsina.ru
5965,vidazoo.services
6008,vmailru.net
6024,vbrtex.cc
6081,vultr.com
6101,virgilio.it
6129,vinted.pl
6151,vinted.it
6269,vulture.com
6276,very.co.uk
6282,verkada-lan.com
6352,videy.co
6370,vinted.es
6401,vodafone.pt
6418,vhx.tv
6479,videoamp.com
6569,vistarsagency.com
6591,vsassets.io
6595,vonedge.com
6606,vesselfinder.com
6634,voodoo-tech.io
6708,volc-dns.net
6843,valve.net
6919,vanityfair.it
6925,vivaldi.com
6966,vialotadom.com
7003,videa.hu
7222,vkcs.cloud
7248,vecernji.hr
7282,verizonwireless.com
7360,vodafone.com
7361,vzbi.com
7399,vedantu.com
7423,vidoomy.com
7455,violity.com
7462,vanguardngr.com
7472,vivawebhost.com
7545,videojs.com
7569,vewd.com
7653,voz.vn
7675,vu.nl
7751,virginmedia.com
7796,vivint.ai
7861,visualsoft.co.uk
7868,vatanbilgisayar.com
7959,vasdgame.com
7970,videocelebs.net
7998,viifwjox.com
8142,vidyard.com
8274,vhostgo.com
8328,veikkaus.fi
8340,vortexscans.org
8447,vk-apps.com
8483,vervegroup.cloud
8650,vwgroup.com
8656,vbet.am
8691,voetbalzone.nl
8760,vsco.co
8958,vidssave.com
8974,viki.com
9057,volcmcdn3.com
9103,vivastreet.co.uk
9113,volkskrant.nl
9210,vidmate-official.com
9282,verisoul.ai
9339,voodoo-gaming.io
9385,viet69.be
9424,volkswagen.de
9439,vlxx.moi
9456,victronenergy.com
9540,vercomicsporno.com
9564,vpsvc.com
9665,vide-greniers.org
9674,viralkand.com
9722,veed.io
9748,vodafone.it
9799,v6velugu.com
9875,vaultdcr.com
9927,viranet.app
9929,videystream.vip
10086,voglioporno.com
10097,vi-vo.link
10131,vsbroyal.com
10294,vorwerk-digital.com
10367,vestiairecollective.com
10393,vpweb.com
10440,vine.co
10464,visitor-analytics.io
10474,videojs.org
10476,vidverto.io
10497,vam.ac.uk
10575,vcu.edu
10580,vbrickrev.com
10640,vogue.co.uk
10671,voltaxam.com
10703,vogueplay.com
10721,verint-cdn.com
10809,vudu.com
11024,vista.com
11033,voltaxservices.io
11070,vinted.net
11204,vodafone.com.tr
11233,volccdn.com
11244,voipbuster.com
11247,vietjetair.com
11411,vivintsky.com
11471,vtexassets.com
11500,voisetech.com
11525,vevor.com
11609,vwg-connect.com
11713,vibe.co
11739,vegalb.com
11752,vrtcal.com
11776,vk.me
11876,vix-content.net
12063,vhlcentral.com
12163,vietjack.com
12167,vonage.com
12173,verifone.com
12175,vlibras.gov.br
12183,vtr.net
12195,vk-proxy.com
12201,volcvod.com
12208,vocabulary.com
12252,vocal.media
12288,varonis.io
12295,viralize.tv
12378,ventusky.com
12407,vteximg.com.br
12439,voeazul.com.br
12655,viaprog.eu
12687,visma.com
12695,v-tun.com
12761,v6dgine.com
12763,venezolano.com
12847,vhosting-it.com
12866,vivitusuerte.com
12877,ventanillaunicasocial.gob.cl
12885,videyli.co
12998,vlaanderen.be
13026,vishavideo.com
13029,valuehost.ru
13048,via.net
13182,vietel.com.vn
13284,vesti.ru
13285,vinted.lt
13379,vrchat.cloud
13383,verisign-grs.com
13400,volaris.com
13419,videomate.mobi
13448,vancouversun.com
13479,voicemod.net
13481,vueling.com
13509,vim.org
13515,vrchat.com
13517,vz.ru
13618,viadata.store
13673,vermont.gov
13678,volia.net
13704,vividshort.com
13736,vesync.com
13744,videosdemadurasx.com
13776,vzw.com
13777,vpngate2.jp
13795,viously.com
13811,vseosvita.ua
13859,versus.com
13925,vgwort.de
13979,villagevoice.com
13984,vivaaerobus.com
14004,vidiq.com
14061,virginatlantic.com
14076,viafoura.net
14139,viki.io
14334,volganet.ru
14364,vogue.it
14392,vultrusercontent.com
14417,vk.team
14421,vniiftri.ru
14613,vibrantdreamscape.com
14641,viet69z.me
14775,vans.com
14808,valuecommerce.com
14848,videymyca.online
14857,vegamovies.mq
14951,vodupload.com
14956,vinted.nl
15023,viettelidc.com.vn
15038,viddeyyo.online
15097,videyly.space
15216,vk-cdn.net
15223,vegslb.com
15261,viva88athenae.com
15274,vb1kivdlvc.com
15366,voodoo-adn.com
15464,vgtimes.ru
15536,vdeeeeeyl.pro
15537,vdyeli.com
15538,videlys.space
15539,videyyo.org
15652,vinted.cz
15690,vidrey.com
15760,videeyco.online
15761,videeyli.space
15762,vn2b.my
15793,visual.ly
15815,vegamovies.diamonds
15816,videlly.com
15817,videyli.space
15825,vcdn.biz
15892,vaginke.studio
15893,vdyelli.com
15894,vegamovies.global
15895,vegamovies.market
15896,vinahentai.asia
15897,vn-heovl.online
15909,v2ex.com
15927,voxicheck.com
15941,vendhq.com
15992,vuze.com
16050,vu.edu.au
16093,versatel.de
16254,vinmec.com
16270,virtuaserver.com.br
16279,vdo.ai
16360,vijesti.me
16398,vodafone.co.uk
16425,velocify.com
16442,vaz.ru
16574,vnn.vn
16655,valvesoftware.com
16731,v2z.ru
16738,viagogo.com
16756,viamichelin.fr
16811,vistec.net
16841,vozpopuli.com
16886,vinted.pt
16938,verve.net
16965,vassar.edu
16996,vivino.com
16997,vstserv.com
17020,visme.co
17022,vistarmedia.com
17119,virgin.com
17147,vol1.io
17203,volkswagenag.com
17221,volcanic.cloud
17267,vietcombank.com.vn
17269,visiblemeasures.com
17286,vwgroup.io
17291,vxxx.com
17386,vibeshort.live
17409,vagaro.com
17435,vintera.tv
17489,vianet.com.np
17511,voidknight.com
17531,v-tal.net.br
17576,vjav.com
17691,visir.is
17780,verbraucherzentrale.de
17786,volvo.com
17867,vividseats.com
17888,vitalsource.com
17973,vip.com
18000,veepee.fr
18062,volusion.com
18191,vl.ru
18246,velocityweather.com
18251,veonadx.com
18264,vaginke.site
18285,vanta.com
18343,vodafone.com.au
18367,voliacable.com
18368,volcanodns.com
18542,verywellfit.com
18554,videogamer.com
18568,vilaweb.cat
18587,vivareal.com.br
18600,vodafone.ind.in
18614,voxexchange.io
18735,vertbaudet.fr
18736,vkvideo.cloud
18838,voetbalprimeur.nl
18907,voipstunt.com
18912,virginmediao2.co.uk
18992,vw.com
19029,viamichelin.com
19076,vodafone.cz
19116,voicemaker.media
19135,vectorstock.com
19201,vimm.net
19223,viorawatch.com
19265,video-mech.ru
19366,vidcrunch.com
19398,volcengine.com
19445,vantagemarkets.com
19453,vendora.gr
19645,viewlift.com
19665,vacationstogo.com
19673,vodien.com
19717,velvetarrowhawk.com
19843,vshowapi.com
19845,vtal.net.br
19857,vlex.com
19956,vervehosting.com
19962,vost.pw
19977,vildey.space
20000,vpnpplvpn.top
20033,veoh.com
20051,vtvgo.vn
20092,vijaysales.com
20144,vie-publique.fr
20168,viabcp.com
20190,viettel.vn
20205,vtex.com.br
20255,vllm.ai
20262,vntsm.com
20266,vinted.be
20307,vsnt.net
20365,vevorstatic.com
20429,viabtc.io
20433,voidboost.cc
20443,volksstimme.de
20552,vk.cc
20605,vidmateapp.com
20617,vwapps.run
20622,venatusmedia.com
20650,vodafonedsl.it
20675,valmo.in
20678,viefaucet.com
20697,vw.com.mx
20723,vbet.ua
20763,variomedia.de
20783,vimpelcom.ru
20798,visitscotland.com
20933,vrisko.gr
20950,videowalldirect.com
20977,voiparound.com
20998,vizvaz.com
21018,vectorworks.net
21088,videobyte.com
21108,vianet.ca
21135,vg247.com
21148,vaicore.site
21164,veloceed.com
21197,vtuner.com
21213,v21zone.org
21226,vodafone.net.tr
21251,vivaldi.net
21295,videowise.com
21522,virtualhosts.de
21583,viadeo.com
21604,vencord.dev
21632,vwr.com
21634,varify.io
21696,vcloud.zip
21791,vuukle.com
21799,vcahospitals.com
21805,viidoos.com
21808,vercel-storage.com
21903,vector.co.jp
21921,vnu.edu.vn
21975,vidtube.one
22000,voipdnsservers.com
22037,vertamedia.com
22141,vmsproxy.com
22149,visitportugal.com
22171,visually-io.com
22172,volcdns.com
22175,vkcloud-storage.ru
22191,vaicore.store
22261,vscale.io
22278,vsrbiahvrc.net
22280,voka.tv
22281,verdecasinoseite.com
22343,vignanam.org
22465,venngage.com
22470,vivint.com
22476,villanova.edu
22488,vergleich.org
22622,verygood.systems
22640,viddeyyo.space
22698,veritonicmetrics.com
22786,vectant.ne.jp
22795,virginmedia.net
22803,vidleey.sbs
22816,veohentai.com
22899,visormanga.com
22919,volcengine-dns.com
23013,verde-casino-spielen.com
23014,vutbr.cz
23018,visitsealife.com
23026,voir-anime.to
23034,vnnox.com
23047,virtru.com
23080,volcalb.com
23140,veloxupai.com
23182,vn2c.my
23204,vermangasporno.com
23205,vegamovie.sl
23223,vietnamplus.vn
23294,vivicomic.com
23311,videy.design
23399,vegamovie.sn
23413,videogameschronicle.com
23415,vi-hentai.pro
23421,video-facts.com
23430,visuy.space
23473,verivox.de
23506,violet.vn
23614,vizortube.com
23735,vilykke.com
23762,videyx.click
23792,vimeopro.com
23862,vpko7t.com
23882,vegamovie.pe
23920,volcanodiscovery.com
23938,vkproxy.com
23944,v0cdn.net
23959,verio.com
23970,venice.ai
23972,vodafone.es
24001,vestacp.com
24003,voip.ms
24110,vzolab.com
24123,vanitycore.co
24135,versuni.com
24169,vumc.org
24190,vdsina.com
24208,verdesmares.com.br
24212,vulkanvegaswin.net
24243,volceapplog.com
24343,vismadns.com
24374,volcenginealb.com
24405,veevavault.com
24417,vulkanvegas777.org
24430,vogue.fr
24443,vu.lt
24448,vogue.in
24563,vietnamairlines.com
24608,viinyzfu.com
24686,vpn48.ru
24717,velog.io
24808,vlitag.com
24895,versace.com
24907,vtbbo.ru
24939,vinted.ie
24944,viralxxxporn.com
24960,viu.com
25010,voicecloud.cn
25023,vitekivpddns.com
25034,vshosting.cz
25048,vansound.com
25127,vakifbank.com.tr
25242,verywellfamily.com
25260,versobooks.com
25293,videopress.com
25303,vettix.org
25347,videohive.net
25394,vitals.app
25464,visitlondon.com
25496,veritone-ce.com
25555,vimla.work
25575,valuewalk.com
25583,viz.com
25623,verifonehq.net
25664,viviennewestwood.com
25672,voxmedia.com
25705,vncdn.net
25747,virgool.io
25749,vwo.com
25837,vbrr.ru
25853,viiukuhe.com
25865,volleybox.net
25892,vse.cz
25952,virtualdj.com
25971,volza.com
26020,veeqo.com
26023,videohead.tech
26058,voc.com.cn
26084,verizonbusiness.com
26132,veripages.com
26136,vamtam.com
26173,vranje-online.com
26174,volotea.com
26180,voegol.com.br
26283,voxus.com.br
26287,viewsonic.com
26313,volcvideo.com
26331,vectra.ai
26335,velvetvpn.xyz
26364,vesti.kz
26400,vlyby.com
26413,vitrinabeat.ru
26430,voxus.tv
26442,vin.com
26569,vidmoly.me
26588,virginmoney.com
26607,visitberlin.de
26654,verily.com
26655,vibsery.com
26678,vub.ac.be
26698,viqeo.tv
26709,videohelp.com
26743,vorwerk.com
26747,volnalink.uk
26765,varonis.com
26769,volcgalb.net
26777,veevacrm.com
26824,voyado.com
26829,vicohome.io
26930,vstation.ru
26957,vaisala.com
26966,vshow-live.com
26974,vtv.vn
27068,vidver.to
27083,vidmate.net
27092,videobooster21.com
27140,virginaustralia.com
27179,vidalisted.shop
27180,vocus.cc
27203,vwthemes.com
27245,vogue.de
27309,v2kyu1kjr.com
27333,vangoghmuseum.nl
27356,vkusnoitochka.ru
27361,vlogerads.com
27379,vitra.com
27395,vite.dev
27421,vuzopedia.ru
27497,veridyen.com
27515,videohype.net
27575,vidmatefilm.org
27659,vips.ne.jp
27662,voidtools.com
27674,vox-cdn.com
27724,vancouver.ca
27850,volcvideos.com
27876,v2006.com
27898,vonagenetworks.net
27903,vsb.cz
27996,vnpt.vn
28000,veritas.com
28046,vulkan-spiele-casino.com
28118,votesmart.org
28142,vwfs.de
28152,virginvoyages.com
28247,verintcloudservices.com
28249,visitnorway.com
28263,viavarejo.com.br
28269,vulkan-spiele-online.com
28331,vivinavi.com
28366,varsitytutors.com
28398,vipre.com
28474,videosection.com
28495,viiequgl.com
28520,vwfastdelivery.com
28526,vip-site1.ru
28530,verkkouutiset.fi
28533,viasat.com
28569,volleyballworld.com
28573,vast.ai
28577,v.gd
28618,vigbo.com
28635,vfc.com
28707,visa.cn
28731,vektor-inc.co.jp
28735,visaonline.com
28894,vipor.net
28897,viaggiatreno.it
28943,vol.at
28968,vaxilu.com
28976,voipgate.com
29007,voipgate.network
29011,videoplaza.tv
29089,volterra.io
29167,veepee.tech
29174,vintedapp.com
29200,vicp.fun
29256,vinted.hu
29267,vocaroo.com
29317,varthabharati.in
29418,verticalrack.click
29424,vinted.at
29428,volcgslb-mlt.com
29442,vnedu.vn
29505,volkswagen.com
29586,voxo.co
29631,vr.fi
29662,vokrugsveta.ru
29701,voya.com
29755,vntsm.io
29779,veradigmcloud.com
29824,vitaexpress.ru
29876,voghion.com
29882,vwfs.tools
29920,viva.co.id
29936,vogel.de
29946,vagrantup.com
29976,vide365.com
29982,vaicore.xyz
29984,vedur.is
30012,virusfree.cz
30013,vinted.se
30024,visa.fr
30048,vggcdn.net
30066,vinted.dk
30162,vz.lt
30390,vevreen7.com
30419,veepn.com
30443,vodafone.nl
30580,vegaspluswin.net
30600,valvetc.com
30643,videostep.com
30665,vpnspacev.com
30721,vtrcdn.com
30787,volkswagenbank.de
30791,vov.vn
30813,visitdubai.com
30898,vehicleinfo.app
31123,vidal.fr
31154,vevo.com
31165,vmou.ac.in
31221,vegas.com
31301,vigbo.site
31314,vidplyy.site
31442,virgin.net
31490,verisign-grs.net
31500,vcourts.gov.in
31505,vidikids.com
31545,vipae888.com
31637,videyk.com
31669,vidodoye.live
31695,videe.cc
31706,vipbox.sc
31734,voxeu.org
31765,visma.net
31851,vanky12.com
31852,vipulsquad.com
31853,vivicomi21.info
31854,vsmobile.jp
31885,vsax.net
31969,vetrf.ru
31988,vitals.com
31999,vh1.com
32015,viacomtech.net
32032,voa.gov
32063,vyprvpn.com
32140,vk.company
32146,veeblehosting.com
32181,vultrobjects.com
32320,vngdns.net
32420,videodelivery.net
32530,voguebusiness.com
32545,vynbszicd.com
32552,visitcalifornia.com
32573,verizonmedia.com
32616,vimla.io
32621,volunteermatch.org
32667,valeo.com
32735,vinsolutions.com
32745,valuvdo.com
32783,vnnic.vn
32788,verygoodvault.com
32823,verifone.cloud
32852,vpgrp.net
32882,virtu.com
32931,versa-test.net
32945,vogue.es
33037,videasy.to
33046,vunesp.com.br
33050,vpro.nl
33244,vjing.com.cn
33273,verpex.com
33276,visitflorida.com
33337,vnecdn.net
33349,viviotech.net
33451,vibe.com
33487,vector.co
33493,vqserve.com
33494,visual-paradigm.com
33496,valentino.com
33506,vagas.com.br
33510,videosxgays.com
33621,vgen.co
33662,vertafore.com
33770,vnc.com
33823,vocapp.com
33838,vlognow.me
33840,virgul.com
33893,violin.co.th
34056,vodafonemail.de
34099,visionofhumanity.org
34192,vegvesen.no
34206,vivaticket.com
34216,vitacost.com
34248,vinahentai.life
34353,vicksot.com
34419,vnukovo.ru
34423,v0.app
34541,vpesports.com
34548,veronap.republican
34576,vixcloud.co
34719,vps-server.ru
34766,visually.io
34790,visitbritain.com
34826,vevida.net
34860,vsenet.net
35005,vps-private.net
35068,vtrahe.work
35088,viagogo.net
35114,volcfcdndvs2.com
35137,vwfs.com
35190,vdab.be
35225,vishay.com
35269,visionheight.com
35270,vevioz.com
35320,virtualave.net
35374,voxys.ru
35385,vi.nl
35477,vf-ua.net
35508,v-bets.win
35565,visitessexma.com
35626,vacasa.com
35751,vegamovies.channel
35752,viddeeyyy.store
35753,videyyfav.shop
35754,vidleys.live
35755,viideyo.space
35809,verdi.de
35811,vixsrc.to
35872,vive.com
35896,veesp.com
35933,veo.co
36088,verisigndns.com
36126,volkswagen-group.com
36146,vpnmentor.com
36191,volksfreund.de
36242,vodacombusiness.co.za
36251,vetorialnet.com.br
36301,vegamovies.nf
36421,vixoly.de
36493,vodafone.com.eg
36495,vendoadv.gr
36532,voila.fr
36552,vinted.lu
36582,voyeur-house.tv
36667,voi.id
36691,videocardz.com
36697,vertiv.com
36868,video.fox
36872,vente-unique.com
36898,vitals.co
36943,vuitton.biz
37054,vmall.com
37055,vturb.com
37084,voltas.com
37087,viddler.com
37150,vancouverisawesome.com
37262,voo.be
37295,verisk.com
37307,vfairs.com
37325,vshcdn.net
37329,vieon.vn
37358,vector.dev
37487,voestalpine.com
37512,valenciaplaza.com
37579,vietstock.vn
37625,vantage-markets.com
37667,vitalgrowgumm.com
37738,verkkokauppa.com
37795,vertikal-net.ru
37860,videotron.com
37953,vancleefarpels.com
38047,vsbattles.com
38130,virtualvocations.com
38162,vinted.gr
38264,vstlsrv.com
38313,vidb365.com
38358,vio77vip.com
38386,vodafone.hu
38502,vicoo.tech
38544,v15cdn.com
38557,vraphim.com
38571,vidalytics.com
38579,visitorlando.com
38629,voxer.com
38730,vgtimes.com
38835,vivobarefoot.com
38870,vndb.org
39007,v1deeyy.click
39121,vxuebao.com
39129,vbulletin.com
39140,vuw.ac.nz
39144,vinepair.com
39179,vadesecure.com
39245,virtbiz.com
39293,verbolia.com
39350,verbraucher-schlichter.de
39356,vk-cdnvideo.com
39381,videoly.co
39442,v2ex.co
39466,vsemayki.ru
39485,viiayrmr.com
39489,vgchartz.com
39543,vidooy.com
39553,vficloud.net
39612,vv1865.com
39624,valueyourmusic.com
39693,vodafone.ua
39765,veritone.com
39830,vikiplatform.com
39849,vitaminshoppe.com
39850,vgwgames.com
39888,vietnamnews.vn
40004,voluumtrk3.com
40020,vio.com
40040,viaconex.com
40112,veve.com
40165,vudrm.tech
40170,valorantesports.com
40185,vm.ru
40252,voyage.bingo
40388,vanguardia.com.mx
40412,vinted.sk
40507,vpdcp.com
40557,voodoo.io
40559,vivenu.com
40587,varnoff.net
40637,vcita.com
40691,vakinha.com.br
40711,voiceflow.com
40713,viarail.ca
40714,voice.ai
40727,vtb24.ru
40768,veiwa.com
40821,vub.be
40871,vcmk.ru
40879,vuelta.club
40908,voyager.net
40921,vantagemarkets.io
40928,vut.cz
40970,vesync.eu
40981,videoroll.net
40996,vivaia.com
41054,video-loads.com
41061,vsp.com
41108,venetianlasvegas.com
41112,veroxity.net
41125,vero.fi
41159,volny.cz
41292,valuepenguin.com
41365,viewbug.com
41418,virtono.com
41428,videoo.tv
41487,veriff.me
41564,viibjsui.com
41605,volvogroup.com
41791,vneconomy.vn
41793,voe.sx
41805,ventrata.com
41825,vogue.co.jp
41844,vblogetin.com
41901,vetscanimagyst.com
41934,vectranet.pl
42020,vidal.ru
42027,vito-tracker.space
42036,voys.nl
42060,vscdns.com
42095,vintagestory.at
42106,voxdns.co.za
42129,vitkac.com
42216,vanityfair.fr
42220,vtcnews.vn
42245,veracode.com
42271,video-bookmark.com
42307,vacationrenter.com
42426,vzuu.com
42435,venom.foundation
42495,vmwservices.com
42498,vouchercodes.co.uk
42522,volna.top
42523,veniceai-status.com
42534,vevor.ca
42589,vikingcloud.com
42720,valueactive.eu
42836,vonagebusiness.com
42878,vocalremover.org
42884,veltra.com
42932,visa.de
42943,victorianweb.org
42955,vokrug.tv
43005,vgc.no
43009,voici.fr
43165,vidu.com
43214,verabradley.com
43244,valtioneuvosto.fi
43284,vinted.ro
43320,vjshi.com
43390,visenze.com
43454,vandalay-industries.net
43457,vmoscloud.com
43463,visaforchina.cn
43496,vitalps.net
43577,volvocars.biz
43641,viva.am
43653,vidara.to
43687,vivacut.com
43720,vzconnect.com
43737,voxclear.cc
43743,vagalume.com.br
43837,vsembed.ru
43842,vercel-dns-0.com
43851,vetogate.com
43878,vinnypuxtomoon.today
43882,vinted.lv
43922,voterrecords.com
43925,vsw.ru
43959,videosrc.net
43961,veteranscrisisline.net
43971,victorinox.com
43993,veja-store.com
44003,valofe.com
44033,vis2sky.com
44074,videri.com
44208,voxcinemas.com
44217,vldey.mom
44229,veraxen.com
44240,vg.hu
44257,varagesale.com
44259,vertexsmb.com
44330,vivify.best
44345,vngdns.vn
44403,vodglcdn.com
44451,vusion.io
44461,verme.ru
44462,vpnjantit.com
44478,vwfs.io
44520,vulkan-bets.net
44541,vindicosuite.com
44554,vinted.fi
44563,vpngate.net
44637,vaseline.su
44658,vbglenobl.ru
44701,verint.com
44707,veolia.com
44718,vogue.mx
44766,vipreseller30ssd.com
44820,virtualhosts.eu
44875,vikingrivercruises.com
44949,vd.ch
44968,vulkanbets.org
44969,vanguardia.com
44971,vipkrutaiekeme.icu
44987,vecchiasignora.com
45030,vuoriclothing.com
45035,vegansociety.com
45095,vwvortex.com
45132,visitfinland.com
45195,vasstycom.com
45295,vcdn.cloud
45313,vinted.bg
45346,verointernet.com.br
45444,vulcan.net.pl
45451,vitejs.dev
45453,valottery.com
45477,vm5apis.com
45520,vidnoz.com
45544,vogue.com.au
45612,vedos.cz
45633,vision2030.gov.sa
45720,virtuoso.com
45730,vattenfall.com
45773,vikingcruises.com
45866,vauva.fi
45915,vegasinsider.com
45932,veltura.digital
45938,vivaticket.it
45980,virtuagym.com
46055,v2ph.com
46066,vnanet.vn
46075,voovmeeting.com
46270,v-mate.mobi
46413,vodplayvideo.net
46450,volcwaf.com
46484,vidublog.com
46503,votresite.ca
46518,videosift.com
46566,veriff.com
46567,vantage-csw-lenovo.com
46597,vseego.com
46679,vaxvacationaccess.com
46691,vtvdigital.vn
46700,vsk.ru
46705,vitally.io
46724,voltairenet.org
46736,visorando.com
46761,viewdeos.com
46919,vaillant-group.com
47010,virginmediabusiness.co.uk
47020,vale.com
47040,vcstar.com
47074,vegamovies.navy
47187,vibram.com
47217,vtb.am
47223,vito.be
47406,voodoowins.org
47475,voices.com
47522,vindicia.com
47523,vintedgo.com
47571,visitcyprus.com
47596,visitlasvegas.com
47626,varesenews.it
47698,vidangel.com
47717,v-dns.de
47721,veronalabs.com
47738,vz-connect.com
47755,vtm.be
47778,vast.com
47800,versatel.nl
47818,vendavalida.com.br
47845,video-cdn.net
47878,vipshop.com
47934,vsrobotics.ru
48011,vizor-games.com
48032,vosgesmatin.fr
48039,vip.nl
48067,vantagetradings.com
48080,vpnsova.xyz
48221,visittheusa.com
48227,vividracing.com
48251,very.ie
48275,vidbox.dev
48282,vienna.at
48329,vodafone.ro
48338,volt.fm
48474,videoslots.com
48485,vikingdeals.be
48541,vyond.com
48549,vccs.edu
48575,vcgamers.com
48625,vm.co.mz
48638,visitabudhabi.ae
48651,vpser.net
48665,vfcarbon.com
48766,vietinbank.vn
48863,visitsaudi.com
48866,valueserver.com.br
48870,vx323.com
48958,vic-m.co
48981,vivodemisrentas.net
49008,vibraenergia.com.br
49013,vatlib.it
49038,viabtc.com
49072,vemarsdev.com
49081,visitsingapore.com
49087,vezeeta.com
49102,visualsoft.io
49105,visitgreece.gr
49132,vfsglobal.by
49198,vogue.com.tw
49282,vidiocdn.com
49419,vtexcommercestable.com.br
49650,viamichelin.co.uk
49659,vml.com
49728,vnpay.vn
49730,vip555ku.com
49732,voyeurhit.com
49795,victorianplumbing.co.uk
49820,vmailru.com
49834,voguearabia.com
49843,videofriday.com
49854,vercel.sh
49929,vk.link
49931,verifiedmarketresearch.com
49981,virtualtourist.com
50002,vivor.net
50013,videvo.net
50015,vantagemarketsea.com
50027,vivre.eu
50030,vtiger.com
50075,vzmessages.com
50079,vikatan.com
50092,verybigblog.com
50098,verfassungsblog.de
50159,viriciti.com
50164,vaia.com
50199,vbox7.com
50230,vtdigger.org
50270,visible.com
50307,viamichelin.it
50342,vroid.com
50352,vladlink.net
50408,viptube.com
50414,volga.news
50425,vipgslb.com
50466,vipxdns.com
50492,viapais.com.ar
50539,vfw.org
50629,vianaaws.jp
50652,veteransunited.com
50655,vibescm.com
50685,vitalchek.com
50712,vlast-murmanska.ru
50717,vzan.com
50798,vzwdomain.com
50827,verticalresponse.com
50828,vavel.com
50849,verifiedmarketreports.com
50888,vesty.co.il
50984,voi.com
51030,vivacom.bg
51037,vota.com
51075,vdu.lt
51097,vogelbescherming.nl
51105,vestas.com
51137,vdspf.com
51153,vostok-electra.ru
51224,vatera.hu
51250,vortala.com
51282,virgingalactic.com
51297,vegasslotscasino.org
51304,videoask.com
51306,vantagemarkets.co.uk
51355,veracross.com
51385,viginet.com.ve
51408,vfims.com
51424,vegasslotsonline.com
51442,vtg-mkt-apac.com
51443,vbspiders.com
51583,vinted.si
51601,vidmind.com
51679,visitphilly.com
51704,vademecum.es
51715,valencia.es
51767,valio.fi
51903,vnclip.net
51959,vscht.cz
51977,vitalant.org
52020,vw.com.br
52076,voltbz.net
52086,vrn.ru
52118,verve.com
52145,vinahentai.cloud
52190,vpsville.ru
52192,vpntype.dev
52277,vyatsu.ru
52279,veck.io
52336,vietnamworks.com
52346,video.az
52371,vivolatamz.org
52451,vresp.com
52498,visariomedia.com
52537,viads.io
52542,vegetablegame.com
52547,vidbes.space
52675,vegamoviez.com.in
52705,vertexinc.com
52713,videospot-online.com
52722,vegamovie.bz
52796,vnpl.co.in
52845,vidaxl.nl
52901,valeursactuelles.com
52926,v1.ru
53032,videobuster.de
53108,vectorizer.ai
53153,versanus.hu
53194,vegamovie.link
53195,vegamoviese.co.in
53313,vinahentai.bond
53346,vzsar.ru
53349,vde.com
53428,vipergirls.to
53445,vocalocity.com
53450,vegasmobilecasino.net
53499,vssnat.net
53521,vnpost.vn
53543,virk.dk
53559,vipreseller25ssd.com
53620,veesion.io
53641,vrporn.com
53645,viacom.com
53659,vk.se
53690,ventoy.net
53709,voicetube.com
53803,vfsglobal.ca
53809,voidtrunk.net
53831,vtbreg.ru
53834,videosz.com
53858,verolive.net
53931,vinted.hr
53974,vghtpe.gov.tw
53996,viceonline.app
54018,vrioott.com
54039,vbr.ru
54051,vidaxl.de
54064,voelkner.de
54084,viooh.com
54145,vww1.com
54180,viggle.ai
54214,vnav.vn
54306,videofile.me
54343,vbulletin.net
54371,viewboot.com
54421,volkswagen.co.uk
54427,vevor.es
54431,vivago.ai
54455,vistaprint.co.uk
54486,vsu.ru
54487,vtitan.com
54522,vestel.com.tr
54638,voedingscentrum.nl
54661,vidaextra.com
54709,viaweb.co.kr
54727,videoplayerhub.com
54756,vezun27.com
54776,vwonehub.io
54780,vizard.ai
54811,vtt.fi
54840,vakantiediscounter.nl
54909,visa.com.br
54982,vivapayments.com
54985,vietnambiz.vn
55030,veeka.chat
55056,vynetrellis.com
55148,votpusk.ru
55171,vevor.it
55429,valueresearchonline.com
55450,verisure.com
55492,vit.ac.in
55502,viesearch.com
55516,verticalrack.shop
55527,vtwonen.nl
55558,voetbalkrant.com
55565,virginia.org
55671,viieqcjw.com
55864,volumo.com
55987,verdict.co.uk
56010,vespa-app.cloud
56169,virgingames.com
56213,visitcloud.com
56289,vipxdns.info
56314,vispero.com
56378,vigbo.tech
56427,valant.io
56458,virtualbusiness.blog
56601,vivatechstores.net
56696,venafi.com
56742,vikaspedia.in
56750,vingle.net
56770,vaxxine.com
56781,vids69.com
56788,vamprivet.ru
56808,vandenborre.be
56822,voodoo.com
56840,visitsweden.com
56903,voltbz.org
56954,vodohod.com
57036,v-one.click
57074,vyvebb.net
57132,vsekolesa.ru
57259,voyeurweb.com
57327,vogue.ua
57333,vistaprint.ca
57372,valetinowiki.racing
57422,vertbaudet.de
57526,verizonenterprise.com
57532,videoready.tv
57559,valenet.com.br
57638,vertexai.goog
57670,vanxp.com
57727,visitmalta.com
57805,vexere.com
57833,vmake.ai
57909,voh.com.vn
57913,veima.com
57914,vackertvader.se
57939,vdocipher.com
58024,volia.com
58033,viieuvkf.com
58094,vestiprim.ru
58133,viieecqj.com
58137,vipxdns.net
58177,vulnweb.com
58181,vgregion.se
58198,vtx.ch
58229,vpnunlimitedapp.com
58234,veeva.com
58237,voentelecom.ru
58310,vozovoz.ru
58378,vpn64.de
58424,vivanuncios.com.mx
58452,vault.com
58481,vivara.com.br
58501,visitvalencia.com
58504,virtela.net
58525,vrtcdn.be
58539,vghtc.gov.tw
58543,vscode-unpkg.net
58548,v-kosmose.com
58568,vidaxl.fr
58701,viettelpost.vn
58731,vid.gov.lv
58748,virtamate.com
58772,vtb.com
58797,visahq.com
58800,viajeselcorteingles.es
58803,vivo.xyz
58808,voronoiapp.com
58816,valvolineglobal.com
58857,vertumotors.com
58859,vodafone.gr
58885,v6.rocks
58940,volnation.com
58994,vgw-us.com
59023,virus.org
59028,voltaxam-events.com
59038,visibilitynow.net
59046,voxlink.ru
59085,vesti.bg
59189,veracruz.gob.mx
59217,volnamobile.ru
59235,vcamera.net
59272,vaneck.com
59316,virginbet.com
59334,victoriassecret.co.uk
59357,veryluckypharaoh.com
59451,vegress566.com
59549,vs.ch
59605,vdoc.pub
59639,vesta.ru
59665,virtuozzo.com
59688,viddea.com
59711,versatel.net
59740,vyaparapp.in
59776,ventsmagazine.com
59952,visitdenver.com
59956,vkulake.com
60031,verwaltungsportal.de
60086,voiceloop.online
60120,vidaxl.it
60151,virtualmanager.com
60163,virtualpiano.net
60244,voyage-prive.com
60310,vistoweb.net
60574,viiwbpyl.com
60623,virtualroom.ru
60679,vidaxl.hu
60696,vipps.no
60744,vecer.com
60767,viennaairport.com
60770,vzwcorp.com
60844,visitors.live
60854,v2i8b.com
60889,viveport.com
60913,vtbnpf.ru
60919,vonage.net
60937,vak345.com
60946,vikiporn.com
60956,visable.com
60966,venex.com.ar
61055,vavecasino.io
61056,vote.org
61076,valero.com
61111,verifonedevnet.com
61168,vonmaur.com
61180,ve.lt
61193,vajiramandravi.com
61291,vps.moscow
61303,varus.ua
61362,visora.best
61394,vespa.com
61436,vidaxl.pl
61444,verdecasinoslots.com
61491,vaudit.com
61582,viacharacter.org
61589,valpo.edu
61637,vladcazino.ro
61687,vindi.com.br
61701,vzwdm.com
61803,vivense.com
61898,viks.tv
61926,vzi.life
61927,volvo.se
62011,visitcopenhagen.com
62044,viptube.icu
62086,vostok.ru
62249,vaccines.gov
62488,viajesfalabella.cl
62508,vezess.hu
62589,viking.com
62613,volynnews.com
62657,vietnamcupid.com
62661,vintage-erotica-forum.com
62690,vergedns.com
62691,viper.to
62756,vattenfall.de
62785,vicp.net
62797,vebhost.com
62805,villeroy-boch.com
62861,vogue.pl
62873,vdoadtube.com
62910,vgfutu290.com
62929,vevor.de
62943,valuebooks.jp
62991,visitmexico.com
63029,vr-gc.com
63096,vila.com
63199,viaf.org
63240,velostrana.ru
63291,vapi.ai
63313,victoria.ac.nz
63409,vacanceselect.com
63474,vercel-insights.com
63535,viamedica.pl
63611,versanow.net
63636,vingardium.co.uk
63666,voachinese.com
63675,vinccrm.cloud
63687,v-serv.ru
63693,vwd.com
63720,vymanga.net
63762,vgtrk.com
63765,vocm.com
63806,vetermen.ru
63828,vrenthaliox.site
63856,vogue.co.kr
63965,valnetcdn.com
64023,vexels.com
64079,vox.de
64092,viewfromthewing.com
64102,vidspeed.org
64107,voria.gr
64161,vicarius.cloud
64183,visilabs.net
64186,vas-hosting.cz
64198,virtualsoccer.ru
64204,videoslotscasino.io
64212,vcn.com
64251,vercel.live
64255,vistaprint.fr
64280,volkswagen.fr
64357,varle.lt
64363,virtuoussoftware.com
64436,ville-data.com
64439,viacash.net
64446,voetbalshop.nl
64459,verdecasinos.io
64558,vdk.de
64587,vector.com
64609,vidmos.org
64618,viabovag.nl
64768,vdi.de
64834,vastsexclips.com
64863,vboxx.net
64934,vauto.com
64985,vavada.com
64988,vidaxl.pt
65059,viu.ca
65148,vladis.ru
65162,volleypedia.org
65208,valdosta.edu
65223,v0.dev
65227,vacares.com
65283,vtomske.ru
65339,varnish-cache.org
65344,vdconline.vn
65433,viiqyfnp.com
65467,vsetv.com
65470,vevor.fr
65492,vkupiprodai.ru
65535,vistaprint.in
65550,vrmodels.store
65701,verta.host
65932,vhx.com
65946,vita4you.gr
66074,vidora.com
66077,vidfast.pro
66157,video.blog
66196,visionias.in
66340,virasty.com
66382,vringe.com
66488,veneziatoday.it
66498,vnu.edu.tw
66554,vagonweb.cz
66626,vidaxl.se
66662,vshipping.net
66710,volkswagen-newsroom.com
66731,visualcomfort.com
66734,vans.com.br
66768,vertitecnologia.com.br
66771,vid.me
66893,viaplay.com
66974,viettelstore.vn
67011,viva.nl
67089,vpn.partners
67149,vijaykarnataka.com
67209,vivian.com
67226,viamichelin.be
67317,versadns.com
67331,viavisolutions.com
67465,vodafone.ie
67548,vente-privee.com
67552,viomassl.com
67595,vidaxl.es
67598,veiliginternetten.nl
67653,vakantieveilingen.nl
67660,vodafoneidea.com
67678,vapeclub.co.uk
67702,vigloo.com
67707,v2nets.com
67765,vclock.com
67819,vinted.ee
67869,vijesti.ba
67871,vttresearch.com
67928,vjav.tube
68028,vhsys.com.br
68140,virginmoneygiving.com
68217,vmi.lt
68229,viovet.co.uk
68237,vfipayna.com
68286,vrr.de
68387,vatsim.net
68405,viikpgei.com
68408,vechain.org
68414,verbformen.com
68450,vdc.ru
68488,vncdn.vn
68494,vevida.com
68619,vt.ru
68631,venezia.pl
68815,vliz.be
68883,viralsweep.com
68902,virtualsheetmusic.com
68937,viiraipj.com
69031,veromoda.com
69156,voxzer.org
69179,vnet.cn
69195,versia.ru
69222,vermittlerregister.info
69241,vegas.ua
69301,virtaglobal.com
69318,victhorious.com
69340,vertoads.com
69365,vitacoco.com
69366,vogueadria.com
69483,vos360.video
69487,vegas-country-casino.org
69587,voicefive.com
69606,viessmann-climatesolutions.com
69624,versanet.de
69649,vrtx.com
69655,vr.com.br
69774,visajourney.com
69827,valuecom.com
69850,vostokgamedev.ru
69861,vfsvisaonline.com
69863,vasabladet.fi
69921,vsware.io
69954,vgd.ru
70053,visitdenmark.com
70087,videezy.com
70092,vogacloset.com
70134,vtmarkets.com
70158,vbirfio.site
70171,vanguardplan.com
70179,visi.com
70197,vpauto.fr
70271,voxelshare.com
70299,vanced.to
70318,visittrentino.info
70337,vivotek.com
70438,valdemarsro.dk
70475,veloxtickets.com
70537,villagybullion.cyou
70648,videouv.online
70763,vivocha.com
70768,virtualbrest.ru
70959,volumeupplus.com
71020,vidwestxyz.com
71181,voyages.leclerc
71189,valamar.com
71265,valorant-api.com
71280,vnts.io
71327,vider.info
71341,vibs.com
71447,vaultre.com.au
71528,vagina.nl
71686,vacheron-constantin.com
71710,vegnews.com
71773,varomoney.com
71893,vat-search.com
71927,ving.se
71966,vas-server.cz
72003,virtualdub.org
72011,vidzx.org
72047,veracrypt.io
72051,visionpeakmedia.com
72055,vibe.us
72061,visitnsw.com
72077,verifymywhois.com
72154,vecernji.ba
72214,vitibet.com
72231,vsthemes.org
72237,voetbalnieuws.be
72267,visit.brussels
72290,vodadns.com
72361,vidsp.net
72378,ventanillaunica.gob.mx
72383,voith.com
72498,vqbn.com
72499,v6lvs.com
72569,votreimc.com
72592,virginiamercury.com
72621,vincitu.it
72622,visa.co.uk
72624,vegnt.com
72675,vertex42.com
72821,viexx.com
72828,veronasera.it
72835,vali.email
72838,videoclip.bg
72965,vwdservices.com
73001,vidaxl.ro
73025,vaude.com
73118,viyar.ua
73124,verbraucherzentrale.nrw
73283,vesservices.com
73388,velesmoda.ru
73433,voyages-sncf.com
73470,videoprotector.com
73543,versum.com
73661,vtt.net
73689,vfb.de
73707,videojet.com
73749,vtu.ac.in
73757,vuokraovi.com
73760,visitestonia.com
73768,violanews.com
73815,videocrot.com
73966,vetstreet.com
73984,verdent.ai
74020,vertv.net.ar
74059,videodownloader.site
74086,vox.rocks
74087,virtusonline.org
74160,vajehyab.com
74216,videzz.net
74311,vk-apps.ru
74453,visualtec.host
74496,vanuffelenmode.nl
74502,vncdc.gov.vn
74568,voog.com
74603,vlmai1.com
74649,vlu.edu.vn
74723,vacationcottage.com
74748,venture.com
74754,vezzi.pl
74764,vapp-servers.com
74843,vdo.ninja
74908,video-hyurfi.online
74918,vava8.com
74954,visitcostarica.com
74973,verabradleyoutlet.com
75105,vz-or.com
75179,v-cdn.net
75182,virtualns.net
75223,view.page
75278,vpnd.io
75327,vshosting.cloud
75391,veporn.com
75486,virtualglobetrotting.com
75575,vas.com
75821,vrsmedia-trauerportal.de
75934,vriendin.nl
75943,vidizzy.com
75979,vicp.cc
76024,veb.ru
76069,vpmks.com
76084,viaverde.pt
76096,vigo.ru
76232,vpluse.me
76400,vicenzatoday.it
76430,vipleague.io
76439,vnpt-invoice.com.vn
76458,vtc.vn
76494,vpass.ne.jp
76525,vestom.ru
76575,vptpcs.com
76601,visitwales.com
76603,videospornogratisx.net
76649,vtr.com
76682,vdnh.ru
76725,violetscans.org
76822,vuukle.net
76881,vezeen.com
76903,ventrago.ru
76939,vtrahe.to
77019,veoaifree.com
77035,vera.org
77061,vidrush.net
77141,voice.fi
77202,vscinemas.com.tw
77264,videotxxx.com
77316,videyindo.space
77484,valcoo.com
77504,vlasta.cz
77524,vitelity.net
77680,vnoi.info
77773,vegas-spins.com
77829,vi.net
77907,vwfs.it
77951,vidnest.fun
78015,vons.com
78130,vinci.com
78146,verfassungsschutz.de
78154,vcloudgtm.com
78214,viettablet.com
78292,viva.com.br
78297,videoxxx.sex
78361,vivatok.com
78420,vitalitymedical.com
78509,valis-cpx.jp
78576,vidkit.online
78599,vdrk.site
78620,vxtream.com
78644,vanharen.net
78659,vncare.vn
78697,verpelistv.com
78703,veritonic.com
78748,vitamix.com
78836,voriconazole.online
78837,volkswagen.co.in
78850,vectra.pl
78933,venlafaxineinfo.com
78975,vfl.ru
79017,vigtm-meeting-tencent.com
79065,vcam.ai
79136,vijayavani.net
79148,vnggames.net
79215,vsn.ua
79232,videasy.net
79326,visstafmif.net
79392,vente-unique.it
79500,viamedis.net
79502,videoxxx.one
79571,voynaplemyon.com
79578,vipboxtv.sk
79607,vocento.com
79626,velocityapp.co
79634,vuihoc.vn
79655,vietnix.vn
79658,vd6s.net
79666,vippers.jp
79714,videotron.net
79756,viss.gov.lv
79823,vzug.com
79837,vipbox1.com
79976,vir.com.vn
80013,vdownloaders.com
80065,vetmanager.cloud
80085,vadhajtasok.hu
80090,village-justice.com
80199,vistaprint.com.au
80213,vicroads.vic.gov.au
80232,vetinfo.it
80257,vercapas.com
80270,vipleague.ws
80320,verdigado.net
80387,vcbot.net
80401,vip-bloggers.site
80411,videnov.bg
80519,visitlisboa.com
80520,vikings.com
80620,vivasorteoficial.com.br
80733,vishalmegamart.com
80771,visaform.org
80858,videostudiopro.com
80866,vente-unique.es
80868,vgnett.no
80912,vid-browser.com
81094,verhuisdieren.nl
81167,visdeal.nl
81170,vikidia.org
81181,vexfile.com
81214,valuegolf.co.jp
81228,volgadmin.ru
81243,virginmobile.ca
81295,vavada-sl119.top
81307,voltareninfo.com
81312,vitoria-gasteiz.org
81320,vsex.in
81376,vtvgujarati.com
81438,vivutruyen2.net
81440,vague.style
81511,valuad.io
81526,vidgap.com
81567,vmwesa.online
81628,v-dem.net
81640,vis1ground.com
81644,vcuhealth.org
81660,valleynewslive.com
81756,vaku.in
81789,veryfy.ai
81826,vtel.jo
81846,visitingangels.com
81866,vr6erw5d.com
81886,vidaecor.com.br
82067,vattenfall.nl
82103,vantiv.com
82125,vitroconnect.de
82128,videospornosexe.com
82141,velez.com.co
82253,veer.com
82257,veteranstoday.com
82271,visionxml.com
82356,vlute.edu.vn
82445,vbforums.com
82446,vstar.app
82451,vsapp.cn
82526,volcddos.com
82538,vzbv.de
82606,vuetifyjs.com
82613,vaix.ai
82620,verygoodproxy.com
82625,valueserver.net
82715,videosdesexo.xxx
82732,vagabundasdoorkut.net
82737,vegas-x.pro
82739,vernis.co.jp
82768,via.com
82895,vdma.eu
82907,varian.com
82931,visitmusiccity.com
82947,voirdrama.to
82954,vitalfootball.co.uk
82978,vagosex.xxx
82991,varden24.com
83015,vgamestudio.com
83052,videocampaign.co
83056,vipvoice.com
83065,vogue.gr
83081,vazounudes.com
83106,vplink.in
83118,vikas247.com
83121,vegamovies.hot
83128,viamichelin.ch
83143,vnews.com
83212,vgdl.ir
83220,voicepatrol.dev
83230,vipyesrtp.com
83238,vidri.com.sv
83348,veepee.com
83371,volanta.app
83414,vio-la.com
83415,vskit.tv
83514,vmo2digital.co.uk
83516,viralmms.com
83576,vicnet.net.au
83580,vn6a17ye.com
83581,vercel-status.com
83659,visaguide.world
83734,veopornogratis.xxx
83864,veruscorp.com
83871,viewsurf.com
83888,vlt.se
83909,voissa.com
84011,vec.go.th
84022,vodiy.ua
84068,vaguthu.mv
84097,vipvoice.io
84106,vporno.tv
84139,vinnews.com
84187,vpn-private.net
84229,viraly.wtf
84277,vittorossi.ua
84290,vern.cc
84360,vendorcentral.in
84376,verkami.com
84379,video-xxx.click
84394,vinhuni.edu.vn
84406,v6.navy
84418,vinpearl.com
84430,valleycentral.com
84755,venapp.com
84756,vermanhwa.com
84757,visiodent.com
84758,visorjpg.lat
84803,voscast.com
84882,vercomics.xxx
84902,vcg.com
85013,videochatmix.com
85083,visa-algerie.com
85121,vseprosport.ru
85133,vmcpool.io
85138,viewstats.com
85149,vegnonveg.com
85232,vistaauction.com
85347,vidaworld.com
85394,vetmanager2.ru
85681,vnebo.mobi
85714,vertiex.ru
85770,veniracristo.org
85860,vivutruyen.net
85862,veropayment.com
85927,vanitha.in
85939,violetnexus.com
85999,vietguards.ai
86067,viaggiavventurenelmondo.it
86090,vimarsana.com
86091,verifypass.com
86106,volantinofacile.it
86123,versiontracker.com
86194,vidcore.net
86248,vten.ru
86281,vvjl.org
86361,vpdfs.com
86422,vipserije.com
86427,vubiquity.com
86514,villages-news.com
86551,visitseoul.net
86586,varialhosting.com
86594,vmelectronics.ru
86606,videolink.io
86633,vicerocks.com
86738,velaro.com
86755,varoom.com
86756,visionet.co.id
86815,villagecinemas.gr
86816,v8-hdd.com
86868,vezon.club
86881,viewbook.com
86900,vestone.com.cn
86922,victorybeyondthecup.com
86947,victoryautomatic.com
86954,vera.com.uy
87087,vpnn.loan
87162,videocomfort.ru
87254,viacargo.com.ar
87340,vitap.ac.in
87345,vgorode.ua
87359,vidzee.wtf
87422,vistanaij.com
87478,vietteltelecom.vn
87527,veloximaging.net
87533,vapeuk.co.uk
87557,videosrisas.net
87565,vigilix.net
87575,vidsrcme.ru
87600,veepai.com
87617,visualhunt.com
87696,vi-hentai.moe
87697,voyeurfrance.net
87698,vuch.cz
87707,voc.ai
87750,valoonet.fi
87803,viblo.asia
87822,valmet.com
87835,vivalt.online
87861,vestirna.com
88003,vosfemmes.com
88017,vivastreet.be
88099,vento.com
88100,vh39g40.com
88234,vaaardenafil.com
88250,vipinay.org
88284,vinfastauto.com
88312,viabill.com
88315,voiranime.rip
88334,virallsotwe.store
88443,viam.cloud
88493,virgin-atlantic.com
88963,v0o4uv2.com
88964,vamosmisevillafc.com
88965,vaope.com
88966,vastosoft.com
88967,vastrado.com
88968,vbkuaaqa4.com
88969,veedz.tv
88970,vendty.com
88971,vicko.gr
88972,vidbunker.in
88973,vilvahstore.com
88974,vitaminkoo.site
88975,vmart.co.in
89205,victorraulrr.info
89236,visitstats.com
89264,vetconnectplus.com
89295,vindy.com
89388,verkadagov.com
89410,visa.co.jp
89429,veraura.com
89438,vintagecardprices.com
89471,viwefix.cz
89481,v6connect.net
89540,vantivcnp.com
89546,vrndk.ru
89588,vanburenbanden.nl
89600,vlv.one
89682,vlog.jp
89687,vtracy.de
89702,vemic.com
89725,vneid.gov.vn
89756,vergecloud.com
89781,vip397.com
89813,videosvit.sbs
89837,vibecrafts.com
89841,viu.tv
89904,visionaryecho.com
90047,vixen.com
90080,valvoline.com
90121,voi-noi.gr
90122,vrlapps.com
90149,vdma.org
90184,vreredesim.sp.gov.br
90215,veganuary.com
90239,volet.com
90257,volunteerworld.com
90271,vogo.com
90275,vsi.ru
90276,volvotrucks.com
90318,vpixl.com
90325,virtualo.pl
90360,valdemarne.fr
90438,vuotlink.net
90457,visiterlyon.com
90465,videyid.cfd
90481,venn.com
90572,visitante.in
90585,vshield.pro
90608,votenow.tv
90677,verywell.com
90728,voicemaker.live
90757,vanikmode.com
90761,vans.com.ar
90768,vilogi.com
90769,vpbank.com.vn
90790,visittuscany.com
90852,vastranand.in
90865,veranimeonline.co
90866,vigilearnlms.com
90936,vitalmx.com
90979,veirdo.in
91025,vsrf.ru
91035,v8.dev
91067,vencon.ua
91106,vmedulife.com
91139,vip789betj.com
91140,viralvideo99.com
91156,vitsplay.id
91301,vipgames.me
91307,viamichelin.es
91342,vlbook.club
91343,vpay.top
91353,verimatrixcloud.net
91355,visitnc.com
91371,vidlink.pro
91378,vetgirig.nu
91379,vksuexams.com
91448,vungtau.su
91473,viaggiaresicuri.it
91492,vgdynamic.info
91623,victorywithash.com
91624,videosflagrasamadores.com
91630,videocentury.ru
91637,v2q.com
91687,volyairazum.ru
91692,viawest.net
91778,vavada7x3mah.com
91820,visitoslo.com
91825,vvic.com
91891,vpnoverview.com
91956,videydrive.com
92006,vickers-bet.net
92015,vocativ.com
92171,vg-asia1.com
92232,vibey.cfd
92247,voiteli.mobi
92296,virbac.com
92341,vrlgroup.in
92477,vm.com
92481,vm.ee
94706,v168.bet
94707,v3gamef.com
94708,v8irwge3.com
94709,vagyaid.hu
94710,vailozxx.blog
94711,valuework.online
94712,vanalms.com
94713,vardom.net
94714,varnatraffic.com
94715,vastrang.in
94716,vayamtech.com
94717,vazoux.com
94718,vbspuresult.org.in
94719,vega-network.vip
94720,vegamoviese.lat
94721,vegas11.net
94722,verifyapp.in
94723,vet-manager.com
94724,vevidental.com
94725,viaworld.in
94726,viddeey.com
94727,videking3.com
94728,video-research.jp
94729,videoead.com
94730,videosead.online
94731,vijayant.in
94732,vikasedit.com
94733,vikbot.com
94734,vipplay247.com
94735,viraclic.xyz
94736,viralnests.in
94737,viralpur.com
94738,viraltehpucuk.store
94739,virbac.in
94740,virtuafc.com
94741,virtualqxmedic.com
94742,vitonline.in
94743,vkdigital.co.in
94744,vlbook247.co
94745,vlbook247.com
94746,voifull.jp
94747,voisinsecret.com
94748,voixafriqouest.com
94749,volcanobet.me
94750,volumeshaderbm.com
94751,volumy.com
94752,von.jp
94753,vootbuy.in
94754,vrata.mobi
94755,vremea.net
94756,vtfhqdmisajec.com
94757,vuce.gob.pe
94888,viapraga.cz
94893,vnmfvnkd.win
94914,vfl-wolfsburg.de
94929,vcoins.com
94938,vrdesktop.net
95031,vps.net
95044,vattenfall.se
95104,vreme.com
95128,vhostplatform.com
95180,vipservice.ru
95183,vitrina.media
95234,vds-shop.com
95258,volvoce.com
95309,vox.co.za
95418,viilaulc.com
95449,viewpointforcloud.com
95493,voyagerprivatebrowser.com
95494,visitmaryland.org
95499,validic.com
95513,vprognoze.ru
95536,veja-store.com.br
95581,vuhdo.io
95587,vladcuba.ru
95591,vpl.ca
95609,vasttrafik.se
95622,viads.com
95662,vineyardvines.com
95688,vccircle.com
95720,vivocloud.com
95723,vermax.com
95740,videnskab.dk
95768,velqorax.online
95779,videobaba.xyz
95827,visordown.com
95898,veldrive.com
95991,virtualnorge.com
96007,votervoice.net
96035,vidtube.site
96066,viicmkru.com
96067,vizotoma.com
96078,visuallightbox.com
96089,vocus.network
96103,visitgate.com
96274,velocity.net
96298,vyg.app
96346,vzoplazaoi.com
96447,vk-maps.net
96481,vaaree.com
96484,veracrypt.fr
96527,voluntime.cn
96550,vote411.org
96615,vch.ca
96650,valgrind.org
96750,vivpsn.com
96821,vintagesportsfashion.com
96841,visiblebody.com
96912,viads.net
96966,vgcpps.com
97009,vertigovitalitywieldable.com
97065,verasafe.com
97099,velocityfleet.com
97116,vermontcountrystore.com
97147,visibilitykit.ai
97235,vwfs.pl
97259,vaildaily.com
97266,vsmu.by
97293,vkplay.live
97336,vyadd.com
97350,via-mobilis.com
97353,vietsingle.com
97483,viplus.com.cn
97557,vb-audio.com
97569,validity.com
97598,vivehotels.com
97612,viacomcbs.digital
97638,vknso.ru
97673,vss-mess.online
97708,vib.com.vn
97721,vsnet.ch
97799,vernsky.ru
97815,vliplatform.com
97821,virusweepa.com
97828,velvik.ru
97836,vologda-city.ru
97865,vovici.com
97875,veronicasuperguide.nl
97891,volcengineapi.com
97912,vrdns.com
97942,volsu.ru
97958,vtdc.net
97990,vcook.jp
98001,vclouddns.com
98022,vmobapps.com
98033,vturb.com.br
98034,vchasno.ua
98098,verycd.com
98222,virtusize.jp
98230,vpsfree.cz
98233,video-muzika.ru
98312,visionexpress.com
98327,vturb.net
98369,vpn-1.ru
98394,vivareal.com
98413,vscode.dev
98509,viralgains.com
98547,vgtrk.ru
98603,vea.com.ar
98619,venus.com
98684,vidow.io
98699,vieclam24h.vn
98710,vivatube.com
98712,vigilwiki.com
98784,vservs.com
98802,vitisphere.com
98846,videoscdn.online
98895,vod-pro.com
98932,versicherungsombudsmann.de
98947,valenciacf.com
98958,viam.com
99001,voyagela.com
99018,verbox.ru
99092,verticalbooking.com
99281,velia.net
99421,visitor-speed.com
99482,voicethread.com
99485,veryweb.jp
99499,vodplayvideo.com
99676,viiwmjfw.com
99692,visitmelbourne.com
99697,visitmadeira.com
99722,velvetcake.live
99749,victoriaadvocate.com
99792,videomaker.com
99831,veranda.com
99891,viantinc.com
99914,vbnservices.net
99923,vivosun.com
99954,viidoqay.com
99972,vhearts.net
99994,voxility.com
100032,v1p.ai
100083,verygoodsecurity.io
100097,vlada.cz
100114,vulkanvegas.com
100124,vilniustech.lt
100179,viplgw.cn
100210,visicom.ua
100276,vod-control.com
100282,vidaxl.ch
100362,vitalk.net
100454,voipment.com
100480,viewweather.com
100544,vokamo.com.cn
100547,venyu.com
100575,vaastu-consultant.com
100625,vergabeportal.at
100662,vibes.ai
100680,vuegenesisvue.com
100687,velux.com
100709,vulcanpost.com
100718,verra.org
100720,visitutah.com
100734,vegasworld.com
100774,vevor.com.au
100816,vrbl.space
100829,vufind.net
100849,viajeguanabara.com.br
100854,vyborg.ru
100859,veronica.uk
100916,voize.de
100950,virtualdc.ru
100997,vinyl-cache.org
101002,vxcdn.com
101232,vfsevisa.com
101272,visitmt.com
101357,valor.com.br
101379,vansairforce.net
101433,vvs.de
101441,variational.io
101468,vymaps.com
101485,visa.com.ar
101523,vastuforhome.com
101525,vizio-is.com
101584,vmixcall.com
101645,validx.shop
101649,vsu.by
101650,vectly.xyz
101662,voicemanager.cloud
101665,vmix.com
101691,vanillacommunities.com
101716,vaastuforhome.com
101804,visitmuve.it
101820,vioma.de
101866,volgistics.com
101936,virginexperiencedays.co.uk
102053,visitukraine.today
102057,visitbrighton.com
102104,vvcnet.ru
102120,vveye.net
102132,videe.tv
102229,ventronchip.com
102295,vegrecipesofindia.com
102304,v3rm.in
102346,vrogue.co
102406,vmcdn.ca
102427,volusion.store
102436,visitvictoria.com
102443,vndoc.com
102471,veeperapp.com
102499,virta-ev.com
102593,vamu.ru
102602,valpak.com
102679,vege.net
102715,visitmorocco.com
102770,vsu.edu
102771,visitseattle.org
102796,vola.ro
102836,vesti.rs
102853,vims.edu
102897,velogames.com
102972,volvopenta.com
103020,virtusize.com
103091,velvetspinscasino.net
103100,vidara.so
103170,venorix.online
103182,verizonconnect.com
103197,vzwnet.com
103235,voltent.com
103236,vk-cdn77.ru
103245,vercel.run
103309,vertrieb-plattform.de
103323,vuprppwldvo.com
103394,vandale.nl
103403,vsee.com
103426,vidalytics.io
103458,visitorapi.com
103471,vendoo.co
103510,visitpa.com
103512,virb.com
103524,v-box.net
103603,visitarizona.com
103685,vinci-autoroutes.com
103710,v51124-6.qpon
103721,velosiped.com
103738,vidaxl.be
103760,viisceis.com
103773,von-poll.com
103817,vocstatic.com
103837,vegoutmag.com
103851,vograce.com
103944,vdko.cc
103955,vote.gov
104052,venezuelanalysis.com
104076,vniir-center.space
104116,venyoo.ru
104119,vpnazure.net
104297,vtrk-auc86.com
104405,vitest.dev
104534,vita.it
104543,valeriodistefano.com
104562,vaststat.com
104572,vargonen.net
104574,visionplus.id
104607,vutorasuik.com
104679,vvsu.ru
104694,visaeurope.com
104705,v2cloud.com
104737,vegasystems.de
104748,vtb.by
104749,visitluxembourg.com
104807,vustreams.com
104829,vicicollection.com
104842,vlaio.be
104844,volio.vn
104913,vietlott.vn
104925,vestwell.com
104928,vtelecom.ru
104951,vsstatic.com
104958,vodafone.om
105066,value-press.com
105083,v7d88.com
105116,videoadex.com
105213,videouroki.net
105386,vericle.com
105456,viivjeig.com
105519,visitstockholm.com
105556,vynclaro.xyz
105564,visteon.com
105565,valtrexone7.com
105587,ventafurnishings.com
105683,vintag.es
105734,voiceofsandiego.org
105913,vbpl.vn
105938,vionicshoes.com
105954,venetian.com
105973,vistancenetworks.com
105986,vimeos.net
105994,vanillaforums.com
105997,vorarlberg.at
106011,vikinghostcdn.com
106028,vigr24.com
106161,vxngo.com
106177,veltorin.xyz
106194,vanguards.gg
106259,videoproc.com
106279,voostore.com
106358,visumo.io
106373,vampirefreaks.com
106385,vgsi.com
106505,vertv.com.br
106529,vnunet.com
106555,velnoxia.xyz
106575,vexorlin.xyz
106595,vivid-bison.com
106615,viacampesina.org
106643,visioncritical.com
106686,velvet-anchor.com
106709,v8buick.com
106748,vitalindextoday.com
106763,vesseltracker.com
106799,visiticeland.com
106838,vid419.com
106912,viiiagra.com
106940,vpnproxymaster.com
106982,vertbaudet.es
107010,vkb.de
107019,vibe.community
107041,vvdailypress.com
107051,voipit.nl
107161,vismaonline.com
107195,veryimportantlot.com
107218,vidmatelite.com
107292,veltech.edu.in
107295,virtuaal.com
107329,vitdns.com
107417,vincispins.com
107441,vistaprint.de
107509,videocopilot.net
107539,virtuworks.net
107558,valetax.com
107624,vietnamnetad.vn
107651,voidinteractive.io
107658,vevor.nl
107694,vidaxl.com
107847,vy.no
107912,varusteleka.com
107960,vizensoft.com
107994,valahia.ro
107996,viorupvlo.com
108180,vour.io
108195,vodkapost.com
108324,vouchers.gov.gr
108363,verleihshop.de
108367,vshkole.com
108378,vintageking.com
108399,vw-group.ru
108439,varline.store
108501,viacep.com.br
108505,visithoustontexas.com
108550,vavt.ru
108564,viidznbd.com
108612,village.ai
108665,vestaboard.com
108728,vidoza.net
108741,videosex.tv
108749,virtualhosting.cl
108751,valleyvet.com
108790,vniir-kadr.online
108862,videosoftdev.com
108880,vpentest.io
108923,vrtexds.com
108963,virtahealth.com
108983,vrdns.info
109099,vadenoriginal.com
109144,versedb.com
109159,vrobotit.cn
109161,videogamernetwork.com
109179,vds.sh
109235,vsite.top
109280,vaidepromo.com.br
109536,vodgc.net
109562,verygoodserver.com
109563,videotoday.site
109611,viamap.net
109623,v-key.com
109717,vasamuseet.se
109779,voonami.com
109829,visumo.jp
109845,vandaaginside.nl
109853,videopoker.com
109878,v.ua
109959,vital.sh
110023,vortexoptics.com
110035,visitqatar.com
110066,vermontpublic.org
110069,vanillicon.com
110072,visolit.no
110113,vivid.money
110220,visitnj.org
110227,vulvapornpics.com
110295,vinwonders.com
110347,velux.de
110364,vtosters.app
110512,vrtxdata.com
110552,visitwidget.com
110557,volcanoh5game.com
110558,voyagerapis.com
110597,videoshowapp.com
110654,vmagazine.com
110668,votacall.one
110708,veerotech.net
110833,vrdns.net
110943,viva100.com
110976,vtscloud.io
111023,valvesekart.com
111089,vidsonic.net
111107,vklass.se
111125,varbi.com
111196,vibra.best
111294,visa2egypt.gov.eg
111328,vidahost.co.uk
111361,vivatechnology.com
111416,voicy.network
111490,videocardbenchmark.net
111543,vdh.de
111567,vinahost.vn
111596,vtx1.net
111622,vrfs.org
111708,vik-services.ru
111725,vnda.com.br
111824,vitpc.com
111838,vystarcu.org
111979,viamarte.com.br
111996,vtmgo.be
112026,vista.ir
112030,vniir-avia.space
112048,vstor.top
112107,vpnbook.com
112133,vincue.com
112235,vscdn.net
112293,vostokmedia.com
112308,voip-info.org
112313,vouchercloud.com
112417,vexio.ro
112486,visitengland.com
112524,vecurosoft.com
112526,vlessgroup.com
112540,viceroyhotelsandresorts.com
112557,voot.com
112636,viettel.com.vn
112654,videahealth.io
112738,viethwebhosting.com
112751,varicent.com
112755,viberate.com
112756,vodacom.co.tz
112766,virginiabusiness.com
112782,vtb-leasing.com
112787,vozdeamerica.com
112795,vincere.io
112815,visitmonaco.com
112819,vortexmag.net
112859,varsity.com
112967,vertu.com
113001,volcanodiscovery.de
113085,villagecinemas.com.au
113113,vtbf.ru
113114,vegasexperience.com
113145,viamichelin.de
113207,vulcanlabs.co
113225,vibuxer.com
113226,vniir-monitor.space
113255,vitality.co.uk
113300,visualping.io
113307,voipgrid.nl
113386,vpm.org
113393,virgule.lu
113425,vm-0.com
113480,vinmanager.com
113577,viessmann.de
113587,vendora.bg
113601,visitthecapitol.gov
113612,voomly.com
113641,vitablo.de
113702,validns.com
113776,visithome.ai
113881,vefrop.com
113893,vgt.ru
113928,vtjknfgyq.com
114091,vzbl.eu
114234,vibifymusic.com
114236,via.com.br
114362,vgl.org
114394,volans.tech
114424,vaultproject.io
114429,vidcube.cn
114437,vecv.in
114466,viacondotti.store
114490,vnsgu.net
114563,voghion.cc
114606,vidzy.cc
114740,ver.com.ar
114750,vidaxl.dk
114813,vidjet.io
114868,viiyaejr.com
114883,vidaxl.at
114991,velobank.pl
115012,vidnoenet.ru
115044,vpnpro.com
115089,victimsupport.org.uk
115185,v9t2x.com
115186,vin7771.com
115193,varuste.net
115350,valuesense.io
115363,vemas.it
115466,valiuz.com
115470,vulkan-vegas.de
115471,viatorinc.com
115492,vitamoment.de
115519,vsezamojdan.si
115577,vailresorts.com
115659,vfrsdk.com
115692,vendicated.dev
115712,vevor.pl
115776,visualquizbuilder.com
115872,vapteke.ru
115877,vend-shop.com
115966,vimexx.nl
116188,voipoperator.eu
116229,visitsanantonio.com
116254,ville-ge.ch
116283,visualstudiomagazine.com
116301,visura.pro
116371,vetsecurite.com
116381,vasexperts.ru
116415,vt443.cc
116455,vgmdb.net
116514,viridianglass.com
116539,verysync.cn
116613,valdoise.fr
116724,vectorunit.com
116787,vetfriends.com
116841,vintagemachinery.org
116945,vantagecircle.com
116946,vavoo.to
117008,vineyardgazette.com
117025,voetbal.com
117043,vccloud.vn
117067,visitmaine.com
117092,videolectures.net
117099,volna-vpn.sbs
117165,vp-dns.net
117214,vidlii.com
117328,voiapp.io
117335,volksversand.de
117382,vanmoof.com
117384,vitalbook.com
117394,vara.nl
117418,vauxhall.co.uk
117438,vn.at
117460,vennapps.com
117507,vigrabizus.com
117538,vetradar.com
117552,vsphone.com
117646,viralpanu.com
117647,vmp361.com
117680,vodpod.com
117703,visitjordan.com
117721,vze.com
117747,vietnam.travel
117805,vaadin.com
117861,volcfcdnplus.com
117918,volcanoesandearthquakes.com
117972,vriendenloterij.nl
117992,vev.design
118004,verdigado-ns.de
118100,veracity.com
118109,voz.ru
118112,voya.world
118118,vodafonenet.ro
118165,vhcdn.com
118243,vscodium.com
118273,villeurbanne.fr
118301,vak1l.ir
118347,vkmtp.pro
118371,vtinfo.com
118576,v2899vvu3.com
118577,viprow.co
118616,vgcontent.info
118617,vda.de
118629,voicestar.com
118644,vdska.ru
118646,ving.no
118725,virtual1.com
118757,vrg.org
118800,veziaici.net
118817,v999v.net
118834,vavadal7a4.com
118848,vtech.fr
118862,volna-vpn.shop
118876,vdinfo.site
118887,vmeas.cloud
119731,vaktija.ba
119732,valenciapakistan.com
119733,vc3rrt32.com
119734,vcqlg76368.com
119735,veduappdownloads.com
119736,velocityshipping.in
119737,viactt.pt
119738,victoryworld.club
119739,videocool.site
119740,videosca0.site
119741,videoyandex.wiki
119742,vidxlr.de
119743,viideey.vip
119744,viidyee.click
119745,viralbocil.fit
119746,vskmizoram.com
119747,vvideyy.one
119873,vng.nl
119959,visp.net
119966,vitaminler.com
120012,validcilis.com
120047,vaping360.com
120063,virbacavto.ru
120084,vectorsolutions.com
120095,vitacollections.ca
120225,viking-direct.co.uk
120238,vogons.org
120243,vldb.org
120259,verstka.media
120283,vsol.co.uk
120293,versa-networks.com
120369,vacd.biz
120440,vinschool.edu.vn
120454,veda.nu
120478,viamichelin.pt
120489,viagenie.ca
120512,virtual-expo.com
120536,veniceplaza.net
120586,vgtu.lt
120699,vopn.net
120714,vidacloud.co.uk
120740,vimla.se
120857,viberu.com
120873,vsemdostupno-4.ru
120885,veronicabeard.com
120900,valenciacollege.edu
120984,vista.co
121028,vsivm2hrv.com
121042,vidcast.io
121117,venganza.org
121120,valloredigital.com.br
121127,vidads.gr
121164,varki.cn
121231,viaversion.com
121269,vault-sentinel.com
121270,vis.ne.jp
121280,vdko.de
121371,vegas.hu
121429,visitphoenix.com
121473,vihost.pl
121515,visitstpeteclearwater.com
121524,visitczechia.com
121541,vzp.cz
121554,vxluqn.xyz
121560,velkigames365.cc
121628,visbody.com
121696,vestikavkaza.ru
121715,vip.hr
121797,vrcworld.com
121834,viacomcbs-tech.com
121855,vedabase.io
121864,vreview.tv
121871,vave-casinos.net
121940,valspar.com
121998,valtech.com
122032,vaol.hu
122039,visualchemy.gallery
122108,vxtwitter.com
122124,vintrica.com
122162,vestmarkapps.com
122164,vndirect.com.vn
122167,vivadrama.com
122171,vsin.com
122176,vulkan-vegas-slots.net
122177,viromin.com
122198,viberlab.com
122240,veralab.it
122290,vipwank.com
122296,vkserfing.ru
122303,vtp-media.com
122348,vdc2.vn
122415,vwfs.es
122421,vashdosug.ru
122434,vangraaf.com
122439,vetstate.ru
122447,voltag.ru
122564,voicemaker.in
122581,viceland.com
122646,vanceai.com
122772,visitmanchester.com
122800,ventra.ru
122805,vexdaro.my
122814,versusarthritis.org
122833,viptix.com
122836,vivosoc.cc
122888,v-office.com
122890,vb78.cn
122929,velqiro.my
122951,veezi.com
122971,vidmateapp.store
123017,voith.net
123135,vodafone.qa
123149,vinatis.com
123282,vsol-tech.com
123305,villagevitaminstore.ca
123346,visitwallonia.com
123367,vipcdncdn.com
123435,veneziaunica.it
123534,vestabank.ru
123560,vanillagift.com
123578,visitkc.com
123579,vespymedia.com
123606,vmplayer2019.com
123697,vas-hosting.com
123786,v7z5v0.com
123801,vindecoderz.com
123898,vidmoly.biz
123904,vdcportal.ru
123978,vumedi.com
123998,vulners.com
124024,vib.com.cn
124072,visionsinfurnitureinc.com
124141,vayama.com
124187,visn.co.uk
124194,vpnpol.de
124207,virtualsoft.tech
124215,verisae.co.uk
124299,visitbeijing.com.cn
124309,vistcom.ru
124355,vinfo.ru
124393,vk09design.com
124477,visamiddleeast.com
124504,vidaxl.gr
124510,virtuman.com
124545,vgwgroup.net
124588,visitjamaica.com
124594,vbest.jp
124648,voccdn.cn
124661,vipr.im
124779,visaliatimesdelta.com
124795,vikacg.com
124816,vseigru.net
124868,virent.ru
124935,voetbal24.be
124960,vladnews.ru
125021,vktarget.ru
125024,vsnl.net.in
125029,vertexmovies.com
125045,versanthealth.com
125067,viction.xyz
125084,vivlio.com
125093,vfltbr.com
125103,vastsverige.com
125221,vergic.com
125230,vimeos.zip
125240,vialla-dossa-notaires.fr
125257,voicia.ru
125272,vitorcarneiro.pt
125304,vibirai.ru
125319,vrv.co
125330,visitbritain.org
125337,vulndetect.com
125338,vertmarkets.com
125347,vihelse.com
125355,vanzhang.com
125363,viewneo.com
125431,velo.com
125436,vibilagare.se
125459,voximplant.ru
125505,vanguardinvestor.co.uk
125550,vs3.com
125573,visitoost.nl
125574,voiply.cloud
125613,valka.cz
125673,vxgky.com
125733,volse.net
125776,videogamemods.com
125821,vendio.com
125853,vlabvod.com
125886,vdmapk.com
125889,vegansnab.ru
125959,vh.pl
125973,vidboxto.com
126064,valleyhealthlink.com
126082,vandyke.com
126091,verno-zakupka.ru
126110,visualcv.com
126141,voyage-prive.it
126149,visitfrankfurt.travel
126159,vsem-edu-oblako.ru
126173,voidlinux.org
126300,vulkan-ru.org
126330,vtbcapital.ru
126341,vegashero.me.uk
126349,vintagesynth.com
126388,viennaweb.at
126396,visitlauderdale.com
126463,video18.net
126467,vikingline.fi
126474,vinlens.com
126595,vnpt.com.vn
126613,viajesfalabella.com.co
126631,vietgiaitri.com
126679,v12hosting.com
126760,vidoy.com
126827,versio.nl
126889,visitor.chat
126892,voennoedelo.com
126913,vmmo.ru
126928,veaul.com
126964,veryfi.com
126999,vipkid.com.cn
127061,videohclips.com
127082,vidaxl.cz
127092,voyeurhit.tube
127120,viceroy.es
127143,videogamesplus.ca
127171,visitsaltlake.com
127271,valgardena.it
127275,voordeeluitjes.nl
127308,vidrock.ru
127343,vcrdb.net
127394,verinomidns.com
127465,vidloy.com
127511,voyageforum.com
127547,vanderbilthealth.com
127560,vi.design
127605,verbund.com
127608,vc3.com
127621,visitorstv.com
127661,vazounudes.net
127666,vidsrc.cc
127735,vuivietnam.net
127761,visitfloridakeys.com
127779,vlh.de
127794,vdl.lu
127883,veezal.com
127895,virtualacd.biz
127932,vcnc.co.kr
128082,vw-page.com
128173,vimar.cloud
128222,vergelijk.nl
128248,veradigm.com
128250,velotricbike.com
128271,voiceofvillage.com
128284,vavada5mi9p.com
128302,verificapersonas.com
128394,volokh.com
128416,visitmyrtlebeach.com
128417,vnetfly.com
128529,visitdublin.com
128545,visit.alsace
128580,vacourts.gov
128660,vegas-hero.me.uk
128745,vinfast.vn
128752,visionworks.com
128770,visions.ca
128771,veromoda.in
128847,vcddkls.biz
128864,v-tg.com
128904,vayrex.ir
128956,vod-common.com
128993,vlsu.ru
129094,visitatlanticcity.com
129118,vermiip.es
129130,vserabotaet.net
129164,vioma.at
129209,village.com.ua
129218,vevor.net
129298,vexrobotics.com
129320,visit-x.net
129363,vo.lu
129386,vanchat.app
129479,vatandoost.site
129498,vyome.biz
129499,vpncheck.info
129500,vinaudit.com
129528,vrrazpdh.biz
129540,vetmedstat.com
129644,vitanascosta.net
129682,vmwarebaselines.com
129726,volagratis.com
129768,velitessport.com
129797,vandalvape.life
129819,v-u-p-7.com
129838,voetbalpoules.nl
129863,vettafi.com
129876,voxter.net
129953,voy.com
130005,virtusystems.ru
130026,vpap.org
130042,vgmdb.info
130075,vitbhopal.ac.in
130088,vlex.es
130136,vero.co.nz
130191,vnvbt.biz
130259,vgypotwp.biz
130287,vps-vless.su
130289,velvetjobs.com
130354,vidfree.net
130412,volkswagen.co.jp
130434,veritrans.co.jp
130471,viewpoint.com
130487,vmi.se
130513,vjaxhpbji.biz
130526,vss.gov.vn
130555,voxops.net
130582,vinnova.se
130692,volume.com
130696,villagio.ru
130756,vemedya.com
130814,vodafone.net.fj
130858,vidup.to
130962,voterdirectory.com
130969,visitlakedistrict.com
130980,vorwerk.de
130987,videoscribe.co
131019,vestitel.bg
131029,voicy.jp
131191,valdostadailytimes.com
131263,vidhuk.ua
131288,vitaminworld.com
131294,vssweb.net
131325,videonet-zone.com
131419,vetdata.com
131616,vegogarden.com
131644,visitsarasota.com
131753,viele-schaffen-mehr.de
131757,volumental.com
131800,vgw.marketing
131812,vtc.edu.hk
131920,victoriabeckham.com
131931,vlc.ru
131939,vipsattamatka.mobi
131966,voicebot.ai
131994,vbb.de
132013,victory555.click
132024,vvpgroup.com
132061,vectormagic.com
132073,vvo.aero
132074,vershalhetveem.nl
132112,vse42.ru
132162,vancouverren.com
132213,vinterior.co
132305,vmkforums.com
132388,valacyclovirvaltrexinfo.com
132432,viewdns.info
132439,viihpobo.com
132451,vintagecartruckpartsshop.com
132478,vevor.co.uk
132492,vuedoc.com
132497,vendengine.com
132582,viewpointforum.com
132591,via.com.tw
132649,viralsvideo.online
132651,voyado.cloud
132652,vrbangers.com
132665,virtuafighter.com
132739,volksbund.de
132746,vidrey.cc
132793,venable.com
132845,vitalrust.com
132943,vigo.one
132982,voidboost.com
133003,vzhh.de
133028,virginplus.ca
133036,vidaxl.hr
133085,v-tagile.ru
133118,var.fr
133133,vonetize.com
133262,vbspbx.com
133300,vp-mail.ru
133304,vpntoggle.app
133446,virtmansim.co.uk
133452,visitflanders.com
133487,vhs.cloud
133493,vastool.xyz
133505,vnu.edu.ua
133515,vremeradar.rs
133620,va.pl
133625,vfds.com
133629,vontobel.com
133634,vetnostics.com.au
133771,vantacdn.com
133788,vbgov.com
133955,vot.pl
134023,veryeast.cn
134080,venousmode.com
134085,v51124-5.qpon
134106,visitdallas.com
134108,virginbetuk.com
134123,vivonet.com
134171,vigilantcitizen.com
134229,vmts.ru
134265,vitalmtb.com
134303,vidiom.net
134323,vingroup.net
134409,vpn2ww.com
134438,vandentop.nl
134470,viettimes.vn
134542,vol.cz
134543,vernara.site
134662,venturacounty.gov
134669,vavilovsar.ru
134687,volta.com.tr
134699,vidiy.cloud
134710,vl69.sbs
134745,valdaiclub.com
134766,vuodatus.net
134843,voipfone.net
134860,viwap.blog
134886,voluum.com
134896,viptorpro.com
134968,vpn.net
135037,verwalt-berlin.de
135083,visitbruges.be
135109,vivavoice.uk
135110,visitbath.co.uk
135129,vitoria.es.gov.br
135152,vidaxl.org
135232,vietbao.vn
135236,veravdelo.ru
135246,vermontel.net
135361,vb8.cards
135399,voyantis.io
135468,videoproeditor.com
135471,vidaxl.no
135477,volero.nl
135497,viewdns.net
135572,vercel-dns-2.com
135616,viralcustomx.com
135649,variable-technologies.com
135694,vortexsolution.com
135699,visitnow.org
135702,visionguitar.com
135728,vehiclesnetwork.com
135820,vostic.net
135880,vio-online.com
135902,valleysolutionsinc.com
135909,vik1ngfile.site
135936,versand-status.de
135987,viatel.net
136018,vgc.be
136024,vesperblack.com
136032,vestifinance.ru
136073,virginiogomez.cl
136146,v51124-4.qpon
136153,visualthesaurus.com
136164,videooplayer.xyz
136169,vidaxl.sk
136278,vorbis.com
136301,vsale365.com
136370,vacationexpress.com
136400,vptrack.com.br
136430,v01.ru
136463,v-bets.net
136474,videobolt.net
136499,veratour.it
136506,vvcache.cc
136552,videy.llc
136577,videojug.com
136647,vvportal.ru
136658,vidaxl.co.uk
136660,veryfront.com
136666,velodrom.cc
136717,vcislqhao.top
136723,verou.me
136792,visier.com
136807,vub.sk
136924,villarrealcf.es
136941,vinu.edu
136950,valasztas.hu
136983,vitrinemedia.com
136984,viyodxhb.cc
136992,veolia.fr
137053,v51124-1.qpon
137063,verificurl.live
137136,voitress.com
137220,vyborg.pro
137234,vaidam.com
137309,verafin.com
137333,vavada7s5p.com
137338,vavada9muc.com
137390,vavadavun3.com
137405,vipflash.de
137421,vidaxl.bg
137428,vietnamtourism.gov.vn
137535,vicnews.com
137544,vicetv.com
137574,viptulz.com
137611,visionofbritain.org.uk
137637,visitrichmond.co.uk
137661,videomarketingplatform.co
137720,valuad.cloud
137755,videosfre.net
137777,varimeslaskou.sk
137846,viagogo.de
137854,vi-control.net
137861,valuebuddies.com
137883,v51124-3a.qpon
138043,vweb.co.za
138049,virginiasports.com
138057,volgograd.ru
138115,viinikks.com
138176,virus88.forum
138216,vecherka-spb.ru
138305,vovworld.vn
138837,vanmonglau.com
138838,vava4dend.com
138839,vbuuniv.in
138840,vcv.ir
138841,vedstudy.com
138842,viasanosalud.com.ar
138843,vibrantscreen.in
138844,viddseyy.com
138845,videoslink.xyz
138846,vidposting.xyz
138847,vidyadhan.org
138848,vijayapatha.in
138849,vipme.club
138850,viptotogacor.net
138851,viralgrow.in
138852,vivo4dkicaw.xyz
139446,v1l9m7q.com
139447,v6d3l9t.com
139448,v7b5k1q.com
139449,vazadosporno.com
139450,vgpay.in
139451,viddkyy.uk
139452,videy.autos
139453,videyc.us
139454,vidmate-official.su
139455,vidtiy.com
139456,vidyel.xyz
139457,vidyell.site
139458,viet96.lol
139459,vietsex.blog
139460,viideeyy.xyz
139461,vijayt.de
139462,villagesexmms.com
139463,vipyonogames.com
139464,viral2026.store
139465,vmeditor.com
139466,vtsmas.vn
139528,velcom.by
139591,voxtelecom.co.za
139607,visitljubljana.com
139646,verin-tennis.ru
139647,vaplayer.ru
139721,videomon.biz
139819,varlamov.me
139840,vk.gy
140032,vi-partners.xyz
140160,viking-bingo.com
140197,v2net.cl
140201,volkswagen.es
140257,vitnett.no
140327,vglive.no
140370,vmhockey.se
140376,volunteerhub.com
140449,veracast.com
140521,verizon-services.com
140533,vistahost.com.br
140547,vkuservideo.net
140550,videomin.ws
140575,virtualleasedline.net
140584,vladimir.ru
140613,vegis.ro
140631,vap.co.jp
140682,venosalcaroms.cfd
140713,verbformen.de
140720,visitidaho.org
140779,viart.com
140918,vectra-svc.ai
140954,videomonstr.com
140979,v8qf.com
141019,viabtc.vip
141096,vbrick.com
141124,visionmiracle.cn
141158,vrn.tv
141164,vision.net
141181,vcaptions.com
141335,velis-browser.com
141422,vokino.pro
141441,voidstar.com
141467,vectaria.io
141469,videoland.com
141500,vpntxvpn.ru
141520,vivi.io
141562,vagabond.com
141565,vidaxl.si
141571,vpnppl.top
141577,vgoroden.ru
141638,vig.pl
141645,valuehost.com
141720,verixi.net
141728,vercel-dns-012.com
141739,vandersanden.com
141766,virtuemart.net
141861,vyro.ai
141862,vam3cua2rx.xyz
141880,velonews.com
141964,visoft.de
141977,vanyavpn.com
142041,veryicon.com
142128,visionvideo.com
142143,vpls.net
142148,valimail.com
142261,visitpittsburgh.com
142307,vmi.edu
142315,vintageaviationnews.com
142361,vocus.net
142411,vw.com.tr
142444,virginiamasonrycontractor.com
142456,vilnius.lt
142489,vaseline.com
142568,vroom.be
142571,vsfs.cz
142624,videoupornia.com
142634,viaplay.se
142678,vitalteknoloji.com
142698,vsluh.ru
142701,vidyome.com
142728,versandhaus-schneider.de
142794,vavadartg5.com
142871,versus.io
142919,vikingfile.com
142968,vip-net.pl
142997,voila.id
143030,valinor.com.br
143043,velovert.com
143172,v1digital.com
143202,vereinonline.org
143204,vladmama.ru
143244,viaduc-dns.fr
143275,vonovia.de
143299,verseoftheday.com
143316,vf.net.nz
143334,viethantimes.net
143384,vipweb.at
143405,velvetcaviar.com
143417,vlisco.com
143506,venchi.com
143511,vigilfuoco.it
143627,vintagecarpartsrestoration.com
143631,volleyhivepong.com
143633,vidgyor.com
143653,vavada-casino-offic1al.kz
143696,viiblvbj.com
143697,voxy.com
143709,vrai.com
143951,vdyel.com
143952,viddeeyco.online
143953,videoscool.net
143954,videylii.site
143955,videyxyx.space
143956,videyyouuu.com
143957,viideys.space
143979,vbix6zw2k7b1tsccegyt4eyn.live
144029,vavadas30.top
144044,vinoseleccion.com
144065,vaio.com
144175,volynpost.com
144181,volley.ru
144320,vdns.at
144333,viva.ro
144339,vavadas6.casino
144558,vancastvideo.com
144559,veification.com
144560,verysecureapi.com
144561,vodoplay.tv
144562,vpsastroqore.uk
144563,vvwe.shop
144596,vid-monetize.live
144618,vuecinemas.nl
144893,video01.org
144905,virtacore.com
144915,viajanet.com.br
144920,viajeroscallejeros.com
144973,vortez.net
144980,volleyballvictoria.com.au
145030,voxi.co.uk
145038,vanihq.com
145045,vyos.dev
145081,vp.vc
145125,v1dz.com
145137,valantic.com
145152,vivre.bg
145209,vetmeduni.ac.at
145248,visittampabay.com
145333,vesselfinder.net
145360,varmatin.com
145421,vapehub.co.uk
145444,ventalmebel.ru
145445,velestore.su
145563,vpk.name
145587,vertigogames.co
145677,virtualsprivate.network
145769,victorspredict.com
145777,variflight.com
145847,voucherhive.co.uk
145857,viabtc.world
146025,vixns.net
146069,videotubeparty.com
146096,visitduesseldorf.de
146097,vuforia.com
146106,vybortv.ru
146119,vmms.vn
146158,viikblqc.com
146205,vitz.ru
146229,virtualpilots.fi
146232,verpackungsregister.org
146279,verisure.com.br
146297,vendr.com
146311,vinelink.com
146499,villaanticaledune.it
146591,vettersoftware.com
146634,vbios.tech
146664,vcd.org
146668,valoraanalitik.com
146789,video-shoper.ru
146802,vizzed.com
146837,validclick.net
146868,vodafone.in
146911,velocitydns.net
146942,virt-chat.net
146958,verjobs.com
146994,vildey.com
147002,vobao.com
147009,vdocuments.mx
147031,venum.com
147054,vanceoutdoors.com
147099,vglook.com
147105,viettelperu.com.pe
147144,videosxy.net
147194,virail.app
147291,vistula.edu.pl
147333,virbela.com
147340,virelotan.hair
147343,visitmaldives.com
147357,vps-dns.info
148442,validxxx.com
148443,vaycasino1111.com
148444,vaycasino1114.com
148445,vaycasino1115.com
148446,vegafon.com
148447,vegakmv.com
148448,vegamovie.club
148449,vegamovie.nz
148450,vegamovies.haus
148451,vegamoviesnl.quest
148452,vegasez.com
148453,vegasholy.com
148454,vegasut.com
148455,vespa640.com
148456,vgmlinks.app
148457,vicuy.co
148458,videyls.site
148459,videys.id
148460,vidkw.com
148461,vidoyx.com
148462,vidzeyyy.xyz
148463,viet69.tc
148464,viet69.vg
148465,vio77d.store
148466,viphi7.com
148467,viralkand.media
148468,viralkand.video
148469,viralxmp4.com
148470,virushunterx.xyz
148471,visipandawa4d.com
148472,vl69.st
148473,vlxvn.biz
148474,vlxvn.com
148475,vlxvn.site
148476,vlxxvip.org
148477,vn-heovl.com
148478,vnsex.cc
148479,vxv045.com
148578,versio.be
148605,vatgia.com
148659,vitalimagery.com
148683,vfsai.com
148737,viktor-rolf.com
148822,vertuna.com
148848,vectorworks-online.de
148867,vblink777.club
148873,vawoo.com
148913,vuturevx.com
148924,vida.kz
148930,viva.pl
148951,viddly.net
148961,venly.io
149017,visittucson.org
149035,vegascreativesoftware.com
149131,verimor.com.tr
149204,vu.com
149289,victor-win.art
149356,vinmonopolet.no
149359,vzaar.com
149363,voiceamerica.com
149410,vaticanstate.va
149443,visale.fr
149495,vini.pf
149500,vidplay.top
149604,vsau.ru
149647,vocus.net.au
149683,vherso.com
149716,vidnoe.net
149819,vrnds.ru
149899,vfuke.net
150018,vegagerdin.is
150083,vinuni.edu.vn
150091,viralnova.com
150180,verbling.com
150194,variantnow.com
150209,vanaqua.org
150270,vf.se
150289,vat19.com
150337,verloop.io
150389,varlamov.ru
150546,voentk.ru
150549,verybestbaking.com
150603,verdictum.in
150619,vorbelutrioperbir.com
150636,vrrul.com
150687,vend.com
150750,visitalbuquerque.org
150787,vbs-hobby.com
150820,veoxa.com
150832,vitabiotics.com
150899,volkswagen.it
151000,volleshaar.ch
151011,volcom.com
151056,veritaconnect.com
151089,valiant.ch
151121,vphband.com
151131,vitalityextracts.com
151140,varta-automotive.com
151141,varden.no
151155,vivod-iz-zapoya-2.ru
151178,voiceofoc.org
151180,vpn-port.com
151235,vmdns.net
151255,visible.ru
151270,vsmvideo.com
151313,vizientinc.com
151324,vorboss.net
151333,versanus.eu
151397,virtex.com.br
151480,vir.jp
151504,vitamingrocer.com
151565,vysn.com
151632,vernet.su
151660,victoriatire.com
151672,virginradio.co.uk
151729,vrlfs3tx2x.com
151841,vcdelivery.com
152040,vnggames.app
152062,voice123.com
152079,verisure.es
152179,vertbaudet.pt
152189,vps.com.vn
152323,vimar.com
152335,vipfinanceira.com.br
152389,vuldb.com
152409,virtual-private-servers.com
152429,vistage.com
152462,vipsuperbowltix.com
152464,vsmonitor.com
152508,vpscitydns.com
152527,videonewsfeed.com
152537,vip-kitty.com
152584,virological.org
152604,videoconverterfactory.com
152717,vsct.fr
152815,varsity.co.uk
152829,valmont.com
152963,vsp.fi
153078,vipkid.com
153097,vis-express.fr
153145,vendasta.com
153150,vlessi.cloud
153170,vib.be
153225,vspo.jp
153262,vlast.kz
153276,vernova-dns.us
153277,voetbalprimeur.be
153280,vnet.sk
153285,villatalk.com
153312,vivacar.fr
153358,vlipsy.com
153468,voertuig-zoeker.nl
153483,vinopen.ru
153488,vrwant.org
153504,vrpublic.fi
153568,vinesign.com
153582,visualfractions.com
153696,vidgrid.com
153794,vjudge.net
153804,visitnebraska.com
153805,vodafone.al
153952,voxeo.net
153989,virginmedia.ie
154088,vdsdrinks.be
154136,vnbadminton.com
154176,vrvideo.cloud
154283,veev.to
154286,vsegda.store
154290,vse-o-tattoo.ru
154437,vapordna.com
154517,vent-axia.com
154535,vittoria.com
154554,vacvps.com
154601,vetsmart.com.br
154627,vspu.ru
154734,vimcar.com
154739,vehiclekhatabook.com
154788,vxb.com
154811,viettelpost.com.vn
154812,vdoc.com.vn
154815,visitdalarna.se
154916,vernova-dns.network
154924,vnbit.org
154965,vcot.info
155016,viatris.com
155017,vidbl.ing
155217,verani.com
155237,vclouds.uz
155264,vonageservices.com
155342,vzljot.ru
155343,vygr.net
155361,videomanysex.com
155376,veuxtube.com
155379,vimaru.edu.vn
155389,venuewifi.net
155407,verynude.net
155425,venge.io
155440,voipwelcome.com
155642,vdigger.com
155647,voodoocasino.io
155675,vtb-leasing.ru
155681,vx00.com
155690,v4.md
155750,vinbase.ai
155763,vkteam.ru
155790,vetcove.com
155799,vesbalans.ru
155848,vegconomist.com
155934,videobel.by
155949,vidzflow.com
155964,virtualfrost.com
156119,vktry.com
156133,vogue.com.cn
156183,vega.com
156205,vas-hosting.eu
156262,v-proxies.com
156278,vvmf.org
156361,viamichelin.at
156378,vintagegasstationcollecting.com
156437,vinoteket.dk
156553,vntg.com
156578,venlust.com
156702,vniiht.ru
156744,vpsmalaysia.com.my
156796,viayoo.com
156842,vh.net.pl
156848,vitalityactive.com
156910,vecpea.com
156961,volocars.com
157080,valais.ch
157180,vipvoipuk.net
157181,voyagesarabais.com
157198,vanesing.cn
157201,vidu.studio
157256,visa.ca
157340,valleyfurniture.net
157366,vitamingrocer.com.au
157409,vinci-energies.com
157423,vodacom.co.ls
157444,vmc.gov.in
157446,vgn.de
157461,viphost-dns.com
157481,vicfires.cat
157517,videogamegeek.com
157553,vaimo.network
157604,viewpoint.ca
157616,virtio.fr
157692,vr-bankingapp.de
157721,vsol-reg.com
157746,valorizze.org
157808,volkswagen-nutzfahrzeuge.de
157817,verbix.com
157906,vider.de
157910,vintageadviser.com
157975,vavada-cdn.net
157990,videotronic.io
157994,vielfliegertreff.de
158027,veneziaairport.it
158156,vgscom.ru
158192,vakilsearch.com
158196,vhoz.ru
158221,vodka6h85.com
158394,visitbristol.co.uk
158409,v-j-5-r.com
158459,vr.de
158494,vliegwinkel.nl
158504,vv.ua
158527,visitsicily.info
158779,vansonmawartoto.com
158787,vmwarehorizon.com
158808,v7ying.com
158838,veluxusa.com
158862,verygoodsecurity.com
158882,vouquitar.com
158902,veteran.com
158905,veuveclicquot.com
158915,viessmann-platform.io
159021,vkdn.com
159076,vdocuments.site
159183,visitingmedia.com
159204,vcgov.org
159251,vallhebron.com
159265,vwh.net
159313,vegress422.com
159322,vdare.com
159356,villagehatshop.com
159390,vanharen.nl
159473,vlabstatic.com
159507,vetta.net.nz
159558,vwma.org.au
159618,valore.com
159730,vtr.cl
159749,vapevo.com
159808,veeamdatacloud.com
159856,vinhistory.ru
159857,vanitytron.org
159884,vsrb.ru
159916,vastdata.com
159923,vilagale.com
159998,videoappwatch.lol
160029,vineapparel.com
160143,verteiltesysteme.net
160155,vikmaster.ru
160170,van-peeren.de
160190,vikingbags.com
160210,viadennis.nl
160226,vspserver.net
160308,vivantes.de
160322,viplist.space
160323,volusia.org
160385,vperyod.ru
160467,vedix.com
160560,vitra.com.tr
160566,vintage-radio.net
160570,vantagensvip.com
160578,voofd.com
160653,vpnizator.online
160656,vgtv.no
160779,viswit.com
160814,v3.co.uk
160815,vastgig.com
160865,voiceandvideosales.com
160919,vacationidea.com
160976,voip.kz
161053,veniti.com.br
161054,vodu.me
161096,vom.com
161099,vastadvensentframe.click
161128,valueupmap.com
161235,vipip.ru
161241,visualcrossing.com
161367,vsmsinfo.ru
161368,vid-ip.com
161384,visitmycityfor365days.online
161401,vt.co
161625,vietnix.net
161629,viaplay.dk
161636,vgz.nl
161695,viagogo.co.uk
161761,vioc.com
161802,vaillant.de
161834,visit-canigo.com
161891,viepratique.fr
161925,vineapps.com
161932,vusevapor.com
161944,volcmcdnalias.com
161946,vogue.com.tr
161968,vstarcam.com
162030,veekun.com
162050,virtualtelescope.eu
162067,vandepoelelab.be
162080,vcdnlare.com
162182,vtube.mobi
162215,vbankcenter.ru
162232,viverse.com
162271,vistanet.it
162341,verbformen.net
162385,vgatemall.com
162458,vklmczbgt.com
162551,visitlaketahoe.com
162555,victimsofcrime.org
162638,virginiainteractive.org
162696,virtuals.io
162789,vemovie.cc
162801,vectron.cloud
162859,viking.de
162896,virginhotels.com
162909,vxe.com
162942,volcimagex.net
162984,vet-concept.com
163019,vui22.com
163058,von.gov.ng
163122,verif.com
163127,vehiclehistory.us
163154,vee24.com
163277,vva.org
163393,vnncdn.net
163456,viptela.net
163503,vtb-bank.kz
163506,volunteeri.com
163527,voip-hq.de
163601,valueline.com
163606,vsm.sh
163620,vibes.com
163621,voidwallguard.com
163693,vintagecuties.com
163725,vkusercdn.ru
163766,veetime.com
163814,vietnam-briefing.com
163844,verdecora.es
163860,vividsydney.com
163878,valueserver.net.br
163940,vlinkapi.com
163955,vintageaerial.com
164189,villeroy-boch.de
164214,vltech.ru
164223,vogels.com
164266,vfliga.com
164291,velocityfrequentflyer.com
164327,vbg.de
164383,viabtc.pro
164393,veganricha.com
164431,vietravel.com
164453,vietnap.net
164520,vlxx88.pro
164564,veqiz-poki.online
164590,vtsnet.ru
164615,vegweb.com
164669,valenciabonita.es
164724,vavadas5.sbs
164776,vgamepop.com
164779,virtualwall.org
164847,vero.co
164868,voxter.com
164884,vasto.space
164916,visitsavannah.com
164933,vivisimo.com
164942,valorpaytech.com
164950,viascreens.com
164965,vegetariantimes.com
165101,varchasvacorp.com
165210,voip.ru
165291,veeps.com
165353,viamichelin.ie
165357,vtechost.com
165358,vehis.pl
165377,venere.com
165390,vejgul.com
165518,volvoforums.com
165533,validname.com
165558,volkswagen.com.br
165577,valkexclusief.nl
165636,viecuri.nl
165736,vegasmobilecasino.org
165766,vorratsdatenspeicherung.de
165770,vitadox.com
165794,vservs.net
165879,vpn.lease
165991,vitalhealthglobal.com
166104,visitomaha.com
166187,vut.ac.za
166220,v.recipes
166436,vb.kg
166445,vtbgroup.com
166452,veryfreeporn.com
166465,vikingsword.com
166516,veritas.es
166572,vaporesso.com
166604,verginet.net
166605,vegosm.ru
166616,vsys.host
166654,vip5777.com
166672,vivelafete.com
166705,volgaflot.ru
166804,visegradfund.org
166806,vmnd.tv
166835,vulmon.com
166877,vimemc.net
166935,videogameplay.ru
166966,vipavenue.ru
167011,vasansi.com
167125,vdeploy.net
167222,viisfxlg.com
167233,vnative.net
167379,vuanem.com
167460,velobet.com
167524,vernova-dns.io
167553,vbotickets.com
167596,verbapps.net
167630,vacationport.net
167631,virtooal.com
167685,vita.gr
167734,videdeco.com
167753,videoitaliaproduction.it
167839,viaplay.tv
167852,vshosting.eu
167887,vermontbiz.com
167931,vvng.com
167980,vernova-dns.info
168000,visage.golf
168003,vemcount.com
168028,vvd.nl
168045,vseprokolo.cz
168059,vortex.com
168110,vr.org.vn
168183,victorycorp.ru
168218,vent-a.com.ua
168263,vocesdecuenca.com
168306,vicars-furniture.com
168308,voenyx.com
168341,vidapi.xyz
168343,voipperformance.net
168346,vwow.me
168370,visitmilwaukee.org
168392,vodahost.com
168441,vistra.com
168448,vn.nl
168454,videohdzog.com
168468,vagrantcloud.com
168499,vg-store.ir
168522,vist.is
168542,virtualf.ru
168596,vademec.ru
168652,vexel.blog
168688,valleymetro.org
168708,vam-auto.ru
168720,vrijeme.us
168764,vaielettrico.it
168768,vincispin.app
168787,videomonitor.cloud
168789,vfchavig.cc
168806,vistar.com
168809,viantp.com
168833,viva.com
168854,viva.com.kw
168895,vertivco.com
168981,visitcos.com
168993,vt3.io
169013,vogon.hr
169094,vectorportal.com
169169,vprok.ru
169180,vapor-obv.io
169256,visitorqueue.com
169258,valormovil.com
169311,vksport.kz
169402,videocdnmetrika72.com
169409,vigiato.net
169423,visitindy.com
169555,vettimes.com
169578,vivo-chat.com
169579,vinafix.com
169606,vgae.ru
169626,via.de
169631,visitjeju.net
169660,vwpartsgiant.com
169683,virtua.org
169696,vktv.no
169740,verstappen.com
169769,verymobile.it
169773,vans.eu
169799,vmedia.ca
169804,volleyball.ir
169838,vdkcdn1.com
169845,viamaja.dk
169912,vrm-trauer.de
169929,vinegarsyndrome.com
170029,vshred.com
170062,virtu.nl
170075,voila.ca
170085,villagehouse.jp
170118,visit-hokkaido.jp
170186,videohotmovs.com
170204,vin-decoder.com
170258,viamichelin.nl
170466,vsurv.com
170499,vivaia.jp
170580,vwfsag.de
170594,vidanthealth.com
170595,voxukraine.org
170611,verifyemailaddress.org
170618,vesti.ua
170664,vtvanalytics.com
170817,villa-marianne.com
170833,vega-net.net
170860,veiwa.cn
170989,vilebrequin.com
171024,viajala.com
171040,voyagespirates.fr
171154,valthorens.com
171243,vizita.si
171249,vzhostindia.com
171257,visitbergen.com
171292,vikisews.com
171302,viewproxy.co.uk
171322,vlasta-s.ru
171325,vizcom.com
171358,visitdetroit.com
171364,vail.com
171392,vucommodores.com
171462,viabtc.top
171486,volkswagen.com.ar
171495,vebeg.de
171516,vytam.in
171520,vuelio.co.uk
171540,veritas.at
171697,vernier.com
171727,vincerocollective.com
171739,vlib.org
171740,vectary.com
171799,verdaura.site
171800,vxzone.com
171801,vogue.cz
171809,vbtelecom.net.br
171822,velocityautomotive.com
171842,verhalenbank.nl
171850,voilaporno.com
171902,vwusa.io
171910,videoarama.ws
171917,vridhamma.org
171918,vacationsrental.com
171919,visualgpt.io
172076,verestro.com
172121,vps-default-host.net
172140,vcuramnation.com
172178,v7labs.com
172209,vtexpayments.com.br
172229,virginislandsdailynews.com
172270,victoriabeckhambeauty.com
172292,vintagesexhub.com
172304,v46wd6uramzkmeeo.in
172337,verity-voice.com
172358,vgccedu.com
172404,vnet.bo
172432,vl1c.ru
172435,vpnn.space
172469,vegatele.com
172546,volvic.de
172556,vermietet.de
172560,velournight.com
172635,vimeo.tv
172637,voaindonesia.com
172645,visionclick.net
172682,viideyy.me
172716,vanlett.com
172725,volgmed.ru
172744,vodka.bet
172785,vol.no
172815,visitgreaterpalmsprings.com
172828,visitbarbados.org
172850,vguard.in
172856,voice-online.co.uk
172864,veseris.com
172884,vioralinks.com
172885,vareni.cz
172890,venusafter.com
172893,varta-ag.com
172968,vanchosun.com
172981,vivatube.club
172994,versapay.com
173075,velvetcine.com
173125,vimondtv.com
173130,v676msdv.com
173152,vandenhoeck-ruprecht-verlage.com
173202,vave.com
173219,vault-apex.com
173240,vcfed.org
173260,vaginjwe.com
173295,victor-wiki.win
173405,vn.ru
173469,velocitypayment.com
173562,vercel.ai
173563,vafadari.co.uk
173592,vetassist.ru
173603,vpnsell.site
173606,vrvy.net
173624,vansoutboardparts.com
173664,vitevjtlawkl.site
173667,videotilehost.com
173730,vodglcdn1.com
173783,vectr.com
173949,v6dns.jp
173970,veneziafc.it
174047,vininspect.com
174167,valaszonline.hu
174208,vidfast.vc
174227,vitabrid.co.jp
174243,vc2hdrp.com
174257,vectalia.es
174288,varta1.com.ua
174304,velo-zuerich.ch
174342,vitas.com
174346,vrizead.com
174349,vip2ch.com
174389,vbirfone.cc
174413,voteyesprop36.com
174461,v102.ru
174508,venuelook.com
174512,velux-active.com
174527,v1dplayer.com
174549,vtnoc.net
174569,vpnunlimited.com
174602,vitafant.com
174611,virtualsolution.net
174617,vidvault.ru
174714,vta.org
174833,vector-noxus.com
174855,vindral.com
174902,vantosh.com
175029,vipboxi.net
175047,vocus.au
175085,vtbsd.ru
175094,vectorcommunications.net.nz
175106,vintagefootballshirts.com
175140,vndly.com
175143,valdperformance.com
175169,videyss.co
175186,vistabet.gr
175207,viewmychart.com
175220,vinhlong.gov.vn
175249,vinoshipper.com
175251,viral-loops.com
175253,videozo.ru
175268,van-cash.com
175284,volosports.com
175343,vocegiallorossa.it
175358,vocedm.com.br
175374,vernova-dns.com
175409,vqjiedhy.com
175446,vidrock.net
175464,vidnoe-adm.ru
175493,visitcaymanislands.com
175507,viessmann.com
175514,vr.se
175516,vyhraj.cz
175657,viralo.club
175674,voxmail.it
175749,voomisupply.com
175758,vacationrentalspoint.com
175815,visitandorra.com
175903,viva-porto.pt
175973,verticalscope.com
175990,vanillaradio.com
176157,vicdn.cloud
176189,vu.cm
176313,vidaxl.net
176345,visitreykjavik.is
176370,visitliverpool.com
176373,vuture.net
176396,vservs.eu
176398,vso.org.uk
176507,virtusize.kr
176659,viponerunandjob.com
176687,villoid.no
176711,vietnamfinance.vn
176728,vitafor.com.br
176827,vitdns.net
176830,vendeeglobe.org
176833,villageinfo.in
176836,vistasocial.com
176863,vacationhomerentals.com
176921,vpber.info
176930,visitmy.social
177007,vp.ru
177008,vega.am
177010,vincdn.net
177011,vechainstats.com
177050,veritas.be
177052,vivenushop.com
177085,vtb.az
177184,vimos.ru
177191,virscan.org
177250,vkx.app
177353,vivi.lv
177390,vitonica.com
177455,videyonline.top
177469,vio.edu.vn
177513,vsbmeza3.com
177541,vossloh.com
177588,virusbtn.com
177661,vevor.mx
177678,vfe-hosting.net
177682,viewpointcloud.com
177684,villaplus.com
177693,vitalik.ca
177708,vdi-nachrichten.com
177839,vipgunma.com
177848,vnua.edu.vn
177854,vodvidl.site
177907,vdict.com
177918,vivelavita.com
177937,v-js-menu.run
178158,vfu.bg
178159,valorperu.com
178197,vhv.rs
178201,visitortracking.com
178210,vid-xm.com
178221,vanderhaags.com
178227,videosad.net
178252,vparts.se
178266,vegsoc.org
178270,velvory.co.uk
178311,vpu-online.com
178312,valutafx.com
178333,vibostream.site
178334,velnet.ru
178347,voyeur-house.org
178399,vadian.net
178453,videosashka.com
178523,vkpay.ru
178599,viget.com
178674,visitgreenland.com
178680,vega.ua
178728,voyage-prive.es
178841,vla.pt
178884,vyhledatcislo.cz
178934,veimia.com
178978,vtech.com
178992,virtio.be
179036,vocetelecom.net.br
179119,viomba.com
179141,vqronline.org
179160,vdmcdn.com
179218,vitalproteins.com
179246,vlebazaar.in
179250,virtasenkauppa.fi
179289,vidoevo.com
179309,vidalak.com
179363,vmheaven.io
179383,valledelcauca.gov.co
179501,vipsnet.com.br
179517,vegasystems.net
179575,visionexpress.pl
179579,visitbrasil.com
179602,viideyhub.my.id
179608,visapowertravel.com
179624,vollmergruppe.de
179851,voiceads.cn
179945,vgmtreasurechest.com
179952,vmailserv.com
179984,volareweb.com
180085,vpshouse.net
180102,vetsource.com
180174,voxeurop.eu
180179,verticalmag.com
180219,visualforce.com
180258,volkswagenstiftung.de
180259,vergelijk.be
180261,visa.co.in
180352,vonex.biz
180432,vtk.org
180448,voyeurflash.com
180463,vedacom.ru
180486,vanyoda.tech
180492,veletrhyavystavy.cz
180579,vancranenbroek.com
180596,vyborg.net
180613,vogue.sg
180627,verymacedonia.gr
180664,viennacix.com
180674,videodetective.com
180760,visaforchina.org
180925,vuzix.com
180941,volcenginedata.com
180944,vr-zone.com
181027,vaterland.li
181033,viata-libera.ro
181093,visitpensacola.com
181130,vor.at
181194,voltix-net.com
181242,vlink.ru
181259,videoteka.info
181262,vogu35.ru
181266,vibelyn.com
181303,virtualhostingdigital.com
181412,voguehk.com
181452,victaulic.com
181507,vodotehna.hr
181665,vozer.net
181670,vhita.com.br
181742,viktor.com
181781,vod-common1.com
181790,viriyah.co.th
181933,vnext-ldv-cf.live
181934,vieclamtot.com
182064,vodafoneziggo.nl
182085,vpngn.com
182159,voofla.com
182203,vicloud.cloud
182219,vesti-online.com
182257,vans.mx
182267,villanova.com
182331,vsetutonline.com
182369,vipwawa.com
182384,versacommerce.de
182385,vistajet.com
182400,viacaocometa.com.br
182402,voca.tech
182486,vip-site2.ru
182544,virtclub.com
182548,vegaformazione.it
182587,vkuseraudio.com
182627,vths.dk
182807,vodobox.com
182828,verksamt.se
182946,vnetindia.com
182965,visitbenin.org
182966,valleywisehealth.org
182977,vereinsflieger.de
183009,vuxo7.com
183045,vip333id.com
183062,vntu.edu.ua
183113,valor-india.com
183130,versii.com
183134,vitebsk.by
183148,vheer.com
183177,vicksburgpost.com
183179,vildeey.site
183181,ventrilo.com
183238,vwbk.de
183279,verio.net
183283,vpliuse.ru
183293,vstecb.cz
183297,vod-qcloud.com
183298,vde-verlag.de
183344,vergimh.forum
183351,veshk.ru
183443,veeva-vcrm.com
183475,verificationcode.vip
183522,veolia.co.uk
183591,v21.biz
183639,vbschools.com
183647,vroc.ai
183653,vps3nter.ir
183671,vidquickly.com
183703,vert.eco
183708,vgate.co.nz
183723,verisignlabs.com
183733,vapa.co.in
183746,vless.biz
183831,vkvideo.uk
183864,velbrueck.de
183922,vitsdpr.ac.in
183925,visitcumbria.com
183977,vsgun.com
184021,vidoba.org
184067,vipwank.org
184117,viseca.ch
184179,vrcmods.com
184329,virallvista.com
184371,verifi.com
184426,vicorpower.com
184448,virginbet.co.za
184454,vidsrc-embed.ru
184476,vietnammoi.vn
184542,vpnifyapp.com
184627,virm.ac
184688,vnue.co.nz
184703,vnetrix.com
184710,viirhpfa.com
184719,vente-unique.pt
184762,village-v.co.jp
184786,verifast.ai
184792,vancity.com
184908,vpnsuper.com
184949,venipak.lt
184955,vremyan.ru
185037,voguescandinavia.com
185045,vhv.de
185085,voyager-katalog.pl
185096,vinyl.com.ua
185120,v-avto.ru
185168,victoriassecret.com.tr
185185,versontwerp.nl
185193,vibio.tv
185199,vtbank.am
185241,viotp.com
185278,virascience.com
185352,vfsglobal.co.uk
185459,videyox.uk
185467,vsemoiki.com
185491,videosdezoofilia.info
185492,videyc.net
185786,villagekids.com
185918,valorinormali.com
186298,vakiljo.ir
186299,vends-ta-culotte.com
186300,visualcare.com.au
186301,vpower34.com
186417,vivatech.com
186435,vecherka.su
186476,vocadb.net
186483,vip-jisldk-feo-dun.com
186493,vpercms.vc
186504,vnpaycloud.vn
186539,videos-mgh.com
186579,vidmo.org
186757,vozplus.com
187118,v88toto109.com
187119,vegamovie.page
187120,vermasx.com
187121,vhideykuh.biz.id
187122,vip288win.com
187123,vivo303pildun.com
187180,vectorimages.online
187229,vyprodejpovleceni.cz
187251,velocicast.io
187268,visitmo.com
187279,vinpin.ru
187377,vdnet.ru
187389,vialink.com.br
187400,vkino.com.ua
187452,vide-scm.cn
187517,velocloud.net
187526,voenmeh.ru
187546,vniinmash.ru
187561,vzy.io
187576,vestivrn.ru
187616,visualboyadvance.org
187621,virginlimitededition.com
187650,visitgroningen.nl
187806,visititaly.com
187930,viptron.pro
187979,vool.com
187991,veepee.es
188012,volumio.org
188042,view.com.au
188052,vltele.com
188066,vermontlaw.edu
188126,visitfortmyers.com
188150,viome.com
188181,viduy.lol
188211,vstreamcdn.net
188233,vconew.com
188252,vpninsights.com
188253,vialivechat.com
188350,vanillacommunity.com
188362,vendizap.com
188463,vigortrade.ru
188515,vpntester.net
188537,vidagrid.com
188538,vector-tech.io
188574,viidakko.net
188575,valor-argentina.com
188656,vitalux.es
188683,vwe.nl
188685,vodokanalrnd.ru
188745,venafi.io
188753,viatec.ua
188852,views4you.com
188894,vnish.ru
188914,vips.es
188917,vaccination-info-service.fr
188947,voxel.net
188980,vipviet.net
189007,visitvirginiabeach.com
189010,visitmaastricht.com
189095,vodoley.info
189096,valsusaoggi.it
189097,viostream.com
189150,vlmedia.cz
189158,vervendi.com
189190,videocc.net
189201,vippsmobilepay.com
189229,vampire-blood.net
189231,visitjacksonville.com
189238,vivaelbirdos.com
189244,vokino.tv
189318,vexboost.ru
189367,viatrolebus.com.br
189381,vistaexpert.it
189395,vsegda-da.com
189429,vn-hyena.com
189432,vaiadigital.net
189462,vaypol.com.ar
189463,victoriassecret.cl
189492,vans.cl
189496,vacationpirate.com
189517,vladlink.ru
189536,vendee.fr
189566,volocopter.com
189621,vanderlindemedia.nl
189624,vhn.cl
189643,vhs.at
189716,vdpro.jp
189730,vega-int.ru
189746,vodka71c2.com
189751,vanpraet.be
189771,vanderlande.com
189779,vc4a.com
189845,vipcloud.it
189851,vegasway.com
189860,vilohome.com
189861,vpr.net
189902,vse-knigi.org
189918,vascular.org
189934,vinosmith.com
189948,vhub.pro
189962,vitapur.si
189969,veritaspress.com
190046,very-good.ru
190088,visitwallonia.be
190093,vodafonexdsl.co.uk
190118,vknext.net
190170,vator.tv
190291,voxco.com
190292,vega.com.ua
190345,virtusize.com.cn
190349,vives.be
190424,vm1.fi
190501,vbn.de
190543,vintage-kitsch.co.uk
190642,veronet.com.br
190669,victorybet.ro
190686,vpntoggle.com
190715,vdxl.im
190743,vreme.us
190778,voxya.com
190815,vole.wtf
190855,vmos.io
190891,vitaminedz.com
190968,vintageguitar.com
191013,vb.me
191045,visualnewshub.com
191138,voda.hr
191189,vuduperformance.com
191265,vcm.com
191315,valaitamil.com
191325,verotel.com
191335,vsc.edu
191518,vectorlive.com
191610,voordekunst.nl
191716,vine.blog
191757,vdncache.com
191778,vkjyoi.cn
191794,villa-bali.com
191853,viacoin.org
191919,verdon.ro
191933,vivacollege.in
191966,vetup.app
191996,vnreview.vn
192038,verio-web.com
192091,voyeurhouse.com
192100,vilrita.com
192102,villagesoup.com
192163,v2rayclient.com
192258,vpc.org
192302,visitchattanooga.com
192398,virtualmuebles.com
192425,villasahara.com
192441,ventureburn.com
192456,vechirniy.kyiv.ua
192462,vermelho.org.br
192468,voleylibre.com
192542,vdi.su
192549,vgabc.com
192555,vespucionorte.cl
192584,vernet.lv
192594,vfaudns.com.au
192623,vibragame.org
192699,viabtc.tv
192730,visitfaroeislands.com
192740,vivamax.net
192826,vn68wim.com
192881,visionular.cn
192906,vietlott-sms.vn
192916,visualset.com.br
192917,vivefitcoffe.com
192936,viralurl.com
193048,v8hdmovie.com
193057,vova.su
193088,vnf.fr
193129,videounit.net
193163,visiontimes.com
193178,vulkane.net
193197,volksverpetzer.de
193236,veke.fi
193254,viewgals.com
193279,vzrsy.com
193317,visualplatform.net
193336,voenhronika.ru
193357,versatilis.com.br
193373,vhs80.com
193515,viu.to
193517,vintage-mustang.com
193603,videcom.com
193642,vestibular.org
193652,videodlservice.com
193746,vertiche.mx
193758,vegas123jpku.com
193777,vistula.pl
193844,voyager.online
193861,vendini.com
193940,vorname.com
193952,vhostdns.net
193981,videoland.com.tw
193995,valtiolle.fi
194006,vengolabs.com
194026,virtualregatta.com
194156,vagyaim.hu
194272,verdecasino.com
194363,vetain.de
194406,vetc.com.vn
194470,verycache.com
194482,vpnrapid.net
194511,visitmississippi.org
194527,volterradns.io
194530,vetraproperty.com
194548,vmfh.org
194581,vkvideo.lat
194611,vdl.lat
194634,votonia.ru
194635,vwfs.cz
194648,veo.com
194729,vipdecorating.com.au
194743,vibeshortlive.com
194819,vbgcity.ru
194835,vat.gov.bd
194879,vivasexe.com
194935,voertuig.net
194955,vogelbeschermingshop.nl
194979,visitcalgary.com
195026,vestibulare.com.br
195069,vgjt.info
195111,veravitamagazine.com
195125,velocidadcuchara.com
195173,voipango.de
195189,volcanoteide.com
195193,vip-jidun-cdn.com
195218,viz.ai
195247,v777.casino
195271,vpsplayground.net
195366,visitkorea.or.kr
195406,vesti.co
195412,vtraveler.info
195479,vashdom.ru
195559,volyn24.com
195673,virtusa.com
195694,veslink.com
195726,valenceromansagglo.fr
195767,vitaminexpress.org
195822,vlasti.net
195824,vulkanvegas100.pl
195838,visaca.com
195871,vpnproxy.site
195926,viasona.cat
195939,vionhost.com
195997,viamarket-counter.com
196033,vaasa.fi
196077,vniizht.ru
196092,vantaa.fi
196162,varindia.com
196166,versailles-repro.fr
196173,vps-sun.com
196186,voicenet.com
196259,viscontimilano.com
196309,vpah-auvergne-rhone-alpes.fr
196332,victoriassecret.mx
196409,veza.ru
196470,ville-montrouge.fr
196599,vpay.club
196647,vocaloid.com
196685,viciouscustoms.com
196786,vflsys.com
196845,vlcapi.net
196881,voxfor.com
196918,vpaasgateway.com
196933,vfmerchantportal.com
196948,vince.com
197003,veevcdn.co
197128,vinylengine.com
197215,videoglaz.ru
197229,vpsix.net
197238,voffka.com
197264,vtinform.com
197280,vinaora.com
197343,vino.com
197359,vbg.ru
197452,vumbnail.com
197472,vrsimulations.com
197511,visionarywritings.com
197630,visomdm.com
197685,v3mh.com
197688,vads.com
197799,vvbrd.com
197811,vectric.com
197850,voyage-prive.de
197855,vana02.com
197881,virginiasoap.com
197884,veegames.com
197885,vincecamuto.com
197890,vandelaydesign.com
197950,vitalforcegaming.co.uk
198069,vancouver2010.com
198111,vegasmessageboard.com
198124,visitnh.gov
198435,velleahome.gr
198516,venbafragrance.com
198527,voltlighting.com
198530,vdbmate.org
198536,velleman.eu
198615,visit-corsica.com
198678,vesophuongtrang.com
198713,vova.loan
198742,vortexnetwork.net
198788,vinarteagropoli.it
198819,viperson.ru
198871,vacances-campings.fr
198879,vedicrishi.in
198960,vellum.ai
199108,vstu.ru
199123,venez.fr
199129,vedderholsters.com
199153,veka.ru
199155,vnuspa.org
199263,vologda.ru
199270,vidivid.ru
199289,vemostv.com
199304,vivopay.com.br
199316,vintage-guitar-world.com
199322,vps-moon.com
199325,vrsmash.com
199326,vipabc.top
199418,viewrush.pro
199424,vtop-shop.com.ua
199450,vdsc.com.vn
199507,voyageai.com
199517,vgate.app
199550,vuunet.com
199621,vash-net.ru
199624,vlive.tv
199671,v1dshorts.com
200231,valetax-indonesia.com
200232,vana04.com
200233,versustravel.eu
200234,viaggiando-italia.it
200235,vianney.com.mx
200236,vincecare.com
200237,vipzinho.com.br
200238,viralkand.app
200239,vitapur.hr
200240,vivai.space
200241,vivianfestas.com.br
200242,vm2345.com
200243,vm518.com
200244,vm916.com
200546,venezuelatebusca.com
200554,v-bank.com
200576,vasarlocsapat.hu
200589,vavadaze23f.com
200618,velajio.com
200619,vercomicsporno.xxx
200727,verymad.net
200739,vrngmu.ru
200753,vivoglobal.ph
200839,vitebsk.biz
200844,vrijemeradar.hr
200849,vroomly.com
200938,viaccess.net
200984,vbstorage.net
200996,vuibert.fr
201006,vr-elibrary.de
201014,vivaah.com
201017,vk09.ru
201033,vooju.com
201120,verify-recruit.work
201147,videosflow.sbs
201203,vue.org.py
201240,victorymuseum.ru
201301,vu-wien.ac.at
201336,visionaustralia.org
201371,ville-geneve.ch
201462,v3wall.com
201540,vipremix.ir
201558,vqwarta.ru
201559,vi.gov
201583,vanuatu.com.vu
201655,valneva.com
201695,visitstaugustine.com
201699,vinzlocks.com
201732,vivamaxph.com
201950,vavadauasxe2.com
202029,volosatiki.xyz
202053,valleywag.com
202066,vakanser.se
202086,vamsvet.ru
202116,visualcomposer.com
202117,vespa641.com
202122,veluwerenners.nl
202251,vanness1938.com
202256,vitalitynutrition.com
202321,vanarti.in
202322,vceyy.de
202323,viphoki-id.com
202332,vacco.com
202360,voinduha.ru
202369,votebar.com
202403,vaprio.cz
202430,viserlab.com
202477,vul.com
202523,viaduk.net
202525,variyt.ws
202617,valice.com
202641,viaconfig.com
202713,veganet.com.tr
202733,vip.ru
202750,vbulletin.org
202862,v6e7v7.com
202863,vetwork.com.br
202864,vz772.cc
202877,vstime.com
202923,vitol.com.ua
202944,vps-10.com
202959,vidsrc.mov
202967,visa.com.sg
203011,vaughn.live
203041,viruslist.com
203052,vacationhomelettings.com
203077,vac.gov.tw
203109,vnuhcm.edu.vn
203127,ving999.today
203146,vchat-onlie.com
203151,vonq.com
203155,vatsim-radar.com
203224,veloretti.com
203226,vivacredit.ro
203319,v2kart.in
203397,verzdesign.com
203457,vialoops.com
203514,vlesvpn.ru
203551,visitbrabant.com
203575,viamala.ch
203632,valrhona.com
203667,ventanillamovilidad.com.co
203669,vanlifemag.fr
203703,vogue.me
203771,vb.net
203831,vseetvbox.com
203854,vts.com
203876,validate.audio
203971,visualstandard.com
204160,volgagallery.com
204263,verse.works
204274,vixenplus.com
204326,valon.com
204337,vgg.ru
204401,velvi.net
204475,vivavpn.pro
204501,verif-ai.co.uk
204507,vip333aja.com
204562,vitapur.rs
204665,viaexpert.pl
204707,vistarvsa.com
204757,vidcache.net
204790,vidmateapk.com.in
204811,videopornoitaliani.com
204857,voltie.us
204922,vesti.az
204928,viewtrade.com
204953,visitraleigh.com
205011,vvvadapdo.com
205017,vgcloud.vn
205027,veepee.ch
205037,violetmovies.com
205058,victoriassecret.in
205218,vibrometro1a.com
205330,visitbusan.net
205415,vidvault.cc
205433,v-lazer.com
205463,vovkey.com
205478,vesti-ukr.com
205487,vpnlumos.com
205540,vegayazilim.com.tr
205558,visitgalax.com
205622,visaprepaidprocessing.com
205628,vollta.ru
205642,vcommission.com
205658,videonablyudeniemoskva.ru
205703,vulkan.org
205704,veryfastcdn.com
205746,vkforms.ru
205764,vapron.ai
205849,v9g1.com
205904,vetinte.nu
205946,visitpanamacitybeach.com
205954,villagefurnitureny.com
205987,vex.com
206107,vrn.de
206176,veilvpn.life
206187,vimeworld.com
206198,vhit.io
206226,visitrhodeisland.com
206298,v8m5e6.com
206340,vancl.com
206366,vaycasino2401.com
206374,vtmountainviewinn.com
206385,vbweb.com.br
206394,van-suv-rental.com
206416,vortec.com
206524,voicehost.co.uk
206545,vip-zino-casino.nl
206584,volleyballking.jp
206647,vavada5rhvt8.com
206651,visugpx.com
206654,vnet.com.ve
206661,vsegda-pomnim.com
206670,viki-play.com
206706,viding.co
206797,visitsedona.com
206848,visittallinn.ee
206868,veoapi.net
206940,vhs-lernportal.de
207044,vipcommerce.com.br
207087,vsb.org
207101,vetostore.com
207108,victoryroad.net
207282,vpforums.org
207286,voffice.top
207313,vnvista.com
207383,vectron.com
207468,vdeys.com
207622,versio.eu
207703,vk8.in
207723,vettigo.dk
207752,vogella.com
207778,vsevnet.ru
207814,vdb-waffen.de
207821,vetsxl.com
207851,vortexgaming.io
207887,vsrv6.nl
207951,visitcornwall.com
208000,vlmai-1.com
208005,vegamer.com
208032,virtualrc.com
208073,vprtrfc.com
208107,victoria.ca
208123,vinhomes.vn
208126,vulncheck.com
208187,vfpartner.com.au
208212,vdowntube.com
208274,votted.net
208322,validatebp.org
208364,valsurses.ch
208384,vizrt.com
208417,vasp.at
208479,vitalconnect.com
208482,vinted.com.au
208524,vantor.com
208578,vrising.net
208592,verawang.com
208600,vdey.us
208605,voodoodoughnut.com
208612,vipster.net
208661,vizyoner.com.tr
208669,vniikr.ru
208751,vanaraamat.ee
208771,vosesoftware.com
208778,vastsextube.com
208821,viasox.com
208876,vaginke.cloud
208946,vegas6djuara07.com
208947,vente06.com
209004,v16cq13.com
209115,vin65.com
209127,vinylarea.com
209185,vbirftwo.cc
209249,vestiaire.ca
209352,v2net.com.br
209379,verlagshaus24.com
209382,vepene.online
209394,valladolid.es
209476,visitcincy.com
209497,vacationcrm.com
209551,virginiadot.org
209586,vn888pay.xyz
209624,visit-dorset.com
209658,voeb-zvd.de
209710,vinyl4you.ru
209712,vlxvn.club
209751,videhy.cc
209764,visitiq.io
209816,vso-software.fr
209845,vegamour.com
209874,vi-fm.ru
209906,valley.com
209966,videoboosterw.com
210078,vaxcare.com
210098,volvo.net
210129,vrmode.space
210168,verwaltungsvorschriften-im-internet.de
210178,visitazores.com
210198,vmms.network
210213,vapeandjuice.co.uk
210234,val.it
210282,vivy.com
210510,vanya.pk
210569,vapeitalia.it
210570,vastoweb.com
210571,vidhd.pro
210572,vitaminkuofc.com
210631,vnjpclub.com
210644,vtt.ru
210748,veracross.eu
210805,vnphoto.net
210924,vinahentai.shop
210949,v3ycymvk.com
210953,victorious.com
210979,vaultedvaluesx.com
210997,vhpa.co.uk
211022,vaporstationuae.com
211024,vernonmorningstar.com
211075,ventureharbour.com
211105,viiidoyll.live
211303,visitbritainshop.com
211464,vid123.net
211583,vexo.tv
211594,vulcan.edu.pl
211681,vilrita.lt
211690,vinylarea.co.uk
211699,vapn.de
211700,volunteerhq.org
211721,vwcredit.com
211736,vkfest.ru
211779,vmwarevmc.com
211957,verbund.edeka
212005,visionai.link
212084,vietnam.net.vn
212134,vlxvn.fun
212238,vietcetera.com
212255,vb.md
212302,vsquare.org
212333,valor-casino-in.com
212369,va-drivercourses.com
212388,vulyplay.com
212412,vuse.com
212428,vghks.gov.tw
212454,victrixlimited.com
212465,vip288-pg.com
212482,versicherungsjournal.de
212614,vegamovie.rs
212615,vegamoviesnl.pics
212616,vipphimsexhay.com
212617,vnsexhihi.net
212618,volleyxall.com
212637,virtomir.ru
212807,varlesca.pl
212808,vb8.cam
212809,vidatrilegaltche.com.br
212810,vidood.space
212811,vivook.com
212851,vivanet.ch
212854,visiontechnologiesltd.com
212858,vkirove.ru
212918,vulpinecitrus.info
212957,villatheme.com
212998,visualon.info
213034,vgcdn.net
213072,viecoi.vn
213191,vce.com.ua
213303,vidxgo.co
213310,voicedub.ai
213318,videoskaseros.com
213358,viviansfurniture.com
213392,vintageandrare.com
213463,vermeer.com
213466,videosexo.org
213468,vidatrilegal.com.br
213473,vwhub.com
213509,viiexsoi.com
213533,vinograd.info
213616,vilcap.com
213696,vintageisthenewold.com
213701,volumntime.com
213820,vinhijau.com
213859,videoviewonline.com
213922,videozas.com
213944,victoryplus.com
213948,vhall.com
213958,vintfint.com
213995,vot-tak.tv
214010,visualgo.net
214110,vraiforum.com
214132,valr.world
214180,vaultnetworks.com
214219,virtueimpact.com
214912,v-heovl.com
214913,vacancymode.in
214914,vdeq1.de
214915,vegamovies.courses
214916,vegandra.com
214917,vegasnay.com
214918,vg123pos4.com
214919,videohaylam.com
214920,videosexhay.com
214921,videyx.ink
214922,viildey.bond
214923,vio77e.site
214924,vip123asli.com
214925,vip788-pecah.com
214926,vipphimsexviet.com
214927,viralkand.one
214928,vlxvn.lol
214929,vlxx.fit
214930,vlxx8.org
214931,vnsexhihi.com
219631,v1a4r8m.com
219632,v3a5r1m.com
219633,v3game5.com
219634,v55vy.com
219635,v5o9.ru
219636,v6m4a9r.com
219637,v8m2a6r.com
219638,vaivaibet.club
219639,vakantieveilingen.be
219640,vallesabbianews.it
219641,valtellinamobile.it
219642,valuedopinions.co.in
219643,vanauraorganics.com
219644,vanced-official.com
219645,vanex.io
219646,vauner.pt
219647,vazloautoparts.com
219648,vb289f3e3.com
219649,vb8-game.com
219650,vclass.ac
219651,vdw234.com
219652,vecchio-cinema.it
219653,vecinadelanga.com
219654,vecinasmaduritas.com
219655,vecinaspasionales.mx
219656,vectorpremium.jp
219657,vedamandir.com
219658,vegamovies.lighting
219659,vegus-666vip.club
219660,velbett-pro.com
219661,velkiusd.com
219662,venom889.blog
219663,ventorefacciones.com
219664,venuscrm.it
219665,verajohn-1.net
219666,vercomicporno.com
219667,verifast.in
219668,vesparkle.com
219669,vetbo.net
219670,vetlogy.com
219671,vetrieditzofficial.com
219672,veviclinic.com
219673,vexon.in
219674,vezap.com
219675,vg1do0tj.com
219676,viacaometropole.com.br
219677,vibelove.cloud
219678,vibeversehub.com
219679,vicitygame.com
219680,victoryexch.online
219681,vidbox.company
219682,videolike.xyz
219683,videosvirales.store
219684,videoszoofilia.club
219685,videoviral2026.store
219686,videoyfoto.blog
219687,videozz.xyz
219688,videyly.org
219689,vidgay.fr
219690,vientovida.es
219691,viiddeey.com
219692,vikendovepeceni.cz
219693,villatogel77.com
219694,vince.hu
219695,ving.mobi
219696,ving777k3.com
219697,vintagesport.ir
219698,vio789.buzz
219699,vip-c26.com
219700,vip2cuci.live
219701,vipsattaking.com
219702,viralkand.com.co
219703,virtualinvestmentcentre.com
219704,vistamegakids.com.br
219705,visualskins.com
219706,viszony.hu
219707,vital.com.ar
219708,viternity.org
219709,viva-scim.ro
219710,viva1a.com.co
219711,vivamaxflix.com
219712,vivamaxstream.com
219713,vivipay.net
219714,vivipay2.com
219715,vivo4d88.com
219716,vkfilmizlee.xyz
219717,vm-dcm.jp
219718,vnruby.com
219719,vo9pqt.com
219720,vocesabiadisso.pt
219721,voistock.com
219722,voolt3d.com.br
219723,vovoteca.com
219724,voyalcine.net
219725,voyancealice.com
219726,voyeusesur.com
219727,vs77count.com
219728,vshort.xyz
219729,vsp69.lol
219730,vt449.vip
219731,vtucircle.com
219732,vtusync.in
219733,vum.com.co
219734,vur.gov.co
219735,vvbook.win
219736,vvideyy.site
219737,vxroutes.com
219738,vynus.org
219739,vyzhcp.com
220075,videoadstech.org
220129,vyos.io
220135,vi.be
220149,vrsnow.de
220197,vwfs.fr
220246,v6n.tech
220259,vchat.vn
220266,visily.ai
220283,vetroparki.ru
220310,vialibri.net
220325,venue.ink
220408,vente-unique.be
220418,vashkontrol.ru
220443,visualware.com
220446,velkyzpevnik.cz
220532,vttechfx.com
220539,vairo.app
220554,vsamhos.com
220562,vexotor.com
220617,vitepress.dev
220634,vakifkatilim.com.tr
220642,vollman.com
220650,vgrdshuyyg.cn
220676,voxgratia.org
220686,vipcofco.com
220704,vimnet.at
220858,vpoxod.ru
220884,v554.casino
220897,vig.cz
220916,virginiabeach.gov
221022,vodkabet-casino-official.ru
221043,val.se
221046,vistasite.com.br
221210,vulkanvegas15.pl
221227,vbuste.ru
221246,valuecommerce.ne.jp
221269,victoryhostings.com
221273,vantatrust.com
221274,vl-media.fr
221384,vaschovatel.cz
221492,voyagebetter.com
221530,vektor.net
221534,vinnies.org.au
221553,verkehrsrundschau.de
221557,vmblog.com
221577,viralforge.ru
221696,vivojrkj.com
221708,virelstone.com
221731,valuelabs.com
221866,v-speed.eu
221973,voffice.help
221979,vumc.nl
222055,v-psp.com
222071,vbsvr.com
222107,vegadns.vn
222111,vds.de
222121,voaafrique.com
222190,vulkanvegaspl.com
222195,virginradio.ca
222389,vulx.cc
222407,viennacix.eu
222409,venon.io
222412,veloxnetworks.co.uk
222451,vesa.org
222492,voiscooters.com
222540,visitlimburg.be
222579,vpwsys.net
222587,vanpeople.com
222638,vogelwarte.ch
222665,varuh-rs.si
222697,vgiftcode.com
222747,vpnplus.to
222788,vrcx.app
222913,verstov.info
222933,veritext.com
223063,villa-albertine.org
223076,vans.co.jp
223141,v4guard.io
223143,vibemate.com
223247,vamsys.io
223269,viedemerde.fr
223333,vectranetworks.com
223512,vshow-play.com
223567,virginmediatelevision.ie
223596,vqpi9pfespngna.com
223705,vinciguerrashop.com
223706,vashiisl.com
223719,vegasfanatics.com
223768,visma.no
223805,vseplus.com
223837,via-christi.org
223846,videobazi.com
223889,vmmc.org
223975,vsqu.cn
224012,vidapay.com
224033,vidtak.net
224064,vocalbeats.com
224075,volkshochschule.de
224100,vvvqqq.com
224154,valorjogo.com
224295,visittrinity.ie
224320,vector-park.jp
224350,verifiedfirst.com
224427,vinchi.ru
224463,valerifurniture.com
224512,vpplayer.tech
224554,vitamindcouncil.org
224677,veebimajutus.ee
224799,visitnapavalley.com
224814,viaudio.cn
224859,voodoo.casino
224880,vorwaerts.de
225035,verybouncy.com
225040,v0795.com
225042,vsenet.de
225063,vladtv.com
225069,viirtzhf.com
225181,vn-z.vn
225216,vidking.net
225228,vhost.lt
225232,vojni-ordinarijat.hr
225254,vostlit.info
225408,vebraalto.com
225427,vica.gov.sg
225527,virastar.ua
225619,vniro.ru
225654,vxcdn.org
225750,vianuvem.com.br
225751,victoriabank.co.id
225752,vivensis.com.br
225754,voila.net
225822,vogue.nl
225857,vantageanalytics.com
225915,vhfdx.ru
225949,vetted.ai
226010,vhost.vn
226230,vanilla.tools
226240,vsexshop.ru
226261,vinitaly.com
226304,vysor.io
226388,vozito.net
226411,verto.co
226504,vatechniques.com
226591,vchost.co
226622,vashotel.ru
226676,vlp.cz
226717,vigo.org
226741,viva-cruises.com
226747,valecard.com.br
226770,vuegebjexe.click
226780,vkmusic.in
226785,veritystream.cloud
226835,vndic.net
226878,vaartha.com
226889,valr.com
226956,varginhaonline.com.br
227034,vibepopdownloadfast.monster
227041,vcvrack.com
227043,vipv2.net
227128,virtualpbx.net
227139,vivaolinux.com.br
227160,verdinha.wtf
227170,vogue-eyewear.com
227175,vwp-europe.com
227224,vuahanghieu.com
227304,vibrantchicluxe.shop
227316,verkehrshaus.ch
227361,vseeott.com
227408,vanadium.app
227469,valdisere.com
227534,vmlogin.com
227538,volkswagen.pl
227587,vpngold.ru
227652,velkhana.jp
227681,vdfm.ru
227721,vectorcommunications.net
227738,vpnranks.com
227754,vodafone.co.nz
227828,vidhash.ai
227846,vintageradar.com
227882,vcmedia.vn
227908,venatus.com
227911,visitparisregion.com
227956,varnion.com
227967,voxter.ca
227980,vio-sa.com
228030,voetbal.nl
228034,verizondigitalmedia.com
228139,vetstoria.com
228154,valorusa.com
228155,vanmossel.nl
228184,vigrayoos.com
228196,vectahosting.eu
228237,vex.net
228268,vehicleservicepros.com
228291,verificoncrete.com
228336,visitweb.com
228394,valorantpornhentai.com
228481,vanishingincmagic.com
228485,voicemap.me
228528,viking-vibe.co.uk
228533,vip4k.com
228593,volstate.edu
228595,vzadtech.com
228609,vazistaz.com.ua
228685,visitbratislava.com
228709,verdesapo.com
228730,vimeows.com
228782,visiotechsecurity.com
228805,veganfoodandliving.com
228813,vaingloryfire.com
228866,vkpay.io
228891,vwn.cloud
228913,vue.ai
228936,vfpnext.com
228943,vlorathingstodo.com
228959,vidyadhari.com
229084,verylady.ru
229101,vicnic.com
229257,vmclouds.ru
229265,virtualxs.com
229285,volla.online
229322,vega.pet
229324,viterbo.edu
229328,vivantahotels.com
229336,vets4pets.com
229351,v555.casino
229374,vacationsmadeeasy.com
229438,viz-a.net
229575,virtualshield.com
229628,viparis.com
229704,vente-pieces-menager.com
229709,vszp.sk
229803,vng.com.vn
229887,vekrosta1.ru
229918,veterinarypracticenews.com
229945,vander.host
229961,vsite.pro
229984,vanmoof.cloud
230041,vesti42.ru
230065,vichra.com
230091,vavada3awm.com
230101,vqols.cc
230144,virgilioquattro.it
230154,vegan-france.fr
230187,veropharm.ru
230292,virtio.nl
230364,voip.plus
230389,voetbalstats.nl
230436,vitex.gr
230539,vilavelha.es.gov.br
230612,vietnhim.com
230639,videomarket.jp
230700,visual-click.com
230706,volunteersignup.org
230765,viem77.ru
230774,viamap-gms.net
230829,visaguidenow.com
230839,vibeaccount.com
230847,venturesquare.net
230913,var-meta.com
231032,vnops.net
231039,vporno.video
231067,vankoroil.ru
231069,venganet.com
231074,visitnorway.de
231093,vertas.ru
231214,voiso.com
231365,vinfastauto.us
231405,volumio.com
231519,vizo-dns.com
231656,via.or.jp
231727,vivendi.com
231963,vidyasagar.ac.in
231992,vulnhub.com
232040,vobd.shop
232056,valueweb.com
232090,vavada-official-ru.com
232165,volumenbrey.cfd
232200,vl.no
232337,veoliawatertechnologies.com
232388,v2n.cl
232433,vancomycin.ru
232457,viralize.com
232472,vietnamnewinsiderguide.com
232515,vsemeda.com
232528,vstsm.ru
232575,visionspecialists.org
232616,vmcloudpms.com
232661,voisek.net
232708,veryrich178.xyz
232783,virtual1.co.uk
232786,veiligheid.nl
232797,vermais.com
232821,voila-games.com
232877,vorne.com
232905,vantasurerealty.com
232944,vpk-news.ru
232952,ventia.com
232978,vitagro57.ru
232996,visitstrasbourg.fr
233004,verilymag.com
233033,videostarapp.com
233047,velib-metropole.fr
233049,viiwmkvb.com
233178,volexity.com
233244,vivagym.com
233276,vantage.sh
233284,vet-magazin.com
233382,vasafitness.com
233384,vipower.pl
233482,valkyrie.com
233505,vintagealert.com
233538,vidikon.tv
233556,vieclamcantho.vn
233567,volvoforums.org.uk
233640,vfipayna2.com
233672,vsphere-update.com
233692,vlex.co.uk
233731,vitalnetprovedor.com.br
233843,vegasmaster.com
233853,viudb.com
233870,vwfs.mx
233901,vilbli.no
233950,valeconferir.com.br
233960,veriyum.net
234026,voipstore.xyz
234049,veritableaviation.com
234084,voipproxy.net
234111,vfleets.com.br
234123,vhdltool.com
234175,vlechtservice.nl
234178,viva.gr
234180,vkostume.ru
234323,visitzuidlimburg.nl
234330,vianova.it
234411,vari.com
234439,vor.us
234454,vhostthailand.com
234563,vinetur.com
234566,venetianmacao.com
234605,vanschneider.com
234636,verus.io
234667,vetsfirstchoice.com
234706,vicampo.de
234848,vrplayspace.de
234865,vmsol.com
234897,voyant.com
234904,visityork.org
234947,vitalia.cz
235016,victas.com
235090,vdpass.com
235109,vs4.com
235118,veol.hu
235152,valleybreeze.com
235212,volnorez.com
235257,vuztc.ru
235283,valueinvesting.io
235287,vipyx.vip
235291,viabtc.info
235408,vizzit.se
235409,vluchtelingenwerk.nl
235418,vessic.com
235444,vnv.network
235502,vietdesigner.net
235527,videodropper.app
235592,vams.es
235598,vald.com
235629,vancopayments.com
235635,ville-bourges.fr
235702,vwo.io
236018,v-sys.org
236132,vzinfo.nl
236233,viewindian.com
236305,vieraconnect.tv
236306,vulcanwindows.uk
236333,vastushastraforhome.com
236366,veseys.com
236369,video-converter.com
236408,vena.io
236419,validcertificadora.com.br
236556,volzsky.ru
236570,verychat.io
236656,vastacompany.com
236716,visitknoxville.com
236791,venuewifi.com
236818,valtra.com
236844,vagonzdorovya.ru
236847,vbirfsix.cc
236867,visitasevilla.es
236897,visitlink.me
236984,valitsus.ee
236985,vinnytsia.eu
237015,vmtrk.com
237045,victoriametrics.com
237056,vcc.ca
237065,vtwinmfg.com
237077,vintepila.com.br
237116,vincheck.by
237132,vorarlberg.travel
237201,virusbulletin.com
237231,vkwm.ru
237277,vipzhuanli.com
237296,vondy.com
237385,vcccd.edu
237484,vromansbookstore.com
237509,verno-info.ru
237544,vidaxl.ee
237596,vibecodeapp.com
237631,vpsli.shop
237685,verselore.site
237720,venasolutions.com
237801,vpntoggle.net
237878,v6send.net
237944,vodohod.net
238022,vsite.biz
238053,venyonservices.com
238074,visitrenotahoe.com
238131,vinci-energies.net
238135,vidapi.cloud
238152,vee-crm.com
238168,vipio.com
238182,vide0.net
238189,vendiloshop.it
238261,velox.mom
238442,veltiqa.com
238458,vlasic.com
238477,vacu.org
238526,vixio.com
238544,vts.bf
238731,vi-ability.org
238743,vape.gg
238774,viju.ru
238789,venuereport.com
238827,voipmundo.com.br
238860,vbus.io
238884,viapath.com
238904,vbet.com
239003,vforums.co.uk
239009,velnet.net.br
239012,versiti.org
239021,varnion.net.id
239106,voyeursex-videos.com
239138,vibromera.eu
239195,vitamin360.com
239223,vycdn.net
239256,vechain.com
239368,viber.click
239380,victorops.com
239457,vetster.com
239500,vtb-league.com
239523,vmfa.museum
239546,voorraadmodule.nl
239640,volga-aspec.ru
239809,vnet.su
239828,visitbelfast.com
239861,valamis.com
239901,verticalsystems.co.uk
239921,vmuzey.com
239950,voidsmp.space
239952,viet-jo.com
239989,vancouver-webpages.com
240145,vpsburti.com
240181,visa.co.za
240204,vmasshtabe.ru
240205,vernorabota.ru
240235,vlessgroup.ru
240249,vetscriptions.co.uk
240265,vethelpdirect.com
240354,virtualdrumming.com
240359,valoraflooring.ca
240378,vooglam.com
240379,vessi.com
240398,vhl-iov.net
240417,vyh.fi
240441,vmallres.com
240477,voguecinema.ca
240483,volks.co.jp
240544,vieka.life
240566,visifeed.org
240586,vwautocloud.net
240604,val.town
240608,vfemail.net
240681,vdek.com
240685,vietvui.com
240707,vv2026.net
240758,volcsirius.com
240771,visitokc.com
240796,venew.io
240857,ville-creteil.fr
240886,vladmotors.su
240947,vector.im
240955,vb.is
240970,vvstore.jp
241030,veriheal.com
241034,viabit.com
241087,vark-learn.com
241111,vintagesoultx.com
241137,vitec.net
241255,virtis.cz
241257,vets-now.com
241261,vpnburger.ru
241271,vanillatweaks.net
241377,visidarbi.lv
241400,voitur.com
241425,videobox.com
241435,videospeeder.com
241525,vmeste-rf.tv
241544,vemra.ai
241562,veeds.com
241644,vantaca.net
241728,vonhaus.com
241823,voiptelitalia.it
241847,vidahost.com
241965,veresegyhaz.hu
241999,venturelabour.com
242019,valenta.lc
242035,visualrian.ru
242068,vetinfo.com
242082,viioplds.com
242251,vectorized.io
242263,virtualtec.ch
242273,virginyoung.com
242353,vinnychanka.info
242405,vdv-s.ru
242462,venntelecom.com
242463,vero.com.au
242525,vpnapi.io
242541,vakkerlight.com
242627,vellent.com
242695,visionlabs.ai
242767,vvipcdn.com
242944,vsindia.monster
243000,velo.net.id
243075,volleyballlife.com
243107,vandal.net
243115,vdocuments.net
243125,vncl.com.ar
243133,veinygalaxy.shop
243311,vihub.ru
243312,vmtp.ru
243334,vhlinks.com
243377,viff.org
243384,viphuawei.com
243388,vs.co
243470,verified.realestate
243490,viidakko.fi
243499,virginradio.fr
243500,visitdelaware.com
243548,vitalock.space
243572,volgaflot.com
243573,videeobroadcast.com
243586,vierdreineun.com
243628,vegasjoa.com
243665,vps1.net
243695,volt.io
243699,victoriabank.md
243730,vodka1d.games
243775,vin-et-velo.com
243845,vsys.name
243858,vidaxl.lv
243896,vsesdal.com
244032,v2ph.co
244051,verbeterjehuis.nl
244076,videoconverterdownloadermp3.com
244080,vse.ua
244138,velvetandwhite.com
244285,verbraucherzentrale-niedersachsen.de
244287,vluki.ru
244308,viyoutube.com
244350,vicfirth.com
244376,vcoe.org
244571,vfreecams.com
244582,vidanta.com
244584,visions.de
244601,vgckb0300n.com
244670,veson.com
244680,vixra.org
244695,virage24.ru
244735,vvnet.ru
244769,voiux.com
244860,visionize.com
244907,veolia.es
244913,viaduc.fr
244928,vqyzdzcg.shop
245203,vgamuseum.info
245233,victra.com
245299,vim.at
245305,vanraam.com
245499,vendora.cy
245529,vdsguru.cc
245580,visitlancashire.com
245599,virl.com
245638,volunteerlocal.com
245883,vicentellp.com
245943,vpnchikx.pro
245953,veriagi.com
246004,visma.lv
246032,vrisak.info
246128,visitflorence.com
246210,vkursi.pro
246220,viowrel.com
246232,vinamilk.com.vn
246241,vikna.tv
246308,vaporhill41yek.net
246418,villamedia.nl
246460,valueinhealthjournal.com
246461,vastserved.com
246570,vehileaks.com
246642,ventilatory.net
246725,viktor.site
246735,vicofoodbox.com
246792,vg-zone.net
246798,ventspils.lv
246818,vizologi.com
246871,virginmegastore.ae
246891,veryfreeporn.net
246892,vitastudio.ai
246909,vaden.com.tr
246935,vgtstatic.com
246948,vera.com
246980,vinos.de
247101,vdisk.ru
247104,vinaybajrangi.com
247127,vanspic.com
247133,vote.nyc
247213,videopolis.com
247245,velo.wiki
247305,vipgames.com
247341,videopasport.ru
247365,victorkas.com
247372,vajiramias.com
247454,vactivists.com
247494,v7hub.top
247525,virtualroad.info
247527,vexxhost.com
247531,veeva.link
247541,vovici.net
247584,velodrive.ru
247629,videonabludenie35.ru
247692,vidaxl.lt
247703,vgcats.com
247730,virtualrealporn.com
247741,vpsstoragenow.com
247742,vficonnect.com
247757,vavadas1.help
247766,v8hybda.lol
247840,visitcatalinaisland.com
247878,verra.ru
247959,virtualspeech.com
248011,visitspacecoast.com
248083,vrs.de
248109,vangoghgallery.com
248115,vtcdn.net
248138,vectorise.net
248144,videochatplanet.com
248206,visitlakecomoitaly.com
248277,velomotion.de
248396,virtustec.com
248526,votetexas.gov
248599,vrsvpn.com
248600,vsk.info
248617,vngcloud.vn
248653,visualworkwear.com.au
248688,voir.ca
248744,virusinfo.info
248829,vejdirektoratet.dk
248896,vicks.com
248897,villavent.shop
248976,velograd.ru
248983,vtdmilhpi.cc
249101,verpueblos.com
249112,v0index.vip
249143,voxpupuli.org
249156,vrphub.com
249161,vestis.com
249185,vivehealth.com
249215,vinnytsia-future.com.ua
249218,vrnhost.ru
249238,vistaprint.es
249300,vhosting.no
249386,verifedcredentials.com
249388,visitbirmingham.com
249648,vkoopp.com
249695,vb-fr.org
249762,vorteilsguru.de
249782,vif.com
249796,venabo.cloud
249849,vd7au6.com
249868,visionhsb.sbs
249870,vit.de
249965,vrcpluginhub.com
250039,vpn-2.ru
250159,vanityaddress.co
250192,vremeanoua.ro
250197,vegetables-name.xyz
250286,valhalladsp.com
250307,vidmax.com
250358,vidanuevadigital.com
250371,vorecol.com
250391,vrf.ru
250420,vaultystudios.com
250441,vanityaddress.cc
250462,victoriamilan.com
250469,vitallaw.com
250486,vinfastauto.in
250563,viridio.net
250601,vrndomen.ru
250606,vrninja.tv
250662,vetsupply.com.au
250724,verti.de
250810,velesstroy.com
250940,villepratique.fr
250981,veraeditor.com
251019,vremya.ru
251103,vidss.com
251120,valleymed.org
251152,viphostpe.com
251253,valigiablu.it
251278,vidout.net
251294,varta-storage-portal.com
251295,vppgamingnetwork.com
251314,vuelasw.com
251354,vend.se
251376,v1t.eu
251411,vanitytron.net
251414,vizionplus.tv
251547,vrtnieuws.be
251566,voa.org
251671,via-leadership.com
251680,vr-cdn.com
251683,vogue.ph
251779,vibefibra.com.br
251873,vermontjudiciary.org
251904,vintagedancer.com
251920,victoriyaclub.com
252059,vocareum.com
252132,vodafoneinnovus.com
252176,varsome.com
252235,vw.co.za
252258,vistazo.com
252302,vikingdirect.ie
252348,vo.la
252359,visitaruba.com
252403,vinmagic.ru
252437,ventureradar.com
252440,viivhealthcare.com
252483,vinnytski.info
252523,vawnet.org
252602,visualdx.com
252622,venofox.com
252659,vikingdirect.nl
252673,verzekeraars.nl
252703,vrew.ai
252768,vida.id
252807,vfe-hosting.com
252875,vipracking.com
253147,vwfs.net
253213,valorweb.tech
253219,vanille.by
253221,veteranownedbusiness.com
253307,vilstalbote.de
253338,virtualconsultant.online
253397,videostar.pl
253472,veloxserv.co.uk
253640,vkontakte.com
253721,vadoo.tv
253816,vinylfuture.com
253861,vespa.ai
254024,video-player.gr
254031,vidwud.com
254103,vanvergleich.de
254109,vissel-kobe.co.jp
254110,vspglobal.com
254115,vniief.ru
254150,voipcloud.online
254164,vina24h.com
254200,vto.jewelry
254220,voitaky.com
254233,vestinn.ru
254308,voltus.de
254342,vanabbemuseum.nl
254379,verema.com
254389,vkrugudruzei.ru
254524,veritas-a.com
254560,visittromso.no
254679,vrachirf.ru
254736,verbit.ai
254897,vistaprint.co.nz
254950,veracitydoc.com
254980,vodka629.click
254997,vulva4me.com
255039,veloplaneta.ua
255103,vistair.com
255121,vagyok.net
255144,vitmp.ru
255260,vendee-tourisme.com
255277,videri.org
255326,vanitytron.vip
255395,visao.pt
255419,vinnytsia.one
255449,vvo-online.de
255587,vistek.ca
255607,videosxxxmaduras.com
255623,verdao.net
255663,vafb.com
255710,vanitytron.io
255916,vinnytsia.name
255919,virginiabeachattractions.net
255940,vogue.ru
255955,vitapowered.com
255995,varvy.com
256015,vibetoolsng.com
256035,verimi.de
256097,vestringen.com
256117,vivadecora.com.br
256145,vexusfiber.com
256170,vektis.nl
256178,vhdrsubdp.lol
256187,vetlogic.vet
256204,votorantim.com.br
256230,vno-ncw.nl
256232,virginconnect-ats.ru
256263,vietnamconnecting.com
256282,vservers.es
256358,volkswagen-classic-parts.com
256436,vintageporntrip.com
256525,videomore.ru
256554,vnr-nss.de
256673,votebeat.org
256806,vscreenshot.com
256836,velomesto.com
256847,vandemoortele.com
256862,viata.be
256883,vse-novosti.net
256902,varton.ru
256905,vishalbharat.in
256950,visiondirect.com.au
256951,volleycountry.com
256961,virtualnetmg.com.br
256980,vernite.com
256998,vb6.casino
257013,vmwareidentity.com
257079,vnexplorer.net
257092,vmtecnologia.io
257200,verenaautomotive.co
257250,volvo-forum.nl
257297,vetgirlontherun.com
257319,vm.fi
257341,vn168aa.net
257358,vetrec.io
257376,versatrim.com
257422,verifykit.com
257494,valeofglamorgan.gov.uk
257528,video-broadcast.at
257544,vodkabet-vbt.com
257580,vipowernet.net
257609,varmegye.com
257684,v6.army
257747,visit-hannover.com
257764,vocus.com.au
257803,vkcdnvideo.com
257816,vipih.com
257899,vag.gg
257941,virtualmuseum.ca
257991,vulkk.com
258005,volusion.co.uk
258030,valuates.com
258036,vckeepw.top
258037,vlhl.dev
258048,vkd.nl
258192,vandykes.com
258223,veloviewer.com
258224,vador.com
258245,vlex.com.mx
258303,vipera.io
258382,verify-session.com
258421,volgatech.net
258479,vanguard.com.au
258552,vidaxl.fi
258568,vida.com
258594,videotranscriber.ai
258661,visvaris.lv
258717,village-hotels.co.uk
258787,vigvam.ru
258804,veganbodybuilding.com
258826,voat.by
258827,voxespana.es
258858,vseetvos.top
258914,virt-host.com
258917,vip-grinders.com
258958,varna24.bg
258989,volvocarspuertorico.com
259021,vapodistri.com
259043,vaginke.info
259146,vpplayer.net
259180,visitnavarra.es
259209,valid.be
259226,v-iec.com
259254,vhosts.info
259303,vedes.com
259326,voca.ro
259339,videoindirxa.net
259416,videogordinhas.com
259426,visittheus.ca
259459,vradini.gr
259482,visionsrealmtech.com
259499,vreditelstop.ru
259512,vnskypay.uk
259519,vaguiosfurors.cfd
259524,vivlanila.ru
259548,voipcp.com
259551,vfl-bochum.de
259597,vengreso.com
259713,vantagewest.org
259746,vps.ac
259889,vend.fi
259947,vestednetworks.com
259971,vegas-hero.uk
260077,vpr-ege.ru
260099,vbrwd4qd356.com
260116,vjst.vn
260174,vt-fls.com
260184,voice-of-customers.com
260190,velvet.hu
260253,vznakomstve.com
260259,visit-nottinghamshire.co.uk
260286,visible.xyz
260297,viaggiarenelmondo.com
260307,vr-360-tour.com
260316,vjav.one
260320,vaitel.it
260359,vulkan-site.com
260385,vikingline.se
260402,velesark.ru
260409,vladi-private-islands.de
260415,v2.nl
260540,vpscity.co.nz
260578,vcacanada.com
260658,vikalinka.com
260659,vanke.com
260680,vwork.de
260682,vlife.kz
260721,viterbotoday.it
260754,veracitytrustnetwork.com
260790,videocdnmetrika74.com
260817,v556.casino
260937,votesaveamerica.com
260942,veracash.com
260950,velfibra.net.br
260997,vanilladevelopment.com
261005,videodb.cloud
261036,vaughan.ca
261038,viagra.com
261062,vos.uz
261106,volby.cz
261135,vpnet.club
261244,vrfocus.com
261292,vrich619.com
261304,vnish-monitoring.com
261317,viethost.net
261327,vmit.io
261436,vilsa.de
261437,vansky.com
261454,velocityk.ru
261471,vilnius-airport.lt
261546,vegacdn.vn
261554,vulte.ng
261582,vocuspr.com
261587,valueweb.net
261598,volatusdrones.ca
261644,virginmedia.co.uk
261681,viplikes.net
261777,vodohod.tech
261778,visiondirect.co.uk
261789,very-well-casino.com
261820,ville-barentin.fr
261922,v-flyer.com
261935,vivacom.it
261959,vecer.mk
261981,viagogo.com.mx
262031,vibrantscale.com
262045,vno.one
262101,vdoto2.com
262111,voipsupply.com
262164,vyvod-iz-zapoya-na-domu-samara-1.ru
262186,visitorscounter.app
262206,varldenshistoria.se
262233,v5pay.com
262236,vincispin.com.es
262268,vietcredit.vn
262344,vtbmobile.ru
262382,valioliiga.com
262391,videoindirca.com
262472,vidak.icu
262495,vacationsbyrail.com
262520,visor.vin
262578,vemprojuca.com
262598,vecer.press
262708,vaibhavjewellers.com
262712,vinscing.com
262766,virtualizationhowto.com
262800,voising-official.com
262815,vmit.se
262934,videosoft.com.br
262951,visitbulgaria.com
262968,viweedy.shop
263004,virginiahospitalcenter.com
263071,vertragsbedingungen.com
263084,vosgeschocolate.com
263088,vspmdcrc.edu.in
263209,vtcgame.vn
263306,vans.com.cn
263335,verintefm.com
263344,veeco.com
263445,vertaa.fi
263493,veridiancu.org
263497,vertikal.net
263526,vlex.cl
263587,visionmaxx.net
263632,vacbl.com
263650,virginamerica.com
263761,vesti.kg
263762,volkswagen.nl
263778,visualarts.gr.jp
263805,vendorcafe.com
263902,vriddhionline.com
263913,vidaxl.ie
263915,viviro.com
263916,vega.vn
263918,v8sistema.com
263947,vids.io
263952,victorygamess.com
264031,vodkamail.com
264060,victimsofcommunism.org
264106,voxazone.club
264265,vaughnsoft.net
264317,videosxxxargentinos.com
264365,viveusa.mx
264381,viewrecipesonline.co
264396,vgr.com
264441,visual-arts-cork.com
264455,vanbreda.be
264536,valic.com
264547,vtpi.org
264559,voilanorbert.com
264664,vehicleflaws.com
264702,voiceofrussia.com
264775,vidsrc.me
264823,volkswagen-vans.co.uk
264941,vietmusic.vn
264957,visaeurope.ch
264974,vortex.cloud
265062,voxbi.app
265257,veloxoft.com
265304,val.run
265392,vgcollect.com
265409,vusercontent.net
265445,voz.party
265448,vypn.net
265548,verilyme.com
265627,virtualtaboo.com
265641,vwcaliforniaclub.com
265699,valueinsights.site
265720,vercel-scripts.com
265739,viethconsulting.com
265821,ventanasegoki.com
265871,vral.online
266019,voki.com
266087,vbank.ru
266115,virtualdr.com
266274,vznaniya.com
266296,vwgolf.pl
266300,vision6.com.au
266309,voyeyrist.top
266356,video4man.com
266428,viltrox.com
266474,vhod-cabinet.online
266478,vinaphonetphcm.com
266508,viaota.com
266528,visa.es
266705,vai.com
266762,vondos05.com
266785,vizyonnet.net
266808,visaverge.com
266914,voronezh-city.ru
266963,volcanobet.ba
267018,veritread.com
267068,vg123gg5.com
267074,vishvasi.in
267076,vyg.mobi
267092,victory-electricals.com
267109,vpuniverse.com
267226,vucovuco.com
267311,vfgta.com
267338,vivianmaier.com
267483,vsee.me
267590,vpn-naoborot.online
267598,volkswohl-bund.de
267615,vanmarcke.com
267684,vnxf.vn
267740,vzorientation.com
267756,vzd.com.ua
267763,vmland.ru
267818,vaucluse.fr
267897,vista.gov.vn
267923,venne-hosting.de
267935,vinf.ru
268023,viralithe.xyz
268045,vikingeskibsmuseet.dk
268161,vashi-fayly.com
268175,virdocs.com
268184,visarius.com
268267,vinehost.net
268271,vline.com.au
268292,v3cars.com
268294,videohardgratuiti.top
268322,vilytaku.com
268408,vivat.de
268481,vtijian.com
268490,vestopazzo.it
268493,virtualbadge.io
268565,vsadygv.com
268618,venez.net
268628,vosges.fr
268656,voicetel.com
268689,verifiedvoting.org
268697,vuplus.com
268758,veneta.com
268766,vorkers.com
268842,vbcojhroxkoaf.online
268878,vampirediares.info
268881,varna.bg
268883,vnw.kz
268925,viewng.net
269118,viherpeukalot.fi
269146,veloe.com.br
269189,vectis.co.uk
269200,vpgram.click
269353,visitgreenvillesc.com
269363,vrioservices.com
269438,vevo.ly
269506,vpshispeed.com
269513,velikeprice.com
269516,vwfs.co.za
269630,victoriancichlids.de
269676,veterinarypracticetransition.com
269724,virdsam11.org
269767,vrscout.com
269824,vertica.com
269839,vggu.ru
269865,vefans.com
269912,verityinternet.net
269923,vtstateparks.com
269971,visitouterhebrides.co.uk
269990,vlion.cn
270006,vibia.com
270039,vervetrials.com
270055,vietcorp.vn
270069,vmig.net
270099,vapesourcing.com
270112,virtualizationreview.com
270215,vpvxjw.com
270245,vicegolf.com
270267,voxyvpn.ru
270279,virta.global
270326,versatilecredit.com
270398,visa.com.mx
270426,vdm.ovh
270449,venvn.nl
270509,vodacom.com
270523,vgmusic.com
270683,varsistemi.com
270686,violetimages.com
270696,visoftware.com.co
270721,vworld.kr
270786,viewdepth.cn
270882,volcfcdndvs3.com
270901,visitalgarve.pt
270976,vox.pl
271079,via.dk
271132,vwts.ru
271152,val-gardena.com
271195,vpdc.us
271212,vaslpro.com
271229,videovjav.com
271256,verint-api.com
271267,vinagecko.com
271283,verno-dostavka.ru
271377,vitality.gg
271416,vn.se
271516,voormijndier.nl
271617,vet-alfort.fr
271702,valetech.co.uk
271716,volantecloud.com
271767,vizergy.com
271777,vincent-golf.com
271840,vbg.casino
271931,vision-mobility.de
271955,vintageinn.co.uk
271972,vipole.com
271973,vondutch.com
272029,voxcinema.site
272166,vivadys.com
272201,vpngids.nl
272363,vbird.org
272520,vistaprint.nl
272553,virtualict.com
272603,vmcxz.cn
272608,vspvision.com
272783,volvoconnect.com
272785,vulnerbug.com
273078,vidzy.org
273080,velvetsera.com
273208,venust.cn
273237,virginactive.co.za
273242,vertixsol.com
273261,viviropada.club
273273,vmit.eu
273346,verywind.cn
273354,visionix.com
273373,viennale.at
273452,velvetnocta.com
273477,veteransforpeace.org
273506,velvetallurex.com
273525,voldriux.autos
273526,variete.de
273583,videosporno.club
273617,vistas.ac.in
273772,vanlier.nl
273819,visitparkcity.com
273847,vesti-admina.site
273883,vbt.io
273899,visaacceptance.com
273930,vidhash.net
273936,vcloudhosting.eu
273937,viettishop.com
273988,vikingline.com
273993,vzhosting.net
274008,videodefine.com
274082,vcats.net
274195,vladinfo.ru
274268,vincue.net
274278,vigorbuy.com
274333,vividmaps.com
274342,villah.net
274418,veteranscup.org
274438,verdadabierta.com
274537,vippetcare.com
274547,vodkabet-zercalo.com
274556,vizja.pl
274602,vlaamsparlement.be
274609,voicecards.ru
274649,veeroute.tech
274671,visy.com
274690,visitacity.com
274696,vkey.su
274820,vbko.shop
274929,vintagejewelersandgifts.com
274972,vikingrange.com
274978,veritivcorp.com
275010,vmssoftware.com
275040,vivi.tv
275153,velo.xyz
275331,vsuet.ru
275454,va-itgmbh.net
275487,verajohn.com
275568,vyazma-ti.ru
275578,vodkaq.online
275603,vyvod-iz-zapoya-na-domu-voronezh-9.ru
275630,vietnamculturehub.com
275651,vkpartner.ru
275734,vzpodolsk.ru
275743,videokit.cloud
275809,vectorizer.io
275889,vavada.net.pl
275900,voyageursdumonde.fr
275985,verus.farm
275990,vpoisk.tv
276011,vff.org.vn
276085,vasanthandco.in
276096,vexlira.com
276108,vrns.net
276121,vertex-freight.com
276269,vamateur.com
276481,vision-environnement.com
276507,veslab.com
276519,videos2free.com
276540,valid.com
276567,visableleads.com
276587,vxt.co.nz
276593,vxdas.com
276699,vspconsignment.com
276708,viory.video
276727,vkcl.ru
276741,vodamail.co.za
276743,voltasbeko.com
276824,vag.de
276868,virtualflybrain.org
277020,vayla.fi
277037,visitoostende.be
277052,v.org
277074,veronikasadventure.com
277120,visitmidwales.co.uk
277144,vsesorta.ru
277161,videccdn.xyz
277188,vinylmeplease.com
277199,vippreferred.com
277200,vikingoffice.eu
277222,visalist.io
277233,vidyo.ai
277247,videosarabic.com
277248,voltking.de
277249,viaempresa.cat
277261,volleystation.com
277264,vansonguitars.com
277286,videomirror.app
277357,visionblo.com
277366,vesira.com
277487,volhovec.ru
277523,viofo.com
277597,veda.net
277600,virginactive.co.uk
277612,vhost.hu
277676,vitafy.de
277730,vselennaya-shluh.com
277738,vigi.com
277790,verficlinic.ru
277924,virginpulse.com
277949,vacances-et-locations.fr
277950,valsparpaint.co.uk
278191,vuighe.live
278222,vm8899.com
278230,vana03.com
278261,versicherungsstelledesdeutschenwaldes.de
278265,vidohot.com
278343,vonigo.com
278532,valor-bet-korea.com
278536,vmco.ru
278588,vldmor.com
278612,volvobuses.com
278619,vt.gov
278694,vention.io
278724,veliki.com.ua
278863,violetgrey.com
278873,vtc.com
278890,volkswagen.com.au
278897,voka.be
278916,vkl.app
278928,vogliosesso.org
278965,visitbuffalo.com
278987,vident72.ru
278998,viture.com
279137,velobike.ru
279290,viahospedagem.com.br
279363,villageplug.online
279370,victoria-group.ru
279373,viacapitalevendu.com
279377,vgik.info
279401,vershok-koreshok.ru
279405,veve.me
279488,valleyhealth.com
279598,vastralife.com
279654,voyage-to.me
279660,verdant.co
279684,vithas.es
279813,violinist.com
279866,vlerick.com
279901,vporoom.com
279909,viabtc.tech
279931,v-s.mobi
279935,vingt55.ca
279964,visaitalia.com
280071,vostbank.ru
280139,viega.de
280148,vikingelectric.com
280156,valbrembanaweb.com
280164,viniou.fr
280211,valesaude.com.br
280217,varinode.com
280287,votefreeporn.com
280289,voli-diretti.it
280293,vspdirect.com
280316,vmobroadband.com
280354,vitaflora.lt
280426,valuesider.com
280448,vivescortadaimport.com
280478,vguard.com
280529,variodoor.com
280530,vps-gmocloud.com
280532,vrm.net
280630,vegasinospielen.de
280631,vultrdb.com
280673,vlad.ru
280676,vetasicloud.com
280677,visa-to-travel.com
280782,vandenbroele.be
280794,vend.dk
280859,viconsortium.com
280867,vsk.lv
280898,vychytane.cz
281025,visa.com.ua
281180,visitsnowdonia.info
281232,voipzoom.com
281255,vitacave.com
281350,videxio.net
281365,vivastreet.com
281399,vt24.ru
281411,velera.com
281447,vetassess.com.au
281506,vg-svc.com
281530,vantive.com
281557,valete.tf
281648,vapestore.ch
281750,volksbank.at
281804,versailles.fr
281810,volcano01.com
281982,volkswagen.at
281995,veto.gr
282020,vts374.com
282053,vend.no
282069,vuno.info
282120,vgmuseum.com
282176,vibratory.net
282193,viralcollab.com
282194,vmsimple.com
282208,vsem-benzin.com
282209,vzglyad.online
282214,velosklad.ru
282286,vip-satta.com
282300,viking-life.com
282304,vrsumo.com
282333,ventures.com.tr
282336,vinci-spin.de
282373,vanostassenenkoffers.nl
282465,voaafrica.com
282530,vallourec.com
282612,vodafone.com.qa
282702,verysource.com
282775,videogamesblogger.com
282917,vivinter.fr
282931,vitamin.tools
283040,vsechnonamobil.cz
283050,versandapo.de
283067,vsl.co.at
283075,villageofgranville.org
283095,viabenefits.com
283117,visualartsdb.com
283178,vaultx.com
283249,v-union.cn
283258,vida-digna.com.mx
283284,vostok-rust.ru
283326,vyvudlpf.cc
283373,veridis.co.il
283433,verkehrsportal.de
283437,vsemvpn.cc
283472,vv798.com
283502,vpsone.xyz
283558,vsimpptx.com
283600,visitrovaniemi.fi
283655,vendome.jp
283664,vinnitsa.info
283671,voyance-esoterisme.com
283677,vtbdc.ru
283730,vestigio.domains
283781,vote-smart.org
283811,vingo-host.com
283950,vegaid.vn
283967,vodka03zr.com
283981,vgy.me
284060,voodoodreams.com
284077,vass.gov.vn
284097,vnres.co
284117,v2nodes.com
284152,vfa.de
284184,videosyndicate.io
284185,viss.lv
284200,verkter.com
284245,verat.net
284262,vietmap.live
284279,verisurecam.com
284347,vd21modts.com
284381,vtbbotest.ru
284394,vantage-dc.com
284402,vietcap.com.vn
284435,voidcycling.com
284449,vds2000.net
284458,velosistema.com.br
284484,voody-online.com
284529,vision.org.au
284604,virtual-strategy.com
284652,visual-memory.co.uk
284706,vspain.net
284740,vueusa.net
284769,vlzxtdajo.com
284773,vpod.tv
284822,viewtiful.photography
284846,vovgiaothong.vn
284855,v50307shvkaa.art
284856,visa.com.tw
284884,vapeandsmokedistro.com
284907,vandamme.ru
284932,valmarino.com.br
284957,vlootkit.com
284974,vw.ca
284995,vintour.de
284997,vds36.ru
285005,vmit.fi
285051,valentinvalentine.com
285103,vsigo.cn
285111,visionobjects.com
285127,vantrue.com
285137,volcano411.com
285204,vestuariolaboralalmida.com
285239,vbirfnine.cc
285260,voisona.ru
285261,vibe.dev
285321,vgt.com.br
285350,vejyukaxph.net
285364,vocabularyserver.com
285369,valentina-db.com
285380,vaultpress.com
285381,voodoo-wins-casino.com
285419,virginiahistory.org
285450,v51124-3.qpon
285561,vaisala.io
285570,valorebooks.com
285602,vaydns.it
285607,videodownapi.com
285701,vietcredit.com.vn
285708,vetta.net
285741,vintagepostcards-archive.com
285763,vodazone.ru
285774,vlc-media.net
285955,verifalia.com
286065,vana01.com
286066,vlastshop.com
286173,vladimirkhil.com
286202,vietcurrency.vn
286842,v50708.dev
286843,valadapp.com
286844,varegjopeaks.com
286845,varejofacil.com
286846,vecha.in
286847,viabtc.me
286848,victoriamitrepeak.com
286849,vidogram.me
286850,visibble.io
286851,vitalitydentalarts.com
286852,voipvox.it
286853,volcdsalb.net
286854,vono2.me
286855,voxior.com
286856,vslsys.com
286857,vtcall.com.br
286915,vkssc.com
286938,vitaminstore.nl
287028,vmp.ir
287051,vertalen.nu
287087,vorigins.pro
287157,verilink.net
287227,valorboundhosting.com
287232,villohome.com
287276,vipleaguetv.net
287425,vid2mp3.com
287439,vogue.co.th
287440,viatech.com
287450,vyborzayma.ru
287478,veloxserv.net
287486,viajerospiratas.es
287493,vialuxury.com
287588,vidmore.com
287635,vegasgroup.cloud
287640,veritaglobal.net
287641,vitens.nl
287652,vci.net
287683,vectron-systems.com
287712,visametric.com
287719,vertbaudet.co.uk
287844,vdcdn.xyz
287898,voxhd.com.br
287981,vivantis.cz
288089,viinfjal.com
288109,vitalityrust.com
288136,vdc3.vn
288149,volyn.com.ua
288282,vbn.casino
288301,viijvhnl.com
288358,veopool.pw
288398,vafo.dk
288408,vevmo.com
288435,videocdnmetrika73.com
288451,vizcaya.org
288453,viiny.com
288463,veronews.com
288487,vietschool.vn
288514,voopoo.com
288518,vanmoof-api.com
288547,volantio.com
288603,vftanker.ru
288617,vs-web.net
288621,videor.co.jp
288648,vlssp.net
288699,videog.jp
288742,vsetopcasino.com
288752,visitwinstonsalem.com
288760,vecozo.nl
288767,video6tubes.com
288858,vinilos.com
288873,vlx.io
288899,v2rayssr.com
288908,veronafiere.it
289048,vsekroham.ru
289102,vapourdeal.co.uk
289143,vnet.cz
289158,vyvod-iz-zapoya-na-domu-voronezh-2.ru
289162,veevoid.net
289211,verzamelgids.nl
289223,vitabuena.com
289237,vs1y4u.com
289275,vdownloader.com
289340,vm9.org
289347,visitormeta.com
289359,vegalab.ru
289412,volcano.net
289456,veryhotsex.net
289515,vertragsbedingung.com
289574,vermontskiandsport.com
289719,vpnhouse.net
289744,veem.com
289752,vadaszapro.eu
289838,ventraip.email
289850,vg-news.ru
289861,velest.ru
289948,vatandata.com
289952,vipnation.com
290041,vicco.com.tr
290042,vk9a1o08.com
290043,vulnne2i.com
290121,vfu.cz
290147,van-ham.com
290201,voxnews.al
290247,vozo.ai
290356,vertbaudet.com
290403,visa.co.nz
290472,vetter.store
290498,vashgorod.ru
290514,valorbet-korea.kr
290553,vaytiiennhanh.com
290710,vgp.de
290725,vita-samara.ru
290741,visionsfcu.org
290786,vice-rp.com
290792,vcarde.com
290868,viaaromaloja.com.br
290895,vintagetub.com
290909,valina.com
290964,visittwente.nl
290971,vstack.net
290999,vntt.vn
291033,vinci-construction.com
291082,viindoo.com
291247,velotax.com.br
291273,valkwijn.nl
291398,verywell-casino-online.co.uk
291476,veryfitplus.com
291600,villagesquarebooks.com
291627,valmano.de
291731,venezuelatuya.com
291744,vkpress.ru
291762,vlinderstichting.nl
291796,v2b.ru
291838,virtualiza.com.br
291889,vseprosport.kz
291975,visitc8.com
292041,vdipod.com
292057,virtualdatasolutions.com
292083,vantagemarketapp.com
292086,vanmag.com
292093,virty.io
292119,videochat.guru
292132,voodoo27.com
292192,vssc.gov.in
292255,vsszan.com
292270,vyaparappsurat.store
292291,vday.org
292447,vapejuicedepot.com
292492,vipdiandianying.com
292500,velasca.com
295381,v060qfml.com
295382,v1p9n6.com
295383,v5h1z6r.com
295384,v6r2m5.com
295385,v9r3m8.com
295386,vadilalgroup.com
295387,vailonxx.top
295388,valebonus.com.br
295389,vastralaxmi.com
295390,vatanapp.com
295391,vavada5iwk.com
295392,vaydieyl.space
295393,vb8002.com
295394,vb8005.com
295395,vbr6o.com
295396,vdey.nl
295397,vdmhzjpu.com
295398,ve0tfla9.com
295399,veduapp.org.in
295400,veesus.com
295401,veilmanga.com
295402,velhochicobet.net
295403,verdinhoitabuna.blog.br
295404,verpeliculasultra.com
295405,viada.ro
295406,vicharvacha.in
295407,vicinipiccanti.com
295408,videeyss.pro
295409,videocool.live
295410,videosblogxx.site
295411,videosdub.xyz
295412,videyi.ch
295413,videylii.com
295414,videylive.blog
295415,videyys.com
295416,vietnammoving.com
295417,vihaan99.com
295418,viideys.com
295419,vijoy.co
295420,villatogel9.site
295421,vip-av.com
295422,vip27yho.com
295423,vip777bet2.com
295424,vip7jili.com
295425,vipmember.bet
295426,vipplyrbr4.com
295427,viralbf.com
295428,viralmms.site
295429,viralsvideo.com
295430,vitrinemadri.com.br
295431,vlxxvip.top
295432,vm999.life
295433,vmcsubastas.com
295434,vn58d3eq.com
295435,vncrypto.info
295436,vodkafuns.cc
295437,vol-direct.fr
295438,vpayd.shop
295439,vremea.ro
295440,vsuite.asia
295441,vswgacor.site
295442,vtime.co.za
295443,vtv8819.me
295444,vu88.lv
295445,vuagaaz.ws
295446,vunjabeibet.co.tz
295447,vuproplayer.com
295448,vuvu.tv
295449,vv7733.com
295704,vancis.nl
295707,v-helper.com
295839,veiss.com
295855,visitingvienna.com
295934,voshoes.com
295988,vintagegunleathertoday.com
295989,vassalengine.org
296071,verygoodemail.com
296180,veryfast.io
296185,vgmpf.com
296211,vid-bx.com
296222,vid3.de
296256,vanso-alx.com
296335,vps-kinghost.net
296345,veridns.net
296359,vpravda.ru
296367,vvskola.lv
296454,vivibebe.site
296470,videograph.ai
296495,vegafintech.vn
296500,viewus.co.kr
296532,vvn.nl
296539,viatech.com.tw
296542,vieffetrade.eu
296552,vnptmedia.vn
296581,venicebackstage.org
296642,vieffetrade.com
296647,vocagame.com
296661,vhostweb.com
296680,visasoutheasteurope.com
296723,vetprep.com
296908,veles.finance
296922,vuurwerkcrew.nl
296953,vakantio.de
296975,vflyer.net
297014,vcalc.com
297086,v-olymp.ru
297133,viphoon.su
297176,villaareselucini.net
297280,voidshield.site
297348,vientosur.info
297356,visitor0.com
297398,vhb.com
297400,vegafintech.com.vn
297428,vitalcomp.hu
297450,vitesyhub.com
297470,vertical-tair-parachutisme.fr
297484,vitbichi.by
297533,vcreative.net
297588,vpv.de
297637,vetlek.ru
297782,voog.in
297802,varjo.com
297914,vegas-expert.com
297952,vopak.com
297955,vpnreal.io
297991,vttecs.com
298014,vestedfinance.com
298037,visiblealpha.com
298065,verygoodhousehotel.com
298126,vitadvice.com
298152,vampirevape.co.uk
298203,vixy.net
298243,vinakom.net
298377,vip-platinum.ru
298418,vereinsbedarf-deitert.de
298424,vitsoe.com
298431,vapeobservation.com
298539,vivaconagua.org
298605,verv.com
298663,valkyrieconnect.com
298675,vouchery.app
298803,vlink.cc
298813,vpndns.org
298898,vue.gov.ua
298973,voz.tech
299009,vicentelopez.gov.ar
299018,vlb.de
299076,vpweb.co.uk
299078,vmax.com
299206,vytega.com
299214,vuoriclothing.co.uk
299308,vegsource.com
299397,vegandrinkfest.com
299445,vwfs.sk
299453,videoipcamera.cn
299496,verifymy.io
299499,vxiaotou.com
299523,visitgenoa.it
299563,vnipipt.ru
299564,vetob.com
299571,visitwilliamsburg.com
299577,velo-winterthur.ch
299605,vimvd.ru
299610,viasun.ru
299814,verybark.com
299835,videas.fr
299952,veriatocloud.com
300056,vital.co.nz
300126,vehiclehistory.com
300137,vehisales.com
300190,vtol.org
300308,virtualcloud.in
300325,viewmedica.com
300350,voxengo.com
300401,vlp.fi
300418,valetudo.ru
300521,video.link
300541,visitendo.com
300544,vle.lt
300573,viabtc.ru
300622,vardek.ru
300629,virology.ws
300637,vwclub.bg
300696,velocityengage.com
300873,videoly.net
300895,vrforum.de
300930,velsanto.online
300932,vexpenses.com
300936,vitru.com.br
300976,vidanov-digital.ru
301004,vacationclub.com
301131,vcpay.org
301242,vipfile.cc
301265,vinccihoteles.com
301291,vizient.com
301339,vesuviolive.it
301346,vitalfarms.com
301362,vdk.ru
301414,vendavo.com
301455,volleytomo.jp
301506,vtime.pro
301509,valealternativo.com.br
301533,vjim.ac.in
301535,vipcars.ru
301613,vvbbl.com
301638,vlab-sapcloudplatformdev.cn
301662,vz1.nl
301664,vans.ca
301682,verdn.com
301698,vivogaming.com
301790,vlandus.com
301811,vert.no
301813,vaccineimpact.com
301857,vsevobr.ru
301872,vancourier.com
301913,vaporfi.com
301927,vincentio.in
301974,varley.com
301994,v9ying.com
302003,vku.edu.kz
302132,vtforeignpolicy.com
302278,viplinenet.ru
302316,vicbar.com.au
302329,veshok.com
302425,vrum.com.br
302508,vwfs.gr
302560,vodafone.com.pg
302603,vivabeau.com
302628,vipcars.com
302688,vci.de
302727,vihost.cn
302745,vacc.ch
302751,visa.com.hr
302760,velocity.black
302769,vantagemarkets.co
302788,velartis.com
302815,vidplus.pro
302897,vmr.gov.ua
302977,visualnetworks.es
303022,vehost.co.za
303049,veridiansoftware.com
303064,verbraucherzentrale-energieberatung.de
303102,vivasam.com
303111,vrcosplayx.com
303139,visura.co
303237,voltbz-a.net
303298,valleychildrens.org
303479,vinciworks.com
303553,visuallink.com
303596,vermoegenszentrum.ch
303645,vwforum.ro
303646,viduba.com
303674,voncp.com
303686,visitnorway.no
303767,vcloud.fi
303815,viajenaviagem.com
303944,vifindia.org
303991,visitusvi.com
304119,vifa.dk
304170,viteundevis.com
304172,valleyforge.org
304352,video4610.site
304409,viagrasansordonnancefr.com
304464,voucheraccess.com
304484,verisigninc.com
304564,vanderbilthustler.com
304612,velaw.com
304692,vokipedia.de
304785,voxdev.org
304812,virtuous.org
304986,visafoto.com
304999,vk44.net
305029,vdy.to
305065,vanleeuwenicecream.com
305109,vietnamobile.com.vn
305174,velo-club.net
305203,varnish-software.com
305333,vpsdns.host
305388,virt-manager.org
305422,vlambeer.com
305526,vacationrentals411.com
305590,vectorvest.com
305598,voilaaiartistapp.com
305606,vidzenvivo.cc
305630,vdl.pl
305653,vozdukh.ru
305656,viewprimeblog.nl
305658,videocdnmetrika75.com
305661,vbwebservices.com
305707,vtfishandwildlife.com
305731,verdy.co.jp
305771,vegasonlinemedia.nl
305829,vulcania.com
305845,vomc.com
305874,vtechkids.com
305906,videosarena.com
305957,vesselgolf.com
306118,vinbazar.com
306170,valladolidcofrade.com
306213,valuehost.com.br
306228,vzwpttplus.com
306345,vylina.com
306366,videoverification.site
306370,versaconnects.io
306418,vezetvsem.ru
306521,vikingmedia.mobi
306557,vchehle.ua
306573,vibetunnel.win
306584,vectechnologies.com
306598,valcartier.com
306604,visualdns.net
306645,vab.be
306708,vipcn.com
306771,vpadn.com
306782,viaarena.com
306784,via-ferrata.de
306822,viicjgxn.com
306858,vtb-arena.com
306912,viniq.io
306958,valor-casino-bet.com
306976,vesti-sudak.ru
306978,visualtext.org
306979,viagens.com.br
307008,vodkacore.pro
307017,viralvue.com
307087,vivahome.com
307106,vitu.com
307141,vermontvacation.com
307174,vivo.webcam
307250,vacatia.com
307348,visitrichmondva.com
307354,videy.yt
307495,vyvod-iz-zapoya-na-domu-samara-3.ru
307534,vidyavision.com
307561,vyvod-iz-zapoya-na-domu-ekaterinburg-2.ru
307569,veved.ru
307601,vazthosting.com
307607,vsmarketplacebadges.dev
307611,vntrip.vn
307626,v-n-0-k.com
307630,vnsgu.ac.in
307697,valectronic.com
307737,vnet.cloud
307763,videoipcamera.com
307770,vizagsteel.com
307793,vixverify.com
307820,vpnhosting.cz
307963,veroline.ru
307982,verifymail.io
307996,vimcal.com
308029,vegasmodernmedia.nl
308107,visittci.com
308123,vbctv.in
308175,verkeerscentrum.be
308182,v2t4z-azinomo-bile.icu
308237,vasteras.se
308257,videofitness.com
308259,voolt.com
308309,vacanzecolcuore.com
308311,vanepump.eu
308312,vidify.top
308329,viverolasbrujas.cl
308336,vmd.co.il
308376,valorglobal.com
308386,vimeo.work
308430,visa.com.au
308502,virtualpopstar.com
308544,vegasdigitalmedia.nl
308596,veniceairport.it
308609,vedun.ru
308638,vwfs.ie
308643,virtualrealityla.com
308654,vejthani.com
308745,vip88-ssss-tttt-yyyy-sssss-ddddd-vip999.com
308885,vivion-bcs.com
308928,vplants.org
308929,vinedirect.live
309071,v33.fr
309099,vos-couteaux.com
309105,vegas360.nl
309109,virginia-gl.com
309112,variable-stars.ru
309118,vorhilfe.de
309141,vyos.net
309171,visitorstore.ch
309190,v1.mk
309216,viragocosech.com
309246,visiontechusa.com
309347,vphone.co.za
309351,viewnetblog.nl
309374,verdiproductions.com
309386,victoriahealth.com
309388,vop1.com
309409,voyeyrist.com
309424,vua3x.com
309585,verimerkezi.istanbul
309591,videon-znojmo.cz
309764,vvm.com
309836,vapsmoke.ch
309903,vkusnyblog.com
309955,vacdn.cc
310048,vivun.com
310052,vse-dostavki.ru
310166,vorsprung-online.de
310170,vincolo.com
310194,vadriven.com
310220,viewnlblog.nl
310221,vpber.store
310242,vectorseek.com
310294,vnmu.edu.ua
310383,vomar.nl
310384,vamvelosiped.ru
310455,voope.com.br
310456,valivalcommerce.com
310562,visionunion.com
310635,valuegaia.com.br
310658,vibegaming.com.bd
310753,vital.audio
310802,voakorea.com
310871,versus.es
310895,vegasprime.nl
310934,viainfo.net
310963,victordirectory.com
310986,vtcmobile.ru
311009,vpsnet.lt
311027,vegashub.nl
311114,vpnvsegda.tech
311151,vortx.com.br
311170,vistaprint.it
311187,voraciousgrip.com
311227,vitebsk-region.gov.by
311320,venusetfleur.com
311550,viagginrete-it.it
311579,vinzamo.uz
311697,voxeldance.cc
311742,vikab.com
311750,viewlife.nl
311790,vivo200.com
311806,velomania.ru
311828,villar.co.il
311880,vitally-eu.io
311921,vasco.com.br
311934,valleyvariety.com
312012,volanbusz.hu
312017,vtx.ru
312031,velux.co.uk
312032,virginholidays.co.uk
312037,vlm.ru
312182,vieraconnect.eu
312288,viversum.de
312327,velvet.jp
312349,viprow.sx
312352,visitpeakdistrict.com
312400,vir2cloud.com
312425,vsports.pt
312444,vsembed.su
312456,vector-gps.ru
312463,vrggrl.com
312484,viptarget.com.br
312530,veon.com
312684,verlagruhr.de
312696,velas.com
312775,vkcdnservice.com
312861,vikingsterritory.com
312872,view360blog.nl
312899,veesta.com
312906,vkuservideo.com
312909,vaticanum.com
312921,viu.rs
312925,vetonit.com
312944,vkdigital.com.br
312957,vsclinicaltrial.com
312968,visitsplit.com
313074,valleecoeurdefrance.fr
313117,verzenio.com
313158,verifymyage.com
313186,vataga.trading
313192,visionspot.nl
313204,valueclouds.com
313255,vscocorp.com
313286,viv.co.id
313306,veriforceone.com
313331,verunix.com.tr
313492,v5waf.com
313520,vapewholesaleusa.com
313548,vid-mg.com
313553,velocityglobal.com
313609,vanguard.ne.jp
313633,voyageinc.com
313634,verisure.fr
313705,vidaxl.io
313728,vakko.com
313732,voody-online.top
313770,voxelmatters.com
313799,videometrica.net
313856,visitcanberra.com.au
313864,vblog.co.il
313876,vialto.com
313878,visitnao.ru
313896,vvs.finance
313917,vynedental.com
313924,visiativ.com
313925,vnpt-technology.vn
313963,veexinc.com
313970,volnamista.cz
314047,vidmo.pro
314055,vif.net
314095,vtu.bg
314109,villamossag.com
314199,viaplayradio.se
314243,vacat.nl
314321,videogen.io
314382,veatravel.com
314413,visieglobalblog.nl
314460,video-games-museum.com
314492,vacuumwars.com
314514,virginradio.it
314561,v12finance.com
314799,verisae.com
315018,vagisil.com
315029,vapebazaar.pk
315040,vibus.de
315067,vousnousils.fr
315084,volkswagengroup.it
315250,viafacil.com
315276,viewhubblog.nl
315310,viapresse.com
315345,vasko.ru
315451,viki.cc
315469,ventademotores.es
315549,vizury.com
315565,verifiedinvesting.com
315627,vegaspro.nl
315685,vaggarage.com.au
315717,vsand-static.com
315759,vintageberkah.site
315794,visieglobal.nl
315799,visitgalveston.com
315834,vedetta.org
315886,vanlanschotkempen.com
315951,vivoyoga.online
316040,vhi.ie
316104,vipzino-casino-nl.com
316127,vq50.com
316258,vitusapotek.no
316262,visa.pl
316297,vuoriclothing.ca
316328,vbudushee.ru
316367,vectorcore.nl
316375,v1telecom.com.br
316383,vitego-shop.de
316466,volcfcdnrd.com
316467,vq63jp8wfqh.com
316473,vlstream.net
316500,vb-service.ru
316607,visieplusmedia.nl
316618,violettefr.com
316641,validthemes.net
316665,visitnewportbeach.com
316682,vidstream.pw
316711,vi2eo.com
316760,vooservers.net
316789,vixpaulahermanny.com
316796,vedaoils.com
316835,valleymls.com
316843,vgr.by
316855,vilaviniteca.es
316858,vilafranca.cat
316871,voggt.io
316911,vidbox.cc
316959,vologda-oblast.ru
316962,velux.fr
316975,v-hosting.ru
316984,v24.ru
317007,vertexbetpro.nl
317019,video.tm
317035,vetclaims.app
317039,verkuendung-bayern.de
317040,vistracorp.com
317064,vendernetworks.com
317069,vvvv.org
317197,videoder.net
317262,vegashubblog.nl
317307,vdi-wissensforum.de
317323,vevocloud.com
317358,visitmadison.com
317388,visie360media.nl
317394,vegashubsite.nl
317572,vivus.ru
317611,vimzaa.com
317682,vmlzkblc.com
317688,vdopia.com
317705,vhchealth.org
317728,vyvod-iz-zapoya-na-domu-samara-11.ru
317731,vccresource.com
317736,vhtcloud.com
317788,vivi-box.io
317846,volksoper.at
317890,vantagemarketresearch.com
317968,videochat-live.su
317972,valentino-beauty.us
317985,vulcano.rocks
318049,virtualracing.org
318087,veenaworld.com
318102,viddo.ai
318130,vokalapress.ir
318140,vapesuperstore.co.uk
318178,videocdnmetrika.com
318195,vidlox.cc
318212,vexforum.com
318270,veryansintv.com
318383,vilt.be
318724,vbeeo.com
318725,vegamovies3.food
318726,venom123rtp.com
318727,verificardispositivo.com
318728,videyys.co
318729,vidma.se
318730,vidoes.co
318731,vlxvn.vip
318732,vtrahe.st
318869,vmobile.jp
318889,vidsrc.to
318978,vanquis.com
318981,valkey.io
319010,voshod-solnca.ru
319013,vidply.com
319112,visitaland.com
319253,vetspire.com
319286,vegasprimeblog.nl
319341,vegansupply.ca
319346,vidsrc.wtf
319359,vegastodaysite.nl
319385,vendex.ru
319438,vertexarenagroup.nl
319457,vaxjo.se
319484,velcro.com
319489,vpnzaj.com
319508,vought.com
319554,vkol.cz
319556,victoryporn.com
319640,vwserver.com.mx
319645,voyage-prive.co.uk
319648,verweg.com
319670,vanheerden.com
319714,victoriabuzz.com
319781,vaping.com
319829,vinahosting.com
319835,videodownloaderultimate.com
319850,vom.lutsk.ua
319901,vticket.co.uk
319906,vacationtracker.io
319941,var-techs.com
319951,visla.us
319953,vid-vx.com
319955,versbestellen.nl
319987,vivintsolar.com
320019,vectorified.com
320133,vaessen-creative.com
320174,vchaspik.ua
320238,visiedigital.nl
320284,vodka4gij.com
320343,vertexbettingdesk.nl
320378,video-hub.co.za
320411,vimedia.ru
320422,vimaorthodoxias.gr
320487,vidfound.com
320492,veloren.net
320598,videiy.co
320610,vegasdigital.nl
320616,vocalvideo.com
320626,viewcinema.ru
320646,vectorcity.nl
320661,viventium.com
320713,virtualsurfer.com
320751,vgu.edu.vn
320832,vniicentr.ru
320950,vxxg.shop
321101,voz.us
321138,vietbao.com
321238,valicostore.com
321255,vigame.cn
321279,vectorguide.nl
321291,vnsct.org
321293,virt888.com
321298,valentinalabstore.com
321342,vivanno.de
321375,veterix.cz
321396,volla.tech
321401,voices.org.ua
321419,vo47.ru
321478,veterans.gc.ca
321498,vx-3.com
321567,vimpelcom.com
321623,vergoelst.de
321655,voyeur-sexporn.com
321682,veboli.com
321703,viasms.pl
321735,vertexcenter.nl
321744,villagemaps.in
321860,vidc.co.kr
321886,volcbiz.com
322049,vgm.gov.tr
322089,velocity.company
322189,vantageip.net
322197,vosforums.com
322216,vuiz.net
322264,voicecci.net
322281,vitaworld.com.ua
322313,vipcenter.nl
322367,viabloga.com
322370,valorbet-pe.com
322375,vfivcs.com
322522,variotecgmbh.de
322588,visienlmedia.nl
322690,videoplasty.com
322825,vhlru.ru
322833,visiteastbourne.com
322844,vavilon.co
322885,vasion.com
322888,vspop.org
322894,vertexline.nl
322928,vid3rb.com
322930,verizon-gni.net
322935,voicetv.co.th
322975,vtcng.com
322981,vectorclub.nl
323056,viewranger.com
323092,vetagro-sup.fr
323173,viewqwest.com
323216,vskills.in
323217,visiofactory.com
323240,virgintrains.co.uk
323259,vaskywire.net
323273,vsmpo.ru
323280,visiocology.com
323311,vodocar.com.ua
323323,virtuaoperator.pl
323431,velasresorts.com
323436,visitmosel.de
323515,vaux-le-vicomte.com
323516,violey.com
323548,visionslotsdesk.nl
323571,visitaserbia.com
323585,voffice.pro
323630,vertexclubplatform.nl
323634,vivianseven.com
323654,varuosamarket.ee
323769,viserv.de
323772,viptv.in.ua
323775,vnvc.vn
323838,vbee.vn
323883,vibenomics.com
323925,vareminnesider.no
323933,visitcherokeenc.com
323937,vertexguide.nl
323977,viaductus.de
323999,vodjk.com
324009,vilaglato.hu
324040,visitisleofman.com
324151,vbout.com
324238,vana7.games
324378,vcgplus.com
324386,vpo.ca
324406,vkksu.gov.ua
324420,verbraucherzentrale-bawue.de
324492,visma.se
324547,velocitynet.co.nz
324566,vgcpas.cc
324722,vansaircraft.com
324798,vibs.me
324871,virtgram.com
324885,veryon.com
324944,vital.de
324960,viatravelers.com
325066,vanhoecke.be
325115,virtualhost.com.tw
325122,vermont.com
325134,valuezonefurniture.com
325143,visittampere.fi
325193,voltacorephl.net
325388,voidspace.org.uk
325400,vertical-life.info
325404,veremark.com
325499,vdeiyy.com
325577,vpsdime.com
325615,vocetelecom.com.br
325648,v.vivo
325742,vnetservices.in
325841,vyvod-iz-zapoya-na-domu-samara-10.ru
325859,v-dns.net
325923,vivien-mall.com
326022,virtit.fr
326134,vger.social
326143,vinas.com
326159,vello.fi
326208,vbs10qd9.com
326236,vinklo.com.br
326430,visitwiltshire.co.uk
326433,vipway.net.br
326441,vacationalbania.com
326468,visionslotsonline.nl
326536,verbformen.ru
326580,verticalraise.com
326656,velo101.com
326703,vitaminews.com
326736,vertexfocus.nl
326870,vidyakul.com
326871,vip1289.com
326872,vipapostas.com.br
326873,vsdm8.com
326962,visionrouletteexpress.nl
327065,veloo.com.br
327070,vertexspinsworld.nl
327115,vyrobapro.cz
327133,vstdns.co.uk
327149,vintageleatherjackets.org
327177,vitero.de
327188,voxweb.nl
327237,version2.dk
327340,visie360blog.nl
327341,virginwines.co.uk
327420,vpnlight.mobi
327490,vipbox.ws
327626,visielifeblog.nl
327632,veepee.de
327688,vipserv.org
327793,virginhotelslv.com
327940,versicherungsstelle-deutscher-wald.de
328153,v148.vegas
328174,vpracingfuels.com
328215,volatilityshares.com
328282,virnetx.com
328348,vatsshop.com
328349,viefrancigene.org
328375,vidhidepro.com
328388,varonis.net
328390,vanidades.com
328398,vivaearth.ca
328458,vera-troitsk.ru
328467,villagemedical.com
328474,vakkorama.com.tr
328497,vkmonline.com
328559,viaplay.no
328590,veseloeradio.ru
328685,villageinn.com
328827,vodus.com
328835,vitay.pl
328838,venlo.nl
328850,voltea.cl
328874,vitakraft.com
328895,vocq.net
328984,vanguard.edu
329000,vandervalkonline.com
329003,vvvcadeaukaarten.nl
329108,vavadaofe47.com
329120,vipreseller13.net
329233,visioncig.com
329365,visualrad.org
329425,viasocket.com
329427,voyeglobal.com
329576,vhw.de
329620,vaistai.lt
329672,vegasfever.site
329718,videosync.fi
329756,vigilance.ca
329779,van-halen.com
329808,vanastenbabysuperstore.nl
329993,vfr.net
330008,vertragsbedingung.de
330056,vsestavkinasport.com
330077,vipworks.nl
330103,vipzino-casino-netherland.nl
330240,vyvod-iz-zapoya-na-domu-samara-9.ru
330245,victoriassecret.co.il
330268,vitaminkoo.com
330269,vshkole.com.ua
330281,vincom.com.vn
330399,vaclaimsinsider.com
330408,vavada2hn7l.com
330410,vpnquick.ru
330428,vertexrouletteplus.nl
330433,vroemen.eu
330488,voqall.com
330497,veoci.com
330544,voshuiles.com
330572,volo.net
330574,vivapets.com
330633,vans.fr
330636,validrecord.com
330677,velocorner.ch
330683,viterra.com
330690,vlasic.ca
330733,vegascasinoonline.eu
330738,vegasgrid.nl
330775,vnish.com
330833,valuemytradein.com
330902,vavadayql7.com
330904,vf.eg
330915,viewaskew.com
330926,vigoe.es
330934,vacuum-market.ru
330941,vfs.edu
330969,vision-net.ie
330976,visionclubdesk.nl
330996,viiwinli.com
331038,versanet.be
331094,visionmakers.online
331183,viewpoint.cloud
331187,visionmonday.com
331266,vallartasupermarkets.com
331269,vpsdata.be
331273,visienetblog.nl
331432,vivver.com
331473,visitpalmsprings.com
331497,villaromaniani.com
331556,visionspinhouse.nl
331622,veganessentials.com
331625,vitraglobal.com
331631,vilant.com
331688,vandle.jp
331695,vivabox.es
331696,vyaparbharat.com
331699,vinhosevinhos.com
331709,visitspokane.com
331745,vodka8s2v.com
331760,vegro.nl
331763,vertexpalacedaily.nl
331799,valleyofthesuns.com
331826,void.gr
331884,vmq743.com
331923,vrad.com
331936,vbz.hr
332010,viso.ai
332016,vertexhouse.nl
332049,vipturbo.com.br
332072,vip168sa15.com
332170,voigt-mt.de
332231,vipathai.com.au
332296,vibewatch.app
332405,variant.com
332435,vietnamhighlightss.com
332477,v2raytun.bid
332516,videolink.host
332573,viveresenigallia.it
332580,vyvod-iz-zapoya-na-domu-voronezh-8.ru
332612,vnet.eu
332628,vvt.at
332636,velut.co.uk
332654,vaktus.site
332669,victrola.com
332691,vpsforvpn.com
332710,volumesfamososnus.com
332714,vzkoo.com
332807,visionunit.ch
332819,vpnmasterpro.com
332838,violentlinedexploit.com
332848,vlajky.org
332875,vegasglobalblog.nl
332934,vkmag.com
333085,vyepti.com
333091,vainporno.com
333118,vps.ua
333119,vans.de
333345,velourmmr.com
333346,vidsigner.net
333347,viva-la-vita.org
333377,vt.se
333393,voyageatl.com
333425,vitalthrills.com
333440,vipmark.nl
333450,vibrantbb.net
333484,vytlcontrols.com
333535,vodka42l5.com
333559,visioncardsdaily.nl
333615,verygames.net
333625,vmaker.com
333634,vaulteksafe.com
333655,videoapne.to
333701,voa.gov.uk
333737,vvnkjcvf.com
333751,ventureautosales3.org
333808,visi4d.org
333829,vuarnet.com
333835,vapoholic.co.uk
333901,vikavto.com.ua
333956,visitplymouth.co.uk
333959,versicherungsbote.de
333969,vulgaris-medical.com
333972,vertexpalacedesk.nl
334009,voxy.co.nz
334143,vevy.ai
334152,velocityfarm.com
334175,valenciaciudaddelrunning.com
334180,vsp-prod.com
334194,vakhtangov.ru
334199,vm-dns.de
334222,vilords.com
334242,viabtc.in
334243,vegasnetblog.nl
334250,vcpr.cz
334259,vidmage.ai
334321,voluspa.com
334377,vitafilters.com
334385,verhoeven-joaillier.com
334395,vertexpalaceplatform.nl
334400,visionclubworld.nl
334418,vercity.ru
334466,vipstatic.com
334514,visionpalacedaily.nl
334586,vipnetwork.nl
334603,vacavillas.com
334676,vantagehouse.com
334693,vouched.id
334795,valutec.net
334832,vbenterprisetranslator.com
334953,vectorhouse.nl
335026,vicedeal.com
335106,vexreels.com
335118,visuverkko.net
335175,vip-cdn-skdjcsoqp.com
335229,visnelik.org
335327,vandb.fr
335363,vanoord.com
335371,viralagenda.com
335382,vmiss.com
335403,vivrelle.com
335431,violin-88.com
335432,verbina-glucharkina.ru
335493,vid108.com
335512,v5dy.shop
335525,videochat-18.com
335545,vinoteket.se
335579,volcfcdn.com
335656,videocdnmetrika78.com
335803,viasverdes.com
335809,vecaetagere.com
335821,vipit.be
335822,viplab.nl
335873,vogelforen.de
335875,visitbend.com
335908,vilanova.cat
335911,vidaxl.com.au
335957,vans.es
335989,viptv24.com
336034,visieprimeblog.nl
336106,vsviti.com.ua
336107,vinevida.com
336112,vietnam360view.com
336114,vhcanada.com
336115,voquent.com
336180,vipkidstatic.com
336280,vyvod-iz-zapoya-na-domu-ekaterinburg-1.ru
336308,verliebtab40.de
336309,vlaamsbrabant.be
336324,vedro.pro
336352,vserver.de
336360,vmray.com
336403,vmwaredevotee.com
336424,verygayboys.com
336576,vinci-immobilier.com
336660,vivo.al
336665,vislom.cloud
336703,vnc.de
336721,vietbf.com
336739,vanharen.store
336863,vicbondsupply.com
337040,vertexpokercentral.nl
337062,vaertas.ru
337076,vdivde-it.de
337107,votters.com
337112,vsnl.com
337137,vpr.org
337150,valirscans.org
337174,vpesports.games
337269,vegaspromedia.nl
338954,v77login.store
338955,vafeiadakis.gr
338956,vaniabeautyshop.com
338957,vava4dempire.com
338958,vaycasino1113.com
338959,vdcasino1334.com
338960,vdcasino1336.com
338961,vdcasino1338.com
338962,vdhio.de
338963,vegadark.com
338964,vegamers.com
338965,vegamesh.com
338966,vegamoveis.guru
338967,vegamovie.biz
338968,vegamoviesnl.cfd
338969,vegamovieze.com.in
338970,vegamovis.club
338971,vegamovis.ink
338972,vegamovis.sbs
338973,vegamovles.bond
338974,vegas6dlucky08.info
338975,velvetdesire.lol
338976,verhdpelis.com
338977,verkeerstoetszilver.be
338978,vg123air1.com
338979,vg123moon1.com
338980,vg123moon4.com
338981,vg123plus4.com
338982,vglist.cv
338983,vid65.me
338984,videy-stream.online
338985,videyyfav.art
338986,vidgzgty.shop
338987,vio77gg.com
338988,vip68b.uk
338989,vipceriabetnow.site
338990,viplinkneko4d.site
338991,viplotto3689.com
338992,viralkand.ai.in
338993,viralterbaru.wiki
338994,visi4dgacoan.com
338995,vivo4dkicaw.help
338996,vjd4me.com
338997,vlsexdam.blog
338998,vlxxsub.xxx
338999,vn-heovl.io
339000,vn-vlxx.io
339001,vodclip7.online
339002,vu88.me
339003,vu88.vin
339004,vua88.media
339005,vuch.hu
339006,vvipbalaptoto.yachts
339147,villagephotos.com
339252,vmwareidentity.de
339315,voco.ee
339316,vertextrend.nl
339370,voyagersopris.com
339379,vetandlife.ru
339395,visionvipplatform.nl
339412,vd-tv.ru
339437,vistaoutdoor.com
339443,vidstack.io
339505,voidjanica.monster
339568,vbarter.com
339570,visasam.ru
339608,virtuelabs.com
339670,vip168sa16.com
339700,vyjkcmxobh.com
339807,vvc.edu
339834,vnadsrv.com
339839,vniva.com
339843,vertexplace.nl
339887,vlaanderen-circulair.be
339917,vrachi.name
339948,voltara.click
339971,vcube.com
339984,vendista.ru
340077,vantagescore.com
340121,viewpointpoll.com
340134,vjrrzruor.com
340204,valtec.ru
340456,vistaprint.ch
340458,visionsdureel.ch
340523,visionworld.nl
340561,vmmo.mobi
340659,vlv.network
340677,versaweb.net
340715,voacorretor.com.br
340731,vitaminegitim.com
340733,vmobil.at
340818,vigoasia.com
340885,vigr.ru
340910,version-karaoke.fr
340919,visiongamingplus.nl
340972,vermontstate.edu
341029,vyvebroadband.net
341094,viewpiccdn.com
341116,veltins.de
341140,vietnamembassy-usa.org
341158,vespaclubvolos.com
341205,vhod2022.site
341213,vector4free.com
341230,valgardena-web.com
341257,vb-mittelhessen.de
341267,verigom.com
341330,veterinaire.fr
341381,videojke.name
341395,vitikart.com.fj
341397,venus.bayern
341434,virtuosity.com
341574,visitwichita.com
341575,vvps.xyz
341622,vrmo.net
341639,voipwise.com
341672,vidmoly.net
341682,vsfwatches.com
341739,voice-link.ru
341847,vitalik.one
341850,visitsoutheastengland.com
341859,vibepreview.com
341901,vukajlija.com
341904,vroomstudios.in
341971,vista.today
341973,vkios.com
341977,vigrakrs.com
341998,vibecode.moe
342036,valueinvestorsclub.com
342108,vanwalraven.com
342133,v-bux.ru
342171,visioneast.net
342176,visiehubmedia.nl
342189,viewlifeblog.nl
342190,vandykeupholstering.com
342337,vallegrande.com.bo
342383,vvhan.com
342399,voteq.co.uk
342418,versalie.com
342488,vdinfo.cn
342545,viva.org.uk
342547,vertexmedia.nl
342558,voetbalwedden.net
342612,vercalendario.info
342622,verlichting.be
342631,vatsim-germany.org
342689,vinixtech.com
342696,vehi.net
342710,vanguardmil.com
342717,vk-edge.ru
342730,visitestespark.com
342758,vufindnet.de
342908,vortexsoftware.com
343006,vkf-renzel.de
343078,vngcdn.com
343079,vpon.com
343122,vioi.net
343172,viewhotels.co.jp
343195,vnvn.net
343210,veritradecorp.com
343283,virdsam11.net
343285,veryim.com
343295,valk.com
343331,viniatzeni.it
343396,verdahosting.com
343436,visitalexandria.com
343499,vabali.de
343501,volkalex.uk
343572,volleybal.nl
343710,vorablesen.de
343725,videx.jp
343888,ventraip.com.au
344014,vektrapc.com
344017,viebrockhaus.de
344133,velloznet.com.br
344192,vuplayer.pro
344253,vanbreda.com
344430,visasnews.com
344438,vladtime.ru
344533,vertexslotshub.nl
344602,velvetyne.fr
344687,videociety.net
344732,vinovo.to
344783,visitmontaione.com
344795,vapouriz.co.uk
344802,vserv.cloud
344808,vittoriaassicurazioni.it
344844,vvo2o.com
344878,ventaneumaticos.com
344919,vocapp.es
344966,vahan.co
344975,vvppnn.click
345004,vorvuz.ru
345043,vrcdn.live
345076,vanguardcharitable.org
345117,vmsz.ru
345123,vot-tac.ru
345166,viladomat.com
345170,vacier.com
345171,vsu.edu.ph
345212,vybirejnabytek.cz
345255,vrfgtyyuicece.com
345343,vipleiloes.com.br
345346,viivilla.se
345421,viewsofia.com
345470,venturafoods.com
345474,vediey.cc
345481,veev-vape.com
345485,vnhnaiduhall.com
345495,vporn.com
345509,verf.nl
345537,visitdenmark.de
345559,verahealth.ai
345628,visietoday.nl
345692,very-best-coupons.com
345708,vrsnl.com
345776,vegasaces.com
345785,vybzsocial.com
345886,vertexbetspace.nl
345920,vkblack.ru
345941,vendeaitecnologia.com.br
345947,vw-club.cz
345957,visiontech.com.bd
346005,vita.no
346098,viprow.im
346231,vpshub.co
346322,vitanorthamerica.com
346384,valence.co
346389,vegasindoorskydiving.com
346395,vendcdn.com
346418,ventura.org
346490,vicom-internet.net.br
346502,vandebron.nl
346536,virginmobile.ae
346559,virtualdataserver.com
346673,vtb.tips
346727,verbatim.com
346741,voobly.com
346906,visititaly.eu
346968,virtutel.com.au
347022,videobot.com
347046,virtuix.com
347067,viewnl.nl
347084,verbier.ch
347161,vrijbuiter.nl
347201,visitlex.com
347286,velomobilforum.de
347346,vondres.com
347369,valley.md
347376,videplay.us
347379,viralstyle.com
347441,verisure.it
347446,vorlaender.net
347485,vohc.org
347492,variaworld.nl
347576,vtubestudiocloud.com
347643,visienl.nl
347696,vertexgamingmarket.nl
347711,vertexmark.nl
347763,visionvipnetwork.nl
347767,vertx.com
347773,vfgth.com
347780,vom-achterhof.de
347852,vana.org
348062,viio.io
348096,virtustream.com
348182,vipmro.com
348359,vegasmeansbusiness.com
348374,vectorchiplink178.nl
348406,vkuni.ru
348562,verifiedall.shop
348612,vega-ua.net
348645,voshi.com
348669,viewnlmedia.nl
348672,v13.net
348739,viprh.site
348743,viad.com
348767,vdata.sk
348780,voltraz.xyz
348793,vansonkoigrub.com
348817,voyagetips.com
348857,verifico.io
348863,virtualyosemite.org
348867,vpd.fi
348901,vyvod-iz-zapoya-na-domu-voronezh-11.ru
348933,vocapp.de
348935,veresource.com
348960,vusluge.ru
349088,vse-footbolki.ru
349097,vsip.eu
349140,vipreseller.net
349194,volna-casino-apk.ru
349286,vietsov.com.vn
349315,vojvodina.gov.rs
349370,videoporn.tube
349371,vegaslifemedia.nl
349377,vingaming.com
349452,volvocars.net
349504,vertexjackpotlounge.nl
349519,vladtv.ru
349564,vooks.com
349578,viaa.gov.lv
349582,vid.ly
349593,vtbe.to
349681,vertexarenabase.com
349711,vistaalegre.com
349722,vswenku.com
349732,vidhikarya.com
349754,vbspro.events
349762,vnkmedia.com
349832,vapes001.com
349958,veluwebootverhuur.nl
349978,visionspingroup.nl
350006,virginiawestern.edu
350137,vax.co.uk
350143,vaips.it
350169,villeroy-boch.fr
350199,venezianer.com
350222,vgnoticias.com.br
350262,vizzit.com
350276,visum.studio
350322,visitredsea.com
350344,vorient.com.cn
350380,vasezdravlje.com
350414,vialattea.net
350460,vermelho2.com
350580,voxday.net
350629,vid-01t.com
350772,villa-lumi.ru
350776,vsim.ua
350836,viva.id
350849,vision-net.de
350851,vipdistrict.com
350873,vega.com.vn
350976,vvvbbb.com
350987,visacheckbd.com
351001,viewplusblog.nl
351086,visioncasinospace.nl
351120,visiobox.cloud
351153,videocdnmetrika79.com
351237,visionslotlounge.nl
351258,vivat.com.ua
351320,vietclub.com
351340,vh122.com
351353,video2edit.com
351386,vertx.io
351389,videoenpoche.info
351407,volgograd-trv.ru
351480,vivimari.com
351507,vemeo.com
351590,voencomrus.ru
351597,vrachprav-nmp.ru
351658,villa-finder.com
351750,visasyst.com
351771,vps.no
351775,vapestore.co.uk
351855,vividvideoclips.com
351865,veritydns.net
351915,vprognoze.kz
351945,vgmrips.net
352006,virabyani.com
352044,viori.com
352046,vpsserver.com
352057,vast.gov.vn
352067,vexacdn.top
352071,voeazul-news.com.br
352079,vaidebett.com
352086,vvo.ru
352140,vintagefootballarea.com
352201,virtualarad.net
352259,visionslotsnetwork.com
352284,viipqnqi.com
352351,vipstand.cc
352424,visitsado.com
352477,vinegret.cz
352523,videopro.com.au
352569,videocdnmetrika80.com
352613,velocitynet.com.au
352618,vlance.vn
352644,vitalchoice.com
352699,vintros.com
352712,villamedici.it
352717,vmpspares.com
352723,v1br4n7bud.top
352748,vastspace.com
352750,volleyball-verband.de
352752,veii.com
352756,vanswarpedtour.com
352808,valli.org
352852,vandenbergafvoerputten.nl
353064,viberu.ru
353070,visieworldmedia.nl
353075,valai.net
353081,vboro.de
353137,visionblackjacklab.nl
353165,vitinhgiakhang.com
353172,vacz-tigt-jdyeq-5y8h.xyz
353251,voxpopme.com
353370,viviendasnuevas.com
353466,vvapi.org
353509,visitpasadena.com
353525,voice.com
353564,voginfo.ru
353732,villingen-schwenningen.de
353747,vessel-hotel.jp
353801,vzunet.com
353809,vidcon.com
353932,veterinarypartner.com
354009,vortexdns.net
354010,vpnuthavi.me
354043,vi-market.com
354074,vineyardartdecor.com
354104,videolucah.biz
354235,vaxacount.com
354245,volksforum.com
354288,vaerwatches.com
354314,venafi.cloud
354365,vdnh-tech.ru
354421,vixy.video
354482,voyeur-porntube.com
354487,vvf.fr
354505,vytal.org
354545,vivoes.com
354565,vente-unique.ch
354566,visitsweden.de
354602,vedantalimited.com
354621,vyak.net
354678,vladila.com
354738,vsedomarossii.ru
354789,voyah-avtoliga.ru
354813,valvira.fi
354834,valuestats.com
354847,violetnavy.shop
354917,valuetech.net
354969,vserverhosts.com
355067,vinum.eu
355273,volia.biz
355293,visa.com.hk
355295,vibe.travel
355313,vertexgamblepoint.com
355390,voetbalgokken.nl
355411,visionspinpoint.com
355431,vexo.co
355492,veygo.com
355516,villakanaya.com
355536,vitalshark-speed.net
355558,vlab.su
355704,victoriousseo.com
355736,vyvod-iz-zapoya-na-domu-sankt-peterburg-8.ru
355767,vpnomni.com
355778,videolink.net.cn
355804,visionpokercentral.com
355812,vdcdn.top
355853,vintagestore.pt
356025,vpnhub.xyz
356056,vertexjackpotlab.nl
356085,vpnempire.net
356120,vectorgrove.com
356133,vitaminesperpost.nl
356160,video-amateur.net
356191,vocalhub.net
356232,valuteccardsolutions.com
356314,vagsan.com
356337,verygslb.net
356341,villaholidaycyprus.com
356429,visioncity.nl
356449,vipvault.nl
356518,vertexslotsonline.nl
356537,vsol.info
356634,vistaprint.ie
356645,vicinity.com.au
356854,visionjackpotzone.com
356856,vorarlberg-alpenregion.at
356979,veyesbeauty.com
357033,vietnam303.ac
357044,videofoot.xyz
357085,vichy.ca
357110,visitbuckscounty.com
357119,vermoegensberatung-fuer-aerzte.de
357169,vigourmedstore.com
357195,valitor.com
357203,veluxshop.de
357228,vlasenko.net
357285,vagabondo.net
357323,visammg.com
357352,verywed.com
357375,visioncenter.org
357458,visionreelsgroup.com
357479,vbeltguys.com
357481,visionblackjackstation.nl
357522,vulpesgoods.com
357584,vetuk.co.uk
357623,vizuara.ai
357654,voyo.si
357718,visitshreveportbossier.org
357950,vplaybabes.net
357973,virtualizor.com
357975,venturesafrica.com
358083,vanderkrogt.net
358107,vayxi.com
358109,virtuefusion.com
358114,viterna.at
358196,vado.com
358259,vdst.de
358300,vermillionlifestyle.com
358339,visionclubstudio.com
358344,vspace.one
358375,visionarenadaily.nl
358380,varldenidag.se
358406,vaultrelay.online
358454,viparena.nl
358483,vertexbettingzone.com
358541,vird.co
358597,vertexbetzone.nl
358684,vituity.com
358696,viaparque.net.br
358725,vq12hour.my
358733,vitat.com.br
358749,visitbergamo.net
358770,virtualoff.ru
358816,vyvod-iz-zapoya-v-staczionare-sankt-peterburg-3.ru
358830,visa.com.tr
358878,vemaeg.de
358882,view-mintads.in
358904,vb.by
358930,vaginaporn.net
358937,veinteractive.com
359107,vendors.run
359113,vicrez.com
359148,virunga.org
359149,vilaromana.com.br
359153,vupulse.com
359187,vornado.com
359203,vodkabet.kz
359228,vmdaily.ru
359252,v5lca.cn
359353,viewglobalblog.nl
359434,vitreum.lv
359464,vrhump.com
359474,vatangame.com
359524,vmvman.com
359540,vmssr.net
359541,vocphone.com
359587,visioncasinopro.nl
359679,visitmix.com
359687,viralcham.com
359708,videohighlight.com
359744,vozmika.ru
359794,vertexarenamarket.com
359817,vistranstoll.ru
359886,vrl.com.au
359939,vittoriocitro.it
359959,vegalta.co.jp
359963,vixcam.com
359976,viaero.com
360028,vrnet.si
360041,villa-bay.com
360115,visadpsgiftcard.com
360122,vidhidefast.com
360161,velonity.com
360190,vrdns.co.uk
360209,vex-elimecs.uk
360213,vivacrm.ru
360249,vertexvipstudio.nl
360325,videotubepornclassic.com
360371,voiply.biz
360404,vavato.com
360465,visitlakecharles.org
360637,vorort.news
360648,visionpalaceplatform.nl
360693,vipbase.nl
360783,vbl.de
360797,vladimir-city.ru
360846,vliegtickets.nl
360853,visionpokerlounge.nl
360862,vhubtest.ru
360871,versuri.ro
360896,vedukation.com
360927,votehub.com
360938,viteski.ba
360941,voozar.com
360987,vsct.info
360993,vegasworldmedia.nl
360996,vwstaug.com
361040,vinaphone.com.vn
361063,v-app.vn
361069,venetohotelsweb.com
361148,visite.org
361151,vn-meido.com
361180,ventasbalss.lv
361215,vc-mp.org
361270,visioncasinozone.nl
361380,vim-adventures.com
361395,vailvr.com
361421,valleycollege.edu
361436,voucher.discount
361473,vipboxtvs.com
361487,vertexbetpoint.nl
361510,v8forum.co.uk
361511,visionslots247.com
361536,visualvest.de
361549,vipnet.ci
361562,vyvod-iz-zapoya-na-domu-ekaterinburg-3.ru
361597,visionbettinghouse.com
361693,v9m4r1.com
361694,viajala.com.co
361695,visi4dlogin.com
361696,vvvwin6.com
361755,vertexvippro.com
361759,vikinggroupinc.com
361763,vles.space
361781,visionspinshub.nl
361801,venuescanner.com
361825,valkyrieforum.com
361847,vocovo.com
361900,vacuumspot.com.au
361920,vintagepornv.com
361968,voron.ua
361985,venauto.nl
362029,vis.social
362032,vietnamlifeexplorer.com
362110,vietnamsatellite.com
362113,videoclub.net
362138,vau.fi
362164,videofriend.site
362183,viraltemy.com
362192,vendelux.com
362243,vicserverscp.com
362255,verytwink.com
362259,verical.com
362308,videos-uploader.com
362344,vcoe.at
362358,vip-stores.com
362409,voacantonese.com
362456,varmepumpsforum.com
362511,voyah-borishof.ru
362524,velostrada.dk
362534,vessel.co.jp
362557,volksbank.it
362559,v1im.com
362568,visitguernsey.com
362570,vummidi.com
362623,valleystrong.com
362649,visiongamingdaily.com
362688,virit.be
362724,visit-oita.jp
362786,vorondesign.com
362934,vlex.com.co
363119,visitmedia.de
363125,visionclubplatform.com
363148,voyagedallas.com
363183,vestikbr.ru
363215,visitmama.com
363279,vpn-vless.online
363311,ville-levallois.fr
363365,vkks.ru
363417,videogirltv.com
363452,vaillant.co.uk
363611,veho.fi
363666,vru.ac.th
363682,valuta.exchange
363685,vls.io
363687,vsemaykishop.ru
363751,vertexslot187.com
363769,vwfs.co.uk
363842,vertexcardsworld.nl
363855,vemer.it
363898,vitual.ru
363918,vapingunderground.com
363970,verificationacademy.com
364151,vivatele.com.br
364188,vse-pro-sport1.com.ua
364216,visasecuritysense.com
364381,vacanceole.com
364492,velexcloud.com
364625,vrg.de
364654,viewzone.com
364671,venipak.com
364715,vov.gov.vn
364718,vivetix.com
364724,v47.casino
364727,visionclubdaily.nl
364747,vsavm.by
364784,visionroyalhub.nl
364785,visioncardsgroup.nl
364791,visuals.co.uk
364827,valueserver.jp
365031,vidverto-pre.bid
365104,visiongamblelounge.nl
365119,visitdevon.co.uk
365150,vividgraphics.com.mx
365175,vehicleclips.co.uk
365291,virtualterminal.com
365319,voicemedia.ro
365321,versaic.com
365361,v6proxies.com
365436,vmestefilms.online
365453,viewerattack.com
365476,vfidev.com
365509,visithungary.com
365587,viewmax.io
365591,vyvod-iz-zapoya-na-domu-nizhnij-novgorod-1.ru
367761,v3gameb.com
367762,va999.com
367763,vacancymail.co.zw
367764,vag888.vip
367765,vaga-news.pro
367766,vaidban.com
367767,vana.hn
367768,vault76.info
367769,vavaslot88resmi.sbs
367770,vegaauto.com
367771,vegusss666.com
367772,vehiculosvalle.com.co
367773,vento-marketing.com
367774,venusbetrasa.com
367775,vero-trade.com
367776,versevidsaver.com
367777,veryvideo.top
367778,vf238j.com
367779,vglist.top
367780,vhjj989g.com
367781,viappk.com
367782,vicinipassionali.com
367783,victory555.cfd
367784,vid65.info.in
367785,viddeohub.com
367786,videoscool.site
367787,videosfans.one
367788,videqux.one
367789,vidfiles.site
367790,viesion.fr
367791,viet69sex.blog
367792,vihaljewellery.com
367793,vikuniexam.in
367794,vilanova.com
367795,villtechz.in
367796,viper-play.org
367797,vipokitoto.com
367798,virtualofficeerp.com
367799,virtuedge-marketing.com
367800,visa4dfly.com
367801,visa4dslurp.com
367802,visionofhome.se
367803,viszonykereso.com
367804,vivo303ujkp.com
367805,viydye.com
367806,vjeraufanjeljubav.com.hr
367807,vlxbd.com
367808,vojdeehd.com
367809,vorex.site
367810,vortexconnect.in
367811,vuagaivip.com
367812,vuclip.et
367813,vungtrom.blog
367814,vvip1668.app
367815,vz99nohu.com
368034,viind.io
368049,vip.de
368055,viarezo.fr
368073,vagabond.se
368079,vertexhub.nl
368104,vecher.kz
368150,vtmerchantportal.com
368162,visitfortwayne.com
368164,virtualopensystems.com
368177,vivid.com
368336,venezianico.com
368381,v92.net
368517,vastiptest.com
368529,viettelsec.com
368548,vuoriclothing.mx
368664,vigilantsolutions.com
368672,vlada.mk
368677,vlimg.com
368678,vr-m.net
368723,vexiqon.com
368735,vfn.cz
368742,voxamps.com
368762,visitbuffaloniagara.com
368778,vf-easy.de
368802,v.show
368899,viafintech.com
368945,video-dom2.ru
369033,vayaresorts.com
369071,veturis.com
369168,visitlongbeach.com
369179,vseservice.ru
369245,valenciatheaterseating.com
369249,visitsouthdevon.co.uk
369302,veil.watch
369318,verti.es
369375,vansd.org
369433,vkuserlive.net
369674,vag-freiburg.de
369701,vid.ru
369808,vinita.lt
369855,vpeeps.com
369864,vergeporn.net
369975,variance-auto.com
369979,vu86.com
369982,vitglassbottle.com
370006,visiongamingbase.nl
370050,vectorglobal.nl
370097,v-vpn.space
370148,viagogo.fr
370151,venyon.biz
370152,valassis.com
370214,verbatim-europe.com
370221,vialis.net
370225,vipoutlet.com
370231,vantilburgonline.nl
370373,vlayer.net
370409,vsign.in
370500,vivthomas.com
370502,vacasa.io
370588,vertexbetdaily.nl
370593,velsol.com
370644,v-storage.jp
370648,volvat.no
370727,vivantiscdn.net
370742,vfengche.com
370851,veggie-einhorn.de
370852,vkusnomogu.ru
370938,virtualnazona.com
370982,vidorreta.com
371020,virtualrewardcenter.com
371034,vrex-sky.net
371048,vtrtl.de
371100,vgh.de
371135,virtuabrasil.com
371193,virtualworldsland.com
371216,vestnet.dk
371236,vninc.com
371312,vesteda.com
371313,vimvigr.com
371341,videoigr.net
371351,vertexroulettelounge.nl
371437,vhodne-uverejneni.cz
371452,vts24.ru
371522,valbury.co.id
371542,vename.com
371579,vrt-info.de
371585,vertexgambleflow.nl
371623,vashifinancy.ru
371703,voxvoice.com
371755,visionyx.ru
371796,vrporngalaxy.com
371899,vitakruid.nl
371908,vokey.com
371950,vidlii.st
371972,vlmedicina.lt
372038,visualmodo.com
372049,voyage-project.eu
372110,vpst.pl
372138,vibra.co
372218,vrl.net.au
372232,velolive.com
372251,vema-eg.de
372276,vyvod-iz-zapoya-na-domu-voronezh-10.ru
372341,vulut.com
372415,vishtech.biz
372472,vsevrachizdes.ru
372495,vertexblackjacknetwork.com
372502,vtsvts.com
372531,voltage.co.jp
372554,vittoriaassicurazioni.com
372735,voicestorm.com
372739,vanbanphapluat.co
372769,v-tac.eu
372804,vnhostingserver.net
372915,viejas.com
372984,vonneumann.me
372998,volnacasino-kz.com
373045,voxiom.io
373049,videirashopping.com.br
373083,vwfs.com.br
373115,v-count.com
373122,vp4.me
373146,virtualspirits.com
373226,vertexroulettecentral.nl
373291,vpnstarlink.ru
373294,vistaequitypartners.com
373363,vaza.gr
373491,voenpro.ru
373615,visitkingsisland.com
373680,vfis.com
373797,viajesfalabella.com.pe
373800,vista.ua
373813,vietmap.vn
373819,vienna.info
373899,vertexluckyspace.com
373904,video-ac.com
373909,vseadvokaty.ru
373972,violife.com
373977,vallee-dordogne.com
374074,vnmedia.vn
374102,videoexpress.ai
374105,virgula.me
374163,verintid.com
374176,voxfm.pl
374182,voidpet.com
374248,vyvod-iz-zapoya-na-domu-voronezh-1.ru
374254,vu8o.com
374287,viared.cl
374314,veolia.de
374472,voguespex.co.uk
374487,verify-sy.com
374559,vertexmovies.net
374592,vitaminaswim.com
374637,visainfinite.ca
374691,verfwinkel.nl
374712,vidnest.live
374747,vipservers.com
374757,vataa.com
374866,vaph.be
374934,volvotrucks.us
374956,vanillastaging.com
374964,visionpalacelab.nl
375019,vemo.com
375137,vismasoftware.nl
375179,visitdecaturga.com
375182,vhnd.com
375253,vstbank.ua
375267,visaeupromotions.com
375276,vestialtai.ru
375297,vedomost.ru
375301,vpngate.jp
375322,voodooranger.com
375339,virdsam.blog
375347,vandemoer.be
375356,vasl.tech
375394,visionslot872.com
375459,vrk.lt
375483,vondos01.com
375494,vyvod-iz-zapoya-na-domu-nizhnij-novgorod.ru
375541,viewdeco.cn
375583,vyvod-iz-zapoya-na-domu-ekaterinburg.ru
375596,vinegarhq.org
375630,vtcmobile.vn
375680,vminnovations.com
375694,virtchat24.ru
375724,vorexlogin.com
375744,versature.com
375766,vertexgambleplus.nl
375797,voidu.com
375802,vhs-hamburg.de
375890,vcci.com.vn
375891,visaonchainanalytics.com
375915,vhemt.org
375934,vtuber-ch.com
375974,vaultwarden.net
376037,vmps.co.in
376087,viewplusmedia.nl
376109,ventionteams.com
376127,vaultcord.com
376162,vertexgambleworks.nl
376174,vladivostok1.ru
376177,vps8.de
376182,v552.casino
376232,vortex.is
376247,vavada-zerkalo895.top
376274,vondom.com
376280,voordeelhelmen.nl
376282,visitscotland.org
376399,vedantcomputers.com
376432,vipreseller14.net
376447,v72c.com
376488,vdinfotech.in
376513,verdictgauge.com
376562,vvob.org
376564,vivatube.net
376597,vefblog.net
376607,vocatium.de
376629,vala-bleu.ma
376639,vidbid.ir
376659,vikimouse.com
376667,vertexplus.nl
376675,vertexluckyexpress.nl
376749,visitcardiff.com
376783,vpnreal.ru
376809,vwfs.com.ar
376856,vestnesis.lv
376885,vnpocket.com
376954,vps-host.net
377193,vcre.nl
377300,vixplus.com
377306,vita.com
377414,venturecapitaljournal.com
377468,vikpe.org
377527,vectorspot.nl
377538,visitmysmokies.com
377558,valliance.ru
377561,versa-valves.com
377675,vitalvoices.org
377679,vulkan-vegas-erfahrung.com
377701,vti.se
377715,vtpnmrj.asia
377728,vsetkonamobil.sk
377771,vinylrecords.cz
377913,vinchain.io
377923,visasignaturehotels.com
377950,vacau.com
378058,vpcgb.ru
378084,visitmatsumoto.com
378095,vertexreelszone.com
378161,volvocarslisleparts.com
378206,vpsttt.com
378209,vanupied.com
378264,vdvm.net
378384,vbongacam.ru
378387,vensure.com
378397,vorwerk.org
378460,veraspeed.ir
378504,vejle.dk
378527,viacarreira.com
378605,vaporgods.com
378609,vartoslo.no
378623,verilife.com
378629,voyager.pl
378639,viju.lat
378666,vidico.com
378692,vef.casino
378816,vitvesti.by
378997,verwoehnwochenende.de
379049,vinhlong.edu.vn
379059,vcbs.com.vn
379153,vkurse.ru
379175,vek-avto.ru
379180,vidzy.live
379242,viani.de
379255,vertexcasino336.com
379268,vertexglobal.nl
379296,vertexbettingmarket.com
379352,vantaansanomat.fi
379375,venus.io
379378,vpscairo.com
379417,vidmuse.ai
379471,veridos.com
379506,vietq.vn
379593,vodds.com
379650,valley.town
379684,vichy.de
379767,virtualhere.com
379833,vtcourts.gov
379857,vapevoidware.xyz
379863,vola.com
379879,vintage4me2.com
379888,vidwa.online
379901,visualnews.com
379969,vulkanvegasde2.com
379987,virtualresults.net
380048,vaynermedia.com
380136,vivatel.ro
380161,vseotzyvy.ru
380207,vdyoo.com
380265,vithosting.com
380338,voyah-rnauto-krasnodar.ru
380383,vimmerbytidning.se
380432,volkswagen.be
380513,vertexluckyspace.nl
380612,verdekaszino.org
380659,visitportland.com
380686,veocloud.de
380730,vectoronline.nl
380750,visibly.co.za
380782,vwfs.com.au
380791,visitroanokeva.com
380807,vastavalo.net
380899,vegasplusblog.nl
380903,vdgarde.nl
380915,vechorka.ru
380930,verafiles.org
380987,vacationporn.net
381037,vrk-3.ru
381041,vzlomka.ru
381155,verysexytoy.com
381276,video-devochki.ru
381282,vinylfrog.com
381336,virtualizzato.com
381378,velino.org
381400,vectorworld.nl
381455,vstat.info
381474,visitnorthumberland.com
381502,vodovoz.ru
381614,vetzenvn.com
381616,vanillasoft.net
381620,vail.net
381628,vn3.casino
381638,vm101.net
381648,vlip.lv
381761,vads.in
381781,vikunja.io
381797,verdantix.com
381833,vyvod-iz-zapoya-na-domu-sankt-peterburg.ru
381870,visitaarhus.com
381928,vmind.com
381930,vooks.net
382037,vsem-podryad.ru
382144,vivianexplore.tw
382155,vhebron.net
382186,valabasas.com
382279,videociety.de
382414,vdns.au
382439,vappodking.com
382512,vandjord.com
382558,vypnet.su
382567,vlant.ru
382600,vhb.org
382603,vital-group.net
382622,veteriankey.com
382646,volclivedvs.com
382672,vulnix.sh
382719,voce.chat
382734,vector-tech.org
382735,velloze.com
382760,viewnetcam.com
382768,vnit.ac.in
382843,videosmadurasxx.com
382866,vjukebox.com
382924,vgudok.com
382931,visionweb.com
382939,vseigru.fun
383080,visualacegold.com
383106,vanarama.com
383116,visapourlimage.com
383163,voaturkce.com
383166,vmaal.co
383187,vsedoramy.ru
383214,vzletka.top
383242,viennaticketoffice.com
383276,vicidial.org
383294,vpncentral.com
383308,vegaoo.es
383326,vira.cz
383340,verachtert.be
383490,veriatoplatform.com
383507,viva-finance.com
383518,videoblocks.com
383535,vapeandgo.co.uk
383546,vyletnik.cz
383612,visit-kaliningrad.ru
383619,vertexreelsbase.nl
383640,varberg.net
383711,vcsu.edu
383731,viren070.me
383748,vads.net.vn
383776,virginiaaquarium.com
383995,vertexroyalplatform.nl
384013,vertexarena.nl
384053,vertexgamblegroup.com
384163,vyvod-iz-zapoya-na-domu-voronezh.ru
384227,vet-smolensk.ru
384278,valege.com
384310,visionarenadaily.com
384346,vipreseller16.net
384435,vapejuice.com
384452,vntana.com
384481,volcanicengine.com
384517,vsbdgef.com
384558,vintage-vogue.shop
384640,vitaldent.com
384731,veriscanonline.com
384797,versele.com
384814,vogtlandkreis.de
384836,viewhub.nl
384841,veikkausliiga.com
384846,visdeurbel.nl
384851,virtel.net
384866,vasexperts.com
384868,viega.com
384919,vfl.de
384977,verramobility.com
384988,vids.rip
384999,vtmode.nl
385039,visionbet460.com
385048,vertexslotsflow.nl
385050,vizorlabs.ru
385153,viviman.top
385269,valenciaextra.com
385283,vforn.com
385307,vmeg.ai
385317,vos-demarches.com
385357,vintagefashionguild.org
385370,volksbanking.de
385376,vote.nz
385387,visitindiana.com
385402,voiceofalexandria.com
385537,vembo.ru
385579,varazdinske-vijesti.hr
385728,vendda.app
385810,victoriassecret.ae
385908,vn4.casino
385915,vroomdelivery.com
385976,vegasnlmedia.nl
385980,vdv.de
385981,visitisleofwight.co.uk
386037,viewmodernblog.nl
386068,verizonhosting.net
386088,vectorinstitute.ai
386125,vanel.tech
386132,vdesk.live
386145,vertexslotsspace.nl
386192,vuc.casino
386214,visitanaheim.org
386247,virtcloud.su
386252,vmaxnet.net.br
386270,ventrac.com
386309,visaton.de
386326,visitdenmark.dk
386327,vinayakinsys.com
386421,voteview.com
386438,versantmedia.com
386525,vzyskanie-ddu.ru
386549,visiondirect.it
386567,vegas-casino-apk.in
386582,verdictfoodservice.com
386652,verbasoft.net
386697,visionslotsexpress.com
386708,vidwaves.online
386762,volghan.net
386792,vodka345.online
386823,vyvod-iz-zapoya-na-domu-samara-17.ru
386854,visionblackjacknetwork.nl
386918,vus.edu.vn
386931,ventolux.ua
386952,votetw.com
386954,vw-group.com
387009,vulkanvegas100.de
387030,viniti.ru
387079,vivitekasia.com
387103,visit-chiyoda.tokyo
387107,vizit-net.com
387161,videocandy.com
387278,velo-de-ville.com
387409,vin.gov.ua
387419,virgocams.com
387447,vhu.cz
387452,viaintermediaserver.com
387480,valawyersweekly.com
387567,vivoo.ru
387570,visitmammoth.com
387577,voegol.com
387581,volumixads.com
387614,vocalcom.com
387622,vspsor.com
387631,vimeet.events
387634,vu798pzaw8iabp7n.link
387717,vaginke.me
387723,visieonlinemedia.nl
387772,valoit.net
387782,volimsvojdom.rs
387784,voromotors.com
387795,vidful.ai
387811,vietworldkitchen.com
387899,vodka778.online
387903,voatiengviet.com
387933,vkontakte.top
387964,vlab.co.in
387967,v2ph.ru
387979,vod309.com
388076,vpnmirapis.com
388086,vetzoo.se
388121,venro.ru
388153,vcentertainment.com
388282,voltex.fr
388298,velvet-tees.com
388337,visitantwerpen.be
388350,vrconk.com
388381,vntv.net
388461,volthemes.com
388489,vlh-app.net
388496,videofk.com
388541,vinzonapartments.com
388580,vestnik-gosreg.ru
388651,vital.ly
388654,vhembedirect.co.za
388710,veracitynetworks.com
388765,valuebuds.com
388776,visitgreatoceanroad.org.au
388866,visionrouletteonline.com
388884,vintageparisjewelry.com
388918,vistaprint.se
388935,vpn.com
388952,vilgain.de
388953,veevadev.com
388966,visionslotslab.nl
388975,veritaeaffari.it
388980,visr.de
388993,valorbet-casino.in
389010,varaosahaku.fi
389055,vodnik.ru
389078,vashdom24.ru
389126,vaqueroboots.com
389154,vayaladavalleyviewresort.com
389183,vindetal.ru
389220,vertexreelsplatform.nl
389393,vertexspinstudio.com
389462,vodoparad.ru
389493,vdvelde.com
389504,vilhelmina.se
389528,vodka497.online
389573,viaggiareincrediti.it
389603,v8sleuth.com.au
389608,volumeone.org
389610,viralightning.com
389612,vpnox.pro
389617,vetnews.com
389627,voidmagic.ai
389666,viewdigitalblog.nl
389680,viaplay.fi
389802,viabrs.com.br
389826,velebithost.net
389830,voice.net.au
389839,varunamultimedia.com
389849,viewsnnews.com
389863,vids.st
389924,valuehost.net
389998,vehikit.com
390007,vetchy.com
390184,viptube.me
390195,victoriassecret.pl
390196,ventealapropriete.com
390202,vocabtest.com
390276,vrydd.com
390278,visioninternet.com
390351,vhs-filderstadt.de
390352,vialink.fr
390562,visionmark.nl
390587,vmp.su
390684,vfrworld.com
390745,vniir-info.space
390804,viralsvideohd.online
390818,vaticanmedia.va
390825,viptelbot.top
390922,verben.de
390933,vortal.biz
390953,veg.com
390957,voxzendra.info
390973,version-karaoke.es
390986,viprh.com
391055,vertexspins820.com
391132,videocompress.ai
391151,villagemap.in
391167,visionpalaceplatform.com
391194,volshop.ru
391218,vctr.media
391277,vpnalert.com
391290,vitalsignstracker.com
391305,vaayerddns.com
391308,vn.com.ua
391341,vegasodds.com
391388,viva-images.com
391399,vis.com.tw
391444,vasep.com.vn
391457,videolucahmelayu.net
391466,vegasnl.nl
391536,vook.vc
391555,vpn-kuailiann.com.cn
391586,victorynews.id
391601,vorquilax.info
391629,voelkl-it.de
391643,vashinvestor.ru
391776,verifiedbyvisa.com
391786,visioncardslounge.com
391798,vodka-1x.online
391854,vidaa.com
391863,vpreggae.com
391893,vogel.com.cn
391961,vest-news.ru
391963,ventfil.com
391965,vikingvillagefoods.com
392002,vpnvezdehod.net
392027,vegastodaymedia.nl
392044,valentapharm.com
392048,vinit.cloud
392053,veri-das.com
392136,vrspy.com
392171,vincenzosplate.com
392235,vpsie.com
392319,videojav.com
392346,v9pj.com
392363,vaybee.de
392376,visitcheshire.com
392418,vesti-omsk.ru
392425,vpnbypass.click
392492,videosbag.com
392575,vid-pt.com
392586,vwco.com.br
392659,vpnifty.ru
392683,vperfumes.com
392713,veloplus.ch
392786,viborg-folkeblad.dk
392787,vodka-bet.kz
392866,vodka-wib.online
392892,voyeur-xxx.com
392943,vplay.vn
392954,vatsneo.ru
392956,vtome.ru
392973,valoraio.com
393006,voruftuiov.com
393017,vaslshid.co.uk
393022,visaenvoy.com
393028,vmdconseil.ca
393040,virtualzone.eu
393046,vgoru.org
393061,vub.de
393243,volksmusikstadl.com
393265,vectrabank.com
393274,vivian.jp
393292,versatube.com
393319,vvn-bda.de
393322,venminder.com
393350,vologda-poisk.ru
393546,virtual.net.au
393555,verbformen.es
393634,varnamo.net
393663,victas.org.au
393696,vegasproblog.nl
393829,valkyriel4d.com
393877,voyo.bg
394016,vtal.com
394025,vksmakina.com.tr
394050,vollebak.com
394065,vegasplussite.nl
394077,vodaland-usa.com
394090,vulkan4ik.net
394102,vline.pl
394105,video-seed.dev
394125,visionarena400.com
394141,vdnews.it
394167,vodka560.online
394168,vkradio.com
394183,vysokeskoly.cz
394191,vestuariolaboral.com
394195,vertexreelsworld.com
394328,visionblackjackhouse.nl
394408,vietchristian.com
394454,vainu.com
394503,velotaf.com
394528,vertexreelsplus.nl
394540,vintageparts.eu
394565,venusapartments.eu
394569,vodkabet-betvodka.com
394570,viperade.com
394664,vastify.net
394687,viadinarica.com
394781,voy-incensepg.com
394839,vyvod-iz-zapoya-v-rostove-1.ru
394845,vizualize.me
394870,visitsacramento.com
394931,vancouverobserver.com
394948,vipveg.com
395050,visionspins772.com
395081,vanillaandbean.com
395105,virtual384.live
395112,vnutri.org
395230,vsepredohraniteli.ru
395283,vaieducation.org
395285,vavada-19cas.sbs
395354,vepay.dev
395428,vitro.com
395449,vilarare.se
395484,vagina4u.com
395498,veepee.be
395504,viko.lt
395508,voordeelgordijnen.nl
395537,vcdn.vn
395605,vsluh.net
395630,vinelinux.org
395665,viddsee.com
395803,vondos04.com
395858,visit-hampshire.co.uk
395887,vetsak.com
395943,vtudien.com
395969,vichy.ru
396064,vanwall.com
396067,velomarkt.ch
396075,voicechanger.io
396088,vriconsulting.com.br
396127,verypdf.com
396160,videoloft.com
396189,vandorm.com
396196,vrzshop.com
396214,vipxdc.com
396273,vidafurniture.store
396297,vyvod-iz-zapoya-na-domu-nizhnij-novgorod-4.ru
396311,visitwestvlaanderen.be
396333,verdox.ru
396390,visionhouse.nl
396418,vondos03.com
396454,venta-luftwaescher.de
396494,vertexclubbase.com
396501,vybetelecom.in
396575,veo3ai.io
396636,vipvip3030.com
396732,vpop.net
396740,vesti-yamal.ru
396829,vpnproxy.cc
396833,v-dymov.ru
396923,vinyla.com
396924,vb-muensterland.de
396995,villike.buzz
397019,videogameszone.de
397063,vivawallet.com
397083,virginmoneylondonmarathon.com
397156,vondos02.com
397180,valuta.kg
397207,visionluckyexpress.com
397262,vpraverf.ru
397344,vuvuzela-time.co.uk
397354,vepormas.com
397367,viaggioinegitto.com
397394,velonity.fr
397411,vionb.com
397422,vitabox.com.tw
397429,vaionline.it
397451,visionlucky42.com
397506,vertexreelspoint.com
397547,vodka7327.online
397584,vandbase.com
397610,vivyne.xyz
397661,visionroulettelab.nl
397688,vsi.net
397754,vkcdn.ru
397764,vegasnetsite.nl
397910,v-kip.com
397916,vodafone-affiliate.de
397940,vietmediclinic.com
398014,visa.cz
398018,valta.ru
398032,vertexspinpro.com
398090,vyvod-iz-zapoya-na-domu-samara-8.ru
398093,vertexspinworld.nl
398166,vitalrecordsonline.com
398296,vicolangella.com
398303,vaporauthority.com
398386,viyavi.com
398415,vidoc.tv
398418,vidau.ai
398451,vodc.ru
398476,vnuf.edu.vn
398499,vcsdatabase.com
398544,virginmobileusa.com
398549,vertexclub.nl
398572,vsemirnyjbank.org
398611,vambeai.com
398631,vibae.com
398701,vedora.ru
398771,veocdn.com
398834,volcsdns.com
398844,vyvod-iz-zapoya-na-domu-samara.ru
398908,vanilla-rock.com
398929,vertexdaily.nl
398938,videocardz.net
398950,virginvirtual.net
398984,valderonceveaux.com
399000,visitblackpool.com
399177,vautronserver.de
399195,visit-bw.com
399274,vently.org
399283,vatanserver.com
399288,vinous.com
399416,verb.tw
399448,vpnmx.store
399476,velux.it
399513,vpn-browser.com
399539,vcdnita.com
399559,vivados.es
399576,varesenoi.it
399580,vertexclubspace.com
399666,veryoldgrannyporn.com
399816,vvdev.ru
399869,visionbetworld.nl
399906,veritableaerospace.com
399928,vend-o.com
399986,vitabank.ru
400010,vuu.edu
400021,vbulletin.it
400022,vidlitedownload.com
400049,vatupdate.com
400084,volvooceanrace.com
400099,vs-group.jp
400128,veritenews.org
400173,vulkan-vegas-de2.com
400202,vintage8mmporn.com
400208,visiondicedesk.nl
400237,vexcash.com
400264,visionspinsgroup.nl
400324,vocohotels.com
400568,vuvido.com
400604,vidaas.com.br
400617,vegasprimemedia.nl
400621,vwu.edu
400637,vdfrtyuidcde.top
400651,vacytechservers.info
400734,vereinsplaner.at
400840,verbundvolksbank-owl.de
401010,vg-stuff.com
401128,vertexreelszone.nl
401197,vindebacchus.com
401254,vpwsys.co.uk
401294,vspravke.com
401329,vibee.com
401458,vichyusa.com
401468,vicinorum.com
401492,vspj.cz
401542,valorantinfo.com
401569,visionjackpotplus.nl
401571,veggiedesserts.com
401581,vittaverse.com
401582,vxxx.tv
401587,vercida.com
401603,vistana.com
401628,vacunasaep.org
401650,visitalentejo.pt
401659,voligen.com
401668,vitok.cc
401676,vesti-ua.net
401699,vku.de
401750,vinschgau.net
401778,videosxxxespanol.com
401782,visitcorpuschristi.com
401846,villaciardi.it
401884,vwa.la
401899,vitamina.ppg.br
401906,vertexspinhouse.com
401914,vipshopmanagement.com
401937,vket.com
401957,vietqr.io
401961,valdostawildcats.com
402017,virtual-college.co.uk
402040,vantage.com
402044,vfmleonardo.com
402071,visiedigitalblog.nl
402072,visitloudoun.org
402089,vyvod-iz-zapoya-v-staczionare-sankt-peterburg.ru
402160,vietnamtourism.com
402249,volga-hc.ru
402253,vertexreelslounge.com
402255,valenciasecreta.com
402273,vuhoops.com
402454,vtoman.com
402513,vshn.net
402562,verticalwine.es
402574,vinci.be
402580,vertexonline.nl
402626,valarre.com
402633,vermonthistory.org
402636,vratilime.cz
402655,vlcontent.com
402662,voucherify.io
402696,visionroyaldesk.nl
402742,voced.edu.au
402763,vodka929.online
402791,vincheckup.com
402797,viblast.com
402825,videor.com
402826,visittheoregoncoast.com
402861,versustexas.com
402903,v.ht
402961,visitowa.com
402965,videoxsearch.com
402980,vibetrack.com
402988,vsenovostint.ru
403115,vodka111.online
403249,venini.com
403262,vibriance.com
403281,vinyltap.co.uk
403309,visa.rw
403416,vmiwang.cn
403448,vikan.com
403449,vertexpalacehouse.nl
403475,vinttop.ru
403477,vpf.vn
403479,vallenevado.com
403486,voicesofyouth.org
403544,vegetalsquare.com
403602,vertexvip374.com
403604,vanniyarmatrimony.com
403642,venunite.com
403646,volgay2.xyz
403692,valuehosted.com
403789,vypiska-nalog.com
403814,vinden.nl
403818,viewrail.com
403823,versebyverseministry.org
403838,vincispin.fr
403873,vittelecom.ru
403890,virtugirl.net
403920,videocdnmetrika77.com
403938,valence.fr
403940,vssnederland.nl
403949,vitos.de
403956,viavoxinteractive.com
404006,vyvod-iz-zapoya-na-domu-sankt-peterburg-12.ru
404085,visuallease.com
404092,veriben.net
404115,vezubr.ru
404157,viennapass.de
404162,verallia.com
404205,vapemonk.in
404206,varnitsa-market.ru
404224,videossacanas.online
404265,vainahtelecom.ru
404357,vintage-hotels.com
404369,videopornarchive.com
404405,vnedriupp.ru
404574,vanheusden.com
404589,vwg-connect.cn
404604,velardeprize.com
404608,visitdanville.com
404623,vara.ae
404706,vaginapics.net
404710,viniou.com
404731,vernalspace.com
404865,vibrant.com
404869,vasesit.cz
404894,videomean.com
404906,vacaf.org
404913,vlan.be
404984,vki.ac.be
405008,vitalstrategies.org
405017,vincentvacations.com
405036,vertexbettingstudio.nl
405047,varesesport.com
405096,verbum.hr
405102,vettimes.co.uk
405110,vidustudio.org
405158,villactu.fr
405177,vastwith.info
405190,vasiliy-aksyonov.ru
405250,vendezvotrevoiture.fr
405278,vilmanunez.com
405285,voyage-en-cepage.fr
405287,visionpokerstudio.nl
405314,vias.be
405315,vniias.ru
405404,vener.net
405425,vidal.by
405471,vinow.com
405481,vidozen.online
405500,vipflow.nl
405556,vitry94.fr
405571,vosizneias.com
405647,vasaloppet.se
405663,vuighe.cam
405746,visitsouthpadreisland.com
405763,validcbdoil.com
405775,vse-profarfor.ru
405807,villkart.com
405834,vodkacaz.online
405881,visualcomplexity.com
405912,vyvod-iz-zapoya-v-staczionare-sankt-peterburg-2.ru
406052,voylla.com
406069,veripalvelu.fi
406107,vetro.pro
406185,vintageelectricsupply.com
406197,videocdnmetrika76.com
406233,vandervalk.de
406255,vise.page
406324,vermoegensichern.de
406379,viethosting.com
406412,videographer.su
406441,vulkan-vegas-casino2.com
406496,v51124.qpon
406524,ventilatieshop.com
406598,voipfone.co.uk
406605,video-roulette24.ru
406665,verkadefabriek.nl
406699,versanetworks.com
406785,volga.auto
406801,vwsignanddrive.com.br
406929,vps1devmexalat.com
407057,videoinu.com
407182,verinux.com
407242,visittunbridgewells.com
407258,vivaenergy.com.au
407267,vinasterisk.net
407334,vraylar.com
407336,visit-the-domain-to-buy.com
407384,vista-china.net
407409,vkuserlive.com
407416,vgn-exo.at
407530,verticalcity.com
407565,vynky.com
407567,vimando.com
407589,vertexspingroup.com
407622,vivc.de
407673,vansterpartiet.se
407676,videonotebook.com
407683,v-varen.com
407696,visiongamblelounge.com
407718,versicherungsstelledeutscherwald.de
407735,vennhypotheken.nl
407753,vipteacher.com
407756,vikiwat.com
407803,vozp.cz
407867,venus-camgirls.com
407949,verstka.org
407950,velux.nl
408004,vistarmedia.eu
408106,vopmart.com
408107,vanyaland.com
408125,volz.app
408149,victoriasbasement.com.au
408206,vfliga.ru
408210,vivaintra.com
408215,visitbrisbane.com.au
408265,vqr.quest
408436,vision360.bo
408437,vqr.mx
408441,volaris.de
408465,vanbeekart.nl
408490,vipissy.com
408591,vvssccdd22.com
408630,volkswagen.se
408648,veryhotsex.yachts
408711,vonvpn.com
408746,vertexclubhub.com
408780,vesigo.com
408781,viptrend.nl
408794,vertexcardszone.com
408855,voyo.hr
408889,vcrp.de
408911,volutionsports.com
408948,vernalweb.com
409119,vwfs.pt
409168,vertbaudet.be
409195,videolinkedge.online
409198,virtualine.org
409212,vyperindustrial.com
409215,vehiclehistory.pro
409232,vodkap.online
409263,volvo4life.es
409293,vaiembrazando.click
409327,videoforme.ru
409337,vanguardlogistics.com
409415,vgf-ffm.de
409501,vedekon.net
409502,vitesse.nl
409522,vilatte.ru
409539,vanceandhines.com
409548,visionspin925.com
409552,vivt.ru
409566,vicli.dev
409569,veiled.com
409573,vtb.med
409588,vkpay.com
409595,vertexclublounge.nl
409669,videomate.cc
409746,voltix.ai
409776,valeglobal.net
409779,vectorprime.nl
409795,vitateka.ee
409806,vaultivo-hgooe.com
409825,vsyasvarka.ru
409858,vangus.io
409859,vertexclubstudio.nl
409861,videoshowiosglobalserver.com
409892,voicemag.uk
409932,v69.eu
409946,vinsdigital.com
410069,veryfine.ch
410098,view360media.nl
410112,valdezartcoop.com
410119,vismaspcs.se
410122,vexluno.xyz
410131,vevy.shop
410208,vanguarddigital.pro
410224,vacanzedinataleacortina.it
410228,videokray.ru
410243,vsmuta.com
410276,visionroulettedaily.com
410305,veto-tierschutz.de
410374,vertexpokerlounge.com
410393,vylor.com
410401,vdraw.ai
410457,vlxx.loan
410475,vsplanet.net
410479,vatternrundan.se
410549,vidu.cn
410614,vamida.at
410622,venasbet.com
410806,veevaengage.com
410885,vaschdiplom.com
410950,visionbetpro.nl
410958,vigo-shop.com
410959,visi.rip
411015,ventrata.site
411095,volksbankinostwestfalen.de
411112,vpnvip.com
411201,v551.casino
411220,vertexgamblezone.com
411233,visitfredericksburgtx.com
411236,vaneycksport.com
411279,vivianstaging.com
411281,vei.ie
411341,vertexexpert.nl
411415,viluu.de
411451,valamarcamping.com
411506,victoriancollections.net.au
411510,visazscdr.net
411512,versorgungswerkgesundheitsberufe.de
411555,vara.network
411573,vislom.com
411591,vstoike.ru
411630,vue.com
411655,vertexslotsnetwork.com
411693,vyvod-iz-zapoya-na-domu-voronezh-3.ru
411715,volksbank-pur.de
411830,vertexcardsonline.nl
411850,veralto.com
411900,vidi.hr
411933,viet69b.com
411961,verishshop.com
412006,volquartsen.com
412071,virtualmedia.pl
412151,vesc-project.com
412266,vu80.online
412270,vwgroup.it
412272,valuepickr.com
412310,vietmoz.net
412314,vgregion.net
412335,van-group.net
412356,vtb.promo
412365,voprosy-pitaniya.ru
412382,virtualtours.com.ua
412407,valorcomm.com
412413,vrnti.ru
412444,vpsau.net
412448,vtuovk.cc
412463,vintagespeed.tw
412477,villejuif.fr
412548,v7provider.com.br
412574,vasyerp.com
412694,volnc.ru
412703,visionjackpotplatform.com
412712,valtline.it
412736,vennasystem2023.xyz
412963,veai.ru
413016,voguecollege.com
413136,verzetsmuseum.org
413186,visionluckycentral.nl
413231,vertexpokerpoint.nl
413302,volvocarsannapolis.com
413309,vetrxdirect.com
413362,vaunut.org
413479,viglobalcloud.com
413485,veterinby.com
413574,vdscenter.com
413596,voyeurstyle.com
413606,vortis.jp
413696,vdko.im
413751,valebio.com
413776,v3r.net
413849,vetcoclinics.com
413870,vineshop24.de
413891,vavadat29y0j.com
413896,vizirecruiter.com
413932,vipbetnano.com
414004,vitaplus.ro
414094,viagogo.es
414106,vzkue.com
414128,vflvowia.com
414177,vitalrecordscontrol.com
414221,voltfunded.com
414241,villaokay.com
414245,vavada-casino2234.cfd
414247,visit-montenegro.com
414266,vali.bg
414274,visionslotszone.com
414297,vvapplianceparts.com
414392,visionluckyplus.com
414417,vegazonecasino.fi
414424,vmaisnet.com.br
414467,vertexroulettelounge.com
414500,vectorzone.nl
414562,vivocity.com.sg
414610,vusd.k12.ca.us
414620,vtpass.com
414628,vuplus-support.org
414645,videosharp.info
414664,vs.rs
414708,vgk.lv
414719,vedtver.ru
414739,velp.com
414742,velt.dev
414814,vpsnewsone.com
414871,vojtat.cz
414875,vtechinsight.com
414937,visitlimousin.com
414939,vaperanger.com
414946,vpz.co.uk
415094,vaf.app
415161,vov.ru
415176,vid-bp.com
415183,vip-helloworld.cn
415289,voicesofsept11.org
415290,voyagerww.com
415360,vps-vs1.com
415371,viel-unterwegs.de
415402,verifiedbusiness.com
415461,vivara.nl
415468,vipdaily.nl
415494,vvb.services
415505,vertexroulettespace.nl
415515,vvhub.me
415546,visittemeculavalley.com
415547,vicogroup.com.vn
415583,vionicshoes.ca
415610,vnext.to
415617,vrs.net.br
415659,verykuai.net
415683,verumcommerce.com.br
415689,vf.at
415692,visionprime.nl
415778,viettelcamera.vn
415823,vse-lodki.ru
415871,vaclic.cloud
415878,vlsex.org
415918,vertexpokermarket.com
416003,valdelsa.net
416077,vapevendingsoftware.com
416128,vineyard.net
416186,vomo.org
416191,vms.de
416194,vet-magazin.at
416226,vistax64.com
416266,vkristalle.ru
416286,vip-helloworld.com
416309,vistahigherlearning.com
416327,volero.de
416344,vhu.edu.vn
416400,vntp.net
416404,vfrsute.ru
416428,vignessansfrontieres.com
416465,vanillaturkey.net
416536,verse8.io
416542,veltravel.com
416545,valuedynamx.com
416561,viewsdirectory.com
416708,venommotorsportsusa.com
416791,vantagegrp.com
416802,virtueverse.net
416816,visitrapidcity.com
416905,vegasnow.com
416950,valleyviewcasino.com
416982,vyvod-iz-zapoya-v-staczionare-sankt-peterburg-1.ru
416991,vitanutrius.com
416995,vivianchat.ru
417000,vananaarbeter.nl
417022,viscomp.bg
417059,volumetricatrading.com
417151,vnforapps.com
417160,villaforyou.com
417202,valekitchenstudio.co.uk
417218,visitfiemme.it
417239,veikkos-archiv.com
417241,vyvod-iz-zapoya-na-domu-nizhnij-novgorod-6.ru
417273,vistep.ru
417301,vaisulweb.network
417345,visionreelsworld.nl
417395,vikka.net
417447,visionjackpotdesk.nl
417471,verdenews.com
417474,vente-unique.nl
417503,vedclass.com
417513,victoryseeds.com
417545,velascarves.com
417561,victors.de
417592,vestd.com
417616,videoaiconverter.com
417617,vitacura.cl
417619,vpd.ca
417637,visperhost.net
417672,vectorvault.nl
417709,visitbundeena.com.au
417743,vailsys.com
417768,vertex.fi
417820,vrt.radio
417822,vertbaudet.ch
417915,voanoticias.com
417968,vertexroulettecentral.com
417972,vmock.com
418037,vipmtginc.com
418059,vodafonecu.gr
418064,visitduluth.com
418119,vs-travel.ru
418124,valachnet.cz
418259,vanity.hu
418287,voordeelscooters.nl
418304,vestus.co.uk
418431,virtual.eu
418482,vua88.games
418484,vegait.com.br
418517,venuepaas.com
418529,vestniksr.ru
418578,visionstory.ai
418585,verimed.ru
418613,viarhona.com
418719,vmos-release.io
418750,visiterouen.com
418791,vvd.world
418806,visiongamblegrid.nl
419023,vintagefiles.com
419030,vdcards.online
419086,vervoe.com
419092,vetline.de
419106,vn.canon
419122,villanyautosok.hu
419177,vgjournal.net
419190,vulkan-casino-onlayn.com
419288,vivoenergy.com
419293,voidcompute.net
419457,vesselbrand.com
419478,victorydirectory.com
419481,vassortimente.ru
419510,vancouverfwc26.ca
419521,valachshop.sk
419554,verian.com
419610,verbinteractive.com
419664,vt.sk
419735,vevent.com
419788,visitpay.com
419819,visitcostadelsol.com
419828,vnptioffice.vn
419855,viagogo.ca
419913,vilgain.com
419931,vrtly.ai
419991,virtana.com
420010,vb-rb.de
420013,visitfraserburgh.com
420027,verinthms.com
420124,vzkey.ru
420146,vkp.ru
420153,ville-antony.fr
420186,vecernipraha.com
420224,vikatinfoserve.com
420330,vietnam-real.estate
420362,viva.ua
420429,vicaryplant.com
420430,vertexpalace300.com
420475,vataware.net
420485,vinfax.net
420492,voordeelmuis.nl
420650,vv2.co.uk
420706,vinissimus.com
420724,vivo-us.com
420772,vertexcasinoexpress.com
420785,vmmcdn.com
420808,vpservidores.com
420874,visitrwanda.com
420886,vniggame.com
420909,vnknailsandspa.com
420935,vip-watches.net
420973,veoveo.tech
420982,vnr-advance.de
421004,verbraucherzentrale-sachsen.de
421039,viamedsalud.com
421079,ville-saintraphael.fr
421108,vietfun.com
421212,varnawebvps.eu
421232,vinos-de-espana.nl
421314,vacation.inc
421337,ventln.com
421341,visioncasinostudio.nl
421357,vacban.wtf
421385,vuoriclothing.de
421393,valdeloire-france.com
421449,viplt.ad.jp
421454,vertexprime.nl
421476,vsp.ru
421484,visitannapolis.org
421594,videakid.hu
421602,vivodominios.com.br
421673,vchateseksa.ru
421699,vallenus.com
421702,vicon.com
421706,vidabytes.com
421825,vox-casinos.pl
421848,vpnbrand.com
421868,valio.today
421869,valeriekwright.com
421875,v71zxahc3jd0txzxs.app
421935,vsemrabota.ru
421969,vaimo.net
422021,voysaude.com.br
422038,vlaky.net
422104,vector-aura.info
422113,vwofnaples.com
422173,ville-boulogne-sur-mer.fr
422203,villach.at
422208,vanso.com
422217,vidi.ua
422254,verpakgigant.nl
422279,vilavins.com
422318,vendadearvores.com.br
422319,verifythis.com
422374,video18chat.ru
422498,vyvod-iz-zapoya-na-domu-sankt-peterburg-1.ru
422502,vphone.hu
422543,visionlucky94.com
422580,vipvip40.com
422591,vasco.eu
422596,vertexgamingzone.nl
422617,vossen.com
422631,vertexluckypoint.com
422680,videosexirani.com
422765,vistream.online
422838,visiteurope.com
422857,vanillasquad.com
423057,valledeelda.com
423092,vickywood.com
423123,vertexcasinonetwork.nl
423175,veka.com
423193,vermouthcomputershost.com
423213,visioncardsplus.com
423287,vistaprint.be
423412,vesicapiscisfootwear.com
423415,vocalimage.app
423423,volkstheater-geisler.de
423429,viscuit.com
423451,vectornine.tech
423601,vintagewiki.com
423651,vistex.com
423697,vrfs.gg
423751,versobank.com
423758,vishayint.com
423774,vtvcab.vn
423836,venuesumo.app
423841,vbetnederland.com
423883,vivachats.ru
423990,vikachat.ru
424007,vivoscuola.it
424011,vphoneosapp.com
424074,virtualcast.com.br
424132,vlnradio.cl
424175,vesna-sad.ru
424203,valleyrepublicbank.com
424235,vibhavadi.com
424239,vic.ai
424277,videosdk.live
424291,vertexarenastudio.com
424310,vcpost.com
424356,vodafonehost.info
424424,vertexjackpotzone.com
424499,viotopo.com
424524,vietcoffee.net
424526,valentime.com
424531,vibecode.de
424609,vigoracs.cloud
424646,vladars.rs
424699,valvesonline.com.au
424817,vidasimples.co
424851,vinyl.com
424875,vtcosmetics.jp
424923,vendus.pt
424980,videobrasileirinhas.net
425034,vobis.pl
425051,vsesamplus.ru
425108,videoadblockerplus.com
425239,vertexville-bukovel.com.ua
425286,verspective.net
425316,visitorscoverage.com
425333,vulnona.com
425366,voghion.sg
425372,vodka0mfx.com
425447,vietcore.com.vn
425518,vextras.com
425538,vyvod-iz-zapoya-na-domu-sankt-peterburg-11.ru
425576,viavision.com.au
425615,valiantceo.com
425675,visa.eu
425683,veevartapp.com
425700,vfstasheel.com
425718,visa.com.my
425755,virgingifts.com
425775,viewpointsfromfacebook.com
425795,viewcases.com
425811,volkswagen.no
425841,vishvasnews.com
425854,vpay.co.kr
425897,vans.be
425909,visitorconnect.io
425919,va-de-retro.com
425929,voscours.fr
425957,visbodyfit.com
425964,vetslovepets.com.au
426047,visionslotzone.com
426068,voaportugues.com
426073,ville-clichy.fr
426120,virginiageneralassembly.gov
426199,vinochromie.fr
426442,vbwelt.dvag
426448,vuoriclothing.fr
426488,vivenu.dev
426517,vodafonekabelforum.de
426528,vistamed.ru
426538,vojomag.com
426628,vivliopoleiopataki.gr
426678,vdb.org
426690,vondx.net
426703,vaccinefinder.org
426725,vafa.com.au
426754,vertexslotworld.com
426800,volgo-mama.ru
426866,vivoplay.com.br
427010,vpnly.com
427014,v2charge.com
427057,versicherungsstelle-wald.de
427078,verifiedpeptides.com
427084,viphostingservers.biz
427096,vsezaimyonline.ru
427102,vanguardfurniture.com
427112,vidikierotika.com
427207,vertexcardsspace.com
427228,vbw-bayern.de
427297,vds.ca
427378,victoreide.com
427445,visionslotspoint.com
427484,verlagsgruppe-patmos.de
427519,viptalisman.com
427527,visiontop.shop
427532,visaevents.com
427570,violine.ru
427581,vmsmofjly.cc
427596,vitasanis.com
427622,vintagehondatwins.com
427631,vectorbuilder.com
427664,vodstar.shop
427717,vendavopricepoint.com
427735,vallon.com
427736,vitamagazine.com
427797,venusenvy.ca
427817,vertexblackjackonline.com
427818,voalte.net
427850,vertexspinbase.com
427859,vli-logistica.com.br
427888,vengaforum.ru
427914,verisure.co.uk
427925,vattenfall.fi
428005,victoryschoolbmt.edu.vn
428007,vinisicilia.com
428016,veteransupportcentre.org.uk
428190,vuhoangtelecom.vn
428298,visiongaming443.com
428344,vegan.com
428381,vintageromance.ca
428411,vonrotz.ch
428423,volvoforum.pl
428516,vulgarx.com
428540,v-gadget.ru
428544,vegasino.fi
428577,v1.cn
428587,vanquishthefoe.com
428588,vr46.com
428630,vtbbank.cn
428640,veltravel.ro
428743,vertexroyal.com
428796,vidlove.cc
428816,vinhoselection.com
429023,vineetk.net
429259,v77id.website
429260,vibesofsamurai69.com
429261,vior777gacor39.com
429262,virtual-stock.xyz
429263,vvwusurat.ac.in
429287,vyopta.com
429294,vd.onl
429313,video-ero-chat.ru
429391,vagauto.ro
429502,valleyhealthsystemlv.com
429540,voice-net.pl
429541,vebra.com
429608,vi.ai
429625,visionvipmarket.com
429642,vuclip.com
429665,visitelpaso.com
429728,viaway.com
429731,vidi64.com
429741,vexanium.com
429774,vwt4forum.co.uk
429781,vcsedu.org
429875,vertexgamingpro.com
429918,vizcom.ai
429922,vedder-vedder.com
429937,valencia24k.com
429952,viainn.com
430027,vuelosbaratos.es
430059,vehiclescore.co.uk
430076,vss-volga.ru
430099,vixen.co.jp
430186,vovk.com
430204,visable.io
430208,vikey.it
430240,vulcanmaterials.com
430293,virginmoney.com.au
430413,vertopal.com
430451,visaeurope.at
430542,vsbfonds.nl
430556,visonbearing.com
430596,vintagecomputing.com
430603,vincileather.com
430720,v-twinforum.com
430810,vivatecnologia.com.br
430950,vectorengine.ai
430951,velooutlets.com
430952,vretta.com
431003,virtualtester.com
431004,visitsouthwalton.com
431221,viactiv.de
431334,vichy.fr
431338,viajesexito.com
431405,video-save.online
431413,vipaist.ru
431415,voicenotes.com
431440,vemprafam.com.br
431493,vodplay.shop
431546,vipdnsjogo.com
431617,vivawest.de
431685,visitfrisco.com
431724,visindavefur.is
431790,valuemeapp.com
431813,visauniversity.com
431826,vajro.com
431911,vnom.nl
431957,virtualstaff.ph
431961,voiceapps.com
432030,v-tac-led.com
432035,vizmuvek.hu
432037,vmwhorizon.com
432066,vidown.com
432160,visionroyalworld.com
432187,visionslotshub.nl
432202,versandmanufaktur.de
432203,vnstream.net
432219,vse-knigi.com
432266,vivantis.sk
432267,visa.com.bo
432302,vega-sino.gr
432389,vyvod-iz-zapoya-v-rnd19.ru
432412,vivagals.com
432469,viewtool.com
432507,video214.com
432553,vegasplusmedia.nl
432589,v-plus.net
432644,vertexslotstation.nl
432673,vidyavikasacademy.edu.in
432687,visionarenagroup.com
432694,vcsheaye.cc
432726,viperstudio.eu
432751,vu8.online
432796,vnbusiness.vn
432799,visitnorthyorkshire.com
432845,voronezhnews.ru
432869,viewit.ca
432874,valenciabasket.com
432882,vdkanal.ru
432887,voproom.com
432930,vetorino.com
433046,vutjsf0sd9sdqt2rkzvgzv9a.org
433053,viscom.de
433093,vatansms.net
433104,vonmatt.ch
433207,videolina.it
433217,vylet.wiki
433226,varietynow.co.uk
433257,vegangster.com
433361,voicebot.su
433386,villaindia.com
433392,vjxrqzczh.cc
433470,villagepreservation.org
433574,vyvod-iz-zapoya-na-domu-samara-16.ru
433610,video.taxi
433636,vpcdns.com
433653,voxdsl.co.za
433668,visa.dk
433719,venditapianteonline.it
433725,vivaincontri.it
433736,vidaeideasrevista.mx
433784,vacuumsrus.com
433895,vaicomtudo.org
433902,vitol.com
433932,visiongamblespace.com
433951,v2webhost.com
434047,vectara.com
434094,vbirfthree.cc
434100,vbcyaeku.cc
434180,visphost.net
434297,vid-gt.com
434380,vimentis.pl
434406,vetexplainspets.com
434416,vinnitsa.com
434425,vidbox.vc
434443,vietjet.net
434444,vyvod-iz-zapoya-na-domu-ekaterinburg-8.ru
434500,vetport.com
434532,vinkod.com.ua
434632,vp24.net
434704,vertexrouletteonline.nl
434708,vakmedianet.com
434762,vertexclubpro.com
434804,vertexnetwork.nl
434813,versonpuoti.fi
434883,vitagreen.com
434921,vline.ru
434934,vermoegenmagazin.de
435027,vivus.es
435031,vindnu.com
435077,vlplayer.com
435085,vpn-bez-telegram.store
435096,veenaazmanov.com
435097,vult.com.br
435112,vizztech.com
435140,valleyadvocate.com
435156,vuoriclothing.nl
435168,vertexslotspro.com
435169,vertexslotsstation.nl
435211,visitjurmala.lv
435220,vhkrf.ru
435240,vcaa.vic.edu.au
435250,valleyautomall.com
435256,vertexcasino34.com
435417,videoporn2020.com
435441,vetspace.cloud
435470,vivo.cn
435512,visionspin700.com
435534,v-class.ru
435654,vrchost.com
435783,vb-os.com
435876,vakarm.net
435896,vis-hosting.com
435931,veramed.ru
435978,vertexpokerpoint.com
436000,virtoweb.com
436019,vprognoze.by
436069,vac-con.co.uk
436075,vwpshortlease.nl
436212,vapingpost.com
436239,vitaly.es
436252,vertexroyaldaily.nl
436269,v5zc7x.com
436280,vectorbet.nl
436303,visitwhitemountains.com
436317,view-events.com
436321,vincheck.info
436343,vedp.org
436353,visionspinonline.com
436359,vegastemcell.com
436361,vegascreativesoftware.info
436363,vqlbbanjg.cc
436381,voltaic.gg
436386,viralpoint.co.uk
436432,vancouverjeans.com
436443,v2fly.org
436452,vctelec.com
436493,victoriaplum.com
436523,villageofgreenwoodlake.gov
436531,volvocars-haendler.de
436538,vermontteddybear.com
436593,villageinfo.org
436594,vucasolution.com.br
436649,vektorb.ru
436657,visitstockholm.se
436702,videcomdns.net
436704,visionvipdaily.com
436837,vortexa.com
436853,veritas.edu.ng
436856,vertexcasinospace.com
436862,vulkanvegasde1.com
436881,vintektime.com
436934,videos-xxx-gratuit.com
436974,visionclubonline.nl
437001,vgcomunicacion.es
437013,vmos.cn
437126,vapeshop.co.uk
437132,vkgosuslugi.ru
437175,vhostingservices.com
437204,vastshow.co.uk
437237,vipmembervault.com
437244,vnsw.gov.vn
437306,versecodehub.com
437372,vandenoever.info
437509,vcoterie.com
437510,vermoegensplanung-fuer-aerzte.de
437526,videoshemalez.com
437533,viasante.fr
437574,viperclub.org
437650,victory-310.my
437687,vlfk.no
437746,volosilente.net
437765,vip-blog.com
437800,vouniwrlpczvynzhitzhpj.com
437809,vynilla.be
437811,vseopecheni.ru
437857,vyvod-iz-zapoya-na-domu-sankt-peterburg-9.ru
437972,vyvod-iz-zapoya-na-domu-samara-2.ru
438019,valuelights.co.uk
438080,vanuba.com
438082,visionuk.org.uk
438144,vyvod-iz-zapoya-na-domu-sankt-peterburg-3.ru
438153,voippbxsite.net
438171,visionwinsbase.nl
438234,veepee.it
438259,varetire.org
438286,votre-hebergement.com
438300,visionarenacentral.com
438326,vietid.net
438329,vivantio.com
438371,vombat.su
438379,vertexcardshub.com
438391,villas-mykonos.com
438393,visionzeronetwork.org
438426,visiondirect.nl
438443,virtual-egypt.com
438495,vocabulix.com
438571,vimkitchen.ru
438597,voborsa.com
438599,vlp.com
438694,vonderste.in
438696,viewblock.io
438786,vwfs.co.in
438806,vretreats.com
438840,vzvz.nl
438897,vse-sto.ru
439026,villamachiavelli.it
439050,vibecode.run
439116,vps.hosting
439130,vm9.online
439140,vetericyn.com
439196,visitantiguabarbuda.com
439241,veoride.com
439290,vvlmxxmp.cc
439450,virtus.com
439483,visitardenne.com
439493,viblo.ai
439497,vwphpdup.com.br
439556,videohub.tv
439567,vidrush.ai
439591,verlagshaus-jaumann.de
439738,verbit.co
439869,vxdsqrzy.cc
439935,vets.ne.jp
439943,voka.io
439981,vipplace.nl
439986,vertisoftpme.com
439989,virtusinterpress.org
439990,vlaggenclub.nl
440003,visionvipplus.nl
440016,virtutech.com.au
440031,vuurwerk.nl
440050,verycheap.co.uk
440067,visheng.com
440068,voyagemia.com
440074,visacashapprb.com
440083,vosdomaines.com
440116,vancouvertrails.com
440143,visitors.now
440158,valdostatoday.com
440171,vertexworld.nl
440241,vodka5.online
440258,vlvadvogados.com
440311,voatelecom.net.br
440317,vertexbase.nl
440336,visiteauclaire.com
440402,vistaprint.fi
440404,vigoraxpress.com
440433,viniou.pt
440440,visionarenalab.nl
440518,velivery.com
440566,viralyft.com
440593,visio-net.fr
440611,vertexgaminghouse.com
440666,vegetalab.com
440686,vetmed-service.de
440688,volumetricafx.com
440720,vocedimantova.it
440830,visionclubbase.com
440857,ventrachicago.com
440894,vertexlucky559.com
440937,vca.com
440998,vibonovo.com
441033,veronacourtyardvillas.com
441052,vodkao1.online
441134,visionpath.co.uk
441260,villassttropez.com
441285,vidbasic.top
441296,villagegym.co.uk
441340,vandaily.com
441349,vegaooparty.com
441405,vizzionplay.com
441441,verisunucu.net
441493,viberlink.net.id
441575,vbot.vn
441602,vietnamthuquan.eu
441623,vr-payment.de
441638,vgfacts.com
441657,vivienna.it
441678,vertexgamble653.com
441705,vysota-fm.ru
441742,vanityaddress.xyz
441826,visionblackjackbase.nl
441833,vilans.nl
441858,vitalydesign.com
441883,visitrochester.com
441885,vidacaixa.es
441913,videovoyeurhit.com
441950,vanwijnen.nl
441955,velory.space
441993,vbtrax.com
442067,vivre.hr
442097,vpdm.pro
442167,vrl.dev
442228,vertexpalacegroup.com
442229,vhlforum.com
442271,vidaeideasvision.mx
442275,vvanet.com
442306,vango.co.uk
442335,vestbee.com
442386,visionarenanetwork.nl
442399,visionwagerhub.nl
442441,vmst.io
442460,visionreelsbase.nl
442558,visionbettingdaily.com
442574,vibemode.love
442584,v4musclebike.com
442602,visa.com.kz
442606,vn-hotel.com
442780,virakesari.lk
442782,villadiphoenix.com.br
442800,vaterlines.com
442811,villman.com
442812,vanguardvalues.gg
442856,vwgroupsupply.com
442939,vvinsider.com
442951,videsk.ru
442953,visionlearning.com
443009,visionclub87.com
443043,vmeda.org
443112,visualpeople.net
443139,vertexspinspace.com
443194,virtualhost.ae
443224,voetbalrotterdam.nl
443266,viva-lancia.com
443368,vksndtc.gov.vn
443473,visitleiden.nl
443479,vietri.com
443501,vital-it.ch
443544,vodkav.online
443566,verview.com
443587,virginexperiencegifts.com
443647,vsesvetodiody.ru
443649,voyeurshd.com
443651,vitaliving.com
443735,vertexluckylab.nl
443754,vidsuper.net
443788,v-0-k-i.com
443812,voceapuana.com
443819,voiceactor.com
443885,vertexslotstudio.nl
443886,versorgungswerk-gesundheitsberufe.de
443903,videodelivery2.site
443925,vesti-perm.ru
443933,vectorplace.nl
443962,vodkabet22.online
443980,viewn.co.jp
444007,vbhost.ru
444020,veronicajeans.com
444095,velojawn.com
444097,vapor.systems
444099,validnews.id
444252,vnras.com
444275,visitsvalbard.com
444297,visibone.com
444317,vsports.cloud
444327,vmn-diy.de
444356,voip-plattform.com
444381,vertexjackpotexpress.com
444430,visitportsmouth.co.uk
444497,vizeta.net
444509,videa.ai
444554,voluumtrk2.com
444604,vieww.net
444609,vertexvault.nl
444669,vshk.ru
444677,volonte-d.com
444733,verme.tech
444815,vunque.com
444821,verangola.net
444824,vnt.net.id
444833,valextra.com
444899,vjshop.vn
444907,vuillermoz.fr
444975,valvesonline.co.uk
444978,veranohill.com
445043,vshost.co.uk
445117,video-tubeporn.com
445125,vinculos.cl
445164,vop.co.kr
445167,valleycountyhealthsystem.org
445196,vcpscanner.com
445352,viagensecaminhos.com
445389,volders.de
445399,visit-mv.com
445449,vitrabathrooms.com
445558,visionroyalcentral.com
445586,visible.vc
445620,visionslotshouse.com
445645,vidapp.com
445714,vsd.fr
445723,vmr.cn
445780,vibliotec.org
445783,visionbetting661.com
445866,vaderstad.com
445938,voyage-orsk.ru
445967,vpforge.com
445988,vnish-firmware.com
446098,v-front.de
446114,vseogkh.ru
446131,volshebnaya-eda.ru
446176,vertexworks.nl
446189,vertexslotsnetwork.nl
446268,virdsamcom.net
446314,vertigis.com
446392,vivaspot.com
446432,vidcdn.xyz
446469,ver-cuevana.art
446533,visioncardsplus.nl
446562,virdi.no
446645,visionjackpot855.com
446669,vueschool.io
446716,vastgoednederland.nl
446751,v2brand.it
446757,vptech.eu
446934,vvale.com.br
446939,vwv.co.uk
446987,videochat.moscow
447004,vyvod-iz-zapoya-na-domu-samara-18.ru
447035,vivacuba.se
447049,visible-learning.org
447086,villakilavuzu.com
447138,vecv.net
447160,veneziastone.com
447172,vptvid.com
447239,vanguardmotorsales.com
447241,vertexspinszone.nl
447253,vodkaa.online
447265,vitaminversand24.com
447290,vll.se
447350,vertexwagerspace.nl
447359,viva64.com
447366,vertexcardsmarket.com
447410,victripebike.com
447484,vdi-service.ru
447511,vitalia.pl
447665,versium.com
447740,villagesclubsdusoleil.com
447789,vittana.org
447879,volvocarsmallofgeorgia.com
447970,vegas-kasyno-online.com
448002,viaggiareinpuglia.it
448025,veira.net
448031,verbraucherzentrale-rlp.de
448082,valcato.com
448102,vnet.net
448115,vinteo.com
448118,viralhog.com
448151,viaaidly.com
448194,vermontsales.co.za
448225,vulcanplayigra.com
448237,vertexgamblestudio.nl
448252,vlex.com.pe
448260,visitmadeira.pt
448329,vetsandclinics.com
448352,veganhealth.org
448369,viennacitycard.at
448398,vipexpert.nl
448409,vannasan.com.ua
448465,victorsport.com
448546,visa.com.vn
448553,vezionline.be
448595,visionslotpro.nl
448620,vegkitchen.com
448640,visit-town.com
448700,voyalosvilos.cl
448734,virginislandsnewsonline.com
448747,vectortrend.nl
448751,visioncasino974.com
448761,vivup.co.uk
448776,vid-collection.ru
448792,vector2llqn.info
448804,v-kurse.ru
448888,vidflow.co
448920,velosofy.com
448992,videogame-reviews.net
449079,voelklinger-huette.org
449114,vapeur.com
449115,victoriassecret.com.sa
449142,vantara.ai
449149,visvabharati.ac.in
449177,vctrainings.com
449221,vsichkifirmi.com
449260,vacationrentalfinance.com
449268,vdbapp.com
449287,vigodepapel.com
449322,vistaprint.at
449355,virtual-local-numbers.com
449416,videoservers.net
449446,viceroybooks.com.au
449544,vertexbettingspace.nl
449561,verkehrslage.de
449649,versicherungsstelle-des-deutschen-waldes.de
449676,vegagroupp.ru
449696,vivaro.me
449744,voltperm.ru
449773,vakantiehuisjes.nl
449804,vollna.com
449856,vapiano.com
449857,volts.wtf
449948,volvics.site
450168,videiy.cc
450199,veloup-shop.ru
450257,vertexslotpoint.com
450258,vyvod-iz-zapoya-na-domu-samara-19.ru
450328,vertexjackpotcentral.com
450338,visioncardsexpress.nl
450346,viggoslots.com
450348,v-variant.com.ua
450360,vvvadamz2l.com
450477,vlex.com.br
450480,vibcne.com
450536,vuroo.ru
450811,verdoos.com
450817,videofilmerotique.com
450864,viettelmoney.vn
450877,voetbalshirtskoning.nl
450909,vertexslot632.com
450925,vknsorgula.net
451013,vibb.me
451043,viralpatel.net
451057,vavada2831.online
451065,volkswagen.dk
451104,voiser.net
451150,visionslotslounge.com
451189,velines.de
451217,videosexviet.net
451223,vajiraoinstitute.com
451278,ventivtech.com
451294,viptubelive.com
451303,voltmarket.ua
451317,vbkraichgau.de
451388,vissie.net.id
451471,volie.com
451476,vareximaging.com
451540,viphost.com.ua
451601,viterbonews24.it
451635,voanews.eu
451639,vjcooks.com
451665,visionroulettelounge.com
451683,vestniktm.com
451702,vipsister23.com
451710,venomex.net
451776,vyaparify.com
451797,v2020.com
451844,vertexpalaceonline.com
451851,vgltu.ru
451892,vintoz.com
451903,void.ru
451970,vipbox.lc
451998,vertexspinsplatform.nl
452016,verychic.fr
452028,vpn-time.pro
452046,virtual360.io
452090,vigierguitars.com
452095,valor-casino.kr
452237,visioncasinocentral.com
452252,vegamoviesnl.work
452314,vtf1000.com
452354,vistanews.ru
452413,vidkit.blog
452436,visionrouletteplus.com
452498,vahbgroup.com
452570,visitmalopolska.pl
452642,vipglobal.nl
452708,voltdeutschland.org
452735,vividphoenix.shop
452741,vegolosi.it
452744,vu17id.online
452807,veli.ee
452809,vmedis.com
452853,vapefully.com
452854,vanbeekumspecerijen.nl
452863,viennahouse.com
452894,valquere.com
452905,vlh-files.net
452996,visakorea.com
453014,vsmart.net
453046,vasa.mg
453257,vyvebroadband.com
453259,vip-directory.com
453291,vegetopie.com
453296,vans.nl
453310,velt.nu
453408,vyrl.co
453435,vspornvids.com
453446,vipbelote.fr
453449,vintevo.fr
453510,vertexspot.nl
453621,v0l.io
453645,v-8-i-j.com
453660,vertexgaminglounge.nl
453705,vpsthai.net
453721,vipsinaapp.com
453789,verbraucherschutz-online.de
453839,voguefabricsstore.com
453872,vemprofit.org.br
453936,vietnampost.vn
453971,vancouveronthenet.com
453975,viaggi-usa.it
453995,visitqatar.qa
454017,vietnamtrademark.net
454033,varela.gov.ar
454041,voyapon.com
454070,villas-for-sale-in-phuket-1.com
454216,vaniquotes.org
454244,vitee.id
454351,videocdnmetrika81.com
454415,vntelecom.com.br
454460,vans.ie
454476,vascaino.top
454477,vindyarchives.com
454480,vintagedetroit.com
454498,vinid.net
454503,vzbuilders.com
454528,vector-images.com
454583,valornet.com
454619,vseinstrumenti.net
454647,vvs-eksperten.dk
454714,visionblackjack430.com
454757,v-poiske24.com
454764,vz-nrw.de
454784,velobarnaul.ru
454853,venehosting.com
454872,vroom.com
454879,vectorlmsedu.com
454886,voicedata.nl
454926,vsijaipur.com
454942,virtual-history.com
454956,venpos.net
454957,vcareconnect.nl
454964,vertexluckybase.com
454989,versexsogratis.com
455070,visiongamingpoint.nl
455102,vereint-digital.de
455113,veron.nl
455124,voiddrop.co.uk
455177,vinylcollector.store
455180,veradek.com
455218,vectorinc.co.jp
455268,vssut.ac.in
455391,vietbooks.info
455408,vnish.us
455441,vanillababes.com
455501,videodb.org
455670,vaultid.com.br
455764,vestua.cl
455766,virtuallyonit.com
455856,valofessor.gg
455887,velotech.net
455935,vasharhiv.top
455947,virtairlines.ru
455981,vincispingiocare.it
456057,vipst.cn
456109,vertexblackjack384.com
456120,vidgrid.online
456158,vivre-a-niort.com
456232,vegaswild.com
456262,vidday.com
456264,vinelink.ink
456294,vrabotuvanje.com.mk
456307,vertexspinplus.com
456337,vibmro.com
456358,visitsunvalley.com
456359,valtellina.it
456382,vintagehardware.com
456481,visionspinhub.nl
456516,vimexx.com
456538,visioncasinodaily.com
456630,vumo.ai
456640,vaekstfabrikkerne.dk
456753,vidooly.com
456839,visa-signature.com
456845,vinacis.com
456881,vision-systems.com
456895,vsegei.ru
456905,vybor-net.ru
456924,veritasclass.com
457022,voiceofemirates.com
457100,victorhanson.com
457119,vertexroulettenetwork.com
457126,vastfunc920.shop
457140,vcsheaye.top
457235,vdiagnostike.ru
457242,volos.rent
457252,vorotamagnat.ru
457276,viaswine.com
457352,valaam.ru
457411,visiongamblebase.nl
457423,vasylivanovich.com.ua
457430,venomstack.co.uk
457501,vodka6ieo.com
457546,velonium.com
457573,vacation-stay.jp
457595,vinagames.com
457644,vizitnlo.ru
457670,vibego.com
457676,via-mobilis.es
457683,verasight.io
457755,veer.tv
457820,vereinswelt.de
457827,vanin.be
458039,viennaconcerts.com
458048,vkusvill-hrm.ru
458068,voxtelesys.net
458094,vastuforhome.us
458119,vyvod-iz-zapoya-na-domu-nizhnij-novgorod-5.ru
458133,vacationrentalsfortmyers.com
458134,vinello.de
458250,visionbase.nl
458276,vectorworksforum.eu
458375,vulkan.com
458423,vipliner.biz
458508,vegasino.com
458509,vaperolles.ch
458538,victory-crm.ru
458543,vortexhobbies.com
458547,vicky.in
458589,vagon.io
458601,vsopen.ru
458614,veche.ru
458785,veraclinic.net
458841,visionluckydesk.nl
458866,vandrouki.ru
458874,visa.no
458895,voflix.fun
458929,vitalpoint.cz
458939,vsthouse.ru
458975,visionblackjack208.com
458989,vtrpic.com
458997,visitsanjuans.com
459015,vr-rheinahreifel.de
459155,veda.com.au
459224,vcjklaad.top
459262,viewhomes.ca
459277,visitvar.fr
459319,vpnul.codes
459322,viux.com
459436,vectordaily.nl
459454,vqs.com
459469,videosxxxcostarica.com
459473,vjazhi.ru
459645,vviinn.com
459653,vereinsticket.de
459675,vplate.ru
459760,vestipk.ru
459885,vademecumonline.com.tr
459950,vsbclub.com
459966,vasiljevski.com
460104,vtrahe.mobi
460117,visitfrederick.org
460142,visualstatements.net
460150,visitcuneese.it
460152,visitoakland.com
460211,vanetworking.com
460219,vancitybuzz.com
460242,volksgezondheidenzorg.info
460267,vitawallet.io
460269,vizzy.io
460341,vtoroe-solnce.ru
460363,visitlakecounty.org
460372,virtualitalia.com
460492,valleywater.org
460501,vp43.ru
460529,vcuathletics.com
460558,vtvprime.vn
460582,videospiel-blog.de
460600,videospornograficos.net
460612,visionspinsstation.nl
460697,voxisp.com.br
460700,vsquareclinic.com
460745,vacationdiscountcode.com
460746,veltrix.onl
460848,vex.net.br
460984,vetnique.com
461084,veefly.com
461092,vertexcardsplatform.nl
461172,v64vb1cyxl.com
461173,vegamoviesnl.beer
461196,vermittlerportal.de
461259,virtualeduc.com
461274,venois.net
461313,vozvrashchenie.com
461328,vertexgamblelounge.com
461350,vadapav.mov
461397,vlasti.io
461399,vertexslothouse.com
461467,veryzhun.com
461500,visitsenja.no
461524,vidauna.com
461555,vfwauxiliary.org
461635,voe.com.ua
461648,voyant-tools.org
461785,visit-yakutia.com
461803,voopter.com.br
461826,verbundlinie.at
461841,voicenews.gr
461857,vcars.co.uk
461858,vn2.info
461861,veluwe.nl
461931,vsys.cloud
462118,vente-unique.pl
462154,video-voip.com
462164,visiongamingzone.nl
462171,vmusic.ir
462300,vizyonserver.com
462312,vaki.co
462327,vatvostudio.vn
462361,versaclimber.com
462379,vx24.eu
462382,vallarta-adventures.com
462384,vestnik-sadovoda.ru
462443,viphive.casino
462454,vde.com.mx
462475,vspieces.com
462476,vacation-apartments.com
462520,vnsh.com
462539,viswaroop.com
462559,vgl-c.ru
462601,verveseniorliving.com
462619,venmo.biz
462634,visitlapalma.es
462645,virtuworld.net
462718,voiddash.co.uk
462741,virtualtadaland.com
462830,visiongambleplus.nl
462841,vkn.de
462846,vivason.fr
462867,visionpoker659.com
462871,vipfish.ru
462880,videosdesexo.biz
462932,velluminsights.com
462935,vipmaturepussy.com
462941,vinao.pl
462950,vnexttech.com
462972,veloonline.com
462984,vertexreelsonline.nl
463029,vernierestimationllc.com
463044,vaylomail.com
463059,valesolucoesemgestao.com.br
463134,vxmodels.com
463143,visionapartments.com
463262,vojvodinauzivo.rs
463276,vwmanual.ru
463280,vivbliss.com
463294,vshn.ch
463322,visitloscabos.travel
463380,virtualne.sk
463407,videnca.se
463437,visitcopenhagen.dk
463471,visualcompliance.com
463484,vintontoday.com
463486,vaping101.co.uk
463537,vfsevisa.id
463555,vera-groningen.nl
463581,visittulsa.com
463657,vsisvoi.ua
463749,vitalitysouth.com
463763,visioncardshouse.nl
463765,viapplogs.net
463786,vidobetgiris.com
463792,venusautomation.com.au
463836,viagogo.com.tr
463994,velanstore.com
464009,vit-prices.ru
464032,vertexcasinobase.nl
464079,vidrame.pro
464080,vieracast.tv
464091,videofaster5.xyz
464242,vjmc.org
464262,voetbalbelgie.be
464341,vecio.it
464346,vdo.com
464348,virtualkeypad.com
464359,vmspace.com
464361,visana.ch
464367,varden.se
464400,vssgroup.ru
464510,vscl.cz
464546,viomundo.com.br
464563,videos6.com
464612,visitma.com
464643,velogo.com.ua
464664,virtualvacation.us
464682,vitotechnology.com
464684,valentin-software.com
464734,viewhubmedia.nl
464737,venezueladns.com
464766,viralextra.co.uk
464842,vnagency.com.vn
465061,vdocuments.pub
465076,vectorexpert.nl
465125,vgn.nl
465138,voterfocus.com
465167,vr-tb.com
465216,valassis.eu
465265,visitvaldisole.it
465292,vmg-mbh.de
465351,vszdrav.cz
465389,vrclist.com
465448,vanarendonk.nl
465631,vertexpalacebase.com
465782,virtsexchat.com
465805,veronaoggi.it
465817,viafirma.com
465929,venets-bank.ru
465946,vks.bg
465958,vegaszone.net
466029,voileblanche.com
466045,vertexreelsdaily.com
466057,vapeo24.com
466132,valsebike.com
466147,voztelecom.net
466157,vienna-marathon.com
466198,vertexarenanetwork.nl
466205,vandersalm-it.nl
466230,vetoreditora.com.br
466233,vasco-technologies.com
466313,viprebusiness.com
466331,vavada1s02.com
466369,vancouverislandfreedaily.com
466398,vilavi.com
466479,vqypiw-844673.cc
466525,vischeck.com
466543,vier-pfoten.de
466593,videoxxxvierge.com
466609,vectorarena.nl
466635,viamia.com.br
466684,vsgsoft.com
466757,venue-ticket.jp
466818,vtf-vacances.com
466821,viviporn.tv
466867,visionroyalonline.com
466876,viralwatch.co.uk
466933,valorcassino.com
467005,vasudevelectroproject.com
467018,vancosun.com
467052,viennainside.at
467072,volkswagen-otlg.de
467098,vhost.net.br
467163,vakantiedealz.nl
467164,virtualminds.com
467203,vill.co.in
467238,vatti.com.cn
467288,vegas-aces.com
467331,v12soft.com
467336,vertexgamingstudio.com
467343,voebb.de
467347,vertexlucky986.com
467425,vetedo.my
467508,v-s-d-w.de
467509,verifytx.com
467581,vermittler.de
467599,vakantielanden.net
467654,vicarius.io
467722,vavadae62163.com
467807,viewclix.com
467851,violationinfo.com
467860,vikingcruises.co.uk
467927,visionairfids.com
467947,vauxhallownersnetwork.co.uk
467956,vyvod-iz-zapoya-na-domu-ekaterinburg-18.ru
468099,vegamit.com
468113,vip03.site
468127,vegadg.com
468128,vegasbells.com
468129,vegaveg.com
468162,valescolar.cat
468167,valueaddedonline.com
468255,voidcast.co.uk
468379,vdohls.com
468438,voltra.by
468453,voltfashion.com
468547,vetais.com
468585,voltaicsystems.com
468601,vanillaregistrar.co.za
468655,vertexblackjackworld.nl
468664,vehgroshop.co.uk
468707,veta.best
468726,vlm.be
468766,vavadaumw9y0.com
468769,vyvod-iz-zapoya-v-staczionare-nizhnij-novgorod-6.ru
468778,vitracom.net
468813,valora.com
468832,volleywatch.co.uk
468842,vodkaka.online
468860,vnr-images.de
469048,vibecity.gg
469063,vertexbettingdaily.com
469070,vomcenter.com
469111,vip.pt
469155,v7u.org
469161,vins-bourgogne.fr
469207,voyeur-pornsex.com
469210,venuepost.co.uk
469240,vasekupony.cz
469259,vickisaveworker.com
469272,vbdata.cn
469291,vurbl.com
469313,vanharen.be
469315,vegatel.ru
469378,villapropertyphuket.com
469408,valenciennes-metropole.fr
469440,vu.fr
469444,vgo-shop.com
469531,vodarent.co.nz
469534,vetmanager.ru
469581,viperhost.pl
469637,valueyourcar.co.za
469655,visionjackpotcentral.com
469766,vanta.guru
469789,vw-passat.pl
469802,vtechphones.com
469841,verbaende.com
469880,virtuosgames.com
469910,visitmonmouth.com
469927,vidyo.io
470058,vyberobalnamobil.sk
470070,vbs.tv
470083,verkaufsoffener-sonntag.com
470127,vakantiediscounter.be
470192,vcows.net
470209,vodflix.tv
470244,vokparts.eu
470284,vibholm.dk
470289,vinoteca.online
470343,voucher.gov.gr
470456,valvetronic.com
470464,venteinc.com
470491,verme.click
470518,vk-cache.co
470547,vietnamonline.com
470551,valtrix.org
470672,video-roulette.online
470745,voileetmoteur.com
470758,vavadav56u.com
470761,virmach.com
470873,vodafone.jp
470885,venturiacciai.it
470964,visa.hu
471002,vitoasaro.com
471040,voyagetext.com
471042,veritiv.com
471080,vrcw.net
471122,v-project-online.ru
471184,ventilatieland.nl
471219,vseprosport.by
471244,vehq.com
471246,vtmarkets.net
471267,vyvod-iz-zapoya-na-domu-ekaterinburg-9.ru
471326,vodia.com
471358,violin88.global
471362,vesti.mk
471376,vulkanp.com
471428,viskonta.com
471436,visionwagerworld.com
471493,visionglobal.nl
471505,vanguardjobs.com
471512,veltixpro.es
471596,visitlazio.com
471747,viewyourdeal.com
471808,vmedia.lt
471868,vesnamex777.com
471887,virtuamax.net.br
471917,vehir.hu
471982,vidsrc.tw
472016,vertexbettingstation.nl
472059,voicesofwrestling.com
472071,v56ql967iuj8h8t.icu
472078,videotecaead.com.br
472166,vavada67xt.com
472272,vott.ru
472301,vo.com
472309,videodrugproject.com
472403,vakas-tools.ru
472426,volley.tv
472428,visavis.com.ar
472489,visa.com.kh
472492,vertexslot923.com
472565,viizmltm.com
472570,virtualshareholdermeeting.com
472639,vandeveldeservice.com
472647,vertexwinsonline.nl
472683,viewmyfax.com
472717,vertexpalacehouse.com
472744,ves.ac.in
472854,vse-shutochki.ru
472860,venturesurplus.com
472965,valvital.fr
473077,voegele.info
473088,varstreet.com
473133,visionideasblog.mx
473167,vipmegahoki.com
473214,voodoo.market
473265,vyd.co
473271,velocitynetworksbd.com
473386,vertexwinsworks.nl
473420,vagabondvintagedallas.com
473457,volunteer.ca
473534,volksbuehne-berlin.de
473607,volkshuisvestingnederland.nl
473630,valuepension.ch
473661,vivelab.kr
473777,velo-shop.ru
473786,vegas.pk
473793,vintagecashcow.co.uk
473896,vitrinhaber.com
473943,visunext.de
473974,visetech.org
473980,ville-beziers.fr
474011,virginiaroom.org
474028,vpcc.edu
474075,vangoghletters.org
474086,visma.fi
474114,vibezy.co.uk
474119,v.biz
474261,vipspace.nl
474272,vencerocancer.org.br
474279,v-markt.de
474345,vavada-com.top
474375,vinylsoftware.net
474451,vesikoer.ee
474466,vonovia.com
474509,visasq.com
474525,voa-islam.com
474663,vapor.com
474694,venomproxy.co
474709,vipchanger.com
474730,vizugy.hu
474744,viled.kz
474773,voidnetwork.cloud
474782,vpbank.com
474894,vertexlucky34.com
474996,veinte07.com
475012,vpartsinc.com
475041,vclik.com
475046,visionluckydaily.com
475053,vpnsifu.com
475181,vampireporntube.com
475188,vcardandcollectibles.com
475230,vgjump.com
475273,v-o-k.ru
475284,visionreels709.com
475285,velvetmusic.nl
475289,voetbalshop.be
475341,vintageair.com
475445,virokos.ru
475477,veronmaksajat.fi
475573,vpg.no
475610,vix.tv
475644,vl-girl.ru
475663,vapebazar.de
475664,videoamatorialigratuiti.com
475667,vestjyskbank.dk
475715,vomfass.de
475773,vextel.com.br
475777,viziashop.com
475785,villasepeti.com
475824,videoshd.xxx
475840,valent.com
475854,vtajikistane.life
475942,vyborg.tv
475946,vyvod-iz-zapoya-na-domu-ekaterinburg-19.ru
476005,vca.nl
476031,videochatforum.ro
476161,vitruvianhealth.com
476170,viveromario.com.ar
476201,vortexbooks.co.nz
476371,vtlottery.com
476430,vsporntube.com
476434,v4-forum.de
476450,vhsclub.co.uk
476591,vru.gov.ua
476634,vladweb.ru
476796,vans.ch
476852,vzljot.com
476895,vpscore.net
476965,vceengine.com
476998,via-mobilis.fr
477129,vdosl.cc
477154,vpnwp.com
477274,vesti.news
477283,vichy.pl
477302,vurl.com
477312,v2ray.com
477338,verti.it
477355,vicpos.com.au
477389,vstats.jp
477420,vosgesinfo.fr
477478,vlxvn.online
477479,vinosycavasonline.es
477495,vesuvius.com
477502,vacation.com
477528,vtlog.net
477584,varesefansbasket.it
477587,vuce.gov.co
477651,varlhom.dev
477746,visitgibraltar.gi
477756,vagasarrombadas.lat
477800,veterinarians.org
477833,vitaepensiero.it
477856,vvtvid.com
477946,visioncheckout.net
477949,visionclubhub.com
477963,victorybellrings.com
478080,victoria-miro.com
478099,voxpopulinoticias.com.mx
478140,visitdenmark.nl
478280,vana7.vip
478281,vdex1.de
478282,villageguider.com
478283,viralquax.net
478284,vmq742.com
478285,vur8e0ah.com
478341,veryapk.site
478409,vnrom.net
478411,visionjackpot221.com
478413,volus.com
478417,validator.nu
478433,vwroc.com
478484,vatrerpower.com
478542,vidaeideasmundo.mx
478583,vjn.net.id
478744,videographo.com
478755,villagegram.in
478862,victimsupport.scot
478871,veevanetwork.com
478944,vidaeideasdigital.mx
479000,viralkand.int.in
479032,vsdoll.net
479078,vozdabahia.com.br
479081,vp4s0u5yiv.cfd
479163,vizardsgunsandammo.com
479241,virginiaplaces.org
479280,vtemirtau.kz
479283,vialand.com
479289,vertexclubplus.com
479317,vishpha.ua
479326,vmtx.ru
479354,vsekolledzhi.ru
479355,viverepesaro.it
479356,vdgb.ru
479448,vartvrsimulator.com
479533,v300.casino
479569,vet-com.ru
479595,vertexarena302.com
479621,vdlgroep.com
479638,valalta.hr
479649,vonvon.me
479653,vno.com
479670,versepress.co.uk
479717,ventis.com
479751,velourgarments.eu
479798,verk.net
479819,vans.lu
479850,votewatch.eu
479912,vorys.com
479977,vanboxtel.hosting
479984,vsharing.com
480011,vacationski.com
480063,violinvenus.com
480070,vertexslots184.com
480096,videoporcheitaliane.com
480117,vysokovskiy.ru
480172,vaudiencelabs.io
480179,visbook.com
480195,vnhaqdqd.top
480202,vumatel.co.za
480203,vectorsfile.com
480223,visionreels183.com
480248,vans.com.pe
480252,viennaaustrohotel.com
480259,visionluckystation.com
480303,vaguevisages.com
480317,vipc.cn
480370,valvekj.com
480390,vipnumbershop.com
480392,valia.com.br
480480,vertexreels291.com
480533,vndata.vn
480599,vlmotorsport.com
480632,voltdns.com
480659,vapingdaily.com
480712,vaidebet1.com.br
480718,vintagelacharme.com
480727,vidwish.live
480733,vanguard.ca
480789,veroapi.com
480799,vetzen.ru
480876,vermontregisteredagent.com
480902,vmzinc.com
480906,vpngtm.com
481022,vrs.org.uk
481077,vossexotech.net
481124,vedy.shop
481146,vanlife.us
481167,vod.pl
481171,vitabrava.ru
481181,vavle.fun
481251,vigorlamezia1919.it
481345,votevets.org
481365,vuso.ua
481369,virusdie.ru
481439,vetoquinol.com
481451,volleynews.it
481513,vaillant.it
481553,vivalto-sante.com
481579,vendiauto.com
481587,vot-gruppe.de
481679,veolianorthamerica.com
481691,volontaireslausannois.ch
481718,vacancesbleues.fr
481809,veganova.at
481893,visasecuritysummit.com
481901,videohall.com
481974,vmayakovsky.ru
482000,voprosov-net.ru
482003,v97.casino
482008,voov.hu
482081,vnulib.edu.vn
482115,vascorossi.net
482123,vignetteswitzerland.com
482192,vukuzenzele.gov.za
482209,vanrunco.com
482309,vexi.best
482357,venuslens.net
483792,valentte.com
483793,valorantnews.jp
483794,vanbruun.com
483795,vaneersa.com
483796,vanitysklep.pl
483797,vannalux.com.ua
483798,vasconoticias.com.br
483799,veals.co.uk
483800,vectorapp.com.br
483801,venalis.be
483802,venroy.com.au
483803,vents-shop.com.ua
483804,verisure.com.ar
483805,versace.jp
483806,vetpraxis.app
483807,vetus.com.br
483808,vidyamandir.com
483809,vioteras.jp
483810,viperproxy.org
483811,virtualjoias.com
483812,visaovip.com
483813,vistoriapro.com.br
483814,visvitalis.bg
483815,vital-agriculture.fr
483816,vivantis.ro
483817,vkplus.net
483818,vnpthis.vn
483819,vnvc.info
483820,vocationaltraininghub.com
483821,voltexelectrical.com.au
483822,vpiera.com
483823,vqfit.com
483824,vrooamgrossier.nl
483825,vuupt.com
483826,vxcase.com.br
483827,vxceed.net
483917,visionbettingpro.com
483919,vbcps.com
483922,vouchercart.com
483967,vtela.com
484002,vplak.com
484030,veynd.com
484073,vivanaturalmarket.pe
484107,visiongamblepro.nl
484136,vistashare.com
484141,veejoy.de
484155,v-edu.co.jp
484301,volvo300mania.com
484311,visioncardshub.nl
484316,verois3.site
484357,vinsalsace.com
484418,visualtest.io
484454,vcsocdp.net
484512,viasultelecom.com.br
484575,video-stream-hosting.de
484593,vtb-auto.ru
484603,verportadas.es
484607,vertexslotpro.com
484664,volgjezorg.nl
484673,vi-serve.com
484695,visiteanfiteatrolecce.it
484729,vhfa.org
484838,vosker.com
484880,vtube.network
484901,vinassessment.com
484912,veloplanner.com
484936,videos-xxx-porn.com
485000,vnwp.nl
485043,vavadas1.icu
485145,v46.casino
485162,videora.online
485184,valencianews.es
485214,val.com
485218,visitsorlandet.com
485256,vintagewholesalespain.com
485285,vtsmedia.com
485301,vorota-group.ru
485330,visionpalacenetwork.com
485448,vplace.space
485520,vipetrack.com
485579,viasul.net.br
485683,vanityworld10.com
485685,vyvod-iz-zapoya-na-domu-ekaterinburg-20.ru
485694,viewliveevents.com
485780,vocore.io
485807,visarioeducation.com
485825,visioncasinoonline.com
485853,violaoeruditodelcamp.com
485926,vcsocdp.com
486090,v651.com
486267,vso.com.cn
486272,vos-mo.ru
486296,via-appia-mode.de
486391,vijayadiagnostic.com
486413,vyvod-iz-zapoya-v-staczionare-nizhnij-novgorod-2.ru
486430,vital.org.nz
486437,vidaeideascentral.mx
486441,viktor.space
486466,venturasecurities.com
486498,vistabeam.com
486582,vidro.com.sa
486611,vidstorm.ru
486620,vipnetbg.com
486657,vanvn.net
486675,virgo-gw.eu
486689,vishwakarmamatrimony.com
486736,visitsofia.bg
486795,visionblackjack340.com
486805,vanitytron.co
486806,vertexarenapoint.com
486818,voipinnovations.com
486824,vmg-hook.space
486854,v3lite.com
486866,vanyamakeover.com
486896,valdo123.com
486920,vavada-kz.xyz
486952,visionspinlounge.com
486969,veterinary-practice.com
487029,vds64.com
487192,varroc.com
487196,vubiz.com
487208,visitmonmouthshire.com
487220,voticle.com
487228,voucherwonderland.com
487277,vasalekaren.sk
487286,vinmart.co
487328,vgmaps.de
487366,vwwaterloo.com
487367,vreeken.nl
487385,vbike.co.nz
487394,visabg.com
487466,virexo.cc
487503,vetus.com
487575,vaccination.gov.ng
489045,v6q1x8m.com
489046,vacotv.org
489047,vdcasino1342.com
489048,vdcasino1344.com
489049,vega-movies.llc
489050,vegadhut.com
489051,vegamoveise.xyz
489052,vegamovie.ng
489053,vegamoviece.com
489054,vegamovies3.watch
489055,vegansci.com
489056,velvetmoments.lol
489057,vendeearctique.org
489058,vertiztu.store
489059,vg123pos1.com
489060,vhpr9748.com
489061,videil.com
489062,videylyy.uk
489063,viendotodo.lat
489064,viet69new.net
489065,villaistimewah.site
489066,vipspotly.shop
489067,visa33-login.com
489068,visa4dcup.com
489069,visa4dsolid.com
489070,vitdey.online
489071,viutotomars.site
489072,vivatogel-44.com
489073,vivaza.mx
489074,vivicomic.net
489075,vlxvn.cc
489076,vlxvn.lat
489077,vlxx.codes
489078,vlxx88.top
489079,vmtips2026.se
489080,voqx0cqz7f.com
489081,vslots88tos2.cyou
489082,vthcmfamily.vn
489083,vv872rff2.com
489084,vvay.lol
489247,venturacountystar.com
489335,viirrvip.com
489373,vivamax.pro
489413,visitaugusta.com
489440,valorbet-online.kr
489443,valenciaport.com
489491,vidaraa.cc
489576,verifiedmag.co.uk
489614,visa.co.cr
489663,veedmo.com
489735,verano.com
489914,visitbenidorm.es
489917,vklybe.tv
489971,visiongamblecentral.com
490012,vergleich.de
490028,vitaledgetech.id
490030,villazakatek.pl
490039,vallen.com
490049,visitcharlottesville.org
490129,vomsis.com
490186,vehi-mercatus.de
490189,vwvv.shop
490210,valuecoders.com
490214,vitos.ru
490263,virtualnycintorin.sk
490376,verifiedreport.co.uk
490429,viciproperties.com
490436,videohardamatoriali.com
490463,vision.se
490482,visionofireland.org
490500,votewa.gov
490514,volleyball.gr
490671,virdsam.in
490676,vyaparkranti.in
490741,vans.co.uk
490755,vidomo.media
490762,videlec.be
490805,viborg.dk
490817,vt-fiddle.com
490832,volleyball.lu
490853,vymanga.co
490914,vavoo.tv
490935,vcnet.com
490961,vascoworldwide.net
490992,valx.jp
491070,viktoriaandwoods.com.au
491118,vivascreen.co.uk
491119,voco.dental
491138,varus25.store
491139,vmd.ca
491141,videosxporno.com
491168,velez.com.ar
491172,visunextgroup.com
491235,visithamiltoncounty.com
491256,videt.ro
491291,vidsplay.com
491311,voiceflex.com
491322,videothegay.com
491537,vertexbettingplatform.com
491639,vivamufoco.it
491646,vn2.app
491659,vtbgroup.ru
491708,viapolonia.com
491723,v36.casino
491750,vazerv.com
491764,vilanovahome.com
491791,visaentertainment.co.nz
491820,vectorlogo.zone
491825,vlsp.network
491843,vulkan-casino3.com
491866,varta.energy
491887,veronline.tax
491944,valterraplatinum.com
491952,ville-courbevoie.fr
492007,viyoutube.co
492063,versaillescasino.be
492088,vidcdn.us
492126,vintage-muscle.com
492140,vapeinitaly.com
492147,vivantis.hu
492318,vicaima.com
492368,vflex.ru
492377,volody.com
492385,vpnspace.click
492405,visionideasrevista.mx
492440,vianw.net
492469,vidviday.ua
492487,vht.com
492501,vlaanderenvakantieland.be
492572,viaholidays.com
492602,vrccserver.com
492669,visionroyalworks.nl
492710,vitalscrims.com
492743,visualrecord.ru
492785,varify.dev
492796,vintromerch.com
492803,venomscent.com
492814,vibeinternet.top
492874,vavada.solutions
492878,vacancesvuesduciel.fr
492961,v6dns.com
492968,vertexslotsmarket.com
493030,vergentlms.com
493048,verlichting.nl
493061,videogamecritic.com
493108,vermoegenszentrum.de
493204,vividexpertbright.nl
493210,videoblocks.io
493241,vazouxx.com
493254,vietatech.com
493268,vprogids.nl
493280,visaindex.com
493322,varma.fi
493398,visioglobe.com
493423,vertexbettingplatform.nl
493428,vipspades.com
493441,ville-ideale.fr
493508,voltrex.services
493563,venturacollege.edu
493712,visitnijmegen.com
493818,velodynelidar.com
493833,vofixkw.com
493875,visionluckyplus.nl
493936,vmo24.ru
493957,vip-files.net
493969,valutrack.com
494010,vre.org
494031,vlagere.ru
494114,varuvo.nl
494129,visitadirondacks.com
494155,vertexpalacepro.nl
494199,vconew3.com
494231,vozolshop.de
494252,ve1xbet.com
494310,vejin.net
494361,velobike.by
494392,visionvipnetwork.com
494411,volga-dnepr.com
494418,vaicloud.net
494435,vikingcruises.com.au
494610,vacom.hr
494729,vider.pl
494744,viperpc.in
494751,videosprofitnetwork.com
494786,vindolanda.com
494812,vtexobservability.com
494828,vectorcare.com
494836,visitnorway.fr
494894,volynka.ru
494927,v37.casino
494939,vepay.online
495037,videogamesage.com
495221,vftsarr.ru
495304,voda-crimea.ru
495335,vmsserver.com
495378,video-monitoring.com
495423,veltins-arena.de
495435,vagas.co.il
495454,v3njm06jik.cfd
495462,vklyrics.ru
495498,veritech.net.au
495503,vaostory.ru
495504,vfa.gov.vn
495517,vaca-ps.org
495544,vavada-com.lol
495547,vertexjackpot334.com
495555,vidaeideaspunto.mx
495569,vericenter.com
495623,vanseodesign.com
495661,visionofbritain.org
495685,vividjoangame.com
495705,vesvknigah.ru
495711,v0kozca13o.cfd
495729,voiranime.ws
495737,vntool.vn
495783,vakantiepiraten.nl
495835,viagogo.nl
495842,virginiachronicle.com
495856,vietbizdirectory.com
495954,vottakflow.com
495991,vsergda.top
496022,vibebase.co.uk
496093,visio.org
496231,veridiannova.net
496232,vietdns.net
496233,vxtrans.com
496263,vikkibank.vn
496297,virsavia.ru
496311,vividtalkamsterdam.nl
496329,videosmaller.com
496331,vipplan.ru
496335,viaopenplatform.com
496407,vaporshop.pl
496472,viravira.co
496482,vcnewsdaily.com
496540,valleyfiber.ca
496559,vetloom.co
496589,virtualne-obcemicr.cz
496605,viacredit-sf.com
496655,vobacom.pl
496666,vertexcasinoonline.com
496680,virtualroad.org
496717,vodafone.net.qa
496733,visiongamblestation.nl
496743,vidiosxnxx.com
496754,vertexpalaceexpress.com
496802,vermontwoodsstudios.com
496841,vitatv.com.ua
496870,vipbags.com
496917,vidacampista.com
496930,veber.co.uk
497020,vetoavenue.fr
497023,vipdiely.sk
497024,vekneboley.ru
497028,vegashero.pt
497081,vyvod-iz-zapoya-v-krasnodare-3.ru
497112,virtualnerd.com
497203,victoriassecret.com.au
497407,vervecoffee.com
497420,verified.eu
497549,voiply.com
497550,vision-net.it
497562,vetro.io
497622,valleyhealth.org
497632,vodaswim.com
497677,video-tube-hd.com
497700,vn44.ru
497708,videoxlist.com
497743,villaggiosanfrancesco.com
497751,voorlinden.nl
497864,vdoram.live
497999,vkclips.app
498041,vtkazan.ru
498076,vitadrogerie.ch
498132,vinatis.de
498149,vouchers-at-work.com
498159,visitczechrepublic.com
498174,vaclavhavel.cz
498191,vendingmarketwatch.com
498206,visionroyalstation.com
498297,venue.zone
498328,vlad.studio
498364,virginialiving.com
498430,voxhdstore.com.br
498436,vrcholovka.cz
498453,vnnews.ru
498470,visitvarmland.com
498479,va250.org
498524,vidilife.com
498569,viewpointmag.com
498618,valorbet-kr.kr
498626,vivalto-sante.fr
498635,vertexreels642.com
498711,vgperson.com
498771,vacant.nl
498783,visitacostadelsol.com
498784,virtualyard.com.au
498803,vernonwebsites.com
498866,vyvod-iz-zapoya-v-staczionare-sankt-peterburg-27.ru
498906,vrxxx.com
499037,vipamateur.top
499070,vintagecalculators.com
499101,vepedaz.site
499149,versicherungsstelle-deutscherwald.de
499198,vipbarbersupply.com
499208,vdcdw5lzo7.cfd
499213,vionfoodgroup.com
499244,vrnoblduma.ru
499293,vmatchconsulting.com
499319,valeoservice.com
499395,vicarius-cdn.com
499400,vgluhova.ru
499404,viti-presto.it
499484,visionreelszone.com
499498,v2020-sai.com
499499,video-dns.com
499503,vocera.com
499593,valhyr.com
499632,virginiatile.com
499725,vivofungame.com
499732,visualmarketing.com.au
499741,vtcpay.vn
499868,velken.de
499881,ventforet.jp
499913,vpnfritzen.de
499916,vw-now.com
499919,voxtvhd.com.br
499934,victoriakrasnov.com
499975,vietnamjournal.ru
499985,vividgames.com
500003,vinomenorca.com
500117,vietnamlawmagazine.vn
500161,vp.net
500178,vitruvius.com.br
500211,vodfeiss.com
500226,vivagames.org
500230,vnptmoney.vn
500254,vertexarenaspace.com
500324,visaeurope.es
500333,vkcdn5.com
500350,vistaprint.dk
500488,visa.mn
500494,volkswagen.ie
500541,vesparesources.com
500560,vitkovice.cz
500576,voltemosaoevangelho.com
500577,visuwords.com
500612,viacroatia.com
500665,vidhub4.cc
500707,vacuum24.ru
500715,vitalik.space
500729,visitcheltenham.com
500796,veryfb.com
500813,visitaarhus.dk
500861,vibeapp.ru
500894,velkej.cz
500977,vidalhealthtpa.com
501008,vichakan.net
501033,visionvipworld.com
501057,virtualtronics.co
501228,vancouversbestplaces.com
501251,vegasherospielen.de
501263,vesternet.com
501275,visionideascentral.mx
501300,visiongaminggroup.com
501307,vervemusicgroup.com
501325,vssports.com.py
501353,vox.gr
501355,visionjackpot990.com
501362,vidmotion.online
501378,vnkgu.edu.vn
501390,viakom.cloud
501484,vodvod.top
501583,vtdbtzijag.net
501638,vittude.com
501699,vitaminvadisi.com
501824,voltsystems.net
501864,vietcong1.eu
501905,vhallyun.com
502004,vi-stal.ru
502026,v.ps
502126,vectorvps.com
502174,vwbank.pl
502214,vaughngittin.com
502217,vstrtrk.com
502243,vvv77.ru
502313,villainoussession.com
502337,viewcourier.co.uk
502344,volcanoclub.co.uk
502375,vizzent.com.br
502384,vinylfever.com
502434,visualace.com
502515,vital-directory.com
502613,vsd.vn
502647,vinoland.com
502681,verificient.com
502716,valleysfamilychurch.org
502740,vkuster.ru
502742,voyeur-secrets.com
502753,vietadx.net
502805,vsekz.org
502806,valk.com.ua
502859,voyeur-house.me
502867,vapsservices.de
502876,visionpalaceonline.com
502895,vanstyle.co.uk
502969,vdopel.ru
503005,voelkerrechtsblog.org
503007,viaterragear.com
503010,vaporider.deals
503105,vcdnx.com
503109,vtours.com
503126,vonder.com.br
503155,vsn.dev
503204,vividnationcentral.nl
503496,vivirenelpoblado.com
503557,vetonek.com
503578,vivienvance.com
503668,vladstudio.com
503745,vierkant.dev
503761,vrc.com.au
503821,visitleeds.co.uk
503830,vaticanlibrary.va
503890,vinsnaturels.fr
503905,video4k.cc
504131,velocita.com.br
504132,vimax.bg
504133,vip-reseller.co.id
504134,virenne.co.kr
504135,vivionblue.com
504170,veolia.cz
504187,verificado.ai
504258,votawtool.com
504320,viratarivista.it
504328,vitrea-gesundheit.de
504378,viasport.no
504523,vra.com
504532,valiasr-aj.com
504564,vtstaging.com
504568,vobs.at
504606,ville-issy.fr
504617,vuvjch.beer
504667,vizerunok.com.ua
504771,verstech.uk
504836,vegasvibe.co.uk
504941,visitbydgoszcz.pl
505025,vda.lt
505035,vidaeideasplaza.mx
505042,voipgateway.org
505107,vassilisdesign.gr
505109,valuethemarkets.com
505116,volvolaval.com
505170,vespazone.com
505205,vogele.cl
505211,vagcars.dk
505231,villasport.com
505309,vintgar.si
505324,vinci-closluce.com
505354,vtiler.com
505411,virdsam11.com
505433,ville-auverssuroise.fr
505515,verbdigest.co.uk
505517,voidthrow.com
505525,visioncasinopoint.com
505555,vionetworks.de
505597,volma.ru
505649,vivoconcerti.com
505652,visaluxuryhotelcollection.com.mx
505674,vipprime.nl
505675,visitwilmingtonde.com
505722,visp.com.ua
505743,viptraveler.com
505761,vichy.es
505784,verivox.com
505789,vfrhsovc.cc
505812,voathai.com
505857,vgtkraska24.ru
505870,vinoinweb.it
505886,visionbettinggroup.com
505906,vacances-lagrange.com
505937,vistaverdesoft.com
505956,valdanniviers.ch
505960,voidpulse.ai
505970,vsrc.su
505972,vikingstore.ch
505989,vlirdenscampus.nl
506003,varzeanet.com.br
506030,vista-health.co.uk
506045,vixrussia.ru
506058,vibeisland.app
506148,vedonlyonti.com
506180,vipnetpr.com.br
506181,vidahotels.com
506226,vbh810866c.cfd
506296,victor-store.jp
506359,virtualsuperintendent.com.au
506386,violapiekut.com
506413,vbn.lat
506464,vilapaun.ro
506571,vaktija.eu
506585,vgamehub.site
506600,variantify.io
506635,vwltclub.nl
506682,videonexis.online
506706,violetdates.com
506793,visionroulettepoint.com
506821,visionroulette83.com
506842,vanbeekdesign.nl
506881,vinkoprom.com
506887,viessmann.co.uk
507036,vevivi.ru
507152,vxi.com
507182,verheestextiles.com
507195,vosweb.info
507206,vikrh20ciy.cfd
507338,vancouvertoyota.com
507339,vava.chat
507340,vwleasing.pl
507437,vana.gt
507438,voucherek.com
507522,varejonline.com.br
507523,verygoodtour.com
507524,vortex-m2.com
507562,vybeqsnvw.com
507595,vch.ru
507636,vendulalondon.com
507649,vuxen.se
507680,vdlnews.com
507732,vianor.fi
507779,vpn1016.ru
507783,vocal-classics.com
507829,viaciatop.us
507931,volodin-group.ru
508013,videolynx.online
508016,veniceunleashed.net
508086,vnz.be
508143,velonova.lt
508169,vietnamglobaltours.com
508216,vlaardingen24.nl
508235,vintandyork.com
508242,vcclutch.com
508340,visitrasalkhaimah.com
508341,verbraucherzentrale.bayern
508403,vmf.com
508434,vericast.com
508446,vanlaack.com
508453,visiwise.co
508635,vanitynumber.com
508648,vexrewards.com
508769,visuallizard2.net
508868,viralwulf.cyou
508909,vho.org
508926,vrclinking.com
508927,viltel.net
509071,verdictpatrol.co.uk
509152,verbeta.ru
509226,voltztoys.ca
509230,voiceconnect.net.au
509289,vedoque.com
509290,vila-real.es
509291,vmig.expert
509336,vertical.ru
509352,vssl.com
509364,vertexslotexpress.com
509446,vintrack.in
509463,visa.com.cn
509482,visitcentralflorida.org
509494,verlorenofgevonden.nl
509512,vezzomoveis.com.br
509516,voyah-avilon.ru
509536,veriforce.com
509545,vtjtr6qa9j.cfd
509588,vpcentrum.eu
509615,vividstormscreen.com
509673,vinbudin.is
509717,voyageprive.com
509758,vgrway.com
509782,veteranblaze.co.uk
509785,vpnbase.net
509790,visiondirect.es
509814,victoryroad.pro
509827,veli.store
509899,vouchedfor.co.uk
509917,vnetwork.vn
509952,vilkas.fi
510095,velbert.de
510149,valleytimes-news.com
510158,visitgavle.se
510181,valosolutions.com
510249,visiondiceworld.nl
510276,vergehealth.com
510307,vivo-mebel.ru
510314,visionideasmundo.mx
510315,vastushastraindia.com
510460,violetteregistry.com
510480,venusbeauty.com.sg
510504,vaco.com
510617,viviv.com
510648,versione-karaoke.it
510706,vape.co.uk
510763,voltaren.de
510925,valsor.com
510999,varip.de
511003,vmz-niedersachsen.de
511004,visionbetting421.com
511076,vilasradio.cl
511114,vickiboykis.com
511175,velik-shop.com.ua
511176,vipeducations.com
511205,vga4a.com
511214,vvvdj.com
511254,vehosting.net
511313,vaultvoid.co.uk
511314,vindhier.com
511357,visuallinkdns19.com
511383,videi.in
511446,vipkidcdn.com
511467,videocelts.com
511469,vkusnews.com
511480,visitsurrey.com
511484,varditrealestate.com
511504,visacli.sh
511507,varberg.se
511509,viacaoouroeprata.com.br
511520,voix.jp
511534,vzwverkeersveiligheid.be
511579,vnew88.net
511597,vidnovaedge.online
511601,volunteer.com.au
511613,venividigoz.com
511637,vaporlens.app
511894,vortaro.jp
511937,viddertube.com
512008,vl.com.tw
512059,veevajitsushoka.com
512060,velunoan.com
512097,valuepowered.com
512151,voximplant.net
512154,vichlenitel.com
512187,vidacamara.cl
512197,vpsdns.net
512210,vpnki.ru
512254,vinaralia.com
512258,vdgb-soft.ru
512275,vtech-jouets.com
512289,vistabroadband.net
512314,virage.co
512483,vologdaregion.ru
512534,volja.net
512624,vegassoftware.com
512671,viscontibags.com.ua
512686,vws4brkfst.com
512709,valuemedia-ltd.com
512759,vinylpladen.dk
512803,vefogix.com
512942,vinigrandi.de
513009,vava.cars
513018,voyagehouston.com
513075,vsttorrentz.net
513079,vertexeng.com
513129,visionwageronline.com
513140,vibranttechnology.co.in
513143,vossie.net
513180,viewento.de
513216,vibegames.com
513241,valpal.co.uk
513275,vavada.software
513319,voganow.com
513325,veerawines.com
513348,vidox.net
513432,viziotechnik.com
513492,verio.de
513497,vulcanproductions.com
513498,vmos-serverless.com
513504,vrtp.com.au
513575,vanever.com
513588,valuedvoice.com
513698,voyages-d-affaires.com
513718,vegan.org
513729,visualvisitor.com
513754,vaqueronet.com
513780,vagabonds.pl
513781,vsolcn.com
513792,v2pop.com
513900,vindem-ieftin.ro
513901,vorto.se
513933,vipmail.hu
513989,vbiz.pl
514170,verkaufspunkt.at
514172,viberdns.com
514178,visitquadcities.com
514185,vsdsp-forum.com
514189,visionspins375.com
514235,venomlink.co.uk
514360,votewrap.com
514371,vpn.ac
514431,venovi.de
514506,venioagency.com
514540,vsat.de
514602,virtualtelecom.com.br
514631,vetpraxis.online
514647,venebuses.com
514692,valerion.com
514715,vaperite.co.za
514729,vuoriclothing.sg
514730,valleesud.fr
514814,verifail.online
514871,vlc.de
514876,voip.co.uk
514885,vsointernational.org
514895,vmworld.com
514916,virtualpages.nl
515080,vascara.com
515102,vivre-motion.com
515151,vandermeulen.com
515295,virtualcloudmanager.com
515302,vestikamaza.ru
515410,v5tv.com
515425,vsnewstools.com
515454,voltasworld.com
515458,viridiengroup.com
515522,vuboekhandel.nl
515694,version1.com
515772,vagamundos.pt
515838,v-baumarkt.de
515842,vegan-pratique.fr
515867,vsss.sk
515889,visionjackpot650.com
515914,voicesys.co.uk
515968,velovideo.online
515978,vckp.ru
515999,vaa.edu.vn
516007,verblio.com
516112,vibecamclick.com
516163,volunteer.gov
516253,videoshdporn.com
516278,ville-dunkerque.fr
516430,visionarenaplus.com
516452,vahical.com
516495,vmframe.com
516532,villas-for-sale-in-phuket.com
516560,varha.fi
516565,vison.jp
516592,v-d.ru
516624,vtmerch.com
516641,vibrantz.com
516728,vieradelmar.com
516766,visitnorway.nl
516809,vienthonghn.vn
516873,voyah-major.ru
516909,videosexolatino.com
516922,vibestreamx.com
516934,viawebservice.com.br
516938,vtb.kz
516995,vcna.com
516996,vespilara.com
517026,visitorplugin.com
517046,vishalperipherals.com
517135,vintagetalk.co.kr
517136,voltboostproxy.com
517170,velvetcrafts.com
517199,vasasszerszam.hu
517200,virginmegastore.qa
517233,villaggiomusicale.com
517263,vfhost.gr
517274,vertexpokerplus.com
517316,vflyer.com
517323,viabtc.cc
517338,vstcdn.net
517411,verdevalley.com
517451,verifycycle.co.uk
517497,versatileitsolution.com
517528,vtn.com.vn
517618,veteranrallyfield.co.uk
517622,vedantagroup.com
517681,velonity.es
517693,vespuciosur.cl
517722,vertexslotplatform.nl
517724,vuotozona.it
517763,vaccindirekt.se
517861,vloto.net
517898,vpweb.de
518023,venomlogic.co.uk
518120,voicesoflongtermcare.com
518165,visitrainier.com
518181,ventcoversunlimited.com
518288,verpackungsteam.de
518361,varna-airport.bg
518391,vosan.co
518539,vesti-k.ru
518578,vuotopiazza.it
518587,vertexreels529.com
518639,vympel.ru
518652,vivaresortsbywyndham.com
518657,visa-bulletin.us
518681,viperbb.rocks
518688,vmn.net
518814,vvs-shoppen.dk
518859,vanillaplus.net
518912,vivaplus.tv
518916,villanovau.com
518928,vodokomfort.ru
518979,voyah-autoprodix.ru
519012,valori.it
519108,vidroute.online
519197,vag-technique.fr
519259,vignette.ma
519267,vvskomplett.no
519324,visionarytechpro.id
519340,virtamir.com
519342,vstclub.com
519351,vclouddns.vn
519378,varsom.no
519385,villas-for-sale-in-phuket-4.com
519401,vertexarenahouse.com
519416,vacancy-filler.co.uk
519493,virgilmob.com
519507,vansesigazetesi.com
519522,visualobjects.com
519557,vangoghexpo.com
519566,vivecraft.org
519589,vg75sr77x2.cfd
519599,vocetelecom.vc
519671,vt54sj.com
519713,vahibooks.com
519821,vsslots.com
519853,vertexpokerexpress.com
519965,vidrocketcdn.online
520033,vupc9tj4ll.cfd
520040,vrresa.se
520107,vibex.cyou
520221,verdnatura.es
520222,villadepietro.it
520243,vitamindwiki.com
520264,vsnmn.shop
520373,vilnius-events.lt
520396,verge-solutions.com
520429,visiosign.com
520475,vvhp.net
520477,vergecurrency.com
520600,viitor.info
520666,vinylbelgium.be
520669,v8pr.uk
520757,vitakem.com
520800,voihotels.com
520842,vape.to
520906,valvetime.co.uk
520985,vacationsbymarriott.com
520997,vulkanplatinum.bid
521009,vipp.com
521041,viasub.net
521194,vectorsecurity.com
521197,visa.gov.bd
521205,vidrocket.online
521233,veterinarka.ru
521365,vmteca.com
521370,vinovo.si
521389,vpsmvp.ru
521415,vyvod-iz-zapoya-v-staczionare-nizhnij-novgorod-16.ru
521433,voicestack.com
521493,veterandaily.co.uk
521516,volna39.ru
521531,verdewatches.al
521555,videdgelab.online
521619,verticalrack.icu
521660,vivapuerto.com
521667,voicekibrishaber.com
521722,venezuela-news.com
521745,visitcumberlandvalley.com
521769,veuanoia.cat
521784,vegasherocasino.nl
521787,veripark.com
521820,vertexgamingcentral.com
521856,vibeserahit.co.uk
521903,vorpolis.com
521952,valleyfamilychurch.tv
521979,vardags.com
522084,vintagepornfun.com
522094,voetbalvlaanderen.be
522119,vyte.com.co
522151,veteranasfollando.com
522279,vertextelecom.com
522425,vidflow.online
522437,vaschovatel.sk
522439,visitgalena.org
522464,videojetcdn.online
522496,vplushort.com
522513,vaz.ee
522526,vintagepclips.com
522562,vuxu.org
522611,valor-casino.co
522654,vitzodownldr.com
522693,vibramfivefingers.com
522704,verdaoweb.com.br
522777,vastuugroup.fi
522789,voidqueue.com
522860,vtgus.com
522942,vacationrentalslbi.com
522959,vodafone.ne.jp
522974,vavada2025com.online
522981,vj7w0ki3h0.cfd
522989,vidplus.to
523019,virginactive.it
523034,vitalpilze.de
523138,vrr-db-ticketshop.de
523146,vogtland-tourismus.de
523152,vnr.de
523228,vibestrailerhit.co.uk
523348,varasija.com
523370,visittoledo.org
523528,vrcf.fi
523571,viptec.ru
523599,vivara.de
523618,visitmodena.it
523647,vibeshitreel.co.uk
523722,vmobl.com
523726,vyatka.ru
523747,vidiqa.online
523790,voyah-major-olimp.ru
523805,voyeur-house.cc
523816,vividnet.com
523958,volcom.fr
523959,veblr.com
523978,vidnovalab.online
524009,vimg.cc
524043,viso.tv
524056,vegasino.at
524063,vrikshamindia.com
524064,velospeer.ch
524162,visitlaughlin.com
524235,vsaunah.ru
524308,visoft360.com
524330,vcreations.nl
524466,videocatalog.ru
524527,voipdiscount.com
524626,vmar.se
524634,vlxxde.com
524639,visa.com.az
524713,vf-portal.com
524798,vanessabruno.com
524837,vastranyland.fi
524890,vansky.org
524900,viddrive.online
524937,vettsy.com
524945,vindulge.com
524961,viewinsider.co.uk
524997,vimut.com
525069,vpnone.ru
525083,viloud.tv
525142,vedic-horo.ru
525268,vakgarage.nl
525308,vgohosts.com
525312,vinkershosting.com
525346,vnso.vn
525374,verifika.com
525396,vetopropac.com
525408,vistafield.nl
525438,voicelinkhub.net
525462,vintageguncatalogs.com
525474,vyvod-iz-zapoya-na-domu-ekaterinburg-17.ru
525481,vcpmotorsports.com
525500,visitcambridge.org
525633,visapaymentsfx.com
525670,vodka4tvd.com
525716,vertexslotstation.com
525722,verticebottarassegna.it
525831,vaianamovie.de
525937,volunteerconnector.org
525976,vcelarskeforum.cz
525988,vbeltsupply.com
526035,vazlon.com
526071,ville-rail-transports.com
526120,vikacg.cc
526144,verbproducts.com
526150,vapesdirect.co.uk
526155,vbspu.ac.in
526283,voyainvestments.com
526291,v9dceizch4.cfd
526325,vanessabruno.fr
526385,vert-sys.com
526462,vylkan-777.com
526470,vpnfreedom.tech
526477,vyvod-iz-zapoya-v-staczionare-sankt-peterburg-18.ru
526622,vid65.com
526623,visioncasinolounge.com
526685,vita3k.org
526727,vs-group.ru
526760,vikingdirect.be
526798,visaspb.com
526800,virdsamprediksi.net
526853,vinmaxaquasolutions.com
526858,viewlondon.co.uk
526885,vigilian-consulting.com
526903,vittascience.com
526933,volleygripbeat.co.uk
526936,vammebel.ru
526944,vev.page
526971,vvfggu.com
527029,voelklingen.de
527039,vyvod-iz-zapoya-na-domu-ekaterinburg-11.ru
527081,viyar.tech
527197,vapehan.com
527198,visual-matome.com
527199,vitup.jp
527235,vexsoft.com.br
527251,vintagevinylnews.com
527387,v4f.info
527393,vopros.moscow
527398,vipmobile.site
527435,vallartadaily.com
527437,visiontrend.nl
527490,venuu.fi
527498,vperedzenit.top
527522,vigriwatch.com
527532,vuarchives.com
527571,valencia.com.ua
527599,vierdaagsefeesten.nl
527642,ventura1.com
527739,virtuquotidiane.it
527758,vchasnoua.com
527789,vidgridcdn.online
527848,vesti92.ru
527867,vsenastolnitenis.cz
527881,vancouverconventioncentre.com
527916,vulcanrussias.vip
527919,vlaggenunie.nl
527962,vidfluxcdn.online
528065,velikolepnyivek.com
528079,voxelgroup.net
528085,vietabank.com.vn
528136,vulcan7dialer.com
528221,vetlandaposten.se
528256,vertexarenaonline.com
528286,vibestarflash.co.uk
528291,vamosajugar.net
528361,vipiu.it
528376,vinfast.net
528407,votive-rp.com
528497,voteleavetakecontrol.org
528503,voiceneutral.com
528532,vogueimg.com.cn
528569,virtserver.com
528572,videosxxxgratuit.net
528667,vectorconnect.com
528681,vpsreg.ru
528750,vectronicsappleworld.com
528778,vinsdecopains.com
528903,veb.net
528953,voocca.com
528965,viewpickjournal.co.uk
529116,vse.sk
529129,vestische.de
529152,valorjuego.com
529295,vyrukrc.lt
529345,viedefrance.co.jp
529359,vespaforum.de
529468,viamobigo.fr
529478,veronanetwork.it
529509,vapemania.ru
529519,vincustom.com
529579,voltplasmarocca.it
529648,visaeurope.si
529674,vuftpmbf.cc
529682,vostokit.ru
529706,visainfinitehotels.com
529781,vzletka.one
529792,vertexspinexpress.com
529831,vvbox.cz
529875,vintagegardensweddings.com
529984,vivo.cz
530061,vjbz.shop
530074,viatolentino.com.br
530077,visionpokergroup.com
530081,vogel-net.de
530100,vesti26.ru
530209,viewidogcam.com
530214,ve2sus.com
530246,vandevenfashion.nl
530251,v3cube.com
530338,vets.gov
530384,volvocars.com.cn
530388,voetbaldirect.nl
530536,viewdig.co.uk
530538,virtualuffizi.com
530555,vrpnmdaf.cc
530641,viperprint.pl
530712,vanshinebd.com
530713,versland.io
530794,verish.me
530795,vipdlt.com
530796,vstorrent.org
530851,visagehall.ru
530909,visiongambleexpress.com
530968,vaultcarry.com
531037,visionreelsonline.com
531052,visa.com.pe
531061,visitlofoten.com
531186,ver-comics-porno.com
531215,vividcast.co.uk
531241,vampireip.net
531266,vietfones.vn
531307,vriendenopdefiets.nl
531350,variouk.net
531353,villederueil.fr
531539,vma-online.de
531620,verda.com
531638,viti-mephi.ru
531676,vnews.gov.vn
531682,vipshop.flowers
531745,verein.cloud
531923,vampireweekend.com
531970,vafrike.ru
531987,vidyoconnect.com
532017,visaprocurement.co.za
532019,vedacheck.com
532070,vervetimes.com
532114,vca.lv
532257,volvapps.com
532260,vavilon.ru
532279,vattenfall.fr
532294,vichy.it
532315,vikka.ua
532318,vdb.to
532360,vulkani.rs
532383,vetbox.com
532452,vis.com
532559,visitstlucie.com
532605,vulndetect.org
532757,veganforum.org
532832,videopornl.com
532847,vta8tmw1.com
532850,vinovathemes.com
532933,vayeshost.com
532934,vorobeva-weddings.ru
532986,vrgames.by
533082,vipchanger.pro
533109,vertexslotcentral.com
533140,vcloud17.com
533177,vipzivot.cz
533205,volbi.ru
533266,visittrackerweb.com
533280,vgu.ac.in
533310,visionbet501.com
533326,visualhost.com.br
533369,virginmobile.pl
533383,vyvod-iz-zapoya-v-staczionare-sankt-peterburg-28.ru
533446,vitalentum.net
533458,visa.com.lc
533512,vwcoihlvr.cc
533530,vray.com
533548,viniou.it
533553,vinylkiosk.com
533587,vid-boo.com
533612,vastgoedmarkt.nl
533661,vth.de
533690,verbotenfrech.de
533763,verygoods.jp
533791,visitvillach.at
533877,villasofdistinction.com
534042,videosxxx.click
534185,visitmontgomery.com
534223,voiceofeurope.com
534236,vninform.ru
534304,vlaxd.com
534345,visaentertainment.com.au
534374,vinchin.com
534391,visionbbs.com
534525,videos1002.com
534553,vinteleport.ua
534588,v0d.com
534615,versusterrace.com
534642,veiligheids-sloten.nl
534662,vanpetfood.com
534671,vaizle.com
534683,vicfang.com
534752,vemsy.com
534835,ventipay.com
534859,valley0depend83.org
534872,vertexslotbase.com
534934,vertexwagerplus.com
534937,viata.nl
534978,visaviskoziolkow.pl
534986,vadernu.com
534992,vipersystem.com
535018,vitae.ac.uk
535022,vamo.net.br
535024,videoelephant.tv
535048,varoke.net
535060,velo-orange.com
535088,vsw.jp
535093,varaaheti.fi
535124,vectormax.com
535135,vinearts.ca
535184,vimo.cam
535266,vander.sex
535278,vilook.com
535344,volkssolidaritaet.de
535419,viatomtech.com
535453,viaxed.com
535521,vectorshaderzone.co.uk
535581,verifyexpress.com
535599,virtuallatinos.com
535673,vertexreelspro.com
535710,visitiran.ir
535807,vianetworks.nl
535837,vihyper.net
535876,visitgainesville.com
535937,vaghosting.com
535994,vitalink.us
536023,ventalgo.net
536033,vuinsider.com
536150,vkcdngame.com
536200,visionroulette851.com
536298,vagnetics.nl
536321,vatusa.net
536385,vishenka7.ru
536404,vas3k.club
536424,vwforum.nl
536456,visualcomponents.com
536458,velouk.net
536476,vfaststream.co
536479,vollstreckungsportal.de
536482,virtuallabschool.org
536657,valta.tech
536680,vinylflooringuk.co.uk
536740,vertexreelshouse.com
536777,visiontek.co.in
536780,virtualclaimsadjuster.com
536856,vesti365.ru
536861,viajecaminodesantiago.com
536893,vroomvroom.fr
536899,vibrant-wellness.com
536923,virt.club
536963,vans.co.kr
536968,vorleser.net
536979,visitokinawajapan.com
536990,vivreactivewear.com
537046,vistalogic.nl
537073,virushunterpro.xyz
537080,versaterm.cloud
537104,vai.org
537114,vgmforbin.com
537143,villatel.com
537228,vymo.com
537273,vipmutfakmobilya.com
537311,vsegrad.si
537323,ven-tu.ru
537330,venuscn.com
537338,vimatisko.gr
537363,veduca.org
537429,visitwallonia.fr
537496,vikscom.net
537591,vtfs.cloud
537661,velocitywebhosting.net
537695,vxg.io
537730,viridea.it
537766,visionslot681.com
537782,vtvsolutions.com
537845,volleyball.bayern
537869,vdal.nl
537892,vpsfree.org
538042,velofactory.ch
538071,vympel-rybinsk.ru
538080,vestico.co
538131,videocam.online
538135,vervewine.com
538196,videoxxx.mobi
538197,vintagewholesalesupplyltd.com
538198,vittz.co.kr
538304,valisere.com.br
538305,vrabi.net
538346,voilawebsolutions.net
538389,visapaycity.az
538404,vnutri.online
538426,vr-wave.store
538495,vestranet.com
538535,vibesystemsdns.com
538538,viwizard.com
538579,vallenet.com.ar
538695,vromo.io
538749,vitalit.com.au
538783,vtl.lol
538850,vhod25.casino
538982,vrach-na-domu.ru
538987,vidaydinero.com
539034,vikingautomotive.com
539109,videooxxx.com
539114,vnpt-ca.vn
539173,vpdae.com
539193,videoframe2.com
539209,voyagesaquaterra.com
539213,vattenfalleldistribution.se
539223,vehiclesafetysupply.com
539264,void.ltd
539332,viranomainen.fi
539340,vitas.ai
539374,visiontech-partners.com
539384,veikonkone.fi
539413,verifiedmovers.com
539457,vexote.ru
539461,vhslearning.org
539505,vaporhatch.com
539517,vfat.io
539541,victorthemes.com
539556,viisukuppila.fi
539573,vlkfairy.com
539662,valueforum.com
539663,vancheer.com
539669,vevox.com
539686,visionjackpothub.com
539712,vg-resource.com
539717,vectorize.io
539741,vfoxs.com
539870,vplink.app
539911,vizlib.com
539917,vn2data.com
539950,vrmco.com
539988,vervaunt.com
540029,valusis.com
540115,virindi.net
540123,vertexgamble736.com
540148,vpshostingservice.co
540167,vsalde.ru
540208,vetnurse.co.uk
540223,volcgslb-mltb.com
540255,vmbook.com
540309,valoplant.gg
540335,vc39ra.com
540405,visitbloomington.com
540419,vabysmo.com
540429,vps-qualitywebs.com
542779,v10.link
542780,v155p.com
542781,v2ex.pro
542782,v2vpn.app
542783,v66h88.com
542784,vacinasesi.com.br
542785,valasr.app
542786,validation-attackiq-ntm.com
542787,valmet-vii.com
542788,valmetsystem.com
542789,valuescan.io
542790,vansto.net
542791,vant649841be.xyz
542792,varsanpr.com
542793,vasilej.org
542794,vbz.cc
542795,vccusa.com
542796,vcfdnn1b.com
542797,vcity.app
542798,vdwi3e2983ruio9w83.com
542799,veaplatform.nl
542800,vegemitepie.com
542801,vejgr3929sk2.com
542802,velcdn.com
542803,vendsy.com
542804,veroliability.co.nz
542805,veryshortoffice.com
542806,vew729sh2isjo9o.com
542807,vibix.org
542808,viceka.com
542809,vididentity.net
542810,viewturbo.org
542811,vijilan.net
542812,villagefinewine.com
542813,vipernews.com
542814,viptalk.org
542815,virtualwebdata.com
542816,virvm.com
542817,vitamin5g.com
542818,vkportal.com
542819,vmbackup.ca
542820,vmeanvmean.org
542821,vmix.at
542822,vmosproxy.com
542823,voicecorp.com.br
542824,voicenter.co
542825,voicetec.cloud
542826,voip123.co.uk
542827,voipkb.com
542828,voipvoice.it
542829,volanetworks.net
542830,voxcity.com.br
542831,voyagerportal.com
542832,vpnwholesaler.com
542833,vpsveritas.com
542834,vresource-ai.com
542835,vtcall.app
542836,vtsign.com.br
542837,vvhgdobb.com
542838,vxhwczdeb.com
542839,vyunyunnode.top
543055,visionreelsdaily.com
543080,vqpcrcbi.cc
543102,venomproxy.net
543216,vsplay.com
543226,videovecchietroie.com
543270,volleyball.ua
543328,voxiroxy.ru
543347,viettel-iot.vn
543411,verbierfestival.com
543451,visitestremadura.com
543515,vresnow.gr
543555,vindianporn.com
543616,vm7543.it
543634,vertexluckyplus.com
543725,vllkcoin.com
543773,vasinformatica.com.br
543806,vigilantclair.fr
543814,vacuumpumpsindonesia.com
543873,vigorevoce.it
543887,vanrijkestatejewellers.com
543890,vegaszone.app
543905,vistoenlasredes.com
543964,vidalista.homes
544042,vedekon.ua
544110,virdsam.org
544128,volkswagen.cz
544137,velo-ocean.de
544163,vanrise.com.ua
544202,visitleuven.be
544208,vastpearl.de
544274,va.lv
544316,vwcredit.io
544348,venetacucine.com
544359,virt.biz
544399,viannacloud.ir
544521,virtualllantas.com
544522,vvskupp.no
544631,vastgoedjournaal.nl
544647,valutaomregneren.dk
544724,vertexclubpoint.com
544805,voxie.com
544809,vincispin.gr
544821,vendingtimes.com
544922,vostokcement.ru
544943,voyagehotel.com
544948,vrsn.com
544985,vocecantocorrente.it
545040,vossenwheels.com
545041,velvetcareerdigital.nl
545050,vxiangqin.com
545146,v-travel.gr
545206,vhwmcs.net
545227,vzajemna.si
545244,vibrant.org
545292,vidburst-app.com
545304,vettasaettazona.it
545322,ventasreit.com
545341,visionbettingstudio.com
545353,vpnhub.shop
545385,vazbook.ru
545490,vertexvipgroup.com
545503,vargaingatlaniroda.hu
545700,viacomcbs.com
545740,vertexwagerbase.com
545752,videojetcloud.com
545756,vtwonen.be
545775,vccn.no
545805,visionjackpotonline.com
545819,visabusinessschool.com
546000,verbrauchsrechner.de
546116,va-endpoint.com
546158,viggoslots.org
546264,vulkanvegas.casino
546284,vtpaddlers.net
546316,vanheusen.com.au
546317,vindad.com
546455,villagromomapello.it
546473,viseven.com
546513,vikebladet.no
546551,valleyasset.site
546561,venere.it
546606,videopornofrancais.info
546607,vocfm.co.za
546646,vitanet.com.ar
546655,vino-quotidiano.it
546671,vistalogic.us
546706,visitnorthwestillinois.com
546856,vosensetz.nl
546858,vuemastery.com
546864,vepsalainen.com
546900,vortexcloud.com
546910,valley.ne.jp
546986,vtbr.ru
547066,vogcopy.net
547091,vegazcasino.com
547229,voyah.su
547268,vikar-auto.ru
547316,virsec.com
547406,vepuan.com
547418,vdisp.com
547479,vitalitygames.com
547516,vrmproperties.com
547529,vexi.mx
547539,villa-phuket.com
547605,virtocommerce.com
547673,videovillage.com
547769,vanfu.co.jp
547830,vistacloud.us
547849,visionice.com
547881,vf.is
547903,video2brain.com
547936,viewworld.co.uk
548046,va811.com
548092,vwwatercooled.com
548107,veterinaryemergencygroup.com
548129,virginiamemory.com
548168,videopornonacional.com
548178,vebimedya.com
548237,viatrading.com
548424,verdampftnochmal.de
548430,vestnytt.no
548447,visaprepaidtoolkit.com
548554,vls.cz
548608,vanderveldeboeken.nl
548636,vavada.az
548637,visa.se
548673,violka-it.net
548694,vseti.by
548787,vidio.ai
548963,velocity.cloud
548977,vixendaily.com
548982,veryjane.com
549012,vcu898sixc.com
549040,viakom.de
549096,vivanda.com.pe
549117,versionone.com
549159,vivacable.net
549160,vistaprint.no
549175,vsblapp.com
549198,virology.ru
549213,vamk.fi
549308,voyabarefoot.com
549362,vvvcasinovada.com
549434,vividlabfactory.nl
549487,vastnet.net
549597,villento.com
549609,voiper.ru
549623,vcssoftware.com
549644,vanegmond.nl
549676,viennaslide.com
549692,v5yls50sg7.cfd
549712,vividmediatalk.nl
549736,vinades.vn
549766,vkusv-promokod.ru
549783,vadrexim.ro
549834,vdkenergo.ru
549852,venuecast.co.uk
549901,vpal.com
549954,vanmossel.be
550225,volleyballmag.com
550286,vaidaan.com
550355,vz34.nl
550417,volvocarretail.se
550422,vlcstreamer.com
550471,verisktech.com
550488,vegascrestcasinos.com
550498,vineola.de
550526,vpchost.com
550528,verestar.net
550531,vidrala.com
550571,vaccineshoppe.com
550580,visa.ro
550595,vse-avtoservisy.ru
550599,viabtc.net
550607,valuedopinions.co.uk
550655,vistaedge.us
550718,virsi.lv
550719,vsepro.com.ua
550803,vale.to
550817,valuesccg.com
550847,velux.ch
550866,volian.com
550897,visionwagergroup.com
550942,vlstorage.com
551021,valutakalkulator.net
551028,vivario.org.br
551054,vnft-tools.xyz
551070,visitarnhem.com
551170,voidvpn.pro
551196,vibpc.com
551212,vertexjackpotonline.com
551238,volumetricaprop.com
551279,verifycreditprofile.com
551299,vein.hu
551340,vagnerpool.com
551382,vivaparty.com
551445,visitbatonrouge.com
551448,venngo.com
551452,vertexblackjackcentral.com
551542,vyvod-iz-zapoya-tolyatti0.ru
551571,vellorepropertybazaar.in
551596,vktr.com
551619,visionnetwork.nl
551667,versusfield.com
551724,virginialawreview.org
551760,vmax-escooter.de
551777,vody.shop
551780,visioncritical.net
551816,vosgestelevision.tv
551858,vector.co.nz
551891,viterra.online
551924,vitalpulsepro.id
551932,vacant-jobs.net
552012,vendian.org
552019,visp.net.lb
552053,verein-clean.net
552084,viperhosting.nl
552145,vm105.net
552161,videobash.com
552242,viskan.com
552272,volvocarsnb.com
552286,visionspin845.com
552306,vavada1091.com
552344,vh.org
552490,vertexrouletteplatform.com
552505,visitleicester.info
552551,valleesdegavarnie.com
552603,vdst.ru
552638,visainformation.info
552724,volksbank-stuttgart.de
552736,volkerwessels.com
552780,velio.de
552789,vilros.com
552840,verifiedjade290.de
552942,visionbet948.com
552975,valts1.net
552994,vaigra24h.us
553009,vechnayamolodost.ru
553011,visithanzesteden.nl
553026,vertexbet328.com
553050,vpn.by
553074,visitmarrakech.com
553159,vetrehberi.com
553191,vltelecom.com
553213,vpsbenchmarks.com
553223,vitacore.ru
553246,victoryfurnituremattress.com
553263,vitra-india.com
553281,vasaclubtv.com
553288,vedi-express.com
553289,visitlakegeneva.com
553319,vin-info.com
553323,voltade.ai
553472,versuschant.com
553547,viners.co.uk
553549,vrlatina.com
553626,valsassinanews.com
553631,vpnon-connect.tech
553651,vporn.me
553699,vertexgamingspace.com
553734,vistafattorumore.it
553762,vertexreels828.com
553778,velezmalaga.es
553798,vts.edu
553812,vtc.mx
553813,vanilla-js.com
553850,vandenbrug.nl
553888,volue.com
553927,vietnamresorts.net
553982,valentiaudi.com
554017,vodka-casino-bonuskod.ru
554094,vardinon.co.il
554128,vidyo.com
554199,vzone.gg
554349,vox9.io
554361,visionplace.nl
554387,vtourist.com
554389,visitfortwilliam.co.uk
554407,vlaamswoningfonds.be
554540,visitlakegeorge.com
554565,vichymonamour.fr
554580,void.pl
554656,verticalhosting.com
554657,verimatrix.com
554674,vetementsl.com
554690,veturaneshitje.com
554731,valleyair.org
554736,vegasfoodandfun.com
554741,vincispin.be
554743,vitalfitlabs.id
554886,vox.com.ua
554889,virginrecords.com
554916,vigilixbackup.com
555088,vgosocial.com
555135,visory.net
555145,ville-fribourg.ch
555172,vinopremier.com
555181,vacka.es
555191,vinbase.info
555234,viecasino.com
555315,vitaminer.com.br
555386,vectorline.nl
555418,viralpitch.co
555517,vissla.com
555565,verifybot.ink
555566,videosdesexo.com.br
555567,vitrasa.es
555568,vonmag.ro
555754,vagas.sc
555755,velocityactivewear.com.au
555756,voga.co.kr
555792,visitkent.co.uk
555839,vulka.es
555844,visiteurekasprings.com
555846,vertexslotplatform.com
555872,vermontsystems.com
555885,vivax-assist.com
555893,veles.cv.ua
555910,vintagexxxclips.com
555978,vazoola.com
556020,vpstu.com
556045,visaclientvalidationplatform.com
556088,veevo-one.video
556163,vse-svoi.net
556167,vgrouplimited.com
556185,verschooten.be
556209,voyeurspyporn.com
556224,vittorina.fr
556228,veloznetsp.com.br
556264,vtext.com
556265,vyzmvoupe.com
556306,veras-copper.com
556333,vivabet.ro
556370,vianett.net.br
556400,vnpt-hanoi.com.vn
556442,visionaware.org
556475,vkspeed.com
556485,vistaprintdigital.com
556594,vforme.pro
556691,vnff66.net
556772,vispas.nl
556793,vuori.com
556876,visual-planning.com
556892,verification.com
556920,vivideo.ai
556941,vegaschamber.com
556955,vype.com
557005,vindo.ai
557018,vangames.ru
557094,vincentpontet.com
557108,vertexpalaceplatform.com
557149,volkszaehler.org
557247,virginiahousing.com
557429,vhtelecom.com
557431,vintageproductions.com
557433,vexcelgroup.com
557437,voussert.fr
557464,vukovisadunava.com
557495,vladdiler.ru
557496,vidhyamitra.com
557557,villasinnsbruck.com
557613,valeton.net
557657,vingcard.com
557696,vrachi-goroda.ru
557753,viaas.ch
557761,visionbettingplus.com
557809,vind-een-psycholoog.be
557833,vmsd.com
557837,vitaldns.com
557847,vaya.in
557861,varusok.se
557899,vemags.de
557914,visionbet784.com
557920,venomedya.com
557971,vc-magazin.de
558016,veterinary-dentist.com
558075,vlaki.info
558120,voxcatch.fr
558122,valises-etanches.com
558132,volksliederarchiv.de
558138,vaticanobservatory.org
558146,vendralo.info
558172,vorota.net
558193,verimin.com
558206,vario.cloud
558218,vital.io
558227,volhov.ru
558305,vwmidtowntoronto.com
558313,veriscollection.com
558335,vertexrouletteexpress.com
558350,vincci.ru
558369,veimg.cn
558427,vizibl.ai
558492,vontaro.de
558510,vds.plus
558569,visit-petersburg.ru
558590,vita-energy.kz
558614,vyvod-iz-zapoya-v-ryazani12.ru
558675,vix-its.com
558706,vihaanagro.in
558707,vsau.org
558797,vec.ca
558853,vertexcasinodaily.com
558867,venum.com.br
559027,vyzov-elektrik.ru
559036,vshouz.ru
559038,visionroyalplatform.com
559045,veranstaltung-baden-wuerttemberg.de
559056,ventiontech.com
559077,vapesuae.store
559126,visionspindaily.com
559136,vitalgrowthlabs.id
559193,visitessex.com
559234,varikoz.ru
559404,verybin.com
559405,vitruta.com
559406,voenso.com
559550,vocationindia.com
559564,valheimians.com
559565,vnptemail.vn
559575,visitpetra.jo
559635,venenengel.de
559690,vdivjak.net
559742,venex-j.co.jp
559753,vkvideo-cdn.online
559754,v7memory.com
559835,vapershopbd.com
559850,vpshosted.com
559872,vibranthub.us
559875,viraindo.net
559963,vche.net
559985,visitmaribor.si
559994,voorthuizen.eu
560062,videoscaserosmaduras.com
560083,vates.tech
560176,visitelche.com
560225,vasiledale.ro
560285,volleynet.at
560297,vertexjackpotplatform.com
560391,visionarenahouse.com
560416,victorbian0zf.com
560474,voacambodia.com
560523,viewsion.net
560551,veracyte.com
560621,viegavigra.com
560643,vip-file.com
560703,velixo.com
560706,virtuavixen.com
560793,vyvod-iz-zapoya-na-domu-nizhnij-novgorod-7.ru
560847,vnp.su
560902,vusr.net
560938,vegemash.com
560975,veronicabeard.ca
561047,visionreelsstudio.com
561109,vitaminkhoe.com
561151,visionclubdaily.com
561209,viibjvtx.com
561235,vccgenerator.org
561238,vulnerableyouthjobs.ca
561336,visitnorfolk.co.uk
561448,villapetsitter.it
561473,verbidiodns.com
561515,vitastrong.it
561534,venuecymru.co.uk
561546,verticalevent.in
561549,vyvod-iz-zapoya-na-domu-ekaterinburg-10.ru
561574,valor-casino.site
561610,virtonomica.ru
561635,vagames.co.kr
561735,vport.net
561768,visionluckypoint.com
561773,videoseks.cyou
561780,veza.com
561934,vemp.ru
561977,vetratingz.com
561984,voogd.com
562032,vapenews.ru
562046,valetliving.com
562052,visualwatermark.com
562099,visiongamingspace.com
562141,vpngame.net
562142,vtk.be
562245,vibrantinsight.us
562278,vellumbooks.com
562290,valoreincomune.it
562341,visaprepaid.com.au
562353,visionpokerhub.com
562453,visitbrescia.it
562459,vmeste.eu
562491,viragjuditgaleria.hu
562552,veryscamlikely.space
562599,velvetpostworks.nl
562686,video-laba.cc
562740,vimo.vn
562747,vilogia.fr
562748,vensoft.de
562780,voa89.com
562868,visionrcl.org.uk
562878,visioncardszone.com
562915,volico.com
562927,veersant.com
562938,viewstl.com
562944,vzgzzkue.com
562996,visegradgroup.eu
563020,vulert.com
563051,vexelgame.com
563063,verymap.net
563212,vidadesindico.com.br
563213,vidhub3.top
563214,voiportal.net
563254,vivagoal.com
563299,viataverdeviu.ro
563432,vitaminlife.com
563445,vi-clone.com
563457,volkswagen.ru
563505,voppi.eu
563530,vertexslotsplatform.com
563669,vpsup.net
563684,versant.zone
563741,visit.bg
563742,vertexvipworld.com
563797,visitzwolle.com
563798,vaguevive.fr
563866,vipgamblerclub.com
563891,votexrp.com
563948,vond.co.za
563951,vidmate-movie.com
563990,vitalize.care
564033,viciados.net
564137,vvegas.cc
564161,voidtr.com
564252,vseremontytut.ru
564258,veeroute.cloud
564289,versiculos.top
564317,vistagrid.nl
564479,veresk.by
564483,versele-laga.com
564492,votregateau.fr
564562,vtechda.com
564592,vietjack.me
564631,vitalitygroup.com
564814,vividescorts.com
564866,vps.bg
564872,varicad.com
564887,vulkan-vegas-casino.de
564923,vkplayerpro.ru
564941,valsalia.com
564946,vebeet.com
565016,vertexslotsgroup.com
565023,veganfitness.net
565083,vihi.org
565092,viata.fr
565179,videos.com
565244,v32d4n7ly.xyz
565253,voyager.hr
565254,vw-mms.de
565271,voicebooking.com
565309,visionspinhub.com
565336,visitporto.travel
565428,vvggjlucg.cc
565461,v160.vegas
565491,vitaltracklabs.id
565492,vyvod-iz-zapoya-v-rostove-3.ru
565497,visionunit.net
565592,vasara-h.co.jp
565608,vantagemdm.com
565650,voipitup.com.au
565711,viva.tv
565758,varecool.com
565874,valentinhotels.com
565908,vibrantscreen.co.uk
565946,vsmpo-avisma.ru
565955,visitpiercecounty.com
565962,valmontimode.com
565974,vornet.cz
565998,vencore.com
566003,vonroc.nl
566023,variant-a.ru
566068,vcreporter.com
566128,veninpuissant.fr
566238,viajaralmundo.com
566248,vr-pay-ecommerce.de
566287,vipemlak.az
566310,visitfuerteventura.com
566389,verdestrumentimusicali.com
566401,vwdiesel.net
566434,vitalia-reformhaus.de
566449,vexi.cc
566535,veris.com
566546,vscl.ru
566583,voluptuousvintage.com
566619,voicenote.jp
566622,virtus.pro
566630,vellinco.com
566770,visa.com.ph
566791,visitathensga.com
566824,vngri6zapn6n4zx.xyz
566902,vo2maxclub.co.uk
566919,vesti-lipetsk.ru
566921,visionguinee.info
566961,voyo.ro
566964,volga-soft.ru
566974,virtualcreations.com.au
567012,vwidtalk.com
567051,vavada-vxs.ru
567052,vanswinderenhuys.nl
567076,vip-sitenn.ru
567200,voltxenergy.com.au
567321,vitapur.ba
567463,vacances-scolaires-education.fr
567464,vadimklimenko.com
567465,vizzit.fr
567474,vietnam303.to
567616,vlexvenezuela.com
567646,veolia.us
567657,visitgreenwich.org.uk
567729,vitahabitat.fr
567750,volkswagenbakersfield.com
567765,vistaventures.us
567807,vedourissound.com
567854,volga-tv.ru
567865,visa.com.ge
567874,vavada5g0hde.com
567875,voazimbabwe.com
567887,vsrap.shop
567918,vid-cdn.xyz
567922,vertexvip174.com
567957,versemedical.com
568007,visitsandiego.com
568038,visionatendimento.com.br
568082,visionclubcentral.com
568093,villes-et-villages-fleuris.com
568100,vitalzenlabs.id
568146,vertexslotscentral.com
568185,videoporncock.com
568186,vinclarity.com
568193,v2networks.cl
568276,vocalize.fm
568330,vintagewardrobe.ro
568449,viainvest.com
568520,violin-project.org
568535,veedubtransporters.co.uk
568667,v-tuning.pl
568681,visiongaminghub.com
568701,veriatravel.com
568754,valivaldns.com
568854,vyntagetv.com
568865,vihdinuutiset.fi
568911,v727.ru
568921,visi.net
568932,vertabelo.com
568978,vodkacaz.ru
568997,vanillapractice.com
569063,vidalista.pics
569103,vocalremover.com
569105,vodka-zzz.ru
569154,venuedaily.co.uk
569186,vibragame.biz
569200,vikingrivercruises.co.uk
569263,vernonmatters.ca
569271,vodka-vulkan.ru
569315,vrbankmecklenburg.de
569324,vicom.mx
569330,volleyball.ca
569337,vimoedit.com
569338,visionkorea.com
569399,voxnest.com
569444,vidaselect.com
569471,villagersandheroes.com
569473,visitjyvaskyla.fi
569554,visionetribuna.it
569611,voipi.com.ar
569630,vgsd.de
569647,viajandox.com
569650,valuelink.co.uk
569684,villa-ephrussi.com
569688,voteintheus.com
569692,voxelcare.com
569751,vvbuilder.online
569768,velocityreviews.com
569807,visitflevoland.nl
569808,vorschauxxl.de
569825,vosdemarches.fr
569844,verdelafan.ro
569856,vjti.ac.in
569892,viwoods.com
570009,vikings.ph
570018,vocuscloud.com.au
570053,victorpest.com
570081,vroomiz.fr
570139,vidsyncfo.com
570162,vetnpetdirect.com.au
570169,virtual-na.org
570246,vmd-drogerie.cz
570254,villadeste.com
570322,vb24.md
570365,vnkings.com
570373,valor-casino-india.com
570386,visiongaming951.com
570398,visitpuertovallarta.com
570419,visibledns.net
570433,visitfresnocounty.org
570458,vyvod-iz-zapoya-v-rostove-2.ru
570537,verifiedcredentials.com
570553,venti.com.ar
570579,vestigeview.app
570640,vamedia.info
570671,visa.lv
570697,vagueinvincible.fr
570716,viard.shop
570842,vertexjackpotpro.com
570858,vgm.com
570871,vaginaaz.com
570873,vibrantmedia.com
570897,vyvod-iz-zapoya-v-krasnodare19.ru
570938,visualart.se
570988,vdaoxi.com
571106,v2.fi
571137,vertexslotsplus.com
571142,voordeelvanger.nl
571143,vertimart.nl
571212,visitpembrokeshire.com
571529,vegitoons.black
571530,velleahome.ro
571531,vicenza.com.br
571532,vitaminasbrasil.com
571533,vukki.net
571603,volkswagen-utilitaires.fr
571674,vuonggiavinhdieu.net
571686,vega.co.in
571730,vistasolutions.us
571738,v9ying.cn
571745,vitaledgenow.id
571790,visionblackjackplatform.com
571796,vaenl1.com
571798,vizovex.com
571836,vyvod-iz-zapoya-murmansk00.ru
571854,valbergsafe.ru
571967,von.host
572119,vbhub.net
572120,virock.org
572121,vortex-services.com
572181,voyah.ru
572235,veriato.com
572240,vacansoleil.com
572275,venuebookingz.com
572305,vaivaton.com
572313,vstroycity.ru
572317,vectorview.nl
572323,varnalan.com
572346,visitbelgium.com
572353,valorant-fa.com
572412,valdemoro.es
572456,vyaparbharat.in
572477,voltfang.de
572488,vistacosmos.com
572504,versedskin.com
572519,valkverrast.nl
572554,vtb.no
572570,vipershow.co.uk
572593,vrarwiki.com
572600,vicagroup.com.cn
572646,vibemod.pro
572743,volume.at
572777,vendagroup.ru
572785,vulkanvegastop.com
572806,visaeverywhereshop.com
572832,vodka-wib.ru
572863,vmstart.de
572962,voltage-games.com
572996,vyvod-iz-zapoya-na-domu-sankt-peterburg-2.ru
573038,visionslotspro.com
573193,victoryliner.com
573202,vmh.org
573210,varingen.no
573243,vpnsakti.com
573249,voran.by
573262,vitampson.net
573297,visitpanama.com
573303,vzwshop.com
573340,vmama.ru
573348,vktech-static.ru
573367,vremennaya-registratsia.ru
573384,valuta.nl
573418,vibrantm.com
573429,visionspinbase.com
573441,vce.de
573520,volleyball-bundesliga.de
573545,vivere.srl
573558,vertexgamble881.com
573611,vapourcore.com
573689,viksoe.dk
573762,visiongamingplus.com
573787,vrachtwagenheffing.nl
573829,voiceland.gr
573924,vilac.co.kr
573936,vwr.casino
573962,vesi.fi
573978,vsiba.cn
573989,vacationgrabs.com
573990,videofiednuage.com
574013,v2webhosting.com
574090,veg.by
574112,vvkw.com
574151,viatel.com
574198,videochums.com
574255,voice-models.com
574257,vellon.com.br
574291,viirtue.com
574345,vansilkhome.com
574354,vls-online.com
574378,vivoxvideos.com
574414,visiongambleplus.com
574453,vidadivina.com
574455,validnumber.com
574476,vupune.ac.in
574557,vegasbets.co.za
574628,visionslotsplatform.com
574641,vmmedical.gr
574729,vortextide.xyz
574735,vertexgamingonline.com
574766,virtuelles-rathaus.de
574815,vrticwonderland.rs
574848,vyvod-iz-zapoya-v-staczionare-sankt-peterburg-16.ru
574851,vetcovedomains.com
574879,vesvalo.net
574974,videotouch88.info
574999,vitauthority.com
575013,velikorodnov.com
575084,vodnikinet.ru
575092,vr-logistic.ru
575178,visualwebtechnologies.com
575187,vinawebsite.vn
575202,virtuance.com
575212,vpn-kz.ru
575251,visualartuk.com
575349,venetoinside.com
575375,viktailor.com
575386,veraz.com.ar
575410,viestintavirasto.fi
575442,vocas.nl
575485,vientianetimes.org.la
575505,vivathematadors.com
575522,velomarket.ee
575527,vetshopaustralia.com.au
575536,visionpalace380.com
575541,vodka999.ru
575548,vsaa.gov.lv
575620,veryshortvideos.com
575748,visualeofficinaottica.com
575792,vita-zahnfabrik.com
575798,veteranownedbusinessdirectory.com
575812,vsrns.com
575818,viivilla.no
575857,valor-in.com
575875,vertexnet.de
575892,vinelandcity.org
575894,vapewolinak.com
575926,vircom.com
575984,vivastage.co.uk
576031,vietreader.com
576075,vagabondjourney.com
576091,villaagarna.se
576094,viestorage.com
576099,valuesbasedbrands.com
576160,velux.be
576165,vividtrendtilburg.nl
576183,vizus.cz
576197,vouchfor.com
576200,vistaprint.io
576231,vehiclesmart.com
576236,vakuumiergeraettest.de
576253,vibbek.com
576268,versantprivacy.com
576298,vodka-1xbest.ru
576328,vavada-arfl.top
576451,vivredansleslandes.com
576460,visitwroclaw.eu
576468,visamart.ru
576480,virtual-solutions.ca
576512,vistainsight.us
576647,volbeat.dk
576662,vertexpokerstation.com
576718,vivolabs.es
576755,vds.nz
576766,vergenet.net
576774,valvolex.com
576777,villavillam.com.tr
576920,veridica.ro
576946,vectorsart.com
576992,verlagoesterreich.at
577029,ve.com
577138,vedia.ch
577140,vbs.cm
577172,vodka-bet-058.top
577227,voiddestroyer.com
577350,videoscaserosfollando.com
577377,vectorizer.com
577439,veryableops.com
577473,vsol.org
577483,venterraliving.com
577542,virtualbookcase.com
577573,veganism.social
577696,visainc.sg
577701,voyah-rublevskiy.ru
577745,volkszone.com
577815,vavada-cs2.ru
577852,vmanageservers.com
577863,visageagar.com
577906,vatnajokulsthjodgardur.is
577912,visa.sk
577936,valledaostaglocal.it
577955,valuesbig.com
577996,vermilioncountyfirst.com
578002,vid3y.com
578096,videx.ua
578137,vic.cat
578138,valetmag.com
578194,vorteilshop.com
578197,versusupdate.com
578227,voyo.sk
578265,veeteelt.nl
578277,valdarno24.it
578296,visanta.com
578308,voi.network
578372,vpsfa.ca
578505,valorant-th.com
578547,veloplus.ee
578585,viamarket-volume.com
578619,vgadz.com
578679,vidiotsfoundation.org
578686,visitlagunabeach.com
578736,vertexreelsgroup.com
578801,vitashop.ca
578823,visitsalou.eu
578885,verki.com.br
578945,virtualsmart3.live
578950,vertexscope.de
578960,vinquinn.com
579001,vipbet100.com
579049,vkzam.ru
579054,vyking.io
579099,vibetowns.com
579118,valor-aviator.in
579119,villagedatabase.com
579155,vablet.com
579186,vexel-squad.space
579188,vpnvpn.best
579209,vertexspace.nl
579318,vhosting.com
579344,veroot.com
579347,verf-plaza.nl
579392,vwofdoylestown.com
579465,volkswagen.hu
579503,vk-online.xyz
579573,viewpoints.com
579582,visionjackpotstation.com
579622,vin555.xyz
579717,vertexroulettespace.com
579720,vistahub.us
579831,verticalshortdrama.com
579876,vojsko.net
579888,viverefano.it
579917,veterinaryworld.org
580009,visiontight.com
580023,victorvilleca.gov
580108,visitnorway.es
580124,vivre.si
580156,verbraucherschutz.de
580214,vetconnect.com
580250,victorycasinocruises.com
580276,vtelce.cz
580383,vidaxl.is
580433,villeroy-boch.co.uk
580443,vibeoffice.com
580522,venuepilot.com
580552,vetonit.ru
580578,vtcrm.ru
580593,vodka527.com
580596,vestionline.com.ua
580605,vestitambov.ru
580643,vosteed.com
580658,vanitytron.cc
580681,vertexgamingmarket.com
580704,vxhentai.com
580719,valorant-bn.com
580736,vorkuta.ru
580758,vipauto.com
580786,volynua.com
580834,vedettelegendaire.fr
580858,vitakon.ru
580864,vencikusa.xyz
580878,verhdlink.cam
580921,vmmop.com
580948,visa.com.lk
580967,versorgungskammer.de
580979,vgslb.com
581113,vistapath.nl
581155,vrsouliere.com
581185,votigo.com
581210,vid8xxxporn.pro
581254,vanish.wtf
581303,vcoazzurratv.it
581313,vapourdepot.com
581322,victie.com
581504,vergelijkeven.nl
581564,vregisterip.store
581594,vivre-shop.jp
581636,vieclam.net
581689,vremeiradar.bg
581709,vouliwatch.gr
581837,vogazeta.ru
581851,vivadengi.ru
581866,vaalit.fi
581938,vivatbets.fi
581941,visitrio.com.br
581991,varaschin.it
582065,voidscope.co.uk
582120,vistarooms.com
582121,vivaturkiye.eu
582137,volksblatt.at
582190,vairkko.com
582262,vkxiazai.com
582287,vse-dlya-sada.ru
582339,veloedge.online
582346,videosxxxguatemala.com
582441,vitrium.com
582601,virtualaces.net
582621,vegastarscasino-australia.com
582633,visionpokernetwork.com
582648,voleurepique.fr
582699,vipreseller20ssd.com
582732,viasatfibra.com.br
582797,valpec.ao
582802,vivusblumen.ch
582869,vergesense.com
582963,valleycity.us
582991,vyvod-iz-zapoya-v-staczionare-nizhnij-novgorod-10.ru
583007,venueweekly.co.uk
583125,vectorlab.nl
583135,viziondev.com
583152,voxmovies123.com
583157,vertexarenastation.com
583194,viskanassets.com
583283,vietsol.net
583294,vlccwellness.com
583298,vhai.com
583302,visitnorthnorfolk.com
583321,vpndns.info
583327,vermeerused.com
583373,vidiusapp.com
583422,velocityhost.tn
583550,voiceblog.jp
583552,vitarani.com
583604,villadeicedri.it
583630,vesmir.cz
583668,vilpower.in
583674,voronezh1.ru
583677,vetnac.com
583691,vodka-1x.ru
584137,vale360news.com.br
584138,valentina-krasnikova.ru
584139,vegaoo.it
584140,vendergas.com.br
584141,vialaser.com.br
584142,victoriacoleccion.com
584143,videoxzone.com
584144,voceopina.com.br
584145,vs.com.pk
584226,visasavingsedge.com
584241,viewri.com
584271,vfstreamingfilm.com
584332,vietsode.net
584350,vecras.com
584364,vancedyoutube.org
584405,videochatroom.ru
584412,vonjacob.de
584441,ventadecaballos.es
584459,vailgov.com
584485,viagogo.gr
584512,vertex.com
584570,vavada1.su
584574,v10.pl
584617,vigilanteclair.fr
584742,vats-on.ru
584807,ville-sevran.fr
584829,vsbet191.com
584859,vegas7games.com
584866,vrtp.ru
584880,vanderlinden.nl
584890,vext.works
584926,voldriux.cfd
584937,verishop.com
584942,vlpo.cl
585009,vcol.co.uk
585010,virginmoneyukplc.com
585049,vexusdns.com
585070,vfliga.info
585164,visionideasdigital.mx
585199,visitredwoods.com
585269,vtv.com.ve
585317,vegasreelshub.nl
585338,view3dearthmaps.com
585383,visionroulettegroup.com
585409,visionslotstation.com
585420,viersen.de
585444,vebonix.net
585452,vacationrentals.com
585600,visitorsegypttour.com
585643,visiongamblestudio.com
585759,visitbradford.com
585831,vigorbattle.com
585853,vajdak.cz
585891,vpn-tgm.lol
585944,visionaryslots.com
585950,vedaeyer.com
585971,vagabe.com
585983,vchod.cc
586003,visionspin943.com
586054,vivathemes.com
586148,voeu-du-coeur.com
586155,vapexyz.com
586247,vynckier.biz
586281,vistasport.ru
586282,vyezdnoj-shinomontazh-77.ru
586302,validationinstitute.com
586356,vhostingcloud.com
586492,vrk.de
586495,vitaledgelabs.id
586531,vipjackpotcity.com
586546,vithey.com.kh
586558,victory.ph
586560,vjol.info.vn
586609,visionguide.nl
586637,vinyasastudio.in
586819,vanhalenstore.com
586842,vitalcitynyc.org
586847,vente-unique.ie
586930,vertexslotshouse.com
586954,viyar.pro
586975,vertexvipstation.com
586987,viyou.ai
587013,vcbacked.co
587026,vqwan.com
587051,vecglobalinsight.com
587096,voetbalnieuws.nl
587137,vicohomesearch.co.uk
587145,vfo.cc
587257,visang.com
587335,vid4me.com
587408,vistamark.nl
587503,vortexscann.com
587524,vgcserv.com.cn
587571,vrcdb.com
587597,vpno4ka.xyz
587625,veriangroup.com
587781,velvetsourceleiden.nl
587830,vertexpokercentral.com
587859,vodka67.com
587863,vistaglo.com
587914,vipsvara.com
588066,vatcalc.com
588156,vistaorbit.us
588183,vnn-prod.zone
588191,vertpaleo.org
588247,vindeentherapeut.be
588271,vsoul.ai
588348,videosbizarre.com
588362,villasforholidays.com
588368,vessiere-cristaux.fr
588427,veljkokovacevic.com
588506,vce4dumps.com
588612,varkalasathyan.com
588621,vienthonganphuong.com
588721,vibeologia.co.uk
588761,vkpage.com
588774,vezet.ru
588800,valdoise-tourisme.com
588829,vlccinstitute.com
588887,vacationstmaarten.com
588921,vertexblackjackstudio.com
588929,vergemagazine.com
588945,vankrupt.net
588993,visitleeuwarden.com
588995,vulcan.com
589049,vikingdirekt.at
589083,vertexlink.de
589098,vertexbettingonline.com
589109,voyah-moscow.ru
589133,vcf.gov
589146,voxel51.com
589151,visiongamingbase.com
589389,vpsserver.nl
589392,voy-penniespg.com
589422,va-api.net
589441,versyserver1.com
589458,viajando.travel
589497,varicom.de
589514,vrcoolerru.com
589576,vpa-industrie.com
589678,villacollege.edu.mv
589704,vtwinsportclub.com
589730,vshnmanaged.net
589858,venn.ca
589918,vertexslotsstudio.com
589954,vastervik.se
589966,visionroyal552.com
590007,vilgain.co.uk
590010,volcom.com.ar
590013,visbek-net.de
590024,vit.edu
590117,videozcdn.uk
590122,vietbestforum.com
590141,visionsage.com
590161,vidobetguncel.com
590198,vespatime.it
590201,vanish.com.br
590268,videozvonok.by
590304,vlada.si
590330,vidracaria.emp.br
590332,vt-pathway.net
590339,villanueva.edu
590345,violetlms.com
590392,vipn.io
590393,voissa.fr
590405,vrfc.shop
590486,vibefilms.top
590587,vigneron-independant.com
590645,vavada1102.com
590670,vipjianshe.com
590741,voyah-panavto.ru
590782,voicesofconservation.org
590801,vubby.com
590865,velvetarenatilburg.nl
590866,venturaline.com
590869,vumc.io
590901,virtuoart.com
590933,video-sex.org
591044,vintageporn-tubes.com
591051,vistanode.us
591208,vloerglijders.nl
591210,vejreti.com
591271,vpnforums.com
591330,visegradinsight.eu
591453,visionslots68.com
591474,vertu.cn
591501,voipcheap.com
591553,verktygsboden.se
591578,viratazona.it
591597,varmdo.se
591654,vertexreelsplus.com
591708,vuink.com
591712,vidsrc.nl
591735,vaultcoreworks.co.in
591776,virtualthunderbirds.com
591803,veacom.cz
591872,vim.org.cn
591890,virtuadopt.com
591931,visitvancouverwa.com
591940,verkehr.nrw
591985,vodka111.ru
592021,visanext.com
592074,volkswagen-we.com
592103,vgw.co
592298,vertexroulette158.com
592323,v2ph.net
592324,vsm-hosting.nl
592345,vospro.com
592494,virail.it
592533,vtconline.eu
592605,vodium.us
592614,vertexslot180.com
592631,vsetkoprestrechu.sk
592665,vhp.org
592741,viidure.com
592753,viralgovideo.com
592777,vindecoderfast.com
592840,vtbam.ru
592842,vapeking.co.za
592871,vesti-yaroslavl.ru
592914,verifsites.com
592963,vapedubailess.com
593028,vergemagazine.co.uk
593030,visionslotsgroup.com
593047,velida.net
593143,visionblackjack795.com
593214,vologda-portal.ru
593262,vkurier.by
593267,voe.net.br
593369,victorywrap.co.uk
593379,valleyrosestudio.com
593438,vancleefarpels.cn
593465,vildastamps.com
593469,vod.farm
593596,vzfvcjxs.com
593602,viam.dev
593611,vpnet.kz
593620,veranahealth.com
593663,vignan.ac.in
593715,velenjcan.si
593818,val9ja.com
593837,vip-parfumer.ru
593839,vitta.ru
593939,vd.nl
594005,vertexroulettehouse.com
594147,veganoutreach.org
594208,vacances-seasonova.com
594231,visitnaples.eu
594246,visa.co.id
594341,verbacompete.com
594362,veapon.ru
594399,video2b.com
594438,virtualhospice.ca
594473,visonerv.com
594494,vikingsteelstructures.com
594538,vr-networld.de
594568,vienthongso.com
594570,victoriana.com
594613,viewmylisting.com
594676,valor.jp
594700,visitbusiness.site
594707,veninsanglant.fr
594714,vegexmas.fi
594732,voyages-auchan.com
594757,vertexroyal651.com
594801,venuscosmetics.co.uk
594831,vibrantorbit.us
594844,vivalivetv.com
594886,verifix.com
594904,visionjackpotbase.com
594918,vertexpokeronline.com
594957,vertis.nl
595009,vlist.in
595018,visitskane.com
595024,vrcooler.com
595086,vsadahrej.cz
595094,verdantleisure.co.uk
595105,viijujyl.com
595127,vseapsny.ru
595172,voicespin.com
595192,visitmesa.com
595196,vod11.com
595411,vozduh.info
595422,vkarmani.com
595430,venturyfx.com
595446,vdt.academy
595481,valeforever.com
595558,virginiamason.org
595579,vs-tuebingen.de
595671,versaantafel.nl
595706,voat.co
595741,valledellili.org
595795,vancassotableware.com
595816,valleyscales.ca
595822,vesti-kaliningrad.ru
595864,vidyalakshmi.co.in
595878,vertexpalacedaily.com
595960,velocityammosales.com
596023,vlasta-consulting.ru
596030,videomaker.me
596099,vyvod-iz-zapoya-murmansk0.ru
596147,valorcasino.cl
596155,vseikony.ru
596209,vacuumspares.com.au
596263,vestatech.cloud
596287,visionpalacedaily.com
596348,vikrantholidays.com
596369,vegasnews.com
596388,vectorbase.nl
596470,valleyirrigation.com
596471,vicksburgnews.com
596500,volim-rajcice.com
596525,viella.it
596575,vyvod-iz-zapoya-v-staczionare-sankt-peterburg-19.ru
596610,vbhostingserver.com
596622,vivus.kz
596635,vampfashion.com
596660,vescartes.com
596670,visithendersonvillenc.org
596712,vybs.co
596739,vapiano.de
596833,vanglaini.org
596893,visionspinzone.com
596896,virtualpbx.com
596907,vortum-mullem.info
596915,visionarena836.com
596922,velvetpagetoday.nl
600059,v-mobility.fr
600060,v00.ai
600061,v2rayng.org
600062,valex.com.au
600063,valhallatactical.com.au
600064,vana.do
600065,vantage-markets-apac.com
600066,vapeboss.co.id
600067,vapesocietysupplies.com
600068,varimedobroty.cz
600069,vashapasika.com.ua
600070,vaultmarkets.trade
600071,vaxee.co
600072,vctrf.com
600073,vd6s.com
600074,vdm-reya.com
600075,vecka.nu
600076,vedettequebec.com
600077,verumsales.com.br
600078,viacaogarcia.com.br
600079,viajaporcolombia.com
600080,viale.pe
600081,viavaishoes.com
600082,vibe.ir
600083,vidal-vidal.com
600084,viddownloader.io
600085,videodesexo.blog
600086,vigoshop.bg
600087,viisolutions.com.au
600088,villagemedia.ca
600089,vinatis.it
600090,vinavu.com
600091,vinodsteel.com
600092,vinsoncloud.com
600093,vintagesofa.co.uk
600094,violettacosmeticos.com
600095,viper.cl
600096,virginmobile.mx
600097,virgo-boutique.com
600098,visicase.net
600099,vitallab.co
600100,vivatrue.com.br
600101,viver.co.kr
600102,vivienda.gob.pe
600103,vizzela.com.br
600104,vmcchineseparts.com
600105,vnchich.vip
600106,vody.gg
600107,voirserie.org
600108,voloscontato.it
600109,volx.jp
600110,vondutch.fr
600111,vonixx.com.br
600112,voti.com.br
600113,votunews.com.br
600114,vpk-podshipnik.com.ua
600115,vproptrader.com
600116,vremearomania.com
600117,vsb-store.com.ua
600118,vtkosnova.org
600119,vulcanita.com.ar
600120,vworkapp.com
600319,venturewell.org
600403,valetaxintl.com
600473,viaferrata-fr.net
600508,velvetlabguide.nl
600592,vippalace.nl
600635,vhs-stade.de
600703,vedicology.com
600769,vegasinooficial-es.com
600787,vodafonepay.com.tr
600818,vertexcasino185.com
600862,verona.pl
600875,vu.edu.bd
600921,vipbettinglounge.com
600968,vavada1098.com
601013,vpone.ru
601036,vimar.ca
601068,visit1000islands.com
601105,vidmoly.to
601108,voya.net
601138,ventasapolofilms.com
601312,victoriassecretandco.com
601370,vengit.com
601391,vsixhub.com
601400,vkusergate.ru
601435,visitaloscabos.travel
601495,vvdrhe.win
601497,vetos.io
601510,vertexclub686.com
601539,vestfamilytree.com
601558,vdmsti.ru
601571,viscorner.com
601594,viata-medicala.ro
601598,vns666.net
601607,vosviewer.com
601622,vat-search.eu
601726,vlaamsbelang.org
601740,viser.net
601758,verisma.com
601785,vipplus.nl
601812,veritextllc.com
601834,veryfinebooks.com
601844,velti-mobile.de
601891,vinyleers.com
602006,virtonomics.com
602010,vbet.nl
602018,vtt-maroc.com
602036,vinograd7.ru
602064,vozipcenter.com
602122,vodkaq.ru
602131,vanityteen.com
602179,viennapride.at
602189,vipvilhena.com.br
602251,volvopartswebstore.com
602275,vulva4u.com
602361,vangeldernederland.nl
602379,vposter.ru
602401,vavada939.com
602424,vroma.org
602455,vet-opinion.com
602475,vdsdns.host
602545,vibrantglobal.us
602621,versusgame.com
602634,viaweb.es
602641,vc10.net
602651,veteranjobs.net
602694,vru.ac.ir
602699,vaaaavaaadaq21.com
602744,victorianlondon.org
602773,viedoc.net
602785,verderliquids.com
602817,viture.dev
602839,vacationrentalscancun.com
602893,videos2porn.com
602947,vengo.tv
603020,visionjackpot874.com
603117,vodafone.com.fj
603121,vnokking.com
603177,vytyazhnye-zaklepki.ru
603234,viafora.nl
603280,vsmabrasives.com
603318,visitmississauga.ca
603399,viforpharma.com
603422,vasco.com
603544,verdanadesk.com
603561,viewsync.net
603592,verlagdrkovac.de
603640,viewin360.co
603686,vbcdn.net
603688,voyeur-pornvideos.com
603691,vodka195.com
603705,vegas4locals.com
603755,vessolink.ru
603783,visionvip988.com
603813,visioncardsnetwork.com
603823,vkb-sim.pro
603871,vuoriclothing.hk
603873,veritasint.com
603874,vedamo.com
603918,vdenky.com
603956,veriteserieux.fr
603966,vanvoorst.info
603981,vividscreen.info
603993,vantagemarketsapp.com
604061,vmknobs.com
604065,vgbootcamp.com
604069,voyah-bovid-chelyabinsk.ru
604077,vantivprelive.com
604086,vkpay.fun
604099,virt-chat.com
604144,vuotnhanh.com
604175,viainox.com
604203,villeesch.lu
604239,vertexarenagroup.com
604240,vestcasa.com.br
604248,vivahub.it
604307,v-net.pl
604347,videosxxxsexo.com
604348,vintageminor.co.uk
604361,vishop.by
604366,vertexjackpot626.com
604377,victoria-bikes.com
604408,vectortemplates.com
604418,vvvameland.nl
604433,vaishnodevihelicopterbooking.in
604478,vt100.net
604495,viettelcloud.vn
604537,vodoletnn.ru
604564,verax.net
604570,videoconnectivity.com
604593,voyagingvts.com
604648,victoryfund.org
604664,vindobona.org
604819,vincent-realty.ru
604856,vivatravelguides.com
604883,voyah-rolf.ru
604918,voice-server.ru
604987,viterbit.com
605009,vavada1208.com
605012,vinsgrandscrus.fr
605059,voronvpn.com
605068,vertexclub872.com
605209,vdo-fleet.com
605281,vimedbarn.se
605291,velvetfamilyarnhem.nl
605349,vbus.net
605383,viselki.net
605449,venturekick.ch
605458,valudata.fi
605483,vilnius21.lt
605503,vietnambooking.com
605505,verdantvalleymarketplace.com
605528,vocofm.com
605529,victostore.com
605571,visionlinenow.com
605608,virtualosmuseum.org
605632,vahuk.com
605674,vaultownership.com
605743,visitsunshinecoast.com
605804,vodaplus.ru
605817,vnsafe.ru
605891,vny4ke.top
606043,velkashopping.com
606055,vr54.ru
606090,victoireglacier.fr
606186,visionblackjackspace.com
606206,vesta.com
606231,vertexcardsworld.com
606292,vestis.com.br
606338,vagazette.com
606370,vellki.live
606400,visionspin780.com
606437,vakaao.com
606455,valencianoticias.com
606456,verifyle.com
606489,visitfingerlakes.com
606566,vectorlabs.com
606601,visaonoticias.com
606717,volksbuehne.berlin
606725,vgf.ru
606753,vansubaru.com
606814,visionspark.ca
606881,vaughn.edu
606884,vonmo.com
607058,vapesale24.com
607092,vistadigital.us
607150,venueeventartist.com
607161,visuresolutions.com
607172,vesus.org
607178,vertexroulette742.com
607205,vavada936.com
607206,valutakurser.dk
607239,voltheads.de
607289,virdsam7.net
607332,vespa.co.id
607361,vavada429.com
607548,v217.com
607616,vavada933.com
607645,vgdanas.hr
607665,vertexluckygroup.com
607670,volkswagenoflebanon.com
607684,vaduzz.de
607785,videochat.sx
607808,vans.com.au
607866,voipia.net
607879,vanlange-mode.nl
607922,vacations.com.au
607960,videogameseurope.eu
607994,virtualjerusalem.com
608034,visitglasgow.com
608042,v-degunino.ru
608090,versusdaily.co.uk
608167,vodavdom.ua
608197,veriskprod.com
608217,vogue.pt
608273,voyagedenver.com
608282,videologygroup.com
608286,viavoordeel.nl
608301,voxturappraisal.com
608350,vintagerevivals.com
608381,vloxozync.website
608492,vpmthane.org
608506,valatic.net
608540,vistabank.ro
608608,vertexclubstation.com
608645,videocdnmetrika60.com
608677,vmscloud.co
608735,vapetown.co.uk
608775,videtteonline.com
608783,vavada930.com
608799,vetdata.net
608826,victorybeer.com
608857,vistaconnect.us
608878,vriskoapostasi.gr
608893,vps2026.de
608894,vino.rs
608904,vrovro.com
608925,viking.com.tw
608938,vasyan.space
609002,vvsupremo.com
609004,vuz.com
609023,vienasaskaita.lt
609035,vulkan.bet
609087,versacommerce.io
609102,vitalventure.nl
609177,vet.city
609178,vistanetwork.us
609195,vizmaxx.cl
609214,vistaprint.pt
609215,visaelearning.com
609244,virxact.com
609275,vmikeydets.com
609298,vpsnsbee.com
609371,vivesceramica.com
609519,validea.com
609521,vnptpay.vn
609522,vegawin.com
609541,vennycommunity.com
609561,vnwsj8.ru
609573,via-midgard.com
609576,vauhdikascasino-fi.com
609668,valuelink.biz
609669,vodocentar.rs
609713,vanomobil.be
609719,vivelesrondes.com
609737,vedeng.com
609739,vidarbhavanavasi.org
609744,vortex.dev
609750,vimcar.de
609788,vectorpoint.nl
609841,vsedoavto.com.ua
609850,vertexarenanetwork.com
609920,velvet.capital
609964,virgendeguadalupe.org.mx
609969,vetb.in
609991,vetunion.ru
610050,vernova-dns.org
610104,vcbeat.top
610153,vavada-official0334.casino
610168,voidupdate.com
610245,vectornator.io
610250,vincenz.de
610261,vnish-monitoring.ru
610377,vivabetcasino.it
610424,vertexhub.de
610427,vedettefeerique.fr
610429,visa.fi
610469,vitality.io
610479,vdi.ro
610496,videogameapp.app
610527,valkyrie.net
610629,volskcrb.ru
610637,vesimport.ru
610658,virgio.com
610690,vyhladavaniecisla.sk
610748,videoflowapp.com
610764,volvospeed.com
610767,vodacom.cd
610820,vintagetravel.co.uk
610867,valueoptions.com
610876,villalba.cl
610886,vector-best.ru
610892,viladecans.cat
610898,vodka406.com
610906,vertexbetting770.com
610923,venturefizz.com
611009,vbce.ca
611017,vavada1094.com
611047,visionarenaspace.com
611061,vgt.net
611192,vpslab.cloud
611252,vip-mesto.ru
611275,veznwang.com
611331,vulkan-vegas-de24.com
611348,vanderburghsheriff.org
611352,v84eik4u.com
611360,videosdata.ru
611486,vn69win.com
611523,velocityjournal.com
611545,vaultgrid.co.uk
611553,viidiver.com
611558,vipertv.net
611559,varactu.fr
611566,visionpalacegroup.com
611668,ventsmagazine.co.uk
611687,vietcomtech.com
611725,voyagephoenix.com
611812,voodi.ee
611823,veilo-vpn.com
611854,viamandis.de
611872,vori-xodam.store
611904,vetlexicon.com
611914,vdt6td15.com
611950,vertexroulettezone.com
612658,vardhaman.org
612659,vavex.cz
612660,vcvenglish.com
612661,vedadhara.com
612662,venalio.com
612663,verani.me
612664,vetementpro.com
612665,victory4x4.com
612666,vidal.ge
612667,viet69vn.at
612668,vikuy.com
612669,villorama.com
612670,vinfastauto.id
612671,vionicshoes.co.uk
612672,visipri.com
612673,vitamag.bg
612674,vitaminbolt.hu
612675,vivahentai4u.net
612676,vivekavani.com
612677,voidgaming.jp
612678,volkanica.cl
612711,volarisgroup.com
612756,visaplatinum.fr
612782,visionroyal761.com
612806,velcornet.com
612810,vvvzeeland.nl
612973,velvetgirls.top
613019,vrify.com
613036,villevitoriacondominio.com.br
613048,vondos.de
613099,verboutlook.co.uk
613128,vogo.family
613179,vyvod-iz-zapoya-v-krasnodare-1.ru
613183,verifymyfafsa.com
613347,visionviponline.com
613414,vavada1005.com
613504,vrcloud.com
613510,vicaryhicatee.com
613546,vf.vin
613648,visitweerribbenwieden.com
613675,veronikaskitchen.com
613785,visiongamingmarket.com
613817,vonsystems.com
613825,vetroquick.com
613839,vivecampoo.es
613863,viriflow-us-us.com
613879,visitmendocino.com
613910,vilakkukadai.com
613930,vanhoavaphattrien.vn
613962,vip-order.info
614007,vitoriasc.pt
614036,vetsurgeon.org
614055,vipagri.com
614083,vvcmc.in
614106,ventuscap.com
614118,vertexbazaar.com
614143,vodka718.ru
614157,vikingredning.no
614211,vivanett.com.br
614236,vod.pics
614251,vigilantfiable.fr
614252,vacationrentbyowner.com
614253,visionroyalplus.com
614265,vivamark.it
614445,versusgamecenter.pt
614446,vertex-plus.es
614447,victoriassecret.ie
614457,voipreview.org
614516,vlbb.ru
614559,virtualarm.com
614723,vxxjhaug.com
614733,vhio.net
614743,vertexbet126.com
614802,visionroulettenetwork.com
615008,volley.de
615069,verdi.ro
615128,vuelio.com
615150,ville-roubaix.fr
615194,vintage.com
615211,vremeradar.si
615248,vertexblackjack957.com
615265,vtbeducation.ru
615302,vxrlm.com
615312,vwgroup.ru
615347,virtchats.com
615382,vevb.com
615475,vsl-net.net
615485,valkeakoskensanomat.fi
615507,valle-de-calamuchita-hoteles.com
615555,volunteers.ae
615567,vlubvi.com
615620,vsikatalogi.si
615628,vitalrec.com
615644,verlo.com
615654,versal.media
615688,verticalscreen.com
615703,vnetworx.net
615732,vodovod-skopje.com.mk
615749,vaccinationcouncil.org
615787,visionslotplatform.com
615790,vglearningdestination.com
615835,vipmarketing.nl
615844,van-poelgeest.nl
615997,volkswagen.com.tw
616006,vaillant.com.tr
616027,vlib.us
616029,valhallavitality.com
616053,valentinascorner.com
616057,vision.kz
616070,vegahost.net
616146,valthost.com
616149,visionluckynetwork.com
616154,visionjackpotnetwork.com
616322,viewitem.co.uk
616326,v-web.com
616349,virginiazoo.org
616378,voyagesbergeron.com
616420,varietygem.com
616424,violinslover.com
616426,venicegov.com
616535,virosat.ru
616537,voteidaho.gov
616565,veefriends.com
616670,vincicasa.it
616711,vitaminy.su
616715,vertexpalace708.com
616719,visagenet.com
616723,visitnorfolkne.com
616745,venturama-solar.de
616791,vertexgamingplatform.com
616828,verifiedach.com
616837,vegasarenacasino.nl
616878,vigilantusa.com
616903,valdomirolopes.com.br
616937,vertexvipnetwork.com
616957,vkmessenger.com
616986,visionpalace481.com
617009,verbraucherschutzforum.berlin
617032,vitthalrukminimandir.org
617124,videolink2me.com
617149,verpact.nl
617167,vinayaksolution.com
617341,vinography.com
617364,veriban.com.tr
617367,vanrysel.com
617392,vrsa.lt
617423,vbikestore.it
617424,valliant.net
617468,vietnoiket.com
617499,virtueonline.org
617505,vtrahe.io
617552,vmo2.digital
617560,vev.ru
617649,vulkan-vegas-polski.top
617680,vyvod-iz-zapoya-tula00.ru
617702,vedatpazarlama.com
617717,vds-ev.de
617873,ververica.com
617965,vipph.fun
618003,vauxhallcavalier.com
618032,vardhandboken.se
618064,vermontcatholic.org
618067,vinyl-digital.com
618134,vaapputarvike.fi
618158,volcanobet.rs
618179,verunix.com
618246,vvebeheer-denhaag.nl
618264,visionbettingzone.com
618280,vigilfuoco.tv
618295,vikingi-tv.com
618300,visitwindsoressex.com
618316,vanlifetrader.com
618337,virtualsplits.net
618418,visitworld.today
618420,vertexgambledaily.com
618444,vip.eu
618461,vivoportal.com.br
618465,vertexcasinonetwork.com
618503,voxeo.com
618542,vashe.info
618554,vijverbenodigdheden.nl
618578,vredestein.com
618610,visa.co.il
618647,vogele.com.br
618689,visitmoffatbeach.com
618691,viam.ru
618722,vestel.com
618734,vodka345.ru
618811,vrcarena.com
618819,vikingluck.fi
618857,vodka497.ru
618930,vgolos.ua
618990,visiumpro.one
619010,vnet.dn.ua
619034,vengo.sk
619083,vocaall.com
619095,vegasinoofficial-gr.com
619137,vinmedmere.dk
619155,vegashero.no
619169,van.bel.tr
619194,viewstripo.email
619307,vwofmurrieta.com
619325,varnamonastery.bg
619327,vrsnow.co.uk
619587,vox-sprachschule.ch
619684,vrnlapi.live
619788,vcmpbx.com.br
619789,vexmira.xyz
619790,volistarvip.com
619809,vknimbus.xyz
619912,vendavoeps.com
619940,vivahomevegas.com
619962,vladars.net
619981,voyaretirementplans.com
620035,vf.fo
620056,viessmann.pl
620073,videogratiserotici.com
620126,vectornetwork.nl
620159,vseorossie.ru
620232,vanguard.co.uk
620264,voyage-prive.ch
620297,velvet.surf
620317,vdownloader.online
620330,valenciennes.fr
620335,vanmorrison.com
620368,vrm-immo.de
620438,vdsapi.ru
620446,vertexroyallounge.com
620465,voeb-rz.de
620495,veeaplatform.net
620510,vpbx.me
620515,visioncardspoint.com
620601,vibesandscribes.ie
620697,visionspinpro.com
620735,vbkeloids.qpon
620781,vandervalkhotelgroup.com
620792,venturelab.swiss
620818,vvu.edu.gh
620847,va.se
620864,visionreelsspace.com
620890,vmig.fun
620893,vendre-son-velo.com
620900,vf-host.com
620913,vapesale24.store
620930,versii.if.ua
620951,vcdspro.de
620996,veesk.net
621032,voyageursoapandcandle.com
621048,vivaview.it
621119,viofo.nl
621132,vseavtoshkoly.online
621147,vinurl.com
621179,vertexpalacestation.com
621222,vanillainnovations.com
621224,vanrijtweb.net
621276,vixnuvew.uk
621278,vasyan.cloud
621298,v-ogorod-sad.ru
621303,voiceonline.com
621417,veskr.com.ua
621455,vpweb.fr
621465,vegasinojugar.es
621478,vectorflow.nl
621617,vrany.io
621638,velopuls.ua
621649,videoexchanger.com
621655,vnhostingserver.com
621819,vodka778.ru
621928,vidtube.cam
621957,vlkk.lt
621994,vwofduluth.com
622024,virtreg.ru
622034,veloce.it
622058,vidlii.net
622113,vinacoma3.vn
622114,vivagym.es
622207,vrijwilligerswerk.nl
622488,vidaenfengshui.com
622552,veertien.jp
622566,voiceflow.pl
622619,vois.md
622670,vertexpath.de
622694,vantbefinfo.com
622713,vm-boost.ru
622750,vodka412.com
622785,veryhighquality.ru
622819,vactruth.com
622826,vintagepictures.co.uk
622864,vtrahe.cc
622870,vodka7327.ru
622872,vegastogel.com
622906,vicinityclo.de
622956,vmlab.ru
622972,veriotis.gr
623006,vnpt-bhxh.vn
623120,volcano.pl
623123,vizaca.com
623161,vividconsultants.com.np
623188,visitklagenfurt.at
623219,vacuumtubesinc.com
623230,viewhub.kz
623260,vectorlogic.nl
623304,veedmo-static.com
623312,voeikovmgo.ru
623333,velocitymicro.com
623385,vitroglazings.com
623461,vyvod-iz-zapoya-na-domu-ekaterinburg-16.ru
623572,vodolaz-radio.ru
623581,vintagekitchennotes.com
623595,valuetainment.com
623596,vipjalsat.com
623630,vipmarket.top
623650,volkswagen.ch
623682,vinela.ru
623718,viewthevibe.com
623747,vertexslotsonline.com
623769,volker-quaschning.de
623882,veryol.com
623932,vphosting.us
623998,veloscope.be
624009,visioncasino501.com
624106,vestafoodservice.com
624138,videoweb.ai
624212,viajas.com
624233,vavada-online0954.casino
624300,visitblekinge.se
624314,ville-gennevilliers.fr
624320,vintage-motorcycle.com
624427,vippalast.de
624473,vicoach.io
624484,vrbank.de
624494,vuurkorfwinkel.nl
624526,vertexroyal274.com
624533,vreite.gr
624638,vxpeycvc.com
624646,volkswagenpartsamerica.com
624655,visitniagaracanada.com
624656,vipinfoserver.com
624677,vertexcore.de
625347,valextra.jp
625348,vendetunave.co
625349,venicepms.com
625350,verblackclover.com
625351,vermelho0.com
625352,vermelho5.com
625353,vfplus.org.za
625354,vgr-egypt.com
625355,vhcjongensbv.nl
625356,vikasbookdepo.com
625357,vivigo.pl
625358,vm929.com
625359,vnyqpay.com
625360,vroute.io
625361,vsapp.it
625436,vertexslotlounge.com
625484,veea.io
625519,vseokino.ru
625589,vercapas.com.br
625683,villagecodes.in
625748,vertexcardscentral.com
625832,valopers.com
625876,vivo-official.com
626000,vipdrv.net
626118,vishwavani.news
626183,versegrace.com
626210,vertexclubworld.nl
626246,vertexarenacentral.com
626252,vestidv.ru
626292,vodkabet22.ru
626334,vrach42.ru
626412,viktilabs.de
626414,vivalogic.it
626459,vulengate.com
626572,vanimal.com
626584,veoveobebe.com
626705,valomotion.com
626716,vertexgamingdaily.com
626783,vbv.at
626817,vibrantnode.us
626863,vatican.com
626911,visitezliege.be
626995,vistan-brillen.de
627023,ville-vichy.fr
627097,viruseditorial.net
627128,valuecore.co.jp
627132,viasattech.ru
627140,vodomotorika.ru
627161,vlada.hr
627185,viggleai.io
627281,visitlakeiseo.info
627319,visionwagernetwork.com
627326,visa.cl
627415,vibbo.no
627428,villa-venezia.de
627447,vet3.com
627516,vitruvi.cc
627537,ville-guerande.fr
627572,v-4-h-s.com
627609,vip-zal.ru
627620,visa.com.co
627624,vanafhier.nl
627628,v4ns.com
627636,vegasvaultzone.nl
627705,vanishing-ice.org
627748,vincos.it
627780,valldenuria.cat
627831,vellinga.frl
627891,vebuso.com
627911,vpslink.com
627940,volkswagen.ua
627997,vam-host.ru
628054,visitthemalverns.org
628065,vsc.com
628082,villasaze.ir
628112,vwoffairfield.com
628162,vmm.be
628198,valorcasino-ar.com
628221,villiers94.fr
628248,vidiniaibreketai.lt
628252,v-a-c.org
628482,viper.com
628487,valkyrieenterprises.com
628515,vnameu.net
628520,villagebbs.com
628561,vaikom.ru
628598,vrkz.shop
628606,vivafield.it
628619,vtdesignz.com
628664,vestique.com
628669,vertexroyal927.com
628696,vsimosvita.com
628698,viasms.lv
628723,visionarenabase.com
628761,vinhphuc.gov.vn
628778,vradns.mx
628794,vigrant-improvement.com
628802,vdonsk.ru
628872,vavadah376.com
628916,vsevdom.info
628932,viperaslots.co.uk
628950,visioncenter.jp
628977,veldrive.org
628996,videotesty.pl
629046,vetan.pl
629115,versao-karaoke.com
629137,vidhilegalpolicy.in
629138,vistaprint.sg
629421,v-yamazaki.co.jp
629422,vacances-scolaires-gouv.com
629423,vexxed.org
629424,vitatechsistemas.com.br
629425,voceconstroi.com.br
629426,voxtrendy.com
629427,vrtextil.com.ua
629428,vygaming.id
629739,valeindonesia.co.id
629740,vanillaprepaid.com
629741,vendanozap.app
629742,vin-hoadon.com
629743,visirun.com
629744,vlow.com.br
629745,vounot.fr
629746,vovonaoca.com.br
629747,vtubernews.jp
629965,v3rm.net
629966,vanheusenindia.com
629967,viroux.com
629968,vvip2541.com
630012,vibrantedge.us
630066,vertexslot80.com
630099,visacarddesignlab.com
630161,verbitskaya.com.ua
630200,vapo-shop.fr
630214,verkkotelakka.net
630270,verticalinsure.com
630286,vsware.ie
630356,villasaguadulce.net
630464,vovsoft.com
630518,ventilatieland.be
630523,vinyles.com
630536,villeneuvedascq.fr
630598,viumovie.com
630635,visitlosinj.hr
630736,vniim.ru
630790,vremea-acum.ro
630791,vrangel.ru
630796,vegasbethub.nl
630821,vodka-50fs.ru
630848,virke.no
630859,vitalityservicing.com
630872,vibrantfiber.us
630901,vavadastt.com
630906,vertexreelsplatform.com
630935,voyeur-house.club
630992,vpsland.com
631009,venividi.ru
631033,valderassociata.it
631054,vsem.cz
631108,virdsam.pro
631115,voidboost.in
631154,vivalanka.com
631171,vcnainternet.com.br
631230,vmdom.com.ua
631284,volvocarslakeridge.com
631315,velokyiv.com
631366,venuemanager.net
631368,videojs.online
631421,vlordserial5.pro
631429,vuplus.de
631435,vertexpoker729.com
631558,visionwagerhub.com
631637,vivaflow.it
631691,v12data.com
631717,vincea.ru
631740,vibesbaypulse.co.uk
631755,volvoclub.ru
631761,volksusa.store
631783,ventin.se
631791,vpn-one.net
631795,vivipins.com
631810,videosdrop.com
631813,vnneu888.com
631851,velero.io
631896,vamplegend.com
631911,vladitec.com
631935,vmmogames.com
631951,victrex.com
631964,vgf.com
631968,vitalformsdirect.com
632039,venuu.com
632041,velkykosik.cz
632134,visura.it
632167,vistacraft.nl
632231,vipstarmax.com
632248,vodkabetvb.com
632284,valuescentre.com
632285,vettechprep.com
632301,vanushosting.com
632369,visiontechlab.se
632391,virtua.com
632405,vadaszapro.net
632416,volleydeal.com
632428,variant.fund
632467,vendetta.rocks
632539,valleymetrofares.org
632575,venturesem.com
632578,vseznayy.ru
632603,vmp.mobi
632626,voukbrasil.com
632679,visadpsprepaid.com
632756,vless.icu
632854,vietnamesebrideonline.com
632887,vistagold.com
632902,virtualsc.org
632912,viewstream.io
632973,visionarypath.se
633054,verbformen.pt
633081,vertexcasinomarket.com
633160,ville-martigues.fr
633175,vertexwageronline.com
633189,vitalco.ru
633201,vertexgamblecentral.com
633215,vothanhtamquoc.com
633219,vet-ct.com
633235,vavecasino-us.com
633238,vedinstvesila.ru
633247,videopornofrancais.com
633263,vacationinsiderguide.com
633359,vdx.tv
633368,videoinsider.ch
633394,vprotechnologies.com
633429,voxel.shop
633431,virtual-aula.com
633439,vaguesacre.fr
633447,vcfm.ru
633450,vantaitrungtin.com
633465,vnthuquan.net
633473,vpntracker.com
633486,vahidmajidi.com
633492,vitrek.com
633644,voip24h.vn
633659,visititaly.it
633675,vce.ac.in
633918,vetevo.de
633982,v2raytun.com
633988,vibrantstream.us
633996,vreg.be
634027,vanhool.be
634054,vipslots.us
634101,velux.at
634117,vintagemattituck.com
634155,vseogirls.ru
634162,vrptv.com
634172,vwdostawcze.pl
634173,vistaglobal.com
634212,viewen.com
634226,voixcentral.fr
634244,valuemarketresearch.com
634285,vodka136.com
634289,vistafarma.com
634298,vertexscope.nl
634429,visualwallmaps.com
634441,vodka114.com
634507,vpn2026.app
634518,vzlom.pw
634521,v-gal.com
634526,vitalmarket.nl
634556,viralhosts.com
634583,vinomofo.com
634586,vashpers.ru
634599,vicowood.com
634620,vntc.ru
634728,vertexroyalhouse.com
634730,viviendodeviaje.com
634744,vivofacil.com
634756,videyking.site
634810,valorbet.top
634882,voceleonardo.it
634951,verbaflo.com
634954,vegasmobilecasino.co.uk
634983,visionblackjackzone.com
635017,virtualforum.com
635021,vodka163.com
635135,vivapoint.it
635196,volgaenergo.ru
635205,visitcentraloregon.com
635244,vnnforum.com
635246,vlabs.ac.in
635289,vertexbettingstation.com
635365,vnk.fi
635382,visionwagerplatform.com
635386,vavada1216.com
635434,vivecoaching.com.co
635457,vn365.ru
635574,voicebox.sh
635584,vyeron.com
635596,vodkao1.ru
635614,vacuumschmelze.com
635665,virtualaerodrome.com
635701,vestbyavis.no
635760,visitantes.online
635761,vmcoll.ru
635772,videoder.com
635833,viferon.su
635906,videos-xxx-tube.com
635925,veronneau.com
635961,vytalise.eu
635968,vegalleries.com
636041,vidsrcme.su
636051,vertexroulettedaily.com
636088,va-game.net
636144,victoireardent.fr
636149,vkarmane24.ru
636177,vodka73.com
636207,veritest.com
636219,voyagertg.top
636221,vilnaro.com
636242,vodkav.ru
636278,vixxbadkamers.nl
636303,vivatubelive.com
636345,voodoo.ru
636358,veels.pro
636380,venuedrop.co.uk
636381,vinc.fr
636382,visionreels959.com
636389,virtualisoftware.com
636421,visionroulettezone.com
636437,volumio.cloud
636442,vaxry.net
636481,vortexae.com
636510,vyvod-iz-zapoya-krasnoyarsk0.ru
636542,vodka199.com
636609,valinonline.com
636638,voltagesearch.com
636729,victory777bet.com
636760,vision.org
636777,velnetdns.com
636785,visiongambledaily.com
636786,vidi.hu
636857,votebuilder.com
636973,viventhealth.org
636981,visa.co.ni
636990,vodkakaz1.ru
637063,vetplus.co.in
637086,vapevandal.com
637091,vhooh.com
637157,vagus-vagrant.fr
637373,visiongamingonline.com
637378,viamidia.net
637452,vodkaa.ru
637472,vorsorgeregister.de
637475,vavada1096.com
637509,vyvod-iz-zapoya-na-domu-sankt-peterburg-18.ru
637517,vougioukas.gr
637536,vertexarenalounge.com
637537,vfinlandii.life
637547,viphosting.cl
637570,v77.casino
637573,visitswanseabay.com
637634,velo-on-line.fr
637636,vmirtakte.blog
637713,vcesoft.com
638194,vacancyedu.com
638195,valrhona-collection.com
638196,verticaldoors.com
638197,vesync.jp
638198,veteran.com.ua
638199,vetpost.co.nz
638200,viafarmaciaonline.it
638201,vidhijudicial.com
638202,vilajar.com
638203,vinsfertility.com
638204,virail.ro
638205,visitgreengoods.com
638206,vmrcanada.com
638207,volvocarfinancialservices.com
638208,vorcz.cz
638209,vseroste.com.ua
638210,vyv-equipement-medical.fr
638319,vancouvercanadahomes.com
638380,vntinternet.com.br
638392,videocdnmetrika61.com
638399,viharabodhimarga.com
638442,v2netx.com
638486,velani.com.au
638524,viejas.icu
638525,visitabdn.com
638539,visacashbacks.com
638541,vertexreels694.com
638549,v7n.com
638576,vit-consulting.it
638608,valorbetkr.com
638649,vismaressence.com
638656,vegascosmetics.de
638691,verifywatch.co.uk
638706,vp.gov.lv
638709,vadfruttik.hu
638727,vitastir.com
638728,visalighting.com
638767,virtualgorillaplus.com
639032,visionarenaplatform.com
639052,visionslots394.com
639079,varonte.com
639097,vsteh.ru
639118,vegasinoitaly.com
639127,vdose.co
639150,village.do
639189,visionarenastudio.com
639199,vivid-hosting.net
639216,venuecrest.com
639271,vemma.com
639290,vitafoodsinsights.com
639385,videographours.com
639397,vipic.ru
639467,vampi.tech
639557,vestlandclassic.com
639643,vertexcardsbase.com
639703,visa.co.th
639752,visitverona.it
639794,visitworldheritage.com
639804,videonix.online
639902,vanillasoft.com
639950,vive.dk
639953,vodka71.com
639955,visionroyalnetwork.com
639994,vavada1124.com
640001,vermontjournal.com
640113,vegaoo.sk
640130,voicechat.one
640202,veneziapizzeria.no
640209,vwofkirkland.com
640217,viewmenuprices.com
640222,vert.de
640291,vusec.net
640325,vertexbetting615.com
640361,veteransguide.org
640404,vhodv.casino
640485,voedselbankennederland.nl
640494,vignerons-independants.com
640557,viewyourbenefits.com
640561,vemio.live
640578,vavada-kz-kazakhstan.com
640690,vertem.com
640714,vibrantnetwork.us
640730,verifycreditscores.com
640757,voyeur-villacams.com
640770,vestmarkets.com
640865,visualaids.org
640906,vjxxx.com
640910,visittybee.com
640911,vodka103.com
641038,vmet.ru
641056,visitftcollins.com
641121,vpndns.net
641140,v-r.de
641146,volkert.com
641152,vtexvault.com
641184,vertexprotocol.com
641217,vesma.today
641376,vidcastlab.online
641418,vsetop.org
641438,veriteexclusif.fr
641469,vanlifemag.de
641489,vogelsang.info
641524,vintagesexpass.com
641538,vilelypulli.cyou
641563,vosnet.ru
641580,vertexroyalworld.com
641612,vcaantech.com
641622,verydz.com
641623,vodkap.ru
641624,vernons.com
641690,vargas.co.cr
641772,vosacosg.com
641819,vikramsolar.com
641844,vamacshowroom.com
641863,vyvod-iz-zapoya-vladimir000.ru
641897,vacaijiz.com
641903,visiondrivenfuture.com
642001,vobu.ua
642025,vpnr.online
642471,vacationclub.pl
642472,vama.app
642473,vetplanet.store
642474,villagesexvideos3.com
642475,virail.hu
642476,vivalia.be
642636,vertech.com.bd
642637,vidam.hr
642638,viviwebtv.it
642639,vti.com.vn
642640,vyapar.com
642766,v4edusolution.com
642767,vaporoso.it
642768,vinilrecords.com.br
642769,viyar.pl
642770,vlavem.com
642780,veggly.net
642811,visitnorfolk.com
642845,vertexreelsmarket.com
642867,verifiedsphere.com
642909,vertexreels266.com
642913,vodka-casino-oficialnyy-sayt.ru
642948,vinci-spin.ch
642967,virtualpetlist.com
642969,vitaldesign.com
642975,vertexslotsstation.com
642990,velvetforum.com
643065,vgrgroup.mu
643084,vodka125.com
643176,vitalnetwork.nl
643209,vodka72.com
643227,violanation.com
643286,v1host.com
643339,vasbutor.hu
643340,vplates.com.au
643341,vyro.com
643355,vertexroulettestudio.com
643388,visioncardscentral.com
643429,vertexslotdaily.com
643470,vertexslot306.com
643522,vectorcenter.nl
643535,visitcity.travel
643569,vtal.com.br
643629,vsekonkursy.ru
643700,vestatech.io
643759,volkserver.com
643810,vavada1203.com
643841,virdsam4d.co
643907,vcloudn.com
643917,vyvod-iz-zapoya-na-domu-sankt-peterburg-19.ru
643930,visitkinosaki.com
643968,vitalityventures.co.uk
644011,vitaraclub.gr
644059,vistaweb.nl
644074,vuoriclothing.com.au
644090,vertexlogic.de
644092,vodsalpha23.top
644093,ventilatieshop.be
644124,visiongaminghouse.com
644127,vitaleassociati.com
644160,voleybol-ksendzov.ru
644276,viradns.com
644282,venacronache.it
644300,valor-ec.com
644329,visitwallonia.de
644389,vertexroyalnetwork.com
644392,vemap.com
644449,vapebar.pk
644457,volcanolive.com
644580,volvocarsofvestaviahills.com
644596,viavr.global
644690,viamagaz.ru
644720,visionbetting334.com
644748,videoembed.org
644787,vanosb.org.tr
644794,visitchile.com
644815,vinhnguyen.vn
644825,vincennes.fr
644838,valves-direct.com
644858,vqc.de
644981,visitdomaso.com
644986,vimergy.com
644988,villanovan.com
645043,viagracarme.com
645051,visionvippoint.com
645073,v12sportsandclassics.co.uk
645096,vmaxbrakes.com.au
645259,vhcc.edu
645280,vttoth.com
645298,vicom.com.sg
645306,vttour.fr
645323,violachannel.tv
645327,vistaranews.com
645329,vodka201.com
645493,victoireglorieux.fr
645499,votv.dev
645523,vladbmt.ru
645578,viemeposlovensky.sk
645592,vwassets.com
645611,vinovest.co
645750,velvetflicks.com
645829,viorica.md
645922,vertexflow.nl
645939,veracruzmunicipio.gob.mx
645982,vwofwc.com
646003,vizuy.co
646040,verbraucherschlichtung.at
646054,voidsent.net
646109,vod2008.com
646112,vaiconlasigla.com
646117,vpw.com.au
646146,vertexspinnetwork.com
646151,vertexnet.nl
646198,velvetandvogue.co
646204,vascak.cz
646207,vavada1029.com
646262,v-1x.com
646263,vipisbgirls.agency
646291,vipdrive.net
646311,vavada1202.com
646321,vidshare.live
646410,v8gb.casino
646424,vodka209.com
646445,valutare.ro
646523,viagrahh.com
646570,vavada1008.com
646690,voenschet.ru
646719,vodka-casino-vhod-promokod.ru
646721,vr-bayernmitte.de
646730,vest.net
646880,vertexcontracting.com
647033,voltimum.com
647144,vini-vino.com
647151,vngroup.gr
647176,vidora.stream
647229,volg.ch
647237,vbio.de
647295,vnd.it
647327,voorhees.edu
647356,vesti-ural.ru
647404,view.co.uk
647438,velaplanet.com
647453,videospornosveteranas.com
647535,voinmarket.com
647536,vorhex.xyz
647568,vsop-club.com.ua
647569,vpn-autos.com
647587,visuals.ch
647588,vontrappresort.com
647598,valueclick.com
647651,vidnest.io
647671,vivavids.com
647878,vhs.net
647957,vedia.be
647984,vertexblackjackworld.com
647994,vipthailottery.com
648000,vernixa.net
648041,vnju88.com
648056,vladimir99kuzmin.site
648062,vaultns.com
648095,visionnest.tr
648109,voacap.com
648124,visitlincolnshire.com
648135,vision33cloud.com
648162,vanillaforums.org
648187,vectorization.org
648208,vlcc.com
648249,visitsmaland.se
648253,vertex.ru
648335,vsibf.ru
648363,valenciaperfumes.com
648410,visitdanvillearea.com
648412,vestisuniforms.com
648415,visionvipstudio.com
648439,veramuhabbetdergisi.com
648521,vietnamteachingjobs.com
648630,vp-cdn.com
648680,velaris.io
648701,villalifeturkey.com
648709,vickyporn.com
648765,vavada1201.com
648795,vitux.com
648812,visionroyal56.com
648817,volkswagenofkamloops.com
648874,vertexfield.nl
648890,vfs.com
648910,vivaworks.it
649013,vzglyad.az
649058,vicinity.com
649066,visioncardslounge.nl
649081,victorychronicle.co.uk
649103,vse-chasti.ru
649111,vfo.digital
649123,vodka116.com
649125,vbi.de
649213,vat-search.co.uk
649245,volksbank-koeln-bonn.de
649292,vertexgamblehub.com
649373,vier.ai
649386,vidobet.info
649422,verspieren.com
649493,valenciahomes.es
649554,vacation-bookings.com
649621,vintagegrandcru.com
649630,vpn.lat
649637,vibrantdigital.us
649667,vietravelairlines.com
649721,victorypackaging.com
649732,vwfsbrasil.com.br
649743,vertexreelscentral.com
649775,viuedge.com
649856,vertexgamblehouse.com
649952,viewsfromthesieve.co.uk
650071,viggames.com
650097,virtualadviser.com
650186,veiasa.es
650200,vegaspalmscasino.com
650213,vespaforever.net
650235,vivoempresas.com.br
650304,visionvipspace.com
650309,vacationscostarica.com
650358,visable.cloud
650362,visioncardspro.com
650407,vectorhub.nl
650510,vbcinternet.co.uk
650516,via-mobilis.it
650517,viastore.kr
650563,vklanding.ru
650640,vuestorefront.io
650690,vastroll.ru
650714,vesuviopizzapayerne.ch
650746,vario.sg
650747,vrrtutorials.com
650762,vinyl-creep.net
650767,volkswagen.fi
650786,viola.ru
650844,visa.com.do
650957,vivcrochets.com
650988,vet-magazin.ch
651031,vertexcardspro.com
651045,vbeautypure.com
651054,vvdi.com
651180,vunow.biz
651197,veronesi.it
651200,vw-golfclub.ru
651222,virtualsignal.de
651225,vodus.my
651235,voret.ru
651253,visionslot582.com
651277,vsehvosty.ru
651322,vodka-zerkalo.ru
651341,voltra.us
651418,veedo.ru
651451,viope.ru
651481,vibors.ru
651487,vipbottles.co.uk
651602,valorbet-br.com
651654,vanupmall.com
651686,visualsamsung.com
651716,videotronics.com.cy
651740,velora-berlin.de
651744,vsnu.nl
651763,vipstation.com.hk
651774,vietnhabienhoa.com
651776,virtual.ua
651779,visioncardsstation.com
651780,vogerus.ru
651817,vitzo.com
651831,vitoq.ru
651877,vxy.io
651895,vitroflora.pl
652016,valpaint.it
652053,vedderprice.com
652055,valheim-map.world
652101,voonze.com
652116,visit-croatia.co.uk
652121,viratarapporto.it
652310,vannetukku.fi
652444,vloerendepot.com
652457,viamultimedia.ca
652492,vignobles-sudouest.fr
652509,vkt.hk
652556,video-streams.com
652563,vodka172.com
652581,vivalearning.com
652676,vvaa.nl
652680,vectoraerospace.com
652718,vokzal-nk.ru
652735,vertexroulette326.com
652740,vng.su
652767,vietyouth.net
652824,vyv3.fr
652875,visitaltai.info
652925,vusecurity.com
652929,videostreamingworld.com
652962,viwlg.click
653069,venomcrew.co.uk
653137,veikkaajat.com
653229,vdohnovenyo.team
653290,visitsyracuse.com
653342,voronezh.studio
653361,vetorial.net
653405,vincit.com
653431,verdi-bub.de
653524,visionwagerexpress.com
653547,vnay.vn
653601,vdsnb.com
653633,vab.ua
653664,visateka.kz
653743,vertexjackpotnetwork.com
653749,voegele.jobs
653776,viralblogsystemserver1.info
653791,visaluxuryhotels.com
653808,vuotosfidazona.it
653811,vinexpoasia.com
653837,visionreelshub.com
653854,voipstudio.com
653886,vertexpokerdaily.com
653941,veritysystems.com
654013,vid-ap.com
654065,vautron.de
654130,vecentek.com
654151,vx-underground.org
654198,vitalapps.io
654219,virtualsports.com.au
654234,vipdevvvs.com
654294,vertexluckyexpress.com
654436,victoriananursery.co.uk
654437,voetbalassist.nl
654460,vitvet.com
654473,voxmagazine.com
654474,visiongamingnetwork.com
654497,vistadrive.nl
654518,vividcityweekly.nl
654544,virtualnethosting.net
654588,viewsbangladesh.com
654611,vodadonbassa.ru
654713,vagimagia.ru
655056,vag115.com.ua
655057,vanessaonline.com.br
655058,vegas2web.com
655059,verendus.se
655060,victorybytes.com
655061,vietdam.biz
655062,visena.com
655063,vishalprints.in
655064,vocecamuna.it
655065,vodtw5100.xyz
655066,volkflannel.com
655067,vrg.vn
655202,venusshare.com
655214,violencepreventionwales.co.uk
655237,visionpokerspace.com
655240,vsedlameme.shop
655251,vfmii.com
655446,vitrinapro.lt
655447,vaimo.com
655456,veronapress.com
655462,vcluster.com
655469,visualistan.com
655477,vertexcardsplatform.com
655491,volsor.com
655516,vtnx.net
655540,vegasautogallery.com
655598,v4company.com
655760,vipcorel.com
655761,vernonpress.com
655814,valasskeklobouky.cz
655849,vasha-kniga.com
655851,v-gb.ru
655866,vidyo.dev
655925,vandorpbedrijven.eu
656029,volksverpetzer-app.de
656115,vantage.bank
656161,vyvod-iz-zapoya-na-domu-sankt-peterburg-20.ru
656207,v2movie.de
656212,vl.be
656248,voltzwiki.com
656255,viagens-aviao.pt
656289,vanlanguni.edu.vn
656456,vhs-fuessen.de
656457,viewfromtheback.com
656536,vouchconcierge.com
656663,vitastudent.com
656666,vimetop.ru
656714,vina-forman11.com
656741,videkilany.hu
656790,vedege.net
656895,visiongambleplatform.com
656932,virtualinternships.com
656960,vtac.edu.au
657052,vih.org
657095,vegasbetting.com
657104,voicendata.com
657133,viparena.us
657149,v3locity.com
657226,vkzt.ru
657251,vfleague.ru
657255,versicherungswirtschaft-heute.de
657299,viessmann-modell.com
657307,viewdigitalmedia.com
657355,venuemax.co.uk
657361,visionroyaldaily.com
657377,viabenefitsaccounts.com
657407,vill.edu
657442,visionideasconexion.mx
657512,vo-player-qox.com
657622,vanbredacarfinance.be
657638,vnews.agency
657653,vrcpop.com
657674,vistano.de
657693,vertexdrive.de
657715,vintageframescompany.com
657778,visit-lyngenfjord.com
657795,verspk.ru
657796,vip.net.au
657828,vdkbkline01.com
657893,visioncasino9.com
657980,viaircorp.com
658226,visionreelsmarket.com
658234,vertexjackpotlounge.com
658235,vimeo.ru
658288,vampirediariesworld.nl
658299,vaughnnugent.com
658344,vxchnge.net
658409,virtuallyfun.com
658495,visitmacon.org
658552,valgenesis.net
658569,ververecords.com
658581,voteriders.org
658587,vu-webfacto.fr
658637,vfp.ru
658650,vampfox.xyz
658663,virvoyeur.net
658710,videobydleni.cz
658727,vendor-cdn.com
658729,varela.gob.ar
658778,viewbotter.com
658832,voicenews.com
658859,voice-man.ru
658862,vermeintlicher-fachanwalt.de
658901,vals.ai
658918,video.com
658929,vision-connect.de
658958,vsezaodvoz.cz
658963,vigilantvigilant.fr
659005,visitsequoia.com
659030,vigilantfox.com
659041,vt.social
659048,vashtalant.ru
659074,vnseo.edu.vn
659095,vertexpalaceplus.com
659214,vegas.hr
659328,vivacore.it
659352,verillas.com
659484,visaonoticiasbauru.com
659706,villamaria.gob.ar
659707,virginmobile.co
659708,vscrm.net
659886,vchics.com
659887,vfxmed.com
659888,vigoshop.gr
659889,vigoshop.pl
659890,volkswagen-comerciales.es
659958,viettelpay.vn
659965,vistabase.nl
660022,visionluckylounge.com
660026,vermontdailychronicle.com
660131,vegaoo.de
660178,viagragel.ru
660179,vielight.com
660277,vesta-group.com
660356,viadinho.net
660467,virtualpress.de
660478,vogelmann.eu
660512,virtualstacks.com
660548,vipcoredigital.co.uk
660599,vnedutracuudiem.com
660621,victoryonline.co.il
660630,visualisingconflictpeace.de
660671,va4.casino
660691,vertexpokerhouse.com
660756,visionluckyplatform.com
660892,vsmedien.media
660910,virtosoftware.com
660935,vulcanohost.com
660978,vithoulkas.com
661040,vietlogitics.com
661157,vnunqa.com
661176,valmiera.lv
661264,vertexpalacemarket.com
661330,vulkanland.at
661361,veredala.com.ng
661454,vendeco.com
661457,visa-platinum.com
661545,vijaytravel.com
661607,vegasino.no
661634,vbaexpress.com
661636,valleyservers.com
661666,vdk.be
661684,virtuemarketresearch.com
661716,vkfilmizlee.org
661718,villageofschaumburg.com
661720,volcanic-cycles.com
661771,vrijemeradar.ba
661791,viraaj.co.uk
661819,villaelenahotel.ru
661887,vertexgambleexpress.com
661901,valmierasnovads.lv
661925,venira.cz
661959,visitsanmarino.com
661963,voyah-its.ru
661978,via-health.de
662009,visionflow.ca
662047,vomo.ai
662103,vybuss.no
662131,vertexslots342.com
662203,vertexdrive.nl
662227,vn1.ru
662244,vantagemedia.com
662260,visitalmere.com
662285,vindax.com
662326,vimbuzz.com
662329,voyagers.travel
662345,valheimgame.com
662402,v0sdk.com
662446,visioninfo.cloud
662476,visiongamingplatform.com
662673,vertexspincentral.com
662711,vognladet.dk
662732,vudoo.io
662776,vorfp.click
662786,viigubim.com
662858,visitperth.com
662863,visionpalacebase.com
662908,vavada-kasyno.bet
662921,vesti-tver.ru
662957,valika.eu
662965,vrm.de
662981,vintage-clothing-store-jam.com
662984,valencia-luz.es
663015,vbsp.org.vn
663037,vigrashit.com
663039,vazaro.ru
663066,vegkala.com
663166,vu-one.com
663171,vardagsanalysen.se
663177,v2-geometrydashapk.com
663233,verliebt-im-norden.de
663268,visitgrandjunction.com
663320,videomaxhost.cloud
663364,viaonlinebuy.us
663417,vfxapp.io
663474,vineconstructionlondon.co.uk
663479,v2melody.com
663485,vasilek.ru
663567,visa-infinite.com
663593,volokofset.ru
663614,vpssim.com
663656,vertexvip909.com
663668,vertexroyal483.com
663671,ville-frejus.fr
663723,velikanrostov.ru
663748,v3kudm.com
663779,vsip.co.uk
663823,vembu.com
663917,vivalv.de
664034,voyah-adrive-voronezh.ru
664168,viollier.ch
664182,visionslothub.com
664184,visitto.se
664189,viamartelecom.com.br
664267,virtualmake.com.br
664293,vgolos.com.ua
664311,vipph-ph.com
664323,vgaps.ru
664327,virtanycastdns.de
664342,vanishingtattoo.com
664464,vertexbet37.com
664547,vixgallery.com
664600,voice-able.com
664604,vodotok-krd.ru
664731,veracore.com
664832,vitalyun.com
664843,vozzog.com
664887,vebego.nl
664895,vdcasino.vip
664955,virdsam.digital
664979,volteuropa.org
665014,valid1.ir
665017,vodnyye-progulki-v-spb.ru
665049,vertexlucky185.com
665067,vip555capi.ink
665087,vzdusin.cz
665162,v1nda.ru
665193,viggoslots.fi
665203,vicc.org
665229,vegaoo.pt
665351,visaplace.com
665376,voloper.net
665380,vdolady.com
665388,v4ns.one
665442,voitto.com.br
665516,videofyra.online
665575,vitalcentral.nl
665589,vse-svoi.ru
665634,vbc.ac.at
665767,vcptec.com.br
665782,vetprofissional.com.br
665796,vyvod-iz-zapoya-novosibirsk0.ru
665835,v-rp.pl
665850,vealya.com
665903,vipcasinojackpot.com
665920,vitcompany.com
665966,varta-guide.de
665971,volcanoadventures.com
666046,videocdnshop.com
666048,vinteger.com
666178,visionslotsstudio.com
666212,velocityrestorations.com
666214,visionluckyonline.com
666258,vibrantconnect.us
666389,visitoceanside.org
666391,videogameslive.com
666479,viewpointdata.cloud
666496,vnt-saratov.ru
666511,verschoorstore.nl
666512,vasaneye.com
666516,vengo.hu
666534,vertexgamblestudio.com
666542,voyageavecnous.fr
666556,vavada9567.casino
666581,vldey.ca
666662,virtualmoi.com
666665,vbetnederland.nl
666679,verywellcasino.net
666762,visariskusa.com
666819,visa.ie
666870,vaudona.com
666906,visualcron.com
666925,videoleapapp.com
666938,vas-stream.ru
666943,varmilo.com
666985,vitalpurchasing.com
667096,varsuite.co.uk
667135,vinechart.com
667141,venuslovedolls.com
667271,vrclub-tron.ru
667276,vozolxvape.de
667400,visionspingroup.com
667407,vkdia.com
667415,voipoperator.tel
667424,vasprostor.cz
667464,vickypham.com
667541,valeszka.com
667574,visionreelspro.com
667600,valcom.com
667662,visionreels586.com
667707,vibeprospecting.ai
667734,visitsaintpaul.com
667848,viperadigital.co.uk
667914,virpil-controls.eu
667928,videosdex.net
667947,vaud.ch
667969,vibesource.co.uk
668034,visitgrandcanyon.com
668047,virtuoso-support.de
668054,viac.vn
668059,visithelsinki.fi
668119,veggietales.com
668195,visionarysweden.se
668587,valgourmand.com
668588,valueplusretail.com
668589,vertelevisivos.es
668590,vietnamcopyright.vn
668591,visahq.pk
668592,visalaandhra.com
668593,visasponsor.jobs
668594,vitamini.ge
668595,vivo.co.nz
668596,voltechno.com
668597,vse-motobloki.com.ua
668598,vseeboxus.com
668889,varietyvista.com
668890,vasustore.com
668891,vidi-automarket.com.ua
668892,viewvillage.in
668893,virail.com.ua
668894,viralchut.com
668895,vkd.tj
668896,vlv.am
668897,votre-expert-anti-nuisibles.com
668898,vungtau88vn.com
668920,vertexgamingstation.com
669055,velavit.com
669056,verandarace.com
669057,vgoodiez.com
669058,vibrahotels.com
669098,vecvnet.com
669122,vivobarefoot.hk
669163,vsiknygy.net.ua
669184,vipdnsa.com
669193,vidlifeapp.com
669195,vertexwagercentral.com
669223,vertexblackjackpoint.com
669240,viar3029topwearh.com
669245,vertexcasinolounge.com
669271,victorchang.edu.au
669304,veinsmedical.com
669312,vpa.com.au
669316,vapexperts.gr
669370,vitamart.ca
669381,vanderbiltcupraces.com
669406,vitruvi.com
669409,visionarenazone.com
669410,vieclamnhamay.vn
669458,vihervimma.fi
669662,vyvod-iz-zapoya-moskva1-12.ru
669710,visionpalacestudio.com
669738,v2-capcut-apk.com
669757,vkrasnoznamenske.ru
669772,vertexclubdesk.nl
669880,vestil.com
669898,vpfusion.com
669924,vertexbettingspace.com
669931,ville-arles.fr
669959,voxeus.com
669962,vginsights.com
670017,vtb-banki.org
670094,vedicfeed.com
670134,valuesi.com
670189,verymillionslots.com
670197,visionaryedge.se
670317,verkehrsinformation.de
670326,villavilla.de
670355,v7s2k.com
670429,vegasinoofficial-ca.com
670506,vectorhomesga.com
670541,vgmaps.com
670606,virtarix.com
670617,visa.co.ke
670695,videofemmemature.net
670709,viewbid.ca
670715,voleybolmanset.com
670736,vnetraffic.gov.vn
670864,vsuwt.ru
670873,visitessen.de
670887,visitblackhawk.org
670910,veenendaal.nl
670972,vegashero.com
671086,visiondesign.de
671097,vipspins.de
671098,vivre.hu
671127,vereinsexpress.de
671129,vsfns.com
671149,vegetablesaustralia.store
671150,vancouversymphony.ca
671198,vividcortex.com
671243,visiongamingpro.com
671259,vsestiralnie.com
671260,virtual-network.lol
671283,ventolinhfaer.com
671298,vajper.com
671312,vertexpalace886.com
671360,verajohn.se
671411,vatre.com.br
671431,vugraph.com
671527,vg-gazeta.by
671528,victor-win.website
671529,viditor.net
671530,vipkuwin.club
671531,viva-catalog.ro
671532,vivomoney.com.br
671549,vidilab.online
671562,vestnikdv.ru
671563,visumcentrale.be
671567,victordecor.com.br
671609,v24bridge.net
671630,vacationrentalsoceancitynj.com
671661,visa.is
671690,vividinvest.io
671766,v6b4pl.cyou
671773,visionslotbase.com
671816,vnshealth.org
671832,valisure.com
671871,vegaswinsplay.nl
671884,vestirama.ru
671950,venturehacks.com
671959,vibe.to
671990,visa.lt
672053,virtualjackpotclub.com
672099,vangoghhh.info
672132,vertexroyalhub.com
672240,visionluckycentral.com
672291,videogratuitxxx.com
672304,vietnamdiscovery.com
672327,vintagebaseballgloveforum.com
672343,visitislesofscilly.com
672356,vidswatch.com
672369,volvoklub.cz
672383,visiongamingzone.com
672402,vertexvipbase.com
672430,venturi.com
672467,vaporon.top
672488,vnrep.com
672530,vertexroulettegroup.com
672649,vitaminangels.org
672665,volvocarsdanbury.com
672672,vettedbiz.com
672712,visionslotnetwork.com
672719,vamkomfort.ru
672747,visionsmartcenter.com
672751,vtmarche.com
672767,vividattheyates.com
672905,volzhsky.ru
672923,veedigital.com.br
672954,vvvrrhwh.cc
673004,vacappnetwork.com
673023,vcmi.eu
673031,vds-pro.ru
673053,vertexgamble122.com
673142,volvoofhalifax.com
673153,vilagarcia.gal
673193,volkswagen.pt
673209,vrhush.com
673221,vegamovie.ss
673333,v-comply.com
673504,vaporbros.net
673505,vitaozono.com
673936,vallila.fi
673937,vandijkstore.nl
673938,varzeshtv.ir
673939,veneti.hu
673940,vilfino.com
673941,villareyonu.com
673942,vinafabo.net
673943,vivendo.ro
673944,voterlistindia.in
673945,vv5vv5.com
673946,vynoteka.lt
674078,verdena.ro
674079,vigoexpress.hu
674080,vpayfast.com
674143,velocitydns.com.au
674223,vitrademark.com
674285,vdcy.net
674286,vasarnap.hu
674329,vard.com
674336,vision5.co.jp
674618,viveresulgarda.it
674656,vitrinapro.com
674674,vivaspace.it
674694,visionblackjackhub.com
674763,vfo.se
674764,viamaja.se
674765,visioncare.lk
674776,visionpalacepoint.com
674852,vrijzinnig.nl
674881,velosiped.bg
674905,vori.com
674932,verafiedny.com
674948,visionscope.ca
675008,voy-hummingpg.com
675089,vichy.co.uk
675095,vidict.net
675171,vanlett-cn.com
675228,vpsnet.com
675253,vps.in.th
675271,versjon.com
675297,vnrgroup.com
675311,veri.bet
675384,voen.info
675402,vitalventures.co.uk
675443,vlebooks.com
675460,vostok37.ru
675550,visadigitalconcierge.com
675644,vpncitadel.id
675679,vpnhoki.net
675802,varshets.eu
675825,vavadackv.com
675882,valbruna.it
675886,vapor.cloud
675901,visionpalacestation.com
675936,vvsjewelry.com
675989,veteransadvantage.com
676007,vidz.com
676031,viewcam.me
676077,voishe.ru
676082,visioncasinogroup.com
676097,vanprofumi.it
676169,vantagefx.com
676207,vk2ym.com.au
676209,vittoriale.it
676211,vritimes.com
676298,vavada-zerkalo896.top
676336,vistaalmar.es
676342,vabw-service.com
676350,vyvod-iz-zapoya-v-krasnodare-2.ru
676369,validate5qset.nl
676407,vakehyva.fi
676417,vici.org
676562,vehicross.info
676584,vua88.at
676659,vtchhitiu.com
676670,vbuwnmfcf.com
676679,valiseshaves.cfd
676683,visainnovationprogram.com
676687,vintohome.com
676692,vhpg.com
676699,vipleague.im
676701,virdsam1.co
676740,vzlet.media
676769,visitdowntownpeoria.com
676783,videosxgratuits.com
676845,voodoo-armory.com
676882,videostech.cloud
676997,variantes.com
676998,volkswagen-veicolicommerciali.it
677008,vacasol.de
677033,vertexlucky630.com
677046,vkrim.info
677076,valisi.ru
677088,vega-sino.ca
677101,vtunnel.com
677165,versatilweb.com
677213,valkenpower.com
677259,viktos.com
677267,voorneaanzee.nl
677327,viseon-yourbus.com
677369,vlad-popov.ru
677430,vidareal-rp-portugal.pt
677448,villagenews.com
677456,visionjackpotexpress.com
677492,visualserver.com
677494,visionblackjackcentral.com
677496,vavadarztckc.com
677566,vertexjackpotgroup.com
677654,villageautogroup.ca
677680,vidalnews.fr
677700,vecherka74.ru
677718,videoloft.live
677732,videozer.com
677750,vyvod-iz-zapoya-v-staczionare-sankt-peterburg-17.ru
677768,venasnews.co.ke
677862,vipspark.ru
677888,vippalace.us
677938,visionvoice.ca
678009,vavada8knh.com
678025,visionroulettebase.com
678031,vipfilm.xyz
678109,vectorgroup.nl
678146,v247tv.com
678152,vipyonoslots.com
678153,videoespece.com
678184,vpinet.cz
678236,vertexroyalexpress.com
678300,vividey.co
678322,vitelglobal.com
678410,vo-raad.nl
678412,vsco.page
678445,vfstasheer.com
678456,vijfheerenlanden.nl
678499,vpb.lt
678536,visittrelleborg.se
678552,velvetchoicetilburg.nl
678569,viemu.com
678581,vivido.travel
678641,vibemeai.net
678646,velonity.pl
678684,vplastinkah.ru
678686,vereniginghogescholen.nl
678701,vinnypuxsub.work
678702,vonaffenfels.de
678708,vivaventures.com
678727,vyarchitecturestudio.com
678768,v4ns.xyz
678807,vcs.net
678829,verstaki-profi.ru
678946,vtservices.com
678977,vidia-kliniken.de
679017,vaxart.com
679106,vvjl-ph.com
679143,vidoo.live
679182,vk.video
679208,ville-port.re
679222,volumeboostermax.com
679340,vitaglp.com
679354,videoseed.tv
679363,vansbank.cn
679369,vyvod-iz-zapoya-v-staczionare-nizhnij-novgorod-22.ru
679425,vhf.com
679463,velotel.com
679506,vacv.com
679565,vibroot.com
679668,vegasnet.info
679669,vidyani.com
679748,vidcaps.live
679901,victor-win.net
679903,vinorama.at
679926,vueuse.org
679973,vvv.ru
679974,vidobetsikayet.com
679987,visit1066country.com
680059,vicman.net
680114,vavada1299.com
680253,vikingrivercruises.com.au
680275,viewingrooms.com
680299,videoar.net
680315,vectra-forum.eu
680319,versusrow.com
680323,vikmeepxez.com
680435,vapewh.com
680523,vardenafilfil.com
680561,verybet.ru
680575,vbent.org
680620,volvocaraustralia.com.au
680760,visitchandler.com
680771,vaguntrader.com
680789,veritree.com
680837,vertilocity.com
680859,vninfo.live
680874,visionjackpothouse.com
680959,vanillanumbers.com
680989,vessoft.com
681003,vkonline.ru
681134,vendori.ge
681157,viagraola.com
681198,vertexslotspace.com
681292,veravegas.com
681351,voltaweb.be
681358,variiance.com
681460,villacarlotta.it
681501,veryns.com
681539,volcmlt.com
681550,vernon.ca
681665,verbraucherzentrale-bayern.de
681674,veracityvoice.co.uk
681698,viracopos.com
681795,visionbettingspace.com
681796,voisinsvigilants.org
681832,visionarytechlab.se
681880,vdfghh.com
681915,vdsturkiye.com
681955,victoireredoutable.fr
681960,vexus.pw
681967,vertexblackjackplus.com
681999,visionslotstudio.com
682030,visit.cern
682036,vdi-verlag.de
682046,vanaholics.com
682100,vietnamwar50th.com
682169,vomusa.org
682203,vivasevilla.es
682220,vehq.ru
682255,videoslot.com
682278,vrassist.hu
682331,velvetech.com
682365,vanroey.be
682516,valor-job.net
682620,vidoco.vn
682712,vzge.me
682897,vermox.company
682899,victoriatourism.com.au
682929,volvotrucks.de
682960,vongquanhvietnam.com
683011,vinecards.ca
683029,visit-micronesia.fm
683040,vs.de
683074,visualslideshow.com
683079,vivienofholloway.com
683133,vamoos.com
683188,vestlandfylke.no
683192,vibedns.co.uk
683315,vood78.xyz
683364,vwcable.com
683388,visitate.net
683455,vertexluckystudio.com
683463,velsen.nl
683468,vivalamedspa.com
683518,vestalinks.com
683550,visittirol.nl
683567,visadpsmessage.com
683579,viachicago.org
683587,volvocars-partner.pl
683598,visionslotsbase.com
683620,vfunstudio.com
683706,visionluckypro.com
683756,voicetrading.com
683811,vita-science.com
683841,vmrfdu.edu.in
683876,vpcit.ru
683933,valpak.co.uk
683934,viralviralvideos.com
683963,vertexdicespace.nl
683993,videofaceswap.io
684001,voltas.in
684005,vocus.com
684025,voucher-01-static.com
684072,vidaeideasportal.mx
684087,vipleague.tv
684089,vdaas.co.nz
684169,vfleague.su
684196,vamsoft.com
684226,visit.ws
684243,veny.net
684272,veterandebtassistance.org
684275,vinuovo.com
684346,vertexwagerworld.com
684349,videowired.com
684374,vgcc.edu
684423,vivreenbois.com
684459,vaxfckub.cc
684490,vispa.net.uk
684515,vtbrussia.ru
684536,vidasilvestre.org.ar
684629,vertexreelsbase.com
684637,volkswagen.com.my
684677,vithaircare.com
684699,visa.pt
684797,vario-software.de
684799,vhs-sb.de
684912,vahta-mmk.ru
684939,varich.ru
684972,vk4msl.com
685030,vinamgroup.com.vn
685053,vitaliy-abdulov.ru
685060,vipmagazine.ie
685094,vetlab.pl
685107,voschiensetchats.com
685125,veganhuggs.com
685154,va.com.au
685161,viktvaktarna.se
685164,viridian-nutrition.com
685188,versiliatoday.it
685243,verbier4vallees.ch
685279,vnure.ru
685281,vergleichen-und-sparen.de
685287,vashonbeachcomber.com
685311,vusion.com
685466,varia-store.com
685581,velocimotors.com.mx
685587,veltinis.lt
685647,vin00s.com
685672,vaccinewatch.co.uk
685739,vrgou.com
685850,vividmoney.net
685894,vspu.edu.ua
686001,vxpress.in
686072,vegashero.nl
686092,villas-of-turkey.com
686094,vjagu.ru
686126,visioncasinoexpress.com
686172,vewsraith.com
686219,veeroute.com
686329,visionslotscentral.com
686433,veneti.cz
686451,vdeodr.com
686452,verim.org
686609,vdr-s.com
686647,vexch.ru
686664,vaxer.stockholm
686752,voskres.ru
686777,videoguys.com
686800,valaistophotels.com
686876,vm777.xyz
686936,viedey.cc
686963,vintage-computer.com
686967,visaextra.by
686974,visnos.com
687011,ville-montlouis-loire.fr
687039,volkskundemuseum.at
687076,videospornvideos.com
687147,victorianresearch.org
687245,vitijob.com
687340,vectraklub.pl
687341,visornoticias.com.br
687348,vionine.com
687363,vsb.bc.ca
687635,v5r6m5.com
687636,vercatalogo.com
687637,vexere.net
687638,visionetv.it
687639,vox92.net
687763,vaiquitar.com.br
687764,vakrangee.in
687765,vietteldata.vn
688245,valca.com.ar
688246,valuedrugco.com
688247,vamosimprimir.com.br
688248,varrialeprofumi.it
688249,vastramay.com
688250,vdxlo.co
688251,velez.pe
688252,veosvending.com
688253,verymuchindian.com
688254,vigilo-oas.no
688255,vigoexpress.bg
688256,vipotv.com
688257,volimzrenjanin.com
688258,vtvvitla.com
688259,vuon.com.br
688322,virdsam.shop
688323,vatransformer.com
688345,vampirism.dev
688365,veedz-uae.com
688378,visualsvn.com
688405,vidpme.com
688434,voetbalzz.nl
688496,vgames.co.il
688551,vaderradar.se
688560,vamworld.com
688640,videofy.me
688652,viralvice.com
688740,veepee.nl
688776,vitalea.com
688782,viperahouse.co.uk
688824,vipdisc.net
688870,vastempire.com
688872,vvx1.com
688891,viewangle.net
688916,visitturku.fi
688948,veteranmagazin.ba
688951,vendingchat.com
688965,veerkwartier.nl
688992,vsign.jp
688998,vif2.ru
689027,vnoutbuke.ru
689029,vulcanforums.com
689042,vigoshop.hu
689063,vidmate-download.com
689068,visitdenmark.se
689125,vipshopbuy.com
689150,visitchicagosouthland.com
689246,visnyk-nanu.org.ua
689253,visionupdate.ca
689330,vigoshop.it
689347,visionpalacehouse.com
689384,verificat.cat
689448,vodafone.com.gh
689456,visualroot.net
689483,vikingcruises.tech
689509,verda.host
689515,vsona.co
689533,voyafinancial.com
689552,vindhetviahier.nl
689614,vividreellite.com
689621,vanityaddress.pro
689730,videosdesexoamateur.net
689746,vtk.dk
689771,vigeowebsite.com
689844,venda.cz
689923,vau-max.de
690000,vividnewscommunity.nl
690031,vitalfocusreport.com
690053,vidqu.ai
690103,vyvod-iz-zapoya-v-staczionare-nizhnij-novgorod-17.ru
690152,vhauctions.com
690235,verym.com
690282,vattucongtrinh.com
690287,vitconsulting.xyz
690289,vend-o.app
690359,vtbforex.ru
690367,vr.is
690389,vsem.ovh
690418,veridade.com
690430,vitaminuk.com
690447,vwtint.com
690448,visor.ph
690602,vetsend.co.uk
690629,vojvodina.travel
690674,vertexroyaldaily.com
690732,vngames.ru
690781,vitekcctv.com
690805,visitsleepyhollow.com
690872,volkon.de
690898,vyoptalab.com
690900,videospornosfrance.com
690915,voipcaptel.com
690966,vazinstone.com
690967,vlaardingen.nl
690987,vodka68i2.com
691032,visionlink.fr
691054,vistaweb.ca
691084,vaheka.uno
691259,vtor-sbor.ru
691410,visioncasinomarket.com
691411,vaylapilvi.fi
691484,visiongambleonline.com
691530,victoriabbs.com
691554,vigorcomp.com
691630,vestidissima.com
691789,vaguehorta.info
691925,visibility.uk
692085,vmodtech.com
692137,vidyocloud.com
692166,vidyasaarathi.co.in
692183,veethi.com
692207,vanrui.com
692217,viceunderdogs.com
692304,vaslui.net
692340,vigilantegamers.net
692357,vestatech.eu
692370,voler.com
692404,varouj.com
692420,vm72.ru
692434,vuurenrook.nl
692454,vegadream.com
692458,virkly.io
692488,videosxxxhd.com
692532,vida.io
692566,visitbayonne.com
692581,vtc.net.au
692667,volvovilledequebec.com
692692,vexmovies.biz.id
693012,vavavoom.ie
693013,verteil.com
693014,vilgain.sk
693015,vips.com.mx
693016,virginmobile.cl
693017,vistaclaim.com
693076,vebu.de
693089,voxelpro.ru
693107,virdsam3.org
693117,vwbus.club
693119,venderbys.dk
693127,vldey.id
693154,virtualsalt.com
693169,vectormark.nl
693196,varna.net
693228,varsityshop.co.uk
693243,vrit.me
693245,vtecrm.net
693259,vuplus-community.net
693267,voyagesgendron.com
693279,vinfolio.com
693297,vaincrelamuco.org
693306,velasyveladorasluzmaria.com
693308,vozrojdeniesveta.com
693345,vizbl.com
693454,visitcarsoncity.com
693525,vblh.de
693544,vseyewear.com
693550,vim-book.org
693570,virail.com
693647,vesselnet.com
693657,vrcanaries.com
693708,visitchurches.org.uk
693756,velocigo.net
693778,vinshoppen.dk
693794,vdnh-penza.ru
693878,vapeciga.com
693934,ventos.com
693987,vaudoise.ch
694093,videoindian.com
694108,villanet.ru
694131,vologdascan.ru
694175,vredns.com
694184,voximon.com
694215,visionblackjackgroup.com
694230,villapinedo.nl
694233,villartec.ru
694265,voxiproxytun.com
694333,vynckier.nl
694348,valorslots.com
694395,visionblackjackworld.com
694401,valekse.ru
694406,vdsnc.com
694418,vizura.net
694525,vcgsites.com
694538,visiongamblepoint.com
694559,venreales.com
694641,velkoobchodio.cz
694679,vanillamagazine.it
694942,videotourl.com
694950,vassilisa.com
694989,viacredi.coop.br
695012,virohan.com
695016,voyageforum.net
695052,vidomosti-ua.com
695072,vitalfirstaidsupplies.com.au
695087,vpn-networks.com
695106,ventolinusa.com
695125,vkbsimcontrollers.com
695178,viox.com
695197,vergemotorcycles.com
695410,veikaliem.lv
695411,ville-antibes.fr
695460,volnistye.ru
695474,videogamesrecords.net
695512,vinddirect.nl
695536,vamos.com.br
695591,vlehosting.com
695599,vinhomesreal.vn
695768,verdementa.es
695801,villages.com.au
695829,verifieddumps.com
695918,vsmartacademy.com
695956,vaview.net
695999,vandepolmeubelen.nl
696036,vidfav.com
696044,voxcommando.com
696062,vip-mods.ru
696103,var-dump.it
696109,vb-paradise.de
696171,velo.hu
696180,valleyintegrativerx.com
696222,vcshost.ru
696229,vans.it
696282,viperaplus.co.uk
696440,vitrinemagique.com
696469,virtek.pro
696472,viena.es
696523,visualartists.ie
696610,vietlinktour.com
696700,vfliga.su
696727,vietinbankamc.vn
696729,vacbid.com
696765,vncl88.com
696771,visionflow.us
696783,viewliveevents.in
696788,vitodata.ch
696862,vitropharmacy.com
696886,vipkidteachers.com
696925,vitabright.co
696937,vvr-bank.de
696969,verbraucherzentrale-brandenburg.de
697028,vndcql.cn
697249,v1-p.net
697250,v2bsoga.xyz
697251,venqari.xyz
697252,verifrom.net
697253,veui382us902j.com
697254,vietcdn.net
697255,vimex-trucks.com
697256,vipavoska.com.ua
697257,vivaraise.fr
697258,vkredit-online.ru
697259,voibajvg1.com
697260,voyageforum.info
697261,vpn-tube.com
697320,vhs-mosbach.de
697344,vasari.art
697435,vancoevents.com
697440,verfassungen.de
697606,vodka-casino.ink
697651,vegasslots.net
697703,vertexcasino16.com
697704,via-la.com
697727,vivium.be
697888,vorverkauf-kleinesfest.de
698080,vincrm.cloud
698167,virtvladimir.ru
698186,visionlab.es
698194,viviun.com
698216,vindecoder.pl
698223,viperaclub.co.uk
698249,viajarbarato.com.br
698256,viviagv.com
698272,vnigni.ru
698354,velvettipsstory.nl
698367,visit.kharkov.ua
698375,vandenbulcke-stamboom.be
698416,victoryflash.com
698421,vrfy.fi
698469,voldi.net
698506,visagoevents.com
698674,vulearning.com
698717,vsipl.in
698749,vanlifeoutfitters.com
698753,vietpn.com
698773,vavada-site3405.casino
698836,votorantimcimentos.com.br
698851,vysotaalmaty.com
698877,vse-instrumenti.ru
698923,vtrahe24.date
699003,vinmatchpro.com
699062,vpbanks.com.vn
699127,vega.pe
699146,vandijk.nl
699198,vncns.com
699247,voidedmayapis.com
699268,veloshop-vergleich.ch
699274,vertexspinzone.com
699306,vemanclod.com
699344,vaso.in
699410,vgrgardens.com
699473,voidnetwork.gr
699536,vovlive.vn
699550,venova.ch
699627,vipercircle.com
699650,viva.com.bo
699677,vkz.de
699695,vlinkinfo.com
699701,vvdishop.com
699712,vistajournal.de
699736,vvanluxurygroup.com
699773,v0j0q6u.com
699791,victimconnect.org
699821,volta.md
699962,vauata.cn
699963,velocicast.com
699992,videosxxxmexicanas.com
700023,visua.store
700081,vapegatekw.com
700082,vitanium.com
700163,visionthai.net
700210,vkjduoig.cc
700223,volga-dacar.ru
700246,vsac.org
700267,variscite.com
700299,villaggionet.com.br
700316,vertexluckymarket.com
700352,veganhealth.ru
700356,vortexconnect.com
700365,vaporized.help
700413,vapor-farm-a1.com
700414,victor.jp
700426,veronikalove.com
700506,visasignatureconcierge.com
700559,viverefermo.it
700629,vtjeibhub.cc
700631,voldriux.garden
700639,vps.org
700672,voxbras.com.br
700691,vhplay.com
700693,volley-services.net
700791,vouwallet.io
700806,vzhop.com
700857,vtslynet.ru
700882,vigilance-cyber.fr
700913,vanguardworld.com
700917,victoriassecret.ro
701002,vermontsmokeandcure.com
701137,visualizingpalestine.org
701225,videogsm.ru
701272,vylety-zabava.cz
701384,vansarenovation.com
701428,videos-de-cul-fr.com
701483,villa-schmidt.de
701514,variety.org.au
701601,vancampsbeans.com
701615,vividstudio.uk
701620,vibranttech.fr
701668,vintasoft.com
701670,vi-shinkansen.co.jp
701692,vrecenze.cz
701698,voresky.app
701718,vela-avenue.com
701780,vehiclefreak.com
701802,vr-teilhaberbank.de
701839,vertbaudet.nl
701877,valloire.net
701892,vanerumgroup.com
701893,virdsam.homes
701938,vocamate.ru
702009,virginia.com
702181,viser.edu.rs
702187,volkswagen-automobile-berlin.de
702195,visiondigital.uk
702215,volga-planeta-avto.ru
702241,vertexarenahub.com
702248,visitwesthollywood.com
702251,veterinarysecrets.com
702280,vertoe.com
702287,visionpokerstudio.com
702289,volga-avangard.ru
702297,vlf.it
702348,vaonis.com
702355,vqafs.com
702386,visitsitges.com
702397,vibespark.co.uk
702527,valamis.io
702547,villa-ventura.com
703188,vannaguide.ru
703189,velog.rs
703190,veltiponto.com.br
703191,verocard.com.br
703192,vetapet.fi
703193,vetapteki.by
703194,vexagame.com
703195,vicolo.com
703196,viewsapp.net
703197,ville-nice.fr
703198,vilutashop.com
703199,vindeacristo.org
703200,vinea.es
703201,vinniesfinds.com.au
703202,viplekaren.sk
703203,vmartretail.com
703204,voli.me
703205,volkovysknews.by
703206,vsedoma.com.ua
703881,vacay.asia
703882,valenttmoda.com.br
703883,valleyhatchery.com
703884,valyuta.com
703885,vanolay.com
703886,vaquitaexpress.com.co
703887,vasterbottenssapa.se
703888,veliyathgarden.com
703889,vente-unique.dk
703890,ventureshop.com.br
703891,verdinatural.com.br
703892,verseflower.com
703893,viajeros30.com
703894,vibokep.id
703895,vikingcareers.com
703896,vilgain.pl
703897,vincentwatch.com.sg
703898,vip-gamers.com
703899,visioncenter.com.pe
703900,visuar.com.py
703901,vitalcan.com
703902,vitaminbolt.net
703903,vsds.sk
704547,vaferokal.ru
704548,vaideingresso.com.br
704549,vandencasteele.com
704550,vanessawu.com
704551,vasky.cz
704552,veluxshop.fr
704553,videospornosgratis.mobi
704554,vila.bg
704555,vip-jikkyo.net
704556,virok.com.ua
704557,visureinrete.it
704558,vivadress.com.br
704559,vivechrom.gr
704560,vivi-look.com
704561,vkusnotochkamenu.ru
704562,vol.az
704563,vutto.in
704613,veuve-clicquot.com
704629,vasutmodell.com
704661,villeroy-and-boch.ua
704754,videochatprovider.com
704773,videotour.ai
704777,vivition.com
704813,vipshaadi.com
704839,valsania.it
704843,visitplovdiv.com
704845,vestnik-rm.ru
704867,vyx-zoky.site
704886,vosshonda.com
704933,vkcyprus.com
704942,visa.com.jm
704997,vacunas.org
705008,vinetiq.nl
705010,voissy.com
705030,volvocarsbethesda.com
705135,video-camer.ru
705200,vhis.com.hk
705308,vocabulary.ru
705317,videodubber.ai
705347,vax-before-travel.com
705354,vspots.com
705358,vanillabeans.yokohama
705361,vlaamsekunstcollectie.be
705386,visionplace.uk
705421,voima.fi
705439,viennava.gov
705455,volksbank-brawo.de
705477,venturadesign.nl
705488,vinsetmillesimes.com
705553,visa.com.ng
705559,vetercek.com
705678,volkstheater.at
705685,vswizard.com
705709,vertexgrid.de
705746,vidma.com
705748,vpsmichcom.com
705799,visual-literacy.org
705830,viperaplatform.co.uk
705897,videoxxxfrancais.com
705963,virtualverse.one
705973,vipsevgilim.com
706028,vistamatrix.us
706040,vaaccwrij.cc
706080,vowdweddings.com
706129,vyvod-iz-zapoya-na-domu-ekaterinburg-28.ru
706208,vistaline.nl
706230,virdsam1.biz
706243,varors.com
706254,verba-group.ru
706307,visa.nl
706418,vertical.com
706444,visbags.com
706474,venturedata.com
706489,vdcard.in
706583,vidoe.top
706597,voortman.net
706668,versuri-versuri.ro
706764,venize.de
706818,vehicledart.com
706821,video-camera.ru
706829,vps-ag.com
706905,vgnlab.com
706936,vegas411.com
706961,vanersborg.se
707034,visitdenmark.fr
707095,vidsoda.com
707113,vollink.com
707135,valcosoft.be
707152,visionsource.com
707175,verband-wohneigentum.de
707253,visionarenamarket.com
707298,vape87.ru
707378,vipermix.cc
707379,voltatech.ir
707395,vsedorami.net
707432,vengo.cz
707452,vaada.org.au
707533,vitamindep.com
707553,vyvod-iz-zapoya-na-domu-ekaterinburg-27.ru
707606,vertexjackpot994.com
707692,vulko.cl
707720,vsj.ca
707770,vinyldisorder.com
707824,virenial.com
707838,valleyrecord.com
707849,vnar.xyz
707937,vacando.com
707942,virwholesale.com
707954,vip-chicken.site
707977,voyah-artmotors-ufa.ru
708009,vibrationresearch.com
708010,visitsouthport.com
708119,vishaypg.com
708132,visual-fantastix.ch
708165,virtualreal.pro
708259,velns.org
708295,ventureberg.com
708366,venueops.com
708381,villanoailles.com
708402,vibesofindia.com
708434,vsr.mil.by
708437,vegaoo.nl
708441,vaservices.eu
708479,vincisspin.de
708566,virtualjamestown.org
708609,vertexslots272.com
708647,vasi.net
708650,vallevaraitatrail.it
708675,vivaapotek.co.id
708719,vinetiq.eu
708726,vista.hu
708776,visitcausewaycoastandglens.com
708778,vansprint.de
708870,vividspace.uk
708940,violifefoods.com
709017,vost-tech.ru
709021,vitalfitreport.com
709083,veiligthuis.nl
709095,vercloud.ru
709174,vsegost.com
709206,vk4ma.com
709312,vegasreelcasino.com
709373,verdex.com.au
709380,vdm.ru
710718,vajillascorona.com.co
710719,valetta.pl
710720,vapoo.cz
710721,varietyth.com
710722,vaultroom.shop
710723,vaya.so
710724,vazza.com.mx
710725,velocity.in
710726,venalisa.com
710727,vendedor.site
710728,ventafe.com.ar
710729,vertbaudet.at
710730,veselka.clinic
710731,vestlandsnytt.no
710732,vhcjongensalmere.nl
710733,viadurini.it
710734,viaindustrial.com
710735,vichy.cl
710736,vidalgolosinas.com
710737,vidzstream.com
710738,vigoexpress.pl
710739,vigoshop.ro
710740,villaitalia.pl
710741,visseriefixations.fr
710742,viveprofit.pl
710743,vivovintage.com
710744,vnk8pay.com
710745,volantinopiu.com
710746,volcom.es
710747,voleybolunsesi.com
710748,vtrend.it
710749,vuadocau.com
710750,vypredajobliecok.sk
710843,velmart.ua
710845,viralnation.com
710867,visitnepa.org
710920,vling.net
711029,vdnsbg.com
711101,vector9nmb3.info
711148,visitlincoln.com
711161,verlaine-sports.be
711170,varthana.com
711176,volkery-bestattungen.de
711177,vibecall.co.uk
711183,vc-domains.de
711194,v4ns.net
711251,visionnetwork.uk
711286,vietcam-oh.com
711289,vzwww.be
711358,vegaslex.ru
711386,vipertecknives.com
711433,vaccinesafety.edu
711441,validtorrent.com
711498,voltsbattery.com
711719,vbb.pl
711741,vividcorner.uk
711772,vanguardavisionaria.com
711843,vehicle365.org
711883,vertexcasinostudio.com
711888,vodaland.com.ua
711899,videoplus.ai
711926,vetapteka1.ru
711951,viveroelencanto.com
711976,visuallinkdns15.com
711988,vertexwagernetwork.com
712017,visionvipzone.com
712046,vega-xt-mh.com
712061,vans.at
712113,veners.ai
712191,vmax.si
712207,verixis.live
712210,vervefind.com
712223,vybroo.net
712243,vivantbh.com
712261,volx-rz.de
712270,vanguardvw.com
712354,vlian.cn
712356,vva317.org
712369,volvocars.club
712433,veggiezone.cz
712490,venuetoolbox.com
712593,visiondesk.uk
712654,visionnetplus.co.uk
712709,vcp77.ru
712723,virdsam4.net
712737,velltra.se
712770,vavadac6yi.com
712781,v-strom.nl
712802,voxabooks.com
712804,velareehhaus.com
712872,v4all.de
712887,vividsolutions.uk
712932,visitoestfold.com
712939,viafibra.com.br
712958,vbsmp.ru
713033,vanehost.com
713048,vertexclublounge.com
713069,vedom.ru
713146,vashsad.ua
713196,visa.dm
713272,vzqfok.com
713278,vendrigpackaging.com
713314,video2mp3.net
713316,vavada66tt.com
713318,vsao.club
713337,vbplopc.com
713362,vchasno.com.ua
713434,vanbasco.com
713461,vubu-medical.de
713480,vodkabet-vodka.com
713487,valsadindustries.com
713500,vdlbuscoach.com
713602,vrteam.ru
713646,vavadasl6a.com
713696,vipprograms.cc
713774,vz.ua
713819,visual-teams.store
713854,virtualmusicalinstruments.com
713879,v1tours.com
713899,vavadawoi1.com
713917,vk-cdn.games
713979,vantire.ru
714020,volunteerflorida.org
714067,vydiio.com
714120,vcss.k12.ca.us
714125,vanislebc.com
714131,vklader.com
714171,valueetf.com.hk
714331,vir.group
714332,vladar.cz
714399,ved.vn
714400,vila-mila.com
714431,vidaatv.net
714460,vileda.de
714529,virtualacademy.ru
714602,volunteer.country
714620,vastdelivery.net
714635,vpro.com.tr
714657,viacord.com
714699,vladextremelife.ru
714747,visionzone.ca
714806,volkl.com
714872,vistapolicy.com
714885,vivon.ru
714974,vegasloungebet.com
714991,vidarholen.net
715043,vegas-casino-hero.nl
715123,vyrnplzo.com
715160,vibra.digital
715249,voyce.me
715339,vagyonor.hu
715345,vimarsso.cloud
715357,vorinn.com
715377,vsm2stl.ru
715453,vitalweb.io
715495,vpipi.com
715534,visionarenaonline.nl
715600,vertexpokerzone.com
715619,voordeelcrypto.nl
715622,vantechdns.net
715649,validsezai.cyou
715650,voyah-axis.ru
715702,visorjudicial.com
715711,vertexcasinoplus.com
715712,vacansoleil.nl
715762,vod01e001.fun
715774,visionbrit.co.uk
715783,vtsociety.org
715802,verte.tv
715819,varner.no
715867,vk21ii2.com
715875,ville-romainville.fr
716037,villagetraitgarret.com
716116,valtrexmedication.online
716135,vedomostiural.ru
716137,vectorshift.ai
716231,vortex-vpn.tech
716243,viscofan.group
716246,vetiveraromatics.com
716307,vodacomhosting.net
716333,virtualireland.ru
716660,vanschaik.com
716661,velosiped.mk
716662,vet-ebooks.com
716663,vetro.ro
716664,viaranews.com
716665,vihta.com
716666,viiideey.me
716667,vivi01.com
716668,vmart.pk
716669,vorto.no
716670,vsport-tt.com
716702,visitrichmondbc.com
716789,vignette-schweiz.com
716803,v4ns.dev
716920,vegan.at
716926,voocall.cz
716930,vggallery.com
716976,vroozi.com
717019,verwaltungshelden.com
717034,vinficient.com
717067,viessmann.fr
717104,vietidc.com
717156,valkyrie-hosting.org
717160,vergabe24.de
717213,visaconciergecemea.com
717288,veertua.com
717372,vtslystore.ru
717424,vcg.com.br
717483,view.com
717576,vexmovie.net
717597,vkuserapi.com
717631,verbraucherschutz.com
717648,villawh.com
717673,visionarenanetwork.com
717677,vardex.ru
717703,vanryck.net
717711,vesely-drak.cz
717793,vagabundo.co
717799,vladivostok.ru
717806,vare.fi
717849,vidyasagar.guru
717875,venicemachinetraining.co.za
717895,voggt.com
717976,valtori.fi
718099,vt-cosmetics.com
718146,vietnamyounglions.net
718151,vetrinamotori.it
718159,vertexspinplatform.com
718232,videonews.com
718240,videosat.inf.br
718252,voyah-rosauto-nch.ru
718257,vibecode-claude.online
718312,videolyser.de
718317,ville-rochefort.fr
718398,vipchipstation.com
718459,vmyths.com
718499,vmnvd.gov.lv
718524,vicosys.com.hk
718655,vojta.com.pl
718740,vtaserver.dk
718748,veganet.ru
718787,vivu88.cc
718821,velocat.ru
718831,velo-manager.net
719025,vsesoki.ru
719035,visitguam.com
719114,vr-vyksa.ru
719124,vergewaltigungsporno.pro
719125,vallox.com
719155,velomotor.ua
719156,vivid.net.nz
719264,valtechnet.com
719339,vivienergia.it
719439,vixenindia.com
719442,vec-ievc.org
719450,vegasarenaplay.nl
719461,vixenperfumes.com
719484,vdrak.net
719490,virtucrypt.com
719512,voyagertechnologies.com
719552,vaihingen.de
719597,verlix.xyz
719604,vapidsajeev.monster
719657,valuenet.com
719661,volt-corp.com
719725,vwd-webtech.com
719792,viewdigital.uk
719934,visaaccess.com
720008,vsyshosting.com
720011,visa-em.com
720037,visionvipgroup.com
720056,vitauct.ru
720087,vpravmozgi.ru
720100,vyvod-iz-zapoya-na-domu-sankt-peterburg-21.ru
720110,vigilantindependant.fr
720165,vividbusinessagency.nl
720275,valkental.com
720311,vocalata.com
720313,visioncorner.uk
720333,vitalinteraction.com
720343,virtualfinder.de
720394,vitrinclinic.com
720423,vifer.mx
720472,verwaltungshelden.de
720518,viphive1.com
720621,vs4you.de
720631,vokrugsmeha.info
720743,vikingbookings.com
720772,viata-shop.de
720776,v1019.com
720808,virdsam6.com
720862,vstsample.com
720908,vizual-dezinez.com
720922,veooz.com
721029,veta.go.tz
721048,visualvpn.hair
721083,vyvod-iz-zapoya-na-domu-ekaterinburg-29.ru
721112,vinhedo.sp.gov.br
721129,ver-cuevana.rest
721147,vktunnel.com
721168,v-p-k.ru
721323,videoamigo.com
721324,viettelmobile.com.vn
721334,vtpublishingcorp.com
721348,vidbyte.online
721352,vdotcameras.com
721356,voltasservice.com
721382,venzaniberlin.de
721417,vorlesetag.de
721421,villena.es
721433,voidguard.site
721465,valor-ar.com
721644,vlstats.com
721703,votisports.com
721717,visitizmir.org
721728,vo6jhyst.com
721740,voucherbeast.com
721752,vapegreen.co.uk
721828,vividmarket.uk
721861,vertexwagerpoint.com
721930,vdsplus.ru
721931,verelq.am
721992,voddadaizi.com
722021,velvetagencydaily.nl
722030,viniou.es
722111,verumtek.com.au
722118,visioncardsplatform.com
722175,vpinp.com
722220,vistanetwork.de
722291,vipparlorplanet.com
722298,viviti.com
722337,vipbayprime.com
722377,vivue.com
722411,vantrue.net
722444,vanasser.net
722473,vouvstudio.com
722554,visaprocessing.com
722586,vecher-s-soloviev.net
722590,v056.ru
722680,vipspot.ca
722694,vorteile.net
722801,visiondicecentral.nl
722892,viptel.sk
722895,vlasne.ua
722987,vibration.fr
723082,voicesevas.ru
723109,vaccinestoday.eu
723234,viettravelvisa.com
723256,vistapath.de
723277,viewy.ru
723285,vdp.com
723312,vtc.net
723315,videosdepornolatino.com
723345,vpshub.com
723356,ville-thonon.fr
723573,vivanchor.com
723584,vidcruiter.com
723626,vitaminwell.de
723630,vlordserial11.pro
723706,voidflow.site
723908,vrsnow.eu
723936,vipproducts.com
723960,vglobaltech.com
724025,vimawa.gov.vn
724082,vivod-iz-zapoya-1.ru
724120,veana.com
724124,vermontfederal.org
724156,vokkaligamatrimony.com
724225,vincent.voyage
724245,vevox.app
724300,visualcomponents.net
724328,vpsradio.com
724429,vodokanal.kharkov.ua
724432,vividworld.uk
724456,voterfly.com
724517,vkrimu.ru
724540,velocitycu.com
724598,vm-host.ru
724674,vbidr.de
724701,vert-stroy.ru
724709,vincentvanilla.net
724730,vob.casino
724774,vagarena.fi
724864,vpnjunior.ru
724952,vavadautkh.com
724996,vuewrapup.com
725001,vividplace.uk
725003,voys.co
725041,venetogol.it
725120,virdsam4.org
725145,vertigovinyl.com
725178,vozelia.com
725191,vyvod-iz-zapoya-na-domu-ekaterinburg-26.ru
725224,vocsli.today
725275,vidget.com.br
725281,verdazzo.com.br
725297,vindliefde.com
725347,voyah-albion.ru
725363,vegascash7.com
725368,vectorgaming.ca
725486,vertex3d.com
725587,vapsolo.com
725620,vpnproxybrowser.com
725649,vavadajfia2w.com
725663,vinsights.co.uk
725671,vipl.one
725680,verdecanyonrr.com
725694,veuxtuunebiere.com
725696,vlike.vn
725712,veero.ai
725802,vanillabeankings.com
725862,verovolley.com
725877,vcs-ads.agency
725900,voyeurzz.com
725915,vault-tec.systems
725949,vizmo.in
726029,vitisport.cz
726040,visionsolutions.uk
726126,vilde.pl
726154,verticalextreme.de
726199,vapeototal.net
726228,visioncentralhub.co.uk
726236,vii.com.au
726273,virtual-boy.com
727801,valeshop.com.br
727802,vallisvaseha.com
727803,valsun.cn
727804,vancore.fr
727805,vanikabirstudio.com
727806,vasco-electronics.it
727807,vastarathelabel.com
727808,vclip.io
727809,vcuda.net
727810,vdhnf9we.com
727811,veinstore.id
727812,vejalimpeza.com.br
727813,vermelho8.com
727814,vesta.watch
727815,vestrado.com
727816,vf-auktion.dk
727817,vidlox1.cc
727818,vigoshop.hr
727819,vikaboutique.com
727820,vikasnistore.in
727821,vikingcruisescanada.com
727822,vilagitascenter.hu
727823,villagemilk.com
727824,villagepharmacy.gr
727825,vinodcookware.com
727826,vinto.rs
727827,visoko.ba
727828,vitagold.bg
727829,vitrine-furniture.com
727830,vixflow.net
727831,vn8pay.com
727832,vno.co.kr
727833,vobraze.sk
727834,voida.pl
727835,vokfarm.com
727836,voltex.co.za
727837,vontx.com
727838,vti.it
727839,vty35.net
727937,vizorshd.com
727951,velcom.com
727972,vicibet.org
728044,viamundis.com
728119,vsro.org
728141,vturesource.com
728176,volksbank-ulm-biberach.de
728181,vezha.com
728246,varietyproduction.com
728331,visiontodayonline.co.uk
728372,vielimousine.com
728458,vegasino-9884.com
728497,vb-sauerland.de
728564,vipsignal.de
728575,volodonum.com
728617,vah.com
728643,vargyasnekonyveles.hu
728659,vegasdaily.de
728724,vrvm.com
728772,virboti.ro
728816,vertexroyal827.com
728832,vipcoreworld.co.uk
728866,visa.co.ve
728878,viewpoint3dearth.com
729045,virdsam10.org
729107,visionbet587.com
729126,vietsubphim.org
729189,veryhappy.pw
729199,vehicleaccompressor.com
729216,vv27.com
729233,voxbloomsphere360.com
729255,voyah-arsenal-krasnoyarsk.ru
729277,visionluckystudio.com
729291,vothanonline.com
729343,vgkh.ru
729485,vwwkp1ocx.com
729497,v56ji26.com
729510,vyazhusama.ru
729517,vmpsoft.com
729535,vegasvault.de
729541,visual-3d.com
729549,vybor-naroda.org
729588,vegascasinos.co.in
729630,vanilla.joburg
729663,voynich.net
729678,vendingsolutionsaustralia.com.au
729688,veranimes.net
729694,voer.edu.vn
729711,visionworld.ca
729766,vikhome.ru
729818,voidrift.global
729832,vsrv.tech
729853,vestreviken.no
729903,vipnett.net.br
729904,velayat.ac.ir
729936,viralmag.fr
729996,versatiles.org
729999,voasomali.com
730001,vernicispray.com
730056,velosting.com
730104,virtual-memorials.com
730147,valsoft.tools
730155,varivas.co.jp
730166,vortexinfoway.com
730202,vectorpokerhouse.com
730207,vyoo.ch
730283,vitalow.com
730327,vuurwerkalmere.nl
730349,voltstack.au
730369,velondo.com
730388,vidhideplus.com
730494,vgn.at
730519,virdsam.my
730708,varaft.eu
730822,visithachinohe.com
730841,valleyswap.com
730898,volgo-balt.ru
730912,veldshop.nl
730919,vinbus.vn
730925,viviendasroca.com.ar
730952,vitality101.net
730959,vhs-mtk.de
731064,video-chat.love
731088,vevorshop.lv
731185,virgilabloh.com
731266,vertexbridge.de
731283,vaqs0u.com
731332,versens.com
731445,virtualupdate.de
731539,vanhaaster.nl
731564,vdng.ua
731574,videozona.co
731618,vesr.gov.au
731623,vierpfotenmarkt.de
731637,vvsforum.se
731638,viplist.online
731687,velvettaco.com
731699,vivax.com
731717,visiopro.eu
731758,voice-xvp.net
731770,vhfcontest.ru
731798,vv.lt
731803,vereinsmeister.com
731927,vleyxyet.bond
731975,vijaykarnatakaepaper.com
732006,viningsbusiness.com
732088,vectorcasino.ca
732092,vertexline.de
732139,vpncoffee.store
732144,vinzenzmurr.de
732169,veown.com
732254,viagra25.us
732270,visionroyal997.com
732309,vispy.net
732325,visitliptov.sk
732341,v2.game
732391,valtrexbt.online
732448,vtweb.com
732522,viapass.eu
732538,viewdara.com
732552,vividhomeamsterdam.nl
732566,veloreaco.com
732582,volvocarsseattle.com
732587,vividabkk.de
732658,vfliga.name
732672,vizpartonnyaralunk.hu
732681,vendon.net
732686,virtus.it
732788,virtunum.com
732853,vodkabet-zerkalo.vodka
732917,voidr.co
732966,vcpbx.ru
732999,visitlimonesulgarda.com
733032,vauhdikas-casinos.fi
733078,visithersheyharrisburg.org
733088,vayahealth.com
733103,vodkabett.top
733197,vectorzone.de
733293,vkpets.me
733338,visualvault.com
733349,vertexgroupe.com
733396,vtambove.ru
733457,vardagsarenan.se
733494,vsense.co.uk
733639,vres.gr
733756,vd2onebm.fun
733796,vnetwork.dev
733812,visit-occitanie.com
733857,volvoclub.org.uk
733901,veenoxcloud3.com
733919,viettelhomewifi.com
733920,veritaszim.net
734010,vanaheim-ragnarok.online
734016,vick-medicamentos.com.br
734048,vinylhavenbrand.com
734225,vedaz.io
734226,vinylwarehouse.co.uk
734227,vostfree.ws
734228,vpa.com.vn
734296,vickyflipfloptravels.com
734302,vidbox.xyz
734304,vegasstripcasino.net
734347,vert-marine.com
734375,vp-autoparts.se
734390,vodokanal.kiev.ua
734447,visualphone.com.br
734479,vvvterschelling.nl
734484,videq.biz.id
734486,vistasynergy.us
734572,vkool.com
734616,videobonporn.com
734638,viski.com
734642,visionracer.ru
734762,venus.com.ec
734818,vanoppen.com
734849,video.szex.hu
734863,vostokinc.ru
734882,volnamistaunas.cz
734891,vertice.one
734895,velvetbusinessranking.nl
734898,vcaretrichology.com
734936,vpn.uz
734942,volteh.ru
734998,volkis.com.au
735021,vsomglass.com
735084,visitcolumbiamo.com
735235,vlgaimup.blog
735249,volunteeringaustralia.org
735254,volk.group
735278,vs-u.com
735509,virtez.pro
735518,valutaomregner.co
735520,virdsam.work
735648,voxmack.com
735677,vtopcial.com
735744,verifieddigest.com
735758,vikna.if.ua
735789,valtrexarb.online
735869,valeriahome.com
735917,voegelinview.com
735952,valdiviesowines.com
735958,vsdata.dk
735990,vizorlabs.tech
735999,vniiofi.ru
736046,velvetworksnews.nl
736057,vtrl.cc
736073,vyvod-iz-zapoya-klin12.ru
736119,volunteerforever.com
736222,visc.us
736241,vr-cloud.info
736289,vacances-pour-tous.org
736331,vivacredit.bg
736353,vhod280.sbs
736365,villaggiodellasalutepiu.it
736394,vormetro.com
736487,virtualarchitects.com
736497,vapelit.de
736522,vta.lt
736568,valveking.com
736587,visionpalace.ca
736632,viamobilidade.com.br
736660,vizey.net
736662,vintagebmw.org
736692,vteatrekozlov.net
736703,vipapi.me
736813,viphost.bg
736831,vietnam-visa.com
736886,verycloud.io
737891,v902.cc
737892,vammo.com
737893,vbtverhuurmakelaars.nl
737894,vector-d.ua
737895,vendnovation.com
737896,vericlaim.co.za
737897,vertera.org
737898,vestua.mx
737899,vetcheck.it
737900,villabalisale.com
737901,vintagefootballclub.com
737902,virtualcabinetportal.com
737903,visionexpress.ie
737904,visualmedica.com
737905,vivreici.com
737906,vosfactures.fr
737907,vrmgr.com
737908,vshotsapp.com
737909,vumaex.co.za
737910,vvuzz.ru
737911,vzutik.com.ua
738016,velvetclassic.net
738094,vcchosting.com
738159,veen.com
738190,vehicle-certification-agency.gov.uk
738224,vrelegume.rs
738228,vieconcenter.at
738276,vimcasts.org
738294,v2sv.top
738303,vado.ro
738334,ville-meaux.fr
738360,virtoriantech.com
738363,virdsam1.com
738381,vrontinos.gr
738383,vsmservice.ru
738400,visalietuva.lt
738444,vortexwagercrewprox.com
738500,veeroute.ru
738535,viamao.rs.gov.br
738544,visionfuelnow.com
738629,velo-identity.net
738638,volapuplatform.com
738651,vietlott.mobi
738719,visionlife.uk
738772,vtcmag.com
738777,veneti.sk
738797,viperwin.ch
738837,vodkabetnewspinsvodkabet.com
738899,vavada-fqas.buzz
738960,virginia.guide
738982,valtellinaoutdoor.it
739007,vakuf-gazi.ba
739053,val-de-marne.gouv.fr
739156,vortexcollective.co.uk
739164,vilkasgroup.com
739165,verdistyle.ru
739245,virtualmonitor.de
739335,veloturbo.net.br
739370,v-moda.com
739377,vvv.nl
739413,vsu.ac.in
739495,vpnchr.com
739528,velvetsourcearnhem.nl
739563,vanraure.net
739565,visa.com.ec
739641,verseo.pl
739658,v2docusketch.com
739662,vrbank-hsh.de
739706,vegasvaulthub.nl
739734,video24chat.ru
739758,visa.ee
739762,valyrastore.com
739765,vekus.ru
739776,vyvod-iz-zapoya-penza18.ru
739798,vrhosting.su
739815,vboxx.eu
739836,vavada-pln.online
739865,vbcdn.com
739872,vanicream.com
739874,vcat.vic.gov.au
739911,v-lodke.ru
739933,virtualsolutionsec.com
739944,vnaftalan.com
740009,victor96.com
740113,vegzetur.hu
740230,velleahome.mk
740233,vniiftri.net
740292,videosection.live
740348,vtstateparks-visit.com
740417,vchatesexa.ru
740447,vaccoda.com
740462,vectorsite.net
740504,villalakepartners.com
740535,vibesignal.space
740552,victoriaville.ca
740564,vikavila.com
740569,volero.pl
740620,vodka718.online
740653,vegas-x.org
740705,vliprtzfq.cc
740774,veduapp.space
740857,voltaredonda.rj.gov.br
740879,verno.cc
740889,valgufix.xyz
740943,vibeweb.tech
740950,vyvymanga.net
740966,vipbox1.org
740971,varthagamsoft.co.in
740996,videoeffects.com
741011,viola.org.ua
741014,validyzer.com
741260,viejitas.top
741296,vo-vse-tiagkie.com
741319,veridas.com
741360,verbraucher-umschau.de
741366,vmv24.de
741372,vlmbd.com
741414,vent-style.ru
741488,vodka539.online
741564,velopodium.com.ua
741622,vipph.org
741624,villaggioisamar.com
741715,visionai.goog
741731,vshalashe.com
741748,verztec.com
741788,vatterhem.se
741805,volunteersweek.org
741816,versee.de
741858,vatyar.ru
741888,varzeagrande.mt.gov.br
741951,valkhofmuseum.nl
741995,volksbank-trier-eifel.de
742001,vtrahe.pw
742027,versanttest.com
742076,vintahome.com
742103,velosite.ru
742109,vmathome.com
742171,vulkanizerstvo-furlan.com
742187,veracross.au
742199,vanzadelhoff.nl
742250,vitalybrasil.com.br
742377,velixirparfums.com
742482,visasakcijas.lv
742630,vill.zamami.okinawa.jp
742669,vinseeker.com
742729,vidalhealth.com
742734,vinaofthevalley.com
742811,viewmessages.com
742876,viesiejipirkimai.lt
742879,vmedu.com
742898,vivaexplorers.com
742935,vetrenyi.com
743051,ventilatory.cz
743108,vigorish.ru
743124,vostok-auto.net
743276,valohai.com
743355,vodkam.online
743405,vrstyle.cn
743414,vividgalo.top
743415,venturex.com
743438,vsesto.ua
743494,vem.com
743520,vintageroots.co.uk
743532,vodovoz-spb.ru
743539,vb2.casino
743545,vipluck.pl
743558,vtx.icu
743562,viterma.com
743582,vividguide.uk
743666,vaxepi.gov.bd
743698,vnaa.org
743714,vegastrack.de
743728,visitopatija.com
743747,vibrogame.com
743791,vipthink.cn
743811,vivalarock.jp
743897,vkfkdhzkwlsh.com
743909,valor.su
743933,vikaselectricalwork.in
744006,vavada-go746.buzz
744107,vilnix.uk
744201,voat.xyz
744209,vectordomelines.com
744230,victoriaeducation.co.uk
744326,visioncasinospace.com
744353,visiondns.net
744437,vardenafilotc.com
744440,veroniquecloutier.com
744445,vogel.si
744450,vwh1.net
744473,vektorpharm.ru
744483,vegaspbs.org
744508,visitalexandriava.com
744542,verbraucherzentrale-hessen.de
744556,vertigopolitico.com
744583,vintageapple.org
744621,vijaysales.systems
744752,venture-news.ru
744773,verfmenger.com
744777,vuongquocthanthoai.com
744813,visidea.ai
744821,vikadmitrieva.ru
744840,vtkt.ru
744882,viewtech.uk
744903,vapebg.com
744946,vasta.me
744950,vseautoemali.ru
744954,viermalvier.de
744973,vesomyhanh.com
745070,voltmaster.de
745094,virtualclass.com.br
745095,volcom.eu
745177,vipblind.ru
745231,velocitybets.co.uk
745232,vir.bio
745364,viphub.us
745385,volton.gr
745411,vip-casino-mx.com
745417,vulkanbets.net
745418,vertexdaily.de
745419,vitrolife.com
745430,vyvod-iz-zapoya-v-staczionare-sankt-peterburg-20.ru
745511,vpn88.online
745517,vividcraftlink.nl
745588,vividworks.uk
745591,vg-sat.online
745601,vtbstrana.ru
745627,virtualvolunteering.com.au
745661,vcc.io
745756,vel.pl
745763,veldhoven.nl
745766,vandalshop.hr
745855,valuetesters.com
745904,vand.ru
745938,visitlead.com
745961,viewbright.uk
745979,vistabase.de
745984,vostrely.com
746073,vikingsauto.in
746076,visionviplab.nl
746088,volleynews.gr
746089,vectorclub.de
746097,vakifkart.com.tr
746183,verbateamservices.com
746205,visitdays.com
746229,virtualhosting.hk
746232,viv.nl
746255,vacproduct.com
746314,volts.ca
746325,vkm.no
746341,vihreat.fi
746350,vizrtcloudplatform.com
746365,vietnamairport.vn
746371,velvetropes.com
746392,vestahost.ru
746396,valuemaxgaragedoorrepair.com
746409,vortexjackpot247.com
746459,vegasupdate.de
746464,vxqun.com
746500,vegasresources.de
746535,ventrahealth.com
746554,voltra.tv
746566,volt-vpn.app
746567,veduapk.live
836526,v-clock.com
836527,v-d-y.xyz
836528,v-dey.com
836529,v-edith.hu
836530,v-hand-machida.com
836531,v-hand.com
836532,v-hive.com.ph
836533,v-ist.com
836534,v-selektsearch.jp
836535,v-slice.com
836536,v-valoraciones.es
836537,v.com
836538,v0yqi6fv.com
836539,v1.market
836540,v12betmy.net
836541,v12my.com
836542,v168.live
836543,v18.game
836544,v1868.com
836545,v1adm.net
836546,v1g3y3k3.com
836547,v1j4q0x.com
836548,v1m4x8.com
836549,v1m7gm7.com
836550,v1pedia.com
836551,v2a2j9j2.com
836552,v2c2v4.com
836553,v2d2k1m9.com
836554,v2game.vip
836555,v2h7i2.com
836556,v2h9qwl7nf.com
836557,v2hotel.com
836558,v2j93vla.com
836559,v2k8p7.com
836560,v2ksolutions.org.in
836561,v2p8n3.com
836562,v2r6m4k.com
836563,v2retail.com
836564,v2s9a5.com
836565,v2v.ltd
836566,v2vh389y.com
836567,v34f03.com
836568,v380.org
836569,v3blasting.com
836570,v3cuci2.com
836571,v3d4p7t.com
836572,v3game052r.com
836573,v3gamecs.live
836574,v3guedw7.com
836575,v3k9f8d.com
836576,v3k9r1x.com
836577,v3m2t6.com
836578,v3n7x2ra.com
836579,v44.bet
836580,v47fgjgafexkdg9awf5vde4yv18fvqjx.jp
836581,v48fs5.com
836582,v4h0t7.com
836583,v4r7m3k8.com
836584,v4u7stu.com
836585,v4x6qn.com
836586,v5469.com
836587,v55v77.com
836588,v55v99.com
836589,v56ji29.com
836590,v56ji32.com
836591,v5gfe.com
836592,v5n0b1w.com
836593,v5q1j1.com
836594,v5r2k7.com
836595,v5sw45ve.com
836596,v5v.fun
836597,v5x2k8.com
836598,v5xkf.com
836599,v666win.com
836600,v66wx.com
836601,v68.bet
836602,v68.com
836603,v6b7j8.com
836604,v6f2x3k.com
836605,v6fdfnhp.com
836606,v6p0h1.com
836607,v6p1x4m.com
836608,v6r3m9.com
836609,v6rubw.com
836610,v6t2z9.com
836611,v6y3z5.com
836612,v7.games
836613,v7767.com
836614,v777.game
836615,v7a4f6bf.com
836616,v7bmw.com
836617,v7c2r8u.com
836618,v7d1x8hk.com
836619,v7fun.games
836620,v7j40m.com
836621,v7k4m9.com
836622,v7m2t8.com
836623,v7m7m9r.com
836624,v7n4m2.com
836625,v7p2m8q.com
836626,v7pg.de
836627,v7s8d4.com
836628,v86yt3.com
836629,v87.org
836630,v87.pro
836631,v87h7w.shop
836632,v888s1.com
836633,v888s2.com
836634,v8c8oyzm.com
836635,v8i6q7e5.com
836636,v8l1i6.com
836637,v8m2x3.com
836638,v8m4pz.com
836639,v8ogcz.com
836640,v8p1r5z.com
836641,v8qve.com
836642,v8x4t3.com
836643,v8x5t3.com
836644,v8zz6n.com
836645,v9.delivery
836646,v9a1p2p.com
836647,v9a2t5.com
836648,v9a5r3m.com
836649,v9c7v2.com
836650,v9f7m7.com
836651,v9j56y3e.com
836652,v9mogxh6.com
836653,v9r1t4.com
836654,v9u38f2.com
836655,v9u3t7.com
836656,va33rdfj.com
836657,va7c.com
836658,va999.win
836659,va9999.com
836660,vaaleria.com
836661,vaani777.com
836662,vaaradhifarms.com
836663,vabderlaok.ru
836664,vacalvers.com
836665,vacances-andretrigano.com
836666,vacancybox.co.zw
836667,vacancyform.com
836668,vacandlesupply.com
836669,vacantespanama.com
836670,vacanza.com.tw
836671,vacationmarbella.com
836672,vachiraphuket.go.th
836673,vacunashnrg.com.ar
836674,vadasthermal.sk
836675,vadbak.com
836676,vaderpay.net
836677,vadicindia.com
836678,vadp.gov.vn
836679,vae.gouv.fr
836680,vaesis.com
836681,vafast.xyz
836682,vag-coding.fr
836683,vagabondmangafree.com
836684,vagadeempregosp.com.br
836685,vagahomeoffice.com.br
836686,vagas-sp.com
836687,vagasbsb.com.br
836688,vagasdeempregonordeste.com.br
836689,vagasdeempregorio.net
836690,vagasemhospitais.com.br
836691,vagasfloripa.com.br
836692,vagasmoz.com
836693,vagasnabahia.com.br
836694,vagaspat.com
836695,vagasremotas.net
836696,vagbet.com
836697,vahaka.app
836698,vahro.in
836699,vaidebicho.online
836700,vaidhyanarayanamurthy.com
836701,vaidhyo.net
836702,vaidyaashwani.com
836703,vaidyamanager.com
836704,vaidyaratnamstore.com
836705,vaidyo.in
836706,vailon.blog
836707,vailonxxx.blog
836708,vairalink.com
836709,vairavimoegzaminai.lt
836710,vaishali.nic.in
836711,vaishalisecuritiesltd.com
836712,vaitrix.com
836713,vajehsaz.ir
836714,vajulitas.lt
836715,vak88k1.com
836716,vak88z2.com
836717,vakantiehuisje.nl
836718,vakifmagaza.com
836719,vakilvand.com
836720,vakkervenn.com
836721,vakrevene.no
836722,vaktija.dev
836723,vaktija.si
836724,val-doise.gouv.fr
836725,valabelemochero.com
836726,valadares.mg.gov.br
836727,valat.si
836728,valbomsport.com
836729,valciucentras.lt
836730,valdarnopost.it
836731,valdegracemexico.com
836732,valdezbaluarte.mx
836733,valdle.gg
836734,valedobicho.fun
836735,valeindependente.com.br
836736,valenciacitas.com
836737,valentinaflats.com.br
836738,valentinavoss.es
836739,valento.es
836740,valeotrikotage.com
836741,valero.com.mx
836742,valeryaccesorios.com.ar
836743,valesocial.rj.gov.br
836744,valesuico.com.br
836745,valetaxid.com
836746,valetparkingsoftware.com
836747,valfresco.com
836748,valgal.net
836749,valgee.com
836750,valhallacasino.dk
836751,vali-data.com.ar
836752,validifyysms.com
836753,valinhos.sp.gov.br
836754,valion.estate
836755,valistus.in
836756,valkae.fr
836757,valkandor64.sbs
836758,valko.ua
836759,valladolidcomercioproximo.es
836760,vallartaplus.mx
836761,valleedepratmeur.com
836762,valleitalia.it
836763,vallejocalzados.com.ar
836764,valleverde.it
836765,vallheru.eu
836766,vallreg.se
836767,valmenti.com
836768,valocity.co.nz
836769,valor-utm.cl
836770,valoragt.com
836771,valorant4jp.com
836772,valoranthentai.net
836773,valorantstrike.com
836774,valordoconhecimento.com.br
836775,valordotrabalho.com.br
836776,valostore.fi
836777,valpulse.com
836778,valseriananews.it
836779,valtellinabike.com
836780,valtermotor.com.ar
836781,valtur.com
836782,valu.co.il
836783,valucarehealth.com
836784,value-nft.com
836785,valuecard.co.il
836786,valueco.co.za
836787,valuedopinions.co.nz
836788,valuedopinions.com.au
836789,valuegift.jp
836790,valueplus.mu
836791,valuethingz.in
836792,valuevillagelistens.com
836793,valutaomregner.dk
836794,valuuttamuunnin.com
836795,valvebagmachine.com
836796,valy.si
836797,vamanioverseas.in
836798,vamonos-vacanze.it
836799,vamos-kw.com
836800,vamos88-b.store
836801,vamosciclon.com
836802,vamoscolorirdesenhos.com.br
836803,vampan.net
836804,vampire-diaries-lostfilm.net
836805,vamrad.by
836806,van-happy.com
836807,van.co.jp
836808,vana9.com
836809,vanachat.me
836810,vanahq.com
836811,vanardenmode.com
836812,vanaroma.com
836813,vanauthentic.com
836814,vancouverislandmls.com
836815,vanda168.win
836816,vandanasarees.com
836817,vandbfest.fr
836818,vandelaer.be
836819,vandenborrekitchen.be
836820,vandenbroeckbegrafenissen.be
836821,vandendriessche.be
836822,vanduo.lt
836823,vandyckshop.nl
836824,vaneczaciodasi.org.tr
836825,vanessacalzados.es
836826,vanessacuisine.fr
836827,vangbachaihong.com
836828,vangbacphucthanh.vn
836829,vanghee.com
836830,vanghoatungqng.com
836831,vangkimlien.com
836832,vangogh.kyiv.ua
836833,vangorpuitvaartzorg.nl
836834,vangsonha.com
836835,vanguardia4.com
836836,vanguardtms.net
836837,vanhoofuitvaartzorg.be
836838,vanhoutteghemfunerals.be
836839,vanhovebegrafenissen.be
836840,vanilla-japan.love
836841,vanilla-japan.net
836842,vanishanovels.com
836843,vanity.com.mx
836844,vanityglamourboutique.com
836845,vanityme.link
836846,vaniyamarriagebureau.com
836847,vanlife-store.com
836848,vanminh76.vn
836849,vanniyarpallavanmatrimonial.com
836850,vanpay88.com
836851,vanpix.com.br
836852,vanquishproducts.com
836853,vans.co.il
836854,vans.com.co
836855,vans.com.tr
836856,vansal.in
836857,vansan-ltd.jp
836858,vantagesfa.com
836859,vantaingoclan.com
836860,vantarabet.com
836861,vantex.finance
836862,vantroba.com
836863,vanyaawas.com
836864,vanyafashion.eu
836865,vanyaonline.com
836866,vanzarlink.mx
836867,vape60shop22.com
836868,vapeandgo.com.my
836869,vapeclubth.org
836870,vapehaus.com.my
836871,vapehuset.se
836872,vapehydra.in.ua
836873,vapeiran22.com
836874,vapekadeh2.com
836875,vapekingaustralia.com
836876,vapemall.pk
836877,vapemumbai.in
836878,vapeorder.in
836879,vaperalia.es
836880,vaperworld.cl
836881,vapeshopsky.com
836882,vapeskidon.site
836883,vapevilla.in
836884,vapex23.com
836885,vapexlabs.in
836886,vapicity.in
836887,vaploja.com.br
836888,vaporism.cz
836889,vaporizerjakarta.com
836890,vaporlinq.net
836891,vaporplanet.pt
836892,vaporworldbd.com
836893,vaporzonebd.com
836894,vapostore.com
836895,vapoursdaily14.com
836896,vapozoneshop.com
836897,vaprio.sk
836898,vapstersolutions.com
836899,vaptvupt.go.gov.br
836900,vaqueiro.pt
836901,vaqueiros.mx
836902,vaqueria.com.ar
836903,varadharajatheatres.com
836904,varamlatex.in
836905,varanasi.nic.in
836906,varanchi.com
836907,varanga.in
836908,varbet365.com
836909,vardan247.com
836910,vardhmanknitworld.com
836911,varelli.pl
836912,varesine.it
836913,vargagyogygomba.hu
836914,varginha.mg.gov.br
836915,vargiuscuola.it
836916,variadomundo.shop
836917,variadomundoco.shop
836918,variance-collection.com
836919,variante-mate.ro
836920,variedad-ofertas.com
836921,varietydouga.org
836922,variosuper.org
836923,variyarmatrimony.com
836924,varlaz.com
836925,varli-baby.com
836926,varmflirt.com
836927,varmlandsff.se
836928,varmus.com.mx
836929,varneridentity.com
836930,varnet.cz
836931,varonefragances.com
836932,varrogepcentrum.hu
836933,varsovienne.cl
836934,varuna.net
836935,varunmultimedia.me
836936,varunmultimedia.net
836937,varzishtv.tj
836938,vasantagrand.com
836939,vasanthamrecharge.com
836940,vasaruhaz.hu
836941,vasaviprasadmatrimony.com
836942,vasbyhem.se
836943,vasco-electronics.pl
836944,vascoboutique.com.br
836945,vasdom.hr
836946,vase-eroticke-povidky.cz
836947,vasguatemala.com
836948,vasilevsad.com.ua
836949,vasmuszakibolt.hu
836950,vasnastories.com
836951,vasoeflor.com.br
836952,vasofashion.it
836953,vastgotabladet.se
836954,vastorageservice.com
836955,vastquery.co.in
836956,vastrakaala.com
836957,vastramaniaa.com
836958,vastranzo.com
836959,vastrashops.com
836960,vastucorp.com
836961,vastunbfc.com
836962,vaszkoshop.hu
836963,vatakaravarthakal.in
836964,vatangame.az
836965,vatanv.ir
836966,vatcalculator.co.uk
836967,vatonage.com
836968,vatrab.com
836969,vatsak.com.ua
836970,vaughanshoes.ie
836971,vauhdinmaailma.fi
836972,vaurioajoneuvo.fi
836973,vavabid.be
836974,vavoomshop.co.kr
836975,vavyskov.cz
836976,vawulite.com
836977,vayaapp.in
836978,vayapp.org
836979,vaybonustlp.com
836980,vayindir.com
836981,vaymeo.vn
836982,vayvnd.net
836983,vayxanh.com
836984,vazecollege.net
836985,vazirexch.com
836986,vaziva.com
836987,vb-sp.com
836988,vb711.cc
836989,vb8000.com
836990,vb8001.com
836991,vb8003.com
836992,vb8012.com
836993,vb8022.com
836994,vb8027.com
836995,vbdace.com
836996,vbdlis.vn
836997,vbelievers.com
836998,vbepay.com
836999,vbewa6g2.com
837000,vbikini.com.ua
837001,vbk-online.de
837002,vboutiquehotels.com
837003,vbq8so.com
837004,vbrajasthan.in
837005,vbs8heew.com
837006,vbu.ac.in
837007,vbyqz6.com
837008,vc35d.vip
837009,vc55.org
837010,vc55g1.com
837011,vc77.food
837012,vc776xlv.cc
837013,vcanbuy.com
837014,vcaremedisconhospital.com
837015,vcarenetwork.com
837016,vcargocloud.com
837017,vcatalog.ro
837018,vccb.co.za
837019,vcconecta.com.br
837020,vceliobchod.cz
837021,vchats.ru
837022,vcip-earlysalary.in
837023,vcity88mmk.asia
837024,vcity88mmk.com
837025,vclock.kr
837026,vcm.org.in
837027,vcms.kr
837028,vconnect.be
837029,vconsol.com
837030,vcpvip.com
837031,vcrevrpf7.cc
837032,vcs777situsvip5.com
837033,vcs777terbaik.com
837034,vcsapps.com
837035,vcsys.com
837036,vcwfcf.com
837037,vdata.my
837038,vdategames.com
837039,vdc3z3k.cc
837040,vdigital.co.in
837041,vdit.co.uk
837042,vdivani.co.il
837043,vdksoar.com
837044,vdn999.top
837045,vdnisite.com
837046,vdnuiofg8678.shop
837047,vdom.by
837048,vdrtrader.store
837049,vduapkdl.com
837050,ve567.live
837051,veblog.ir
837052,vebs.gr
837053,vebsonfx.com
837054,vecerasunisu.com
837055,vecinassecretas.com
837056,veckonr.se
837057,vecoaccess.com
837058,vecos.at
837059,vecteurbac.fr
837060,vectorblast.vip
837061,vectorcertifikace.cz
837062,vectorindia.org
837063,vectorinstitute.in
837064,vectorpos.com.co
837065,vectrapet.com
837066,vectro.ro
837067,vecty.co
837068,vedaiit.org
837069,vedalex.in
837070,vedanshcraft.com
837071,vedantaconnect.com
837072,vedantaerpserver.com
837073,vedantsamachar.in
837074,vedastro.org
837075,vedic.dev
837076,vedmarg.com
837077,vedokt.com
837078,vedotpatti.in
837079,vedsanjeevani.com
837080,vedu.org.in
837081,veduappdl.com
837082,vedvedya.com
837083,veedmix.com
837084,veedz-gn.com
837085,veedz-tr.com
837086,veera69th3.com
837087,veervastra.in
837088,veestrit.com
837089,veetehnika.ee
837090,vega-agency.com
837091,vega-wallet.com
837092,vega888.space
837093,vega888.vip
837094,vegaacademy.ca
837095,vegaah.com
837096,vegaguerrero.com
837097,vegamovie.me.in
837098,vegamovies-apk.com
837099,vegamoviies.website
837100,vegaplus.com.br
837101,vegaresults.com
837102,vegas-chiba.com
837103,vegas-vip.org
837104,vegas11.in
837105,vegas11.love
837106,vegas11.tv
837107,vegas123rock.com
837108,vegas168.ca
837109,vegas338great.com
837110,vegas338siap.cyou
837111,vegas777.org
837112,vegas777slot.xyz
837113,vegas78.win
837114,vegas88king.xyz
837115,vegas969huat.com
837116,vegasbet.com
837117,vegasbook9.com
837118,vegashero-2944.com
837119,vegasinhome.com
837120,vegasmod.shop
837121,vegasppf.com
837122,vegasxusa.com
837123,vegatoys.com
837124,vegawinpasti.com
837125,vegetablemarketprice.com
837126,veggiegardenseeds.com.au
837127,vego789.asia
837128,vego789.me
837129,vegus1.com
837130,vegus24a1.com
837131,vehicle123.com
837132,vehiclefield.com
837133,vehiclem.com
837134,vehicleservices.gov.ie
837135,vehiventa.com
837136,veicolo.app
837137,vejaoresultado.com
837138,vejoa.com
837139,vekalati.ir
837140,vela24ze.com
837141,velammacomics.vip
837142,velaquin.com.mx
837143,velar777.com
837144,velascostore.com
837145,velavanlot.com
837146,velbettdaf.online
837147,velbettdaf.store
837148,velca.jp
837149,veldman.pl
837150,velekey-ekszervilag.hu
837151,velenje.com
837152,velenox.com
837153,velentaria.com
837154,veles-auto-dv.ru
837155,velicresrealm.com
837156,velissejewells.com
837157,velki.world
837158,velki123.win
837159,velki247.live
837160,velkibd.pro
837161,velkie365.com
837162,velkiex123.cc
837163,velkinew.com
837164,velkis123.com
837165,velliani.com
837166,vellkebdt.com
837167,vellki365.app
837168,vellore.nic.in
837169,vellostore.com
837170,velmira-nolivra.com
837171,velmoratienda.shop
837172,velo-land.com.ua
837173,velo.si
837174,velobeat.ru
837175,velobrival.com
837176,velodrop.com
837177,velofute.com
837178,velomania.ch
837179,velomapa.pl
837180,velora.ae
837181,velosprint.sk
837182,velotrend.com.ua
837183,velourclothingexchange.com
837184,veltechadmissions.in
837185,veltrixdaun.com
837186,velur.gr
837187,vempracama.com
837188,ven-door.com
837189,vena.com.tr
837190,venacaven.one
837191,venatio.hr
837192,venbest.ua
837193,venceu.com
837194,vench.fr
837195,vency.ir
837196,vendanalive.com.br
837197,vendascorporativas.com.br
837198,vendedorp2p.com
837199,vendercomprardolares.com
837200,vendingast.com
837201,vendingmuxunav.com
837202,vendlog.com
837203,vendorintegrityaccess.ph
837204,vendorpia.com
837205,vendors.gov.sg
837206,vendzon.com
837207,venelectronics.com
837208,venerabike.rs
837209,venerecloud.it
837210,venes.com.br
837211,veneza789.fun
837212,venezuelainformahoy.com
837213,vengacredit.com
837214,venganzasdelpasado.com.ar
837215,venice-cinemas.com.tw
837216,venice789.net
837217,venicelotto.net
837218,venira.sk
837219,veniteuniversity.edu.ng
837220,venkatramacalendar.com
837221,venkonlog.com.br
837222,venkyacademy.in
837223,venneslatidende.no
837224,venneu.com
837225,vennguyenkyuc.vn
837226,venom-889.org
837227,venomgame.com
837228,venoplay.com
837229,vensy.store
837230,ventaboletostrenmaya.com.mx
837231,ventadecolchones.com
837232,ventanas.es
837233,ventascallcenter.com
837234,ventascejer.cl
837235,ventastore.cl
837236,ventdepot.mx
837237,vente-unique.co.uk
837238,vente-unique.no
837239,vente-unique.se
837240,venteavente.org
837241,venteaviviraunpueblo.com
837242,ventiapp.mx
837243,ventilation.se
837244,vento-credit.com
837245,vento.com.co
837246,ventonet.com.mx
837247,ventota.store
837248,ventrixa.xyz
837249,ventti.mx
837250,ventureexpress.com
837251,ventureinsga.net
837252,venturi7777.com
837253,ventus.energy
837254,ventuscorp.cl
837255,venty.jp
837256,venuatours.pl
837257,venus-electric.net
837258,venus-walker.com
837259,venus303-branded.com
837260,venus55.com
837261,venuscinema.vn
837262,venushotelsoftware.com
837263,veobabys.com
837264,veolia.cat
837265,veolibotanica.pl
837266,veontprbot.com
837267,vept.com.vn
837268,veqrmenu.com
837269,ver-hentai.online
837270,ver-mangas-porno.com
837271,vera-italy.ro
837272,veradek.ca
837273,veraeleganza.it
837274,verafarma.it
837275,verameyer.de
837276,veranda-en-kit.com
837277,verandahighered.com
837278,verben10.com
837279,verbisti.sk
837280,verbodavida.info
837281,verbs.cat
837282,verdadeiranatureza.com
837283,verdeaccess.com
837284,verdena.hu
837285,verdeverdad.com
837286,verdissima.it
837287,verdugotienda.com
837288,verduonlinestore.com
837289,vergelyrics.com
837290,verhoradeaventura.online
837291,verida.com
837292,verifacto.com
837293,verificacionesonline.es
837294,verificamex.com
837295,verificaprocesso.com
837296,verified-choice.com
837297,verifiedatacado.com
837298,verifiedzonaslot88.com
837299,verifikasi.me
837300,verifydandycap.com
837301,verifymc.com
837302,verimark.co.za
837303,verimzesi.sk
837304,verismart.co.uk
837305,verisure.no
837306,verisurepagos.cl
837307,veritan.md
837308,veritas-hr.com
837309,veritasfin.in
837310,verityex.org
837311,veritysource.com
837312,verixa.org
837313,verkeersregelaarsexamen.nl
837314,verkehrs-ag.de
837315,verkkovirhe.com
837316,verktygsvaruhuset.se
837317,verlanglijst.online
837318,verlas.in
837319,verliebtinkoeln.com
837320,vermelho.vip
837321,vermelho1.com
837322,vermelho555.me
837323,vermelho555a.com
837324,vermelho555b.com
837325,vermelho555c.com
837326,vermelho555d.com
837327,vermelho555e.com
837328,vermelho9.com
837329,vermenovela.com
837330,vermont.cz
837331,verna.ir
837332,vernal.co.jp
837333,verona.ma
837334,veronicascrm.com
837335,veronx.site
837336,verostilo.com
837337,verploegen.nl
837338,versagroup.be
837339,versekcorp.com
837340,versenyek.online
837341,versenyzona.hu
837342,versh.by
837343,versionail.com
837344,versionmagazine.com
837345,versluys.cl
837346,verstappen.be
837347,versult.com
837348,versusbet.at
837349,vertical-ent.cz
837350,vertical.pro
837351,verticalgarage.jp
837352,verticket.com
837353,vertti.com.br
837354,vertticegr.com.br
837355,vertuka.com
837356,verutol.net
837357,verveengine.co.uk
837358,verwitwet.de
837359,very.travel
837360,verycard.net
837361,verycoolrooms.com
837362,verymai.com
837363,verymiss.in
837364,vesani.se
837365,veselezvire.cz
837366,vesely-drak.sk
837367,veslevx.com
837368,vesnodar.com.ua
837369,vesominhngoc.com.vn
837370,vespa.com.tr
837371,vespaindia.com
837372,vesperalisy.com
837373,vesperloraine.com
837374,vespiario.net
837375,vespuccinederland.nl
837376,vest.in.ua
837377,vesta-cosmetics.ir
837378,vesta.am
837379,vestelservice.com
837380,vestemuitomelhor.com.br
837381,vestide.nl
837382,vestino.ro
837383,veston.in
837384,vestra.info
837385,vestuarerp.com.br
837386,vet-concept.at
837387,vet489.jp
837388,vetand.eu
837389,vetautructuyen.vn
837390,vetbook.info
837391,vetbook.vet
837392,vetclick.co.il
837393,vetdepro.com
837394,vetealdiablooficial.ar
837395,vetement-femmes.com
837396,vetement-hommes.com
837397,veteran78.art
837398,veteran78.org
837399,veteranposten.dk
837400,veterinup.com.br
837401,veterlink.com
837402,vetesoft.org
837403,vetgov.uz
837404,vetlims.com
837405,vetmanager.se
837406,vetmarket.co.il
837407,vetocare.com
837408,vetone.co.uk
837409,vetormaker.com.br
837410,vetplanet.ro
837411,vetpms.com
837412,vetpro.org
837413,vetriias.com
837414,vetrimatrimony.com
837415,vetshop.gr
837416,vettigo.no
837417,vetzpetz.jp
837418,vew.lu
837419,vexeapi.com
837420,vexelweb.com
837421,veyno.shop
837422,veyra-moda.com
837423,veyroze.com
837424,veziporno.com
837425,vf20263.vip
837426,vf203rr.com
837427,vf238e.com
837428,vf238h.com
837429,vf238p.com
837430,vf238x.com
837431,vf338.bet
837432,vf3389.com
837433,vf338k.com
837434,vf38g.com
837435,vf38gg.com
837436,vf508.vip
837437,vf5sbx.com
837438,vfl4u.de
837439,vflexbot.com
837440,vfqs3r2dm8d.com
837441,vfv-motorrad-forum.de
837442,vfv.at
837443,vg-paradox.com
837444,vg123moon7.com
837445,vg123pro4.com
837446,vg981133.net
837447,vg981188.cc
837448,vgagolf.org
837449,vgamaa.com
837450,vgate.jp
837451,vgcardshop.com
837452,vgcoin.net
837453,vggmunicipalidad.gov.ar
837454,vgi529.com
837455,vgjogo1.com
837456,vgjogo2.com
837457,vgmlinks.lol
837458,vgn.in
837459,vgotel.com
837460,vgowinlogin.com
837461,vgprojetos.com
837462,vgpuniversalkingdom.in
837463,vgrofficial-eg.com
837464,vgrofficial.in
837465,vgs.com.ar
837466,vh0oki4.com
837467,vh301ee.com
837468,vh99fg3.com
837469,vhembecollege.edu.za
837470,vhfdvp.com
837471,vhhbus.de
837472,vhhiikaeysxsxsexsxxs.sbs
837473,vhi346.com
837474,vhoyh42d.com
837475,vhp417.com
837476,vhsjjk.com
837477,vhy3u8vi490.com
837478,vi2m-panen303.store
837479,vi389g934.com
837480,vi38x0xp3p.com
837481,vi839v0vu4p.com
837482,vi9g0v56.com
837483,via1seminovos.com.br
837484,viaanakidsstore.com
837485,viaaroma.com.br
837486,viabaldai.lt
837487,viabledigiseva.com
837488,viabola04.com
837489,viabolatuh.com
837490,viacaocaieiras.com.br
837491,viacaograjau.com
837492,viacaourbana.com.br
837493,viachat.me
837494,viaconfort.com.uy
837495,viaconto.se
837496,viada.lt
837497,viadoterno.com.br
837498,viaenevinckier.be
837499,viaesporte.com
837500,viafarm.mk
837501,viaforfia.online
837502,viagensprepagas.com.br
837503,viaggiazzurra.com
837504,viaggiserena.it
837505,viagodirect.com
837506,viagusto.pl
837507,viajacomlisboasantos.pt
837508,viajala.com.br
837509,viajala.com.pe
837510,viajesmargarita.com
837511,viajomucho.com.mx
837512,vialeiloes.com.br
837513,vialemagico.it
837514,vialibre.ar
837515,vialing.com
837516,viallijeans.com
837517,viamijnbank.net
837518,viamo.com
837519,viamusichall.com.br
837520,viana.lk
837521,vianney.cr
837522,vianney.mx
837523,viapass.com.mx
837524,viapixsports.net
837525,viaren.fr
837526,viaricambishop.com
837527,viashinsegae.com
837528,viata-la-tara.ro
837529,viatac.com.ar
837530,viauno.com.br
837531,viaunochile.cl
837532,viaverdifirenze.com
837533,vib.com.tr
837534,vibe.yt
837535,vibenqr.in
837536,vibet7777.com
837537,vibhabling.com
837538,vibhatrainingandconsultancy.com
837539,vibloza.com
837540,vibrantacademy.com
837541,vibrantbd.com
837542,vibrations.gr
837543,vic.ir
837544,vic.lt
837545,vic.no
837546,vicalhome.com
837547,viccesviccek.hu
837548,viccolle.com
837549,vicegripgarage.com
837550,vicen1.com
837551,vicentenews.com
837552,vicepleasure.net
837553,vicesentrevoisins.com
837554,vicestreetwear.com
837555,vichy.gr
837556,vichy.ro
837557,vichyargentina.com.ar
837558,vicimarketingltd.com
837559,viciniardenti.com
837560,viciochat.org
837561,viciofatal.com.br
837562,vicionpower.com
837563,vicirello.com
837564,vick.com.mx
837565,vickey.org.au
837566,vickysmoda.es
837567,viconisdz.com
837568,vicosalta.com.ar
837569,vicsaconectados.cl
837570,victor.com.co
837571,victoria-ck.cz
837572,victoria-gold.com
837573,victoria-os.com
837574,victoria-seguros.pt
837575,victoria.com.co
837576,victoriacinema.it
837577,victoriaclubhotel.com
837578,victoriahem.se
837579,victoriassecretbeauty.co.id
837580,victoriassecretbeauty.com.my
837581,victoriassecretbeauty.pe
837582,victoriassecretslovakia.sk
837583,victoriavynn.com
837584,victorino5083.edu.ar
837585,victorsport.in
837586,victory88-site.com
837587,victory88.link
837588,victoryfarmskenya.com
837589,victoryglow.pl
837590,victorytotohebat.xyz
837591,victouslife.com
837592,victrion1.com
837593,vidaesta.com
837594,vidaintegra.cl
837595,vidalibros.cl
837596,vidalibros.com.pe
837597,vidalibros.es
837598,vidaluz.app
837599,vidapaycrm.com
837600,vidarecoletas.com
837601,vidasaludable.cr
837602,vidasaludable.gob.mx
837603,vidatarot.com.br
837604,vidayy.site
837605,vidburner.com
837606,vidcap.net
837607,vidchuy.com.ua
837608,vidclubdz.com
837609,vidcom.in
837610,viddeyy.site
837611,viddit.io
837612,vide-maisons.org
837613,videbd2.com
837614,videmms24.com
837615,videmp.one
837616,videnew.xyz
837617,video-tutor.net
837618,video4kidz.es
837619,videobetsamerica007.com
837620,videobokep17.cc
837621,videoconnectlab.com
837622,videoearnbest.top
837623,videofen.com
837624,videohab.com
837625,videohry.tv
837626,videohub.st
837627,videoinvitacioneseditables.com
837628,videojav.online
837629,videoland.sbs
837630,videollamada.com
837631,videomatch.me
837632,videon.site
837633,videoo.info
837634,videopornoinceste.xxx
837635,videoproxy.site
837636,videoquizstar.com
837637,videos-addict.com
837638,videos-zoofilia.com
837639,videosacana.com.br
837640,videosamadores.blog
837641,videosdezoofilia.blog
837642,videosdezoofilia.club
837643,videosforstatus.com
837644,videospornxxx.click
837645,videoszoofilia.blog
837646,videotto.com
837647,videovak.com
837648,videoxxx.tv
837649,videqhd.fun
837650,videqq.sbs
837651,videshapps.gov.in
837652,videxx.site
837653,videy-ng.site
837654,videy-sb.biz.id
837655,videy.click
837656,videyc.uk
837657,videyoco.pro
837658,videys.one
837659,videyu.top
837660,vidian.vn
837661,vidlakovykydy.cz
837662,vidlix.net
837663,vidmateold.net
837664,vidoboy.com
837665,vidod.icu
837666,vidomon.com
837667,vidooq.com
837668,vidply.pro
837669,vidrate.com
837670,vidriz.com
837671,vidsexarabi.com
837672,vidstage.in
837673,vidstezhyty.com.ua
837674,vidsxy.site
837675,vidtower.pro
837676,vidtube.pro
837677,vidyabazar1.com
837678,vidyagram.online
837679,vidyarays.com
837680,vidyeo.site
837681,vidyutsuraksha.org
837682,vidyutsurakshaup.org
837683,vieclamcantho.com.vn
837684,vieclamphuquoc.net
837685,vieille-mamie.org
837686,vieillecochonne.net
837687,vieillescharrues.asso.fr
837688,vieimprevisible.com
837689,vieirafreitas.pt
837690,vienabchinhhang.com
837691,vieniora.com
837692,vienkaimentieudem.com
837693,vienormali.it
837694,vienphanmem.com
837695,viens.com.br
837696,vientieudembothankaimen.com
837697,vieraoffice.com
837698,vierp.in
837699,viet69hay.site
837700,vietdfvn.com
837701,vietdreamhouse.com
837702,vietgo.tw
837703,vietinvoice.vn
837704,vietmessenger.com
837705,vietnamhub.vn
837706,vietnamrb.com
837707,vietnamtour.in
837708,vietsubhay.net
837709,viettelfamily.com
837710,viettelsoftware.com
837711,vietteltop.vn
837712,viettelup.vn
837713,viettelykset.com
837714,vietuc.com
837715,view-sport.xyz
837716,viewasian.lol
837717,viewcard.co.jp
837718,viewclass.com
837719,viewcrate.cc
837720,viewers.id
837721,viewmedonline.com
837722,viewsbank.com
837723,viewslelo.in
837724,viewsport.cc
837725,viewstory.net
837726,viewtabi.jp
837727,viewtrap.com
837728,vif.tn
837729,vigembusdriver.com
837730,vigga.no
837731,vigiasdecolombia.co
837732,vigicrues.gouv.fr
837733,vigilancekyc.com
837734,vigilo.no
837735,vigirupture.fr
837736,vigliettaguido.com
837737,vignanlara.org
837738,vignanonline.com
837739,vigneshwarasilks.com
837740,vigneto.in
837741,vigoexpress.gr
837742,vigoexpress.hr
837743,vigoexpress.ro
837744,vigorito.com.br
837745,vigorjaya88.fit
837746,vigorshop.hu
837747,vigorus.lt
837748,vigoshop.cz
837749,vigoshop.rs
837750,vigoshop.si
837751,viguest.com
837752,viha.online
837753,vihentai.com
837754,viherkauppa.fi
837755,vihu.com
837756,vii.co.il
837757,viideohub.com
837758,viideyc.com
837759,viikkonumero.fi
837760,viikkotarjoukset.fi
837761,viikqoye.com
837762,viimeistamuruamyoten.com
837763,viinarannasta.ee
837764,viinikauppa.com
837765,vijayaartjewellery.com
837766,vijayakranthinews.com
837767,vijaybet11.com
837768,vijaybullion.com
837769,vijayhomeservices.com
837770,vijey.de
837771,vik-burgas.com
837772,vik-ruse.com
837773,vikasardo.in
837774,vikib.it
837775,vikingcarp.hu
837776,vikingchoice.nl
837777,vikingline.ee
837778,vikingrivercruisescanada.com
837779,vikings.help
837780,vikingsjewellery.com
837781,vikinuts.net
837782,vikkibanks.vn
837783,viknaroff.ua
837784,vikramuniv.ac.in
837785,vikrangroup.com
837786,viktormotosport.hr
837787,vikurverk.is
837788,vikvarna.com
837789,vila4u.com
837790,vilagallo.com
837791,vilanovademeia.org
837792,vilarika.com.br
837793,vilatrampolim.com.br
837794,vilcom.co.ke
837795,vildsvin.se
837796,vileda.es
837797,vileda.fr
837798,vileda.pl
837799,vilgain.hu
837800,vilgain.ro
837801,vilipodnaem.bg
837802,villa-allgaeu.de
837803,villabet888.biz
837804,villabetting.ca
837805,villabetting.fit
837806,villabulk.site
837807,villadigital.com
837808,villafragrances.co.za
837809,village.cx
837810,villagedecor.in
837811,villagedesi.fun
837812,villagerstore.com
837813,villaggiolabarca.it
837814,villaggiomagnagrecia.it
837815,villaggioportoada.it
837816,villaggisardegnaalmare.it
837817,villain.in
837818,villakuda.site
837819,villamakmur.site
837820,villamariavivo.com
837821,villamariaya.com
837822,villamegah.site
837823,villanaga.site
837824,villanett.com
837825,villanueva.gob.gt
837826,villaro.pl
837827,villaromanashopping.com.br
837828,villarrealmuebles.com
837829,villatepisungai.com
837830,villefort.com.br
837831,villius.co.id
837832,vilniausfutbolas.lt
837833,vilsonnunes.com.br
837834,vilvajewels.com
837835,vim-beauty.com
837836,vim-jmk.cz
837837,vimana-clothing.com
837838,vimanoa.in
837839,vimenpaq.do
837840,vimico.vn
837841,vimotkynguyencaokhoe.com
837842,vin-bhxh.com
837843,vin88-pro.com
837844,vin888456.com
837845,vina-link.com.vn
837846,vinadl.in
837847,vinafoods.cz
837848,vinaloposalud.com
837849,vinapp.co
837850,vinaresearch.net
837851,vinayakfashion.co
837852,vincenzocapuano.in
837853,vincishoes.com.br
837854,vincrms.com
837855,vinculatulinea.com
837856,vindastore.com
837857,vinduesgrossisten.dk
837858,viner.net.ua
837859,vinetki.bg
837860,vinfcup.com.ua
837861,vingo.cz
837862,vinimark.mobi
837863,vinkampusdijital.com
837864,vinkulja.hr
837865,vinkvink.nl
837866,vinlandsagamanga.net
837867,vinobeer.fr
837868,vinride.com
837869,vinslave.com
837870,vintage-mushroom.net
837871,vintage777.club
837872,vintageaksesuar.com
837873,vintagebsas.com.ar
837874,vintageclosetofkamali.com
837875,vintagecycling.shop
837876,vintagestore.com.tw
837877,vintagevelvetonline.com
837878,vintagewatcholic.in
837879,vintation.com
837880,vintrans.com.vn
837881,vinvoice.vn
837882,vinylor.cz
837883,vinylpladen.de
837884,vinylpladen.se
837885,vinypro.com
837886,vinzzmltools.com
837887,vio.hr
837888,viobet.ca
837889,viojav.com
837890,viokef.com
837891,violanta.com.br
837892,violence.jp
837893,violetbarn.com
837894,violletbeauty.ir
837895,vion.by
837896,vioratrade.com
837897,vios.com.br
837898,vios4drasa.com
837899,vioslot.cyou
837900,viostore.vn
837901,vip--66.com
837902,vip-2649.com
837903,vip-c32.com
837904,vip-chaosua89.asia
837905,vip-game-plays.net
837906,vip.co.id
837907,vip2.one
837908,vip207.com
837909,vip228bersama.net
837910,vip228jackpotin.com
837911,vip2cuci.biz
837912,vip2cuci.life
837913,vip2cuci.xyz
837914,vip345.com.br
837915,vip365.uno
837916,vip3831.com
837917,vip38win.com
837918,vip3d1.net
837919,vip3u.com
837920,vip567br.com
837921,vip56f.com
837922,vip59z.com
837923,vip622.com
837924,vip65k.com
837925,vip66.kim
837926,vip66.uno
837927,vip66vn.com
837928,vip69h.com
837929,vip738.com
837930,vip777.cafe
837931,vip777.center
837932,vip777.fund
837933,vip777.global
837934,vip777.studio
837935,vip7777.live
837936,vip7777.org
837937,vip777a.com
837938,vip777b.com
837939,vip777b8.com
837940,vip777bet1.com
837941,vip777c0.com
837942,vip777c1.com
837943,vip777c2.com
837944,vip777c3.com
837945,vip777c4.com
837946,vip777c5.com
837947,vip777c6.com
837948,vip777c7.com
837949,vip777c8.com
837950,vip777c9.com
837951,vip777d0.com
837952,vip777d1.com
837953,vip777d2.com
837954,vip777d3.com
837955,vip777d4.com
837956,vip777d5.com
837957,vip777d6.com
837958,vip777d7.com
837959,vip777d8.com
837960,vip777d9.com
837961,vip77g.ltd
837962,vip78tt.com
837963,vip79h.com
837964,vip801.com
837965,vip85x.com
837966,vip888laos.com
837967,vip8rr88.com
837968,vipagent.net
837969,vipaviator.ke
837970,vipaygate.com
837971,vipbaterias.com.br
837972,vipbd1.com
837973,vipbd2.co
837974,vipbd3.com
837975,vipbet360.com
837976,vipbets.club
837977,vipbola.beer
837978,vipcasinobet77.com
837979,vipchats.cc
837980,vipchecker.ru
837981,vipcinemas.com
837982,vipclub168.top
837983,vipclubmm.com
837984,vipcrick247.com
837985,vipcuci22.com
837986,vipdash.online
837987,vipdasorte.com
837988,vipdepo.net
837989,vipechecker.art
837990,viper68.cc
837991,viperplaylat.com
837992,viperscar.com
837993,vipershop.ro
837994,vipexch9.com
837995,vipexch9.in
837996,vipgame247.com
837997,vipganer29.vip
837998,vipgreenport.com.vn
837999,viphaitianpie18.com
838000,viphhh1.com
838001,viphhh2.com
838002,viphhh3.com
838003,viphhh88.com
838004,vipi13ph.vip
838005,vipis.com
838006,vipitalia.org
838007,vipjl.org
838008,vipk85.com
838009,vipkkk99.com
838010,vipklbet3.com
838011,vipkz99901.com
838012,vipkz99902.com
838013,vipkz99905.com
838014,vipleaderboard.live
838015,viplotto168.net
838016,vipluxuria.com
838017,vipofilm.com
838018,vippay001.com
838019,vipphi75.net
838020,vipphl11.com
838021,vipplay9.com
838022,vipposta.mk
838023,vipprima.site
838024,vipproxyserver.com
838025,vippusat.xyz
838026,vipsera.com
838027,vipshort.in
838028,vipslotisi.site
838029,viptg88.club
838030,viptransex.net
838031,vipunlocks.com
838032,vipwin.plus
838033,vipwin17.com
838034,vipyeswin.com
838035,vipzonela.com
838036,viqz.nl
838037,viraanhub.com
838038,viracun.id
838039,virail.gr
838040,viral4dbands.com
838041,viral99max.com
838042,viralbd7.com
838043,viralbet77.la
838044,viralbokepindo.com
838045,viralcdn.xyz
838046,viralcrot.fit
838047,viralfindr.com
838048,viralgolden.store
838049,viralgratis.cc
838050,viralhubvideo.com
838051,viralityai.net
838052,viralizesociais.com
838053,viralmailerforyou.com
838054,viralmms.cc
838055,viralmobiletop.com
838056,viralnude.com
838057,viralplayer.org
838058,viralpoint.in
838059,viralsexvideos.online
838060,viralstudypoint.com
838061,viraltoto717.org
838062,viralxporno.com
838063,viralylinks.com
838064,viratforce.com
838065,virdate.ru
838066,virelia.com.ng
838067,virginactive.co.th
838068,virginiafarmsinc.com
838069,virginiaolive.com
838070,virgo222.win
838071,virgo4d5.com
838072,virgopreview.com
838073,viri3cci3.com
838074,virium.pl
838075,viriyah.com
838076,virkku.net
838077,virreysolisips.com
838078,virreysolisips.com.co
838079,virsikirja.fi
838080,virtual-max.co
838081,virtual.edu.az
838082,virtualcanines.com
838083,virtualcatalogo.com.ar
838084,virtualclub.club
838085,virtualcondominio.com.br
838086,virtualdreamheroes.com
838087,virtualead.com.br
838088,virtualingenieriaudea.co
838089,virtualities.com.br
838090,virtualline.com.ar
838091,virtualmedia.es
838092,virtualmovingtechnologies.com
838093,virtualpiano.online
838094,virtualracinghub.com
838095,virtualriskmanager.net
838096,virtualsolutions.es
838097,virtualunivalle.online
838098,virtualworlds.space
838099,virtualzonevr.com
838100,virtuel.eu
838101,virtueller-stundenplan.org
838102,virtuelles-klassenbuch.de
838103,virtuoso.ro
838104,virtus77.space
838105,virtusinfo.com.br
838106,virus69winner.com
838107,virus88.expert
838108,virus88.support
838109,virusbolacore.com
838110,virusdrop.online
838111,visa-assurances.fr
838112,visa33-official.com
838113,visa388.com
838114,visa5s.com.vn
838115,visa89.org
838116,visabesar.com
838117,visafg.com
838118,visakhadairy.co.in
838119,visakhapatnam91.com
838120,visangelif.com
838121,visariver.com
838122,visaslots.info
838123,visauketa.com
838124,viscoglobaltrade.com
838125,viscoptical.com.br
838126,vise.ro
838127,visele.ro
838128,visheshachannel.com
838129,vishnubook.com
838130,vishnuexch.com
838131,vishnulibros.com
838132,vishnya-zaim.ru
838133,vishvamayur.com
838134,vishvay.com
838135,vishwasmatrimony.org
838136,visikatilai.lt
838137,visioformation.fr
838138,vision.com.tw
838139,visionario.movie
838140,visionbenefits.com
838141,visionexpress.hu
838142,visionindiaapp.in
838143,visionis.es
838144,visionit.co
838145,visionlanguageexperts.com.au
838146,visionmenu.com
838147,visionnext.com.tr
838148,visionottica.it
838149,visionpms.co.uk
838150,visiott.com
838151,visitingaid.com
838152,visitmayapur.com
838153,visitorbet6.com
838154,visitorsinsurance.ca
838155,visitpro.net
838156,visium.ua
838157,vismapay.com
838158,vismay.com
838159,vismotorcorporation.com
838160,visnalize.com
838161,visof.co
838162,visordos.com
838163,visoreducativochaco.com.ar
838164,visoti.mx
838165,visro.in
838166,visrog.com
838167,vissconext.com
838168,vista-iowa.com
838169,vistaarfinance.net.in
838170,vistabankgroup.com
838171,vistabeagle.com.br
838172,vistarkriya.com
838173,vistasculpt.com
838174,vistocasa.com
838175,vistonline.ru
838176,visualcargo.com.br
838177,visualqie.com
838178,visualrio.com.br
838179,visualxh.site
838180,visureitalia.com
838181,visynet.be
838182,viszlaysport.hu
838183,viszonyom.com
838184,vit.edu.vu
838185,vitabiotics.in
838186,vitacenter.org
838187,vitaclinic.vn
838188,vitacraft.co.jp
838189,vitadairy.vn
838190,vitaehealthportal.com
838191,vitaever.cloud
838192,vitafenix.com
838193,vitaform.com
838194,vitaisolucoes.com.br
838195,vitalaccounts.net
838196,vitalcountry.cz
838197,vitaldata.com.br
838198,vitaliq.com
838199,vitalis-ci.com
838200,vitalisnavitas.com
838201,vitalmm.ro
838202,vitalombards.lv
838203,vitalplus.com.co
838204,vitals-ukraine.com.ua
838205,vitals.pro
838206,vitals.ua
838207,vitalsigns.ca
838208,vitamin-way.com
838209,vitaminac.pt
838210,vitannya.com.ua
838211,vitanuova.it
838212,vitaone.in
838213,vitaport.co.kr
838214,vitapur.me
838215,vitaria.io
838216,vitastore.id
838217,vitax.ro
838218,vitazreportingservices.com
838219,vitefama.com.ec
838220,vitelenergia.com
838221,vitellimoda.com
838222,vitex.ma
838223,vitiaz.biz
838224,vitiligocare.co
838225,vitisport.es
838226,vitnemalsportalen.no
838227,vitoks.com.ua
838228,vitolen.com
838229,vitordigitizing.net
838230,vitoria444.com
838231,vitoria888gg.com
838232,vitorogpromet.rs
838233,vitos.hr
838234,vitos.mx
838235,vitrina.pl
838236,vitrinedoprazer.com.br
838237,vitrinekar.com.br
838238,vitrinevape.com
838239,vitrohogar.com.mx
838240,vitrox.com.my
838241,vitryna.com.ua
838242,vitsori.com
838243,vitthalrukminimandir.org.in
838244,vittorialandi.it
838245,vittorioforti.com.mx
838246,vitusreiser.no
838247,viu.am
838248,viulume.com
838249,viumeupet.com.br
838250,viunaa.ir
838251,viutoto-ceria.com
838252,viva.clinic
838253,viva138gas.org
838254,viva356k2.com
838255,viva356z1.com
838256,viva96.com
838257,vivaco.cz
838258,vivacollege.org
838259,vivacosmetic.com
838260,vivacosmetic.id
838261,vivafarm.md
838262,vivaflirt.fr
838263,vivaflix.io
838264,vivahealth.co.id
838265,vivaiogardenforest.it
838266,vivamaxxi.com
838267,vivaone.ph
838268,vivapariscaixavidaeprev.com.br
838269,vivasmoda.com.ar
838270,vivasq.com
838271,vivastreet.ie
838272,vivasulpoa.com.br
838273,vivatravel.rs
838274,vivekanandcollege.ac.in
838275,viveksindhu.com
838276,vivelefric.fr
838277,vivenciaspremium.my
838278,vivenciaspremium.online
838279,viveoffice.com
838280,viveprimal.com
838281,vivercomparkinson.com.br
838282,vivere.co.id
838283,vivereducacional.com.br
838284,viversaudavelhojeonline.online
838285,vivesimple.net
838286,vivest.com.br
838287,viveterpel.com
838288,vivetuavalon.com
838289,vivezheureux.com
838290,vivian-collection.jp
838291,vivianegan.com
838292,vivibanca.it
838293,vivichofficial.com
838294,vivid-golf.com
838295,vivid-style.net
838296,vividhomes.co.uk
838297,vividvisual.net
838298,viviendabienestar.gob.mx
838299,viviendaneuquen.gov.ar
838300,vivienpos.co.kr
838301,vivifraganceswhosale.com
838302,vivingreen.it
838303,vivipay.app
838304,vivisalute.com
838305,vivisol.be
838306,vivix.it
838307,vivo-base.com.br
838308,vivo500.com
838309,vivo500.ink
838310,vivobarefoot.co.jp
838311,vivobuy.com
838312,vivoexch.com
838313,vivogubbio.com
838314,vivoignite.com
838315,vivointernetgratis.com.br
838316,vivonewsroom.in
838317,vivoonlinestore.com
838318,vivoshop.mx
838319,vivosmm.com
838320,vivre-intuitif.com
838321,vivri.center
838322,vivusonline.es
838323,viwyw.com
838324,vizagetienda.digital
838325,vizagpartyshop.com
838326,vizcenter.hu
838327,vizdine.com
838328,vizfile.com
838329,vizia.lv
838330,vizyonyedekparca.com
838331,vizzainsurance.com
838332,vizzano.com.br
838333,vizztrack.com
838334,vj20vj3.com
838335,vj29fh20.com
838336,vj389i3jv.com
838337,vj6mupxj.com
838338,vj71lei3.cc
838339,vj86oc.com
838340,vj93ij45.com
838341,vjd.com.br
838342,vjdey.com
838343,vjej29f029.com
838344,vjera.hr
838345,vjf39f2.com
838346,vjfr390gu3.com
838347,vjg49u4.com
838348,vjr390g300.com
838349,vjrh39g3j.com
838350,vjrj390gj.com
838351,vjrju390fu3.com
838352,vjs22jdjw.com
838353,vjsah22jswda.com
838354,vjsaj2777wajur.com
838355,vjsaju2hjs8w.com
838356,vjur.am
838357,vjw512421555.com
838358,vjwsdwwkd.com
838359,vjy78gi3u.com
838360,vk191v2.com
838361,vk8app.com
838362,vk8app5.com
838363,vk8app8.com
838364,vk8vip2.com
838365,vkaraoke.org
838366,vkaveribus.com
838367,vkfilmizlesene.xyz
838368,vkgr8q.com
838369,vkjc.pro
838370,vklipe.org
838371,vklot.net
838372,vkr168.net
838373,vksakw92u3s.com
838374,vksejr7sf1.com
838375,vksys.jp
838376,vkusno-blog.ru
838377,vkusnoff.com
838378,vl1ca.org
838379,vladislav.ua
838380,vlady.com.pe
838381,vlajochallenge.be
838382,vlank.com.mx
838383,vlassopoulostravel.gr
838384,vlbet365.co
838385,vlbook777.io
838386,vlc360.es
838387,vleclub.in
838388,vlektra.com
838389,vlep.edu.pe
838390,vlesku.cz
838391,vlexch.com
838392,vllanjigarh.com
838393,vlm7.com
838394,vlocked.com
838395,vlsiverify.com
838396,vlxx69.us
838397,vlxxovn.blog
838398,vm313.com
838399,vm700.com
838400,vm777b.com
838401,vm777f.com
838402,vm777g.com
838403,vm987.com
838404,vm9a3.com
838405,vma.bg
838406,vmagicshopve.com
838407,vmarket.com.br
838408,vmarketcompras.com.br
838409,vmax24.net
838410,vmctechnologies.com
838411,vmdrug.co.th
838412,vmessenger.fr
838413,vmexch.com
838414,vmf.az
838415,vmiru.tv
838416,vmoqy6p.com
838417,vmoto.com
838418,vmrm.net
838419,vms.ie
838420,vms.or.kr
838421,vmsa.vn
838422,vmsacademy.com
838423,vmt2r39d.com
838424,vmts.vn
838425,vmu.edu.vn
838426,vmzona.com
838427,vn-motchill.com
838428,vn247.org
838429,vn2b.net
838430,vn3sv368.com
838431,vn9000.net
838432,vnanhdep.com
838433,vnc112.com
838434,vnc804231597.com
838435,vnchat.com
838436,vncodes.in
838437,vnd789.top
838438,vneremote.com
838439,vnet-services.com
838440,vnet.biz
838441,vnetraffic.org
838442,vnetwork.com.np
838443,vnl.mx
838444,vnlis.vn
838445,vnpayment.vn
838446,vnptbacgiang.com.vn
838447,vnptnghean.com.vn
838448,vnr7kq2zxp.com
838449,vnresource.net
838450,vnrvjiet.ac.in
838451,vnsc.edu.bd
838452,vnshow.net
838453,vnspay.cash
838454,vnstrendingges.store
838455,vnstrzf.com
838456,vntemplatecode.com
838457,vntemplatescode.com
838458,vntt.com.vn
838459,vo7770.com
838460,voalle.app
838461,voarfacil.net
838462,vocablo.edu.mx
838463,vocabularism.com
838464,vocal-range.com
838465,vocaza.net
838466,vocepinerolese.it
838467,vocines.co
838468,vockenhuber-bestattung.at
838469,vocloner.com
838470,vocsat.com
838471,vodafone.pf
838472,vodafoneidea.in
838473,vodafree.cz
838474,vodclips77.site
838475,voden.rs
838476,vodo.kr
838477,vodokanal.zp.ua
838478,vodontop.xyz
838479,vodscene.com
838480,vodsnap.com
838481,vodu-tv.top
838482,voemien.com
838483,voetbalexpress.be
838484,voetbalwedstrijdenvandaag.nl
838485,voga-moda.cz
838486,vogaflex.com.br
838487,vogana.es
838488,vogavecmoi.com
838489,voge.gr
838490,vogeglobal.com
838491,vogeitaly.it
838492,vogelgeluid.nl
838493,vogelmarkt.net
838494,vogeportugal.pt
838495,vogespain.es
838496,vogeturkiye.com.tr
838497,vogfo.com
838498,voggin.es
838499,voguesta.ro
838500,voice2texts.com
838501,voicecleaner.ai
838502,voicecloud.vn
838503,voiceplanet.jp
838504,voicertool.com
838505,voicespice.com
838506,voicetechnology.com.br
838507,voidchat.org
838508,voir-netfilm.com
838509,voiranime.fr
838510,voirpoursavoir.fr
838511,voisineintime.com
838512,voitg.net
838513,voiz.hu
838514,vojensko.cz
838515,vojvodinameteo.rs
838516,vokel.com
838517,vokka.in
838518,voklaagyo.com
838519,voksenmatch.com
838520,volaincrociera.com
838521,volanteomaleta.com
838522,volantinolidl.it
838523,volcom.cl
838524,volcom.com.br
838525,vole101.com
838526,voletshop.fr
838527,volgjewoning.nl
838528,volim-meso.hr
838529,volks-steak.jp
838530,volkswagen-entretien.fr
838531,volkswagen.bg
838532,volkswagen.cl
838533,volkswagen.co
838534,volkswagen.gr
838535,vollefit.com.br
838536,volleyballnsw.com.au
838537,volleyballvictoria.org.au
838538,volnyvecer.cz
838539,volonclick.it
838540,volta.com.pt
838541,voltage-comics.com
838542,voltaj.net
838543,voltarakia.gr
838544,voltaren.pl
838545,voltarom.ro
838546,voltebyk.in
838547,voltech.com.bd
838548,volteretarestaurante.com
838549,volunteer-aichi-nagoya2026.com
838550,volunteer.gov.sg
838551,von789.xyz
838552,vonderthusen.com.ar
838553,vonemart.in
838554,vonex.edu.pe
838555,vongquaymayman.co
838556,voniri.com
838557,vonlane.com
838558,voody-online.uno
838559,voolak.com
838560,voolivia.com.br
838561,voor-gun.jp
838562,voparotomotiv.com
838563,vopas.com.ua
838564,vopsinel.ro
838565,vorbestecumine.com
838566,vorecs.jp
838567,vorg.fr
838568,vortek.it
838569,vortex-streaming.com
838570,vortexair.co.uk
838571,vortexhub.cc
838572,vortexinfocom.com
838573,vortexlogistica.com
838574,vorto.fi
838575,vorwerk.com.tr
838576,vos-reves.com
838577,vosime.cz
838578,voslot777.net
838579,vosmms.com
838580,vost.com.ua
838581,vostok-watches24.com
838582,votanotherapeia.gr
838583,votark.com
838584,voteamandagreenhawkins.com
838585,votek.com.tr
838586,votera.id
838587,voterlist.co.in
838588,voterslist.in
838589,votesource.uk
838590,votezpourmoi.com
838591,votreopinion.fr
838592,votrerdv.fr
838593,voucherbd.com
838594,voucheroo.app
838595,voudetau.com.br
838596,voulevar.com.br
838597,vouver.me
838598,vovopalmirinha.com.br
838599,vovremia.com
838600,vox97.com.br
838601,voxcasino176.com
838602,voxcasino353.com
838603,voxcasino36.com
838604,voxfilmeonline.biz
838605,voxhiphop.com
838606,voxpay.fr
838607,voxrpret.in
838608,voxy88-dash.com
838609,voxymp3.com
838610,voyage-prive.be
838611,voyage.gc.ca
838612,voyageeyewear.com
838613,voyages-leonard.com
838614,voyagesalacarte.ca
838615,voyagetm.com
838616,voyagingtheworld.com
838617,voyah.by
838618,voyance-orula.com
838619,voyeur9000.com
838620,voyeurgeek.com
838621,voyeurspycam.live
838622,voyey.com
838623,voyz.store
838624,vozako.sk
838625,vozilalizov.com
838626,vozolpremiumx.com
838627,vp-8273.com
838628,vp2012.jp
838629,vp25.jp
838630,vp3ic93.com
838631,vp99plus.net
838632,vpal.jp
838633,vpass.jp
838634,vpassticket.jp
838635,vpbank.dev
838636,vpcloud.es
838637,vpdconsultants.com
838638,vpe431.com
838639,vpf3xspz.com
838640,vplay.ng
838641,vplnswdkao.net
838642,vpls.me
838643,vpn-oscarmas.co.id
838644,vpn5iu.com
838645,vpoint.co.jp
838646,vporno.sex
838647,vpos.app
838648,vpos.com.my
838649,vppup.in
838650,vps.gov.lv
838651,vpsnotas.com
838652,vpszy.com
838653,vptext.app
838654,vptop.com
838655,vptrfid.com
838656,vpv-direct.com
838657,vqb881.top
838658,vql2tl.com
838659,vr.zp.ua
838660,vr7.online
838661,vr7.store
838662,vr77remot.com
838663,vr7group.com
838664,vraj777.com
838665,vrakastravel.gr
838666,vranjenews.rs
838667,vraxumo.com
838668,vrbnjak.si
838669,vrcentpunjab.com
838670,vrcomseven.com
838671,vrdln.in
838672,vredap.com
838673,vreimobila.ro
838674,vreme-slovenija.si
838675,vreme.si
838676,vremea.com
838677,vremebo.com
838678,vremenskaprognoza.ba
838679,vremyanamaza.org
838680,vrhovec.eu
838681,vrich168.com
838682,vrich777.top
838683,vrkala.com
838684,vrlbus.in
838685,vrllogistics.com
838686,vrnavi.jp
838687,vromonguide.com
838688,vromonprio.com
838689,vroom.pro
838690,vroom24.com
838691,vrouwenvoetbalnieuws.nl
838692,vrparcelmovers.com
838693,vrptechnologies.com
838694,vrtor.ru
838695,vrutak.hr
838696,vrxperience.mobi
838697,vs-market.net
838698,vs26465.com
838699,vs555.com
838700,vs77fun.pro
838701,vs789.net
838702,vs789.org
838703,vs96.net
838704,vs96app.co
838705,vsa.edu.hk
838706,vsafety.sa
838707,vsbet154.com
838708,vsbexch.com
838709,vsbexch365.com
838710,vsbonfim.com.br
838711,vsbrothers.com
838712,vscc.org.tw
838713,vschooltrend.com
838714,vscraft.ru
838715,vscrm.in
838716,vse-knigi.net
838717,vsearch.club
838718,vseditor01.in
838719,vselindia.com
838720,vservehr.com
838721,vsesanatorii.com
838722,vsichkifilmi.net
838723,vsign.co.il
838724,vsirblog.com
838725,vsit.edu.in
838726,vskbasiceducationup.in
838727,vskit.biz
838728,vskub.ac.in
838729,vslot1688b.com
838730,vslots88games.com
838731,vslutske.by
838732,vsmawp.info
838733,vsmthane.org
838734,vsolarindia.com
838735,vsolike.by
838736,vspagy.com
838737,vspin7.com
838738,vsqopd.com
838739,vsquared.ke
838740,vstaarwellness.com
838741,vstation.app
838742,vstorat.com
838743,vstore.com.ar
838744,vsveiculos.com
838745,vswin.org
838746,vsxhkcmvcu.com
838747,vsys.site
838748,vt-059.com
838749,vt.by
838750,vt23.online
838751,vt4hxctw4.com
838752,vt783.com
838753,vt791.com
838754,vt8a5.com
838755,vta.lk
838756,vtc3pl.com
838757,vtds.vn
838758,vtech.ng
838759,vth888b.com
838760,vtmarketszh.com
838761,vtmvzuv2.com
838762,vto.cloud
838763,vtr-01.com
838764,vtransgroup.com
838765,vtransshuttle.com
838766,vtrendee.com.ua
838767,vtrip.co.jp
838768,vtshrp.com
838769,vttl.be
838770,vtttnhxdoj6.com
838771,vtu-easy.com
838772,vtuadda.com
838773,vtudeveloper.in
838774,vtukonnect.com
838775,vtulife.in
838776,vtuupdates.com
838777,vtv8811.me
838778,vty36.net
838779,vty38.net
838780,vty57.net
838781,vu5tpjt.com
838782,vuabaiaff.com
838783,vuaduongotp.com
838784,vuala.com
838785,vucafood.com.br
838786,vucerd.gob.do
838787,vuch.pl
838788,vuch.sk
838789,vuelokey.com
838790,vuepass.com
838791,vugk.sk
838792,vulkal.hr
838793,vultriox.com
838794,vulturenews.net
838795,vumigroup.com
838796,vumoo.live
838797,vuo.do
838798,vurguncapari.com
838799,vuse.fr
838800,vusha.co.tz
838801,vut22d.com
838802,vutvapp.co.in
838803,vuxenlekar.com
838804,vuxgaming.net
838805,vuyy7jwd79d.com
838806,vuzlist.com
838807,vuzvip.com
838808,vv399gi3r55.com
838809,vv3okgy33.com
838810,vv5222.com
838811,vv72.io
838812,vv721166.co
838813,vv7aaa.com
838814,vv9898.com
838815,vva.gov.az
838816,vvb.com.ua
838817,vvbfh8355.com
838818,vvbook.co
838819,vvgift.jp
838820,vvgnvvgn.com
838821,vviruslove.com
838822,vvj3uv99v3.com
838823,vvj4j93345.com
838824,vvjl8.com
838825,vvmvp.org
838826,vvmvpschools.net
838827,vvoodsj1s.xyz
838828,vvsbox.com
838829,vvuxx.xyz
838830,vvv6969.com
838831,vvvcollege.org
838832,vvvj390gi3.com
838833,vvvj928fr.com
838834,vvvuvu930.com
838835,vvvwin149.com
838836,vvvwin150.com
838837,vvvwin151.com
838838,vvvwin88.com
838839,vw-2.com
838840,vw.idv.tw
838841,vw125333tt.com
838842,vw314124pp.com
838843,vwdh7dcf.com
838844,vwin987.com
838845,vwmaniacs.com
838846,vwmy03.com
838847,vwoman.gr
838848,vwsarisaristore.com
838849,vwuwrv.com
838850,vx4fal.com
838851,vx9.game
838852,vxchfd.vip
838853,vxdxhu2pjbl.com
838854,vxns-8saj-uaa.com
838855,vxvmotos.com.ar
838856,vyaz-shop.ru
838857,vybes.in
838858,vyfakturuj.cz
838859,vykupujeme-online.cz
838860,vylustime.cz
838861,vyntradaun.com
838862,vypmayorista.cl
838863,vyprodejskladu.eu
838864,vyshyvanka-barvy.com
838865,vysledkovyservis.sk
838866,vyspelesousedky.com
838867,vyu675.com
838868,vyz72gvc.com
838869,vyzbrojna.cz
838870,vz7512.co
838871,vzadache.ru
838872,vzaperti.com.ua
838873,vzdialenosti.sk
838874,vzemime.com
838875,vzgames11.cc
838876,vzgrips.com
838877,vziman.com
838878,vzsbeograd.edu.rs
844312,visitsweden.nl
844352,visionroyal454.com
844393,verticalfarmdaily.com
844399,valomania.fi
844404,verbeetobjet.com
844443,vds.by
844488,vallee-du-louron.com
844536,vko.ru
844572,vectorroom.ca
844670,viralmango.com
844687,vialattea.it
844763,villacaprareccia.it
844780,venezianoteam.it
844830,vip999jogo.com
844877,vod50.com
845019,voghion.style
845034,ver-o-fato.com.br
845042,vanarchain.com
845063,villaretreats.com
845088,viplounge.top
845119,venticake.com
845164,viqay.ca
845197,velocityonline.net
845219,vartoken.com
845239,villanova.co.uk
845286,vivatbet.ee
845299,volition.com
845307,vyvod-iz-zapoya-v-rostove-4.ru
845328,vnnni00.net
845348,voxera.au
845441,voetbalnederland.nl
845471,vhs-bonn.de
845563,valleyelc.com
845611,victorops.co
845637,vfrniedertiefenbach.de
845843,veda.tech
845855,verisign.co.jp
845906,vertexworks.de
845990,vyxbweuoswx.info
846103,vividcommunityfocus.nl
846124,venuecommunications.com
846153,videostorm.com
846220,visitilfracombe.co.uk
846359,vgb2.ru
846401,virdsam1.org
846557,vant5fcd5ec4.xyz
846558,vision-node.com
846586,vnative.co
846608,vai.be
846629,velocitymsc.com
846669,vancouverchinesegarden.com
846683,vandixhoornbrigade.nl
846724,vocationaltraininghq.com
846759,visionmarket.uk
846767,vplatinumonline.net
846768,vidcloud.io
846782,vlongbiz.com
846814,veteransunitedrealty.com
846856,vkmaxservice.ru
846857,vailaccommodations.com
846907,viewsnet.jp
846927,virgil.gr
847041,vtxmail.ch
847126,veganheaven.org
847208,voipcloudpbx.com
847232,vksrs.com
847240,vvkure.com
847270,v5games.com
847375,vipps.se
847463,vietthuong.vn
847465,vseogomele.net
847502,vegasinooffiziell-de.com
847518,vonbaer.com
847548,vozila.net
847554,vladnestipendia.sk
847577,velloreonline.in
847604,villaandmissionimports.com
847612,vcfa.edu
847689,virtuosolink.co.uk
847697,vargroup.com
847705,voprosi-otveti.ru
847706,vertexroulettestation.com
847707,versare.com
847708,vimayi.com
847752,vernon.eu
847768,viralterbaru.space
847820,vr-expert.com
847849,vancouvervolkswagen.com
847909,vodka-registration.site
847974,visionsmart.uk
848002,vpdubaiking.ae
848079,velmoritax.xyz
848105,vhod-official.casino
848113,vidflix.club
848174,vanzol.com
848215,virdsam9.net
848221,visionpulse.uk
848269,viprealestateltd.com
848284,vmlyr.com
848285,visioncasino874.com
848295,vestas.net
848359,videacesky.cz
848497,vag196.ru
848587,vatrex.online
848589,visionculture.uk
848598,vidalista.beauty
848631,vitvaruexperten.com
848632,vivento.mx
848704,vertexroulette839.com
848762,vpscloud.com.au
848814,vanbruggen.nl
848829,vipslots.eu
848849,vertexcasinozone.com
848913,versicherungsmagazin.de
848918,viewcy.com
848954,visionbrittoday.co.uk
849157,visaluxuryhotelcollection.com
849186,vpnable.net
849210,vibe-restaurant.it
849222,vishalsports.com
849273,vvvschiermonnikoog.nl
849298,vw-gedas.com.mx
849318,verastem.com
849349,vertexjackpotpoint.com
849372,visionnet.ca
849434,vtkgroup.ru
849458,vividlab.uk
849551,vis.ru
849673,validationcloud.io
849679,verhentai.top
849757,velux.pl
849796,visi.co.za
849850,vidmatecash.com
849857,vegasmark.de
849917,vantageltg.com
849936,vipfield.ca
849991,vostok-climat.ru
850004,viaafrika.com
850135,vividusmarketing.com
850143,valid2go.de
850147,vikendotevrenychzahrad.cz
850160,vertexblackjack567.com
850285,varilog.hu
850358,vorfina.de
850426,vdsoftware.de
850563,vnsny.org
850572,virtualminds.de
850642,vegasbritonline.co.uk
850691,verd.net.id
850725,visithull.com
850732,vicontsz.com
850759,vigilante.tv
850772,veritez.com
850892,voipagrofirma.ru
850965,veetle.com
850968,visionideasportal.mx
850982,verdontourisme.com
850985,vsoontech.com
850999,virtual-pub.com
851000,vegastracker.de
851087,velvetlinknation.nl
851091,vermontcannabisnurse.com
851111,vertical-invest.ru
851127,v-host.su
851130,viacom.tech
851203,vs-lanovoy.ru
851225,verpackungsteam.com
851242,vertexreels408.com
851288,vaimssolutions.com
851319,vertexspindaily.com
851336,volimpodgoricu.me
851384,voblakye.com
851430,visionslot7.com
851487,vtb-bank.by
851495,volt.ai
851496,vintedgewineandspirits.com
851522,vasmarfas.ru
851532,visit-azores.info
851537,visitzealandia.com
851563,vyvod-iz-zapoya-v-staczionare-nizhnij-novgorod-25.ru
851618,vitesco.com
851678,versedvaper.com
851752,vicssupply.com
851810,vezha.ua
851890,vistahost.gr
851959,vg0.cn
851962,veda.cz
851964,vuitton.com
851972,videopornogostoso.com
852005,vekait.ru
852056,vactankerparts.co.uk
852114,vynogohost.com
852206,visitodense.dk
852212,virtuared.com
852213,virdee.co
852227,vividstylefactory.nl
852280,venturatravel.org
852332,visionclearblog.uk
852422,vc-net.ne.jp
852531,vividdirect.uk
852580,vitahealthtoday.com
852606,vfxytre.help
852607,vivorajasthan.com
852737,voip-service.cc
852768,volusiasheriff.gov
852780,vpndone.online
852808,visithowardcounty.com
852811,vwm.com.mx
852838,vikingfootwear.com
852853,v6speed.org
852900,vivatv.com.tw
852982,vipbridge.de
852983,visittallahassee.com
853055,vegasfinder.de
853059,vingtsun.us
853107,vividcenter.uk
853111,v2ny.com
853192,vitra-bad.de
853205,vaka.me
853211,vegasadvantage.com
853221,verdecasino.hu
853254,vertic.org
853259,vctx.org
853277,v1d30.com
853345,vostochnie-prices.ru
853349,vpn4tv.com
853363,vwu.vn
853382,vor9.de
853401,volgatransstroy.ru
853406,videos-xxx.vip
853480,vaestoliitto.fi
853557,venicebike.it
853584,vtc.edu
853588,vandalimg.com
853591,visahosting.com
853637,venta.lv
853659,vizium.com
853674,vimeus.com
853718,villette.com
853726,ventouxprovence.fr
853754,visionblackjackpoint.com
853828,vintagetyres.com
853913,vietas.lv
853933,vivatranquilo.com.br
853938,visum-images.com
854079,valtrexmedication.com
854106,visionurban.uk
854174,votenader.org
854191,voyah.cn
854247,visidati.lv
854310,verifyxxx.com
854350,vectorbetnationhq.com
854360,vipbrokerage.com
854362,visageimaging.com
854425,vitoriacosmeticos.pt
854448,vio-v.com
854453,vivastore.shop
854575,varrak.ee
854576,voteref.com
854597,venzora.xyz
854608,visitmadrid.es
854615,vaulting.io
854622,vyvod-iz-zapoya-na-domu-sankt-peterburg-22.ru
854632,visitsomerset.co.uk
854780,viewerreadcreate.com
854782,varuosakeskus.ee
854799,vertexfocus.de
854834,vinology.com
854871,vetinst.no
854989,vyvod-iz-zapoya-v-rostove-5.ru
855002,vicat.fr
855026,visioncardsexpress.com
855040,voegele-ag.de
855071,verasity.io
855172,vrpornbase.com
855182,viperacentral.co.uk
855207,viewster.co
855239,vyvod-iz-zapoya-orekhovo-zuevo12.ru
855243,villageofveteran.ca
855246,video2dn.com
855264,vanderven.de
855270,vapress.kz
855299,vloeimans.com
855379,v-boost.top
855406,visiirankiai.lt
855415,vertofx.com
855458,vishalfitness.in
855468,versus-media.es
855477,verboort.info
855488,vertical-aerospace.com
855603,vvrbank-krp.de
855605,vidata.gr
855614,vaasansahko.fi
855621,videosalon.jp
855646,vmii.org
855649,viewcount.online
855701,vanityaddress.org
855719,valleycenter.com
855733,vulpine.email
855739,villahotels.com
855749,vaems.org
855786,vulturbike.com
855865,vooban.com
855866,vsmu.edu.ua
855909,vegasobserver.de
855910,vhs-stuttgart.de
855915,vulkanvegas.de
855919,vertexwagerspace.com
855983,vector-food.pl
856023,voyeurjpg.com
856092,visionglowhub.com
856100,validatedid.com
856128,vectorline.ca
856150,valgekihv.ee
856181,verdaccio.org
856213,vd40.ru
856254,vialma.com
856263,visapac.com
856389,vtxcafe.com
856391,vw.com.cn
856439,vicatoo.com
856476,villagegreencentre.com
856492,visiondailyblog.uk
856517,vyper.io
856562,vman.com
856596,vorarlberghotels24.com
856612,vyvod-iz-zapoya-v-staczionare-nizhnij-novgorod-18.ru
856636,visionnetwork.us
856654,venissieux.fr
856682,vanilla-box.ru
856693,vopromsi.ru
856703,verabank.com
856716,visaconciergelac.com
856760,vrgl.ir
856793,vilamaterna.com
856909,vapemate.co.uk
856952,valueretail.com
856991,videomegaporn.mobi
857031,vavada-kz.bet
857041,virtocommerce.org
857172,vitkan.ru
857308,vredespaleis.nl
857324,visaconecta.com.br
857350,verasuite.com
857513,vxcrush.net
857522,velvetarenamaastricht.nl
857580,vetusware.com
857626,veomo.com
857785,vestaevv.com
857798,viha.ca
857944,verviers.be
857947,vectorsgi.com
858017,vertexreelsstation.com
858020,visionglobal360.co.uk
858191,vipcoreplay.co.uk
858198,vinkkunststoffen.nl
858247,vos-web.nl
858285,vitratiles.com
858346,vegaslife.co.uk
858348,vcdstool.com
858386,vistacenter.de
858433,virtuousraise.org
858464,vcom.edu
858680,velosio.com
858684,vacationonsite.com
858724,valtrexv.com
858832,vave31.com
858873,vistasignal.us
858894,vistadigest.de
858923,vientosdelmundo.com
858941,visaperformsource.com
858965,voxie.net
858979,velocidrone.com
859070,vitalcenteronline.com
859094,vaughnautomotive.com
859176,vetfolio.com
859211,videogie.org
859226,visitflorida.org
859344,vestibulinhoetec.com.br
859384,visiondelta.live
859400,veratoreports.com
859443,viiahemp.com
859451,voymedia.com
859506,vans.pl
859515,visioncultureblog.uk
859569,valuemedia.de
859624,virgupages.com
859643,vprom.tech
859654,videochatru.com
859662,vertexmania.de
859732,visiongain.com
859741,viennasightseeing.at
859752,virtualdaily.de
859789,vavada-casino345.com
859800,vielfalt-macht-uns-stark.de
859816,value-focused.com
859879,visapulseusa.com
859890,viideys.sbs
859894,vpobede.ru
859899,vivaspeer.org
859911,virtusmart.com
859922,vaartland.nl
859993,vadstudio.net
860008,vialek.ru
860043,vyronica.com
860046,votespa.com
860063,vesputi-abc.de
860104,vhs-bayern.de
860188,vedu.ru
860202,voiceofresearch.org
860277,vrtnws.be
860298,vwkd.co.uk
860302,vel.net
860312,vins-rhone.com
860339,visionnettoday.co.uk
860351,vpnlove.me
860369,voixdelavie.fr
860421,vegconomist.de
860471,videlyy.com
860473,viebit.com
860488,victornet.com
860509,voiceprint.co.uk
860597,visionseite.de
860725,versiya.info
860726,vicioussyndicate.com
860734,vividreview.uk
860767,vegasukblog.co.uk
860796,voyostars.com
861003,vitra.co.uk
861102,virtela.com
861173,vectornetwork.ca
861185,vivid177.live
861214,vidomains.xyz
861216,virginorbit.com
861500,vasqa.org
861501,veromarine.co.nz
861502,virtualsoccer.org
861550,velocitytrade.com
861619,virtualproleague.com
861661,vladmihalcea.com
861736,vertexgambleonline.com
861740,viviankirkfield.com
861811,vicariauction.com
861947,vardagsjournalen.se
861971,voyager.co.nz
861993,vivalink.com
862014,vape-distribution.de
862130,vforvibes.com
862164,versaloro.com
862203,vibrantmatrix.us
862268,viaguru.com
862400,vertexslotslounge.com
862466,valoda.lv
862549,vn97win.net
862618,volgoduma.ru
862833,virdsam3.com
862898,vikings.net
862927,vertexroulette.com
862945,voltimum.co.uk
862979,velluto.ua
862981,visiononlinehub.co.uk
863081,viessmann.it
863150,vevtunet.net
863359,vmcustoms.ca
863363,vidyoplatform.io
863391,vivelamagie.com
863414,vielfaltmenue.com
863438,vip225.com
863486,vpci.org.in
863508,velominati.com
863568,vegas338asik.pro
863589,vipinsight.de
863668,vivafitness.de
863744,viajeropascuero.cl
863812,vostv.com.ni
863835,vatrobran.hr
863957,vipwxb.com
864079,visitbrussels.be
864082,voicejournal.ae
864085,vodka560.ru
864117,vistafield.de
864139,valerianet.com.br
864147,v1e.com
864202,vcmg.com
864239,velvetlog.co.uk
864248,viridianweapontech.com
864317,vanderhoffict.nl
864387,viikdiqf.com
864406,vino-musica.jp
864446,velvetguidehouse.nl
864448,viewcast.com
864535,viewmodernblog.uk
864645,veladns.com
864665,vinhodim.com
864690,vertrouwensland.nl
864697,vsekolesa.com.ua
864817,vermicular.jp
864859,vc.com
864872,vetriscience.com
864891,vipim.ru
864894,venera.social
864895,vtnx-serve.net
864946,vailhealth.org
865044,vectorbetsgalaxy.com
865062,voxnow.cz
865067,vulcanet.com.br
865096,vit.org
865171,vimoz1.site
865177,vivegreen.com
865213,velvetexpertshop.nl
865240,vippayroll.co.za
865247,vegasherooffiziell-de.com
865253,verpackungsteam.eu
865274,vamed.com
865283,visiongamble78.com
865308,vivesponsrealestate.com
865366,vitaservers.com
865407,vidoy.asia
865420,vitber.com
865462,vanstuff.de
865469,vorster.net
865475,vittgam.net
865490,veganinthefreezer.com
865512,vid088.com
865544,vaciegyhazmegye.hu
865560,viewsoniceurope.com
865566,visionblackjackmarket.com
865612,voetbalflitsen.nl
865613,vodka539.ru
865639,verdespace.it
865661,vigilguide.co.uk
865688,visitmournegullionstrangford.com
865732,vitalaxis.com
865736,vortexspread.com
865747,vstage.co
865757,veenee.win
865775,visa.com.pa
865816,vastfood.world
865827,versatilemonkey.com
865835,vnmylife.com
865855,valle-daosta-hotels.com
865895,vianica.com
865934,volksbank-freiburg.de
865996,villaresorts.com
866077,videopass.jp
866089,vantel.com
866132,vips100.com
866235,vkts.ru
866331,verbraucherzentrale-bremen.de
866366,vosn.net
866444,vienote.fr
866460,venora.lk
866562,veho.ro
866571,virdsam8.net
866599,vegasbritnews.co.uk
866669,vanzolini.org.br
866671,visualeffectssociety.com
866740,valtrexv.online
866799,verifact.com.br
866800,vient.co.kr
866838,vladan.fr
866868,vastrise610.shop
866904,vodkam.ru
867029,vistapointe.net
867043,venturz.co
867099,velmatris.com
867113,virolighting.com
867154,va0.ru
867164,viende.su
867213,volunteeringsolutions.com
867214,vipino-wein.de
867235,vmaya.com
867300,vuk-yzyx.com.tr
867319,viewfutureblog.uk
867320,vsednes.cz
867344,voltalia.com
867456,vivastreet.it
867500,vibraporn.com
867526,vistalogic.de
867561,viviotech.us
867578,vardagsrosten.se
867583,votazz.co
867585,vyaxyypik.cc
867807,vlddiplomus.ru
867821,vitaminfit.eu
867832,ville-saint-denis.fr
867868,vitatrentina.it
867933,voxai.tech
867971,velokron.ru
867977,velstraso.top
868004,velociter.net
868015,vedachic.com
868018,virtualtraining.eu
868029,vietnamta.vn
868068,virtydate.com
868103,v-sistemu.ru
868251,varmoraplastech.com
868295,vnbg88.com
868304,visionspinplus.com
868444,vaillant.be
868472,vspc-cloud.com
868492,vegascasinohero.nl
868500,videospornoscaseros.net
868513,vintagesingerparts.com
868579,verisure.se
868590,vw-club.rs
868591,ville-isle-adam.fr
868638,vaclavsmil.com
868639,vanessamae.net
868703,vispronet.com
868752,vanuatu.travel
868754,vetcor.com
868809,visionmark.ca
868846,vauodyrnlktmtobamdkd.com
868884,vibu-webtec.de
868886,vin-customer.cloud
868891,victoryrecords.com
868936,visayas-hotels.com
868963,vectorcraft.nl
869035,vonageforhome.com
869037,varnumlaw.com
869061,vestaadx1.com
869076,vtsinfotech.in
869154,vodlix.com
869275,vic88.shop
869366,valledelsol.com
869460,vingapp.com
869533,vintagetubesex.com
869585,verticalmeasures.com
869751,veganetwork.xyz
869760,vippath.de
869798,vivaterra.com
869848,virtualradarserver.co.uk
869855,videosdemadura.com
869867,villartec.by
869915,vidi-parts.com.ua
869921,viewglobalblog.uk
869936,vichy-th.com
869942,vkw.at
869974,vascosolutions.click
869987,vapriikki.fi
870047,vottak.app
870114,vaccinatiesopreis.nl
870158,vineuser.com
870165,veevee.app
870175,vodka-casino-skachat.ru
870193,valvettithurai.org
870239,via-trm.com
870241,viewculture.uk
870253,vistano.com
870265,vinotrade.sk
870363,vaccines.news
870449,viba.ru
870506,voiceworks.nl
870542,vogon.today
870571,vvipbossax.com
870600,vxoc.org.uk
870615,verydown.com
870631,visittrondheim.no
870723,vectorjackpotarena.com
870742,visitwestchesterny.com
870761,vipers.in
870774,virtualbx.com
870827,vegasukmedia.co.uk
870958,vipnetspz.com.br
871013,vietnamjp.com
871016,visis.net
871035,vectorjackpotlines.com
871094,volosylike.ru
871129,v-anale.best
871180,voy-hairstylepg.com
871205,vexroan.com
871310,vipzino2.com
871355,vetsnap.com
871389,vostron.net
871398,v1deey.space
871410,vtmoney.vn
871428,vestitula.ru
871435,valeriios.dev
871503,vivalocal.com
871517,verbateam-services.com
871563,vinculumgroup.com
871570,vertexview.nl
871614,vardagsresurs.se
871624,visitourchina.com
871688,viu.mx
871702,vortexfactory.com
871711,vanuatubeachbar.com
871742,valleyhope.org
871813,vegasbrittoday.co.uk
871838,venuszine.com
871943,viraaljournaal.nl
871972,volkswagen-commercial-vehicles.be
872019,voslogistics.com
872103,visa.in
872128,vitrinedasflores.com
872163,vtez.net
872199,virginiavip.org
872217,visilab.ch
872278,varsitybrands.com
872281,voabangla.com
872306,vinicolaaurora.com.br
872337,versteigerungspool.de
872499,velocite-montpellier.fr
872558,vataas.com
872593,vigodzky.com
872601,vipresources.de
872616,vhdns.net
872638,viewprimeblog.uk
872656,vistanetwork.ca
872701,vintagemodern.co
872718,ve-lifestyle.com
872756,vectorladderbank.com
872774,vpsvault.host
872832,viada.net
872833,vodafone-net.de
872874,vialibre-ffe.com
872935,vendome-logistique.com
872970,venuesplace.com
873033,vermontbookshop.com
873051,vtelecom.am
873063,viewbrightblog.uk
873065,villetravail.fr
873071,vln.nl
873091,voedingswaardetabel.nl
873113,vyvod-iz-zapoya-v-krasnodare-4.ru
873123,vyvod-iz-zapoya-na-domu-sankt-peterburg-10.ru
873283,vetorsolucoes.com.br
873284,vip777.games
873285,vivirediciones.es
873297,visualdataweb.org
873355,vimaansafar.com
873393,vippath.ca
873402,vobaza.ru
873407,voyah-okami-ekaterinburg.ru
873420,virttrade.com
873462,verite.org
873479,vermontartscouncil.org
873507,venturatvos.com
873536,vonoj.com
873586,vipdosug.biz
873591,vegascrest-casino.net
873611,viaccc.com.ar
873635,vitokanielle.click
873667,vavadacasino1.com
873779,vehiclebid.info
873794,vision.vision
873805,visionvipplatform.com
873811,vendotuttonline.com
873826,virtualobserver.de
873851,visitmaine.net
873857,veslo.ru
873915,vegasukmag.co.uk
873933,vibgyorhigh.com
873954,vinnybyrne.com
874094,vpnnederland.nl
874109,volga-okami.ru
874116,vip-pussy.click
874160,vhcbrands.com
874194,vdv.cz
874252,vhleb7.ru
874259,vodka-license.online
874270,v-b.ru
874278,virginradio.ro
874293,vr-profibroker.de
874320,videyz.bz
874333,visitinglaketahoe.com
874367,vamopar.com
874530,vperfumesjo.com
874542,viantmedical.net
874623,venalisa.ro
874625,victoriansociety.org.uk
874707,vhostu.com
874729,vinhphatmobile.com
874737,voov.kz
874792,vipvault.ca
874797,vega-sino.fr
874798,varyantplusyonetim.com
874829,viewfuture.uk
874941,viduthalai.in
874974,vsedlyasto.ru
875011,vertexreview.de
875027,vaporwave.wiki
875043,vectorclass.net
875067,velocitysuiteonline.com
875079,volleylimburg.be
875081,vauhdikascasino.fi
875104,valentinmaya.com
875115,veteransinpolitics.org
875142,vegastodayhub.co.uk
875153,victoriachineserestaurant.com
875203,vipah06.xyz
875343,vitalhelpdesk.com
875352,voove.com
875415,vsrc.se
875527,visit-shizuoka.com
875546,visiondepth.com
875594,v-trust.com
875640,virdsam2.net
875647,vasekupony.sk
875675,via.bible
875714,visiontodaytoday.co.uk
875716,vphost.eu
875820,vholsinternal.co.uk
875845,versantpower.com
875859,visioncasino.ca
875897,v2r.co.kr
875967,veet.de
876040,verify-www.com
876054,valorcasino-india.com
876069,visithaarlem.com
876071,va-jb7777.tw
876106,vit-net.ru
876152,videw.com
876217,vliruos.be
876244,viralmms.net
876345,vegavid.com
876385,vitodns.com
876606,voipminic.com
876616,vke.it
876643,vipdigitalservices.pro
876680,vertexvipstudio.com
876788,vintagedock.co.uk
876809,vm-cs.ru
876821,volarmediahouse.com
876854,vfmisis.ru
876864,vyjiz-cuv.store
876926,vechtdaloverijssel.nl
876937,vistaportal.us
877069,vrschips.com
877093,vanmass.com
877227,vidsrc.fyi
877240,vibely.au
877287,vpnbc.com.mx
877297,visavet.es
877350,vpn-france.com
877367,vidcloudy.online
877403,vortexigaming.co.uk
877428,vifreepress.com
877449,vegaturbo.com.br
877454,vegasworld360.co.uk
877475,voided.to
877505,vesputi.com
877508,vlbtix.de
877567,vfxvoice.com
877580,vpenize.cz
877596,vean-tattoo.com
877604,vardvaskan.se
877658,vsserver101.com
877684,vanco.co.uk
877735,vetwest.com.au
877749,vleugelsbeveiliging.nl
877818,vsm.com.br
877833,vividreviewweekly.nl
877919,verslavingdebaas.nl
877936,vaobet.events
877940,vdsgmbh.de
877947,vcmedia.co.za
877966,vplayed.com
878009,visacentral.com
878037,veggiegrill.com
878149,viechronique.fr
878348,vividpages.us
878387,vezacloud.com
878479,viralcore.co.uk
878492,vxf.vn
878581,vsg-netzwerk.de
878584,vinylminerecords.com
878761,vansonminitoto.com
878774,vozhd.ru
878862,vitaliaina.com
878867,valloire.com
878906,valuegolf.com
878978,vibrantwellnesscorp.com
879071,volkswagenforum.com
879085,vertexatechnologies.co.uk
879096,volleyhall.org
879104,verzani.com.br
879178,vea.com.tr
879225,verdenet.it
879227,vyatta.com
879234,vanemuine.ee
879255,vegaszone.de
879264,veon.ch
879281,vietfores.org
879294,v8a-moving-pictures.com
879305,visitkeweenaw.com
879314,voovlive.com
879336,viewimages.com
879491,vicenzapiu.com
879506,vyvod-iz-zapoya-v-staczionare-nizhnij-novgorod-26.ru
879567,voxio.nl
879691,valquer.com
879754,vetopia.com.hk
879755,viadellerose.eu
879756,voodoovixen.co.uk
879757,vr6.by
879805,vintagemarket.com.ua
879845,vipstand.info
879902,vivat-uae.net
879906,visa.com.cy
879975,vertexaplus.co.uk
880047,vortexland.co.uk
880064,vtuix.ir
880070,vng666.com
880072,vitaminsuk.com
880075,va4o4o.top
880253,volna-new.com
880254,vincentlaforet.com
880457,velapraha.cz
880558,ve7ru.com
880620,vinia.com
880687,visionculture.fr
880692,viomi.com
880702,viarita.com
880704,verpelis.gratis
880721,vereinsplaner.com
880722,vecerni-praha.cz
880741,visionigaming.ca
880876,viparena.ca
880889,virima.com
880910,vfcunihub.com
880952,vinemc.ru
880966,vegasstream.de
880976,vinovnik.cz
880994,villasingo.com
881039,visualnet.com
881043,vercel-dns.net
881051,variantauto.com
881105,vizda-industrial.com
881121,velocitysquared.com
881183,vidonme.cn
881197,vardagsperspektiv.se
881297,verniciruopolo.it
881326,vkool.cam
881386,vfxalert.com
881510,vads.ac.uk
881514,v.partners
881681,virgostreet.in
881705,voiceline.io
881737,vecs.app
881761,vyzn.io
881791,vwebgroup.com
881843,vegasmania.de
881847,vergesport.com
881874,vbr.kz
881925,vedlife.in
881960,victoriousfestival.co.uk
882050,vario-helicopter.biz
882061,valtrexid.com
882081,virtuoteca.it
882092,vetpay.com.au
882110,venroy.com
882153,vtctskills.org.uk
882238,vinadea.com
882240,vacancesweb.be
882326,vidhosters.com
882436,viilcqaw.com
882440,visitbregenz.com
882525,visiongames.ca
882532,vfp.de
882534,vinertelecom.ua
882557,vipfield.de
882651,viyoletech.com
882726,vtsns.edu.rs
882741,videoman.gr
882760,visiondigitalnews.co.uk
882767,voyager.nz
882822,vdghosting.net
882841,vividsignalexpress.nl
882860,vetic.in
882930,vertexviphouse.com
882938,vtspace.ch
882947,vlingo.com
882958,verticali.ru
882985,visionplanner.com
883066,vcp.de
883076,vhhwdfg.com
883158,visitglenarbor.com
883169,ventureonlineuk.co.uk
883199,verticalurbanism.org
883242,visitleevalley.org.uk
883319,ventilationland.co.uk
883412,virdate.net
883436,valin.com
883443,veloapi.net
883456,viasaborna.bg
883479,visit-venice-italy.com
883531,volleyball.ch
883625,vegasnews.de
883632,vechor.ru
883718,veggieinspired.com
883723,videofaster3.xyz
883734,vlevle.com
883745,velvetcommunitymedia.nl
883772,vasscompany.com
883875,visaicsdirect.com
883880,vsemetri.com
883933,vouch.us
883937,vidarax.cc
883954,vitaminrush.com
883985,v4guard.net
884057,vibekanban.com
884101,vsellm.ru
884121,visionroute.nl
884147,visitplano.com
884285,visitoxnard.com
884359,vectorgames.ca
884365,vuurwerk.net
884394,virdsam5.net
884442,vidison.ru
884446,vigo.de
884478,vistamania.de
884507,ville-evian.fr
884509,vidmateapp.win
884635,visualcom.es
884671,vbdns.net
884705,vectorcraft.de
884781,vonbeau.com
884798,video-jav.net
884823,voicescenter.org
884843,vraki.net
884846,voprosoff.net
884854,vewizeqo.com
884876,velocityroulette.co.uk
884964,vermoxin.online
884999,vojvodjanski.com
885008,vocalink.com
885083,valefor.vip
885093,vps-dns.com
885182,vyvod-iz-zapoya-v-staczionare-sankt-peterburg-11.ru
885215,voxox.com
885233,vaultbookie360.com
885242,vertico.one
885314,videobox.cl
885319,velo3d.com
885328,verbrecherverlag.de
885359,vrminfo.de
885530,v-k-b.ru
885555,vacloud.io
885571,velonity.dk
885587,vpnhostns.com
885592,vintageadbrowser.com
885596,visit-wallonia.com
885658,visualbyte.com.br
885697,visitwadden.nl
885699,vid-adblocker.com
885724,vectorconsoleworks.com
885744,voyah-al.ru
885774,v64.tech
885861,vatrushkaprint.ru
885960,vigilantcontrol.com
885965,vegasluckworld.us
886009,vitahim-perm.ru
886088,visualisingdata.com
886093,vegasjournal.de
886107,visvim.tv
886146,visiontek.com
886176,vipline.ca
886230,vnmedia.net
886247,vaincrealzheimer.org
886335,viziboost.fr
886374,vailonxx.co
886395,vot.org
886420,vectorfinder.de
886682,valbit.com
886683,venedigital.com
886684,verisure.cl
886685,vgplay.vn
886686,videoreddit.edu.vn
886687,vip789win.club
886811,vrgdex.cn
886835,vlasti.live
886911,v360.in
886939,valor.es
886942,vreausite.eu
887034,vikremonti.info
887037,viptrack.de
887038,vectorland.ca
887052,vancampendijkstra.nl
887082,voltecautomacao.com.br
887087,visitnoordlimburg.nl
887176,viaads.dk
887207,vidhukant.com
887215,voler-nutix.com
887252,v2xpin.de
887268,visiontodaymedia.co.uk
887320,visit-naxos.com
887395,virtuell.at
887406,visplanner.nl
887417,vasta.com.vn
887422,vzc.global
887427,veloria.click
887463,versadrives.com
887484,voshod-reklama.ru
887533,vstu.by
887561,vpizde.cc
887577,vbd3.co.uk
887585,verabradleymail.com
887610,violympic.vn
887647,vipbotdomain.top
887648,vinori.pl
887670,vinoora.ru
887715,virtualishosting.com
887724,viewstock.com
887725,veeteesolicitud.com
887770,vividview.uk
887776,vf2026a.com
887780,verloren.nl
887847,vsego.ru
887893,volapps.com
887948,versusstand.com
887995,vectorfield.ca
888027,vahdam.com
888081,vegasherocasino.fi
888133,versa4.com
888179,vegasparadise.us
888342,vs12.com
888395,videoscaserosmadurasxxx.com
888414,videopornitaliani.com
888465,vgorganics.in
888481,visionjackpot.ca
888573,veluwsebron.nl
888668,volgauraltrans.ru
888675,vetsbenefits.net
888681,viabol.com.br
888736,visionworldonline.co.uk
888737,vaultline.net
888760,visa-asia.com
888808,vnggame.pro
888846,vipplay.ca
888936,visionbritonline.co.uk
888954,vide.io
889034,vivavoss.com
889072,vrlan.ru
889141,voidboost.one
889142,valcenis.com
889153,vipzonestation.com
889154,verve.vc
889203,venesistelecom.in
889268,vega.ge
889269,venio.fr
889270,vom.ir
889328,viviscal.com
889332,vloerkleedexclusief.nl
889378,video-chat.live
889416,vertexreport.de
889475,vssr.sk
889481,vcinv.net
889598,vbt77.live
889656,voiceware.com
889668,voroskereszt.hu
889727,vegasworld.co.uk
889747,visitsonderjylland.dk
889749,vegasworldnews.co.uk
889786,vlmcm1.com
889795,visagine.lt
889828,vibrantpath.us
889838,vpaid.ac
889852,victoryismine.org
889871,vandervlis.nl
889900,va-comer.net
889968,venred.net
890007,voltrun.com
890171,visionroyalpro.com
890259,vorarlberg-lines.at
890282,visiplus.com
890340,viploungeworldprox.com
890408,vcinema.cn
890442,vellalarmatrimony.com
890496,viktor.ai
890499,virtualslice.com.br
890531,velikagorica.com
890562,veneilytarvikekauppa.fi
890588,visionpromag.co.uk
890642,vlg-media.ru
890645,voicesofasia.org
890689,vistaconsoles.in
890751,vkupon.ru
890779,vb22.ru
890782,vodroute.com
890858,valueaddedresource.net
890957,vologdaenergo.ru
890969,voja.travel
890972,vegasonlinemedia.co.uk
891095,voyage.com.tw
891117,vet-s.ru
891147,vgct.nl
891185,votivkino.at
891224,voglia.ro
891333,visionglobalblog.uk
891446,viixdigital.com
891447,visurissima.it
891490,virtualsistemas.com.br
891578,vastu-expert.com
891616,vendlive.com
891692,v-parkhotel.ru
891706,vividedition.us
891734,vr-kpw-quickq.com.cn
891741,velocitytechnologies.co.uk
891771,vampirov.net
891795,vilniausgreziniai.lt
891799,vibeourplus.com
891815,veteranpro.gov.ua
891868,vwservers.co.uk
891911,vulcantelecom.net
891929,visionworldmedia.co.uk
891957,vtcoa.com
891967,vaillant.es
891968,vitallogic.nl
892024,vividreviewstyle.nl
892049,vflat.com
892073,vcoli.com
892093,vociferandums.shop
892191,vertexpress.de
892208,vika-service.by
892212,viptop.ru
892225,ville-troyes.fr
892253,vlxx.com
892270,vectordrive.ca
892340,venitron.com
892374,vika.cn
892407,vowesselatha.cfd
892481,vangus-cloud1.co.il
892521,vakarta.com
892591,virtualresources.de
892671,vietnamexportdata.com
892721,volgaline34.ru
892747,visiongamblebase.com
892831,vaoig.gov
892861,vedutaglobal.com
892958,v1s.co
892999,vernadsky.ru
893014,visionfield.co.uk
893018,vedaadvantage.com
893040,votoextranjero.mx
893045,vodkacasinocore.site
893054,vinoschilenosdelujo.com
893100,vootours.com
893110,viralxxxporn.cam
893153,villedecambrai.com
893161,viomi.com.cn
893191,v-credit.su
893222,vintage-guitar.de
893239,vectordomeleague.com
893281,vin-iq.ru
893311,vectorreview.de
893314,visiononline.ca
893365,vikline.ru
893521,viverto.pl
893572,vibemap.com
893579,visionblackjackplus.com
893618,vkavkaze.ru
893637,vtravin.ru
893645,vocabineer.com
893646,vichy-sale.ru
893729,vizi.vn
893782,veegon.com
893858,vertexlucky.com
893914,virtualrealtrans.com
893966,vline.online
893988,vulcanforged.com
893994,versailles-tourisme.com
894027,venturecapitaloklahoma.com
894046,vrntimes.ru
894079,vailresortscareers.com
894102,visionprotoday.co.uk
894197,videochat.mx
894205,vidafertility.com
894276,vavada-kasyno.co
894278,ventureverse.co.uk
894280,vitalconnect.nl
894295,vinotheque.ru
894447,videocdnmetrika59.com
894484,vivelesrondes.fr
894485,vipcorecasino.co.uk
894563,vnnetsoft.vn
894567,vipmania.de
894569,visitwicklow.ie
894579,vyvod-iz-zapoya-doneczk0.ru
894595,votename.ru
894673,voyeurpornfree.com
894720,vertexroom.ca
894791,vehgroshop.es
894839,vegasoasis.us
894850,vuralyazilim.net
894880,vilavitaparc.com
894885,vlrclz.com
894900,videobacks.net
894912,vb-eg.de
894943,vt-etiketten.de
894970,vol1brooklyn.com
895029,vitalhealthkare.com
895058,vegatattoosupplies.com
895083,vhod04.casino
895183,v3b.cn
895237,varietyinfotech.com
895250,viber.me
895294,vpsdelta.com
895331,vuelaalavida.com
895353,venerasews-online.ru
895360,visiononlinesite.co.uk
895462,visa.com.sv
895475,vani-hyd.nic.in
895527,vmagazine.net
895757,valka.click
895850,volleyballdirekt.de
895852,vida.cz
896018,vesmec.com
896054,velo-cafe.ch
896062,vaultpedia.de
896087,vectordecklevelup.com
896158,videoediting.ru
896168,v-konditer.ru
896288,visitjackson.com
896332,vivecamino.com
896339,venevision.com
896349,vistastream.de
896354,vectormobiledeck.com
896397,vincispin.com.pl
896400,velo-plus.com
896410,vdx.nl
896518,visionwagerdaily.com
896526,v12retailfinance.com
896629,vulcantothesky.org
896669,validatebeacon.co.uk
896670,visionglobaltoday.co.uk
896698,vistasupport.com
896715,veleropartners.de
896772,vividhouse.uk
896790,viethope.com.vn
896834,visittrentino.it
896929,vindor.co.uk
896932,vmotionhost.com
896947,videza.online
897063,valifit.com
897114,virtixhealth.com
897192,varkk99.com
897247,visalaw.com
897254,vibrantcloud.us
897285,vcmod.org
897300,vgover.com
897315,vietnamsingle.com
897319,ventosacrium.shop
897352,vapecave.ca
897358,vrbtrans.com
897430,vastrmitr.in
897460,vivodoc.com
897550,vitalinfotech.com
897564,visiblebyte.com
897565,vslconceptshost.com
897569,videolib.live
897574,vdp.de
897606,v.st
897614,vina-host.com
897771,viewearthsatellite.com
897792,velvetpagepro.nl
897802,visionpalace.co.uk
897820,validmarket.io
897830,venturesmarter.com
897862,vkcloud-static.ru
897908,violetmicro.me
897910,vicnature2050.org
897939,velloxnetwork.com.br
897952,vertexfinder.de
898002,vermontjoblink.com
898036,velvetex.it
898064,voladm.gov.ua
898068,viajesflotur.com
898083,velo.org
898087,valmax.ru
898153,valeuptec.com.br
898166,visiondirect.fr
898201,vetrotech.com
898259,vivo-shopping.com
898266,vivaperformance.com
898356,venture.com.sg
898365,vortextechnologies.ca
898407,vistareview.de
898433,vldtlpn.xyz
898436,videocdn.app
898459,vintageclubclothing.com
898545,varnamo.se
898577,velocitycentral.co.uk
898593,visitithaca.com
898605,vipcoreonline.co.uk
898617,vfwstore.org
898641,velosport.ru
898663,vktu.ru
898667,vpweb.ca
898691,vodkaofficial1.online
898775,vasculitisfoundation.org
898895,visitsanmarcos.com
898898,vpsfix.com
898904,verbalplanet.com
898985,virtimo.cloud
899031,vobox.ru
899167,vpnetproxy.xyz
899191,vp-bnn.ru
899249,velvetstylestyle.nl
899255,vodafoneplay.in
899322,vnhm88.com
899375,valorit.net
899390,view.edu.pl
899433,vspmscop.edu.in
899436,vinadata.net.vn
899559,versabadge.com
899563,vinabits.net
899565,vektonvrn.ru
899586,vivre-avec-la-chaleur.fr
899618,visitnordic.com
899622,ventolinrx.com
899920,viwr.ru
899967,videodonnemature.com
899981,vivelecanada.ca
900021,verlocke.de
900024,vocport.gov.in
900060,via-mobilis.co.uk
900067,vsemayki.pro
900087,ville-dinard.fr
900131,vertexarena.de
900185,vulcan.pl
900246,valisint.net
900315,vozolcenterturkiye.com
900320,vvvvvv.ru
900357,vajiracoop.com
900368,visionbets.ca
900482,vigiloo.net
900508,vinarosnews.net
900509,vtvnews.com.br
900524,vincents.se
900550,vortexcenter.co.uk
900562,visionwebservices.net
900611,vw-golf-country.de
900636,vipmuz.net
900666,versusflow.co.uk
900798,vipcomhost.com.br
900804,velocitybingo.co.uk
900805,vertexlucky714.com
900838,vefire.tv
900842,vafem.com
900855,virtualtravel.cz
900883,vandenheuvelverlichting.nl
900893,valtiokonttori.fi
900901,veksns.net
900906,vividreads.us
900917,vermouth-deportivo.com.ar
900930,voderxus.com
900987,vuln.today
901019,vectorreport.de
901107,visitouray.com
901141,v83.ru
901183,vividsystemsliving.nl
901216,virdsam.autos
901253,vitrifrigo.com
901330,vdz-online.de
901334,v1n7kp.com
901363,virginblue.com.au
901392,videmon.ru
901401,vividwave.cz
901402,vici.ru
901479,visionopenblog.uk
901528,void-signal.ru
901590,vgrus.ru
901645,volkswagen-media-services.com
901682,vicon.biz
901755,vet-auvergne.fr
901756,vineum.tw
901788,voloco.com
901860,visihow.com
901872,visitkotkahamina.fi
901873,veluwe.net
901951,vetisonline.com
902001,ve.nu
902004,vozddcpgs.cc
902061,vitajoygroupusa.com
902083,visiondeck.us
902125,voyjoy.com
902165,vrsoft.com.br
902208,vale.rocks
902316,vinc.co.jp
902347,vbkonline.casino
902354,valerisport.it
902366,visitbentonville.com
902392,vihodserii.ru
902418,vinfastauto.eu
902431,voyeurpapa.com
902447,vibecast-vistawave.com
902570,vertexaigaming.co.uk
902627,v-shina.ru
902638,vnet.com.br
902641,vandijk-virgil-cz.biz
902661,vxs-secure.com
902693,vyrezaem.ru
902705,vdsi.ru
902787,visitstoke.co.uk
902802,virten.net
902813,vertexaprime.co.uk
902817,vvtat.lt
902853,videosdepornosmaduras.com
902991,viscosoft.com
903005,ver-taal.com
903010,vidplayer.live
903148,vladimirka.ru
903149,vzpltqmh.cc
903184,veken-tech.com
903223,virco.com
903263,vividarchive.us
903269,vek-noviy.ru
903324,vulkanvegas-online.com
903335,vlissingen.nl
903379,vcc.agency
903394,vistaworld.us
903459,video-fucking.com
903507,valuercogent.com
903580,vapeseurope.com
903648,vieirasaude.com.br
903650,vectorsignal.de
903658,vadium.sk
903663,vincentdepaul.sk
903701,videospornogratuites.com
903739,vipcraft.ca
903760,vastudecor.in
903776,vcel.com
903808,viewclearblog.uk
903950,vegas-casino.co.in
903977,viewboston.com
904065,vidnexa.online
904133,vikingluck.ch
904145,vibrantlogic.us
904358,virtualcloud.co
904370,vegas-bonus38.ru
904379,vamosbet18.com
904389,veyo.com
904402,velocitywager.co.uk
904483,vortexgridparlay.com
904608,varianceexplained.org
904647,vimhelp.org
904717,vipigaming.ca
904805,vfsglobalcustomerexperience.com
904840,vb-alzey-worms.de
904857,vstarkov.ru
904966,ventigo.fr
904967,videycx.site
904968,vixbrasil.com
905030,vapeyoo.com
905105,volviendoalabiblia.com.mx
905139,visionreview.us
905142,vantil.nl
905184,vimawesome.com
905191,voxio.eu
905213,visioncentralsite.co.uk
905227,voloxo.be
905247,vesselbiz.com
905285,vip-radios.fm
905353,valiantmusic.ru
905385,voltage.cloud
905412,vocalcomcx.com
905449,veilingsplaats.nl
905491,vodka1.life
905601,vapekit.co.uk
905616,vertexjournal.de
905774,vertexpalace.de
905799,vegassystems.de
905812,vg-wok.com
905874,verylocal.com
905983,vpolozhenii.com
905987,virusshare.com
906075,vub.lt
906155,villesalo.com
906176,voxbone.com
906190,viventiumtcp.com
906209,vinsys.com
906242,viernulvier.gent
906357,vortexpro.co.uk
906402,vinercenter.ru
906416,visiconsult.com
906425,vortexspot.co.uk
906627,vegacasino26.site
906672,vipslib.com
906688,vaganavisa.no
906691,varosikurir.hu
906780,vpopwire.com
906844,victor-habitat.com
906863,veteranlab.co.uk
906877,vividnationarnhem.nl
906954,vyvod-iz-zapoya-yaroslavl00.ru
906980,vipmark.ca
907040,virtualhumans.org
907070,votava.org
907109,vicdorisstore.com
907112,validators.app
907115,vidaeideasconexion.mx
907164,verbateam-service.fr
907169,vivout.com
907211,vooruit.org
907260,vapask.ru
907343,vancouverisland.com
907347,verspreidingsatlas.nl
907375,vejrogradar.dk
907401,viact.ai
907439,vc4.lv
907470,vtct.org.uk
907540,vertexresources.de
907574,vegasworldmag.co.uk
907597,voxelectronics.com
907609,vividfoodnetwork.nl
907624,vtexcrm.com.br
907653,velvetfinancecommunity.nl
907721,vague-key.com
907776,varstrom.com
907777,villagershomes4rent.com
907778,visunavi.com
907840,vgr.com.ar
907872,viewopen.uk
907882,vrkw.de
907992,virtualhost.ru
908013,visualturk.net
908034,viperaonline.co.uk
908035,vulteevaliant.com
908057,videofunder.com
908103,vac.hu
908248,vigoco.k12.in.us
908280,vrh.org.ua
908350,vitiligo2000.com
908387,visionbrightblog.uk
908400,vn-tel.ru
908407,virtuferries.com
908468,vetcad.ru
908534,vipdiscountcode.com
908565,vectormania.de
908601,vesti-moscow.ru
908649,vault-connect.online
908809,vdokumen.net
908810,voahausa.com
908836,vertexaservices.co.uk
908853,veganz.de
908887,vape-shop-dubai.com
908901,vmh.pw
909079,valuejournal.uk
909093,vastnetworks.com
909125,venray.nl
909135,vpvuvuq.com
909163,vhs-bremen.de
909176,vyvod-iz-zapoya-v-staczionare-sankt-peterburg-10.ru
909222,veselo-igray.ru
909231,vectorscope.ca
909371,vedettesdupontneuf.com
909403,volvoaustin.com
909451,vanheusen.com
909521,veiliglerenlezen.nl
909574,vavada-casio7346.buzz
909608,voipgw.com
909663,vibeval.com.ua
909698,videochatsite.com
909985,vanderbloemen.com
910003,vertexasolutions.co.uk
910038,vidyasoftwares.com
910118,victory-vault.co.uk
910130,vistgroup.ru
910241,verihubs.com
910273,vegabajadigital.com
910334,vitc.lt
910424,vemtec.net.br
910436,vortexnestgg.com
910481,vyvodiz-zapoya-vladivostok18.ru
910495,vsecorp.com
910529,vrbankmitte.de
910536,venuedirectory.com
910625,vmz.services
910630,vipdomebankgo.com
910657,vmmanager.world
910856,visitcolumbusga.com
910857,volcanofm.com
910901,venndr.cloud
910911,vhda.com
910914,visbanking.com
910941,vincentfink.com
910967,voicecrafters.com
911010,voipon.co.uk
911019,vyborgshipyard.ru
911034,vgarderobe.ru
911039,vb-oberberg.de
911073,vansonleathers.com
911121,vividreport.us
911210,villarddelans-correnconenvercors.com
911218,vipporns.com
911221,vacavilleusd.org
911238,vivaia.kr
911242,vsmdns.com
911335,vortexfraghub.com
911422,vectorflow.ca
911460,vortexodds.com
911474,veloservis-plus.ru
911489,v4host.com
911548,vectorinsight.de
911569,visa.co.ao
911598,violins.ca
911652,vspace.pl
911731,visitsharjah.com
911740,v4ns.biz
911786,vebology.com
911839,video-chat.us
911855,vivanews.com
911903,villanovo.fr
911998,vyberobalnamobil.cz
912047,vpnhavenad.com
912121,veggieworld.eco
912138,v2play.ru
912160,vasterastidning.se
912258,vivabride.ru
912273,visionscope.us
912406,v88.im
912458,vindb.org
912812,vagalume.fm
912813,vaihingerbuchladen.de
912814,verashop.com.au
912815,vhs-region-kassel.de
912816,video-choose.com
912817,vnexpo.net
912818,voipmonitor.org
912819,volgaas.ru
912820,vono.me
912821,vw-transporter.ru
912872,volatilityfoundation.org
913002,vcn.bc.ca
913060,veraedge.ir
913101,victiles.com.au
913178,vozdovac.rs
913278,visionukblog.uk
913351,vkjsq.com
913371,vzmnnnvgf.cc
913428,varala.fi
913539,vantique.net
913597,visionguide.us
913636,vsattui.com
913687,visionculture.co.uk
913775,visitsamsoe.dk
913799,viking-gear.ru
913865,vforum.org
913927,vidabox.com
913935,vola.plus
913965,valuepulse.uk
914063,visitexeter.com
914201,vincyp.com
914203,vigodnozap.ru
914206,vamospanish.com
914213,vetcomm.us
914226,velliniilluminazione.com
914247,viva88link.com.co
914294,velsa.cz
914390,veriscroll.com
914433,vehiclepartimages.com
914436,visionopen.uk
914441,vinhosbalance.xyz
914479,vliegenenparkeren.nl
914506,vectorbridge.de
914647,verde-commerce.it
914648,viversaudavelhojeonline.com
914649,vpnmasternet.net
914666,vaz-tok.com.ua
914709,verse.com.tw
914793,virt.host
914819,vprficee.cc
914845,vrtelecom.es
914858,vie-veranda.com
914993,vipnetwork.ca
915026,valens.com
915100,verbum.com
915102,vzmputega.cc
915117,vegasresort.us
915154,vectorroom.co.uk
915167,vbmeets.com
915177,vestnikkavkaza.net
915182,vugtk.cz
915213,vvmvd.ru
915243,visiondelsur.com
915244,visionvipbase.com
915278,visitbellevuewa.com
915352,vrexpertjonquiere.ca
915383,viewlife.uk
915413,verticalgroup.co.uk
915428,vanhack.com
915501,verityinspections.com
915518,viral-growth.top
915534,visasecureservices.com
915539,visitchapelhill.org
915541,vaultguard.com
915612,varmadns.com
915615,v326.top
915690,vip805sukses.com
915727,viptube.club
915748,video-ekb.ru
915767,vapedinnerlady.com
915778,vidspeeds.com
915782,viva24.eu
915788,vvc-adventure.nl
915834,vpnstart.uk
915888,varimsvechi.ru
915977,virtualfield.de
916051,vlshomes.com
916076,vrbank-bafo.de
916094,vyvod-iz-zapoya-v-staczionare-nizhnij-novgorod.ru
916095,vagonka-cena.ru
916128,visitsevierville.com
916130,viralspot.co.uk
916134,vimtools.com
916136,vanengelen.com
916204,voilavoile.com
916218,v2990.click
916226,vboxx.nl
916255,vipwebservers.com
916286,vecchietroie.info
916297,viana.es.gov.br
916299,veronataxis.it
916305,vertexlounge.de
916323,vhsl.org
916346,vapepodking.com
916349,vipbeachhouse.com
916540,vixi.tv
916632,virdsam1.info
916636,vaxcyte.com
916658,vidalista.lol
916829,vinayakinfosoft.com
916832,vrtservers.net
916842,vintagedrumforum.com
917006,vortexcasinocovepro.com
917015,vdumchivost.ru
917017,vertexjackpotdaily.com
917095,vikubet.com
917136,vd9.cn
917173,virtualsportsnetwork.com
917222,verschenkmarkt.info
917251,vsgg.com
917264,versano.nl
917306,velocecdn.com
917384,vegakuyumculuk.com
917389,venderbys.com
917402,veryhost.de
917414,vortexbracket.com
917463,visionsimpleblog.uk
917476,vcx.com
917536,vectorstack360.com
917569,vita-travel.com
917596,videodb.stream
917709,veinte.mx
917849,vtrina.com
917868,vostickets.fr
917891,valleynationalbank.com
917925,volynonline.com
917935,venavto.com
918009,vitrina.ai
918044,verdefield.it
918055,vasestiznosti.cz
918152,volterra.com
918211,veldboereenhoorn.nl
918221,vasari.com.ec
918222,vibrez-rugby.com
918241,vividjournal.us
918249,visiontodaymag.co.uk
918261,vilden.ru
918317,viewcurrentblog.uk
918419,vectorcasinoversex.com
918445,visionbritblog.co.uk
918463,vectorupdate.de
918471,vibrantsynergy.us
918576,vintagecellars.com
918589,versusshop.nl
918599,valys.nl
918641,videodownloader.best
918690,vtoraya-literatura.com
918744,videoxx.com
918776,viatransilvanica.com
918804,vyvod-iz-zapoya-v-staczionare-nizhnij-novgorod-1.ru
918807,vqporn.pro
918849,visualg3.net
918931,vowelshorae.cfd
918935,vervefitness.com.au
918947,vortexcasinovault.com
919005,vipfaq.com
919095,vegewel.com
919109,vecta.io
919165,vote114.com
919197,vankootentuinenbuitenleven.nl
919208,vinumip.com
919229,vpnm.su
919242,voicegambia.com
919257,vanillabeancuisine.com
919431,vp6n.xyz
919449,video-laba.online
919480,vsolvit.com
919513,vacations.info
919581,vangoghmuseum.com
919591,virtpbx.ru
919638,vesinhcongnghiepdanang.vn
919656,vega-casino.com
919678,vidyadip.com
919709,vortexspinsforgego.com
919732,visiononlineblog.co.uk
919733,vetuni.cz
919779,vectortechboost.co.in
919780,venicesports.it
919797,veteranmonitor.co.uk
919823,vertexafactory.co.uk
919904,vizz.com
919924,vectorplay.co.uk
919962,vectorarena.de
920053,vanseggeren.nl
920059,vegasbritplus.co.uk
920074,visionlifemedia.co.uk
920083,volzero.com
920089,vkk-zapad.ru
920134,vertexadigital.co.uk
920144,vtek.net.br
920185,vb-tool.de
920200,videoserversonline.com
920256,vegascasinotalk.com
920260,vitiligosupport.org
920305,vectorplaysuite.com
920327,vectorigaming.ca
920379,veryownweb.com
920397,vn8qbet.com
920414,vizok.market
920491,vormir2984.com.br
920499,vegastodayplus.co.uk
920541,vampster.com
920574,visitkearney.org
920575,velocityokc.com
920623,vidoystream.com
920681,vegasukonline.co.uk
920721,videossexegratuit.com
920737,vixrapedia.org
920806,vanhack.ca
920831,verified-project.com
920862,voipcom.network
920922,vhrux.com
920960,vodnyye-progulki-v-sankt-peterburge.ru
920993,visionspot.ca
921092,vt2host.com
921097,virtuosotrack.co.uk
921103,voxturr.us
921138,vivatbet.rs
921158,vufind.org
921185,vkb-bank.at
921246,vidflowa.online
921384,voidly.ai
921410,vertexroyalonline.com
921427,vn29bet.com
921458,vanipedia.org
921473,vistumbler.net
921483,vismacloud.com
921503,varo.com
921559,viewbots.com
921598,vectorhouse.co.uk
921724,visionzone.co.uk
921761,vpntype.tech
921811,v4k.life
921826,vertexrouletteonline.com
921854,vinpit.com
922030,vhtqn.org
922111,vpnblog.work
922146,viame.cz
922192,vilinskaya.ru
922209,v-1749.ru
922247,vertexapoker.co.uk
922265,videotool.dk
922293,velvetbrieflink.nl
922335,vectorine.com
922341,vahistorical.org
922411,videospace.ai
922413,vidania.ru
922441,vn750.com
922491,vantagepnt.com
922520,vd0h1e7d.com
922538,volvopower.de
922540,van-mebel.ru
922552,virtualjournal.de
922576,vias.org
922678,vporno.pro
922702,valorizza.com.br
922717,vodka-kazino-registraciya.ru
922720,vb-deutschland.de
922804,ville-valbonne.fr
922954,velogear.com.au
922955,vendocao.click
922956,verdecard.com.br
922957,vievebeauty.com
922958,vineshroom.net
922959,vwgolfcommunity.com
923053,vaktin.is
923074,visit-gem.com
923171,v247s.com
923292,visitnara.jp
923308,voyjorsy.com
923332,vortexsystems.ca
923418,videoindexer.ai
923453,varsitarian.net
923617,vectorfield.de
923697,vnptsoftware.vn
923782,vaayuaviation.com
923793,violemaribor.com
923814,vandorviadal.hu
923827,visionabacus.net
923838,vldfav.com
923999,vanlogten.eu
924004,vividinsight.us
924061,vedapath.app
924143,vistadaily.de
924149,viperatech.com
924165,velvetdoor.co.uk
924193,valuenet.de
924285,viraparu.ir
924361,vistapath.us
924367,vbirften.site
924525,vibes.mba
924550,vacances.com
924642,vimtag.com
924756,vectorcenter.ca
924809,vavada30759.help
924825,viceroybali.com
924826,vikisews.online
924863,voxlog.fr
924927,vws-siegen.de
924970,vaultcord.win
924974,vkusnyesushi.ru
924978,vision6.com
925014,visit-sumida.jp
925050,vaporsweep.com
925051,voltecbd.com
925058,vega.org.uk
925161,verifycast.com
925165,vitanas.de
925227,vhost.net
925230,violins.com.au
925310,vetmil.com.br
925321,videosxxxparaguayo.com
925366,vegeweb.org
925431,vast.vn
925447,verygames.com
925499,vietnamesewomen.org
925503,viruscomix.com
925551,vantajap.com
925610,vicem.com
925620,vesti.mobi
925667,vanmeterinc.com
925756,vk-portal.ru
925760,valltime.com
925791,vnr500.vn
925795,vidaeconomica.com
925930,vnboiiwt.com
925933,vegasonline360.co.uk
925978,vegastodaysite.co.uk
926037,vrlps.co
926054,vivod-iz-zapoya-sochi22.ru
926064,vznkul.be
926087,virtualmaster.com
926120,vividposts.us
926150,virtualnetworks.de
926156,vexpenses.com.br
926230,vipdrive.ca
926233,vrije-mens.org
926299,visionbridge.uk
926317,v8media.co.uk
926319,vipradvin.ir
926331,valoroxo.be
926346,visit-massachusetts.com
926384,vectorlounge.co.uk
926390,vvlyrics.com
926394,vortexfactory.co.uk
926400,vtnhatb.com
926401,vera-john-casino.se
926403,vrata.net
926432,viicloud.com.au
926442,visionproplus.co.uk
926458,vertexasystems.co.uk
926507,vorkunov.ru
926534,vivatbacchus.hu
926571,viewsmart.uk
926578,vsem-sport.ru
926623,vitrina.life
926671,vipporthq.com
926747,vonnegut.com
926771,vardagsfloden.se
926779,vortexstackladder.com
926789,venrock.com
926797,vetexpert.ru
926814,vp1.tv
926895,viagralifeupp.com
926902,vinci-airports.com
926984,virtualmind.be
927013,vfmhost.com
927038,visitpoulsbo.com
927076,viags.vn
927183,vayd.tr
927369,vixensandangels.com
927459,vistajournal.us
927481,ventizz.de
927490,vavadapsbn0.com
927509,videospornoguatemala.com
927543,vdsca.ru
927556,vegasspinnetwork.nl
927561,valenspara.com
927576,vfuhuhzb.cc
927596,visittubbergen.nl
927598,vtube.id
927710,vpnet.ru
927764,vipintim.click
927768,viznet.tv
927955,vol.it
927960,vitalmedia.nl
927983,vistazone.us
927990,venom.network
928112,viperaconnect.co.uk
928123,vn88vv.net
928166,vertexahub.co.uk
928275,velocitygames.co.uk
928282,virtualgobe.net
928477,vegasarena.de
928484,vidyadaan.net
928557,vyvod-iz-zapoya-v-tolyatti0.ru
928623,vpn.kim
928631,vegasbonanza.com
928721,vipslotcasinoadresleri.com
928747,vertextracker.de
928757,veryxue.com
928759,vip-porn.video
928767,vechtsportinfo.nl
928790,velocitypalace.co.uk
928792,vortexnetwork.co.uk
928801,vstandoff.ru
928923,vagstore.ro
928954,vividnationfactory.nl
928970,vagabondages.net
928980,vilgalesskola.lv
929015,vvikipedla.com
929022,ventivclient.com
929045,viogamuv.cc
929046,vorota-one.ru
929068,vectorsails.com
929102,videoxxxporn.biz
929116,vvupup.com
929120,verbenaflores.com
929126,vitobest.com
929128,vipgtm.com
929154,vowsbridalandformals.com
929182,voteinfo.net
929185,venmar.com
929200,visjs.org
929203,votingrightslab.org
929210,vipplatform.ca
929241,viswabrahminmatrimony.com
929251,vegasglobe.us
929255,vegasonlinemag.co.uk
929308,vectorjournal.de
929313,vidgod.net
929382,vastchromeinstruments.in
929384,vrace.com.vn
929392,vim.fr
929482,virusdie.com
929488,vitalaire.com
929529,virtualreview.de
929586,vera-lengsfeld.de
929625,villa-bosch.de
929642,vmos-static.com
929730,virdsam6.org
929749,vanverre.nl
929756,veruscorp.org
929793,vdc-crnomelj.si
929812,visioncurrent.uk
929823,vancouverfoundation.ca
929923,vgroup.one
929932,vitaetf.co.kr
930007,vavada-play.ru
930120,velvetescape.com
930228,versefrag.com
930298,vrutal.com
930308,viewfresh.uk
930349,vandoren.fr
930354,vjn.co.id
930594,vtsclima.com
930605,vsip-dns.com
930622,vwapps.cloud
930659,valexpert.net
930660,valhelsia.net
930695,vedminaizba.ru
930723,volkshotel.nl
930729,veza360.com
930737,virtualrealpassion.com
930749,verdepoint.it
930774,volvopartscounter.com
930789,ventilsogood.com
930795,vi-bim.cloud
930825,vidbitemax.com
930832,vertexacollective.co.uk
930907,vash-check.ru
930946,velocityplay.co.uk
930989,vikitap.com
931036,vividheadline.us
931084,venus-berlin.com
931253,vespaonline.de
931286,visitglenwood.com
931339,vanleer.org.il
931372,vonet.ru
931433,visionlifenews.co.uk
931521,vivantcorp.com
931553,venifootball.com
931699,vbet40.com
931704,vgboxart.com
931828,vainplex.dev
931829,vgreennet.asia
931830,vince999.com
931831,vital-side.com
931832,vodnsmall.com
931833,vogyou.com
931834,vpn-connect.click
931862,vaftizo.com
931923,vpweb.nl
931940,vos-kh.cz
931964,vyboruslug.com
931966,voetbal247.nl
931991,vogandwodbooks.com
932013,vocera.io
932039,vardagsresan.se
932108,vegas-heros.com
932139,vvsg.be
932215,valleymorningstar.com
932260,volcanolegion.eu
932390,variodoc-server.de
932482,visitthewoodlands.com
932637,vadovaspdf.lt
932652,valledearas.com
932661,ver.fi
932675,vd1.one
932745,visionaryfounderslab.site
932771,voyaplans.com
932878,vitess.io
932948,vipcoreprime.co.uk
932977,verkeersbureaus.info
932982,vertexaslots.co.uk
933016,videyin.co
933042,virtualforce.com.br
933053,verdecore.it
933069,veryim.cc
933123,vardagsinsikter.se
933202,voy-custardpg.com
933218,vulkan24casino-online.club
933345,voice.fun
933402,visix.com
933431,virdsam9.com
933510,vardfokus.se
933516,vanessences.fr
933573,vedicthemes.com
933589,vip-times.co.jp
933607,voicemodgarena.com
933612,verifyweave.co.uk
933844,volceapi.com
933874,vectorbase.ca
933881,valence-romans-tourisme.com
933930,visionbritnews.co.uk
934030,venicespa.it
934039,vhosting.ro
934047,vividsummary.us
934060,viceroyresearch.org
934083,visitingmontgomery.com
934085,voyageprive.de
934134,vandymania.com
934169,visioncasinoplatform.com
934249,vbo.nl
934256,vulkanvegasshu.com
934281,vanilla-air.com
934302,v03.ru
934330,voxio.de
934362,vassiliszoulias.com
934370,vb6ji4o.com
934401,vexaay.nl
934414,vps-gold3pro.click
934468,vacationokoboji.com
934523,varadero.kz
934534,vwebdesign.nl
934568,valetelecomce.com.br
934580,vaillant.pl
934592,vbygemvo.cc
934706,vivastelecom.com.br
934723,vamdodoma.ru
934735,vardagsperspekt.se
934753,valleedossau.com
934754,voxart.it
934824,velo-oxygen.fr
934832,verigram.kz
934874,vanderweil.com
934882,vividsignaltoday.nl
934945,voxisdns.com
935015,vr-porn.tv
935212,vpndataguard.com
935295,visualimpactperformancesystems.com
935336,viaflux.com.br
935408,vanleeuwen.com
935447,vstone.co.jp
935527,vendiauto.fr
935542,vikecn.com
935560,vardagskompass.se
935649,visitecastelobranco.pt
935682,vcockpit.de
935704,vad.be
935706,vetspravka.ru
935722,verbathon.com
935732,visitkopvanholland.nl
935757,veggieboards.com
935909,verygourmand.com
935910,vpnproxy2024.com
935911,vuonhoatuoi.vn
935925,vedmochka.net
936019,vertexastake.co.uk
936170,voicelyt.com
936277,viagra.onl
936285,vufold.co.uk
936288,vaxono.be
936293,visionideaspunto.mx
936295,videoline.ru
936296,vegas-hero-casino.com
936329,vulplex.com
936387,vipworld.ca
936401,veronoticias.com
936410,virtuerecoverycenter.com
936418,vrbanknord.de
936443,vodzilla.co
936474,vurv.cz
936521,valiorawellness.com
936525,vet-magazin.de
936601,viax.io
936657,vectorspread.com
936673,vipspins.ca
936711,von-der-heydt-museum.de
936809,vividhub.us
936814,viewe.ru
936824,vxronline.co.uk
936836,viasildenviafss.com
936934,vidsanal.com
936987,vin.ua
937018,visitthanet.co.uk
937057,vistareport.de
937076,vkkd-kliniken.de
937079,veldns.com
937095,varam.gov.lv
937164,victorylanespot.us
937167,visiondigitalblog.uk
937185,vivaweek.com
937306,volksbank-wml.de
937431,viatelecom.eu
937541,vacationmyrtlebeach.com
937546,vectortechnologies.co.uk
937561,vwclub.co.za
937757,vpdlbhod.cc
937768,vdjjones.co.ke
937817,vhtelecom.com.br
937820,vigilantnews.com
937843,vms.my
937902,vostickets.net
937923,vitrina.kg
937938,visitdeluttelosser.nl
937960,vipconnect.mx
937969,viperatechnologies.co.uk
937986,vdomainhosting.net
937996,verdihomeonline.com
938077,visioncurrentblog.uk
938079,veritexbank.com
938094,vegastodayonline.co.uk
938137,valixa.be
938152,vexmoriano.xyz
938175,vinipuxv.co.uk
938247,velldoris.net
938250,visionprimeblog.uk
938291,vrcpro.com
938346,viv.net
938456,vichr.net
938513,verasyscontrols.com
938522,vps.today
938582,voinetwork.net
938608,vpswala.org
938615,viewfinderpanoramas.org
938621,vistaupdate.us
938629,vinediscover.shop
938633,vpus.shop
938668,vercors-experience.com
938669,velocity-opensource-operatracksecure.com
938673,villagroupresorts.com
938683,vinixuc.com
938724,vardforbundet.se
938766,visa.gr
938777,villainarts.com
938790,valuesportal.com
938805,vertexjodns.com
938810,vuoriclothing.ae
938986,viasite.es
939057,vicsport.com.au
939295,videochat.world
939296,vertexpoint.nl
939369,verzekering.nl
939386,visitoulu.fi
939408,vavada39.fun
939456,visitcompletecare.com
939651,viettelnet.vn
939672,videosteram-app.com
939693,virgu.net
939746,visitkanazawa.jp
939748,vpn-service.net
939753,vipnew.info
939790,vardagsstrategi.se
939824,vortexmobilewave.com
939861,vkurse.info
939894,vpshosting.vn
939915,vegasarena.us
939917,votolatino.org
939942,viaglamour.com
939973,vipbase.ca
939987,vodkabet053.com
940012,vipecloud.com
940050,vipchiplabs247.com
940101,vn-zom.com
940103,vtrixdomains.com
940134,voyah.com.cn
940137,vyborstroi.ru
940336,vnis.vn
940376,vivastreet.info
940397,visual6502.org
940402,vakervrolijk.nl
940403,velthentic.com
940424,vostok.asia
940441,vb-bm-ji.com
940452,vipcoreslots.co.uk
940471,vogueknitting.com
940539,vastudecors.com
940624,visitgolden.com
940625,vykt.ru
940642,visayandailystar.com
940643,vahvel.net
940647,vending.com
940767,verlimo.de
940821,veriotexas.net
940871,valutakalkulator.co
940971,vps.net.ar
941048,visitjacksontn.com
941052,velocitypoker.co.uk
941082,vinea.nl
941100,voicegf.com
941106,voicenation.com
941114,vrbank-augsburg-ostallgaeu.de
941129,vnptweb.vn
941130,vaultverify.com
941180,vitalbikechains.com
941240,viczz.com
941262,viaplaygroup.com
941281,vistamark.de
941285,vapeglobe.de
941315,vicki.biz
941468,viiphoto.com
941544,vtoshop.com
941586,vectordeckspread.com
941607,visaft.com
941646,vtubeando.net
941674,vbs-store.com
941744,villaverde.fr
941787,vbetnews.com
941809,visitnorway.it
941921,vertexobserver.de
941935,verilion.com
941946,vividtipsclub.nl
942106,vhs-hannover.de
942135,ville-orange.fr
942143,venicecarhire.it
942184,vicetemple.io
942208,vaned.com
942232,vianova-groupe.fr
942305,verbarteam.fr
942322,velouuraa.com
942440,vzrastniporno.com
942477,viscom.net
942563,visityakima.com
942568,verscend.com
942578,visas-vies.fr
942663,venuepulsefinder.com
942694,visionfund.com
942754,vutura.de
942758,vdg.quebec
942773,vipwebhosting.com
942817,vendotek.ru
942835,verkkotunnukset.fi
942860,vzhifu.net
942864,ventilatorry.ru
942867,vhxapps.com
942907,vitalmro.com
942919,votel.net
942962,vertma.lt
942976,vortexscrimpro.com
943029,viagogo.co.za
943152,vidaxl.ae
943154,viage.be
943189,vki.at
943207,visiontechplus.co.uk
943245,vfm.de
943246,vazquez.cloud
943248,vegaskorea.com
943300,vascalperujourneys.com
943342,vinci-spin.com.pl
943365,ville-saumur.fr
943371,versioneye.com
943398,vectormarketing.com
943464,visionsbox.de
943552,vtiservice.ru
943560,visper.tech
943590,vidmatrix.online
943663,vomer.es
943743,verbateamservice.com
943762,visitvalsugana.it
943769,visacards.africa
943825,visitbarharbor.com
943859,volka.com
943860,vvvmgvvv.com
943871,von.ca
943879,vidhost.me
943978,vipcoreplus.co.uk
943994,vsnet.site
944016,viosmonitoring.com
944053,vsbet30.com
944062,vasy.ru
944079,vocero.com.mx
944130,vipindustries.de
944170,venturenotes.us
944179,vejianzhan.com
944233,vasa-project.org
944335,vectorlogic.ca
944340,vipaks.ru
944345,volumetricafeed.com
944362,viewdm.com
944394,venabo.de
944397,vakiodaily.com
944416,vegasukhub.co.uk
944429,veste-publicitaire-pro.com
944471,vinofandango.co.uk
944517,visionhubblog.co.uk
944530,voennizdat.com
944541,vif-fotball.no
944542,vct.news
944586,voyagezest.com
944662,vnws.live
944687,voennoepravo.ru
944715,vucaflex.com
944720,veryapt.com
944759,vitamincfoundation.org
944778,venstre.no
944782,vevey.ch
944799,vandenbroekbiljarts.nl
944815,volcon.com
944832,vavada-ewsb.top
944833,videra.com
944866,vdf-guidance.com
944939,vsup.cz
944968,vitenda.de
944991,vidsboku.com
945065,vambe.ai
945111,vetmatrixbase.com
945167,virtvideochat.ru
945210,velthuiskliniek.nl
945253,vonknh.nl
945300,valehost.net.br
945472,via-mobilis.ru
945498,vital-proxies.com
945500,vuzdiploma.ru
945505,vipworks.ca
945508,vacuumland.org
945529,vuwtc.org.nz
945530,visitamarillo.com
945540,verizondigitalmedia.net
945543,verdictledger.co.uk
945552,valmikiramayan.net
945582,valor.bet
945590,verifydigest.com
945709,vardandentalclinic.com
945878,vybz.live
945931,volleydaily.co.uk
945966,videeo.com
945972,vexle.org
945975,vyvod-iz-zapoya-kemerovo18.ru
946039,visioncentralplus.co.uk
946051,venuerific.com
946252,vbet.group
946322,verdicts.co.il
946438,vlieland.net
946509,vigenere.nl
946576,visitcarlsbad.com
946587,vortexventures.ca
946669,valcre.com
946689,vesper.finance
946699,vx800.de
946715,vsngw.com
946773,virtualrealityforum.de
946782,vistatrack.de
946794,vectorodds.com
946894,vivancoculturadevino.es
946946,vexiumis.top
946961,v2com-newswire.com
947046,vmsgenerations.org
947073,vacationstravel.com
947135,valvulita.com
947220,villarrealusa.com
947230,viewmodern.uk
947272,vermonthistoryexplorer.org
947371,victronenergy.de
947438,vwvictoria.com
947450,vegas24seven.com
947461,vasilelradu.ro
947476,virgin-atlantic-wifi.com
947517,villadelpalmarloreto.com
947569,valuereview.uk
947644,visitliskeard.co.uk
947682,vi-shop.kr
947686,vtei.edu.ua
947690,vostel.co.uk
947742,varmlandstrafik.se
947813,vipdojostation.com
947896,vsegpt.ru
947944,visitharghita.com
947960,vertexnews.de
947968,vintagepornnew.com
947975,voklanir.study
947992,videocommerce.io
947993,vipsystemdns.com
948034,vividtexts.us
948171,valmara.co
948181,vmnews.ru
948268,visitbigsky.com
948297,venturebuilder.com
948358,vallboi.cat
948456,vortexportal.co.uk
948482,visionbritplus.co.uk
948498,videos-stars-nues.net
948516,vortexclubbracket.com
948595,vzglyad.uz
948649,vidafarmacias.com
948662,vocalcircle.co.uk
948762,vogueindustry.com
948771,vanillaos.org
948798,vipcorehub.co.uk
948823,visionary-darts.com
948868,vtemu.by
948895,vtrahe.date
948924,vanlanschot.nl
948940,vpl-aurora.ru
948953,vadevender.es
949018,verbateam-services.fr
949034,vietnamfdi.vn
949082,vaccineinformation.org
949128,veggiedate.org
949193,viltspecialist.nl
949222,ventusnetworks.com
949232,vietnaminsider.vn
949268,visioncultureonline.co.uk
949300,vnti.de
949351,vqr.vc
949381,voslee.com
949405,vv14cloud.com
949572,vaave.co
949576,vuitton.net
949586,varisano.de
949707,vidban.com
949803,vpnmonster.ru
949830,vismasoftware.no
949854,vipcoremax.co.uk
949959,velocitybet.co.uk
949996,v063.ru
950006,vistaview.us
950031,vpn-energiekontor-hannover.de
950045,virginianavigator.org
950053,varishangout.com
950065,virtualjog.hu
950117,vayeda.ru
950126,vicsig.net
950139,vanillaeuropa.com
950148,vengo.ro
950180,vinstate.com
950215,valenzuelatrabaho.gov.ph
950267,vreg.de
950275,vectorbet.ca
950283,viventa.co
950292,vulpinemission.com
950389,veporium.com
950397,venturaharborvillage.com
950553,visionvie.fr
950587,videolog.tv
950602,vopsuitesamui.com
950606,vortexspinprime.com
950660,volna-spb.ru
950666,vapoter.fr
950831,vendably.shop
950849,vzuttia.com.ua
950865,varnion.id
950897,vavada-bonusi.site
951007,vmdb.nl
951080,vediherbals.com
951115,vklive.app
951123,visitwinchesterva.com
951225,verywear.fr
951243,vpsalgerie.net
951282,vectorbets.ca
951338,vileda.com
951365,vegasluckplanet.us
951417,visionfield.us
951426,vintagepornlink.com
951431,visa.com.gt
951446,virus-protect.org
951516,victorygirlsblog.com
951529,veritekglobal.nl
951538,vavada-wzz.top
951551,visionculturemedia.co.uk
951556,voltaicideas.net
951591,veselicetvrtak.com
951599,vitalekart-shop.it
951626,vectorslotwager.com
951640,ventanaresearch.com
951669,viczcar.com
951686,vipbazaargalaxy.com
951730,vectorspot.ca
951745,vigszinhaz.hu
951781,viviennewestwood-tokyo.com
951796,vetware.ru
951864,valyuta.az
951865,vdone.com
951874,vtk.cloud
951893,vtproject.ru
951953,vardot.com
951997,vipshara.ru
952018,vocaltrainer.pro
952056,verdictmma.com
952059,vaemergency.gov
952079,vd.dk
952249,vercel.link
952268,valleyymca.org
952342,victoriassecret.rs
952343,villaciniz.com.tr
952344,viralthots.tv
952393,valenzhealth.com
952433,vanosnabrugge.org
952450,visionhubmag.co.uk
952494,voconvo2.com
952524,verdi.cloud
952562,virtualticket.com.br
952579,vladivostok.com
952615,vipjackpot.ca
952617,visiondigitalhub.co.uk
952673,vavada-oxac.top
952699,veranosdelavilla.com
952782,vietnamnetjsc.vn
952898,viree-malin.fr
952925,vipnews.fr
952943,voltacatalunya.cat
953000,vsm-api.com
953033,vistastream.us
953049,vinogradovsky.ru
953086,vegascircle.us
953147,vipnudesexygirls.com
953165,viewbix.com
953190,vortex1008.com
953285,voy-walkmanpg.com
953287,vdocument.in
953304,v1dun.ru
953327,vamtel.ru
953340,viewporn.pro
953389,viasat.tv
953402,vitechparts.com
953427,vrsgs.com
953575,viptron.co
953605,visitgreatyarmouth.co.uk
953663,vavada-lze.top
953666,valuechampion.sg
953722,viewdaily.uk
953751,velo-sport.sumy.ua
953774,vroa.pl
953808,vegascraze.com
953891,vhod2601.casino
953930,volga-autoprodix.ru
953951,vrbank-mkb.de
954003,visionprimesite.co.uk
954029,vibeplus.tv
954051,vavada-zxj.top
954058,victoriacollege.edu
954061,virginiarealtors.org
954063,vavada-casino-jly.buzz
954079,visitdelnortecounty.com
954093,vidas.it
954163,visionbrit.uk
954181,vapebeat.com
954200,viewprime.uk
954322,vrweb.cl
954437,valor-emoney.jp
954438,vapvip.com
954439,vcb-s.com
954465,vip32win.club
954516,viperiptv.xyz
954549,vectoronline.ca
954567,vkhz.com
954589,version3.dk
954644,vulkanvegas-gra.com
954664,vavada-ssl.top
954687,veracel.com.br
954689,vossey.com
954691,viobank.com
954767,vrom.nl
954815,vistacollege.nl
954852,voshodmoscow.ru
954860,vamopar.fr
954875,votesolar.org
954951,vipcoretechnologies.co.uk
954960,viewglobal.uk
954984,visittopeka.com
954996,verstela.com
955043,voltage.com
955133,vanatotzekerheid.nl
955223,vtorge.com.ua
955242,vavada-faf.top
955247,vavada-onw.top
955362,vavada-qfh.top
955428,vistitude.net
955431,vocabulary.cl
955435,vavada-offsite-registration.top
955457,vneftike.ru
955478,visitcairngorms.com
955521,visionpublicblog.uk
955547,violet-evergarden.jp
955624,veno.cam
955707,vextix.com
955918,vstroyka-solo.ru
955980,vostwebhosting.com
956001,velocity.ag
956016,vetropack.com
956019,vertexaworld.co.uk
956103,vintagevmax.com
956146,verygoodcloud.com
956194,virdsam1.life
956202,vizi.tv
956281,villapace.eu
956318,vavada-xbe.top
956338,vavada-vof11.top
956445,voyageons-autrement.com
956492,vavada-aa.top
956530,veken.com
956547,vand-kvalitet.dk
956683,vids-app.com
956777,vitamixaustralia.com.au
956796,vnci.nl
956891,vectorportal.co.uk
956894,viewfreshblog.uk
956901,vega.bet
956940,vetboard.ru
956946,vavada-official-zerkalo.top
956959,vavada-uok.top
956966,vostel.de
956983,visionworldmag.co.uk
957005,visiondigitaltoday.co.uk
957009,v2accelerate.com
957021,vivivit.com
957111,vapora.online
957229,vrsta-zugspitze.de
957252,vellum.pub
957302,vollzeitjobs.de
957357,vavada-casino-jlu.buzz
957367,voteda.org
957371,veurne.be
957380,vertexpalace.co.uk
957406,vladremsnab.ru
957425,vpn-club-service.ru
957691,vegasinc.com
957702,vuelaltocotillon.com.ar
957722,vitamed4u.de
957740,vagyonertekeles.hu
957802,vindjeu.eu
957810,vavada-casino-kpl.buzz
957833,vnet.com
958049,visalia.gov
958074,vidmolo.com
958106,vilnius-tourism.lt
958112,villacrespi.it
958195,vividfocuslink.nl
958259,vipsportiv.com
958268,viewsmartblog.uk
958318,videomax.ru
958319,v7darwin.com
958364,villagefordparts.com
958414,versicherungenmitkopf.de
958519,vegeco.jp
958582,videolinks.ru
958590,vegasvault.us
958608,vagazine.com
958625,vcra.co
958664,vodtwxs.com
958704,vjuhnlqu.cc
958741,value2being.com
958757,vavada-pqwa.top
958765,visualcinnamon.com
958790,videocdnmetrika57.com
958803,vqwnajtd.net
958804,virtadpt.net
958894,vipcdnspeed.com
958922,vacmaster.com
958930,vr-soft.ru
958941,vistazone.de
958958,vmic.xyz
958963,ville-gap.fr
958967,vavada-100-free-spins.top
959050,vavada-txe.top
959052,vetryx.shop
959066,vnneo.ru
959141,vegaspress.de
959143,visnetwork.net.au
959222,vcenterhost.com
959245,vavada-uyxb.top
959308,vavada-fim16.top
959344,vegaslifemag.co.uk
959375,vannabest.ru
959405,vavada-online-site.top
959412,vawilon.ru
959438,virtualdjradio.com
959441,vinacomin.vn
959487,vaginke.best
959513,vavada-qct7.xyz
959519,vavada-qjf1.xyz
959604,videosxxxcaseros.net
959610,vuelveami.com
959628,vatnikstan.ru
959666,vavada-official-site-registration.top
959669,vavada-bea.top
959680,vavada-vbsv.buzz
959685,volgofarm.ru
959688,varvikas.shop
959732,voicesofvr.com
959753,vitalbmx.com
959798,v8hosting.uk
959816,vertexamedia.co.uk
959835,visionsociety.uk
959840,valeriasworld.com
959871,videosxxxdeveteranas.com
959883,volley-history.com
959930,vikinganswerlady.com
959933,vijverwinkel.com
959944,vipsohbethatlari.info
959957,vortexhub.ca
959992,velikan.su
960041,vikingtherapeutics.com
960066,vardagsflodenet.se
960073,vkidochnaya.com
960088,vavada-oxaq.top
960169,vertexclub.de
960307,vczz.shop
960343,valtaf.nl
960364,vidalink.com.br
960419,vado.az
960453,volunteer.scot
960525,viamall.net
960538,vectorline.co.uk
960542,visionprimeplus.co.uk
960597,ville-pertuis.fr
960631,vavada-casino-jlt.buzz
960692,vavada-vvdh.top
960698,vavada-pqwf.top
960713,vectorcenter.co.uk
960785,vertexbase.co.uk
960895,volley.ee
960902,vectormark.ca
960904,vstory.io
960919,vavada-casino-fzj.buzz
960931,visionblackjackonline.com
960934,virtual-addiction.com
960939,valuationappeared.com
960959,virginmusic.com
961016,velocityjackpot.co.uk
961036,video123.tv
961041,voxel-man.com
961044,vorteilstarife.de
961142,visualpharm.com
961145,veeamcloud.de
961157,vservices.com
961161,vault22.com
961177,vetura.de
961198,viewpublic.uk
961211,vavada-zcx.top
961214,vietnam303.us
961251,vidtomp3.com
961281,vertexaplatform.co.uk
961359,vpstg.run
961415,vvvv.ee
961416,vavada-jokg.top
961432,v601.casino
961450,vapetechpoland.pl
961455,vavada-ka5i.top
961486,vtrahe.bike
961494,vavada-oerb.top
961531,venue.cloud
961603,vecto.it
961609,viewukblog.uk
961647,vavada-igf.top
961762,vagalume.com
961781,vadkerti-to.hu
961797,vectorpath.co.uk
961868,vavada-wtv.top
961887,verticalavi.org
961941,valuecorner.uk
961956,vk.kz
961982,vaoroizzp.cc
961988,vavada-jokm.top
962082,visitslo.com
962103,visitlakenorman.org
962164,va36.ru
962203,vermox.cfd
962294,vegasmoose.com
962318,vavada-psqb.top
962395,violincompanion.hk
962422,vnokvip.net
962435,victorsmartkill.com
962437,vavada-mo1a.top
962481,vavada-rui.buzz
962494,v-fonts.com
962531,vavadacn.top
962717,visitcanaldepanama.com
962726,viennadesignweek.at
962738,viewpointcloud.io
962739,viratshukla.com
962762,vavada-vvdd.top
962779,vavada-rug.buzz
962786,virtuainfo.com.br
962891,videosexarchive.com
962908,vcard.link
962947,vintagenewsdaily.com
962952,vavada-sowf.top
962995,viss.nu
963017,vavada-sdak.top
963034,vavada-pqif.top
963036,vavada-goig.top
963053,vavada-hjq.top
963089,vectorhouse.ca
963135,virpus.com
963177,vavada-w1ud.top
963180,vavada-vvdg.top
963301,vividdaily.us
963311,vcv.net
963351,velotrade.com
963412,vavada-tcm.top
963427,vantruecam.com
963430,vavada-vvdc.top
963453,visitcanton.com
963475,vavada-eqwi.top
963517,vavada-joke.top
963602,volvom1.ru
963614,venus-recruit.net
963665,vpzom.click
963697,vespa-lambretta-teile.com
963700,vavada-oxad.top
963780,vavada-adie.top
963788,vavada-cuoc.top
963824,vod.af
963829,vavada-ka5f.top
963869,visionspark.us
963907,visitdaugavpils.lv
964070,vascaino.net
964104,vividplatform.co.uk
964183,visiongaming.ca
964198,vavada-iole.top
964216,visitvicksburg.com
964270,vita-store.eu
964291,volkenkunde.nl
964294,vipcorezone.co.uk
964296,vavada-vbsa.buzz
964312,vavada-jdso.buzz
964349,vavada-dfxc.top
964374,veniceclassicradio.eu
964408,votehemp.com
964459,virtualinterconnect.com
964467,vipvps.ru
964468,vavada-iolg.top
964494,vavada-douc.top
964521,vavada-geeh.buzz
964540,vavada-asqc.top
964569,vavada-vvdi.top
964610,vavadawq.top
964613,vavada-vvdf.top
964625,vavada-oxaa.top
964641,vavada-iolc.top
964682,vavada-uwqh.top
964684,valdocco.net
964708,villagevanguard.com
964760,votreagentapenseavous.fr
964768,vavada-pqio.top
964782,vavada-arfn.top
964805,vavada-oxab.top
964807,vavada888.top
964907,vavada-adif.top
964928,voip-hostprofis.at
964941,vsgif.com
965025,vandecoevering.nl
965058,vavada-lcai.top
965097,vavada-iold.top
965109,vavada-emx.top
965128,visionbedding.com
965143,vezea.net
965146,vichy.com
965149,vavada-cmvb.top
965239,votawplumbingllc.com
965242,vietnamtravel-leisure.com
965262,vavadagsdu.top
965286,vavada-ka5d.top
965296,vc-graz.ac.at
965306,vipspinhq.com
965327,veteranam.info
965382,vietlist.us
965392,vavada-sadk.top
965412,vavada-casino-jzg.buzz
965413,volga-aitula.ru
965434,vihoshop.com
965449,vtcdn.cc
965462,vavada-pqid.top
965469,vibexconnect.life
965473,vavada-arfq.top
965479,visitparnu.com
965491,vlessp.net
965502,verkehrsguru.de
965503,vavada-sadg.top
965508,vapor.codes
965513,villagepipol.com
965533,visionfrase.es
965546,vavada-adii.top
965590,vavada-kdad.top
965593,vavadawa.top
965600,vipcoreservices.co.uk
965607,vavada-vvde.top
965629,vavada-iolj.top
965631,vavada-adic.top
965636,volyte.info
965637,viptijian.com
965672,vavada-uwqf.top
965695,vortexhouse.co.uk
965703,vavada-sdag.top
965714,vlselect.com
965723,vavada-toue.top
965770,vavadagsdl.top
965772,vavada-iolu.top
965774,viewbrit.uk
965837,vavada-bhdt.com
965863,vavada-nwsi.top
965874,vavada-uics.com
965919,vpshosting.nl
965937,vampireshop.cz
965939,vmjadncv.cc
965953,vortexparlayforge360.com
965958,virtualmalaysia.com
966042,vavada-pqwb.top
966071,vrcode.com
966095,vavada-pifa.com
966100,vavada-pqie.top
966199,vavada-sadd.top
966202,vividzone.us
966205,vavada-opua.top
966228,vavada-w1um.top
966319,vaniercollege.qc.ca
966364,vavada-uwrc.top
966382,vp1.net
966394,vectorworld.co.uk
966403,vavada-lcaf.top
966422,vavada-sdac.top
966443,vavada-sdaj.top
966505,ville-gardanne.fr
966506,vavada-ioli.top
966521,vsenovosti.life
966543,vavada-w1ur.top
966578,vavada-awoq.top
966601,vavada-arfj.top
966605,vavada-ka5e.top
966606,vavada-sdad.top
966611,vavadacasinoss.top
966615,vavadacasinos2.top
966640,varzman.com
966659,vsdelke.ru
966661,varsik.sk
966675,vavada-cac.top
966711,vipmontre.fr
966728,vavada-sowd.top
966730,vademecumsani.com
966795,vortexgroup.ca
966828,vehicletrackingtech.co.uk
966829,vavada-awoa.top
966859,vavada-lcap.top
966861,vavada-touc.top
966866,vavada-nwsg.top
966869,vankejyjy.cn
966872,vavada-nmlg.buzz
966873,vavada-fh.top
966880,vaultmaxx.com
966921,vectorstackprox.com
966999,vavada-toug.top
967022,vavada-iolh.top
967031,vinyl.com.au
967059,vavada-sade.top
967086,vnmserver.net
967138,veal.ru
967157,vavada-iolf.top
967160,vavada-pqwd.top
967176,vavada-louc.top
967177,vavada-ucxw.com
967206,vavada-ciwx.com
967218,vertexalounge.co.uk
967225,veintreatmentclinic.com
967272,vdm25cne.com
967274,venditapiccolifrutti.it
967289,vavada-sada.top
967311,vectorspins.com
967342,vakantiehuisjes.be
967345,vavada-ewsc.top
967352,visitsweden.fr
967355,vavada-arfp.top
967367,vavada-iola.top
967389,valleylexus.com
967396,vavada-nwsh.top
967408,vavadawu.top
967419,vodenglish.news
967443,vavada-pqij.top
967456,vavada-sadx.top
967459,vavada-adih.top
967487,vavada-ka5h.top
967503,vavada-w1uf.top
967514,verasys.ro
967517,voxxi.com
967521,voip-unlimited.net
967559,vavada-pqih.top
967572,vavada-asqf.top
967597,valaris.com
967610,vavada-sadf.top
967643,vavada-ewsa.top
967657,vulkanvegas100.com
967658,vavada-goih.top
967665,villagegreennj.com
967673,vavada-loub.top
967680,vcrt.ru
967685,vavada-jokh.top
967699,vividbridge.uk
967736,vavada-oerc.top
967819,volga-autoimport.ru
967831,vividvisionz.net
967838,vavada-mm.top
967875,verkia.com
967885,v114.net
967893,vag-uzuh.online
967908,vsedetki.com
967937,vavada-loud.top
967941,vavada-mo1d.top
967985,voyageaustin.com
967987,vlast247.com
968010,vavada-adid.top
968017,vx-email.com
968031,vetsouz.ru
968035,vavada-w1us.top
968042,vavada-tj.top
968044,viperaplay.co.uk
968052,vavada-pqig.top
968087,vhod16-01.casino
968102,vietwedding.net
968104,vcqw920sff-79002h.live
968142,vavada-arfo.top
968152,vavada-ioll.top
968156,vavada-w1ul.top
968176,vortexhubretro.com
968196,vavada-uwqx.top
968209,visitviladoconde.pt
968265,verihub.com
968322,viperaarena.co.uk
968360,vavada-arfr.top
968439,vavada-poxc.com
968440,vavada-oera.top
968455,vavada-oxae.top
968473,virelloso.top
968498,vavada-adip.top
968501,vindata.com
968505,vavada-touk.top
968520,vbcity.com
968529,vavada-uwqz.top
968536,vavada-ka5c.top
968538,vavada-site-official.top
968541,validator.network
968547,vectorqueen.com
968549,vavada-ka5j.top
968559,vavada-goia.top
968577,vegemite.com.au
968582,vavada-uwqi.top
968603,vavada-ka5a.top
968617,vavada-pifb.com
968619,vavada-sadc.top
968620,vavada-iolk.top
968621,villocq.com
968626,vassarspaces.net
968631,vavada-uwrb.top
968636,vavada-cmva.top
968658,vipblog.fr
968665,veteranfund.com.ua
968731,vapor95.com
968734,vongreyerz.gold
968743,veevavault.dev
968746,vavada-pqia.top
968761,vavada-rrx.top
968779,vavada-ka5x.top
968798,vanderson.net
968814,vipjackpotpro.de
968850,visacorp.net
968855,vavada-sowa.top
968864,valerentis.com
968871,vavada-ksaq.buzz
968872,vavada-adib.top
968883,vavada-w1up.top
968902,valuelinx.net
968904,vavadawb.top
968935,vfde-dslobc.de
968952,vavada-psua.top
968991,vavada-qz5.xyz
968995,vavada-qow.top
969010,vavadacasino.lol
969024,vavada-piez.com
969049,vavada-piey.com
969086,vavada-w1uq.top
969123,vfxdownload.net
969142,vavada-gois.top
969144,vavada-touh.top
969157,vavada-sdaf.top
969176,vavada-uict.com
969212,vavada-arfi.top
969241,vantagefeed-csw-lenovo.com
969256,vaschool.nl
969260,vavada-uwqw.top
969263,vavada-sowu.top
969264,vavada-touj.top
969277,vavada-ksdx.com
969329,vavada-uwqj.top
969334,vavada-xolb.top
969339,vavada-sdah.top
969366,vavada-pqwe.top
969392,vahlen.de
969445,visithaywood.com
969457,vidbang.com
969465,vavada-lcaa.top
969568,vavada-lcag.top
969580,vavada-arfs.top
969584,vavada-moit.com
969592,vavada-cmvc.top
969627,vavada-sdai.top
969629,vadagroup.be
969634,vavada-mo1g.top
969643,vmate.in
969671,vavada-doub.top
969740,vavada-mo1e.top
969783,vavada-mo1f.top
969814,vavada-nwsj.top
969823,vrijeacademie.nl
969861,vavada-kdaa.top
969877,vavadacz.top
969960,viddownloading.com
970014,valorant.com
970046,verdekasyno.site
970053,vavada-xole.top
970062,vestiirk.ru
970111,volnynaklad.cz
970115,vavada-uwqo.top
970118,vavada-sdal.top
970141,vavada-piex.com
970145,vavada-psqa.top
970165,vivintwireless.net
970225,vavadacy.top
970258,vavada-psub.top
970277,vavada-cuoa.top
970303,vpshostingnetwork.com
970325,vegas-hub10.online
970339,vizerunok.net
970362,vavada-dfxa.top
970369,vavada-bhds.com
970394,vavada99.top
970396,victoriafalls-guide.net
970397,vkgo.app
970399,vavada-goid.top
970414,vavada-sowc.top
970428,vavada-kdab.top
970437,vavada-w1uj.top
970470,vavada-iolb.top
970473,vavada-arfk.top
970476,veocinemas.fr
970478,vavada-dfxb.top
970482,vavada-rtew.com
970487,vavadambvm.top
970494,viralcast.co.uk
970508,vavada-toup.top
970525,vos-systems.net
970527,vulpesence.su
970537,vavada-sadb.top
970541,vavada-pqwc.top
970576,vavada-touq.top
970584,vavadagsdv.top
970599,vavada-goif.top
970602,vavada-opux.top
970615,vertexportal.co.uk
970672,vavada-uwqr.top
970696,vavada-sadh.top
970709,vavada-awob.top
970714,visitnorwich.co.uk
970789,vavada-sowg.top
970810,ville-agde.fr
970826,volga-agat-vlg.ru
970892,vavada-luqs.com
970901,vavadalma7.com
970905,vavada-w1ut.top
970908,visitorpoint.co.nz
970925,vistapalace.de
970951,vavada-ksad.buzz
970958,vavada-pqib.top
970969,vavada-toum.top
970999,voxcomp.net
971004,varkeyfoundation.org
971020,vsetreningi.ru
971051,voj.casino
971059,va-solutions.fr
971068,virtualcollab.co.za
971074,virtuosomedia.nl
971088,vibrantdesign.us
971102,vavada-rewx.com
971108,vbe-nrw.de
971139,vavada-jokj.top
971148,vavada-toui.top
971155,vavada-ka5k.top
971163,vrouyr.com
971170,vapehub.shop
971175,valuer.ai
971213,vodnimlyny.cz
971274,vrplus-ware.de
971326,vavada-uwqt.top
971336,vavada-uwqn.top
971338,vooruit.be
971367,vavada-pqwg.top
971371,visionuknews.co.uk
971422,vavada-nwsk.top
971427,vavada-sdae.top
971454,vpn38.ru
971464,vavadagsde.top
971469,vavada-mose.top
971474,vvgv.net
971504,voros.com.br
971508,vegasworldhub.co.uk
971515,vavada-sadj.top
971535,vetzenvps.com
971555,vavada-pqic.top
971574,vavada-awqu.buzz
971577,visitmountaineercountry.com
971579,vavada-asqd.top
971581,vavada-te3x.com
971603,velotrial.ru
971619,vavada-w1uk.top
971627,vavada-w1un.top
971635,vavada-lcah.top
971654,vavada-uwqq.top
971659,verbraucherzentrale-berlin.de
971676,vavada-ucxx.com
971692,vavada-pqwx.top
971738,vavadacasinoo.top
971756,villa-venezia-trier.de
971757,vipview.ca
971826,vavada-w1ue.top
971835,vavada-lcac.top
971853,vavada-casino-vbo.buzz
971872,vvstc.com
971891,vestnikjurnal.com
971902,veloxmedia.co.uk
971910,vavadagsdy.top
971922,vmnet.cz
971934,vavada-awoe.top
971965,vavada-pqik.top
971974,vortexspace.ca
971992,vesterheim.org
972002,vavada-dfxe.top
972013,vavada-loua.top
972021,vavada-er2o.top
972035,vesselsvalue.com
972038,vavada-joki.top
972086,vavada-goic.top
972112,vavada-toun.top
972145,vavada-lcae.top
972170,vavada-arft.top
972177,vavada-jokk.top
972201,vavadann.top
972212,vavada-jokf.top
972215,vavadacasinos1.top
972218,vavada-moiv.com
972245,vavada-awod.top
972258,vaelin.space
972306,value.today
972314,vavada-uwqg.top
972338,vavada-mois.com
972354,vavada-mosd.top
972387,vertservers.com
972395,visionbright.uk
972397,vavada-l3xe.com
972417,vavada-pqil.top
972428,vandabaths.com
972429,vk3.wtf
972432,vavada-sowb.top
972434,vavada-ka5b.top
972435,velodrome.finance
972454,vavada-oere.top
972459,visitgozo.com
972484,villeshawinigan.net
972492,viutelecom.com.br
972507,vapuj.pl
972513,vavada-sowe.top
972528,volga-autoimport-sever.ru
972592,volga-kanavto.ru
972600,vavada-doua.top
972703,vorwerk.fr
972723,viperchill.com
972732,viraltalks.com
972735,vacuum-coatingmachine.com
972751,versionprofesional.com
972759,vavada-uwqv.top
972760,vavada-casino-jlw.buzz
972768,vavadawi.top
972807,veniceadventure.it
972821,vavada-awog.top
972827,vozforums.com
972830,vpfree2.com
972835,vaishadyafranchise.com
972839,vavada-uyxa.top
972865,vavada-asqb.top
972920,vavada-sadi.top
972921,vavada-doue.top
972972,vavada-goie.top
972974,vavada-loue.top
972981,vavada-asqe.top
973007,vodpanel.com
973008,vostruckparts.nl
973012,vavada-pida.com
973016,vavada-toul.top
973037,vavada-touo.top
973038,vavada-pqwh.top
973046,vavada-mo1b.top
973053,verdeworks.it
973071,vavada-w1ug.top
973186,videofor.ru
973235,valuecityfurniture.com
973268,vavada-mosc.top
973352,verisure.net
973362,v-6-g-n.com
973388,vpnbropanel.site
973390,viar-capital.ru
973396,vavada-awoc.top
973410,vectorarena.co.uk
973426,vavada-kdac.top
973465,voda24.com
973485,vavada-uwqs.top
973490,vavada-uwqp.top
973535,vavada-cmvd.top
973543,v9h6k7y.com
973559,vividfocus.us
973580,visitdenmark.it
973604,vavada-goib.top
973606,vavada-dfxd.top
973644,vbindustrialsupply.com
973660,visitbillings.com
973714,veras.com
973735,visionlifeblog.uk
973756,vavada-xold.top
973772,vavada-iolm.top
973852,valoron.be
973864,vvtuk.com
973937,veritasregistrars.com
973955,vavada-adia.top
973957,vavada-cvdw.com
973992,vietnix.cloud
974007,vavada-uwqu.top
974045,village-npb.org
974114,vivamaia.com
974134,visiontech360.co.uk
974202,vavada-moiu.com
974210,vortexmarkethighroller.com
974211,vavada-douq.top
974213,vqlurnj.cn
974234,visiontodaysite.co.uk
974239,vavada-awof.top
974264,vavadacj.top
974268,vavada-ka5g.top
974353,visioncentralmag.co.uk
974371,vavada-lcad.top
974378,vavada-kdaf.top
974454,vavada-lcab.top
974476,vavada-uwqy.top
974529,viuz.com
974535,vaxopedia.org
974592,verdecasinofrance.com
974619,vavada-oerq.top
974765,veliki.ua
974766,vjungle.com
974767,vshield.com
974923,vapeo2.com
974924,vitwit.com
974925,vrdy.shop
975156,valpharm24.com
975157,verdemobility.com
975158,vfleague.org
975159,videobourse.fr
975160,vivafi.fr
975182,vanman.shop
975193,vidaxl.ca
975216,visionlifeblog.co.uk
975237,vavada-jokl.top
975255,vavada-ewsd.top
975332,vavada-pqii.top
975389,verisimilitudinousvault.website
975400,vidvod.xyz
975518,veedmo-storage-2.com
975532,virtualfocus.de
975534,vabeach.com
975595,vavada-jokn.top
975624,velocitycloud.net
975639,vavada-psqc.top
975641,vavada-goii.top
975678,visionhubtoday.co.uk
975706,versus.jp
975715,vavada-xolg.top
975740,vavada-xolf.top
975757,vavadaeb.buzz
975849,vignettestore.in
975880,vendorpanel.com.au
975908,vonshednob.cc
975932,verk.store
975933,vzavod.ru
975951,vvmr.ru
975952,visiondigitalmag.co.uk
975958,virtualrealhub.com
976036,vmyb3zxc.xyz
976064,vita34.de
976125,viaggiapiccoli.com
976133,versebyversecommentary.com
976138,vbb-usmalos.org.ua
976158,vipslotland.com
976184,voxy.pw
976195,vavada-uwql.top
976198,visuallibrary.net
976252,vortexresources.ca
976261,vpnw.shop
976262,vavada-adig.top
976264,vianor-kubinka.ru
976273,vendormate.com
976304,visit-koblenz.de
976336,vnxnxx.cc
976344,vavada-kdae.top
976345,vavada-sdam.top
976361,vavada-nwsm.top
976390,velvetshark.com
976475,vyzneuvao.cc
976505,vprople.com
976554,vidsmovs.com
976652,vipmatrixoasis.com
976656,videeditorial.com.br
976662,volga-agat-nn.ru
976671,vavada-eqwj.top
976676,vcu.com
976696,verlan-jewellery.com
976739,vivadoo.com
976746,vavada-nwsl.top
976765,vavada-sdan.top
976773,vyvod-iz-zapoya-na-domu-ekaterinburg-30.ru
976774,vavada-ucxy.com
976835,vrtanivody.cz
976848,vedamsbooks.com
976893,voyagerharness.com
976911,viagrabelgique.com
976926,visionmodernplus.co.uk
976939,vavada-xolc.top
976941,vavada-cuob.top
977043,vision360plusportal.com
977071,vividvibes.co.uk
977073,vlightv.com
977080,veryhard.us
977110,vertexland.co.uk
977122,vectranet.net
977132,vavada-lcaj.top
977204,vapoteurs.net
977284,vb8021.com
977285,vee-collective.com
977371,vavada-oerd.top
977377,vestelinternational.com
977384,visityarravalley.com.au
977401,vavada-dfxf.top
977404,vavada-arfm.top
977410,vavada-moiw.com
977437,vavada-mo1c.top
977456,vavada-ewse.top
977485,vegasspot.de
977516,velocitymax.co.uk
977568,vavada-wrsx.com
977594,velonet.co
977601,vodkavpnmini.com
977681,volga-agat-krr.ru
977691,vavada-xolh.top
977702,vnru.ru
977709,vartopia.com
977720,ventomusic.ru
977725,viahealth.org
977740,viseartparis.com
977841,vavada-vvdj.top
977923,vistafiber.us
977933,vavada-lcak.top
977972,vindjeviahier.nl
978070,vserver.site
978129,vng.vn
978166,vegasbrit360.co.uk
978174,vuathietbi.com
978181,visionprime.uk
978200,vavada-uwrd.top
978236,vendettasportsmedia.com
978240,v6w1x5.cn
978250,volga-agat-vld.ru
978311,viola.cz
978320,vavada-adij.top
978327,ventureloop.com
978358,vavada-uwra.top
978476,vinnayagramota.ru
978561,vipcoregames.co.uk
978566,vaticanbeaches.it
978615,v12st.com
978644,vn69vn.net
978704,villasarina.it
978731,vendops.ru
978746,vcbd.net
978752,volkswagen-net.ru
978754,vavada-nwsf.top
978805,volga-magmotors.ru
978817,voobrajulya.ru
978854,vdns.space
978926,versebaccarat.com
978956,vtf.ru
978961,vavada-w1uv.top
978962,virginballoonflights.co.uk
979011,voyeurporn.one
979015,vervetx.com
979058,vogtrade.ru
979071,vyvodiz-zapoya-izhevsk18.ru
979072,vr-web.de
979156,vavada-ewxd.com
979204,vavada-w1uu.top
979215,veter.cc
979277,viptron.net
979279,vavada-moix.com
979310,v-market.work
979321,vistaline.us
979333,visionideasplaza.mx
979386,vitalness.jp
979423,vladmuseum.ru
979487,villaspot.nl
979623,vipwins.fr
979675,vtindustries.com
979698,villahotels.com.mv
979802,vacancia.ma
979920,va-imaging.com
979941,vsbit.ru
979981,vozelia.com.pa
980024,videosxxxabuelas.com
980176,visiontoday.uk
980178,vallico.net
980190,vandh.com
980204,vavada-ousw.com
980214,vysocina.eu
980225,vavada-site4.buzz
980236,vigilens.wiki
980246,visionprosite.co.uk
980272,visionvippro.com
980274,vousfinancer.com
980283,voicetyper.com
980308,vidaweb.org
980350,veronapos.com
980366,vitrum-pro.site
980386,vetdogs.org
980389,verdantas.com
980421,voipoffice.com
980469,verois1.site
980473,vitral-vidrieras.es
980490,veronavillages.it
980494,vitamin-ia.ru
980552,virtualprogaming.com
980561,vuadienmay.com
980563,vortexbase.ca
980585,vitalware.com
980586,vegasworld.us
980593,vivaimdb.it
980694,verival.at
980707,vendidero.de
980737,vegasplace.us
980799,valueclaimed.com
980809,vibquiz.com
980817,voltarengel.com
980827,vmml-cwds.ac.in
980834,vavada-oydf.com
980853,videoxis.online
980955,viemdaitrang.org
981026,visitlaramie.org
981040,visitthenorthshore.com
981041,vortexventures.co.uk
981068,verano.be
981125,vjph.vn
981172,vjv.com
981180,virtualjapan.com
981199,verse.jp
981249,valorousadvertising.com
981268,vela-navega.com
981283,visitrichmond.org
981334,vidspornoduro.com
981336,voyah-arkont.ru
981341,volvodealerparts.com
981381,vinhostmedia.com
981408,vibegames.tech
981411,vavada-toud.top
981469,vavada-casino-vrd.buzz
981508,videosxxxveteranas.com
981533,vozeco.es
981537,vinvm.co.uk
981547,visiontelecom.pk
981554,verosoftware.com
981606,viparabclub8.com
981662,vingurus.com
981682,vps.house
981709,vectorcentral.co.uk
981713,vr1.net
981714,vertexs.mobi
981860,vancouverlifestyles.com
981892,vavada-rtee.com
981934,vbtt.fr
981963,vectorkhazana.com
982141,vitagroup.it
982219,vkcloud.media
982241,viafoura.com
982242,viviebikes.com
982247,vrtest.io
982250,vatera.com
982368,viplucky.de
982376,vdr-portal.de
982405,vrserver.gr
982514,verbodavida.org.br
982676,virginmegastore.bh
982692,vavada-oxaf.top
982708,volga-major-spb.ru
982739,voyah-keyauto.ru
982741,vistafield.us
982785,vridar.org
982789,verymilliong2.com
982790,vipcorebets.co.uk
982796,voyah-autoimport-ryazan.ru
982822,victorianchamber.com.au
982882,vidobetguncelgiris.com
983001,vividstories.us
983086,vardenafil.directory
983162,visitnordvestkysten.dk
983173,visn.net
983192,volta.sh
983280,viagra-withoutadoctorprescriptions.com
983371,vaneck.com.au
983393,vegasfocus.de
983481,vivaors.com.br
983551,visionjournal.us
983567,vwml.org
983569,vieiros.com
983637,vsekastingi.ru
983640,validome.org
983673,visitfrenchwine.com
983676,virily.com
983700,vivaldiroberto.com
983797,visuallinkdns8.com
983800,vaundy.jp
983862,vigorepasso.it
983898,vertexonline.co.uk
983945,vtelecom.pl
983955,visionluckyworld.com
983994,va.com
984003,vavada-cmve.top
984127,voda-s-gor.ru
984188,vegastarscasino-aus.com
984243,visualtour.com
984265,voyah-kzn.ru
984278,velocitas.cloud
984361,visiba.com
984389,vsni.co.uk
984447,visitspringfieldillinois.com
984454,vvl6direct.shop
984496,varis.social
984610,volksbank-mit-herz.de
984613,vectordaily.de
984624,visitesaopaulo.com
984709,vladlena-school.ru
984758,v7x9.com
984885,visionsignal.us
984904,varnakov.com
984930,virtualtownhall.net
984947,verendus.de
984994,virusphoto.com
985048,volatilefree.com
985076,vetafarm.com.cn
985085,vorotaforum.ru
985122,videosdecyclisme.fr
985124,vertexdrive.co.uk
985168,vaccipizza.com
985239,villageoflombard.org
985241,vale-colectivo.com
985261,virlan.co
985263,vzwmvnoa.com
985280,virtualhostingperu.com
985298,viennaclassic.com
985308,vusd.org
985335,vakantiehuisnu.nl
985365,voices-festival.org
985369,vietnambreakingnews.com
985415,vodoponizhenie-moskva.ru
985447,vladtepesblog.com
985534,visitepalai.lt
985535,v2ns.top
985548,vfm-estadio.ru
985641,vectordeckretro.com
985683,vavadasloty.com
985692,vnee88.co
985694,versicherungsmonitor.de
985757,vetop.ru
985793,vertexviplounge.com
985817,vepen.online
985830,vegasluckbase.us
985873,vapeonlinestore.co.uk
985880,vikingauto.fr
985914,vcs-line.ru
985973,verdeflow.it
985976,viscofan.com
986138,vortexportleague.com
986164,visie.io
986234,viewsociety.uk
986321,vanklong.com
986346,verdane.com
986354,vertexaland.co.uk
986382,vertexapalace.co.uk
986408,vamos777.casino
986463,visiononlinetoday.co.uk
986500,vegastars11.com
986555,vargonen.com
986595,verbatik.com
986597,viennabeef.com
986601,volga-izmaylovo.ru
986619,vfecloud.net
986683,vasyd.se
986710,ventfom.ru
986711,visionvieonline.fr
986779,vitaltrek.au
986784,visasavingsedge.ca
986793,vinsoft.ru
986826,volvostop.com
986848,volvo-saab.ru
986905,vaticanhiking.it
986912,vividspace.us
986924,videoitaliaproduction.com
986941,vintageengagementrings.ie
987024,vp-cpd.net
987061,vkz.in
987105,veinternational.org
987174,vivahome.co.jp
987226,vividdigest.us
987227,vsisumy.com
987245,vissmon-lens.com
987256,vaison-la-romaine.com
987261,visitventspils.com
987264,vupen.fun
987271,virtuousreviews.com
987285,vendamais.com.br
987303,vicicode.com
987331,vacasol.com
987342,vanilla-game.ru
987353,vegastodaynews.co.uk
987390,visitflam.com
987396,vorpx.com
987403,voglfrei.net
987410,virtualdns.net
987475,volicraft.com
987499,visionglobal.uk
987582,videobam.com
987687,vegasdombankietowy.pl
987690,virtwish.com
987765,valetudo.cloud
987787,vijvercentrum.nl
987789,vavadacasino.guide
987918,vippalace.ca
987936,vrdct.app
987951,victoriaairport.com
987959,viomedi.de
987979,velo-port.ru
988011,visittablerocklake.com
988026,vintagekustom.com
988060,ville-six-fours.fr
988088,vegasvision.de
988099,vertexjackpot.com
988115,veejaytechnologies.com
988136,voidtickets.xyz
988348,v7k5t9.com
988349,vaidicpujas.org
988350,valium.pl
988351,vastraofficial.in
988352,vbs-hobby.fr
988353,vegamovies.condos
988354,viviviliving.com
988355,vtrahe.life
988380,verticalauto.ru
988435,voyah-tts-kazan.ru
988444,vyvod-iz-zapoya-ivanteevka11.ru
988454,vietnamcoracle.com
988466,vyvod-iz-zapoya-himki9.ru
988480,vivatshop.ru
988495,viuku.com
988538,visiononlineplus.co.uk
988571,v8win.ai
988572,venerota.it
988573,veraluiza.com.br
988688,venkon.uz
988689,victory8et.dev
988697,vas3k.blog
988724,victoria-jungfrau.ch
988725,vv.se
988734,visiononlineonline.co.uk
988740,vizdotcom.com
988764,vertexrouletteplus.com
988765,vkngjewelry.com
988767,visionukplus.co.uk
988792,vgleaks.com
988818,vsplogrx.com
988885,vardenafil.cfd
988944,vidads.org
988959,vbinswf.de
988987,visaempresarial.com
988997,vistafuncionarios.com.mx
989021,victoria-online.ru
989164,vipub1818.com
989189,vinnumalastofnun.is
989223,vzps.net
989251,vakantie-met-kinderen.com
989286,vinayakhonda.in
989324,vismo.com
989330,vichy.nl
989341,veriflux.io
989343,vvsvattentec.se
989356,valuedagent.com
989368,vihan.vn
989386,visii.com
989425,vision-ins.net
989431,vibeculture.fr
989479,viscountwines.com
989495,vertexfield.de
989551,vladimirbukovsky.com
989555,vowe.net
989565,vic.com
989601,voxeet.com
989633,vertexslotsdaily.com
989636,vollmond.info
989652,voyagerx.com
989657,vexxhost.net
989711,vikontgroup.ru
989754,vipintimbooky.ru
989772,vangilst.de
989818,virkingraid.org
989825,visionideasdiario.mx
989832,vardagsanalys.se
989923,vision-critical.com
989952,vipnightlife.com
989979,vijaybhoomi.edu.in
989984,vivaorchids.com
989998,vasteplantenverhulst.be
990016,vattunhamay.vn
990050,vansontoto80.com
990105,vekoma.com
990146,vespoker.com
990291,veliora.com
990294,videograbber.net
990342,vocanto.com
990466,viddyoze.com
990580,vegashu.com
990614,vnply88.com
990673,vidaeideasblog.mx
990674,vildeey.space
990710,vmeasure.ai
990762,volga-agat-aba.ru
990809,visioncore.ca
990845,vegashero.ltd
990864,vanyavpn.li
990922,vervecopilot.com
990961,vaughnsezoutbailbonds.com
990968,vacatures.nl
990971,virginiawine.org
991019,veres-k.com
991035,viethansecurity.com
991064,viva-web.de
991083,vyvod-iz-zapoya-v-rostove-na-donu19.ru
991104,videogum.com
991119,vreehorst.com
991137,vless.uno
991175,virtourist.com
991213,vara-network.io
991234,voxecho360.com
991271,viser.com
991373,viperadirect.co.uk
991384,verdeline.it
991462,visitwinchester.co.uk
991466,vutters.com
991468,videoexpertsgroup.com
991469,vbet.fr
991557,visiondirecta.cl
991574,vetalt.no
991583,vail.k12.az.us
991600,vegaengineering.com
991616,valdelia.org
991619,voiped.eu
991620,vsl.com.au
991748,vividweekly.us
991851,volga-avtodom.ru
991873,virtuelle-konferenz.net
991899,viral-launch.com
991963,vika.no
991968,vanillaplus.com
992138,vartv.online
992151,verzekeringen.be
992171,vip-parfumeria.ru
992200,vendaerp.com.br
992212,visitminturnoscauri.it
992225,vidyomani.com
992388,vegasrush.nl
992391,visonic.com
992399,vegasbrit.co.uk
992426,vegatheme.com
992452,vanhaber.com.tr
992477,vavada-goij.top
992526,vibeinspire.fr
992638,vanderhallusa.com
992665,vsb.org.uk
992695,vandusengarden.org
992795,vavada-te3y.com
992805,vithaweitemeyer.dk
992851,vcpb.shop
992852,vnas.shop
993001,valostore.com
993002,virtualfoto.it
993003,vbm8xi.vip
993011,virtual-jabog32.de
993111,vulkan-info1.ru
993114,viewmondousa.com
993130,verisilicon.com
993131,vopreco.ru
993191,volga-automash.ru
993224,vipcore.co.uk
993228,vt88.ink
993247,vinted.shop
993249,vibss.de
993280,viewst.com
993331,video-hollywood.ru
993363,vijayanellore.com
993366,vicostone.com
993393,virtualdesktop.it
993481,volindeenergie.nl
993573,vortexcenter.ca
993579,vainsmon.es
993624,velocitycollective.co.uk
993742,verfwebwinkel.nl
993766,vertexcenter.co.uk
993799,vendingfirst.com.au
993801,valuelabs.net
993834,vegastodayblog.co.uk
993863,vegasparlor.us
993931,visitreykjanes.is
993961,vetryx.xyz
993993,vpn358.com
994023,vegas-city.ru
994053,vahine.fr
994056,volleysubscriber.com
994059,voyager-catalog.com
994085,vulkanplatinums.com
994127,vardagsspan.se
994209,vocom.com
994257,vectorfocus.de
994271,vegasinogiocare.it
994323,vigoschools.org
994325,vantify.com
994329,vectorclub.co.uk
994338,videntes.com
994418,vcon.fyi
994427,vavada-lcal.top
994553,visionsocietyblog.uk
994632,vijayaquarium.com
994661,videosbang.mobi
994674,vinilandiausa.com
994684,valerie-mason.com
994726,vskhakasia.ru
994778,visionsmartblog.uk
994797,vaultedcollection.com
994802,verus-engineering.com
994923,videoweek.com
994951,visoflora.com
994989,velocityzone.co.uk
994998,vertexlink.nl
995077,vmpfraudcenter.com
995095,visitquito.ec
995107,volawindjet.it
995205,voyah-dvaris.ru
995225,vagisan.com
995233,versatune.net
995252,vkbase.ru
995276,vuala.com.mx
995280,volga-agat-yar.ru
995310,vipnet.org
995319,voeslauer.com
995322,vidaarax.com
995323,veit.cz
995377,vulpesgoods.de
995386,vavada-pqim.top
995393,visana.vn
995401,vonq.io
995475,vipserver.store
995511,visitorday.com
995571,venturacountyfair.org
995617,valexpert.com
995653,vidbuchanan.co.uk
995661,vendmeter.ru
995735,vapechroma.com
995760,vnutz.com
995842,venicearte.com
995870,veronaseaside.it
995932,vertexvipplatform.com
995942,vertexzone.co.uk
996000,virgocx.ca
996159,venkathomoeo.org
996190,vellinge.se
996235,vectra-c.com
996244,vibezik.com
996246,volunteertoronto.ca
996248,vintagekorea.co.kr
996271,vegasportal.io
996295,vbm.se
996395,vegasworldplus.co.uk
996419,vastuhome8.ru
996428,vseles.com.br
996471,veteranai.co
996510,vortex.cz
996517,vutm.edu.vn
996519,visionlife360.co.uk
996545,virginradioblog.fr
996566,v4b.solutions
996578,vuala.mx
996587,virusradar.com
996661,vlib.by
996743,vegasinojouer.fr
996776,verifyvoice.co.uk
996800,vanoise-parcnational.fr
996814,vsweb.ch
996835,visionjackpotplus.com
996873,veetrends.com
996894,vortexinfo.ro
996920,visionmedia.uk
996922,vipdubaimassagespa.com
996957,vividproject.uk
996970,verisure.nl
997063,vandebharattv.com
997077,voyna-plemyon.ru
997088,valenciamusical.com
997103,vcntimes.com
997144,vital.hu
997651,vamso.in
997652,vhs-burghausen.de
997653,vhs-goslar.de
997654,victoriaunibarbados.org
997655,vigert.com
997656,voicenter.co.il
997657,vpn2022.cc
997658,vpnly-prem.link
997784,videoplus.cc
997787,vipcorespins.co.uk
997850,vorarlberg-aktuell.com
997870,vesglobal.org
997872,vividpulse.uk
997875,vipbox.lol
997913,vitech.srv.br
997967,vivienleighinteriors.com
997971,vcsc.net.au
998002,velocityslots.co.uk
998038,vigievoyages.com
998047,visionlifesite.co.uk
998049,vpsaga.com
998063,victoryarchery.com
998087,vectorjackpot.ca
998165,volleyball.it
998203,videynew.site
998321,voordewereldvanmorgen.nl
998403,verma.hr
998487,vegpool.de
998515,vfliga.biz
998568,vardagsriktning.se
998666,valkeakoski.fi
998761,vniispk.ru
998787,vskz.ru
998797,valisluureamet.ee
998833,vpohid.com.ua
998845,vortaro.nl
998897,voyah-medved-barnaul.ru
998912,vidarecipes.com
998920,videogostoso.net
998938,vgalerie.com
998969,vivinte.com
998992,velondo.ie
998996,vakanties.nl
999032,virginiahomesource.com
999069,vitrio.cl
999080,vvdntech.com
999117,visionlifemag.co.uk
999120,viewpost.com
999150,virginiaphilipwine.com
999334,viaxhosting.com.br
999342,veshchiyoleg.com
999411,vistaresidences.com.ph
999429,valve.software
999485,vetshop.co.uk
999498,vikingfotball.no
999504,veyr.net
999519,vortexleaguerise.com
999538,vergewiki.com
999579,verdeview.it
999593,vicrock.com.au
999645,venicecruises.it
999660,videosdesexoanal.com
999690,vcke.xyz
999746,verified-reviews.com
999872,videocdnmetrika58.com
999881,vertexpokerstudio.com
999901,vectorservices.de
999933,voyage.io
999977,visionhouse.uk
999987,visionplatform.ca
999992,vemata.ru
