id,domain
28,wikipedia.org
32,whatsapp.net
43,wordpress.org
57,whatsapp.com
61,windowsupdate.com
69,windows.net
71,wa.me
86,windows.com
94,workers.dev
101,wordpress.com
178,w3.org
179,webex.com
189,wac-msedge.net
210,weather.com
237,wildberries.ru
241,wikimedia.org
249,who.int
253,wsdvs.com
261,wixsite.com
288,www.gov.uk
302,weibo.com
317,wiley.com
329,weebly.com
349,wsj.com
358,washingtonpost.com
369,walmart.com
397,wbx2.com
440,wp.com
480,worldnic.com
525,wired.com
571,wix.com
611,wb.ru
637,withgoogle.com
652,wattpad.com
675,wikia.com
692,wswebcdn.com
694,wps.com
748,wbbasket.ru
755,wpguardian.com
759,wpguardian.io
781,washington.edu
797,wp.pl
802,welt.de
810,whecloud.com
873,worldbank.org
876,wyzecam.com
889,www.gov.br
911,webmd.com
924,weforum.org
978,whitehouse.gov
1057,webempresa.eu
1081,warnerbros.com
1103,wise.com
1152,wetter.com
1243,wordwall.net
1255,wiktionary.org
1262,webhostbox.net
1287,wcdnga.com
1297,wisc.edu
1335,wshifen.com
1363,waze.com
1367,weathernews.jp
1495,wpastra.com
1554,wnacg.com
1712,w3schools.com
1790,wikihow.com
1800,websitewelcome.com
1900,www.nhs.uk
1983,wa.link
2002,wechat.com
2024,wunderground.com
2046,wswebpic.com
2086,wps.cn
2145,windy.com
2186,walmart.com.mx
2257,wayground.com
2262,www.gov.cn
2298,wetteronline.de
2326,wpengine.com
2367,web.de
2370,web.dev
2376,www.gob.mx
2383,weather.gov
2470,wtxcdn.com
2486,wetransfer.com
2502,wayfair.com
2511,weibo.cn
2533,wshareit.com
2536,webrootcloudav.com
2545,wpsdns.com
2672,wsglb0.com
2684,weplayapp.com
2694,webs.com
2695,woocommerce.com
2697,wipo.int
2760,wikisource.org
2787,wanadoo.fr
2811,walmartimages.com
2853,websupport.sk
2876,wa.gov
2887,web.app
2907,webflow.com
2919,webflow.io
2937,wb.gov.in
2976,w55c.net
3047,watchguard.com
3087,weibocdn.com
3121,wellsfargo.com
3198,walkme.com
3201,wixdns.net
3206,website-files.com
3214,webcontentassessor.com
3303,wustl.edu
3310,wikibooks.org
3317,walgreens.com
3341,wireshark.org
3361,wac-dc-msedge.net
3386,webnovel.com
3463,weatherbug.net
3473,wikidot.com
3608,wistia.com
3659,wixstatic.com
3720,wasabisys.com
3739,wscdns.com
3744,weborama.fr
3795,worldcat.org
3809,whost-solutions.ru
3860,wurl.com
3886,wordfence.com
3932,wdr.de
3950,wordreference.com
3999,workdaysuv.com
4023,www.gov.pl
4028,wufoo.com
4046,webgo.de
4053,wargaming.net
4108,wikipedia.com
4334,wpscdn.com
4368,wp.me
4459,wandera.com
4533,wso2.download
4583,wampserver.com
4595,wondershare.com
4596,wsu.edu
4684,wallpapers.com
4701,wallapop.com
4702,worldometers.info
4798,warthunder.com
4802,walmart.ca
4811,wikidata.org
4832,wsimg.com
4885,webengage.com
4915,washingtontimes.com
4919,worldtimeserver.com
4951,wowhead.com
5030,wsdvs.info
5034,webdav.org
5052,wizzair.com
5073,wikiquote.org
5125,webshare.io
5134,weixinbridge.com
5146,widgetable.net
5158,westernunion.com
5221,webtoons.com
5253,weatherkit.net
5303,wassenaar.org
5371,wolt.com
5394,wto.org
5452,we.tl
5472,web.nhk
5529,wp2p.link
5533,webstaurantstore.com
5561,weborama-tech.ru
5563,warwick.ac.uk
5568,wicknetwork.pro
5577,wolfram.com
5595,webthing.com
5610,workday.com
5656,wsukwai.com
5880,withings.net
5898,windstream.net
5906,worldfcdn2.com
5988,wn.com
6107,wwd.com
6115,wiki.gg
6216,wolframalpha.com
6222,wolterskluwer.com
6235,wyndhamhotels.com
6330,whiterabbitpress.com
6341,wmo.int
6400,wired.co.uk
6414,willhaben.at
6424,webmotors.com.br
6495,williamhill.com
6504,womenshealthmag.com
6526,webnode.com
6594,wyze.com
6597,work.ua
6664,wistia.net
6688,winline.ru
6703,wpzoom.com
6718,whitepages.com
6728,wikiwand.com
6730,wwsga.me
6753,waterstones.com
6754,workspaceone.com
6772,worldpopulationreview.com
6791,war.gov
6839,wetest.net
6949,whoop.com
6956,walkerplus.com
6987,w.org
6991,worldwildlife.org
7029,webpt.com
7045,wal-mart.com
7056,worldatlas.com
7083,wpenginepowered.com
7086,wordstream.com
7158,wikimapia.org
7176,warframe.com
7178,windguru.cz
7198,windowsphone.com
7254,withbuddies.com
7258,whatismyipaddress.com
7352,wow.xxx
7353,wikiloc.com
7362,w390.net
7422,wtr-lab.com
7560,wordplays.com
7564,wixmp.com
7589,wknd.ai
7599,wi.gov
7620,word.tips
7818,wikiwiki.jp
7905,washingtonexaminer.com
7947,whatnot.com
7989,wsj.net
8001,walesonline.co.uk
8024,we-stats.com
8074,wbs.legal
8077,whatwg.org
8125,wurflcloud.com
8226,wnp.pl
8301,wb.com
8366,wvu.edu
8382,wowscale.com
8384,wakelet.com
8386,wolvden.com
8399,weebcentral.com
8476,www.gob.pe
8486,wartank.ru
8534,wireguard.com
8549,win2day.at
8556,wplay.co
8559,wpscdn.cn
8574,wildlifestudios.com
8578,widen.net
8590,world.co.jp
8599,wav.tv
8652,wscvip.cn
8711,wbur.org
8739,windscribe.com
8757,webaim.org
8819,websitedemos.net
8840,wri.org
8878,www-y2mate.com
8965,wonporn.com
8988,w-x.co
9013,wuytg.com
9094,webassign.net
9135,wlvpn.com
9272,wo-cloud.com
9303,wishlink.com
9311,wordunscrambler.me
9317,wfxs.tw
9384,watchhentai.net
9423,wwiops.io
9434,webofscience.com
9487,wantgoo.com
9494,winner.bet
9548,wedos.cz
9549,wcd.gov.in
9553,wral.com
9598,webdramaturkey2.com
9635,wpeproxy.com
9646,wfp.org
9682,wikicv.net
9698,watchanimeworld.net
9699,workman.jp
9707,windowscentral.com
9733,warau.jp
9773,warcraftlogs.com
9794,wizards.com
9811,wbs-law.de
10103,work24.go.kr
10107,wetransfer.net
10171,workupjob.com
10198,workable.com
10226,winss.net
10236,whois.com
10282,windsurf.com
10333,workbox.dk
10450,wikispaces.com
10451,wo.cn
10491,windowsazure.com
10516,westerndigital.com
10523,wx4.top
10587,wikileaks.org
10603,wego.com
10608,winzip.com
10637,ws-hp.com
10652,webhosting.dk
10662,which.co.uk
10670,wemod.com
10685,wixapps.net
10689,waipu.tv
10693,wpml.org
10716,whatspos.com
10739,wondershare.cc
10750,www.gov.il
10884,whatfix.com
10918,weightwatchers.com
10927,web.com
10992,wikaba.com
10994,webnode.page
11015,webullfintech.com
11028,wholefoodsmarket.com
11031,wur.nl
11186,w3techs.com
11202,whitebluerights.com
11260,wyborcza.pl
11284,wpadmngr.com
11324,west.cn
11435,weglot.com
11445,wechatpay.cn
11527,wooga.com
11567,webfx.com
11577,wnacloud.com
11590,wal.co
11658,wisconsin.gov
11714,www.gov.gr
11715,winehq.org
11749,wsglb0.info
11764,wiz.world
11772,weather2024.com
11789,whc.ca
11900,wpstr.tv
11918,wikia-services.com
11933,wbd.com
11978,wko.at
11983,workdeadlinededicate.com
12025,wildlife.io
12052,wiwo.de
12062,wareztv.io
12071,worldbyte.net
12094,wonderpush.com
12126,whois.co.kr
12130,whmcs.com
12180,whoisdomain.kr
12231,whmpanels.ro
12262,wildapricot.org
12266,wavebrowserbase.com
12278,webinar.ru
12308,wall-box.com
12366,wort-suchen.de
12376,wskwai.com
12435,wfcdn.com
12444,wxlivecdn.com
12469,webofcomics.top
12479,workabroad.ph
12480,wp-rocket.me
12499,weeronline.nl
12560,wheelroot.com
12580,whaledb.io
12603,walla.co.il
12679,whoosh.bike
12706,whatismyip.com
12739,webopedia.com
12759,wehago.com
12798,wtop.com
12809,worldoftanks.eu
12826,weezevent.com
12889,weathercn.com
12918,wikitravel.org
12958,wikivoyage.org
12969,weatherbug.com
12985,wbcontent.net
13087,webvisor.org
13105,websense.com
13139,worldtimeapi.org
13192,walletconnect.org
13209,worldhistory.org
13271,weblate.org
13288,wroc.pl
13310,wetvinfo.com
13389,worldscientific.com
13455,writeablog.net
13457,watson.ch
13473,workplace.com
13474,wdckeystone.com
13553,woolworths.com.au
13614,wealthsimple.com
13631,wiz.biz
13644,whitei.net
13651,weatherspark.com
13683,withpersona.com
13705,weerrhoop.cc
13719,woman.ru
13750,waplog.com
13757,wwstat.com
13758,wm.edu
13759,webvisor.com
13772,wanfangdata.com.cn
13788,workdaysuvcareers.com
13860,wayne.edu
13881,weddingwire.com
13916,wordhippo.com
13953,windows-ppe.net
13956,wswebcdn.info
13966,wpi.edu
13989,williams-sonoma.com
14049,wccftech.com
14053,womensecret.com
14055,wgu.edu
14091,wrike.com
14131,wechatos.net
14156,wallpapercave.com
14171,wtfismyip.com
14196,wbinsights.com
14202,westlaw.com
14208,wwe.com
14231,webguard.pro
14241,winscp.net
14338,wiz.io
14367,webkit.org
14390,wordunscrambler.net
14419,webim.ru
14444,wildixin.com
14492,wejoysg.com
14558,wbagora.com
14603,wdc.com
14623,waz.de
14650,wikiversity.org
14707,wartsila.com
14719,wholebodieswholeminds.com
14774,wm.com
14850,wpmet.com
14853,wjx.cn
14862,whitetrafsa.com
14945,warnermediacdn.com
14952,weblio.jp
14982,webexcontent.com
14999,wiz.cn
15108,wallstreet-online.de
15137,webuntis.com
15143,windows.us
15207,wakwak.com
15283,wbd.ms
15354,whiteboard.ms
15388,wurl.tv
15419,wiselg.com
15436,wponetap.com
15515,weather.com.cn
15520,wimbledon.com
15527,winamp.com
15564,webhouse.sk
15579,whu.edu.cn
15661,wallethub.com
15740,wmich.edu
15744,walkscore.com
15770,wnyc.org
15790,webland.ch
15818,watchmovierulz.army
15819,wfwf454.com
15833,woot.com
15839,wired.it
15898,wfwf449.com
15899,wfwf450.com
15900,wfwf452.com
15905,wien.at
15918,whattoexpect.com
15924,wnba.com
15944,wildred.tv
15977,wambacdn.net
15996,wiscnet.net
16008,webofknowledge.com
16033,windows-int.net
16065,wellfound.com
16140,wayfair.ca
16142,wsws.org
16157,wpcdn.pl
16213,we-api.com
16215,wish.com
16243,windfinder.com
16264,wunderkind.co
16316,wacom.com
16318,wpbeginner.com
16319,wandzapi.com
16367,wowma.jp
16416,wtatennis.com
16439,wv.gov
16448,warframe.market
16488,wfu.edu
16516,weedmaps.com
16533,wikiart.org
16544,wear.jp
16594,wp-royal-themes.com
16644,wetter.de
16648,wpcomstaging.com
16652,wickes.co.uk
16719,webshots.com
16740,wsoversea.com
16774,wwnorton.com
16837,webcollage.net
16873,weplayer.cc
16939,weber.com
16982,wionews.com
17010,wfaa.com
17024,withings.com
17040,worldmarket.com
17105,wanadoo.es
17107,wadax-sv.jp
17182,web4u.cz
17194,webrootanywhere.com
17204,wf.com
17259,winudf.com
17275,wazuh.com
17302,what3words.com
17356,wonderhowto.com
17381,wjla.com
17418,wikitree.com
17450,wenming.cn
17460,wehkamp.nl
17494,www.gov.ie
17504,wpconsent.com
17570,wenxuecity.com
17594,wink.ru
17637,w3n7z2qt.top
17646,wilsoncenter.org
17675,wanderlog.com
17680,washu.edu
17718,wien.gv.at
17723,wykop.pl
17736,worthpoint.com
17794,worldathletics.org
17817,webhostingboxes.com
17837,whoer.net
17842,wheelofnames.com
17859,wootric.com
17893,whukns.com
17895,wirtgen-group.com
17922,wordpressfoundation.org
17961,wemuslim.com
18017,webnames.ca
18078,wazzup24.com
18099,wendys.com
18105,worten.pt
18111,weizmann.ac.il
18145,whop.com
18194,workdayspend.com
18247,wixanswers.com
18388,webshopapp.com
18391,weiyun.com
18416,wantedly.com
18434,wkvytxcg8.com
18454,wpolityce.pl
18493,weverse.io
18501,warp.dev
18509,wsbtv.com
18517,www.ne.jp
18526,williams.edu
18563,wusum.com
18648,wayfair.co.uk
18740,work.gd
18766,wine-searcher.com
18768,walletconnect.com
18860,websense.net
19067,webglobe.cz
19128,wanakadns.net
19177,waltonbd.com
19191,webspace.uz
19192,weatherfx.com
19199,wsp.com
19256,wacoal.jp
19272,wzrkt.com
19286,wisprflow.ai
19331,whyy.org
19332,wuaki.tv
19357,whiskergalaxy.com
19397,wallhaven.cc
19426,wku.edu
19487,wovn.io
19492,wework.com
19543,wisgoon.com
19569,worldpay.com
19621,weerplaza.nl
19659,wt-eu02.net
19676,wfolio.ru
19697,wikinews.org
19730,whitebit.com
19839,womenshealth.gov
19840,wheree.com
19855,wdp-gazduire.ro
19886,wenjuan.com
19922,wesleyan.edu
19930,wcvb.com
19949,warp90.com
19966,wpbl.info
20041,wyo.gov
20047,webopulsar.com
20115,web54.net
20131,www.gov.za
20139,wildred.ru
20184,whoreshub.com
20189,weavephone.net
20203,wikimediafoundation.org
20224,wz.cz
20238,wco.tv
20247,washingtonian.com
20248,writesonic.com
20282,wisepops.com
20339,whoi.edu
20360,watchpeopledie.tv
20369,wurl.dev
20383,webpagetest.org
20390,webtoonscan.com
20438,wifly.net
20444,watchporn.to
20451,webd.pl
20452,wenthemes.com
20506,wpushsdk.com
20533,wcacloudapi.net
20548,wand.com
20561,wpxhosting.com
20582,wgntv.com
20684,waseda.jp
20696,wnd.com
20705,wosms.cn
20725,wuxiabox.com
20788,wayport.net
20823,w.tools
20910,wwwxxx.vip
20911,wmcdp.io
20972,wgbh.org
20978,worklabweb.com.br
20995,weixin.com
21031,wtng.io
21041,wcoflix.tv
21059,winbet.bg
21067,weather.gc.ca
21069,websitesource.com
21122,wwin.com
21192,westpac.com.au
21196,whatmobile.com.pk
21215,watchcomm.net
21292,wirevpn.app
21349,westelm.com
21353,whowhatwear.com
21365,westfield.com
21375,wisepops.net
21430,wtservers.com
21453,waveapps.com
21456,winamax.fr
21515,webls.net
21528,westside.com
21551,wantfunny.net
21661,wallst.com
21679,wikidex.net
21702,wapoz.info
21807,wsrv.nl
21823,weichert.com
21865,webpushr.com
21938,workato.com
21959,warkep.com
21963,wpmucdn.com
21964,wellsfargomedia.com
21995,wwu.edu
22052,wallpaper.com
22110,wpforms.com
22125,watch-movies.com.pk
22135,welcometothejungle.com
22179,win-rar.com
22198,wcdelgtlgh.net
22212,wefunder.com
22263,wanuncios.com
22293,whoscored.com
22304,widerplanet.com
22349,weidian.com
22438,webroot.com
22498,worldofwarcraft.com
22513,werite.net
22581,wbhbhks5x3.xyz
22611,wamgame.jp
22642,westjet.com
22694,winner.rw
22718,winnipegfreepress.com
22780,weboc.gov.pk
22807,wy916.com
22882,webullfinance.com
22895,wegotexposed.com
23082,wgcdn.co
23121,wsbetting.co.mw
23139,weddingbee.com
23235,workorder.support
23295,wafid.com
23302,wlink.com.np
23369,webnode.cz
23514,wuytl.com
23561,wajibati.net
23562,wakupl.com
23605,wfwf471.com
23618,watchmovierulz.mba
23655,wetheleader.org
23763,waitrose.com
23863,watchmovierulz.kim
23864,wekings.online
23865,winbuzz.tech
23866,wow88myapp.com
23867,wtp.waw.pl
23955,waldenu.edu
23991,wheniwork.com
24108,world-nuclear.org
24153,waust.at
24199,waas-online.net
24202,wwf.org.uk
24222,whiteboxdigital.ru
24287,wildtangent.com
24297,whathifi.com
24341,wangsu.com
24388,website.com
24391,worldline-solutions.com
24398,webindex.org
24414,watson.de
24439,webserversystems.com
24440,wgpn.online
24556,workdaysuvsite.com
24570,whirlpool.com
24631,waikato.ac.nz
24635,wuporg.com
24741,westeros.org
24745,wattpadhq.com
24781,wfla.com
24819,wali.com
24841,wankoz.com
24851,wisestamp.com
24899,wicp.net
24936,website-editor.net
24940,worldhappiness.report
24962,wialon.com
25000,wa.de
25032,wepzone.net
25095,waymo.com
25118,wusa9.com
25235,wada-ama.org
25307,workos.com
25310,wheel-of-fortune-pokie.com
25327,wellandgood.com
25429,waves.com
25440,workvivo.com
25455,weatherapi.com
25491,workupload.com
25528,wearesocial.com
25539,wlu.ca
25546,welivesecurity.com
25551,wpmudev.com
25643,wildberries.by
25670,wordcamp.org
25694,westernsydney.edu.au
25698,wertn.top
25704,wg-gesucht.de
25778,weblium.com
25783,webike.net
25787,wettercomassets.com
25804,who.is
25833,workwelltech.com
25912,webstroy.ru
25928,warbandits.gg
25972,worldota.net
25979,winfuture.de
26019,wmagazine.com
26063,wetv.vip
26137,wheniwork-production.com
26175,wt500.com
26178,wandzcdn.com
26191,webmail-seguro.com.br
26207,wpx.net
26241,wmata.com
26308,wvdme.com
26317,wt-safetag.com
26373,wisegeek.com
26394,westlotto.de
26411,wlfun777.link
26472,wayboo.cn
26550,walmp.com
26573,wizardingworld.com
26589,wevpstatic.net
26652,wavebrowser.co
26680,worldbank.org.cn
26697,wits.ac.za
26800,wiki2.org
26939,wthr.com
26950,wgkonnect.com
26979,wgnetworking.com
26988,wmflabs.org
26997,webhostinghub.com
27004,wavesend.ru
27009,whatsappbusiness.com
27011,wgosd.com
27013,walkmeusercontent.com
27042,wipro.com
27111,wfmz.com
27142,wallpaperflare.com
27188,webself.net
27191,webmin.com
27217,weatherlive.world
27424,www.gov.hk
27451,with2.net
27482,woolypooly.com
27509,web-hosting.com
27535,www1.ru
27563,worksmobile.com
27584,wishpond.com
27591,webador.com
27653,web3modal.org
27705,wide.net.au
27708,worldtimebuddy.com
27709,westfalen-blatt.de
27730,woah.org
27736,workfront.com
27739,weathernews.com
27751,wemesh.ca
27774,wintercloud.net
27811,worldwidedns.net
27864,wkyc.com
27891,wprost.pl
27942,washburn.edu
27960,wwf.de
27962,walletbot.me
27983,warbyparker.com
27987,webhostingireland.ie
28113,welltory.com
28175,wmur.com
28261,worldofbooks.com
28284,wandb.ai
28346,wikirank.net
28379,wellcomecollection.org
28404,webstarts.com
28424,westword.com
28500,wpr.org
28576,wowpic1.store
28609,wtsp.com
28648,whirlpool.net.au
28656,wbgames.com
28666,warontherocks.com
28669,wstfls.com
28721,wtwco.com
28771,wedos.com
28778,wheresthegold.org
28803,weathercloud.net
28860,webpronews.com
28883,wimoveis.com.br
28918,wallonie.be
28948,workindia.in
28958,woerxny.com
28960,webcrawler.com
28961,wakacje.pl
28984,weser-kurier.de
28988,westjr.co.jp
28998,washingtonmonthly.com
29038,wfirma.pl
29065,wavevms.com
29109,wheresthegoldslot.com
29121,wiodo.tech
29126,wklcdn.com
29182,wedos.net
29228,webmoney.ru
29229,withjoy.com
29233,wholefoodsmarket.co.uk
29235,whatismyip.host
29260,watchliveformula1.com
29478,washingtoncitypaper.com
29650,webrserver.com
29678,webme.it
29710,whwz8187o.com
29711,wxgrasp.com
29720,wordleunlimited.org
29735,woodtv.com
29839,wittytv.it
29964,webmasters.com
29967,www.gov.kz
30016,widde.io
30018,webpu.sh
30036,wtnet.de
30049,wcnc.com
30052,wttw.com
30072,wright.edu
30073,worldstarhiphop.com
30095,websupport.cz
30127,whut.edu.cn
30128,waxpeer.com
30189,wpdns.site
30194,wlwt.com
30218,websaversdns.com
30222,webhook.site
30331,wingstop.com
30368,whosampled.com
30395,workspaceone-gov.com
30397,warhammer.com
30432,wan-peng.com
30438,wcpo.com
30461,wichita.edu
30518,weborama.com
30537,womansday.com
30553,wickedlocal.com
30601,worldremit.com
30607,wisdomlib.org
30617,wtzm.cn
30620,wanmei.com
30623,wirenboard.cloud
30670,wowuncut.com
30680,wetteronline.at
30684,wordsmyth.net
30704,wtzw.com
30719,wasabii.com.tw
30729,wxyz.com
30781,wannafind.dk
30805,webway.host
30821,weg.net
30826,waltongroup.cn
30827,wikimatrix.org
30876,well.com
30902,wilder-tales.com
30951,wantengyuanlin.com
31018,wandzops.com
31030,webreus.net
31051,wishabi.net
31056,wowow.co.jp
31086,wikitree.co.kr
31120,websender.ru
31161,wpdns.host
31179,websiteplanet.com
31269,weawow.com
31304,wynnlasvegas.com
31403,whitecase.com
31417,wtvr.com
31470,whitney.org
31494,website3.me
31560,wind.it
31567,worldweatheronline.com
31587,wixstudio.com
31604,wurfl.io
31616,wien.info
31635,wuuklabs.io
31660,whats-on-netflix.com
31662,warosu.org
31665,webull.com
31694,wongnai.com
31722,wynncraft.com
31726,wooribank.com
31727,worldfootball.net
31752,wfpms.com
31762,warriorforum.com
31855,websiteseno4d.com
31856,wehagot.com
31857,wfwf457.com
31896,wptrf.com
31907,wuchuyun.com
31908,weworkremotely.com
32071,winespectator.com
32086,wear2.jp
32184,wannaknowmysecret.com
32239,work.de
32240,wowza.com
32247,workaway.info
32253,worldvision.org
32300,workspaceair.com
32329,weheartit.com
32379,wearfigs.com
32395,workdaycdn.com
32424,wdl.org
32445,wftv.com
32526,weatherlink.com
32540,wtae.com
32550,welocal.cloud
32562,weda.fr
32605,whogohost.com
32611,waconazure.com
32618,wunderweib.de
32631,wordlift.io
32639,wire.com
32643,weatherwidget.io
32650,worldoftanks.com
32746,wefut.com
32806,write.as
32807,wyzowl.com
32832,widencdn.net
32843,wyvrn.com
32855,worldanvil.com
33090,wrangler.com
33109,webamg.com
33132,webmarked.net
33133,westmarine.com
33150,wenweipo.com
33174,wweek.com
33209,wavy.com
33216,wellhub.com
33226,wu.ac.at
33328,webcasts.com
33379,weex.com
33400,wellnessliving.com
33406,wpx.ne.jp
33453,webonic.hu
33475,wesh.com
33486,web24.net.au
33497,weatheronline.co.uk
33519,wemuslim.online
33532,webexapis.com
33566,webglobe.sk
33643,wbaltv.com
33667,wbez.org
33692,walls.io
33846,w1.money
33870,whatculture.com
33885,webim2.ru
33907,wordnik.com
33943,weglot.io
34010,workjam.com
34035,web.ad.jp
34107,wisconsin.edu
34140,wellesley.edu
34146,webglobe.com
34188,waqi.info
34201,web3-lab.com
34209,wal.ltd
34295,webnode.es
34306,wilddice.net
34344,workenter.gr
34371,wish.org
34375,web.money
34392,wmcloud.org
34420,wbtv.com
34462,wherewindsmeetgame.com
34480,weblly.com
34567,worldpackers.com
34609,woopra.com
34642,weatherzone.com.au
34645,wi-fi.ru
34691,wma.net
34703,wbpay.ru
34743,westermann.de
34744,wptv.com
34815,whova.com
34839,webbyawards.com
34845,wdesk.com
34849,womanandhome.com
34875,westpoint.edu
34882,wxkjpump.cn
34905,woa.com
34927,whale.camera
34936,westernjournal.com
34939,wegmans.com
34979,wkrn.com
35000,wazzup24.ru
35078,wavecdn.net
35149,wyzant.com
35155,wyff4.com
35178,widdimo.com
35186,weber.edu
35229,websiteservername.com
35298,waseda.ac.jp
35393,wbir.com
35398,wtg-ads.com
35405,wxhdlhj.cn
35417,worldjournal.com
35434,wttc.org
35465,wtware.com
35494,windowsreport.com
35538,w3c.org
35615,wixpress.com
35630,webgains.com
35648,wildix.com
35784,wswebpic.info
35812,wn.de
35832,whatjobs.com
35925,wifi-doctor.org
35946,wgrz.com
35960,washington.org
36014,wwdl.net
36020,wcsapi.com
36025,wook.pt
36043,worldsurfleague.com
36129,wkbn.com
36181,woundedwarriorproject.org
36185,wibes.ru
36209,wuchuyun.net
36223,wwpvpbktgoets.space
36259,www.com
36269,webinarjam.com
36303,wsvn.com
36422,wfwf451.com
36439,waymarking.com
36450,workvivo.us
36485,wayvia.com
36497,wpbrigade.com
36500,wsmv.com
36816,webnode.fr
36823,wsssec.com
36889,webcaster.pro
36906,webry.info
36907,webvault.com.au
36966,wb-bank.ru
36970,woodlandtrust.org.uk
36995,wightman.ca
36999,webtrends-optimize.com
37004,westcall.net
37010,worldsoft-isp.net
37025,wynk.in
37044,winhost.com
37069,web-repository.com
37078,wdrb.com
37115,wu-wien.ac.at
37143,wam.ae
37264,workspaceoneaccess.com
37272,webzidns.ir
37278,www.gub.uy
37282,wienerzeitung.at
37300,wcs.org
37350,wes.org
37361,wide.ad.jp
37426,weavy.ai
37444,webcindario.com
37447,windyapp.co
37449,weeklystandard.com
37500,wwltv.com
37510,woorank.com
37535,wnycstudios.org
37627,wtnh.com
37656,websupport.se
37700,wpxi.com
37763,wlv.ac.uk
37780,wisprflow.com
37808,warhammer-community.com
37903,webcatalog.io
37912,wgal.com
37931,wilson.com
37932,w3layouts.com
37962,webengage.co
37970,webring.com
37973,waitbutwhy.com
37993,webnic.cc
37998,w4nkr.com
38034,webgains.io
38038,windowslatest.com
38051,widblog.com
38104,whereby.com
38205,wdfl.co
38232,webthemez.com
38244,webdunia.com
38248,wpbeaverbuilder.com
38278,wpbakery.com
38307,w12app.com.br
38308,wcupa.edu
38315,winred.com
38321,wlu.edu
38387,wh00.ooo
38391,websky.aero
38396,wcapp7.com
38442,woobox.com
38444,wingo.com
38593,wjx.top
38600,workmagic.io
38610,writerpro.com
38624,waters.com
38632,wago.com
38646,worldblogged.com
38647,webdesignerdepot.com
38700,wlos.com
38719,wirepathdns.com
38749,woodmac.com
38753,wikifeet.com
38812,wired.jp
38944,webspace-verkauf.de
38952,woothemes.com
39000,webgains.link
39036,w3school.com.cn
39040,walletexplorer.com
39042,wgtn.ac.nz
39091,webfaction.com
39094,whatfontis.com
39101,writefull.ai
39107,wbmdstatic.com
39149,www.wroclaw.pl
39170,webnode.io
39189,washingtoninstitute.org
39218,wplace.live
39240,weareteachers.com
39266,webzavod.ru
39315,wegotthiscovered.com
39322,weatherflow.com
39327,wirenboard.com
39358,workercn.cn
39487,watsons.com.tr
39544,weburg.net
39586,wickynode.com
39593,wifiman.com
39619,winlinebet.ru
39641,wallhere.com
39650,wscvip.top
39677,walmartdigital.cl
39732,weikeguanjia.com
39762,wetracked.io
39770,watoday.com.au
39822,weekand.com
39839,webhostingpad.com
39851,wgt.com
39861,whimsical.com
39896,worldvectorlogo.com
39974,wscvdns.com
39996,weathertech.com
40022,wedos.eu
40062,wartranslated.com
40088,without.ru
40099,wikitide.net
40138,wowslider.com
40145,wpopal.com
40169,w2g.tv
40182,webspellchecker.net
40188,windriver.com
40192,websim.com
40222,wspan.com
40287,wi-fi.org
40321,workana.com
40354,websummit.com
40369,woolworths.co.za
40406,waarnemingen.be
40410,witt-weiden.de
40415,webhop.net
40425,wiu.edu
40432,wetpaint.com
40445,wideopenwest.com
40497,wttr.in
40528,worldpressphoto.org
40590,wam.go.jp
40611,werwolfrust.com
40693,webeyez.com
40708,worldnomads.com
40718,wimp.com
40731,wealthfront.com
40743,wusel.network
40747,webstatsdomain.org
40766,wewomedia.com
40836,wowway.com
40849,wni.co.jp
40885,weserv.nl
40889,wfmu.org
40931,wotpack.ru
40962,webxjobs.org
40966,wrd-aws.com
40973,wcax.com
40985,wednet.edu
41004,weatherlive.info
41017,workopolis.com
41018,wafb.com
41053,wishtv.com
41095,wyzeiot.com
41185,webring.org
41217,workers-infra.com
41271,webnames.ru
41350,wetterzentrale.de
41393,webpkgcache.com
41447,weekli.de
41452,work.ink
41469,woolworths.co.nz
41473,webinargeek.com
41547,workforce.com
41570,wemember.io
41583,webpush.jp
41632,worldshopping.jp
41667,wirevpn.io
41677,woosmap.com
41712,wonderplugin.com
41742,wowcher.co.uk
41747,wifimap.io
41754,workleap.com
41760,willyweather.com.au
41850,windtre.it
41865,win-blog.com
41932,wpshsdk.com
41947,w1mp.com
42079,webvitalize.io
42096,wavebrook.com
42134,weltsport.org
42247,webdomaine.ca
42248,wdsu.com
42253,wordpress.net
42257,webspace-host.com
42285,wxfengxin.com
42322,worldcoin.org
42381,wishabi.com
42465,wot-life.com
42470,wz3mjjcztm.com
42472,wilko.com
42525,waaa.moe
42542,wepowerconnections.com
42546,wfsb.com
42622,w-bo.com
42649,wtconnect.com
42673,web3auth.io
42797,wcrf.org
42923,wikihow.life
42947,wirevpn.cc
42970,wuerth.de
43075,writer.com
43094,worldtravelawards.com
43194,winestyle.ru
43216,wapo.st
43268,wric.com
43272,wproxier.in
43286,webwiki.com
43332,webpushs.com
43414,wsoctv.com
43462,watchduty.org
43465,wistv.com
43474,westondigita.cloud
43531,westminster.ac.uk
43564,wxnz.net
43579,wreg.com
43582,weeblysite.com
43590,websocket.org
43684,wilo.com
43690,wttr.io
43715,workdayinternal.com
43718,whiterose.ac.uk
43756,wssolver.net
43853,wisn.com
43923,writeupcafe.com
43949,worktribe.com
43954,webhost.company
43966,wp-e.net
43969,whatcar.com
43998,wallpaperaccess.com
44018,webgo24.de
44081,world.rugby
44112,wapo.pub
44200,wendys.digital
44207,webfusiones.com
44224,worxware.com
44252,wrestlinginc.com
44263,wwlp.com
44274,wifiradiofrontier.com
44365,wmn.de
44472,watcha.com
44506,wck.org
44566,wtkr.com
44614,webcom.com
44628,wcostream.tv
44646,workstream.us
44764,warc.com
44787,wpri.com
44816,world-nuclear-news.org
44864,womenshistory.org
44910,w-mt.co
44917,wordswithfriends.com
44933,wzzm13.com
44953,wbcsd.org
45075,wialon.host
45076,webmaxlogger.net
45083,warface.com
45096,wine.com
45130,webelements.com
45166,worxlandroid.com
45204,waxrain.com
45234,webtorrent.dev
45257,wearpact.com
45274,wkyt.com
45341,wciom.ru
45366,wfolio.com
45377,willdesk.com
45430,wireclub.com
45439,writing.com
45440,wrc.com
45531,worldsoccertalk.com
45533,well.ca
45590,walmartimages.ca
45611,warpav.net
45622,willamette.edu
45696,wattsupwiththat.com
45738,webglazok.com
45745,wotif.com
45757,wmaker.net
45793,webuy.com
45834,weatherdailyinfo.com
45839,wsls.com
45841,webdesign96.com
45843,worx.com
45911,wasu.tv
45939,wardow.com
45968,whyz.cn
46022,wurmz.net
46024,whatsapp.biz
46040,wagwalking.com
46084,worldsecuresystems.com
46090,waveshare.com
46137,wineenthusiast.com
46192,westhost.com
46198,wp.de
46206,workhuman.com
46207,wongcw.com
46250,webwinkelkeur.nl
46253,wave3.com
46258,withcherry.com
46314,whirlpoolcorp.com
46320,welib.st
46325,welib.org
46425,wirtualnemedia.pl
46452,wpbookingcalendar.com
46460,webrez.com
46560,waophoto.com
46636,webster.edu
46643,wowjobs.ca
46672,whio.com
46692,world-weather.info
46748,writersdigest.com
46788,wordle.net
46890,worldofwarships.eu
46891,webclap.com
46907,wolffile.xyz
46944,wisecleaner.com
46987,writexo.com
46995,walkerart.org
46999,waset.org
47044,wjgslb.com
47077,winbetcasino.io
47115,wowt.com
47173,wz.de
47191,webawere.nl
47206,wealthmanagement.com
47232,wane.com
47257,windsorstore.com
47266,willyweather.com
47285,wellcome.ac.uk
47347,wqswl2940637fafa.com
47352,wgme.com
47392,www.gov.cy
47393,woopic.com
47446,whdh.com
47464,weeek.net
47483,werndfij.top
47505,wordcounter.net
47525,webflow.services
47543,winknews.com
47553,warnerbros.co.jp
47651,webmasterhome.cn
47672,weisiyuan.cn
47701,withspotify.com
47777,wallpaperswide.com
47787,wssdns.net
47793,wizaz.pl
47834,weojosaieiqo.com
47903,wnep.com
48062,werstreamt.es
48069,wbplay.com
48082,wildkat.net
48115,wafflegame.net
48223,whufc.com
48244,wdfiles.com
48367,wlky.com
48438,westca.com
48451,wpstacja.pl
48463,wyckoff.one
48508,wellpoint.com
48509,wowtv.de
48524,whentowork.com
48538,wellsky.com
48609,wizzardsblog.com
48615,wsfa.com
48641,world-of-uniforms.de
48650,webio.pl
48659,wallex.ir
48664,worldkoora.com
48718,walkhighlands.co.uk
48724,wondergame.net
48782,wmtransfer.com
48828,wfa.com
48867,wfolio.pro
48871,whatsupcams.com
48923,webhost1.ru
48931,wakwak.ne.jp
48970,wheaton.edu
49023,webapp.io
49054,webmasterworld.com
49139,wikishia.net
49175,wn06.cfd
49189,webhost1.com
49279,websahibi.com
49280,wwmt.com
49343,www.edu.cn
49358,weezerapp.com
49390,wisconsinhistory.org
49407,wildapricot.com
49424,wifidb.science
49448,wzyzlm.com
49471,wang1314.com
49478,windrawwin.com
49497,watchfinder.co.uk
49499,webdamdb.com
49513,wpp.com
49541,wconcept.co.kr
49555,wellnessmama.com
49556,wort.lu
49561,wizard101.com
49654,webkul.com
49665,ww.com
49672,wandoujia.com
49759,wallstreetoasis.com
49787,wdbj7.com
49797,wset.com
49873,webqc.org
49885,wlrn.org
49910,wate.com
49911,womansworld.com
49920,websudoku.com
49928,wamu.org
50036,wubook.net
50078,wheresthegoldpokie.com
50089,wjgnet.com
50090,webropolsurveys.com
50145,whireclogomod.com
50148,wivb.com
50180,wezhan.cn
50187,wellstar.org
50195,world.org
50219,warmane.com
50250,whatsonstage.com
50252,wikimon.net
50255,wakehealth.edu
50289,womanwithin.com
50321,westpac.co.nz
50323,webindia123.com
50343,welcome.to
50372,wanderu.com
50409,wcoomd.org
50437,wbrz.com
50441,whas11.com
50487,wegame.com.cn
50514,worldshopping.global
50518,wildlink.me
50552,weblogco.com
50598,wallpapersafari.com
50616,westminster-abbey.org
50621,wepink.com.br
50631,wahooart.com
50646,wappalyzer.com
50650,wid.world
50698,wtol.com
50702,wiline.com
50723,wansecurity.com
50845,web4ce.cz
50871,wsaz.com
50877,wil.guru
50921,watsons.com.ph
50924,webslice.co.nz
50956,wabe.org
50977,wrtv.com
50996,worcesternews.co.uk
51039,wlp-acs.com
51040,walletinvestor.com
51046,wildlifetrusts.org
51111,woobi.co.kr
51157,webcitation.org
51302,wiserair.com
51330,walker-cloud.com
51345,webwiki.de
51364,wcu.edu
51386,wssblogs.com
51391,wavespeed.ai
51566,worldsbk.com
51580,webaccel.jp
51587,winamax.es
51646,worktrucksolutions.com
51678,wissenschaft.de
51690,wuxiaworld.com
51694,wazambaslots.org
51720,wowpic2.store
51743,wyndhamdestinations.com
51751,wan.video
51870,wooclap.com
51927,wheeloffortune.com
51961,wavebrowser.net
51966,withdesk.com
51968,worldofsweets.de
51981,w.app
52005,webzdarma.cz
52014,wards.com
52019,watermarkremover.io
52072,wwt.com
52080,wx7777.com
52134,worldofsolitaire.com
52141,wsop.com
52165,weather-forecast.com
52175,wfwf476.com
52209,webhostingtalk.com
52217,waitwhile.com
52256,waarneming.nl
52258,webselfsite.net
52267,wnezyh.com
52272,webuycars.co.za
52356,wicourts.gov
52364,wingbits.com
52365,wowroms.com
52404,wecloud.events
52449,woo.com
52455,wcom.com
52459,whitehousehistory.org
52489,wortise.com
52505,wrdns.it
52565,webvirt.cloud
52626,wdwnt.com
52634,wifi-soft.com
52635,whatismybrowser.com
52663,wasmer.app
52682,wahlrecht.de
52746,worldofwarships.com
52769,worldcubeassociation.org
52772,westonaprice.org
52775,wyylde.com
52826,way3.com
52827,wevideo.com
52841,www.net.cn
52856,websky.tech
52858,worldsex.com
52877,wildskirts.com
52880,w3line.fr
52885,washtimes.com
52902,wkda.de
52908,wellplated.com
52939,wifeo.com
52955,wokwi.com
53017,what-ever.co.uk
53025,washingtonblade.com
53043,walgames.com
53053,waybackmachinedownloader.com
53109,wanhai.com
53115,wzstats.gg
53196,wfwf466.com
53202,weather-atlas.com
53204,wanderboat.ai
53240,weaplink.com
53254,w-nexco.co.jp
53274,webyourself.eu
53277,wombat.systems
53350,wateraid.org
53356,wildberries.ge
53366,webexhibits.org
53395,wanyol.com
53413,whosdatedwho.com
53419,wickedreports.com
53431,worldoftanks.net
53439,webhotelier.net
53500,wu.com
53517,wingify.net
53552,wris.monster
53596,w3s.link
53610,websitepolicies.com
53627,wbwh.tech
53630,worldsportsbetting.co.za
53636,wanted-win-casino.net
53644,warrenho.cn
53649,wcostream.com
53686,webbuzzfeed.com
53740,wienerlinien.at
53747,wallpaperscraft.com
53775,wiza.co
53780,wv3pub.com
53792,whec.com
53866,webtekno.com
53894,warriorplus.com
53960,wenconfig.com
53968,wzyykj.com
54020,wd2go.com
54061,wsbt.com
54069,webtrekk.net
54175,wbay.com
54189,wnet.pro
54258,webteb.com
54267,whois7.ru
54271,weather.us
54309,webspacecontrol.com
54435,w3w.co
54454,worldchess.com
54500,wink.com
54514,warmup.com
54529,windowsazure.cn
54541,westminster.gov.uk
54548,wordtune.com
54555,wmtw.com
54616,webinabox.net.au
54617,wd.com
54621,wsbkwai.com
54657,winomaniacasino.org
54665,wpformsapi.com
54681,worldguessr.com
54842,webasto.com
54856,wellcome.org
54857,wardsauto.com
54897,wltx.com
54968,wacken.com
54975,wineverygame.com
55081,whnt.com
55087,wng.org
55103,wvgazettemail.com
55124,wuzzuf.net
55144,websupport.hu
55149,warmvalley.baby
55236,wn0vib.com
55247,wildberries.uz
55253,whiskybase.com
55263,wgen.net
55306,wellytalk.com
55392,wfmynews2.com
55412,wooricard.com
55421,wisphub.app
55428,whoppah.com
55435,wspa.com
55451,wbmason.com
55530,welect.de
55535,wwdjapan.com
55548,website999.co.in
55552,wei-cloud.com
55571,wanadoo.nl
55606,wvi.org
55642,warriorgame.mobi
55673,webdesignmuseum.org
55678,worldlingo.com
55719,whatsappbrand.com
55831,winix-iot.com
55877,wuhan.gov.cn
55884,wga.hu
55914,websiteonline.cn
55918,wrixfm.com
55934,whoasked.su
56027,wifire.me
56042,watchetifuters.cloud
56076,wavemoney.io
56093,wfs.cloud
56102,wybotpool.com
56120,wssdns.com
56133,whatifsports.com
56140,world-weather.ru
56146,wendincdn.com
56178,whatsmenu.com.br
56188,whatsapp.tv
56195,windowsmedia.com
56242,works-hi.com
56243,worldanimalfoundation.org
56268,wir-machen-druck.de
56294,whatsapp-plus.info
56297,weg.de
56318,weblogs.com
56327,websalat.top
56414,windcave.com
56436,whatsapp.cc
56470,webcontrolcenter.com
56541,wpfr.net
56545,worldline.com
56567,wellness.com
56574,wakefern.com
56594,wellspan.org
56629,wfinterface.com
56640,wpmudev.org
56652,win.net
56659,waptrick.com
56706,w3counter.com
56708,wl.co
56710,whytemesh.com
56739,westga.edu
56759,wbroadband.net.au
56795,wmin.ac.uk
56800,wingsforlifeworldrun.com
56871,webcomicsapp.com
56892,wkrg.com
56965,worldcommunitygrid.org
56990,wifeed.com.br
56991,wkbw.com
57018,wayofwade.com
57057,woodforest.com
57086,wondershare.cn
57218,working-dog.com
57231,winelab.ru
57240,wiara.pl
57271,wielerflits.nl
57356,wizardofodds.com
57357,whatsapp-plus.net
57362,warera.io
57396,wegryphon.com
57434,wzyy.com
57490,williamhill.us
57491,wunderlist.com
57527,weshop.ai
57534,wbrc.com
57545,websupport.eu
57550,wlzp.vip
57636,wisebread.com
57649,wuppertal.de
57710,wsgr.com
57776,wv3link.com
57801,wom.cl
57869,wpj.cloud
57878,wp.mil.pl
57893,whatschool.ai
57903,worldfcdn.com
57911,wkf.ms
58005,wuerth.it
58029,webtoon.xyz
58083,wikipublicity.com
58138,wmar2news.com
58143,wrtn.ai
58147,webcdn.top
58186,wunc.org
58265,weartv.com
58285,wikioasis.org
58299,wiair.com
58301,wabetainfo.com
58368,wlmdqjfw.com
58426,wysemanagementsuite.com
58438,westwing.com.br
58495,wingie.com
58520,webdrive.ru
58542,wdrixjezn.com
58559,wuv.de
58591,whistleblowersoftware.com
58644,warehouse-lighting.com
58678,workiz.com
58697,wowinterface.com
58723,winporn.com
58741,withsecure.com
58764,wpunj.edu
58795,worldfloraonline.org
58916,wmg.com
58928,wznoc.com
58963,watchuseek.com
58969,wikiru.jp
58980,wangyedian.com
58982,wjhl.com
58992,wostore.cn
59063,wareable.com
59082,wanderprints.com
59104,wpsuo.com
59186,willer.co.jp
59372,wheresyoured.at
59505,website2.me
59578,wexhealth.com
59600,wwdh.hu
59645,wawa.com
59650,wraithesports.com
59660,wahoofitness.com
59663,wefi.com
59727,wordsmith.org
59761,webtickets.co.za
59821,wikitia.com
59853,wpde.com
59883,wxgateway.com
59889,wahju.com
59929,wolfandbadger.com
59957,wideopencountry.com
60011,webgarden.com
60017,withblancvpn.online
60030,wxii12.com
60033,woodpeckerlog.com
60073,wjpartners.com.au
60139,westcall.ru
60214,webhosting.jp
60229,whowatch.tv
60231,wppmedia.com
60265,wizaly.com
60270,welingelichtekringen.nl
60285,winemag.com
60309,workflowy.com
60314,warfarehistorynetwork.com
60325,winparts.nl
60339,wuolah.com
60347,whdns.co
60376,wavesecure2.net
60398,waper.com.cn
60410,wmbcdn.com
60415,wanassist.nl
60528,weszlo.com
60589,whatsmydns.net
60611,wsv.de
60648,wtamu.edu
60669,westnet.com.au
60826,wa-k20.net
60827,webdatacommons.org
60838,windstream.com
60850,wibw.com
60866,welotec.com
60880,wallstreetcn.com
60902,wcsmlxx.com
60916,webtv.net
60931,wati.io
61033,whalon.top
61070,wbstudiotour.co.uk
61077,winefolly.com
61119,wgcz.net
61138,westgateresorts.com
61202,whatsmyip.org
61224,webexconnect.com
61292,worldenvironmentday.global
61305,welcomesoftware.com
61449,wg-casino.net
61490,winner.mx
61493,whatdotheyknow.com
61507,westelm.co.uk
61528,weimaqi.net
61592,woodbrass.com
61634,wyyft.com
61686,whales.org
61735,wyoming.com
61817,wella.com
61874,wikioo.org
61885,w3apps.co
61924,westgate-usa.com
61956,warta.pl
61960,wonkette.com
61988,wa01.com
61990,wbhealth.gov.in
62112,waploaded.com
62125,wallpaperscraft.ru
62216,widgetsmith.app
62348,wpbf.com
62411,wargm.ru
62432,wdepo.ru
62449,wincustomize.com
62458,worldnetdaily.com
62484,wheresthegoldslots.com
62515,weplananalytics.com
62526,wenrenjie.com
62548,walfoot.be
62554,weaveconnect.com
62578,wiredtree.com
62590,wavecom.ee
62601,warhistoryonline.com
62688,webce.com
62731,wba-pn.ru
62733,wikomobile.com
62739,worldcdn.net
62889,wireg.it
62958,wlbt.com
63017,wattbuy.com
63038,wmtv15news.com
63068,webaslan.com
63106,w6s.ru
63121,woodcraft.com
63132,wizard.select
63163,winticket.jp
63215,williamhill.es
63265,watv.org
63337,websiteservername.net
63372,wvnews.com
63504,weqct.com
63538,warthunder.ru
63551,winamax.de
63591,wxxtjxxc.com
63647,wpx.jp
63713,worldweatherattribution.org
63767,wefashion.com
63807,wzb.eu
63821,wellcare.com
63823,wp-royal.com
63847,whataburger.com
63898,wisphub.net
63977,webexcce.com
64021,workforceaustralia.gov.au
64033,wuaze.com
64058,websleuths.com
64061,whitescreen.online
64168,wasabi.com
64188,wmatch.net
64216,whitman.edu
64231,wildflower.org
64248,wwwww.wtf
64269,woodenstreet.com
64324,webhosted.nl
64325,wiesbaden.de
64353,wareztorrent.com
64395,wect.com
64443,wesingapp.com
64511,whoeverfindsgodfinds.life
64529,wsbzytlfw.com
64561,webtraxs.com
64568,worldfirst.com
64583,worldcasinodirectory.com
64684,weathercrave.com
64737,watchseries.bar
64769,wetterdienst.de
64774,wooster.edu
64807,wdwmagic.com
64932,westwing.de
64960,wibutler.com
64962,wikiroutes.info
65047,waybig.com
65075,windowshouse.xyz
65098,wordtracker.com
65111,wotb.app
65117,webclicks24.com
65132,wordhelp.com
65175,wakefit.co
65228,worldskills.ru
65245,webhost1.net
65263,weahunter.com
65270,wingtalks.com
65401,worthepenny.com
65412,winteriscoming.net
65491,wscdn.cc
65503,websitetestlink.com
65593,wi2.ne.jp
65633,wa.co.za
65685,watchtry.com
65793,windowsforum.com
65813,wondertrip.fun
65828,whs.mil
65857,wonderbox.fr
65866,workshopdata.com
65892,wpimg.pl
65901,woltlab.cloud
65905,weirdgloop.org
65907,withairbnb.com
65918,wellnetrelay.com
65934,watchersweb.com
65960,webfleet.com
65998,wat.tv
66024,website-start.de
66027,wiener-staatsoper.at
66053,wolfmax4k.com
66087,webex.net
66109,weldom.fr
66111,web-live.link
66118,wk.app
66126,winterthur.ch
66145,webhostcluster.com
66171,watchsomuch.to
66212,wwiqtest.com
66236,worldtabletennis.com
66317,webbeteg.hu
66352,wilmerhale.com
66368,wdfangyi.com
66373,www.youtube
66396,webcraft.ua
66408,wboc.com
66462,webmondial.com.br
66463,wepod.ir
66464,wisphub.io
66489,wbsk.sk
66542,wbsedcl.in
66546,worldcall.net.pk
66558,wnouncillorswhowish.com
66568,wedding7famous16.app
66585,warface.ru
66678,wgsn.com
66686,wifi-cloud.jp
66698,waperidea.com
66733,whisk.com
66763,wehaa-server10.com
66781,wizcase.com
66805,webnews.it
66817,whyrtc.com
66862,webspaceconfig.de
66880,wmg-gardens.com
66916,webnode.jp
66919,worldpoliticsreview.com
66935,warlordgames.com
66956,whitesaas.com
66981,wdrmaus.de
66990,wcyb.com
67057,wso2.com
67109,webometrics.info
67222,worldwatch.org
67250,wikia.org
67262,wowonder.com
67318,wheel-size.com
67320,winsprx.dev
67329,windsorstar.com
67349,wheresthematch.com
67370,weareher.com
67371,wundeeer.com
67422,wpprovider.nl
67424,wingontravel.com
67427,webnx.com
67432,webstandards.org
67438,worldstar.com
67479,webhostnepal.com
67482,wretch.cc
67615,winsports.co
67624,wuyto.com
67632,weatherwise.app
67672,wvnet.edu
67728,wfmp.net
67803,wordproject.org
67811,wholesalegorilla.app
67812,webwire.com
67974,watchfighters.com
68013,wegovy.com
68016,whiteservers.net
68068,webassembly.org
68159,wormhole.app
68219,wmf.com
68232,webanketa.com
68330,wlox.com
68368,www.gov.mo
68370,worlddata.info
68446,wsot2022.com
68463,wisconsindot.gov
68475,wetravel.com
68508,wp-events-plugin.com
68532,waldos.com.mx
68668,wehaa.net
68779,webmo.fr
68795,wxgzshna.biz
68839,weinisongdu.com
68846,wageworks.com
68913,whoisezh.com
68922,wales.nhs.uk
68945,wildpark.net
68965,wshine.cn
68995,wikimedia.de
69059,wgnradio.com
69150,wedmegood.com
69203,winebid.com
69205,whatwapp.io
69371,withhive.com
69432,whitelistbot.online
69460,woolderstrolld.qpon
69534,webreference.com
69643,world-geography-games.com
69659,worldhealthexpo.com
69674,with.is
69714,wanikani.com
69745,westcliff.edu
69751,wifirst.net
69754,worldgbc.org
69776,wooordhunt.ru
69800,weblinesistemas.com
69823,wordsofwonders.net
69841,wscdns.info
69848,wicked.cc
69852,wapbold.net
69853,wunschgutschein.de
69871,willistowerswatson.com
69881,wintv.com.au
69888,wchstv.com
69902,web-agentur.ch
69927,wsl.ch
69969,wiseguyreports.com
69971,welltrainedmind.com
70002,wdpromedia.com
70022,winport-casino.net
70024,web-2-tel.com
70033,waimaoniu.cn
70188,wheelpros.com
70215,weszxdrf.com
70230,wmt.co
70254,who-called.co.uk
70260,wisden.com
70276,williams.com
70373,workoscdn.com
70501,waterfox.net
70502,wamba.com
70522,webcafe.bg
70646,wondershare.net
70660,wgprod.net
70688,waterfox.com
70704,wahapedia.ru
70817,warhead.com
70848,wetteronline-cloud.com
70867,weismarkets.com
70882,whwzyy.cn
70920,watsbplus.com
70933,wpsx.com.cn
70935,whiplash.net
71011,woodies.ie
71050,windettacasino.io
71061,wiocha.pl
71140,winzir.ph
71173,wrap.org.uk
71179,webofcomics.ru
71186,wizardofozslot.org
71250,why3s.com
71303,wibbi.com
71313,webicom.si
71324,wonder.com
71325,whistles.com
71338,womensaid.org.uk
71437,wildberries.kg
71441,wtennis.com.br
71536,wallstreetmojo.com
71561,wtqiutfllv.net
71614,walmart.co.cr
71632,wdtinc.com
71671,wbethawk.com
71694,wuxiaspot.com
71708,webcg.net
71757,wfpms.cn
71762,wspolczesna.pl
71834,wndu.com
71913,wizz.chat
71931,wifitochka.ru
71933,wheelseye.com
71948,webpussi.com
71953,wmoov.com
71981,wct-2.com
72009,wta.org
72040,wahooligan.com
72050,wwr-stardom.com
72056,wou.edu
72065,whatbrowser.org
72082,wafa.ps
72093,wolterskluwerhealth.com
72103,wtlbaby.com.cn
72244,wvlegislature.gov
72258,walmart.com.gt
72343,whoyahocdn.com
72351,weather.gov.hk
72352,westseattleblog.com
72358,westcasino.io
72397,webcamtoy.com
72398,wxwidgets.org
72404,workos-dns.com
72420,web-pra.com
72441,whatreallyhappened.com
72561,wakatime.com
72597,woshipm.com
72634,wskam.com
72702,wpmailsmtp.com
72728,wef.org
72773,woopets.fr
72779,wenku8.net
72786,windomnews.com
72819,wholesomeyum.com
72836,wideinfo.org
72850,wfmj.com
72852,wbshop.com
72919,wayin.com
72930,workintexas.com
72951,winker.com.br
72952,workspace.ru
72958,webecyzo.com
72984,winmi.com
73055,westerncape.gov.za
73062,westgold.com.au
73065,wga.org
73088,webrtc.org
73125,weeb.tv
73144,wotblitz.com
73165,wifelovers.com
73192,whos.tv
73224,workport.co.jp
73263,wipe.de
73340,waff.com
73389,whereis.com
73439,webdiet.com.br
73447,witt-gruppe.eu
73490,weather-and-climate.com
73532,warnerhotels.co.uk
73578,wtoc.com
73657,world4you.com
73663,winaero.com
73669,windhawk.net
73674,weatherforyou.com
73678,whoishostingthis.com
73679,wotz.cn
73780,winpot.mx
73821,wikicorrespondence.com
73833,waldnet.nl
73952,watchguard.io
73985,wrdw.com
74058,whiru.cn
74186,witglobal.net
74261,wkorea.com
74273,world-heart-federation.org
74384,wexinc.com
74394,warnwetter.de
74438,wavve.com
74442,webcamjackers.com
74470,webmasterplan.com
74512,wallpaperbetter.com
74689,webhero.com
74697,webyn.ai
74713,willysforsale.com
74727,wakool.net
74759,wlresources.com
74775,wyng.com
74830,whytoon.com
74926,webnode.it
74929,wporncomics.com
74974,wink-slots.org
74977,wonga.pl
75004,wearewild.com
75015,witn.com
75063,wpext.pl
75098,wave.com
75127,wavesecure.net
75159,wildestporn.com
75203,wbyun.net
75269,whatscookingamerica.net
75351,wattboxdns.com
75355,wrberkley.com
75395,websitecarbon.com
75406,weather.gov.sg
75407,woolwarehouse.co.uk
75415,warramunda.com.au
75430,wiley-vch.de
75556,wake.tech
75565,witcom.de
75619,whmpanels.com
75671,wlw.de
75692,wesco.com
75781,wikiportal.su
75828,wunschliste.de
75963,wonderopolis.org
75964,wanchan.jp
75986,wingingmodel.com
76034,watchflix.to
76047,winloot.com
76055,wenoolgo.icu
76108,wnacg.ru
76171,wrestlezone.com
76201,w8050.com
76222,whsmith.co.uk
76261,wallabyhusky.com
76299,worldofreel.com
76341,webahang.ir
76342,wic6k8ets.xyz
76393,workiva.com
76422,wzican.com
76423,whatboyswant.com
76434,wbregistration.gov.in
76452,wearethemighty.com
76487,weeztix.com
76563,wirelessdataspco.org
76586,wola.org
76595,wormzilla.io
76653,welovetennis.fr
76730,walkwheelcycletrust.org.uk
76863,wecare.gr
76905,wyvkfqgscq.space
76933,weirdfish.co.uk
76966,waqool.com
76974,web-dns1.com
76988,wcoanimedub.tv
77060,wcoforever.net
77105,wcedeportal.co.za
77107,wakavideos.com
77151,wojas.pl
77167,wikifordummies.com
77169,whatmore.live
77180,wgno.com
77222,webramz.com
77246,winnowsolutions.com
77270,wirefly.com
77281,wayup.com
77298,wineclo.com
77328,wpforo.com
77344,wilx.com
77368,wamc.org
77446,wctv.tv
77454,weatherwidget.org
77473,wolverine.com
77576,webuomo.jp
77583,wqad.com
77603,whfoods.com
77648,wiktel.com
77830,worldoftanks.cn
77877,willcdn.cn
77895,world-architects.com
77923,worldradiohistory.com
77950,webtrends.com
77956,weekday.com
77959,who13.com
78005,wcar-p.net
78081,webaccountserver.com
78089,windy.app
78141,webhostbd.net
78212,watchingthat.net
78222,wusf.org
78273,worldofplayers.de
78338,wetsins.com
78360,webwavecms.com
78375,wiseflow.net
78417,wibnet.nl
78482,wbdg.org
78562,winsornewton.com
78614,westerncity.com
78624,whotrades.com
78655,websitebokep.com
78701,watchwrestling.ae
78734,w3snoop.com
78739,wvmetronews.com
78781,watchseriestv.net
78805,workshop.cloud
78887,wii.com
78922,wolterskluwer.io
78946,warjav.com
78956,wasp-182b.com
78963,webboh.it
78992,witanime.you
78994,webtoonhatti.club
79008,www-connect.net
79071,wodify.com
79074,whale.to
79080,wyomingnews.com
79109,wow-drama.com
79163,wsav.com
79172,wisetoto.com
79178,wwesupercard.com
79191,wpworld.host
79384,wassada.com
79407,wikifiltraciones.com
79473,watsons.co.th
79497,witchculttranslation.com
79530,watchmojo.com
79580,wosu.org
79585,world-fusigi.net
79590,wifi4games.com
79668,web-japan.org
79721,wan.com
79732,wells.pt
79846,woohoostudios.io
79870,wizardpharmacy.com.au
79905,wafaicloud.com
80017,wiki-wiki.ru
80103,wizard101central.com
80130,webdevicejs.com
80155,wakayama-u.ac.jp
80164,workline.hr
80173,wilfmovies.com
80229,windsurfercrs.com
80308,weijixun.com
80342,wxamedia.com
80351,wocloud.cn
80352,wesnoth.org
80370,webnode.sk
80386,wheat.org.cn
80398,wo.com.cn
80404,wbresearch.com
80406,whatcounts.com
80526,wa-k12.net
80537,wheelup.it
80644,wandaloo.com
80736,werkenntdenbesten.de
80774,wonderla.com
80811,woodworkingnetwork.com
80864,whlxtfiixb.net
81029,worldcitydb.com
81073,winnitaslots.com
81085,wellsfargoadvisors.com
81096,wgplayer.com
81105,white-pages.gr
81157,wdtn.com
81175,welbiltconnect.com
81186,wiki7.org
81205,wmsports.io
81237,webyze.com
81264,whtrace.com
81289,westmanga.co
81298,winr.pro
81325,wda.gov.tw
81369,winnipeg.ca
81442,wobis.io
81450,water.org
81467,world-switch.com
81550,waxy.org
81554,whitehouseblackmarket.com
81623,we88m08.com
81670,winpesa.ke
81675,webcric.com
81678,w4f6fl1i5b.com
81687,wikidoc.org
81893,wrjpdwhbxv.net
82002,wittchen.com
82030,wfrdns.com
82049,wildshare.net
82142,wias-berlin.de
82173,wibki.com
82225,wacotrib.com
82243,wahl.com
82295,wjtv.com
82401,widgetbe.com
82452,wallboxapis.com
82467,wallsflow.com
82484,weelee.co.za
82487,wu.ac.th
82524,webuyanycar.com
82539,wedisk.co.kr
82590,winph7.com
82600,worldcosplay.net
82603,wordonfire.org
82631,winni.in
82685,worldsteel.org
82709,wisegrid.net
82811,wallet.google
82868,webme.com
82913,wpesvc.net
82993,waitst.com
83020,weather.go.kr
83071,wethrift.com
83092,well.pl
83116,walkmegov.com
83186,wielerrevue.nl
83233,wolfautomation.com
83255,wistia.st
83270,webteizle3.xyz
83293,whitefoxboutique.com
83347,ws168a6.live
83425,walmartmexico.com.mx
83449,worldartfriends.com
83457,whhjyxt.com
83458,wkdzik.pl
83462,wertinsaat.com
83485,weloma.art
83496,websitehk.com
83523,wellnestly.net
83524,wptavern.com
83540,wildberries.tj
83589,webcolegios.com
83601,www-y2mate.blog
83610,watchers.io
83673,withremark.com
83684,webreus.nl
83690,wwtrimbs.com
83712,winbetin.com
83736,wowktv.com
83807,whitecollarpost.com
83830,webgia.com
83836,wy.sk
83889,webwiki.fr
83923,webnode.ru
83936,worum.org
83950,willnet.ne.jp
84033,win101.bet
84041,worldcrunch.com
84107,watchfeed.tv
84175,wtransnet.com
84188,wboptim.online
84215,winworker.net
84291,wbrks.com
84324,webtoonempire-bl.com
84370,workers-hub.com
84377,warpline.com
84384,widencollective.com
84450,wynnresorts.com
84759,webcomics.jp
84760,webdentalsolucoes.io
84761,webprestador.com.br
84762,woflow.com
84763,www.gob.ec
84764,wwwak44.com
84814,watchluna.com
84974,webapps.net
84985,wissen.de
85211,warwickshire.gov.uk
85223,waffengebraucht.at
85276,www.ba.gov.br
85277,wazaelimu.com
85292,walb.com
85307,wexphotovideo.com
85362,westrock.com
85471,webskyx.com
85479,witanime.life
85513,winbd.app
85516,wuerth.com
85521,whenthen.com
85555,w5lww.com
85557,webitrent.com
85589,wcfcourier.com
85643,wwawvnm.cc
85662,webdpc.it
85680,whattirefits.com
85738,wemass.com
85742,webhosting-network-services.com
85816,whoscall.com
85858,washingtonconnection.org
85875,waldon.store
85907,writerscafe.org
85970,webhostingbuzz.com
86009,wakust.com
86032,wg-tunnel.com
86044,wisenetcloud.com
86103,wikimeglio.com
86122,workingadvantage.com
86133,whatdidheseehe.com
86149,webcontainer-api.io
86200,wbstraining.de
86236,wachanga.app
86296,wishct.io
86339,watchomovies.delivery
86359,winbd17.com
86364,weidmueller.com
86393,wikipedia.de
86415,woostify.com
86478,winwind-project.eu
86533,wembleystadium.com
86561,www.rj.gov.br
86562,wuxi.gov.cn
86587,watvmedia.org
86617,webfervor.com
86647,wongagames.net
86649,waptrick.men
86656,webconnex.com
86700,webalizer.org
86749,we-online.com
86794,wowne.ws
86855,walletme.net
86865,winbox88my6.com
86991,w7.cc
87016,wellcertified.com
87155,webedia-group.com
87179,w3.com
87189,walkoffame.com
87224,westmancom.com
87230,wikibuilding.org
87255,winbucks.co.zw
87274,webcontrive.com
87276,winbuzz.org
87284,webador.fr
87302,willand.com
87328,wetterprognose-wettervorhersage.de
87331,wind.ne.jp
87369,widener.edu
87389,webo.hosting
87409,wb2b.com
87423,websitehostserver.net
87457,wboy.com
87468,wateen.net
87542,wikilowdown.com
87577,webxseries.hot
87590,worldorgs.com
87652,webstar-electro.com
87720,wearcomet.com
87758,warnerbrosgames.com
87779,wiroos.com
87792,weldingnet.cn
87797,wosign.com
87799,wifi4all.it
87846,warhol.org
87849,webcore.cloud
87877,webhostingindonesia.co.id
87923,www.mg.gov.br
87961,wwin.ba
87979,wealthelite.in
87995,worldjusticeproject.org
87999,webvine.com.au
88031,winstakes.com
88042,wadavavv8u.com
88101,winzygame.com
88124,whsv.com
88252,wahedsex.com
88261,wsbetting.co.ls
88274,www.police.uk
88352,wata.pro
88451,worldphoto.org
88464,woonnet-haaglanden.nl
88504,wikiannouncing.com
88976,w9bet.mom
88977,w9qvg.com
88978,wab2.com
88979,wahanaartha.com
88980,walkaroo.in
88981,wayxbet.com
88982,wbifms.gov.in
88983,web-jong.com
88984,wepoll.kr
88985,wetafiles.com
88986,whskxk1.com
88987,win786.com
88988,winchile.com
88989,winpkr.app
88990,workvetweb.com.br
88991,wrogn.com
88992,www.com.tw
88993,www23win.com
88994,wwwa80.com
88995,wyqexbjs9b.com
89083,wsclh.cn
89099,worksafebc.com
89128,wallarm.com
89167,wago.io
89272,worldphone.in
89285,wellstore.it
89302,web-odakyu.com
89347,wohnberatung-wien.at
89389,wakayama.lg.jp
89398,westchestergov.com
89413,wunderflats.com
89430,websitesource.net
89443,wmbfnews.com
89457,waspnest.space
89490,wlns.com
89495,wikizilla.org
89528,weddingpark.net
89631,weather.mg
89683,win9999.world
89697,winmatch360.com
89814,woor.pl
89840,whatruns.com
89846,wimhofmethod.com
89875,wvw-y2mate.com
89926,wavlink.com
89997,www.go.gov.br
90035,winthrop.edu
90057,worldfree4u.dev
90079,webzilla.com
90086,wowturkey.com
90139,w2hosting.cz
90140,wigzopush.com
90169,wpsmail.net
90202,w12our.com
90260,wowtv.co.kr
90439,wastickers.me
90493,worldobesity.org
90500,webtar.hu
90505,wwf.org.au
90517,wavegolden.com
90552,warriorworld.in
90583,wkv-media.at
90626,wilsonlearning.com
90665,wnyt.com
90698,wilhelmsen.com
90762,wbtenders.gov.in
90776,woeve.com
90830,weshrak.com
90845,webyield.net
90853,wintorabc.com.co
90930,wehostwebserver.com
90967,webazilla.com
91107,w2bdy1.sbs
91208,wn05.cfd
91209,www-tk999.com
91240,wikiexcerpt.com
91344,wakyma.com
91368,wsi.com
91413,wavebluecollection.com
91433,wyre.be
91625,win222xzz33.com
91636,wielernieuws.be
91764,webvideocore.net
91776,wendyswantstoknow.com
91805,wikihearsay.com
91821,wsgjp.cc
91823,wolke.is
91824,weclapp.com
91842,websitebuilderexpert.com
91945,whatap-browser-agent.io
91961,wbcap.in
91963,willcc.net
91976,wecenergygroup.com
91986,wamiz.com
92016,wroom.ru
92019,wego.jp
92172,wati31620.com
92173,wlmgpszx.com
92174,wondercement.com
92191,wowboosters.com
92196,wika.com
92283,woolworthsgroup.com.au
92302,wekings.mobi
92310,weoinvoice.com
92320,we88affiliates2.com
92321,wbprms.in
92348,wiseman.ne.jp
92358,wvlt.tv
92389,wbjeeb.nic.in
92432,wordfeudwoorden.nl
92465,wtchemhb.com
92476,wieistmeineip.de
94758,w-moon.net
94759,wadahnich.com
94760,wajik88.name
94761,waktusolat.my
94762,walakatha.com
94763,walletnest76135651.com
94764,walletnest77062367.com
94765,warjackclassic.com
94766,warleg.ru
94767,wartank-vn.net
94768,wartank.net
94769,wartank.pl
94770,warunghoki88ww.com
94771,wasiatqq.info
94772,watcho.pk
94773,watersoft.com.np
94774,wbbus.in
94775,wbpms.in
94776,wbshiksha.com
94777,wealthtec.co.za
94778,weblis.com
94779,wecima.cx
94780,wellness-support.co.jp
94781,wenas.cl
94782,wessconnect.com
94783,wheelsoftrust.com
94784,whiteessence.clinic
94785,whs-saas.com
94786,wikwiknesia.store
94787,wildliker.com
94788,win379.com
94789,winbers.vip
94790,winbuzz247.live
94791,winclash.com
94792,winexch.pro
94793,wing888.cc
94794,winlootlive.com
94795,winstarexch247.com
94796,wise-way.tech
94797,wkeibaw.net
94798,wobyhaus.co.rs
94799,wolnihippisme.com
94800,wondd.com
94801,woorden.app
94802,wordfeud.help
94803,wordfeudhelp.nl
94804,wowpinay.cc
94805,wtflex.in
94806,wtgsmepdty.com
94807,wurthdobrasil.com.br
94808,wws8.com
94809,www.mygov.bd
94916,woostercollective.com
94926,websiteserverbox.com
94972,weau.com
95005,websitehome.co.uk
95008,watsons.com.sg
95029,wildberries.am
95030,weni.ai
95095,w3xcv.info
95097,wolverinedns.com
95152,webwiki.nl
95283,webmedxml.com
95306,wkp.io
95329,wistia.cloud
95333,worldtimezone.com
95344,woozworld.com
95389,witbooking.com
95429,webwiki.co.uk
95443,wettbasis.com
95458,worldlii.org
95464,wowrack.com
95518,weltwoche.ch
95526,wradio.com.co
95530,worth1000.com
95548,worldwidewords.org
95588,wbsc.org
95603,wifitalents.com
95629,webunlim.com
95658,websearchapp.com
95678,whereismytrain.in
95751,wbidder09042026.com
95777,wesa.fm
95795,wcpss.net
95804,woodmagazine.com
95839,worldoil.com
95849,wilmingtontrust.com
95871,wspbx.com
95934,warnermedia.com
96156,wilton.com
96204,walink.co
96213,wayforpay.com
96219,waveform.com
96226,worldspice.net
96228,werkspot.com
96279,webcas.net
96294,wikiexpression.com
96305,world-arabia.com
96335,wcti12.com
96584,wolfstreet.com
96654,wikifeqh.ir
96661,whappsflyer.com
96712,whistler.com
96717,winemback.com
96834,wacker.com
96842,wizensbuphaga.shop
96851,webrate.org
96854,wincomparator.com
96930,wogaa.sg
96974,wake.gov
96999,weblancer.net
97026,wall-street.ro
97050,webhosthk.com
97062,wenku365.com
97076,wvtm13.com
97083,webcamp.fr
97089,wave.video
97093,weltfussball.de
97106,webwasher.com
97117,watchfinder.com
97231,whizti.com
97285,wpad.net
97304,wootly.ch
97309,wi-fi.click
97361,welcomeitalia.it
97387,wppsn.com
97421,waterfootprint.org
97490,wegottickets.com
97513,want.nl
97532,wsdot.com
97545,wemade.games
97582,wikifur.com
97607,wwf.fr
97608,wikilinksnews.com
97631,wy903.com
97666,whplanet.com
97678,web2002.net
97679,windeurope.org
97683,wallst-journal.com
97700,wikimidpoint.com
97718,wikibingo.co.uk
97755,wikiaves.com.br
97769,whoiscall.ru
97852,wargamer.com
97876,wondtycoon.com
97936,wikiconversation.com
97963,wisetail.com
97968,webhitlist.com
97978,www.gov.pt
97983,widgetbot.io
97996,wjbf.com
98037,wsaw.com
98038,waterloggedkind.com
98154,wbtw.com
98191,wabtec.com
98215,watchdocumentaries.com
98339,winawincasino.org
98351,www.gov.sg
98352,weverseshop.io
98360,windstarcruises.com
98407,wowvegas.com
98417,women.com
98427,webformscr.com
98496,wiki-cms.com
98516,we.bs
98522,whiteboardfox.com
98533,wojsko-polskie.pl
98556,wikicommunications.com
98557,wellmark.com
98652,wbind.com
98702,whois.net
98765,wildflower-bistro.com
98773,wikimillions.com
98794,web-ster.com
98831,wondery.com
98855,whiplashapi.com
98858,wsf-e-loreal.com
98926,wxs.nl
98935,web3dev.group
98979,wd-ret.io
99049,w3resource.com
99080,wpcode.com
99093,worldsedgelink.com
99110,webjet.com.au
99191,wtrf.com
99208,webmonkey.com
99235,wallpapersden.com
99302,worten.es
99323,wizarview.com
99355,wkow.com
99399,wdwinfo.com
99408,weba.ru
99411,weltbild.de
99436,wingo.ch
99445,wemakeit.com
99476,wikikarts.com
99533,wuling.id
99646,wpthemespace.com
99668,wikigiogio.com
99700,wikireading.ru
99717,wondercv.com
99765,wedbush.com
99767,wafflehouse.com
99797,wnl.tv
99824,web-experts.at
99855,wxhcai.com
99860,wikipowell.com
99907,woll-haus.de
99930,westcall.cloud
99977,werf.io
99979,websurfer.com.np
100001,wag-static.com
100057,whhybzytl.com
100080,winstonchurchill.org
100081,webrankinfo.com
100136,widgetlogic.org
100236,wysistat.com
100244,wyborcza.biz
100293,wktrns.com
100295,wbamedia.com
100299,wickr.com
100302,wavin.com
100306,winternovus.com
100342,whichcar.com.au
100344,wellsoft.pro
100376,watchesandcrystals.com
100464,westsussex.gov.uk
100477,wikifx.com
100628,wm.net
100659,wallpaperdirect.com
100674,wsbridge.com
100703,wxnord.com
100762,wggos.com
100863,weward.tech
100957,weillcornell.org
100994,webtrafficsource.com
101022,w3w.de
101089,wilix.dev
101090,w-495.ru
101126,wp-migration.com
101132,west-hoster.by
101154,wolftv.online
101156,webcartop.jp
101164,wikibestproducts.com
101180,wafbone.com
101185,way.com
101187,websmatrix.com
101273,wcsu.edu
101284,watersoul.com
101382,wonderbly.com
101407,waka.vn
101428,websosanh.vn
101439,wibmo.com
101469,werkzoeken.nl
101471,wildundhund.de
101540,watcho.com
101548,widgetic.com
101551,wsdlb.com
101553,winnipegsun.com
101573,woltlab.com
101581,wheelio-app.com
101582,wikiconverse.com
101597,wxjytcjy.com
101619,wikilima.com
101673,whisky.de
101693,whatclinic.com
101712,work-zilla.com
101779,worldoftrucks.com
101780,webbankir.team
101794,webscorer.com
101813,williamsf1.com
101876,wikiannouncement.com
101895,wsod.com
101900,wowprogress.com
101914,willemsefrance.fr
101923,w4rserver.com
102074,workman.co.jp
102077,whost.pro
102151,webspezi.com
102164,winsupersite.com
102173,webgearstudios.com
102211,webdiscount.net
102264,wadax.ne.jp
102270,wt6cdks.com
102279,wapt.com
102344,wwnytv.com
102355,worldsoccershop.com
102377,weremember.com
102440,windrose.support
102567,webnovelvip.com
102598,warpcast.com
102622,wonderproxy.com
102637,wpu.sh
102710,whitecoatinvestor.com
102799,weatherxm.com
102811,wirkaufendeinauto.de
102827,wattups.com
102862,wikistatement.com
102925,wpushorg.com
102979,wechall.net
102999,weddingwire.in
103090,weky.live
103127,wabi.tv
103162,wizybot.com
103167,warringtonguardian.co.uk
103240,wikififfi.com
103264,weathercloudapp.com
103306,whistlerblackcomb.com
103324,wvhired.com
103340,worldcoin.dev
103346,wgbos.com
103358,wx.hk
103424,webpresenceworld.com
103441,watsons.com.my
103455,wreathsacrossamerica.org
103494,webcamtaxi.com
103498,wprov.net
103522,wingsdatabase.com
103563,wnct.com
103589,windev.com
103628,web-studio.co.uk
103648,wartaekonomi.co.id
103650,williamhill.it
103704,whitestuff.com
103775,websta.me
103790,wendoc.com
103861,wsgc.com
103928,wtware.ru
103952,wakemed.org
103966,wildcasino.ag
103991,we-energies.com
104069,wikinarration.com
104074,wikiwix.com
104105,wiserreview.com
104114,windiggers.org
104164,wujisite.com
104165,worrydream.com
104179,weburbanist.com
104192,wsowk2940637fafa.com
104228,wearegreenbay.com
104281,worldnow.com
104293,web-host.ro
104312,websiteseguro.com
104323,wikicorrespondent.com
104371,weex3.com
104395,wavedream.wiki
104428,w2i4ckets.xyz
104479,weltfussball.at
104519,warnerrecords.com
104535,whatismyip4.com
104539,wix-code.com
104617,webriti.com
104681,wikiadvocate.com
104707,wikidank.com
104795,wargamings.net
104797,wmboard.net
104799,wtvm.com
104805,whs.ee
104873,webwiki.ch
104884,wholepagecache.com
104896,webnode.hu
104917,wmcdpt.com
104947,worldgymtaiwan.com
104966,wialonlocal.online
104972,westend61.de
104984,watch4.com
105017,wineonlinedelivery.com
105050,wallstreetprep.com
105081,webwiki.it
105194,webredirect.org
105200,wfae.org
105208,wolvesville.com
105218,weedge.in
105261,wikiitemization.com
105274,werder.de
105294,wicz.com
105304,weitechina.cn
105322,weareplanet.com
105331,weeecdn.com
105418,wikievia.com
105425,widget-club.com
105452,warmadewa.ac.id
105469,wwoof.net
105533,wlct-one.de
105720,wordofmouth.com.au
105796,wolves.co.uk
105815,wordart.com
105866,wywrd.com
105940,wickedwhimsmod.com
105945,wuxiaworld.site
105947,wwf.it
105976,weasyl.com
105993,whitebird.io
106032,withflowersea.com
106060,westexwiki.com
106061,wikidirective.com
106168,windscribe.dev
106208,whiterabbitmegaways.com
106214,wszystkoociasteczkach.pl
106235,wishlistr.com
106246,winpcap.org
106255,wkanx.com
106332,web.com.ph
106350,wpdigital.net
106404,web-log.nl
106408,wohnglueck.de
106433,wfyi.org
106442,wk.net
106454,wuyty.com
106524,whoer.com
106532,waliot.com
106549,wjhg.com
106565,webhostmost.com
106646,welltastic-app.com
106671,wochenblatt-dlv.de
106692,waviot.ru
106833,wellsfargo.net
106842,wiescirolnicze.pl
106926,wlprog.com
106949,wruser.org
106971,wilkes.edu
107011,wntyru.com
107014,wkhtmltopdf.org
107068,weka.io
107069,wishpond.net
107073,wikipresses.com
107111,woof.group
107163,wjcl.com
107224,wonderbox.es
107231,wolterskluwer-online.de
107245,witweb.ch
107255,wikiland.org
107264,wessamstudio.com
107266,wuyou.net
107270,wildfiregames.com
107306,wasap.my
107325,wanesy.com
107359,widhost.net
107391,wmf.org
107443,wowstream2.cloud
107449,worleyscider.com
107515,wowstream.cloud
107547,weebrook.com
107565,w3hub.biz
107580,watchcharts.com
107616,whatbeatsrock.com
107652,warheroes.ru
107657,warnerbros.co.uk
107659,waktusolat.digital
107700,wicopyarkab.shop
107722,wanamaroc.com
107734,wikem.org
107739,walbusch.de
107746,weex168.ru
107750,weltrade.com
107784,wikienlightenment.com
107828,wikipublicist.com
107860,wscncdn.com
107870,worldaquatics.com
107911,wpshout.com
107923,wowhr.kz
107959,webook.com
107967,wsrk.com
108003,wcjb.com
108029,whitepages.com.au
108059,wisharcbuilder.com
108061,which.one
108064,westfield.com.au
108075,westat.com
108089,waemok.co.kr
108123,www.gob.cl
108129,wowperu.pe
108132,worldarchery.sport
108156,wst.tv
108189,wisetechglobal.com
108248,wetterkontor.de
108260,weddingchicks.com
108290,wompi.co
108302,weward.fr
108398,works.com
108469,webeden.co.uk
108477,wwt.org.uk
108531,wettzo-casino.net
108543,webmaker21.kr
108623,wuxishenkang.com
108679,waa2.com
108684,wedotv.com
108720,wikifab.org
108776,wranglerforum.com
108810,whittierdailynews.com
108836,wdr2.de
108870,weisscasino.io
108896,whauvegrimes.cyou
108981,whisky.com
108986,worldofgothic.de
109006,webmonitorx.ru
109051,whizeo.com
109070,winna.com
109105,weblink.com.au
109137,wpnsrv.com
109148,wwqai2940637fafa.com
109156,waeconline.org.ng
109162,watson.com
109183,webd.pro
109220,webfoundation.org
109224,wuerzburg.de
109265,wforwoman.com
109311,woticorp.com
109316,wwechampions.com
109317,whizzco.com
109322,windsormetalbattery.com
109323,workblaze.com
109403,well-dns.com
109415,wikimili.com
109466,woxikon.de
109475,wearedevs.net
109497,wfonts.com
109512,wikitron.com
109555,wikidat.com
109583,warszawawpigulce.pl
109599,whsk.cn
109672,wealthcharts.com
109687,wpdownloadmanager.com
109716,wiki-jp.com
109728,webfdm.com
109740,windowsanddoors-r-us.co.uk
109754,webinar.net
109783,webhallen.com
109886,wikiinside.com
109902,wisdm.network
109969,wiwdata.com
110010,weezermusica.com
110048,westservers.net
110091,wesped.com
110157,websiteoutlook.com
110163,wow-europe.com
110191,watsons.com.hk
110192,wydns.net
110234,wcia.com
110275,wd6.net
110293,webprotect-eu.goog
110305,wikisona.com
110328,wpdns.ca
110363,wetgif.com
110365,wfxtriggers.com
110399,web66.com.tw
110413,wkicneauto.com
110438,wm.ru
110499,webair.net
110517,wmfish.com
110538,webmailer.de
110574,webterren.com
110592,whatfinger.com
110598,winmerge.org
110613,whitepagescanada.ca
110618,wisdomtree.com
110621,wktransportservices.com
110648,wine.com.br
110692,weixiumq.com
110740,whitedocvrs.ru
110763,webmetic.de
110768,wcdnflare3.com
110815,wiseleed.com
110902,wieuc.com
110908,widgetbox.top
110955,wxnz.nz
111031,week.co.jp
111052,wpexplorer.com
111065,wikiparticularization.com
111092,woaitutu520.com
111111,workingnomads.com
111132,westanice.qpon
111136,win.be
111150,webonline.biz
111207,wildblastercasino.org
111332,wsava.org
111362,windowbook92.com
111387,wysokieobcasy.pl
111453,westbengalssc.com
111462,weiserver.net
111471,welovebudapest.com
111473,wikigop.com
111500,wdc.studio
111526,wesoftpro.com
111549,whatismyip.org
111576,wwaytv3.com
111630,weatherford.com
111669,wosp.org.pl
111671,witness.ai
111673,webcake.io
111678,weenect.com
111688,wolnelektury.pl
111784,wbiao.com.cn
111788,wavii.com
111897,wise.edu.jo
111940,webhost.pro
111965,wd.bible
112010,wanbaotv.com
112055,wgxa.tv
112056,whitenet.online
112086,wiesbadener-kurier.de
112089,wegive.co.kr
112111,woodstocktel.net
112123,wavedns.net
112124,winz.io
112211,worldplaces.me
112304,web-greenbelt.jp
112340,web3dev.ru
112345,worlddancesport.org
112348,wako.ac.jp
112351,waf.abb
112353,wikifrontier.com
112369,wconcept.com
112384,woolworths.media
112408,winandshine.asia
112428,warofdragons.com
112438,wgiftcard.com
112485,webhop.org
112490,webador.de
112506,wanderlogstatic.com
112573,websitesetup.org
112633,way2news.co
112643,whattimeisit.com
112700,wap.vn
112703,wild-casino.com
112733,wantedbabes.com
112793,wikitidings.com
112802,worldwaterday.org
112807,wzweizhi.com
112843,withinhours.com
112901,whoapp.live
113013,windows2universe.org
113045,whefi.com
113075,wissports.net
113081,winxdvd.com
113082,webcrow.jp
113118,webhost-ing.com
113124,webwave.dev
113176,wondercanvas.com
113183,webnode.nl
113223,wifisystem.ru
113241,weathertab.com
113268,wavecable.com
113277,whatifops.com
113285,wootware.co.za
113367,womenslaw.org
113392,wstack.net
113427,weborama.io
113449,wikicommunication.com
113450,wenzhou.gov.cn
113461,watfordobserver.co.uk
113476,whitehatgaming.com
113525,wormbase.org
113527,wolfspeed.com
113691,wyzie.io
113709,wikisky.org
113710,web-et-solutions.com
113777,whatsform.com
113814,wikinstructions.com
113909,wan-ifra.org
113931,wordsmarts.com
113966,wilderness.org
114019,wwhardware.com
114033,whispersystems.org
114057,whb.cn
114107,www.jus.br
114115,wni.com
114117,wsbradio.com
114118,websitetoolbox.com
114140,weyerhaeuser.com
114257,whocanivotefor.co.uk
114278,wayang88.io
114355,wsbetting.com
114415,wettzo.io
114427,wifr.com
114596,web3modal.com
114600,webtribunal.net
114608,wzgm168.com
114680,wotheat.com
114713,wneducation.com
114752,whole-dog-journal.com
114765,webhostingserver.nl
114781,wishm.network
114791,wdsspr.ru
114915,wonderkingwiki.com
114954,wassermann.online
115067,wdqn1000y.com
115093,wapbold.com
115115,whxmsd.com
115125,wilkinsonsupplyco.com
115187,withpronto.com
115260,washtec.com
115292,wilsonart.com
115326,wadiz.kr
115377,watcher.guru
115413,wimo.com
115414,wisernotify.com
115444,weatheroffer.com
115475,wshuw.net
115482,wordfly.com
115521,wehearfm.com
115530,woonsocketcall.com
115550,webhuset.no
115557,worldwealthbuilders.com
115614,walkfree.org
115655,wtt.net.hk
115729,wxsdgz.com
115792,wyndham.com
115793,webh.cloud
115817,websolutions.it
115834,wirelesslogic.com
115846,webprato.it
115854,whitenoise.one
115855,win90.win
115999,wellaray.com
116006,wizardsdev.com
116060,www.rs.gov.br
116121,webdsn.net
116130,wikinewspaper.com
116165,wenext.technology
116330,webcloud.es
116380,worldtribune.com
116382,watchnet.com
116391,webimhosting.com
116396,wradio.com.mx
116437,watchfinder.fr
116564,webbtelescope.org
116589,walmartimages.com.mx
116655,wikispooks.com
116718,webshare.cz
116726,weer.nl
116739,wildfly.org
116804,wascript.com.br
116869,wonderwall.com
116889,webtoffee.com
116910,wabei.cn
116920,waynode.ru
116931,webuy.io
117002,wojiazongguan.cn
117059,websitepridecounseling.com
117108,wienerborse.at
117129,wessex.cloud
117189,whshost.com
117190,wbenc.org
117199,windermere.com
117253,whro.org
117298,wanf.cn
117299,wineuropa.it
117315,wanteeed.com
117341,workers.org
117370,wazdan.com
117375,wiku.net.cn
117380,webhostface.biz
117408,wcom.net
117441,wvxu.org
117445,water.blog
117461,wintek.com
117466,wikibriefing.com
117521,whfangtian.com
117539,wrestleplay.com
117543,watchmegrow.com
117559,wsiph2.com
117600,wikieducator.org
117666,wholewell.online
117679,webike.id
117715,whamcloud.com
117760,wikirecognition.com
117762,webshturm.ru
117787,whitewall.com
117789,wregi.com
117792,websitecname.cn
117793,wemove.eu
117820,windesheim.nl
117831,welcomepickups.com
117854,www.to.gov.br
117856,water-link.be
117864,wickmedia.net
117984,wallinside.com
118007,webbeds.com
118042,warian.net
118048,whereorg.com
118163,waafi.com
118191,wikiworldstock.com
118221,wikissl.com
118237,wiautomation.com
118249,wildfortunecasino.net
118253,webextension.org
118272,womensmarch.com
118280,webupd8.org
118315,wanted.co.kr
118351,wpush.org
118381,wizrocketmail.net
118401,wikibuysell.com
118412,workpuls.com
118414,www-winpot.com
118416,wovnio.com
118421,wpelemento.com
118488,wkbrowser.com
118513,whisker.com
118517,wallbox.com
118526,wenxi8.com
118613,wind.com.do
118634,womentech.net
118643,whitelabeldomein.nl
118699,winworldpc.com
118702,wyebot.net
118706,wnl.net
118769,www87hg2.cc
118776,why3s.cc
118807,wigantoday.net
118845,wox.cc
118906,worldcoinindex.com
119748,warga123fav.com
119749,waruguchi16.jp
119750,wawasansekali.com
119751,wbbsedata.com
119752,wbmdfcscholarship.in
119753,wcozixbrst.com
119754,webga88n.com
119755,weblongrich.com
119756,webmaal.info
119757,webxseriess.net
119758,wftoon213.com
119759,whootcham.net
119760,wibawaanugerahtoto.com
119761,winadda.live
119762,winadda.pro
119763,wingexch666.com
119764,wlnzy15502.com
119765,wo9mup89.com
119766,wocabee.app
119767,wong87-hoki.com
119768,wow33a.skin
119769,wowpk1.com
119770,wsdetran.pb.gov.br
119771,wwii.one
119772,www.pe.gov.br
119773,wyhg3q4z.com
119774,wystawy.net
119819,weaviate.io
119825,wealthygeezwell.com
119829,wikilentillas.com
119868,wangsongyang.com
119909,welive.mobi
119929,webike.tw
119986,whiskeyriff.com
119990,whiteblaze.net
119993,wbal.com
120000,wonderchef.com
120001,webmproject.org
120003,wrmu3ilxn.com
120033,wikidocs.net
120077,windstreamhosting.biz
120122,wilderssecurity.com
120141,wowonder.xyz
120148,wrenkitchens.com
120196,wwf.ch
120223,webramz.net
120244,winmenetrend.hu
120365,wiw1.ru
120382,wikipedia-on-ipfs.org
120417,wikiapiary.com
120456,weave.works
120475,wyoleg.gov
120492,whatismyipaddress.ru
120501,walletlink.org
120548,wjactv.com
120620,w3w.info
120654,weilaicehua.com
120672,wellable.co
120691,wxxyby.net
120722,westernmassnews.com
120769,wroclaw.sa.gov.pl
120800,wnem.com
120836,wordstrivia.com
120860,wcipeg.com
120886,worldtravelguide.net
120990,whitepress.com
121036,wealth.com.tw
121039,worldanimalprotection.org
121083,westerntc.edu
121091,webdock.cloud
121115,wego.co.id
121116,walk-fit.io
121134,wtcmoscow.ru
121142,wikitelevisions.com
121178,wsdata.com.br
121203,worldwinner.com
121206,wimg.jp
121223,wayranks.com
121246,worldmetrics.org
121259,worldwarheroes.com
121286,wpmailsmtpapi.com
121376,wetraining.com
121392,windowsitpro.com
121411,wireless-tek.com
121413,webcomum.com
121417,webisgroup.ru
121440,whskbl.cn
121447,webadorsite.com
121456,wallstreetzen.com
121457,webbikeworld.com
121478,we-love-the.world
121595,weissratings.com
121654,wordow.com
121687,wiredcast.com
121707,weekendersportswear.com
121747,webgarden.cz
121802,welthungerhilfe.de
121826,whypkg.cn
121880,wndsw.org.cn
121951,washingtonsblog.com
121961,wibilong.com
121977,watsons.com.tw
121996,worthplaying.com
122015,wildblue.net
122025,wavu.wiki
122040,wklrmxhwl.cc
122042,wwrk.co
122158,warentuin.nl
122178,whoisxmlapi.com
122211,weatherandradar.in
122228,wccbcharlotte.com
122250,watts.com
122284,wabash.edu
122319,wdam.com
122365,widex.com
122369,wesingcdn.com
122377,wzu.edu.cn
122400,webcepet.com
122428,wiki-racconti.com
122463,whizz.com
122510,wenext-resource.chat
122518,webdevforums.com
122535,wwno.org
122554,webtechsurvey.com
122558,weekendmaxmara.com
122589,wtdjvpgm.cc
122599,wiki34.com
122674,wazirx.com
122687,wornex.com
122706,wit.com
122720,wordfind.com
122839,waylandgames.co.uk
122870,wbu.com
122891,wikijm.com
122976,wiki3.jp
122992,wobcom.de
123034,worldssl.net
123053,wzkaitu.cn
123056,wikiap.com
123082,wendangku.net
123088,world-pro.co.uk
123111,wizzleplonk.com
123183,wvls.org
123219,wpsdlocal6.com
123222,wonderclub.com
123283,wtturl.cn
123348,wifi.id
123370,wenkub.com
123375,weolbu.com
123381,wwwart.com.au
123395,wtfpod.com
123413,whitespark.ca
123446,wanwang.xin
123451,wideopenspaces.com
123452,wananchi.com
123572,warp.net
123574,wwf.fi
123585,worksoloapp.com
123642,w3id.org
123680,wikigdia.com
123718,webtexts.com
123817,wapakdailynews.com
123874,wikibyby.com
123914,wirtschaft.nrw
123923,wkkellogg.com
123934,wmflv.com
123990,watts-online.jp
124023,webcompanion.com
124039,webspring.se
124061,werkecdn.me
124063,webstats1.com
124067,windirstat.net
124115,workweargurus.com
124119,whkf.net
124158,wikiusnews.com
124180,what-song.com
124239,wiris.net
124253,wfgcs.cn
124255,wservices.ch
124281,wandtv.com
124284,webdehasi.com
124289,worthcloud.net
124292,wetel.ru
124293,webkitty.eu
124365,wowma.net
124410,worldwebs.com
124419,wizebot.tv
124431,wild-2pm.com
124492,wincor-nixdorf.com
124496,warehousestationery.co.nz
124650,wearebraindead.com
124688,wogibtswas.net
124690,wrytin.com
124696,wdio.com
124723,woodmancastingx.com
124729,webhostingireland.eu
124735,wurstclient.net
124766,winc.com.au
124774,welligent.com
124835,whattowatch.com
124878,worldrefugeecouncil.org
124885,wikifunctions.org
124889,wild.link
124906,whatismycountry.com
124916,wqxr.org
124970,wtftrackr.pw
125011,wageindicator.org
125018,wainet.ne.jp
125020,whatismyip.network
125047,way-nifty.com
125090,wandsworth.gov.uk
125157,wana.com.cn
125177,wavebid.com
125182,weavervalleycc.org.uk
125238,waaytv.com
125249,w.tv
125295,werk.nl
125428,wolf.eu
125440,wuwm.com
125457,www.gov.me
125485,wikidiff.com
125527,wpscan.com
125562,wettergefahren.de
125602,widgetbox.com
125603,washk12.org
125604,whizolosophy.com
125640,wepay.com
125643,wink.ai
125700,werbezeichen.de
125704,wirexapp.com
125719,whc.ir
125807,whatismyip.net
125820,webnode.pt
125872,writeswonder.com
125897,webspawner.com
125920,waketech.edu
125999,wra.gov.tw
126108,whocalledmeuk.co.uk
126114,worldenergy.org
126168,writable.com
126169,wonder.inc
126192,wpmanageninja.com
126244,writefull.com
126281,wolfplaygame.com
126307,wedonthavetime.org
126308,welove-eyes.com
126328,wghaos.com
126331,washcoll.edu
126368,wafuu.com
126384,wilottery.com
126438,wildwestdomains.com
126525,winbuzzer.com
126552,wb-ookura.com
126577,webserver.pt
126585,waicore.com
126606,wyxgcc.cn
126675,webcamstats.com
126700,whosnumber.com
126730,woom.com
126792,wurth.fr
126797,wowslider.net
126810,wikirby.com
126828,whatismyip.li
126838,wrs.it
126854,whitecap.com
126858,when2meet.com
126878,whisper.sh
126894,wallpaperengineapi.com
126897,webcammictest.com
126919,wikimonde.com
126920,withyoutube.com
126932,wsglb0.org
126960,westbahn.at
127026,wegow.com
127047,wpdis.co
127049,webcamsdemexico.com
127078,woniu.com
127097,weisser-ring.de
127118,wtfast.com
127168,watsonrealtycorp.com
127174,www.com.ar
127195,wmpvp.com
127209,wtlhf.com
127284,wiesenthal.com
127298,wearejolies.com
127302,winestreet.ru
127358,webmercsedge.com
127439,world-today-news.com
127461,whatech.com
127471,walthers.com
127475,windowsteamblog.com
127510,westcon.com
127524,wendangzhan.com
127564,webevi.com
127595,wom.de
127622,webcamera.pl
127628,whatuni.com
127652,world-tt.com
127663,wenatcheeworld.com
127739,webselfstorage.com
127748,womanhit.ru
127755,wrestlingheadlines.com
127756,win-source.net
127884,wku.ac.kr
127952,winehq.com
127965,weroad.it
128017,wvumedicine.org
128035,worldstopexports.com
128041,webestgame.com
128042,westlothian.gov.uk
128049,wood-database.com
128119,worldagroforestry.org
128145,wentflying.com
128180,web-zaim.ru
128207,worldfinance.com
128224,withfloats.com
128228,wpdns.com
128245,whedtbyfw.com
128267,wong.pe
128280,wreducacional.com.br
128339,weimob.com
128369,wfsu.org
128370,www.uz
128375,wolflair.com
128426,wts.chat
128502,wiltshire.gov.uk
128521,worldbankgroup.org
128540,wazap.com
128585,waptap.com
128592,waterfrontallservices.net
128645,wunderino.de
128699,wildberries.kz
128895,whyp.it
128917,wearedevelopers.com
128930,winsite.com
128950,wpbeacon.io
129002,warema.de
129029,wizaly.net
129223,wowhd.co.uk
129249,w3cschool.cn
129269,webask.io
129297,worldspecies.org
129311,wpkoi.com
129325,winona.edu
129362,wikiital.com
129364,wikicasa.it
129389,westernaustralia.com
129394,wds168.cn
129444,wllvnzb.biz
129455,wimpmusic.com
129510,wmt.digital
129520,www.gov.co
129536,who-liked.com
129561,wrbl.com
129598,world4you.at
129613,womensecret.mx
129648,warkcdu.biz
129721,wabcradio.com
129724,wrkdns.com
129820,wvstateparks.com
129827,wikikali.com
129839,whjovd.biz
129845,wintop1225.com
129893,wheeldecide.com
129913,wow-petopia.com
129993,worldofwallpaper.com
130018,wienmuseum.at
130024,whatismyip-address.com
130048,wwwhost.us
130084,we88tth5.com
130091,wluwplyh.biz
130105,winparts.be
130121,wo87sf.com
130154,wonde.com
130169,wortmann.de
130254,wikijournalist.com
130258,wxxinews.org
130302,weatheronline.in
130305,weclix.com.br
130384,wall-art.de
130405,wittich.de
130427,wtm.com
130519,webbb.me
130529,wera.de
130573,wavecell.com
130584,wtfdofnoku2s4gn61ub.info
130600,weightwatchers.de
130664,wisesavings.com
130672,wanpilu.com
130747,wiki.gallery
130775,wonder.legal
130779,wneibbxa1.vip
130780,whizzcart.com
130839,wikiarchives.space
130852,windpoweroffshore.com
130861,westinghousenuclear.com
130907,wwf.org
130978,wit.ai
131022,wbiw.com
131063,worldrowing.com
131089,w0wtrackex.com
131152,whydonate.com
131180,windowsforum.kr
131187,wonderasian.com
131225,wws-gs4.com
131244,webtu.ru
131289,weelifeapp.com
131308,worldarchitecture.org
131333,webitechhost.com
131412,wpbpl.com
131427,wrestling-infos.de
131455,weinsteinpharmacyhawaii.com
131474,west.com
131479,willys.se
131502,wayndata.com
131516,widerangephoto.net
131517,weatheronline.pl
131527,wordcrush.net
131549,walmartmobile.cn
131552,whoisamy.shop
131570,weerwoord.be
131623,witas-minden.de
131628,wowdb.com
131637,woz.ch
131721,wolford.com
131736,westheimerplumbing.com
131816,wolverineworldwide.com
131886,worldpokertour.com
131896,wupperinst.org
131918,watad.me
131933,wuqinlawfirm.com
131937,webscte.co.in
132008,webpass.net
132014,wxb.com
132029,wevsy.com
132037,whpu.edu.cn
132064,winsim.de
132123,wukihow.com
132150,wikwik.org
132161,wysiwygwebbuilder.com
132286,wnypapers.com
132289,wowwiki.com
132302,webautocats.com
132405,wbs.ac.uk
132445,worldcancerday.org
132462,wildrobins.co.at
132512,worldlifeexpectancy.com
132593,watchdishtv.com
132616,wetteronline.ch
132645,workfoliohub.com
132692,wphoot.com
132712,websitebox.com
132804,wtxl.com
132932,wispbyte.com
132938,wirtgen.tech
133049,wiproy.com
133124,wpad.com
133141,webqd.net
133215,winvest.tw
133260,widewalls.ch
133301,wapedia.mobi
133310,wust.edu.cn
133324,webmo.net
133332,wfrd.ru
133352,waterwheelgifts.com
133390,webvilles.net
133409,wxzkcloud.com
133421,wallarm-cloud.com
133439,whiszerver1.hu
133488,wordstime.com
133498,worley.com
133508,weezeronline.com
133543,wiki-velo.win
133545,wanrongzhineng.com
133555,wpath.org
133572,wallstrank.com
133600,wispro.co
133619,webgorod.ru
133621,wigzo.com
133666,webserv24.com
133738,web-stat.com
133761,wrm.org.uy
133766,wiris.com
133767,wetdreams.io
133798,whu.edu
133819,wordgenius.com
133848,web-platform.io
133952,whgi.net
134052,wotblitz.eu
134105,wshost.net
134128,welkoop.nl
134159,wendangwang.com
134259,wibuku.app
134334,wasteconnections.com
134437,word2mouth.com
134476,wehost24.com
134477,wikivpn.ru
134488,wildsinospin.com
134493,websbkt.com
134510,wpnetwork.eu
134515,web-view.net
134614,werkaandemuur.nl
134643,wowfmofficial.com
134644,wannonce.fr
134866,where-e.com
134890,whitefoxboutique.com.au
134948,weekendgetaways.us
134979,whattomine.com
135000,woopeedoopcmwhrs.xyz
135024,whypn.top
135069,whichbudget.com
135124,webframez.com
135155,watson.org
135231,wirralglobe.co.uk
135242,willowvoice.com
135279,wropo.com
135283,wcderac.com
135288,workwise.io
135306,washingtoninformer.com
135324,weihong.com.cn
135339,wangmeng.online
135406,wwz.com
135428,weddingwire.ca
135454,wizbii.com
135469,webike-cdn.net
135473,woodberg.de
135545,whonix.org
135575,webkinz.com
135612,widdimo.tech
135637,whatpercentcalculator.com
135641,wi.net
135656,wifi.com
135707,weerverteller.nl
135719,washypache.cc
135758,worldcam.pl
135769,wienerit.ru
135806,wordmint.com
135814,wagingnonviolence.org
135821,web-solutions.eu
135843,whoson.com
135865,wajik777.software
135888,washoecountylibrary.us
135910,warhammer-empire.com
135951,watsons.co.id
135968,w3host.hu
136031,wiredforchange.com
136055,whirlpoolparts.com
136088,warema.com
136097,waterworld.com
136108,winotacasino.net
136135,workshop-email-content.com
136171,wadhefa.com
136193,waybackmachinedownloads.com
136197,wacoal-america.com
136331,worldquantbrain.com
136359,wiglove.com
136366,waag.org
136375,wellsfargojobs.com
136399,weekendnotes.com
136411,worldcam.eu
136412,world-content-2.com
136462,w88hoh.com
136490,webhosted.net
136512,wiscnews.com
136633,walkerland.com.tw
136696,wetpussygames.com
136805,woblink.com
136809,w4dsukses.com
136834,wipfli.com
136840,worldcrisis.ru
136878,watchwhatwhere.com
136884,wetter.at
136954,winbuzz.com
136973,wpl.host
137000,wob.com
137017,women-rock.com
137064,wyrazy.pl
137069,wheelofgold.com
137081,weboutride.com
137129,wallspic.com
137163,wifx.net
137196,washingtontechnology.com
137224,wildixintegration.eu
137293,wordfeud.com
137337,weebls-stuff.com
137373,worldcom.ch
137400,wasu.cn
137433,wrshealth.com
137517,wgwz8.com
137528,wetmet.net
137587,wtvy.com
137604,wochenblatt-reporter.de
137615,wellscdn.com
137638,waveoncloud.com
137659,whro.net
137692,www.altoadige.it
137709,wifi.at
137721,wallacecollection.org
137725,we-dare.net
137778,wwwck-444.com
137789,wagner.edu
137804,web-comp.ru
137823,world-art.ru
137857,wtov9.com
137888,well.co.uk
137892,worldmonitor.app
137904,wdef.com
137926,whitelabelwebpanel.com
137927,westlakefinancial.com
137931,websrvcs.com
137933,weblinkconnect.com
137935,whistleout.com
137948,white.market
137976,webmdhealth.com
138020,worldcdn-beta.net
138073,wypr.org
138166,withlocals.com
138197,warriortrading.com
138200,wl500g.info
138212,wranglertjforum.com
138219,worldvaluessurvey.org
138228,www.gov.ph
138270,weil.com
138271,wicyjoa.com
138275,westwoodcc.online
138301,wethepeopleholsters.com
138853,w-rental.co.kr
138854,wajikslt.kitchen
138855,wang19.org
138856,wdsd.net
138857,webappbazaar.com
138858,weflare.it
138859,weiwei168.online
138860,wellsport-club.com
138861,whereismytrain.org.in
138862,winpkr95.com
138863,winzaa.club
139467,w2d5p6l.com
139468,w4x7t2r9.com
139469,w4x9y7k.com
139470,w6d9m2t.com
139471,wahesa.com
139472,waktogel.cyou
139473,waktogel.win
139474,warpfootball.com
139475,wasiatsaya.com
139476,wealthinsuranceguide.com
139477,webmobilebox09.com
139478,wedang77.pro
139479,weshadow.com
139480,wfwf456.com
139481,wikibox.cc
139482,winstarexch365.com
139483,wlq7wn.com
139484,wmadaat.com
139485,wolestog3l.com
139486,wongwater.site
139487,wtobet9.guru
139488,wu0bm3dc.com
139524,wwwglitchspin.com
139619,wetu.com
139637,webreus.eu
139712,wooriwebs.com
139713,westerntelegraph.co.uk
139724,webspace-data.io
139730,wtftime.ru
139786,winston.com
139806,wipter.com
139807,wellrx.com
139820,wapp.gr
139853,wymt.com
139873,waycom.net
139877,wenet.pl
140049,wildrobins.es
140096,waz-online.de
140127,watuafrica.com
140181,wpmoose.com
140211,webzen.com
140249,woowhois.com
140259,weta.org
140326,webaservers.com
140351,weleda.de
140455,wwx.tw
140474,wk.se
140483,wizan.cn
140509,worldoftanks.ru
140531,whistleout.com.au
140548,webprotect-us.goog
140561,wildlife-traps.com
140590,wbs.cz
140593,workauthority.ca
140659,wahi.com
140739,wwf.es
140748,war.app
140760,w-hs.de
140766,werkspot.nl
140895,walleyecentral.com
140928,westberks.gov.uk
140932,whitecastle.com
141058,wholefoods.com
141064,wsn.com
141099,wantedinrome.com
141191,webhosting-franken.de
141207,web-crossing.at
141227,webmandesign.eu
141287,wvhistoryonview.org
141299,whoxy.com
141383,whoiskorea.co.kr
141440,whdl.org
141466,whitenoisemarket.com
141501,winrobot360.com
141507,woofertester.com
141596,wgetip.com
141608,warcollectiblesforsale1771.com
141621,wirenetchile.com
141644,woffice.click
141646,winnie.com
141668,woyao400.com
141675,websamsung.net
141694,wholesalemarine.com
141763,websitemaster.com
141769,widebundle.com
141776,worldofspectrum.org
141798,wololo.net
141799,workscene.com.au
141805,whatson.ae
141836,web-alm.net
141845,wd40.com
141891,writeappreviews.com
141907,wt14yf.com
141991,wolfsburg.de
142005,wellness-insider.org
142027,wargroovewiki.com
142033,woolworth.de
142043,wbko.com
142050,winebusiness.com
142064,wavenewstoday.com
142081,webcorelabs.com
142205,webwiki.at
142217,ws1uemlabs.com
142237,wowrack.co.id
142255,wideroe.no
142259,wswebpic.org
142344,whdfjg.com
142399,wordrow.kr
142422,webhs.org
142541,www2.gov.pt
142612,wmg.jp
142651,w3pcloud.com
142673,wmn.hu
142692,worshiptogether.com
142695,womensmediacenter.com
142809,wpc-board.com
142849,webdesignledger.com
142942,watchcrunch.com
142948,whatsapp-plus.me
142971,westwing.com
143027,wartsila.io
143041,worldbookonline.com
143074,writingexplained.org
143090,wow-professions.com
143098,weblaw.ch
143117,wgcrowd.io
143162,wenext.media
143167,worldofwarships.asia
143235,wfu.edu.tw
143263,walsun.cn
143279,wehaacdn.com
143285,westernu.edu
143326,wisdom-guild.net
143370,wowpresentsplus.com
143448,waste360.com
143450,watchit.com
143455,wwf.ru
143491,woordenboek.nu
143520,weatherextension.com
143576,whatpulse.org
143619,watchdisneyfe.com
143636,wonderlandmagazine.com
143688,wikily.gg
143757,winthink.com.cn
143958,waec.com.ng
143959,wagnaflow.space
143960,westonews.com
143961,wilandrex9.com
143962,wslot888masuk.top
143987,white-directory.com
144008,winndixie.com
144086,welcome-fukushima.com
144110,wifeamateurpics.com
144141,witf.org
144147,wagnardsoft.com
144176,wanslu.shop
144178,whalewisdom.com
144220,weather-us.com
144270,wvpublic.org
144304,wisetrivia.com
144307,wanelo.com
144564,weltderfertigung.de
144565,whoo.ai
144566,widepay.com.br
144567,wofhwifhafalffagy.com
144568,wowsee.me
144603,waywubi83.com
144612,wyomingpublicmedia.org
144623,wuxibaomei.cn
144635,wyofile.com
144803,webindia.com
144828,wawacity.news
144835,wildlife.org
144868,wemakescholars.com
144875,waxapushlite.com
144892,whsl206.com
144918,wirtube.de
145001,wallpapercrafter.com
145006,wego.ae
145011,werberk.pro
145015,workmarket.com
145113,watergovernance.ca
145175,webhotelli.fi
145182,woxikon.com
145214,wolseley.co.uk
145239,wisdom.bg
145331,websnadno.cz
145338,wellsvillelibrary.org
145347,watchfinder.ch
145351,weeecdn.net
145357,whogivesacrap.org
145484,wccnet.edu
145526,wikizero.com
145561,wned-dns.eu
145575,wsdm1688.com
145584,westernstandard.news
145602,wemart.ru
145615,wach.com
145685,wonderchat.io
145693,wpsoul.net
145698,wetlands.org
145751,witness.co.za
145763,w-match.app
145774,weidezaun.info
145807,wienkav.at
145808,wibu.cloud
145912,willow.tv
145926,wmoem.cn
145937,woman-type.jp
145961,webhost1.org
146074,walisongo.ac.id
146100,wireline.com.au
146109,wiewaswie.nl
146118,weblogssl.com
146133,wkcloudvora.com
146278,wwwhatsnew.com
146347,webexgov.us
146349,wap.sh
146368,widiba.it
146372,waronline.org
146412,wbidder5.com
146442,wza-bearing.com
146468,winho.com.tw
146555,wholesalesuppliesplus.com
146630,wbng.com
146705,winsport365.com
146723,wapa.tv
146774,wuniutech.com
146785,wawacity.win
146804,watchtowr.com
146882,wuyangsafe.com
146894,woodward.com
146920,walsingreen.com
146927,web2010.com
146991,wein.plus
147079,wdp.com.au
147124,witness.org
147126,wirewax.video
147169,weareiowa.com
147184,worldlistpro.com
147216,worksinprogress.co
147251,wezef.com
147267,webarisi.com
148480,wamoni.com.ng
148481,wangtv.net
148482,watchmovierulz.haus
148483,watitoto90.com
148484,wd33asli.com
148485,webga88i.com
148486,webga88m.com
148487,wecima.bid
148488,wequbi.com
148489,westbengalelection.com
148490,weworkapp.co
148491,wftoon205.com
148492,wftoon206.com
148493,wftoon207.com
148494,wftoon208.com
148495,wftoon210.com
148496,wfwf453.com
148497,wfwf455.com
148498,wholetile.com
148499,winbuzz.world
148500,windowsxpuser.com
148501,winwin4dx50.com
148502,wn03.cfd
148503,wolestogel-terdepan.com
148504,wtwt323.com
148505,wtwt324.com
148593,woningontdekken.nl
148594,wealthygorilla.com
148625,warwickinfo.net
148639,weconnectu.co.za
148645,webinar.fm
148695,waivio.com
148751,wearmedicine.com
148756,webun.jp
148806,wehi.edu.au
148857,wausaudailyherald.com
148909,womenonweb.org
149010,whittier.edu
149046,wifiweb.it
149254,wow.lk
149262,webwaygames.com
149298,workshop-email-tracking.com
149299,worksection.com
149333,winiary.pl
149374,wordpress.tv
149399,wawak.com
149431,web3isgoinggreat.com
149447,wclc.com
149459,wzutils.com
149494,whhmtw.com
149527,winchesterstar.com
149578,wego.com.co
149586,whweiwo.com
149599,wpln.org
149677,wmrfast.com
149693,wxwsky.cn
149760,watchers.news
149777,wdet.org
149846,withhugo.com
149907,wapix.ru
149926,whisketwraps.rest
149927,wecandoo.fr
149949,wilcon.com.ph
150034,wienerphilharmoniker.at
150101,weekend.com
150143,wuchain.cn
150195,wehealed.online
150258,winsoft-co.ir
150299,warsawsneakerstore.com
150302,windsorpeak.com
150328,wktv.com
150351,walthamforest.gov.uk
150445,wowkeren.com
150466,woodpecker.co
150538,webintech.net
150630,wonderlandmodels.com
150634,wecasa.fr
150647,webgalaxy.hu
150659,webcoding24.com
150700,wetternet.net
150702,weare.ie
150712,workspot.com
150827,wlhsz.com
150828,webankieta.pl
150865,werally.com
150890,wanwusw.com
150926,wimaxtigo.bo
150953,webtextiles.com
150991,wiremesh-jiangxi.com
151031,wachanga.com
151079,www.gov.tw
151112,washoecounty.gov
151132,walletpasses.io
151184,wwf.ca
151275,wrap.ngo
151287,whakoom.com
151329,wallgold.ir
151352,webside.pt
151370,waalaxy.com
151378,win.pe
151379,willis.com
151394,wingsmob.com
151414,webhostingsrbija.rs
151440,wbstudiotour.com
151487,winwin.com
151494,wrightflyer.net
151537,worldpress.org
151544,whatsgabycooking.com
151553,wio.io
151569,wisc-online.com
151578,wiby.me
151665,wctrib.com
151737,webhop.me
151805,wibk3hnk.com
151811,wuye.tv
151845,wisdompanel.com
151848,wohnungsboerse.net
151864,wi-tribe.ph
151902,wglt.org
151908,whitworth.edu
151925,webspacekit.com
151995,worldtool.ru
152019,webxtra.net
152055,west.com.br
152069,wcs.net.br
152099,winknet.ne.jp
152107,wyniki.pl
152122,wkioc.com
152180,workwave.com
152248,webqr.com
152250,webhard.co.kr
152282,weatherzone.com
152287,wpt-online.de
152290,wizma.io
152299,wakingup.com
152301,wirebag.jp
152348,worldwidegolfshops.com
152420,wiit.work
152443,woonexpress.nl
152476,wildsino-official.com
152506,worldairlineawards.com
152544,websoft.ru
152656,workato-preview.app
152664,wkf.net
152671,wildz.com
152708,wsdvs.org
152718,webdeveloper.com
152722,weatherhomeapp.com
152794,webzonetech.com
152820,wisconsinexaminer.com
152906,web24x7.co.in
152966,watzatsong.com
153019,wikifarmer.com
153046,warmuseum.ca
153128,whsgqc.com
153159,wabteccorp.com
153197,wkoecg.at
153242,wilmu.edu
153314,wlmediahub.com
153315,webhouse.cz
153424,wigan.gov.uk
153454,websiteoptimization.com
153501,watersmart.com
153505,websitex5.com
153542,win-line.ru
153555,wildling.shoes
153560,wlicdn.com
153594,webinfcdn.net
153627,webquarry.com
153632,wechange.de
153634,wcbi.com
153652,work4allcloud.de
153655,wuft.org
153718,wikigenes.org
153725,whiteclaw.com
153732,whoisfreaks.com
153750,wallet.tg
153791,webershandwick.com
153797,wtradefurniture.com
153900,wu7y6z.com
153910,whoosmind.com
153978,wagepoint.com
153986,wgeld.net
153993,wehrmacht-awards.com
154015,webideh.biz
154045,wake-evolution.com
154060,washingtonstatestandard.com
154093,whois.eu
154101,websterbank.com
154155,wienit.at
154167,wonderskin.com
154201,wtvbam.com
154255,winstep.net
154296,worcesterma.gov
154338,waditu.com
154418,webindex.ro
154456,walshmedicalmedia.com
154478,waterkant.net
154512,wutlk3t9mybdz.info
154572,wxpython.org
154581,wingsathirddro.com
154588,wayne.com
154720,warcrafttavern.com
154732,webmechanica.ru
154752,wikimedia-dns.org
154760,weinisongdu.cn
154766,worldpanelbynumerator.com
154795,wbd-sdp.io
154818,wfhxjykj.com
154839,woningontruimerdelft.nl
154842,wiki-promo.com
154912,wwtx.ru
154928,wforum.com
154976,withjean.com
154980,wbxcx.net
155000,webhosting-24-7-365.com
155050,willingnessdrizzleleverage.com
155071,westatessupply.com
155138,wagmap.jp
155141,wsky.ink
155183,wealthnavi.com
155184,wwag.com
155238,wannawiki.com
155258,wsetglobal.com
155292,wordpresstemporal.com
155309,wallywatts.com
155351,weicj.com
155368,webstarterz.com
155416,wat.edu.pl
155419,wrapmarket.com
155455,wsbof.com
155493,wmkt.net
155503,webdesk.ru
155579,weeklytimesnow.com.au
155587,wamda.com
155596,wvusports.com
155641,wisder.net
155644,whitechapelgallery.org
155746,wavlink.xyz
155767,weekendavisen.dk
155778,wispolitics.com
155801,wgo.com.br
155808,wemag.de
155820,willistonhomefurniture.org
155822,woodsfurniturestephenvilletx.com
155830,weather2travel.com
155840,wynagrodzenia.pl
155851,wuyangyuanqi.com
155871,wisdmlabs.com
155887,webfronts.com
155940,wikicarrier.com
155941,wigle.net
155947,winlink.org
155978,weegy.com
156000,widgety.co.uk
156035,woox.io
156065,wmj.ru
156077,wnconf.ru
156113,whoisweb.net
156116,worldjewishcongress.org
156128,wortundbildverlag.net
156159,wyclwc.com
156163,wynntils.com
156175,wfpusa.org
156230,wabblywabble.com
156250,waterford-news.ie
156292,westmont.edu
156312,weingaertner-it.de
156339,wamm.chat
156350,wifewantstoplay.com
156476,weekendhk.com
156558,wjw.cn
156572,wseven.info
156579,wwt.net
156605,wickedra.com
156637,wmrs.ru
156711,winlandia-casino.com
156724,wettfreunde.net
156737,westhawaiitoday.com
156763,wizjanet.pl
156789,webmailpec.it
156812,westminstercollege.edu
156876,wfmt.ru
156884,waszaedukacja.pl
156900,webdom.sk
156948,wvtourism.com
156958,watchalfavit.ru
157003,webiss.com.br
157136,wisniowski.pl
157143,wanlinbao.cn
157147,wikiislam.net
157204,weatherscenes.com
157257,wtsky.net
157259,woman.chintai
157265,worldsport.ge
157291,weeklyworldnews.com
157295,wpp.cloud
157342,wep.wf
157376,whole30.com
157382,webehostin.com
157440,westnet.com
157570,webstyle.ch
157595,watersportsoutlet.com
157723,webhost4life.com
157732,wpolsce24.tv
157735,womanizer.com
157787,wego.qa
157788,winrar.es
157794,wales.gov.uk
157851,wepc.com
157873,webmoney.com
157883,wettzocasino.net
157969,webant.ru
157982,w-ecolife.com
158029,webekspor.com
158095,wpdatatables.com
158098,wrf.su
158101,wtvq.com
158111,wested.org
158113,worldofbuzz.com
158159,whrunhe.com
158172,westchestercountyny.gov
158184,wellryde.com
158204,webrazzi.com
158244,wahealthplanfinder.org
158256,wielerflits.be
158286,weblink.in
158412,wnhggs.com
158442,weavesilk.com
158532,wangzhongfa.cn
158599,webfastcdn.com
158644,webteizle.info
158678,wayin.ai
158719,wiesenthal.org
158732,wdvstudios.be
158854,willer-travel.com
158913,wnode.cyou
158917,waterdrop.com
158947,webafrica.co.za
158982,whpsczmf.com
159053,webasyst.ru
159094,wantboobs.com
159132,whif.io
159201,wgcu.org
159212,wettzo-casino.com
159222,we-make-money-not-art.com
159238,webserwer.pl
159267,web-ace.jp
159288,wdtv.com
159369,wonderware.com
159373,worth.com
159374,windsorcoastalgroup.ca
159410,winstar.com
159446,webarchivator.com
159447,wpallimport.com
159484,wayagame.com
159501,wordly.org
159610,wutao.sbs
159620,weinfuse.com
159649,wasi.co
159688,windycitygridiron.com
159718,wundermanthompson.com
159720,webinit.de
159758,wchberxf.com
159795,w3newspapers.com
159844,winner.co.il
159851,worldscan.org
159858,westlandlibrary.org
159887,worldhealth.net
159893,whatsmyip.com
159903,weiqiban.com
159942,wikichip.org
160054,withcabin.com
160082,webtalk.ru
160101,wordlegame.org
160108,witherbyconnect.com
160125,welocal.world
160161,world-food.com
160255,wsipv6.com
160258,wzsswlkj.com
160312,wastedive.com
160320,wmchile.cl
160339,web.ru
160346,whiteops.com
160394,ws-app.com
160452,webmastersun.com
160458,wuerttembergische.de
160508,wavespot.ai
160532,webhostingbliss.com
160621,walutomat.pl
160644,watsons87furniture.com
160677,westegg.com
160690,wiresguard.com
160728,wzyjs.com
160737,wowace.com
160744,web-solutions.dk
160760,webnode.com.br
160804,websitesekolah.my.id
160809,waxcenter.com
160823,wolframcloud.com
160836,www.info
160852,wayupsports.com
160868,webwerkers.nl
160969,wraltechwire.com
161009,wbs.ne.jp
161074,wettzocasino.com
161081,weplayed.com
161094,wpcerber.com
161101,wifiman.me
161121,wifidag.ru
161166,wienenergie.at
161176,worldatwork.org
161252,womenshealthmag.nl
161274,winbet.ro
161281,wihomes.com
161296,wilwheaton.net
161389,worldchampmambo.com
161407,wpenjoy.com
161424,wisuki.com
161436,wnacgimg.date
161453,webscale.site
161464,wettissuemachine.com
161510,wolfgangpuck.com
161596,whypark.com
161638,wszczecinie.pl
161646,wtwhmedia.com
161673,wild-fortune-casino.net
161796,wssu.edu
161809,wikimd.com
161817,wbphed.gov.in
161869,withonline.jp
161981,wagamama.com
161984,wooritv11.org
161992,worlds-directory.com
161997,wyoming.gov
162059,webresolver.com
162063,who.com.au
162109,windcreekcasino.com
162143,wellbeingnutrition.com
162171,wwf.nl
162178,weborama.nl
162218,webxicon.org
162228,wanderinginn.com
162243,wpvip.com
162276,watitoto71.com
162359,watchfreejoy.com
162475,worldstrides.com
162496,writingforums.com
162680,wearadmiration.com
162719,wisesecapp.com
162722,wildwestbootstore.com
162752,wannahookup.com
162796,wooting.io
162864,weareeves.com
162908,wra-api.net
162957,wkruk.pl
163057,wookie.com.ua
163067,wawplus.com
163141,wstservices.co.uk
163153,wendise.com
163183,webserverlive.com
163203,websitedemolari.com
163218,www.gov.bm
163222,wichita.gov
163252,webbankir.com
163290,whiteregistrar.com
163332,wdyxgames.com
163387,workingmother.com
163430,worddb.com
163462,wyyerd.com
163465,webalice.it
163486,wmovies.org
163510,wso.net
163529,wne.edu
163612,weglot.us
163639,wbbankir.ru
163663,wind.ca
163685,wickedbrick.com
163728,wum.edu.pl
163739,wahana.com
163780,worldscreen.com
163804,wns.com
163873,work.go.kr
163894,wonga.co.za
163908,workcanvas.com
163928,wtaj.com
163939,wvnstv.com
163962,weareone.world
164087,wasmernet.com
164147,worksimpli.io
164162,wer-weiss-was.de
164303,worm.wtf
164339,wisefood.eu
164354,whitesourcesoftware.com
164394,welectron.com
164440,woosuk.ac.kr
164447,wackerneuson.com
164457,writingforums.org
164524,weather-forecasts.ru
164539,watchlakorn.in
164733,wahl-o-mat.de
164739,wipfandstock.com
164745,whocache.com
164822,wanbexpress.com
164842,weblease-europe.com
164887,wspgroup.com
164909,wheatoncollege.edu
164917,wowdeals.me
165008,wedding-spot.com
165049,wordery.com
165116,wshu.org
165137,windsor.ai
165157,wn07.cfd
165194,wesign.it
165224,werktuigen.com
165276,williamdam.dk
165297,wiche.edu
165309,wbbjtv.com
165379,whatbox.ca
165398,wancom.net.pk
165462,wereldmuseum.nl
165495,wilkinsonpc.com.co
165537,workman.com
165544,wmdt.com
165564,wangfeizbz12a.com
165565,wikifeetx.com
165612,wallacefoundation.org
165615,wxrb.com
165669,weareautoworld.com
165752,wildriftfire.com
165756,webpagefx.com
165788,winterparkcycles.com
165802,woodcentral.com
165809,webhosting.be
165830,ws-haltern.de
165878,wannadive.net
165890,wiimhome.com
165999,webarchive.org.uk
166004,wvtf.org
166124,wordvice.ai
166197,wikicfp.com
166219,wkpooltjes.nl
166225,wolfieshove.co.uk
166259,westbasedirect.com
166275,weixinac.com
166278,weather-doc.com
166286,wonderl.ink
166287,wedevs.com
166311,worldispnetwork.com
166353,webnetvpn.xyz
166381,wp365.io
166383,web.com.au
166409,wildzcasinos.net
166411,webhot.dk
166414,weba.be
166459,worldofwatches.com
166466,wikicampers.fr
166468,wancanggyl.com
166472,whbdns.com
166474,web25.kr
166533,weissesross-neuses.de
166547,wawanesa.com
166549,wwf.org.br
166563,wsiltv.com
166622,wyjatkowyprezent.pl
166625,wywrota.pl
166690,webhelp.com
166694,whatshelp.io
166696,wequ.host
166757,wesh.co.uk
166758,windy-wings.xyz
166779,wiseleed.cn
166783,wearethelist.com
166878,wpdevshed.com
166936,wanhu.com.cn
166949,wegotravel.co.uk
167077,westernpeople.ie
167095,wherever.network
167101,whomarried.com
167136,wholegrainscouncil.org
167154,w.wiki
167172,watchexclusive.eu
167185,webfile.ru
167240,wftpserver.com
167254,wonderworksonline.com
167273,waffo.com
167291,wooledge.org
167295,webadev.net
167326,whatcams.com
167327,webez.net
167332,wsgvet.com
167353,worldhosts.fun
167478,weebo.co.in
167522,wecantrack.com
167585,whitewhale.help
167650,wowsome.com
167666,wuhu.gov.cn
167729,wizeprep.com
167740,wcgclinical.com
167741,weertdegekste.nl
167880,webyog.com
167944,washingtonindependent.com
167950,welovelotto.com
167962,wi-cat.ru
167965,wqa.org
168005,wartungsverbund.de
168006,wbuy.com.br
168065,whisperingwaves.baby
168078,whatsflirt.com
168089,wkkf.org
168141,worcester.edu
168220,whitecube.com
168282,wdel.com
168311,wirelessplace.com
168411,wpwebhost.com
168431,wholesalecentral.com
168475,wmupd.com
168482,wujin.hk
168546,wikirate.org
168570,wilderness-survival.net
168667,wikivisually.com
168672,withagecomeswisdom.live
168731,wep-inc.com
168748,wiki-aventurica.de
168760,wtgplay.xyz
168762,wolfpak.com
168853,wibra.nl
168913,wisbar.org
168931,weworkers.io
169003,woodplc.com
169046,worldsalaries.com
169066,webmanagercenter.com
169069,wabaoclub.com
169089,webookmarks.com
169117,websiteplex.com
169123,wpsorders.com
169141,whodoyou.com
169260,wvcast.com
169358,we-on.com
169375,warwickhotels.com
169385,w88es.com
169428,wscdns.org
169438,wxapi.com.au
169568,wfxrtv.com
169594,wsfcloud.net
169599,wgem.com
169612,wki.it
169636,wsb.edu.pl
169637,webguy.net
169646,webzen.co.kr
169652,wonderfulengineering.com
169685,worldunmatched.com
169689,wzfb.cn
169750,wristler.eu
169797,winlink.name
169812,wmwfw.net
169873,westchesterlibraries.org
169889,wegotravel.co.nz
169897,weiyanqing.com
169962,workdaycdn.com.cn
170045,wtva.com
170099,wpopt.net
170290,wiki-stock.win
170336,wimsbios.com
170375,whitehat.vn
170380,whow.net
170430,whaleapp.com
170453,wonderwebhub.com
170522,werk21system.de
170533,whackahack.com
170535,wimblonk.eu
170558,waveblueship.com
170576,webforgevps.com
170597,wikkeo.com
170626,webalive.biz
170646,www.edu.tw
170677,wikisexguide.com
170679,waselplatform.org
170720,wandering.shop
170782,wadsnet.net
170811,weblife.me
170936,waow.com
170953,wcg.net
170992,wjdhcms.com
171023,webdock.io
171113,webogram.org
171130,wearesfc.com
171164,wortox.com
171203,wavesocialmedia.com
171214,wildberries.et
171286,wafilife.com
171333,worldstream.nl
171390,winshang.com
171393,whpgwzunsijn.site
171420,wotif.co.nz
171421,wxfront.com
171446,webx.cz
171455,water.com
171456,wild-sau.com
171531,wqow.com
171559,womblebonddickinson.com
171583,watchlakorn.net
171681,wired2fish.com
171756,windcreek.com
171861,worldofurda.com
171892,wolverhampton.gov.uk
171953,wiretrustee.com
171954,winbetscasino.com
171975,webb.net
172000,workramp.com
172005,wayfair.io
172016,wxow.com
172033,webempresa.com
172062,womensagenda.com.au
172066,westescalante.com
172186,wenllies.com
172217,weltsparen.de
172250,webnus.net
172300,withpower.com
172336,wowpic3.store
172376,webhop.biz
172452,webkkk.net
172470,wasserburger-stimme.de
172532,wornex.net
172544,waspada.co.id
172611,weihai.gov.cn
172656,worldcarfans.com
172659,webkeeper.ch
172690,workstand.net
172731,wordshake.com
172770,webpark.pl
172851,webdigital.hu
172887,webmineral.com
172977,wyoroad.info
172986,wooymoon.com
173004,w0chp.net
173025,webinar.com
173076,wyu.edu.cn
173086,webjump.com
173094,weeting.world
173105,webparadicsom.hu
173114,withnews.jp
173134,wcopremium.tv
173147,wfca.com
173172,wpradiant.net
173178,whitesmoke.com
173271,workoneok.com
173283,wgmext.net
173293,westernalliancebancorporation.com
173304,webmachine.at
173331,whatsontv.co.uk
173340,wsupercars.com
173369,wwwinstagram.com
173453,wagertalk.com
173495,wasfilledwi.com
173566,wenected.com
173576,worldshop.eu
173613,winzer-service.de
173766,wows-numbers.com
173811,wspisp.net
173814,wildlifedepartment.com
173819,wnwhys.com
173849,wlbb.org
173863,wscloudcdn.com
173864,wlprog.ru
173866,wiggle.co.uk
173902,whalebone.io
173989,wol.gg
174012,wwf.or.jp
174169,winnerbetcasino.net
174224,wuxiapptec.com
174255,wtflegends.com
174283,wiibrew.org
174306,wntserver.com
174321,wickedcricket.de
174351,weirdal.com
174355,wjct.org
174358,winwinwin168.net
174429,watcherotic.com
174481,worldoftulo.com
174500,whocalled.today
174513,worldcitytime.com
174532,womenssportsfoundation.org
174567,wpde.org
174591,wrapbootstrap.com
174607,wholefully.com
174625,wlct-two.de
174641,walk.sc
174662,wrex.com
174667,wparty.net
174731,winnicalidla.pl
174766,wabsteruncrude.qpon
174800,wellversed.in
174830,wfmt.com
174921,whatsondisneyplus.com
174922,waves.exchange
174946,windowsphoneinfo.com
174955,walkscape.app
174974,webporner.com
174991,wonders.com
175013,webtekcc.com
175138,website.ws
175166,webair.com
175202,willax.pe
175205,winco.com.br
175248,wrdvmfud.cc
175283,wjst.kr
175293,wwts.com
175395,w6.hk
175401,wonogirikab.go.id
175452,wuerth-industrie.com
175474,webware.com.br
175510,willow-systems.com
175563,winbonanza.com
175568,wba.co.uk
175599,webcoders.eu
175683,winchester.ac.uk
175726,wzxqaumbd.com
175873,wjon.com
175953,wallstreetitalia.com
175995,wagersmart.com
176091,wifi.sncf
176147,winmasters.gr
176149,web-komachi.com
176185,wrightslaw.com
176191,worlddutyfree.com
176228,who-eqas.cn
176255,watch-the-sopranos-online.net
176257,webnode.fi
176406,wiselink.net.cn
176417,world-d.com
176424,wuchucloud.net
176425,wsimgs.com
176433,winporn.net
176531,wolterskluwer.es
176557,websites.co.in
176700,wanderlust.co.uk
176705,wiremesh-sichuan.com
176769,wp-cli.org
176846,watsonclinic.com
176929,wataugademocrat.com
176942,watermarkinsights.com
176949,worder.cat
176983,windowssearch.com
176986,weshareabundance.com
177029,worldtrademarkreview.com
177078,winpy.cl
177094,waaf.net
177136,whitelabelservices.us
177188,wotucdn.com
177208,weifenxiao.com
177224,webtm.ru
177314,watchfaces-cdn.club
177407,worcestershire.gov.uk
177414,widster.ru
177444,webcastlist.com
177450,webxtra.nl
177491,wiki-zine.win
177590,workamajig.com
177669,wjmed.net
177672,webgirondins.com
177679,whois365.com
177691,webpropertiesmanagment.com
177703,wfglobal.org
177713,wirecard.com
177901,webnode.tw
177925,wellmedhealthcare.com
177940,woodgears.ca
177963,wgs-static.com
177977,webdesignerwall.com
177979,weifang.gov.cn
177984,wordswithoutborders.org
177990,wallis.co.uk
178012,wowslegends.com
178030,whop.tw
178081,wellington.com
178088,webinstats.com
178110,whomadeyoumirabelli.com
178115,wwitv.com
178125,washassist.com
178148,worddaily.com
178191,wendymenu.net
178193,wellserver.ru
178253,wibc.com
178275,webdesk.it
178288,wgcbt.net
178328,wizzifi.com
178416,wheelzy.com
178420,windpowermonthly.com
178445,wrmea.org
178462,wjqtmy.com
178512,worldwidemart.com
178557,weglide.org
178561,whatismyproxy.com
178619,wuala.com
178655,winningdayscasino.net
178670,whatnow.com
178682,webetec.com.br
178754,westernuniongold.com
178772,wakesmart.net
178778,weimgs.com
178806,webhotel24.se
178878,weplancul.com
178913,wrcbtv.com
178916,webmichelin.com
178924,winline.kz
178973,wego.pk
178975,wisemanager.com
178994,wpinterface.com
179008,worldcurling.org
179040,watchshop.com
179050,wthitv.com
179054,w11stop.com
179073,wayfair.ie
179107,webintoapp.com
179205,wtb-tennis.de
179228,warrenjames.co.uk
179283,widengle.com
179369,workshops.aws
179428,welis.com
179449,weather25.com
179455,wordle.cl
179479,webservis.com.tr
179504,www.qld.gov.au
179507,wilmainterior.fi
179563,whbl.com
179594,wordfinderx.com
179596,warmshowers.org
179609,walsh.edu
179613,wholesale7.net
179629,warrelics.eu
179698,wetalksocial.info
179710,wasserstrom.com
179713,watchpro.com
179727,widevine.com
179750,wangxiao.cn
179760,wicurio.com
179857,wsbipro.com
179864,webuzo.com
179900,werealive.com
179901,wind.com.cn
179908,wisermapp.com
179962,wagvpn.club
180062,wwf.se
180071,wims.jp
180074,waterhistoryphl.org
180117,world-grain.com
180134,whittard.co.uk
180169,whowhatwhy.org
180176,woolx.com
180212,wonderzine.com
180216,woerter.net
180340,wettzocasino.io
180355,woolworthsrewards.com.au
180385,wujiangscreen.com
180403,wiremesh-hubei.com
180417,wbparts.com
180483,wertgarantie.com
180488,wiland.ru
180519,whlingmao.cn
180520,wcoanimesub.tv
180551,wsc.edu
180584,wisemusicclassical.com
180598,winetourism.com
180602,withum.com
180656,wemoto.com
180667,wadavavc1dwj.com
180675,w-mebel.pro
180737,winvest.com
180739,wallmine.com
180745,wehandle.com.br
180775,webhoster.ag
180787,webhostglobe.com
180795,wisag.de
180875,wppgts.com
180919,webasyst.com
180983,wahas.com
181065,wtsparadigm.com
181140,wvculture.org
181153,wsy400.com
181156,wedjhosting.com
181172,willkie.com
181185,wolterskluwer.eu
181203,windows10download.com
181222,writefreely.org
181237,wiseoldman.net
181292,wallpics.app
181317,wuestenrot.de
181349,wcpsolutions.com
181365,wtap.com
181415,witetersatedt.com
181481,wattsbattery.com
181499,whz.de
181567,wpamelia.com
181571,whizdm.com
181622,wywyx.com
181632,wuchucloud.cn
181643,waldwissen.net
181714,walterfootball.com
181720,wilcom.com
181759,wolfvision.com
181760,weddingvendors.com
181816,webtel.in
181847,wissal.dz
181902,wipfilms.net
181909,w92164s.com
181920,webhotellit.com
181948,wikitrans.net
181953,wizardry.info
182027,wearn.com
182062,webz.cz
182073,wordcookies.info
182083,wordreference.net
182098,weee.pics
182143,wogekp.cc
182150,wawa3c.com
182214,www.wa.gov.au
182249,winding-hurt.com
182295,wizkids.com
182338,weddingbazaar.com
182344,webtoons.jp
182414,webplusdns.com
182456,willburt.com
182463,wiremesh-guizhou.com
182494,wxoa.cn
182566,wm-lend.ru
182612,wonderfuljourneyi.com
182618,winner.ro
182633,wb-digital.ru
182656,webmii.com
182687,winario.de
182702,wherex.com
182724,whiteflowerfarm.com
182741,weblinc.com
182853,wikiscan.org
182914,weld-ready.com
182929,webceph.com
182951,ww3-fmovies.com
182959,webportalpro.com
182967,wbaunofficial.org.uk
182994,wealthscape.com
183001,welcometozambia.com
183084,ww2db.com
183091,willstequatschen.de
183110,wlo.link
183201,weimar.de
183215,westpack.com
183323,wiishlist.com
183361,wwads.cn
183374,web-instagram.net
183406,wheeloutlet.com
183433,wvgazette.com
183460,wolkenservicedesk.com
183501,whiskyhammer.com
183526,worldwarglobalnews.store
183548,worldfinancialreview.com
183581,win.gg
183583,wokaola.com
183615,wbxpress.com
183625,walashop.com
183675,wikideals.co.za
183678,webgl.org
183690,wolfswinkel.shop
183741,wetanz.com
183801,walleypay.com
183974,weblium.site
183992,wow77power.com
184019,wecloudithosting.nl
184082,wikiskripta.eu
184139,wataniya.com
184164,workbc.ca
184211,wichealth.org
184217,wired.me
184282,wofford.edu
184320,witaqua.org
184328,weply.chat
184350,witchform.com
184369,wanacorp.com
184416,wildcraft.com
184418,wavebluevideo.com
184422,winny.com.co
184423,wette.de
184458,wotnot.io
184468,webmaster.pl
184505,wk.com
184514,wd19.co
184551,walb.tech
184554,westcoastcamaro.com
184555,worktelecombj.net.br
184633,wa-jp.com
184638,waybackmachine.org
184644,webportal.top
184655,www.vic.gov.au
184687,w.tt
184693,world66.com
184742,williz.info
184747,web4africa.com
184776,wejianzhan.com
184796,wikimg.net
184819,wwbola.com
184863,westernalliancebank.com
184868,waka.com
185050,weightwatchers.ca
185061,wildberries.cn
185097,willscot.com
185116,wartegjagoanku.xyz
185124,wii.gov.in
185211,wallkit.net
185225,weathertrip.net
185230,wahlusa.com
185286,wpdiscuz.com
185289,worldgastroenterology.org
185308,whidbey.net
185309,wildfire.gov
185314,wls1.com
185326,worldoftanks.asia
185331,wearetriple.com
185365,wheart.online
185437,wargaming-aff.com
185496,wy.gov
185507,widgitonline.com
185544,webcamtests.com
185608,wdh.ac.id
185647,wrapcart.com
185680,wisecleaner.net
185711,walch-anderson.com
185732,waltonplaza.com.bd
185736,wusa.golf
185754,wcosmetics.com.au
185789,wlfi.com
185828,webhostingworld.net
185872,wup.pl
185892,wisehosting.com
185910,wakatv.tech
185953,woolworthsstatic.co.za
185959,web-dynamics.gr
186013,whicdn.com
186038,worldclass.ru
186302,w06mhkxybr.link
186303,withny.fun
186304,wwwcv666.com
186354,watchwarehouse.com
186355,webcim.tr
186541,winkelvandedijk.nl
186570,wldon.com
186620,worldtaekwondo.org
186684,wis.cloud
186693,wdb.com
186736,w4p7y.com
187124,waktogel1.org
187125,waslotxwin.top
187126,wawaslotmedia.com
187127,we77alpha.com
187128,wika123-bugar.site
187129,wong87-gerak.site
187130,wwtoto2c.xyz
187156,wpc.ru
187272,wotmp.com
187329,wifewoman.com
187334,winrating.ru
187354,wellmedr.com
187366,wikifolio.com
187375,waca.net
187469,wolfautoparts.com
187479,woodlandworldwide.com
187496,wultra.app
187542,winfactor.com
187543,webfactory.com.au
187631,worldofcoca-cola.com
187673,wuytn.com
187714,weartosupportveterans.com
187724,wsib.ca
187733,warnerbroscanada.com
187742,websight.blue
187748,www.ru
187775,wisconsinwatch.org
187805,w-goods.info
187885,werum.com
188002,winterhalter.biz
188008,webzi.mx
188015,weteringbrug.info
188023,wa1000.com
188099,widilo.fr
188168,we-heart.com
188185,wyjsq.com
188224,whitehottruth.com
188323,winedexer.com
188335,womany.net
188401,whitelabeldomein.net
188432,worldeditions.co.uk
188436,wempe.com
188439,wishnet.in
188481,wowvision.com
188496,wlextv.com
188578,worldchanging.com
188585,weballdesign.gr
188646,waifu2x.net
188711,wtzm.com.cn
188754,writingcooperative.com
188761,walsersubarustpaul.com
188870,wiseghostapp.com
188905,wiki-square.win
188916,wankzvr.com
188961,woodgroup.com
189016,web-planet.co.kr
189021,wellife.co.kr
189081,whitefoxboutique.co.uk
189090,wiredproxies.com
189100,wmspanel.com
189109,wealthyaffiliate.com
189142,wpc-store.com
189168,worldinfotravel.com
189212,wilderkaiser.info
189222,wkar.org
189246,wemolo.de
189272,widgeo.net
189300,weeklyperspectivepress.com
189346,watchlist-internet.at
189355,wahmbahm.com
189401,walsunchem.com
189431,walkers.co.uk
189439,whmserver.com.br
189494,wecltd.de
189535,wkve.net.br
189623,wechange.cloud
189637,wonderbox.it
189688,webconnectindia.in
189690,webador.co.uk
189754,web200.hu
189767,whowhatwear.co.uk
189835,westchestermagazine.com
189912,weborama.design
189915,wpbingosite.com
189938,web.tv
189942,weather.town
189988,whatsinai.com
190056,warnerclassics.com
190084,w9q1d.com
190152,wwwhost.biz
190205,webrootmobile.com
190232,wildbounds.com
190266,wolterskluwer.cloud
190325,wandamotor.com
190431,webbplatsen.se
190485,wes-cloud.com
190536,wiki-triod.win
190542,wildsinogames.com
190630,wzjiadong.com
190665,webvisioncloud.com
190736,webnovel.vn
190848,worldskills.org
190875,wolczanka.pl
190878,weburg.cn
190897,whiteschnauzerpuppy.com
190903,waterdrop.de
190916,wowbrary.org
190919,witei.com
190934,west-datacenter.net
190942,wiremasters.com
190971,wego.co.in
191001,walmartrewardsmc.ca
191072,westcoastsubaruparts.com
191107,wikireality.ru
191145,wolkesicher.de
191188,waydro.id
191255,who2.com
191349,welcomehomesoftware.com
191362,westyorkshire.police.uk
191381,window-swap.com
191474,westinghouse.com
191504,watchmovierulz.cafe
191545,webpc.com.pl
191558,wiki-book.win
191569,wpmudev.host
191594,womensenews.org
191603,weblogsinc.com
191616,wirelesspowerconsortium.com
191620,woman.at
191705,websearchbrowser.com
191735,web-yektanet-com.info
191823,wgchrrammzv.com
191839,wesbank.co.za
191865,weld-ready.ca
191887,webhostinggeeks.com
191932,woolovers.com
191935,webecom.ro
192024,wirkaufens.de
192027,wjec.co.uk
192056,wakudoki.ne.jp
192090,wetstock.co
192116,wptglobal.com
192210,winbu.net
192228,wuemeli.com
192312,wowgilden.net
192345,ww2talk.com
192434,webdade.com
192546,whois.sc
192573,wisacdn.com
192597,wtmj.com
192603,wornontv.net
192656,wek.ru
192662,worldscinet.com
192668,wakefield.gov.uk
192689,weekcal.net
192717,westoxon.gov.uk
192732,ws01-securityeducation.com
192792,weewx.com
192877,webediamovies.pro
192960,ws-kd.com
192970,woodworker.de
192993,wordkeg.com
193090,webmail.co.za
193141,wbcboxing.com
193184,wlgore.com
193228,wenkuxiazai.com
193260,weblocal.com.br
193272,wbppcs.com
193299,wasiatfordi.com
193315,wbjournal.com
193338,wallofcelebrities.com
193369,windfinder.net
193399,web4business.de
193442,watchprosite.com
193462,whitednszone.com
193466,wuyouip.com
193469,wp-themes.com
193475,web1on1.chat
193486,worldsocialindex.com
193496,woonnetrijnmond.nl
193505,workatastartup.com
193523,wow.com
193550,webank.it
193594,webdatabays.com
193595,wescom.org
193732,webexperiences.com
193794,web2m.vn
193886,wcc.net
194016,wero-wallet.eu
194031,wellcomelibrary.org
194113,worldwayic.com
194188,wy.edu
194210,worldpac.com
194240,wallkit.ru
194244,weblisters.com
194261,wcdn.co.il
194282,walmar.art.br
194288,wheelmap.org
194331,www87hg4.cc
194455,woub.org
194461,worldbeyblade.org
194493,webneel.com
194554,wapac.com.cn
194579,webserv-it.net
194651,w3spaces.com
194687,webgozar.com
194716,wattagnet.com
194737,wolf.org
194739,wandcorp.com
194766,wflx.com
194792,wday.ru
194858,wawlabs.com
194910,www.google
194920,worldlibrary.org
194996,wwwsex.xyz
195061,wbwin02.com
195073,wesalute.com
195095,weatherbit.io
195244,wamazing.com
195253,waterford.org
195259,whistleblower.org
195377,webiso.pl
195462,win444.com
195478,wwpdb.org
195512,websitebaker.org
195518,wiha.com
195567,webpage-design.net
195663,wvva.com
195682,word-press-stat.top
195688,wetsearch.com
195768,wvnet.eu
195786,watches-master.ua
195814,wot-record.com
195908,wog.ch
195921,wbuhs.ac.in
195938,wear.net
195946,wuyida.cn
195960,www-mp3juices.com
196055,wolfire.com
196126,webmercs.com
196128,ws02-securityeducation.com
196199,wynikilotto.net.pl
196261,williamlong.info
196303,warezload.net
196348,walmart.com.sv
196349,wibra.be
196405,waimaosass.icu
196431,womenshistorymonth.gov
196438,wl8.casino
196440,wclik.com
196446,where2getit.com
196447,wander-book.com
196487,winpesa.ng
196508,wuxiaworld.ru
196515,weshoes.co.il
196565,web3.career
196570,wheels.com
196613,wegenenverkeer.be
196615,warlikecouple.com
196666,webdnshost.com
196769,walla.cloud
196914,womenshealth.de
196953,watami-takushoku.co.jp
197034,weny.com
197055,wedgewoodweddings.com
197082,wphcdn.cloud
197097,webrec.it
197184,wbgo.org
197207,witpress.com
197209,wi-fi.link
197232,wtsimg.com
197304,wndklyl.com
197337,winlator.org
197376,warnahost.net
197377,webzaim.tech
197396,worldlibertyfinancial.com
197405,winedirect.com.au
197414,weezerlite.com
197419,winediscovery.cn
197437,whenbuff.com
197494,webnode.gr
197563,wisemeteo.com
197593,wopaiyi.com
197626,witchhatatelier.com
197752,wilnet.com.ar
197755,w1.fi
197780,webtitancloud.com
197820,ww-api.com
197825,wicp.vip
197839,wavescdn.com
197867,wildmaye.xyz
197898,whatsthebigdata.com
197901,wxxv25.com
197912,wolchuck.co.kr
197999,w3i6c9kets.xyz
198009,wolfdog.org
198049,webhosting4u-dns.com
198060,webediagaming.de
198065,wpfree.ru
198097,websitepolicies.io
198130,wanagain.net
198142,wotstat.info
198210,wasfaty.sa
198211,whisparia.live
198212,wvmxk4yu.com
198258,waslot.io
198259,wakubwatu.link
198279,walleye.com
198313,watershed.co.uk
198323,whizlabs.com
198338,wormser-zeitung.de
198379,withflex.com
198449,whowhere.com
198469,watnihost.com
198545,walk.cz
198605,wordleunlimitedgame.org
198614,windowhardwaredirect.com
198699,waterboard.lk
198716,ws-tcg.com
198785,wshine.com.cn
198804,wedeohire.com
198813,whf.bz
198831,wesanews.org
198890,whatcomcounty.us
198892,wvpioneers.com
198926,where-to-buy.co
198930,wptravelengine.com
198969,wpland.ru
199009,wow77.game
199035,warpportal.com
199142,woshub.com
199146,whisp.io
199172,webcamsdeasturias.com
199257,wyso.org
199273,wakacyjnipiraci.pl
199360,wz-apis.com
199382,wageningenur.nl
199405,wormhole.com
199415,wpxpo.com
199442,woowup.com
199486,waimaoniu.net
199533,wisesocialsmedia.com
199591,wtu.edu.cn
199596,wingsbooking.com
199658,wedgwood.com
200245,w567.com
200246,walmartphotocentre.ca
200247,webkomikdewasa.top
200248,wer3c4d.xyz
200249,wholetex.com
200250,wildlama.com
200251,win-vip.vip
200252,win630.com
200253,wininvoice.vn
200254,withan113.com
200255,wogi.gifts
200256,wpolu.pl
200257,wsgcname.com
200383,whywe.in
200401,wicam.com.kh
200445,weathersa.co.za
200451,waifora.com
200513,whatshouldireadnext.com
200527,worldstream.com
200577,woolyfedayi.cfd
200678,webscraper.io
200701,winds-up.com
200723,wikiparfum.com
200833,wcaworld.com
200834,willing-able.com
200878,wafdbank.com
200896,webserver.sg
200939,westernjournalism.com
200940,weltfussball.com
200964,webseriess.net
200973,wtok.com
201051,worldcup26.ir
201074,workipr.com
201111,wftoon217.com
201115,west-norfolk.gov.uk
201138,wilsoncombat.com
201145,wavecx.com
201170,womanmagazine.co.uk
201210,wincalendar.com
201251,wpdeveloper.com
201288,web-est.com
201366,we-bologna.com
201555,websiteprofile.net
201564,webmixdigital.com.br
201579,wholescale.net
201584,womensmentalhealth.org
201593,watchnrl.com
201652,weavertheme.com
201854,wdcdn8s.com
201886,whiteguidegreen.se
201891,wikzaim.ru
201974,wbmdfc.org
201985,wetgiw.gov.pl
201992,wildpettykiwi.info
202055,worldisraelnews.com
202058,webonary.org
202067,wickedfire.com
202074,whatkatiesews.net
202080,websdr.org
202099,we-xpats.com
202137,webgradients.com
202172,warmies.com
202209,wepe.com.cn
202223,workz.co
202229,wlzkb.com
202242,wj33.co
202337,westernsouthern.com
202368,worldztool.com
202408,wame.org
202417,winscloud.net
202419,websexviet.net
202420,westnethosting.com.au
202424,wooniezie.nl
202475,waproviderone.org
202479,wtvk.pl
202514,westsiderentals.com
202538,webchronos.net
202540,wnimg1.ru
202563,wikihandbk.com
202571,wildsinoapp.net
202624,wikiarquitectura.com
202646,whatsgrouphub.com
202654,water.org.uk
202669,webhostserver.at
202673,wattselectronics.com
202702,whyevolutionistrue.com
202709,waarbenjij.nu
202722,web2wave.com
202727,wildbookmarks.com
202732,webworx.net.au
202755,wine-shopper.ru
202759,wetive.com
202771,web-assets.net
202775,wego.com.sg
202865,w5x3i7.com
202866,wm9hju.com
202878,wkglobal.net
202953,wiredns.net
202954,weimox.com
202981,webedia-group.net
203034,wsxcme.com
203040,webns.io
203046,watsons.vn
203119,wikinerd.com.br
203387,wl1cg.com
203400,wfh.org
203469,wowcircle.net
203470,wetsuitoutlet.co.uk
203478,whitelabelwebserver.com
203523,wftoon216.com
203546,wowisawesome.com
203637,websitevisitorleads.com
203721,warcraftpets.com
203786,webpay.cl
203885,westk.hk
203917,weisituo.com
203968,whatpeoplesaystore.com
203975,wpnow.ru
203990,winadda.co.in
204117,webads.nl
204118,wcnews.com
204120,waltonfamilyfoundation.org
204161,waiper.co.jp
204180,wcaup.com
204193,waaree.com
204209,wpspublish.com
204215,westhost.com.br
204234,webgata.com
204247,wxpss.com
204259,windguard.de
204302,wittsend.com
204327,weiling.cn
204344,wmhn2s.shop
204364,webexp-ipqa1.com
204493,watchia.com
204578,webcontrolempresas.com.br
204654,wetcanvas.com
204689,whitedns.shop
204710,wboxc.eu
204751,wimlib.net
204804,webwereld.nl
204816,webcamgalore.com
204834,werbehotline-td.de
204843,wakingtimes.com
204845,whatgoesaroundnyc.com
204855,wp-nav-pro.com
204860,wowmaal.net
204920,worcester-bosch.co.uk
204940,wkhpe.com
204947,wingzero.tw
204948,wireless-social.com
205015,we-vibe.com
205040,wingvip88.net
205077,wcx.cloud
205092,weld.gov
205119,webxess.net
205130,wigclub.net
205133,wiessoft.de
205138,wornandwound.com
205145,whrcloud.com
205165,worldbeyondwar.org
205249,wayshare.cc
205262,webmix.nl
205273,westfaironline.com
205299,wattafork.com
205323,wenxuecity.net
205339,witine.com
205369,withclarity.com
205386,workin.com
205514,wikihouse.com
205522,wantitall.co.za
205526,wanlidns.com
205571,web2carz.com
205582,webfactional.com
205614,whale-alert.io
205630,waffle.game
205685,wikium.ru
205700,wisekey.com
205726,whplus.net
205732,wooland.com
205743,wordmine.info
205850,warnapaito.net
205851,wealthmagic.in
205852,wishin.com.br
205853,wtskora.com
205870,wellady.ru
205902,wmcactionnews5.com
205908,wcopage.com
205958,westernu.ca
206010,wanadoo-members.co.uk
206035,westlake.edu.cn
206051,winbond.com
206088,wrongplanet.net
206110,wheresgeorge.com
206128,warga123path.com
206150,webcontinental.com.br
206188,winline.by
206274,wmhs75.com
206299,webescuela.cl
206300,winpesa.bet
206327,wyzxwk.com
206425,wateronline.com
206436,www.idf.il
206440,worldabcnews.com
206449,winrar.com.cn
206468,wellsaidlabs.com
206560,wfanet.org
206577,wom360.com
206590,worldlifestyle.com
206678,weatherandclimate.com
206707,wtfpl.net
206773,w-bc.ru
206824,wise-social.com
206880,wisegeek.org
206908,wjra1736.com
206910,webconfs.com
206930,wiki-quicky.win
206969,welovecycling.com
206972,woolblanketonline.co.uk
206990,wishadmin.com
207014,wiley.law
207029,weekly-wiki.win
207070,wdwd11.com
207095,world4machines.com
207232,wochenblatt.de
207317,wijsverbeteren.nl
207332,wolterskluwer.it
207346,wemesh.com
207356,webhaus.com.br
207367,webstyle.ru
207375,wunderwelt.jp
207394,webnode.se
207551,wellwiki.org
207571,wtobet.com
207619,wer.pl
207704,weifansub.com.br
207783,wizja.net
207832,woorden.org
207854,wmatch.app
207877,waystar.com
207980,wxc.edu.cn
207984,woman.dk
208004,wholelattelove.com
208053,weavatar.com
208173,waterdropfilter.com
208289,wtb28.com
208302,wymetro.com
208303,wxgljzzs.com
208354,wolet.lt
208360,wjcha.com
208362,wsb.pl
208365,website.xin
208395,wisaidc.com
208412,welcomeargentina.com
208452,wearego.com
208464,west63rd.net
208489,webrahost.ro
208529,wbcomdesigns.com
208532,websas.hu
208538,walmartstores.com
208550,wkb.jp
208560,www1.biz
208607,webrtc-experiment.com
208608,w-holdings.co.jp
208654,w-off.com
208713,wixfilters.com
208716,wetter.net
208724,webmad.de
208743,webma.net
208796,waitwell.us
208805,wave2.io
208886,wellster.tech
208909,westminster.edu
209099,win65611.com
209124,woodvuqb.qpon
209126,wpb.org
209147,wildfunny.online
209169,woonkeus-stedendriehoek.nl
209177,wiki-view.win
209230,wbcw.org
209261,wentronic.pl
209265,wilddbgh.qpon
209266,w3open.com
209284,waynecounty.com
209322,wildhatsofficial.com
209329,wiremesh-zhejiang.com
209376,wittenstein-group.com
209398,weidns.com
209417,wikinoticia.com
209454,wdrb.work
209489,wallpapercat.com
209503,weselezklasa.pl
209515,wdlinux.cn
209587,w67aw.shop
209673,wfosaas.com
209766,westmotors.by
209775,wayofleaf.com
209781,worldwidetelescope.org
209792,wowpic4.store
209800,wine-world.com
209839,whiskyshop.com
209842,webcitz.com
209851,warchild.org.uk
209857,woddlebaby.com
209873,weather-in-calendar.com
209881,wildfiretoday.com
209915,wevolver.com
209942,wenzhiyang.com
209984,webpin.com
209987,winterthur.org
209995,webminology.com
209998,watchtime.com
210021,winorio.org
210059,weleda.com
210126,walsall.gov.uk
210169,wolfpaw.net
210212,warentuin.de
210251,wallpapers-clan.com
210265,weekendoffender.com
210292,whatpart.co.uk
210313,webceo.com
210340,wehelp.ru
210355,wondershare.es
210390,websoulhost.com
210409,wfwf477.com
210445,wfwf472.com
210632,wilgo.ai
210633,worldcdb.com
210709,whih.nl
210778,wake.nc.us
210833,webhostkenya.co.ke
210842,watersort.live
210845,wcoilhosting.com
210847,weststigersforum.com
210850,winesinfo.com
210925,wftoon215.com
210926,wfwf467.com
210957,whois.mx
210988,wbaboxing.com
211004,wsteamcommunity.com
211019,webbzonen.se
211033,welovecouture.com
211048,wondershare.jp
211076,wincofoods.com
211217,wiht.link
211221,wangzeyu.com
211242,wintega.com
211244,wayke.se
211268,wwwroot.net
211302,welcomeleeds.com
211322,wawsome.com
211395,walmrt.us
211398,witrigs.com
211405,wnan1126.top
211417,wslqob32asi.com
211492,wordplay.com
211497,walgreenco.net
211498,wonderlandpuzzles.com
211550,wiaawi.org
211657,whbdyx.com
211663,wajas.com
211719,wja520.cc
211744,winchestermysteryhouse.com
211789,wyszukiwarkakrs.pl
211820,wiki-dale.win
211821,woodstock.org
211823,wrexhamafc.co.uk
211863,worldclassfashion.com
211878,wandbansoswin.com
211951,webhostsg.com
211967,wavea.cc
211988,wikivet.net
212063,web24.com.au
212068,wolkvox.com
212072,wikium.net
212143,waru.edu
212164,westtel.ky
212184,whichmuseum.com
212237,wame2030.org
212279,wicjkpage.casa
212290,welcomesearchers.com
212310,worldaidsday.org
212351,whatpiece.com
212400,wiwonder.com
212467,withyouhamesha.com
212619,wfwf468.com
212620,wfwf470.com
212812,w4zwkz.com
212813,w88quanthanh.com
212814,waeup.org
212815,warungjago368.com
212816,wc777f.com
212817,wellness-pro.com
212818,whiffculture.com
212819,wjwin12.com
212820,wowabc.com
212821,woz33m.com
212878,wizhosting.com
212907,wuxiaworld.eu
212911,wunu.edu.ua
212942,wings3d.com
212970,webconsultas.com
213009,weblink.com.br
213023,wp-umbrella.com
213077,wirelessestimator.com
213095,webcat-solutions.com
213120,wmnf.org
213126,weddingforward.com
213143,winentrytoday.com
213202,wiki-fusion.win
213228,wtwt330.com
213248,wedia-group.com
213252,wavestone.com
213277,whitellllshop.icu
213279,webster.it
213290,wpnrtnmrewunrtok.xyz
213394,wapwon.com
213398,welcomehomerestorationproject.net
213406,webnowmedia.com
213462,williamsfamilytree.co.uk
213508,wholesalejerseyslan.com
213525,wo.to
213587,webzdns.com
213695,whatagraph.com
213706,worldwidejournals.com
213711,weekweather.com
213726,widgetwhats.com
213733,wellgames.com
213882,westbroadkia.com
213927,wxadserve.xyz
213978,w1996.casino
214042,webcloudns.com
214079,wqtt.ru
214096,weatheravenue.com
214100,whig.com
214133,webruimtehosting.nl
214175,wogibtswas.de
214208,wingarc.com
214932,w0l3stogelmenangterus.com
214933,wang19.co.kr
214934,wbpds.gov.in
214935,webga88a.cam
214936,wehie6ld.com
214937,wftoon214.com
214938,wfwf458.com
214939,wfwf459.com
214940,wfwf462.com
214941,wfwf463.com
214942,wfwf464.com
214943,wfwf465.com
214944,wfwf469.com
214945,wfwf473.com
214946,wfwf474.com
214947,wfwf475.com
214948,winwin4dx51.com
214949,wwwbesttogel.com
219740,waada.pk
219741,waccoe.com
219742,wagiplus.org
219743,wahid.sa
219744,waje.bet
219745,wajegame.com
219746,waku2-hiroba.com
219747,walletnest69217554.com
219748,wamis-odisha.gov.in
219749,wapcraft.net
219750,warehousingsite.com
219751,warjackmoon.com
219752,warkopfive.xyz
219753,warkopgaming.com
219754,wartablegames.me
219755,wartank-id.net
219756,warungbettol.com
219757,waspa.org
219758,watchoerotic.com
219759,wateen.com
219760,watsplus.app
219761,wavefiber.co.in
219762,waw.su
219763,wawa.ne.jp
219764,way2.bet
219765,wbgng.com
219766,wbpscupsc.com
219767,wbsuexams.net
219768,wc777e.com
219769,wc777i.com
219770,we-cname1.com
219771,weareclariti.com
219772,wearmee.sk
219773,web-tacs.com
219774,webcuputoto.com
219775,webdoujin.com
219776,webinsurer.gr
219777,webjob.jp
219778,webmax.asia
219779,webmax.com.my
219780,webmax.live
219781,webmaxtech.com.my
219782,webnhathuoc.com
219783,webpack2.jp
219784,websal.com
219785,websoccer.jp
219786,wegotexposed.vip
219787,weldlogic.com
219788,welfan.shop
219789,wellnessforever.in
219790,wenpay.live
219791,wepay.services
219792,westerncrm.com
219793,wfl-88.net
219794,whatsago.com
219795,whatshome.net
219796,whiteslotspro.com
219797,whitestorm.shop
219798,whn88-top.com
219799,whsaraa.ir
219800,wibu69ah.com
219801,wifishio.com
219802,wiicmenu-qrcode.com
219803,wiiwii.co
219804,wika123-best.com
219805,wild168.fun
219806,wildbansoswin.com
219807,win10k.com
219808,win999.win
219809,winauditor.net
219810,winbuzz.life
219811,winbuzz247.win
219812,windada.com
219813,winexch360.com
219814,winfair247.com
219815,winfastphfb5.com
219816,winja.live
219817,winlator.me
219818,winlootsweepstakes.com
219819,winluckwl.com
219820,winner11.live
219821,winner55bonus.site
219822,winner55bonus.vip
219823,winnerseduworld.com
219824,winnerwinnerchickendinner.co.uk
219825,wins88.net
219826,winzaa.me
219827,witanime.net
219828,wlg36.club
219829,wly5ro.com
219830,wolf777.co
219831,wolf777pk.com
219832,womansownmagazine.co.uk
219833,womansweekly.com
219834,wonder-gym.jp
219835,woninghuren.nl
219836,woomnow.com
219837,workforce.co.za
219838,worksboom.com
219839,workshopmate.com.au
219840,world77.co
219841,worldenglishinstitute.org
219842,worldxxp.com
219843,wottagirl.com
219844,wpu.edu.ph
219845,wtfwinfb9.com
219846,wuling338go.online
219847,wurthmex.com
219848,wvip.win
219849,ww2piom3nbhu6dwud.com
219850,ww3pomnhujdwwd.com
219851,ww4dwadwadawda.com
219852,www-nekopoi.id
219853,wwwwwwwwwvwwwwwwwwwwww-tudou.com
219854,wyrta.com
219855,wyslotwallet.fun
220098,web-wings.net
220104,wayfarerweb.com
220138,waterpik.com
220142,wels.net
220163,weltderphysik.de
220201,wing.com
220224,woningstats.nl
220258,whichbingo.co.uk
220306,watercorporation.com.au
220326,walkmeqa.com
220334,wxmsit.cn
220430,we-time.net
220449,withintelligence.com
220479,wikiindex.org
220517,willcookforsmiles.com
220548,widegreat.com
220560,wordans.com
220574,waukeshacounty.gov
220576,web-life.co.jp
220687,wodedns.com
220700,winfinity.live
220753,wdwebdnsn.net
220826,woc88.com
220895,wintzz99.com
220896,warwick-castle.com
220902,wowapp.com
220937,wyecliffe.com
220976,wolftrap.org
220983,wakeskating.com
221051,wws-gs3.com
221151,wonderbox.com
221165,writecream.com
221231,walter-tools.com
221240,wislakrakow.com
221258,wilmettelibrary.info
221267,wxtdhc.cn
221288,wefish.app
221373,ww-cdn.com
221387,wwin.cloud
221480,werdenktwas.com
221510,waronwant.org
221590,webratio.com
221630,wausaupilotandreview.com
221635,worldviz.com
221637,workle.ru
221657,westminsterkennelclub.org
221761,waubonsee.edu
221784,wenxing.net
221807,wakegov.com
221815,whfqjc.com
221828,webuilders.com
221886,waa2.in
221910,welltex.ru
221920,webclick.mx
221941,websitegoodies.com
221955,wbk-dev.de
221965,wregional.com
222037,webservis.ru
222041,worldwidedx.com
222056,webscope.com
222085,worc.ac.uk
222114,wzyykj.cn
222169,web.ca
222175,woodard-furniture.com
222187,wiseasy.com
222288,writetothem.com
222290,winitpro.ru
222313,whosonlocation.com
222402,woo.org
222420,weyesimg.com
222424,wkossclsaleklddeff.is
222464,whyfiles.org
222491,worksgatorkindoc.com
222509,wowpic5.store
222533,woning-unie.eu
222550,webhost234.com
222561,woody.ch
222565,wp-statistics.com
222567,wbpsites.com
222578,wulfandlamb.com
222615,wavesupboards.com
222670,wshuo.net
222680,worldbulletin.net
222688,wnu.com
222776,woodbine.com
222795,wyxgcc.com
222870,weed.de
222916,wperp.com
223009,worldstandards.eu
223020,websline-sys2.com
223041,wsaie.net
223052,wedhub.ru
223107,waybuilder.net
223122,webservershield.com
223123,wizard.com.br
223137,worldbenchmarkingalliance.org
223144,wpsquared.site
223155,whox.is
223173,wantel.net.br
223188,wingbank.com.kh
223224,wisemove.co.nz
223227,wine.style
223263,wikitide.org
223291,wikiprocedure.com
223359,wp.one
223365,weence.com
223377,welqum.com
223390,washtenaw.org
223400,woodstockoutlet.com
223455,whlwell.com
223459,wisdom.audio
223545,wonderbk.com
223553,webikeo.fr
223656,wjgrgas.com
223684,webshark.hu
223715,wealthcareportal.com
223717,watfordfc.com
223785,webnethost.net
223787,wattgaming.com
223850,webelement.ru
223867,wifey.com
223871,wplug.org
223903,womenforwomen.org
223951,weatherology.com
223984,wafracloud.net
224091,webfusion.co.uk
224108,warmbreeze.baby
224127,widia.com
224128,wer-zu-wem.de
224237,w30.dev
224250,warandpeace.ru
224284,wisaidc.co.kr
224287,wieheeftgebeld.nl
224297,wiki-byte.win
224361,wtchn.net
224403,wisperisp.com
224430,waltrop.de
224444,webhostingforstudents.net
224450,wildchildfreeschool.org
224470,wdfxw.net
224543,webservicesrl.com
224548,web3forms.com
224551,wifenow.net
224562,wikimediacloud.org
224601,we-chat-social.com
224614,welcomepage.ca
224631,woodfordreserve.com
224650,waschbaer.de
224706,wxxad.cn
224709,westacademic.com
224762,worldairportawards.com
224807,winet.cz
224824,workshop-manuals.com
224882,woodstovepro.com
224894,weberhaus.de
224949,wn51.com
225028,wolkdirekt.com
225050,webglobedns.com
225111,wsba.org
225129,wapcar.my
225131,wboxc.com
225175,warmy.io
225227,wilsonparking.com.au
225289,wasputtinghish.com
225307,wazamba.com
225316,warnermusic.com
225344,wbidder.online
225409,webestools.com
225459,webcambabes.nl
225471,wallpaperup.com
225503,wway.io
225603,winet.de
225621,warwicks.com
225633,wowvendor.com
225641,wepartytt.com
225753,webspot.com.br
225781,weho.org
225804,warpspeedvpn.com
225809,wanyplace.de
225828,weeboo.vn
225864,wikiblah.com
225877,wrestlingforum.com
225884,webversatility.com
225932,worldrelief.org
225970,weweb.io
225971,wellnesssciencehub.com
226030,we-dns.com
226075,woodenboat.com
226244,wildsinofrance.net
226262,wheninmanila.com
226391,wakeup-world.com
226426,wertgarantie.de
226438,will-wright.com.cn
226514,winehouse.com.au
226515,welodata.ai
226547,wvlbr.com
226626,wigs.com
226667,wineindustry.ru
226694,wisp.gg
226733,wit.edu.cn
226790,wkryty2ug.com
226798,wauding.com
226890,wildernessdestinations.com
226908,wmd-hosting.com
226970,whistleb.com
226979,wilddns.com
227057,worldeconomics.com
227167,wsscwater.com
227184,wh-satano.ru
227215,webportalapp.com
227242,wallsauce.com
227258,windheure.com
227271,wutao.cfd
227289,wemacom.net
227397,worldinternetworkcorporation.com
227441,wsprnet.org
227442,whalesbook.com
227446,wefitlingerie.com
227467,workforceready.eu
227524,weatherworld.com
227543,websunday.net
227561,weitenai.com
227577,waternet.nl
227592,willsoor.eu
227598,wolfswinkel.de
227603,winboard.nl
227621,watchfire.com
227627,whitebookmarks.com
227689,wingtactical.com
227698,wedo.tv
227769,way2pay.ir
227794,webantenna.info
227807,wzjx.cn
227829,willyoube.com
227844,westendtheatre.com
227863,wuqang.com
227883,wwoz.org
227899,wzp.pl
228011,wliw.org
228093,wisestep.com
228118,wfu.edu.cn
228122,worldpolicy.org
228137,wernerchrist.com
228158,wikimini.org
228199,ws6project.com
228270,wicket-keeper.com
228271,wallism.com
228277,webpower.ru
228303,webscountry.com
228330,watchdog.org
228376,wingsurferjournal.com
228385,welltel.ie
228519,werkstraat.com
228530,warwickshireworld.com
228538,wmmail.ru
228548,wcase.net
228626,watchesofswitzerland.com
228627,wedropify.com
228640,winterhalter.com
228674,woodweb.com
228679,wkzo.com
228761,wanelo.co
228793,wmu.edu.cn
228809,whiteteak.com
228900,wooba.com
228926,wetlook.com
228933,watchfireignite.com
228966,wbfo.org
229103,w4m.rs
229125,woodyyamur.link
229127,wantubizhi.com
229187,well-comm.ru
229295,wikileaks.ch
229316,wmo.ch
229349,walibi.nl
229379,wellsaid.io
229396,wit.edu
229408,walottery.com
229410,wallpapers4screen.com
229475,waiyuyun.com
229498,walling.app
229503,wdtidc.com
229508,webscale.com
229515,weserver.eu
229528,wlg.team
229530,wuhanjinghe.cn
229573,webtrn.cn
229660,williampitt.com
229682,wanktube.tv
229724,wp-host.gen.in
229782,webtasarim34.com
229816,wolverinesports.com
229839,watchmygf.me
229943,womenandtravel.net
229948,wokv.com
229978,watermarkly.com
230006,welcomebc.ca
230012,werft.one
230047,windrivers.com
230063,wklnoe.com
230077,workcast.com
230122,world-airport-codes.com
230223,webb-site.com
230259,websiteworld.com
230272,wedj.com
230278,wp-pagebuilderframework.com
230314,wvi.com
230339,webads4you.com
230391,workplacepure.com
230394,walterwrites.ai
230397,watchfreejavonline.co
230433,wj10001.com
230445,worldliteraturetoday.org
230460,worldbookday.com
230471,whatsyourgrief.com
230501,wpl.ru
230512,wikihow.it
230520,weblizar.com
230538,wavenet.co.uk
230576,wirral.gov.uk
230591,wavv.com
230630,wordhtml.com
230646,wjunction.com
230656,world-net.co.nz
230657,waterwareshowrooms.com
230699,wisconsinrapidstribune.com
230881,wwow.com
230893,wga.com
230945,waltdisney.org
230976,wmcdns.com
230990,warmup2.xyz
230995,wetterauer-zeitung.de
231060,wistron.com
231163,weatherandradar.co.uk
231185,waikatotimes.co.nz
231217,watchmi.tv
231258,webgraph.com
231297,wondermark.com
231332,windows93.net
231336,wrotapodlasia.pl
231361,wondershare.fr
231367,wshttpdns.com
231380,whymy.ru
231425,wrzuta.pl
231449,whiting-turner.com
231460,weibanio.cn
231571,wcc-cloud.net
231613,witchery.com.au
231627,wiki-planet.win
231706,wheelswingshobbies.com
231764,worms.de
231767,wmd-cloudlinux.com
231778,wpthemego.com
231796,wanstag.com
231850,webhostingpremium.com
231876,wanttoknow.info
231935,western.edu
231946,wieers.com
231954,webvp.ru
231964,whitesolutionllc.com
231969,wyseservers.com
231990,wrestletalk.com
232004,wilkinson.co.uk
232034,wisintl.com
232051,wagouji.net
232082,wdhn.com
232143,webproserver.com
232158,wxthzx.com
232296,wenext-ludo.chat
232309,wordincontext.com
232312,wwv4.com
232324,worktile.com
232327,woburntoyota.com
232382,world-evolved.ru
232426,wolnext.com
232434,wolfhugel.eu
232441,wattuneed.com
232450,webwork-tracker.com
232455,wristo.io
232498,wjthinkbig.com
232505,wiatel.net
232541,wego.com.ng
232740,whdns.net
232757,workaround.org
232801,w-0-x-j.com
232807,wrox.com
232813,whiskyadvocate.com
232907,woodsrogers.com
232941,weka.fr
233015,wisns.net
233122,woundieltxu.monster
233161,webnode.be
233162,webtenerife.com
233225,webassessor.com
233231,worldmag.com
233259,webpkiplugin.com
233288,wufoo.eu
233330,web3d.org
233336,wingon-travel.com
233383,wisdomquotes.com
233387,wuzhou.gov.cn
233404,westdc.net
233522,whapi.cloud
233554,workosdns.com
233594,watchstyle.com
233618,winegard.io
233670,wpcdna.pl
233737,warmupserver.net
233744,woodyjobs.com
233752,warchestboutique.com
233768,warsen.al
233848,wearegrowthhack.com
233858,wzu.edu.tw
233896,watchcartoononline.video
233977,westfalia.de
234041,wnmc.edu.cn
234103,wego.com.ph
234120,wienbibliothek.at
234128,watsons.com
234163,webtro.kr
234195,wanxinly.com
234265,webnoz.com
234299,workplacefairness.org
234317,weilaizongcai.com
234319,wenke99.com
234354,wadua.io
234413,wholehogsports.com
234422,whiteonricecouple.com
234434,wallissimo.art
234443,wirexxxtube.com
234507,wattedoen.be
234567,wikigroom.ru
234581,watches.com
234676,wexbo.com
234683,watchfinder.ie
234730,webmasterpro.de
234764,wpd-group.com
234799,wznet.com.br
234805,west-wind.com
234860,weekly-net.co.jp
234864,whattheythink.com
234879,weacom.ru
234888,windowscontrols.com
234901,woodlandsonline.com
234914,wild.io
234953,web2edu.ru
235096,webscribble.com
235139,webrootmultiplatform.com
235166,wotexpress.info
235177,wkap.nl
235197,websystems.com
235215,wgtmobile.com
235223,woojincopolymer.co.kr
235250,wxvote.cc
235289,wrzesnia.pl
235302,wfuv.org
235307,wbdscreeners.com
235311,wiguru.org
235320,webcruiter.com
235478,webastro.net
235499,wanderlust.com
235505,warez-host.com
235531,wavebybemobi.com
235533,wnetsystem.com.br
235536,warpradio.com
235637,whitbread.co.uk
235691,weekend.at
235731,wormax.io
235741,williamblair.com
235779,webydo.com
235783,wonolo.com
235799,www8-hp.com
235827,wordsanswers.info
235861,windows.day
235917,whoam-i.com
235920,webhosting-server.com
235937,wtaq.com
235997,workflowmax.com
236144,woodpeck.com
236147,wifimotion.io
236169,weirtondailytimes.com
236289,wagestream.us
236354,walkersoutdoors.co.uk
236368,whataboutnews.com
236414,whatson.plus
236444,wer.ru
236456,wpkmon.com
236460,wiki-saloon.win
236461,wendangmao.net
236517,wikipidia.org
236521,wigmore-hall.org.uk
236692,watch4beauty.com
236715,wallaroomedia.com
236726,wavoip.com
236801,wildlandfirelearningportal.net
236832,wm.pl
236850,wharfttidc.com
236889,walgreensbootsalliance.com
236938,wetvag.com
236957,w-dog.ru
236979,williot.com
237002,wolai.com
237004,wikihow.tech
237079,warn.com
237120,waywaywest.com
237130,webability.io
237274,wireless.radio
237401,wikiredia.com
237421,webheads.co.kr
237438,wpewaf-east.com
237483,widzew.com
237503,wchat.mobi
237600,wting.info
237605,wmfusercontent.org
237661,widelyolsa.one
237676,wentrow.media
237750,wallpapersok.com
237788,wizardofvegas.com
237826,w-credentialless-staticblitz.com
237838,wsgargentina2022.com
237863,web4all.at
237953,wiki-neon.win
237971,webrootdns.net
237979,wikiarms.com
238030,westcoastseeds.com
238038,wishslot.top
238040,wnoz.de
238052,wws-channel.com
238110,warhammer40000.com
238165,wikiznanie.ru
238166,wikigenius.org
238176,webshop.nl
238186,wfrcdn.com
238196,westsiderag.com
238262,wlzafmlss.cc
238360,wpgeodirectory.com
238424,wtgjuu.com
238428,worldpokerdeals.com
238430,williamsonsource.com
238441,welgmedya.com
238470,webserve.com
238529,woorise.com
238542,worldclimbing.com
238549,wirwinzer.de
238574,whats-on-london.co.uk
238586,werelate.org
238592,ww-ag.de
238602,webbestporn.com
238632,windward.ai
238655,walleniuswilhelmsen.com
238679,winterparkresort.com
238721,walker.ru
238736,webodns.com
238751,wangbeibei.xyz
238781,webasyst.cloud
238905,wasabiweb.se
238910,winonadailynews.com
238914,webarchitects.co.uk
238924,wojjie.com
238925,windyty.com
238974,webhosting1st.com
238977,wool-wiki.win
239069,winwin.rs
239109,wagggs.org
239115,worktruckplace.com
239131,wego.co.za
239146,woodhousespas.com
239164,worksheetshq.com
239182,winoramacasino.be
239207,wineindustryadvisor.com
239255,wirth-horn.de
239262,winimage.com
239284,weatherstack.com
239304,webgoodeta.com
239460,warhistory.org
239492,wandaservices.net
239493,wcbstv.com
239506,wifebar.com
239518,webstore-internet.com
239562,walkertek.com
239579,wwevents.fun
239602,wareztuga.io
239654,watt-pad.ru
239682,wordspy.com
239683,wv.pt
239694,wemdoo.com
239717,watch.ru
239733,wlrus.lol
239782,win1xbet.com
239800,wbstudiotour.jp
239842,wem.ca
239900,wetten.com
239929,wanderlustmagazine.com
239980,wellcomeopenresearch.org
239985,wmchealth.org
240016,weezer.com
240029,watercountryusa.com
240200,wz-newsline.de
240206,wantiku.com
240261,wialon.us
240298,wintrust.com
240311,wondershare.com.br
240317,weldingweb.com
240376,webcal.guru
240403,wibiya.com
240407,worldenergynews.gr
240548,wcoil.com
240554,wec512.com
240558,welzo.com
240599,whtc.com
240607,w205.pl
240642,wxdzs.net
240686,webkur.net
240705,workdayclocks.com
240721,www.net.kg
240759,weatherstem.com
240770,webdevworld.com
240774,wiwiuku.com
240781,waycdn.ru
240790,whcm.edu.cn
240816,wappi.pro
240844,wybory.gov.pl
240855,wdvsc7.com
240895,wilwood.com
240914,westnetz.de
240919,windows101.com
240993,wcc.edu.in
241032,welocalize.com
241089,ww2aircraft.net
241123,windyslot.com
241144,wemix.com
241193,wbdprivacy.com
241195,watlow.com
241260,wei7135.com
241306,webmailious.top
241307,workplaceinsight.net
241334,webteamconcept.com
241356,websiteinc.com
241458,webhaus.ro
241505,wanttoknow.nl
241511,wattoo.dk
241523,worcester.ac.uk
241582,whiteroseeducation.com
241601,wiki-mixer.win
241640,workona.com
241645,webexapps.com
241653,wgea.gov.au
241661,wolterskluwer.pl
241714,wiki-legion.win
241715,webhosting4.net
241746,winnerstudio.vip
241777,waterford.com
241780,weforads.com
241787,wartburg.edu
241866,widum.ru
242084,wbstatic.net
242113,webfic.com
242131,worldipv6launch.org
242152,westman-atelier.com
242175,wddx.net
242248,whitedns.space
242367,webprivacysearchtool.com
242375,whatanswered.com
242385,wedevit.ro
242387,werner.com
242419,wetestyoutrust.com
242430,winkworth.co.uk
242432,wordafterwordbooks.com
242479,wpfastestcache.com
242489,wenyueyd.cn
242505,wadmp.com
242588,withersworldwide.com
242597,whitelabeldomein.eu
242629,worthy.com
242689,wkits.eu
242691,wiki-cable.win
242711,wellnett.at
242753,wycliffecollege.ca
242794,wrc-check.com
242880,westele.com.ua
242895,woodencork.com
242937,warda.at
242942,westernpower.com.au
242951,wernerkia.com
242962,whirlwind.nl
242975,whotrades.eu
243005,webkdcdn.com
243137,wmaci2019.com
243228,weerlive.nl
243256,wukongtongji.com
243346,worldnaturenet.xyz
243375,webshoptrustmark.fr
243378,wdtvlive.com
243392,workmsg.online
243404,woocasino.com
243475,whfstar.com
243538,w-match.com
243550,welcomingeurope.it
243553,wdndns.com
243669,wrappixel.com
243672,wpserver.pro
243685,wayve.ai
243724,warface.su
243740,waltersbuildings.com
243744,watch-faces-gallery.com
243810,webhotelli.com
243888,webindyahosting.co.in
243917,webpont.com
244013,wns.live
244019,witghosting.com
244052,worldofwarships.ru
244065,walaw.press
244070,wiki-net.win
244115,wakefieldexpress.co.uk
244132,wpsu.org
244185,wedesignthemes.com
244196,wotonet.com
244203,where-you.net
244206,waterlanternfestival.com
244213,wanex.net
244219,winowe.com
244253,wordsrated.com
244265,wsau.com
244279,welovefrugi.com
244361,webhostingva.com
244417,webstartechnology.ru
244428,woltermanlaw.com
244452,whatslly.com
244482,woodeedoo.com
244494,wettformat.com
244618,wrdsb.ca
244645,wooof.co.uk
244668,wemixplay.com
244849,wificity.com.ph
244859,wonkhe.com
244894,wqehjyz.com
244914,witopia.net
244986,walmartapis.com
245037,websiteseochecker.pro
245038,westvalley.edu
245059,wilcoworld.net
245062,webdiscovery.ru
245089,webelapp.com
245150,wk-serv.de
245155,writepaper.com
245209,wynd.network
245214,webforti.com
245252,winmart.vn
245309,wowessays.com
245359,wolframscience.com
245360,whrin.site
245367,waic.jp
245428,wrappiness.co
245438,wx0411.cn
245479,wasarangduit.org
245491,wavedns.de
245514,wolfandshepherd.com
245564,webfiddle.net
245611,wineberserkers.com
245686,worldrealize.com
245710,wegotravel.ma
245789,wsigenesis.com
245845,wibu.com
245863,watsons.ua
245869,worldofghosts.co.uk
245893,wiziq.com
245950,wepluck.com
245984,whitecapsfc.com
246104,weknowmemes.com
246108,wm-strategy.com
246144,whisperingpinescottages.com
246179,wartezeiten.app
246225,web-ae.ru
246263,wwwxvideos.pro
246266,wormyserhii.one
246284,worldofcardgames.com
246315,workbright.com
246321,wkjz.work
246350,wochenspiegellive.de
246394,whduma.com
246442,wnpower.host
246445,wavedirect.net
246529,waxsonit.com.au
246566,wcu.edu.et
246581,winkelstraat.nl
246607,waxmann.com
246611,weps.org
246644,wishesh.com
246679,worldmapper.org
246699,wisefamousquotes.com
246702,wander.com
246772,wittenberg.edu
246813,webmotoculture.com
246833,wacowla.com
246851,wayang88resmi.com
246872,warisboring.com
246912,we-wash.com
246915,walletron.com
246931,webline-dns.com
246977,wmccd.com
247023,web-highlights.com
247043,wp-dreams.com
247078,wia.cz
247154,wbrasilservidores.com.br
247189,weinbaule.de
247231,weweweb.net
247252,worldrainforests.com
247253,wienxtra.at
247274,wsew.jp
247367,wimbledon.org
247497,winorama-casino.be
247510,worldfishcenter.org
247519,webpark.ru
247614,wrestlingnews.co
247625,warmoth.com
247748,woebothealth.com
247758,westwing.fr
247805,wastewaterspecialties.net
247818,webfuture.co.kr
247832,warmteservice.nl
247869,wiki-club.win
247880,whitehorse.com
247933,ww2kh629.com
248131,watch-xxx-online.com
248212,webcd-dns.com
248224,worldlandtrust.org
248235,wp-modula.com
248269,weddingz.in
248306,what-when-how.com
248340,webcfc.com.br
248346,wondersurf.com
248391,wuppertaler-rundschau.de
248412,wltreport.com
248425,worldbridge.org
248474,wixstudio.io
248534,wabash.net
248579,wisdomtree.eu
248621,westlake.com
248670,whserv.de
248696,watermelon.ai
248722,webkassa.kz
248730,wenteightapy.com
248751,waterfront.co.za
248758,wtc2019.com
248772,worldstream.net
248784,whitelistdelivery.com
248797,wmt.dev
248805,wilcotx.gov
248892,wixstor.com
248960,winorio-casinoapp.com
249018,wallup.net
249019,wusa.sale
249071,wednesday-2-smotret-onlajn.online
249078,wangyitiao.com
249079,wacoca.com
249194,webnode.at
249199,whitebridge.ai
249272,web4.one
249283,wuhudj.com
249354,webaservers.net
249413,whychristmas.com
249442,worldcruising.com
249458,websitesekolah1.my.id
249577,wineflowers.com
249582,worksheetsfree.org
249655,walmartimages.cl
249752,wpp.ai
249806,webpartners.co
249820,watereducation.org
249847,warhammer-forum.com
249946,wiltshiretimes.co.uk
250015,windservers.com
250018,wifire.ru
250074,wisardigital.com
250105,webtretho.com
250231,waralbum.ru
250268,wireandcableyourway.com
250277,webvisions.com
250297,wscaduniverse.com
250324,web1000.com
250331,wowodekuku.com
250374,wyrdwalkerpress.com
250418,wblinkendow.com
250433,wittledefender.com
250465,wlhost.link
250481,wr.de
250584,wodc.nl
250586,wwcsupply.com
250594,webareal.cz
250607,winrock.org
250616,workingus.com
250651,willienelson.com
250652,wordtohtml.net
250663,wwpol.com
250819,wyomingnewsnow.tv
250932,working-dog.net
250941,wilearn.ch
251001,wnpecde3.online
251144,winter52.live
251159,webmail.ee
251173,wedemain.fr
251272,wananluxury.com
251360,weltbild.ch
251500,wusa.network
251512,wintersvacationsrentals.com
251521,whitworths.com.au
251569,webpros.com
251576,walkerdunlop.com
251602,wegabt.com.tr
251623,wyscout.com
251651,webtoonguide.com
251688,websitesepeti.com.tr
251704,weechat.org
251754,wch.cn
251761,wireimage.com
251774,woohoo.in
251788,wikipediaplus.org
251807,wfto.com
251818,wolf-of-wilderness.com
251842,wagner-group.com
251846,www2.ca
251850,wunderlich.de
251851,whoisbucket.com
251871,websitepro-cdn.com
251876,wilsonbrosgardens.com
251895,weshine.im
251973,winitss.cn
252008,weldonpc.com
252050,wipele.cn
252094,williamgibsonbooks.com
252096,wickedweasel.com
252188,wcomhost.com
252246,wu2knp561w.com
252262,walletdoc.com
252274,web.net
252288,worldheritage.org
252304,whatsplus.online
252363,wcfbc.net
252401,wintotal.de
252465,wazoodle.com
252568,wwm.ua
252608,wiki-site.win
252627,wooltariusa.com
252634,wileyx.com
252681,weaverhardware.com
252742,webeyecare.com
252759,weatherstreet.com
252802,wakafan.com
252844,wilted-switch.com
252851,webdnsprovider.com
252958,whylolycry.cfd
253006,web365.ro
253027,wminewmedia.com
253057,waclighting.com
253146,wooripage.net
253184,witbe.net
253187,whats.link
253208,wangchao.net.cn
253343,wwf.eu
253389,westshorehome.com
253449,wolfswinkel.nl
253458,websitecname.com
253468,worshiphousemedia.com
253488,woodgreen.org.uk
253513,washerhouse.com
253539,wstel.com
253562,web-strategist.com
253621,websrv01.de
253622,wifflegif.com
253628,writeaprisoner.com
253634,whidbey.com
253639,workitdaily.com
253753,woodlanddirect.com
253755,win444.mx
253760,wuxiguantong.com
253763,wizzou.com
253815,weward.app
253912,wwnd.space
253919,worldfirst.com.cn
253937,webcamsex.nl
253966,worldoemparts.com
253980,womenwhocode.com
254039,worldbook.com
254084,wedare.pl
254128,willisklein.com
254144,wordyguru.com
254201,wolvesforum.co.uk
254217,webpage4less.com
254277,web4a.eu
254286,wv3.io
254441,welldungeon.online
254465,webartesanal.com
254502,wsw-online.de
254535,wahyuvilla.com
254574,wind-energie.de
254576,wintips.com
254579,worldfoodprize.org
254590,welcomnet.fi
254665,wayacross.net
254708,wfpl.org
254840,wecars.co.jp
254848,withaltis.com
254860,webtoolhub.com
254935,wallblush.com
254948,winnipesaukee.com
254951,wbnsou.ac.in
255045,wusa.lol
255053,wydaily.com
255055,walmartmoneycard.com
255151,waternwine.ca
255198,wolf-smartset.com
255214,wocial.com
255330,wondermural.com
255359,weirdgames.info
255370,wwfindia.org
255392,wthsites.com
255429,weichai.com
255447,world-direct.at
255458,winnebago.com
255514,wicked.com
255547,wwe2k.com
255601,widuro.de
255612,who-umc.org
255619,waifubitches.com
255687,wbtvd.com
255761,wba.com
255771,webbkryss.nu
255797,wolfpn-v2.com
255804,wandertrivia.com
255807,wowgirls.com
255814,withfaye.com
255862,wealthofgeeks.com
255893,worpress.com
255917,wokingham.gov.uk
255962,wasserundsteine.de
255985,wm.cz
256003,winparts.net
256022,wlz-online.de
256025,wikimd.org
256055,weltwoche.de
256146,whiskyauctioneer.com
256161,wokewaves.com
256238,wtagiryvh.work
256240,worldjaguar.com
256241,weao.xyz
256278,wbiwckjzg.fit
256295,wescover.com
256327,wdqnrqkr.lat
256334,wmm.com
256472,wideo.co
256495,wenxiaobai.com
256501,weblovers.se
256515,worldwidecyclery.com
256535,webhostingcanada.co
256536,wdu.ac.kr
256582,westlakedermatology.com
256625,worldenergyoutlook.org
256656,wellkeptwallet.com
256675,whiz.to
256679,weddingwindow.com
256682,wijzeringeldzaken.nl
256696,whotv.com
256703,waragod.bg
256739,webgameapi.com
256746,w3-api.com
256759,wbcom.info
256772,wego.ps
256783,watchfacebuilder.com
256816,wanqianyun.cn
256840,westernslopenow.com
256846,wfi.re
256889,wealthcare.com
256915,wowkorea.jp
256934,worldsoccer.com
256984,wckisses.com
256996,wisepdfreadpdf.com
257041,wer-war-hitler.de
257131,wiki-wire.win
257152,workcoverqld.com.au
257192,wills.co.jp
257266,woodspring.com
257407,worldwithoutwire.com
257428,wearheart.cn
257432,wed114.cn
257513,westnorthants.gov.uk
257572,wellsky.io
257602,w3docs.com
257687,weathertap.com
257741,wctatel.net
257749,writerospzm.shop
257754,workpermit.com
257829,web-z.net
257845,whisky.fr
257846,winstanleysbikes.co.uk
257858,wesbanco.com
257861,warrington.gov.uk
257913,wi-power.com
257918,woyecailan.com
257929,webbfabriken.com
257931,weatherfordflooring.com
257946,win66.casino
257959,wwu.de
257998,wheebox.com
258010,westernalliancebancorp.com
258038,whitelabelfox.com
258049,wikikids.nl
258077,whooshusa.com
258078,webcomic.ws
258081,wightlink.co.uk
258090,wedding.net
258092,weirdcdn.com
258254,wetrip365.com.cn
258289,winxuan.com
258325,wilco.org
258395,wame.chat
258420,wmlmnews.cn
258488,whatiscrowdstrike.com
258491,wildearth.com.au
258530,werally.in
258560,wspfibra.com.br
258584,wxtdhc.com
258589,wb-cloud.ru
258629,www-pool.de
258679,webagentur.hosting
258692,websjcdn.com
258874,wildoakboutique.com
258879,writerswrite.com
258880,wabco-customercentre.com
258953,wallpaperbat.com
258991,weaverleathersupply.com
259007,watertechnologies.com
259010,walkerindustrial.com
259075,washoecounty.us
259079,way2enjoy.com
259131,webportal.com.my
259187,wswebcdn.cn
259358,worldofwarships.jp
259379,wombatdns.net
259387,wetv.com
259393,watchzb.com
259405,whmi.com
259427,whatchats.com
259433,webhostlayer.com
259448,wizehire.com
259498,workforcehub.com
259542,wfsierraleone.org
259573,wnyric.org
259580,warroom.org
259627,whoosh-bike.ru
259689,wibox.fr
259709,wifefans.com
259721,webbuilding.ru
259734,websitedevlober.com
259782,wsztest.com
259812,waplus.io
259819,wiwi-treff.de
259858,wuytt.com
259876,winchesterguns.com
259921,webcambelle.com
259977,weathercompany.com
259987,whatweather.today
260003,worldofwarplanes.eu
260012,wanqiyun.com.cn
260027,wogx.com
260070,whitmanarchive.org
260076,winnersandwhiners.com
260087,wijnhuisbollaert.be
260153,worldreachsoftware.co.uk
260161,wpanet.org
260338,wtc7.net
260361,wfs.games
260381,willap.jp
260412,wallester.com
260466,westmusic.com
260469,wernerbrosauto.com
260475,westernadvocate.com.au
260515,workinsports.com
260544,wiweb.ru
260546,wrapbook.com
260556,webplanet.ru
260649,wpsgha.com
260786,wvstateu.edu
260820,watchfront.net.uk
260829,whiznews.com
260837,weber.cloud
260850,weerslag.nl
260880,warnerbros.de
260904,wealthprofessional.ca
261013,wangyin.com
261014,wellingtonnz.com
261040,whxrsffx.com
261072,webdo.tn
261090,westmidlandsmedia.co.uk
261094,wightfibre.com
261118,winchestercaravans.com
261121,wholesalepricingnow.com
261140,wienerschnitzel.com
261172,wxgyjz.com
261181,well-health-app.com
261207,wunderapps.io
261215,wsfsbank.com
261252,winible.com
261338,winwin7.com
261370,winternet.com
261400,wtycms.com
261418,wrapmamashop.ro
261424,wfin.com
261438,warspear-online.com
261491,westcoastuniversity.edu
261510,webtrackiq.com
261555,worldwayelec.com
261673,wargear.net
261717,wellesleybooks.com
261756,weban.de
261884,welcomenepal.com
261898,webhosting.coop
261951,weatherandradar.com
261965,weather365d.com
261977,webpackaging.com
261984,wannar.com
262008,wx18.net
262012,wifly.com.tw
262018,whatmedia.co.uk
262063,weilantianji.com
262074,winkler.com
262096,winex.com
262098,w7k.ru
262134,wusthof.com
262159,woodstreambrands.ca
262179,www-spaces.info
262187,whatsgps.com
262194,wishafriend.com
262213,wenjuan.pub
262220,windice.io
262258,wego.com.my
262297,wildlife.by
262365,wz-ga.com
262403,wowinc.com
262414,wfmd.com
262619,washington-hotels.jp
262643,warwickdc.gov.uk
262692,wiwibloggs.com
262737,wnmu.edu
262771,we0x.com
262809,westermo.com
262831,watchfinder.cy
262872,wantable.com
262897,wagtail.org
262905,wushu.net.tw
262931,writemyessaytoday.us
262940,wphashes.com
262941,weexcel.com
262971,windiescricket.com
263019,webage.net
263086,wbwaterdata.org
263139,winple.cn
263167,webng.com
263183,walkinlab.com
263198,webiplookup.com
263238,worldshipping.org
263303,watchug.watch
263354,wanjiayue.cn
263392,wingly.io
263439,wellandtribune.ca
263454,wpu.edu.sy
263489,west-lindsey.gov.uk
263511,web-enterprise.info
263546,workflowhub.eu
263547,whatthemovie.com
263553,wiris.cloud
263556,websupport.at
263596,waragod.gr
263604,websstats.com
263643,windycitytimes.com
263648,w-commerce.de
263664,wesco.fr
263679,wetterblick.com
263724,wankz.com
263736,wundertrading.com
263802,wsm-online-casino.com
263860,websiteswelcome.com
263875,wycuhleb.cc
263883,whatsbestforum.com
263884,wirtschaftswissen.de
263901,wonatrading.com
263922,wienerstaedtische.at
263948,wvlottery.com
264139,wrgitlab.org
264206,woolery.com
264226,westernwheel.ca
264231,worldvision.ca
264304,womans-days.ru
264323,warren-wilson.edu
264356,wordsense.eu
264367,wwwsex.fans
264369,wiggle.com
264382,website-server.net
264383,wmd-systems.com
264452,wellpcb.com
264476,waecgh.org
264516,win-now.co
264581,worksmobile.net
264603,wetzlar.de
264610,webexengage.com
264655,webelementinc.in
264692,wondermind.com
264754,webmarketingangels.com.au
264783,wvdnr.gov
264809,well-net.org
264819,worklife.hu
264860,whhxws.com
264885,wakamoment.tk
264890,workout.su
264892,weishucdn.cloud
264925,wuxia.sbs
264942,webyne.com
264986,webmecanik.com
264990,wildforkfoods.com
264993,wuxhqi.com
265017,works.gov.bh
265075,wikiilm.com
265117,wonderdynamics.com
265138,wnet.fm
265139,wiki-nest.win
265200,woodworkerexpress.com
265213,wolseley.com
265310,weathernationtv.com
265329,winchester.gov.uk
265346,w5swlauctions.com
265403,wedio.com
265416,whistleblowers.org
265421,washingtoncountyor.gov
265442,wxw.moe
265459,weston.com.sg
265477,wego.sd
265538,windowcleaner.com
265584,windguru.net
265586,weinan.gov.cn
265605,worldarchitecturenews.com
265621,wifehare.com
265667,whofish.org
265679,worldrajabandot.info
265689,wacky-flip.io
265737,wwex.com
265744,wsucougars.com
265782,wedgewood.com
265801,walrus.xyz
265890,winwholesale.com
265929,wrlc.org
265990,wumingfoundation.com
266015,webfxcapi.com
266054,weingartz.com
266094,whelen.com
266116,worldpornmovies.com
266152,webkul.in
266153,woolrich.com
266199,workday.com.cn
266231,wallawalla.edu
266237,watchfun.cn
266245,wataw.online
266276,wnt.at
266289,webcdn.ru
266299,wundermix.de
266304,wsktbf.net
266317,worldsporttiming.com
266353,worldscholarshipforum.com
266372,winenews.it
266377,wikigranny.com
266399,wiki-global.win
266402,winterust.net
266413,wirtschaftsblatt.at
266417,workflowcloud.com
266423,womensweeklyfood.com.au
266460,wpgmaps.com
266465,wondermapped.com
266479,wonderboxsystem.com
266492,wpgirl.com
266511,worldnewsdailyreport.com
266537,wondergame.sg
266598,wageningenacademic.com
266609,wealthcounsel.com
266610,worldnews.com
266642,weblog.to
266700,withsherpa.ai
266732,winlocker.ru
266758,wdr5.de
266763,weduka.com.br
266777,worldpartsdirect.com
266814,waltersdiscount.com
266820,wiki-aero.win
266828,wissenschaftsrat.de
266928,wanheyuchi.com
266944,webuildgroup.com
267098,woodyguthrie.org
267134,waysur.com
267243,worldmarathonmajors.com
267250,wowchina.com
267309,wx-xds.com
267339,wellsanfrancisco.com
267372,wezom.ua
267385,wsimag.com
267482,womankindmag.com
267575,worldonline.nl
267578,webhosternameserver.net
267657,winhostingserver.com
267659,wikiberal.org
267714,writing.io
267722,wikinvest.com
267728,wuhai.gov.cn
267795,writerduet.com
267823,wego.lk
267834,wiki-room.win
267928,wetter24.de
267932,wiki-tonic.win
267951,we360.ai
268001,whszsd.com
268086,workyard.com
268119,woowa.in
268123,wigisfashion-au.com
268125,wallstein-verlag.de
268131,wellgo.jp
268191,wbtc.network
268197,wifeplus.com
268269,woz.org
268302,webep1.com
268352,writeessaybizplan.com
268382,waseda-ac.co.jp
268405,whitehatstudios.com
268433,worldnotificationupdate.com
268454,wjfw.com
268457,wishdates.com
268467,werkenvoornederland.nl
268471,wals.info
268514,wiberry.me
268553,wlb-stuttgart.de
268608,whisystems.com
268674,waka.media
268822,wocao05.com
268871,werkenbijdefensie.nl
268882,wahelp.ru
268905,wego.vn
268947,wetter2.com
268983,webtook.com
268998,wolf1834.com
269017,worldairpics.com
269022,worldofnoral.com
269158,werfen.com
269264,wurzelimperium.de
269316,wsswrn.com
269343,whatsupnewp.com
269391,warriorsworld.net
269454,wilpf.org
269494,warbycdn.com
269618,wowpaper.net
269629,wfrcsc.com
269725,wasd.ms
269769,wheresweed.com
269826,warehousesoverstock.com
269848,www13.ru
269849,whatsthecost.com
270034,worldaffairsjournal.org
270125,wowkorea.net
270178,weblog-index.com
270195,watersud.com
270253,winsupplyinc.com
270299,webike.in
270305,wlimg.com
270307,wycliffe.org
270350,wsu.ac.za
270388,walksofitaly.com
270403,william-reed.com
270413,waytohey.com
270444,workwonders.app
270495,wwwpsy.ru
270521,windclothes.com
270538,windsurf.co.uk
270545,woktron.com
270583,washjeff.edu
270699,winbeta.org
270716,wyndhamvo.com
270726,watchpatrol.net
270734,wagaya-japan.com
270753,wasserman.eu
270755,whatsupottawa.com
270757,watchesbysjx.com
270807,web3.bio
270808,winechateau.com
270823,wolfswinkel.fr
270879,webtoon.com
270890,wenmeishengwu.com
270918,wearevyde.com
270950,wtonline.net
271103,webdiplomacy.net
271140,wakfu.com
271148,wideworldblog.com
271181,whhs.com
271217,wikibrief.org
271223,wwar.com
271226,weiterbildungsplaner.com
271290,waxmoonma.top
271299,workspacetest.com
271302,wildrumpusbooks.com
271315,webwhiteboard.com
271363,wildsinoluck.com
271448,wxcharts.com
271505,wolnemedia.net
271587,worldcatlibraries.org
271607,wearpact.io
271669,weekendesk.fr
271694,warspear.online
271757,webvis.net
271761,worcestermag.com
271786,worldclockapi.com
271808,wheelspinmodels.co.uk
271825,wegic.ai
271858,wrp.pl
271916,wertpapier-forum.de
271922,wheelsco.ca
271976,wxsfrjx.com
271996,wincoil.gov
272001,wilhelma.de
272037,webhc.ru
272048,wisely.io
272082,windows64.net
272128,webthethao.vn
272140,wegotravel.jp
272187,weddingpro.com
272225,weddybird.com
272263,webhi.org
272291,worlddiabetesday.org
272300,wallcrowndesignph.com
272304,wearecitizens.shop
272447,wafios.com
272450,webpark.hu
272451,washing.help
272495,web-d-vision.ch
272585,wzray.com
272612,wallbuilders.com
272633,whois.kr
272668,worldarchitecturefestival.com
272705,whill.inc
272772,wccpccj.cn
272822,wearehairy.com
272850,worldinfomall.com
272865,woolmark.com
272873,watchshop.ro
272881,wdlhosted.co.uk
272896,webmagic.com
272911,woweb.net
273063,wmgruppe.de
273099,wallpaperengine.io
273124,wires.org.au
273139,weightmanagment.com
273186,wikizero.net
273212,workboat.com
273266,windowshostingnameserver1.com
273274,weroad.de
273325,wantchinatimes.com
273329,wave-internal.com
273403,whatexpsare.online
273407,wargaming.com
273410,wonhundred.com
273437,wudrm.com
273467,webmedcentral.com
273515,wankshd.com
273521,witcdn.net
273538,waizi.org.cn
273550,wovenafua.link
273575,wandera.top
273601,williamsmullen.com
273616,wattpilot.io
273618,wanet.net
273641,warner.co.in
273704,wowtbc.gg
273725,wannasurf.com
273754,weyescloud.com
273781,wikipedia.su
273784,wishesmsg.com
273856,web-tourist.net
273882,widzewiak.pl
273907,whatsyourprice.com
273932,w4iunvbdvjof39q-3.net
273964,www.gob.do
273986,womenonwaves.org
273990,win444d.com
274042,wifebucket.com
274049,wangchujiang.com
274110,winnittcasinowin.com
274131,wrestlingzone.ru
274147,wmicentral.com
274301,wz-ltbz.com
274308,world.edu
274331,wfuniverse.net
274472,worldwaterweek.org
274479,webmium.com
274498,world-hosting.com
274507,ween.tn
274554,world-vision.ru
274586,webpagesthatsuck.com
274587,wirewax.com
274625,wepal.net
274633,workforceready.com.au
274685,webaware.co.za
274740,winmau.com
274766,wwpol.pl
274779,wohand.com
274858,westmanhwa.net
274873,wifihealthcheck.xyz
274932,wavefront.com
274934,wego.fr
274957,worldwinnerx.com
274979,weatherandclimate.eu
274981,welcome10bet.com
275009,wiadomoscihandlowe.pl
275019,wcco.com
275047,worldmate.com
275076,webharvest.gov
275121,wfk8s.com
275135,wmmr.com
275148,wesleyan-one.co.uk
275210,wikinger-reisen.de
275291,wdesk.ru
275324,webhosternameserver.com
275337,woxikon.se
275346,wikilectures.eu
275400,woowstars.shop
275439,wprdc.org
275447,wolfbluestore.com
275456,wikinoor.ir
275545,wsopplus.com
275685,wtso.com
275688,wego.hk
275695,wnamed.de
275754,worldwidescience.org
275756,webpower.eu
275791,worldbackupday.com
275827,wineissocial.com
275915,wardgemstones.com
275923,worldofpowersports.com
275968,whotofind.com
275970,wmgartistservices.com
275971,womendeliver.org
275983,woolytech.com
276017,waxla.com
276021,weibook.net
276039,whatsonglasgow.co.uk
276065,worldwar1centennial.org
276195,wearewithyou.org.uk
276196,woerterbuchnetz.de
276221,wearpepper.com
276363,wetdry.world
276383,wvmat.com
276421,wallkit.xyz
276440,world-exchanges.org
276441,webdevki.ru
276474,wincloudapps.com
276511,wakefield-jobs.co.uk
276514,weeblyte.com
276523,webfg.ch
276541,wudao28.com
276570,wedos.global
276572,wisdells.com
276595,wvnet.at
276604,windsorcommunities.com
276616,wipo.org
276618,workpointtoday.com
276647,wingfamily.ca
276690,willdan.com
276738,wrxdaily.com
276794,watanabepro.co.jp
276820,wkinfo.com.cn
276837,webtender.com
276855,wmptcd.com
276911,webhome.ro
277082,warehouse-one.de
277092,wallarm.ru
277157,wikiloops.com
277165,windowsww.com
277187,wnrencai.com
277251,wkdis.de
277279,woerthersee.com
277291,withinnigeria.com
277320,wildwinds.com
277351,wiego.org
277360,wholesaleforum.com
277395,webcreativeuk.com
277413,worldnuclearreport.org
277534,wrexham.gov.uk
277550,warriors.com
277592,whistlelink.com
277690,whoas.xyz
277713,witi.com
277716,wickey.co.uk
277733,westcoastrailways.co.uk
277784,wgcshop.com
277829,wdnyd.com
277899,wheelhorseforum.com
277916,webjet.ru
277957,waziper.com
277982,wrestleview.com
277985,winthropsupply.com
278032,weatherget.com
278043,webgility.com
278053,whatdoesitmean.com
278067,worldsoft-cms.info
278082,windalert.com
278091,watchpapst.de
278158,winefolder.com
278275,watches-of-switzerland.co.uk
278321,wbg.studio
278350,winserver.ne.jp
278377,whatdesigncando.com
278382,wos.gg
278533,womangettingmarried.com
278655,wetnwildbeauty.com
278700,welcomekit.co
278721,weekend4two.ch
278726,workspad.com
278755,wholesale-sex-toys.com
278766,world-prices.com
278799,wezoree.com
278803,weaver.com
278841,warcraftmovies.com
278862,wcsh6.com
278885,whattocooktoday.com
278908,whatoplay.com
278924,wralsportsfan.com
279063,writing9.com
279174,web-bi.net
279227,wilsonsd.org
279295,watercressline.co.uk
279303,westlabs.biz
279320,wadsl.it
279400,wikitelecom.com.br
279406,we-class.kr
279505,westwing.it
279544,webblogg.se
279578,whiskymag.com
279619,wicketts4.co.uk
279719,wykjjh.com
279735,webanalyticsteam.com
279768,water.gov.tw
279770,watchshortserials.com
279806,wsecu.org
279823,wank4all.com
279876,www3.to
279883,weimen99f.net
279957,wapawet.com
279959,website44us.shop
279981,wormate.io
279984,weightlossresources.co.uk
280047,what-on.com
280111,woodslane.com.au
280127,wolpy.com
280140,wsex.me
280159,wegagroup.com
280167,wispnet.net
280182,wallstreetonparade.com
280209,wyrk.com
280237,wwf.at
280243,werecruit.io
280330,web.africa
280334,webspace24-dns.de
280348,weatheri.co.kr
280440,worldtracer.aero
280453,wildhorsehotel.net
280461,wordapp.top
280504,webpublishing.com
280550,weuk.net
280577,wolvesbaneuo.com
280593,w77.ru
280597,webgata.net
280599,webhosting.systems
280616,wego.co.kr
280627,westcoastkids.ca
280787,wikyhracky.cz
280788,wildgreenland.com
280826,wanktip.com
280885,wuwe-ifop.online
280915,waterminder.com
280945,weft.cc
280948,wtqhosting.com
280957,wineloverspage.com
280958,wikishire.co.uk
280980,welldata.net
281024,wggcinfo.com
281056,wish-club.ru
281130,wfxg.com
281140,wingscu.com
281141,wpspectra.com
281184,whosay.com
281218,wilier.com
281313,worldstats.org
281329,wrvo.org
281353,watchmaxx.com
281364,webedg.net
281398,wolmar.ru
281472,wunnaeducationalservices.com
281485,webspaceiuse.com
281509,webbridge.co.kr
281521,website66sees.shop
281523,wcsi.pl
281634,wskg.org
281637,w-not.pro
281642,wilke.dk
281652,wmpeyewear.com
281657,westlandfarmersmarket.com
281668,waddesdon.org.uk
281696,wapvv.com
281708,wuhaneduyun.cn
281718,wlrfm.com
281737,websters-online-dictionary.org
281788,walzr.com
281793,wp1.sh
281805,wwtt234.com
281827,wxjysm.com.cn
281882,wereadink.com
281897,wemeanbusinesscoalition.org
281929,weserve.nl
281935,webcim.net
281965,webninjashops.com
282037,wondershare.de
282132,wikihoghoogh.net
282165,wnewsj.com
282179,workbooks.com
282181,wjzxchina.com
282187,wafflegirl.com
282201,wanderweathers.com
282234,wien-ticket.at
282244,writemyessayget.com
282249,welovebuy.com
282414,wasmer.io
282452,wdm.pl
282466,wialonlocal.com
282479,waluya-konawe.ac.id
282501,webexpenses.com
282583,worldwidestereo.com
282593,whoohoo.co.uk
282669,wineaccess.com
282678,whaticket.com
282680,webreel.com
282689,west-vlaanderen.be
282714,winhelponline.com
282739,wizardslots.com
282751,wheelsage.org
282837,wikanda.es
282865,wataninet.com
282877,wheelfront.com
282921,wimdu.de
282939,wallhalla.com
282956,wkbank.com
282988,wheatonnailsandspa.com
283037,wego.mx
283054,wakeboarder.com
283150,webomaster.ru
283230,westnet.com.ua
283232,website66school.shop
283236,webshark.biz
283257,whatisconvert.com
283274,webpuccino.com
283282,wwfinternal.org
283299,willyweather.co.uk
283327,wuxubeian.top
283452,winwin.at
283559,wewillwrite.com
283560,witv.team
283561,wowbr1.com
283584,williamjacket.com
283604,wineinsiders.com
283614,wayalife.com
283642,wiki-canyon.win
283646,wiltec.de
283647,wedobest.com.cn
283661,w3-edge.com
283670,warfiles.ru
283761,webarq.net
283795,winet.net.id
283840,wiwide.com
283843,weebii.com
283855,wdc.net.cn
283900,winorio-casino.org
283904,waxie.com
283961,wensika.com
284000,whitelabelhost.net
284012,whosaeng.com
284020,wesendit.com
284021,wearetherangersboys.com
284122,weatheronline.mx
284127,world-mysteries.com
284228,wolfssl.com
284235,waho.live
284264,weatherrouting.com
284292,webtic.nl
284312,webank.com
284317,wikibit.com
284410,whattimeis.in
284415,wb-slots.com
284446,worldserver.net
284525,works24.com
284558,wixappcloud.com
284589,winwin.bet
284609,wikibuy.com
284613,webmoa.co.kr
284667,weekday.works
284715,wha.at
284717,wasconblue.com
284754,workspad.ru
284785,waldomemea.com
284823,wanstor.com
284864,wszystkooemisjach.pl
284904,winnitt-casino-win.nl
284921,withyotta.com
284955,wallscloud.net
284990,wrif.com
285015,willmarradio.com
285016,wnstn.ai
285027,webnoviny.sk
285136,wnokta.com.tr
285152,wildturkeybourbon.com
285175,websiteforge.com
285176,wacren.net
285254,w-poblizu.pl
285265,wildgrain.com
285270,warpnet.xyz
285326,w-x-1-m.com
285396,winelibrary.com
285471,worldtempus.com
285542,wmtracksys.com
285559,wattpool.net
285587,web2sex.com
285606,wowbiz.ro
285682,whatisthematrix.com
285695,webhost.com.br
285719,wendlly.com
285733,wbm.im
285747,wirtschaftsdienst.eu
285754,wealthbox.com
285759,watchmynudes.com
285785,wt.net
285842,wecuh83hsk3.app
285878,wellandvalleyfeeds.co.uk
285914,wineinstitute.org
285964,wildatheart.org
285985,whitepppplatform.icu
285996,wettywetsuit.com
286030,weyjdzsxte.com
286050,wszystkiegoslodkiego.pl
286174,weex.tech
286858,wattro.io
286859,web-grams.com
286860,weguard.ai
286861,weguard.io
286862,wendysstore.com
286863,wengames.com
286864,wideconnector.it
286865,wokekj.com
286866,worldpanasia.com
286867,wp1.host
286868,wrecking7857.com
286869,wsbits.com
286870,wydawnictworebel.pl
286871,wzhdmfiyo.com
286932,wapa.gov
286934,worldinsurance.com
286977,wisey.app
286984,woburnstar.com
286996,wholesalesextoysclub.com
287011,wp-ns.com
287045,weblogs.jp
287063,weintek.com
287064,womensbest.com
287086,wl-infra.net
287138,webtype.com
287168,wrdtunes.com
287238,wildix-chat.com
287261,winchester.com
287269,wyndhamrewards.com
287303,westlakeroyalbuildingproducts.com
287321,wbsg8v.xyz
287361,wise.net.lb
287378,waluya-buton.ac.id
287445,wistoriaswandandsword.online
287485,wxstzn.com
287501,webstersdictionary1828.com
287511,whatmollymade.com
287512,wtsbooks.com
287666,wefindcaller.com
287729,wakkp7.com
287808,www.gov.kg
288005,watchlounge.com
288011,whatahosting.com
288064,wtssites.com
288078,webway.ru
288161,world-wide2.de
288203,webground.bg
288226,wid-zdh.com
288254,webplusinfotech.net
288319,warez-ddl.to
288354,wiqhit.com
288374,wibnork.com
288381,wildcatconsulting.com
288399,waterkeeper.org
288405,wealthcareadmin.com
288407,web-haiwangchuhai.com.cn
288534,worldforexrates.com
288558,wanep.org
288610,webnora.net
288627,winealign.com
288636,webatu.com
288637,website66stay.shop
288645,watchit.com.sg
288747,witt.fr
288796,wanshuge.org
288807,wlec.systems
288876,web-ideas.com.au
288923,wsisiz.edu.pl
288983,wvuh.com
289003,walzvital.de
289010,whitegoods.ru
289011,widgethost.com
289017,whoisvisiting.com
289073,wmyf.cn
289079,weusecoins.com
289105,walsallads.co.uk
289145,websake.net
289151,weareindy.com
289152,wylsa.com
289194,wikijob.co.uk
289288,web-crossing.net
289313,winrayland.com
289326,wirethings.net
289351,wyvern.chat
289352,webmuhely.hu
289362,wpriverthemes.com
289409,wm.de
289441,wheelsys.io
289455,wokinfo.com
289484,webcams.casa
289572,websiteguyservers.com
289578,whichbookie.co.uk
289606,w13mk6.ru
289619,wurth.fi
289665,wnet.ua
289694,www87hg8.cc
289800,wohnen.de
289806,whatuseek.com
289819,widis.com
289835,wikispeedruns.com
289894,webcamromania.ro
289896,wb-siteminder.com
290044,w7n3.com
290045,webxmaza.biz
290046,world4ufree.tw
290142,whoiswho.com.ua
290155,weknowmag.com
290179,warcraftdb.com
290182,worries.info
290186,wisfarmer.com
290227,webworksserver.com
290262,walletunion.com
290307,wildlands.nl
290332,waifugame.com
290347,willowbathandvanity.com
290381,website44haves.shop
290413,wearsporty.com
290448,webhostingsecretrevealed.net
290465,w-serve.com
290478,windrep.org
290513,wealthenhancement.com
290533,wildalaskancompany.com
290570,wittmore.com
290571,westcoastoffroaders.com
290648,waveshield.xyz
290675,wolfbet.com
290676,wiz.us
290683,worldmusiccentral.org
290690,whoisworks.com
290723,wellnest.me
290753,worldscibooks.com
290861,wordbyword.me
290901,wildmanager.ru
290921,w3cub.com
290961,waluya-kolut.ac.id
290974,wshopon.com
291043,wnpr.org
291075,wmnet.cl
291087,worldxpp.com
291102,wbs-web.de
291232,wnyc.net
291256,webclick.com.au
291278,w1tn03.com
291280,wellnesspetfood.com
291301,whed.net
291387,willyoupressthebutton.com
291388,winbet.bet
291389,wolycasa.com.br
291390,ww58585.net
291421,whoisip.ovh
291427,westlotto.com
291504,wheredoivote.co.uk
291526,webcampista.com
291527,wellphone.com
291529,whrvipdns.com
291614,westfalen.com
291620,web3.foundation
291635,world-serv.com
291743,wordsdot.net
291764,waldo.photos
291770,weareprocarrier.com
291811,washclothexcludingincluding.com
291816,wegotravel.ca
291841,websiteoffers.co.in
291877,wstyle.com.tw
291883,website44imagine.shop
291897,welovedogs.cz
291901,wendelstein-1b.com
291928,wurmonline.com
291982,winnerhr.cn
292065,wego.com.bd
292109,worldlabs.ai
292124,westgatereservations.com
292138,willowgarage.com
292144,wartakarya.com
292159,wildz.de
292161,website.pl
292210,win-apx.com
292212,walshbrothersshoes.ie
292226,webtogo.de
292231,waiga.com
292250,wivowu.my
292273,whnet.edu.cn
292308,willowwealth.com
292432,west-usa.info
292439,wiznet.io
292454,wouddesign.com
292473,wherrelz.com
292483,wpserveur.net
292541,wax.io
295450,w0ol3stogelfight.com
295451,w38494.com
295452,w62ab.com
295453,w6r3xjpm.com
295454,w6x3m8.com
295455,w777jl.com
295456,w88thangto.com
295457,wagglejoyce.info
295458,waiver388.cc
295459,wakanda33-wananda33r.com
295460,wamap.org
295461,warokkite.com
295462,warpdooball.net
295463,warubokep.com
295464,warungbetbre.com
295465,wasap-plus.pk
295466,waseda-ac.jp
295467,wati80588.com
295468,wau888z.com
295469,wayangway.com
295470,waze009.com
295471,waze168.com
295472,wazeer9.com
295473,webearn.pro
295474,weboffice.co.kr
295475,webparsab.com
295476,weddifly.com
295477,wegocup.com
295478,weide.cl
295479,wekita.co
295480,weplaypluss.info
295481,wetnjoy.in
295482,wfp6232x.com
295483,wftoon212.com
295484,whizh5.com
295485,whyy2.com
295486,wildesabenteuer.com
295487,wildtigerenergy.com
295488,win-ingame.click
295489,win03.club
295490,win33hj.com
295491,winawedgewithmarstons.com
295492,wineem.com.ar
295493,winexchange247.in
295494,winfix.one
295495,wing-789.com
295496,winlive4dchaos.com
295497,winmayam8.com
295498,winner69ad.com
295499,winnertotox40.com
295500,winvn11.vip
295501,winzee.online
295502,wj2ep.com
295503,wkdsjf5666wadjrg.com
295504,wlyviabo.com
295505,wm3trj.com
295506,wn04.cfd
295507,wngstore.es
295508,wnkznx.com
295509,wogame.store
295510,wokerbysporting.com.ar
295511,wolf77.co
295512,wonedine.com
295513,worldombak1226.online
295514,wowsir.in
295515,wpay.life
295516,wpqs4786.com
295517,writersadmin.com
295518,wshkywcoxc.com
295519,wv7ni9qb.com
295520,www.lubin.pl
295521,wwwtk666.com
295522,wycomb.art
295673,webbots.nl
295680,wickediptv.xyz
295757,wizardtower.com
295762,werkzeugstore24.de
295804,wingware.com
295865,wedo.cz
295905,witness21.com
296031,website66course.shop
296033,worksheetgenius.com
296035,woolandthegang.com
296039,watts-studio.com
296141,waterwayguide.com
296144,wichitafallstx.gov
296150,wikihow-fun.com
296153,wxanalytics.ru
296172,wholesalemattresswarehouse.com
296173,websiteexpress.net
296263,wind-watch.org
296292,wetab.link
296409,wbai.org
296416,weloveleds.co.uk
296436,wholesaleswedishparts.com
296460,wemakefuture.it
296506,weeklyblitz.net
296509,webgirl.vc
296573,wikilink.by
296609,werlecomercial.com.br
296613,wispwest.net
296675,wondershop.sg
296717,webhostname.net
296783,webbcountytx.gov
296939,weberprotect.net
296971,waihuiqq.com
297065,wdfiles.ru
297089,workingfamilies.org.uk
297096,weasel.cloud
297098,wise-sync.com
297105,wuwy.shop
297122,wgl.ru
297184,wow-petguide.com
297241,wihumane.org
297254,wortimmo.lu
297257,wpk.de
297301,west-motors.de
297427,worlds50bestbars.com
297452,wolterskluwer.de
297505,website61arounds.shop
297561,wpdh.com
297589,wi-fi.com
297615,wegoprodroz.pl
297638,woodena.biz
297644,wnky.com
297794,wanderlustbyabby.com
297798,whitetailproperties.com
297827,whocanfixmycar.com
297897,winsped.de
297934,welcometothenetwork.com
297962,weopensoft.com
297972,wbhm.org
298055,westeroscraft.com
298058,weathermodeapp.com
298078,wincher.com
298108,wto.to
298179,workshopmenselijkemagie.com
298240,witnesskingtides.org
298333,wilderness.net
298423,wzgd.net
298441,wekudata.com
298447,whitestores.co.uk
298525,wordola.com
298564,wikiwicca.com
298671,whiteoakbooks.net
298679,webgenium.com.br
298707,wijzijnmind.nl
298754,wolffdesigncenter.com
298808,weatherpro.com
298814,wowu.travel
298881,w8cmn.net
298953,wagmtv.com
298956,wazoku.com
299028,wolfsblut.com
299036,wmcarey.edu
299049,warburgpincus.com
299058,wk6.casino
299075,webenlet.hu
299149,web-hotel.ro
299203,wszystkoconajwazniejsze.pl
299227,websitemagazine.com
299352,wavesecure3.net
299420,wgz.cz
299544,wizb.it
299565,web3110.jp
299568,wrestlingfigs.com
299587,wilwaytraoke.com
299650,westciv.com
299692,wfcmw.cn
299794,worktime.com
299834,webeasy.co.za
299853,whatchado.com
299864,winnittcasinoonline.com
299895,westvirginiawatch.com
299937,werkenbijderet.nl
299958,websweetlove.com
299987,woopami.com
300002,wycokck.org
300037,website44yet.shop
300038,wavel.ai
300050,wlsf.link
300063,weddingsonline.ie
300077,wildlifewonders.com
300167,weixiu114.com
300169,workleto.com
300208,wingsupply.com
300213,workingpreacher.org
300250,webmai.co
300274,wp-rack-cabling.com
300351,wolftoothcomponents.com
300368,website44foreign.shop
300385,web-wiki.win
300438,worldofo.com
300460,webmodel.cam
300490,watchathletics.com
300491,webhostingtalk.nl
300495,wolfraw.shop
300529,whitewater.org
300548,webgoku.com
300562,wegs.cn
300580,writepaperfor.me
300595,woodandpanel.com
300703,whatconverts.com
300813,withthewill.net
300835,wiwsport.com
300838,watchparty.me
300914,wearehandsomeprints.com
300949,worklife.news
300962,weka.de
301034,wordai.com
301055,wealwomen.com
301090,wed2b.com
301125,westwing.nl
301134,wandel.nl
301146,webit.ru
301181,waldversicherung.de
301193,watchsexvideos.mobi
301206,waltherarms.com
301258,wilanow-palac.pl
301289,whccic365.com
301319,whtimes.co.uk
301321,website44artist.shop
301333,whatsonweibo.com
301372,wdr.io
301386,woodside.com
301388,wisestcustomer.se
301424,washingtonstand.com
301427,worldboxs.com
301442,wgame-hk.com
301594,westjetvacations.com
301605,wuxianliuxs.com
301609,wessper.com
301640,woolsocks.eu
301644,wishisp.com
301657,woxo.tech
301721,wetpussygirls.com
301784,wintechpowersolutions.com
301819,wordwebonline.com
301871,wiseguys.de
301880,wisercosts.com
301987,werkenbijgamma.be
302017,wkyzt.com
302149,woodwell.gr
302204,webnews.bg
302235,weathernow23.com
302348,wondercide.com
302355,worksharptools.com
302366,watches2u.com
302411,website44view.shop
302454,whatsizemariaya.com
302478,waza.org
302510,winetrain.com
302605,westelcom.com
302700,wfc2021.org
302740,wifch.com
302765,wuri.cc
302776,wmasg.com
302786,webjive.net
302844,webzone.ru
302849,webtor.io
302874,wordiq.com
302957,williamoptics.com
302965,wondernetwork.com
302986,wolframcdn.com
303002,wifishare.jp
303073,weloop.ai
303087,wander-lush.org
303124,website44withs.shop
303147,worldbicyclerelief.org
303153,worldofprintables.com
303162,whyislam.org
303176,wilmott.com
303211,wmc.org.uk
303226,willux.be
303274,wapteka.pl
303299,webzidns.com
303311,wigfactory.com
303312,w-r-3-t.com
303370,webkt.com
303382,wishhost.net
303457,webs.nf
303465,wandelnet.nl
303480,welomfilankes-over.com
303482,wildbird.co
303540,whrbyf.com
303558,wblzf.com
303567,wildjoygoods.com
303630,weekoflife.com
303648,web2wave-files.com
303792,webhostingcontact.nl
303827,wafaapps.xyz
303920,wp-staging.com
303965,windsormazda.com
303974,worldoceanday.org
303984,withvector.com
304019,worldskate.org
304081,whitcoulls.co.nz
304112,wlgrn.com
304231,wsa.com
304256,watanserb.com
304291,wyohistory.org
304294,weelicious.com
304312,webcamrecordings.com
304346,wisla-plock.pl
304462,wjp.co.kr
304485,weather365.com
304534,winesline.com
304547,webstorage-service.com
304565,webs-x.xyz
304625,wvde.us
304637,websitepulse.com
304657,wrc.net.pl
304901,wiki-coast.win
304925,westmotors.kz
304977,weliketosuck.com
305020,wk.or.at
305071,waappitalk.com
305091,watchseries1.fun
305102,wyclwc.cn
305106,webserverbox.com
305315,wclass.ru
305323,werd.io
305417,wmca.org.uk
305424,webinaris.co
305451,weatherinhand.com
305477,wise-geek.com
305480,wy881688.com
305494,worldvision.com.au
305502,wstlab.com
305525,wp-host.com
305594,w0we.com
305596,wuzzuf-data.net
305616,wifinow.ru
305660,wikicity.kz
305692,westpharma.com
305727,warpmymind.com
305741,wctecnologia.com.br
305766,wearecanineathletes.com
305776,weighmyrack.com
305824,wattpad.com.vn
305913,weblate.cloud
306013,worldweb.com
306020,wiit-cloud.io
306028,werbewind-websites.com
306058,warehouseone.com
306094,whiteoutsurvival.wiki
306100,wsmt8g.cc
306136,womex.com
306157,womenctr.net
306177,walter-fendt.de
306190,winplatinum.com
306192,webpark.cz
306268,website61evidences.shop
306288,webhafen.com
306314,wirgebenallesfuersie.de
306385,wjbrands.com
306398,willitblend.com
306401,webareal.sk
306411,wukong.com
306414,wpcentral.com
306501,website44threes.shop
306510,website66point.shop
306530,watts-online-biz.jp
306602,websea.com
306609,wirestock.io
306614,wmjobs.co.uk
306616,webnots.com
306665,webgarden.at
306672,weproject.media
306682,website44hits.shop
306685,wolfbox.com
306688,westsuffolk.gov.uk
306702,webandprint.host
306704,wpengine.io
306740,wissensiedas.de
306841,wildaid.org
306964,whatismyisp.com
306990,wiredmedia.net
307010,wpzone.co
307057,workadventu.re
307074,webking.srv.br
307108,websitetheme.com
307172,wisetaillms.net
307183,wdpart.com
307249,word-grabber.com
307276,wego.ie
307322,wmxuetang.com
307397,wycmkorea.com
307632,wo0f-woof.com
307636,wysokienapiecie.pl
307654,wagjag.com
307657,wenxian.com.cn
307700,worldsbestcities.com
307724,winglai.com
307748,wgv.de
307783,wavesexplorer.com
307811,wuerth.cz
307828,wera.com
307870,wiggle-wiggle.com
307880,wfscorp.com
307954,wvdhhr.org
307960,wts.edu
308010,wyffest.com
308021,website44he.shop
308100,webconnex.io
308153,worldunionji.com
308209,west.net
308218,webworld.org
308249,woco-k12.org
308251,webrat.uk
308253,work5.ru
308270,withodyssey.com
308319,worldwar2.ro
308382,webtasarimit.com
308405,wwff.co
308415,wb-basket.ru
308425,wfcdn.de
308432,wikimanche.fr
308472,waco-texas.com
308491,worldallergy.org
308568,webcams.travel
308614,whooshkaa.com
308690,websamida.net
308711,waiblingen.de
308713,wgospodarce.pl
308738,world-lotteries.org
308788,wnwtf.com
308800,wkms.org
308815,website44glass.shop
308834,wxbug.net
308999,wowa.ca
309035,weraveyou.com
309080,wwf.pl
309130,webhostingsupersaver.com
309201,workeasysoftware.com
309238,way2news.com
309261,wellbeingintlstudiesrepository.org
309277,weticketit.com
309309,webbs.co.nz
309312,wellbots.com
309403,wrestl7anothergbk.org
309446,wos-journal.info
309497,waveruralconnect.com
309551,webtranslateit.com
309578,wukedj.cc
309582,wenshuka.com
309592,westmorlandandfurness.gov.uk
309595,wb-deep-ai-analytics.com
309596,wheelingisland.com
309606,wufi-forum.com
309674,wavename.de
309692,website66southern.shop
309708,walterpmoore.com
309745,wegamex.com.hk
309762,worldcup2026odds.com
309774,wedel.de
309788,watch-movies.xyz
309828,worldpossible.org
309832,wcss.pl
309873,webmediatricks.in
309904,wigroup.co
309975,wikilanguages.net
310087,wwstore.com
310088,website61expects.xyz
310186,world.physio
310196,wanderingrosebooks.com
310229,wixapis.com
310309,warehouse23.com
310394,w-shopping.co.kr
310403,whitneyhouston.com
310405,wearetala.com
310417,wildcloud.io
310431,weverducre.com
310443,website61authorss.shop
310543,website61exactlys.top
310570,wohnen-im-alter.de
310578,wsip.ru
310596,wpadacompliance.com
310631,webryze.net
310745,welcu.com
310789,wiltsglosstandard.co.uk
310838,wigy.app
310886,whtop.com
310897,weekendhobby.com
310901,white-aist.com
310958,wfw.com
311026,we-are.travel
311052,workdesign.com
311121,wowcircle.com
311138,worthyforums.com
311186,wiki1.kr
311192,waveup.com.br
311344,worldtopwines.com
311436,wenshushu.cn
311440,well-of-souls.com
311441,weblinksrl.com
311486,webimbiss-domains.de
311499,wondercraft.ai
311513,web-studio.pro
311574,wildflowercases.com
311586,waterdropfilter.eu
311639,windfluechter.net
311666,website66continue.shop
311718,webway.online
311736,webco.kr
311746,watchtowerguard.com
311973,waimaolang.cn
311986,welcometw.com
311990,website44however.shop
312030,worldwidevintageautos.com
312110,wlcomm.net
312121,wootility.io
312122,woonoutletxl.nl
312209,weatherlycloud.com
312421,woerell.de
312424,watchsomuchtorrents.com
312433,wpshower.com
312477,westin.com
312547,wingmirrorsworld.co.uk
312566,wave-electronics.com
312579,wmu.se
312585,wanxun.cc
312701,wsw.com
312735,wju.edu
312778,wir-e.de
312792,webador.es
312810,womensweekly.com.au
312812,wessexwater.co.uk
312816,webstrip.net
312857,webhostingresellers.com.au
312892,watucredit.com
312961,wurmpedia.com
313015,wjx.com
313029,wasteprousa.com
313086,webmatic.de
313131,website66cancer.shop
313150,webtrh.cz
313238,wagerzone7.site
313293,websiteseochecker.com
313489,wasa.com
313490,webshineglobal.xyz
313617,westmidlandsrailway.co.uk
313628,waste.org
313636,weldingsupply.com.au
313645,wan64.de
313708,webatwork.net
313785,weilaihongtech.com
313822,wsjp.pl
313823,weichuxin.cn
313827,wanjias.cn
313875,wkglobal.com
313923,watchdoguganda.com
313961,winkbingo.com
313982,web4a.de
314037,wifo.ac.at
314139,wargameds.com
314151,worden.com
314217,worldofseabattle.com
314227,watch-connection.com
314245,whois-center.ru
314247,wayguard.de
314264,woonhero.nl
314265,website44high.shop
314301,witherbys.com
314327,wecycle.de
314356,wellpacks.ua
314358,whatchristianswanttoknow.com
314386,wisevoter.com
314398,wmg2027.jp
314409,wisk.aero
314422,webplusidc.com.br
314500,website44authors.shop
314673,webserver.ie
314680,webpulse.site
314725,workingtontowncouncil.gov.uk
314746,wrestlingsmarks.com
314750,webmethods.io
314840,wowup.io
314907,wikitrufot.org.il
314953,westwing.es
314994,weimark.com
315030,war-lords.net
315124,wangpan.shop
315180,webcamsplace.com
315205,wincodealma.pt
315239,w3b-media.net
315308,webinform.hu
315315,website66size.shop
315346,weedman.com
315556,worship.com.ng
315589,wicehosting.be
315594,wyrjgs.cn
315626,worldofwarplanes.com
315684,waybigfun.com
315737,woodsfinelinens.com
315763,wamanga.ru
315823,web2objects.net
315831,warincrise.com
315905,westconcomstor.com
316001,witchers.top
316023,wizardforum.ru
316062,websg.ru
316111,webdisclosure.com
316150,whoisrequest.com
316159,westnet.ie
316177,wochenanzeiger.de
316216,wieland-electric.com
316247,webdesign.org
316359,wjtmddtlpi.net
316360,wetsuitoutlet.es
316468,wenext.cloud
316477,wikiwow.ru
316698,wemakeprice.com
316719,whalepool.com
316740,wmart.kz
316744,wired-gov.net
316759,wplook.com
316769,webcampornoxxx.net
316794,winnings.com.au
316807,wineaustralia.com
316811,winlin-net.be
316864,wickedthemusical.com
316865,wowujin.com
316908,world-tourism.org
316978,webdirectory11.com
317027,wochenblatt-news.de
317082,wsip.pl
317088,weservecluster.eu
317089,wdw-magazine.com
317092,womensrunning.com
317137,website44thousand.shop
317155,wavenetuk.net
317205,web5.jp
317233,wolleundideen.de
317287,winning-eleven.net
317302,wooning.nl
317332,wexonline.com
317345,writeraccess.com
317406,wanekoodns.net
317458,webstorage.com.br
317494,wrtc.com
317586,woodstockshop.com
317619,website-solution.net
317636,waifu.cz
317639,werideoncycling-shop.com
317646,walmart.org
317653,website44forward.shop
317726,worldofoutlaws.com
317793,worldofplayers.ru
317836,widyatama.ac.id
317924,windowslive.com
317954,wiseagent.com
318008,wemabank.com
318016,westsydneyfootball.com
318018,wunschkennzeichenonline.de
318069,waijule.com
318118,wandedq.com
318189,wsdns.ru
318378,webcis.com.br
318410,wirtualne.net
318422,weinpoint.de
318424,woodus.com
318733,waktogelvvip.com
318734,warungplaysun.xyz
318735,wealthtopa.com
318736,win-slots-game.com
318737,winfix.fun
318775,welvisor.com
318805,wonderlink.de
318812,whxxjy.cn
318831,wpblog.jp
318837,woordenlijst.org
318843,waspth09.com
318883,warrennolan.com
318897,wakeboss.com
318922,webhostinglogic.com
318925,website44windows.shop
318932,workramp.io
318936,water.go.jp
318998,wefixbrains.com
319072,website66save.shop
319081,wellapp.com
319127,workboots.com
319147,wheelercentre.com
319272,windsorhardware.com.au
319277,wri-irg.org
319285,welltrap.ru
319380,wizardzines.com
319454,webgenius.com.au
319603,world-businesses.com
319611,wcs.edu
319635,worknest.com
319715,winner.com
319731,wz2100.net
319812,watchlords.com
319813,workjapan.jp
319818,wohnnet.at
319843,watchsomuch.tv
319876,wuangus.cc
319882,wego.tw
319888,westfraser.com
319889,web50publics.top
320029,waltermartin.com
320040,webbytelecom.com.br
320071,win-sv.com
320089,wso2.org
320100,wego2.com
320137,wntelecom.net.br
320139,wordunscramble.io
320155,woking.gov.uk
320167,wikiway.com
320225,woyouyishu.com
320250,worldheritagesite.org
320287,weizhuangfu.com
320304,wtb.com
320328,whjp.com
320332,winxclub.com
320336,webmart.de
320341,wpengine.net
320348,wallethacks.com
320426,webinarninja.com
320431,wpdevenv.com
320495,wordmeanings.org
320600,waiverforever.com
320609,winerl.com
320630,w3simple.com
320755,wyxtsg.com
320799,workplaceoptions.com
320810,wopc.co.uk
320813,windomnet.com
320863,webeditorhosting.com
320957,wf-box.net
321017,wowzamedia.com
321039,womenshealth.com.au
321055,wcyqdfy.com
321145,welkermckee.com
321259,website66boy.shop
321270,wehewehe.org
321292,weblink.it
321308,welfare.ie
321317,waproduction.com
321339,wt1pa99d7wbd75ic.info
321373,weartesters.com
321384,wjfww.com
321388,wng.ch
321541,west-vtor-met.ru
321785,w5host.com
321799,weatherforddemocrat.com
321855,watchneptune.tv
321895,ws-autoteile.com
321927,woxikon.it
321943,wholesalescarvesusa.com
321951,water.ie
321983,wip.co
322028,wild-spirit.store
322057,winbiap.de
322100,worldgovernmentssummit.org
322179,wbls.com
322195,wsgf.org
322239,wdc.ro
322299,wink.qpon
322326,woorifirm.com
322344,wilmingtonandbeaches.com
322350,wickey.de
322406,warnerbros.com.br
322449,wyth.net
322473,worldofinteriors.com
322486,websterstd.ru
322553,wholesalesparkle.com
322562,wholesale-essentialoils.com
322731,webhoster.de
322750,wubenlight.com
322832,workfrontdam.com
322897,wwwhosting.de
322936,wedgewoodpharmacy.com
322937,westfoto.com
323040,wideworks.net
323071,wiltshirebikers.co.uk
323125,wuk.at
323131,worldofwater.com
323153,webnovels.jp
323154,willrobotstakemyjob.com
323166,watertowndailytimes.com
323215,wochenblitz.com
323270,winsrv.com
323284,whynot.com
323286,waspbarcode.com
323305,watchsystems.com
323337,wilddog.net.za
323421,webindiahub.com
323469,worldwatercouncil.org
323514,wonderblast.com
323661,winstonswish.org
323696,wowsiberia.ru
323723,webcradle.in
323754,westelm.ca
323761,watchtime.net
323762,wmaraci.com
323801,westvancouver.ca
323811,wardfor.com
323818,wankgod.com
323857,womennews.co.kr
323858,wagerflow.nl
323986,worldnet.com.br
324031,wendaso.com
324059,whalecloud.eu
324074,who.org
324096,webbing.ro
324100,wikis.cc
324104,wxsjzl.com
324156,wonje.co.kr
324204,wealthx.com
324236,wds2025.fi
324273,wav-library.net
324336,webpoint.us
324337,wmrtvst.com
324342,williamsonherald.com
324357,website44firsts.shop
324382,wwii.space
324545,wegoviajar.com.br
324551,whatsinproducts.com
324561,wallstreetsystems.com
324580,wowtravelsindia.com
324630,wsme-hosting.com
324632,wynnresortsmacau.com
324656,webjunction.org
324665,wowbrowse.com
324670,wf.pub
324836,wealthadvisor.jp
324839,westarenergy.net
324846,wishdown.com
324854,works-i.com
324882,wickedstangs.com
324904,wvia.org
324955,wodup.com
324994,wksu.org
325080,wbeads.com
325119,weasy.io
325142,wikio.com
325200,whglty.com
325245,witt.info
325246,wvids.com
325257,windycityautos.com
325304,wmhost.com
325308,wirleben.de
325311,wearfelicity.com
325327,webhosting4u.gr
325371,walking-dead-lostfilm.net
325374,webster-dictionary.org
325383,weddingstyle.de
325421,worldsmarathons.com
325455,worldcoo.com
325463,wemu.org
325502,wowanalyzer.com
325543,witcontests.com
325596,watchgecko.com
325598,wodbuster.com
325603,webmundo.com.br
325649,weplayhandball.hu
325787,waluya-muna.ac.id
325805,weatherol.com
325830,watchpeoplelive.tv
325840,website44fish.shop
325843,wikifin.be
325858,website61civils.xyz
325861,worldtravelserver.com
325901,wenjiasu.com
325955,website44daughter.shop
325973,wbt.ru
326058,web-services.net
326166,worldsserver98.com
326174,wissen-sie-mehr.de
326201,wideopeneats.com
326215,weiphone.com
326242,weddingchannel.com
326271,wgresorts.com
326310,webullpaytechapi.com
326324,wip.lt
326351,webfactory.de
326411,whatarecookies.com
326437,washoeschools.net
326454,waluya-kolaka.ac.id
326481,webloft-dns.com
326493,wordly.ai
326516,worldofshowjumping.com
326541,westernbulldogs.com.au
326571,wwdmag.com
326574,wrightsmedia.com
326577,website66set.shop
326588,win2.ro
326617,walser-shop.com
326624,wired.de
326665,webeocasp.com
326691,website61authorss.xyz
326694,witchslot.com
326741,wildkamp.nl
326874,wallpaperwaves.com
326875,widzewtomy.net
326876,wisepay.co.uk
326877,wlkp24.info
326878,wowxflix.com
326894,wrexham.ac.uk
327023,website66ahead.shop
327030,watchfinder.es
327084,walk-uny.com
327104,wikibruce.com
327124,wbjeeb.in
327125,whost.name
327206,wrestle-universe.com
327213,westfalenbillard.net
327254,wsknow.net
327283,wclink.co
327287,watpad.ru
327351,weldingtipsandtricks.com
327367,wagingpeace.org
327469,wiskiiactive.com
327553,website44three.shop
327564,watttime.org
327576,westdigits.com
327616,wehrlelub.com
327798,wallstreetenglish.com
327802,wenhua.com.cn
327835,watchfaces.io
327888,wooldom.ru
327909,wakefieldinstitute.org
327949,wlw.at
327959,worksitesafety.ca
327993,westportct.gov
328061,wibidei.com
328083,wikibase.cloud
328101,wingogogold.com
328141,website44finger.shop
328142,wspinanie.pl
328149,wordpoetrybooks.com
328161,whiteline30.ru
328192,wpdfd.com
328267,wwwfacebook.com
328270,workerscompensation.com
328292,winterssolutions.com
328303,walruscode.ca
328347,werra-rundschau.de
328397,watchbase.com
328399,webzim.net
328415,wikido.xyz
328522,website61boxs.shop
328564,weboptichosting.co.uk
328581,werkenbijkarwei.nl
328592,website66real.shop
328617,wacom.co.jp
328630,west-dunbarton.gov.uk
328674,westreamf1.com
328693,whatsyourhours.com
328748,wh.com
328956,wind.gr
328966,w-4.ch
328972,wizard.com
329021,wmeagency.com
329042,whitemad.pl
329057,website66personal.shop
329092,wheretowatchmovies.app
329097,webhosternameserver.de
329196,williams-sonoma.ca
329199,wiki-burner.win
329287,wereldvakantiehuis.nl
329291,whitemountainpuzzles.com
329337,waltscomicshop.com
329395,websozai.jp
329434,website66become.shop
329440,www.ce.gov.br
329484,website61executives.de
329497,wos.nl
329504,welcome.moscow
329529,wersm.com
329549,washingtonlawhelp.org
329610,wallpapershome.com
329626,webserver.ec
329629,wmhelp.cz
329715,weathershop.co.uk
329793,wevarox.com
329859,waywordradio.org
329931,website44stop.shop
329971,webercloud.de
329982,worldofpools.com
330031,weightmans.com
330048,worldgochampionship.net
330147,williamsshoes.com.au
330197,whoop.in
330209,welt-ctv.com
330224,webmarketing-com.com
330312,whatis.com
330344,wephp.com
330382,wormax2.io
330420,whoa.com
330436,website44through.shop
330465,weamvideo.com
330519,websitednstk.shop
330525,wikisage.org
330534,weixiaobao8.cc
330589,win6.casino
330591,workwear-eh.com
330614,wilkens-web.services
330718,wiiw.ac.at
330749,wherecanwego.com
330757,web3radio.com
330844,worldsingles.com
330978,windupwatchshop.com
331042,wikinggruppen.se
331069,we-id.nl
331087,web2go.co.za
331119,worthers.net
331140,whq-forum.de
331190,weavegrid.com
331199,webapp-portal.com
331206,worldcams.tv
331232,wr-rail-link.co.uk
331234,wzwobo.com
331263,wrl.org
331318,wetafx.co.nz
331323,weekendjeweg.nl
331328,webercountyutah.gov
331346,wcrp-climate.org
331377,wohnmobile.de
331405,website44fours.shop
331412,warwickmusic.com
331416,wizgenerator.com
331417,walkby-sys.de
331434,wagerspot.nl
331438,writeoutloud.net
331483,wwk.de
331552,weschool.com
331566,werbach.com
331567,ww123.net
331595,watchtower.org
331619,waitlist.me
331641,workec.com
331662,wytv.com
331741,wnbtools.com
331748,whitelabelserver.nl
331857,web44.net
331878,wristaficionado.com
331879,wentworthpuzzles.com
331894,wikiexplora.com
331914,webnice.ru
331926,wcsr.com
331966,watchcolleague.com
331977,webinfra.io
332030,wehavekids.com
332054,wiki-cafe.win
332124,westmetall.com
332137,wii.tw
332143,watchface.io
332168,webwork24.ru
332294,windly.cc
332322,wikinlp.ru
332331,wearelegalshield.com
332400,worthclark.com
332429,wex.pl
332436,wiilink24.com
332527,wpromote.com
332545,webspacebar.co.za
332552,winc.com
332585,wavenet.com.ar
332594,website66sister.shop
332630,waxpend.com
332635,wellbeing-theliven.com
332673,wilson.edu
332706,wealthwala.com
332746,weathergraphics.com
332751,web1.fi
332765,waluya-kendari.ac.id
332781,webbraininfotech.com
332802,webuptodate.com
332803,walcor.it
332820,worldrugby.org
332904,wphostz.com
332922,wap2p.com
332929,w4a.fr
332959,wvfloor.ru
332996,wonderslist.com
333044,wxaurl.cn
333071,wolfswinkel.at
333090,wollebuy.com
333127,wankeji.com
333143,wmd-ssd3.com
333348,webcare.it
333349,webeyecms.com
333350,weekend.ee
333351,wifi.lc
333352,workforcetna.com
333353,workpulse.com
333354,world-wrist-watch.com
333411,wiki-spirit.win
333442,woodside.com.au
333466,wowlavie.com
333497,wrhs.org
333542,webnode.com.ua
333556,website44wait.shop
333563,wiktenauer.com
333575,w3champions.com
333604,watchfinder.hk
333607,wheresgoldslot.com
333614,whtvr.ai
333621,weshineapp.com
333686,winforlife.it
333694,whittleseytowncouncil.gov.uk
333698,www7.cn
333708,webjudicial.com
333761,wylecz.to
333764,welcomesk8.com
333775,wordsbyparker.com
333779,wphostbrasil.com
333782,webcam-chat.ru
333783,w2plus.de
333821,webklik.nl
333824,wirtschaftsforum.de
333845,windyssukiyaki.com
333849,wecarehosting.com
333868,worldworksgames.com
333882,wanerys.net
333911,web50markets.de
333912,wordtemplatesonline.net
333931,world-net.net
333939,weathergroup.com
334024,windowporn.net
334058,wdoms.org
334080,web-leader.net
334084,winbank.gr
334088,wishket.com
334178,webhosters.nl
334223,wavenet.at
334264,webcortex.com
334274,wmsci.com
334317,wxblwj.com
334329,way-guard.com
334344,wikipaintings.org
334354,watchtower.ai
334373,wa3tvre.net
334380,w3infotech.net
334462,wsd.gov.hk
334474,webis.de
334595,wenmingonline.com
334601,wz-kliniken.de
334634,worldbricks.com
334651,websitelive.net
334695,weav3r.dev
334714,wife-finder.org
334720,woodworkerssource.com
334801,wtal.de
334818,website66powers.shop
334831,webtoon168.com
334837,wispman.net
334848,westernbass.com
334855,wdn.best
334904,weewoo.cn
334917,wiplon.com
334992,wherewolf.co.nz
335086,wildbrain.com
335095,webstorehosting.net
335177,wxit.edu.cn
335201,wixemails.com
335203,workingperson.com
335248,watchgang.com
335257,winnen.co.kr
335311,weisfire.store
335446,water.gov.my
335449,wxscs.com
335486,waermepumpe.de
335561,wegoresa.se
335570,wordperfect.com
335595,wecu.com
335688,win.casino
335696,wnetrj.com.br
335735,wishup.co
335759,wernigerode.de
335768,website66come.shop
335782,wstracker.online
335823,wagnerspraytech.com
335943,woxer.com
335972,warnerchappellpm.com
335977,website61civils.shop
335983,worldsoft.ch
335999,wao.ne.jp
336018,website66return.shop
336044,wiki.com
336055,wakewiki.de
336127,wqxsw.com
336143,worldsoft-mail.net
336151,wise-advice.com
336154,wisewaysupply.com
336156,wutangcorp.com
336164,wellness-point.com
336262,writehuman.ai
336304,wpsoul.com
336321,website44hand.shop
336331,wise-u.eu
336364,wssub.ru
336374,wudu8.cc
336392,winedering.com
336396,wmstudio.su
336494,wiipo.com
336501,wordtrip.net
336529,woodone.co.jp
336554,wpdivihost.com
336596,west-midlands.police.uk
336644,wtrecom.com
336688,worldpostalcode.com
336714,web3tel.ru
336717,website44civil.shop
336757,wasl.ae
336822,wezhan.net
336856,wittalknows.qpon
336870,wellinsiders.com
336926,wangaiche.com
336987,web71market.shop
336999,westerniowatoday.com
337031,webcontrole.com.br
337041,wise-qatar.org
337057,worldpowerplants.com
337160,wuerth.at
337213,whitelineperformance.com
337221,wellwithlife.com
337264,wood-finishes-direct.com
339007,wajik777.haus
339008,wancmd.site
339009,war138menyala.org
339010,warungdesigner.space
339011,warungly.vip
339012,warungmcb.xyz
339013,washington88.net
339014,waslotsuper.top
339015,wassalam-market.com
339016,watchmoviecom.com
339017,wblaxmibhandar.com
339018,wd33xx8.com
339019,wd33xx9.com
339020,wdbandardp.com
339021,webga88h.com
339022,webtechminds.com
339023,webvipceriabet.site
339024,weiwei168.club
339025,werisecenter.org
339026,wftoon209.com
339027,wikiperak.cc
339028,windows-dress.com
339029,wing4dgolden.com
339030,winlive4dicy.com
339031,wnitogel195.com
339032,wntlivescores.com
339033,worleydigitalhsc.com
339034,wtwt327.com
339035,wuachon789.com
339036,ww2-fmovies.com
339037,wwtoto2-link.site
339038,wwyyuuvv22.com
339199,woertj.com
339238,websitepaketleri.com
339270,wakayama-kanko.or.jp
339274,weathertracker.top
339300,web-milan-hotels.com
339341,weatheronline.de
339344,wortschatz-leipzig.de
339372,weticket.io
339393,wswebcdn.org
339420,weatherbase.com
339431,worldlearning.org
339433,whiskas.de
339456,webawesome.com
339474,website66behavior.shop
339541,whiteestate.org
339544,washingtongas.com
339663,wingscorp.com
339678,wpschema.com
339711,webcity.com.au
339770,wingnet.com.tw
339797,wow-domains.at
339866,whatisgravity.com
339869,wibufile.com
339915,walkersands.com
340104,wadns.net
340117,webteam.net
340295,whyallavet.com.au
340320,wilkens-wohnstudio.de
340360,wbl.sk
340369,wallboard.us
340387,waspada.id
340482,wolfporn.net
340486,worldcyclingstats.com
340552,whatgreatgrandmaate.com
340579,wntpr.com
340585,watermelon.org
340747,writeups.org
340753,whiskytimeshop.ch
340800,wehype.app
340832,website61artists.shop
340861,white-dev.pro
340901,wetforher.com
341000,warnerbros.nl
341089,webenlet.com
341093,woosender.com
341095,waytochurch.com
341113,washigang.com
341124,wegoreise.de
341141,workersliberty.org
341234,withmantle.com
341452,wooribiz.net
341488,wcel.org
341510,wellnj.com.cn
341558,waktugold.com
341570,weserve.ch
341597,wooacry.com
341599,warsaw-online.eu
341652,warriorgeneral.com
341662,web86faces.top
341722,wnkrs.com
341755,websitewendy.com
341781,welcometrack.io
341784,williamhillplc.com
341807,warszawa19115.pl
341862,worldmosquitoprogram.org
341874,website61arounds.top
341895,wuffs.org
341906,web.am
341945,wbu.edu
341957,wmda.info
341965,webnode.mx
341972,wedawncut.shop
341993,webmoneysaver.com
342064,wpsd.radio
342084,website44until.shop
342167,web-security-academy.net
342212,worldseafishing.com
342232,wolfrace.co.uk
342234,welbiltconnect.cn
342245,weatherwx.com
342247,wetwap.info
342264,wordlist.eu
342288,webfeathosting.com
342318,warholfoundation.org
342387,wovar.nl
342402,wawayaya.cn
342435,webcom.group
342491,wholemale.com
342542,world-shop.ru
342557,wizville.fr
342615,watts1874.co.uk
342637,welcome-media.fr
342651,worldfederalistscanada.org
342658,wikifoundry.com
342663,wortundbildverlag.org
342688,wildsultan.com
342778,winzone.nl
342787,webserverbr6.com
342805,weqheq.com
343092,wizconnected.com
343093,wallsicecream.com
343144,weddingwire.us
343201,weltweitereisen.de
343255,webautoadministrable.cl
343267,web-to-figma.design
343275,workhorsefunds.com
343298,widder.at
343300,wellshop.pk
343305,wps-world.com.cn
343317,whaletail-forum.com
343360,whypn.info
343432,whiteserver.in
343439,webproverka.com
343471,webreview.com
343514,wppopupmaker.com
343569,website44surface.shop
343618,wallstcheatsheet.com
343648,website61evidences.xyz
343665,wrathofthebarclay.co.uk
343703,ways2well.com
343724,windpowerengineering.com
343737,workerloop.dev
343738,wordsforlife.org.uk
343749,welt-bikes.com
343759,wordfinderapi.com
343762,webtoapp.design
343775,winsiam88.ai
343886,wanming.com
343920,wedoany.com
343965,wingassistant.com
343971,wnbf.com
343977,whiskymates.com
343996,wassupdawg.org
344043,websaas.cn
344114,watersavingplants.com
344129,westbyte.com
344137,wellnow.com
344206,website66simply.shop
344239,wcta.net
344248,writethedocs.org
344252,wfs.aero
344305,worldweb.com.br
344373,wheresalice.info
344377,westfieldhealth.com
344380,wikimezmur.org
344381,we-offer.com
344411,wdrake.com
344477,websitedetective.net
344497,wigornot.com
344500,wi2.casino
344511,wialon.eu
344528,wheretostay.co.za
344537,website61factors.de
344607,wuolahservices.com
344631,webcodez.com
344632,website.one
344684,wask.co
344686,welldone90.com
344743,werp.site
344798,wunderdog.com
344812,walibi.be
344830,webcravings.com
344892,wiecklabs.com
344893,week-735.shop
344901,wawibox-services.com
344907,watford.gov.uk
344967,wex.casino
344987,w8v60x.com
344995,wqw5dv.com
344996,www-ck44.com
345001,wearium.pk
345005,wnet.org
345011,weliveconscious.com
345038,wine.co.za
345045,waysidegardens.com
345078,weavix.com
345102,westbridgfordwire.com
345351,wildflowersprovence.fr
345367,whox2.com
345443,wowaudit.com
345447,wineexperience.com.au
345468,wefoundltd.com
345492,wth.org
345512,wtfpass.com
345545,w88tang100k.vip
345548,web-sanin.co.jp
345672,wetsuitoutlet.de
345770,wurth.es
345803,wrc-info.ru
345822,whpuwei.com
345831,wikigambut.id
345859,wiff.com.br
345874,websrl.com
345904,westporn.net
345923,wynyardcoins.com.au
345976,wishlist.com
346017,warrenellis.com
346028,webfor99.com
346052,wflwr.link
346119,worldbeachguide.com
346147,webturta.com
346183,wsiworld.com
346250,wintersport.nl
346290,weissenhaeuserstrand.de
346309,woolandcompany.com
346355,wirkn.com
346363,wstdw.com
346394,wearechange.org
346407,wholefoodsmagazine.com
346443,world-serv.net
346467,waldorf.edu
346500,webra.ru
346588,warenvergleich.de
346598,wbr.com
346661,wazzup.me
346746,winkhaus.com
346824,westwing.pl
346830,waterstreetbooks.com
346911,wisd.us
346917,whitescreen.dev
346933,website44happy.shop
346935,wzcjyl.cn
346987,webnoviny.cz
347012,wncn.com
347035,webnovelplus.com
347085,wilsonelser.com
347136,website61easts.top
347153,whitelighthost.net
347158,wannabemagazine.com
347190,withsystems.co.kr
347191,waluya-baubau.ac.id
347220,womo.ua
347247,webege.com
347249,wulflund.com
347259,woodmanforum.com
347274,wyspamody.com
347292,winctrl.com
347372,web.na
347477,wallcover.com
347500,wjmh.org
347553,whyshy.co
347616,wemobiles.com
347676,whspn.net
347704,worddescrambler.net
347735,wavex.co.ke
347764,wright20.com
347811,wz-net.de
347839,wotmud.info
347844,webotvurci.cz
347846,webstream.net
347848,waxservers.com
347855,wordmaker.info
347916,why42.ru
348053,writeandimprove.com
348061,wismar.de
348087,weakdh.org
348093,winadroot.com
348107,wilbderreis.ru
348109,wllighting.net
348153,wositv.cc
348184,wilsonquarterly.com
348186,wendys-careers.com
348214,weeabo0.xyz
348262,wisc.cloud
348308,wearecb.com
348321,wsyu.edu.cn
348369,windowsbulletin.com
348442,winixamerica.com
348446,widget-portal.com
348477,worldpath.net
348482,website61challenges.shop
348487,wenovelago.com
348495,wollingroup.com
348517,witgoedwinkel.nl
348539,ww-kurier.de
348550,webserver.uz
348604,webagentur.at
348634,whoseno.com
348637,warmtefonds.nl
348643,weberniahosting.com
348726,websincloud.com
348734,wyden.com.br
348828,wcentrix.net
348959,westcoasteagles.com.au
348973,whichgun.com
349054,wldmarket.com
349143,webresultsinc.com
349166,webtretho.vn
349187,wood168.net
349211,webhoster.pk
349271,winning.com.au
349338,westnet.ca
349398,workdaybugbounty.com
349418,welcome-hotels.com
349419,whatyouth.ing
349433,wingnutgames.com
349445,wtsgps.edu.hk
349540,wyzant.io
349554,website61daughters.de
349565,wortbedeutung.info
349586,waveterm.dev
349625,worldbaseballclassic.com
349636,wirecorp.com.br
349645,websnavegue.top
349889,wrs.com
349890,warnerbros.es
349938,wikigallery.org
349941,wafeq.com
349953,werthhoven.de
349979,wbworldabudhabi.com
349982,womennaked.net
350145,w1-fondantpg.com
350162,whiteeaglecentre.de
350302,works-hi.co.jp
350310,webfail.com
350469,whatsnewindonesia.com
350480,wdsite.hu
350490,womenfitness.net
350522,watchesofmayfair.com.au
350614,worldia.com
350647,waterrangers.ca
350692,wchat.app
350706,wikiwijs.nl
350737,whiskyshop.it
350766,wittock.com
350805,wordsolver.net
350806,wirelessnet.id
350848,warpwire.com
350867,wordlistfinder.com
350904,wiganathletic.com
350910,westherr.com
350931,webkunden.net
350960,williamsclio.co.uk
350961,wannonce.com
351032,wmzhe.com
351054,wecoma.eu
351055,waneycany.com
351063,win-dns.com
351098,webstockreview.net
351101,wealthbriefing.com
351156,wales247.co.uk
351216,w3avj.com
351265,walmartdemexico.com
351267,wakawu.com
351273,whitebeard.me
351365,webdesignenterprise.com
351445,wvtheatreplayersnh.org
351448,worldswithoutend.com
351483,wonwongames.com
351564,washtrust.com
351572,wysa.com
351586,watercalculator.org
351610,website61faces.de
351653,winners.ca
351657,wgzimmer.ch
351792,walmart.net
351801,wealthproxies.com
351839,windsorbrokers.com
351925,web-dns.net
351936,webcam.top
351954,wangbaoqiang-cloudcdn.com
351959,wak.ie
352066,witxl.nl
352117,weirdgloop-digitalextremes.org
352165,webinarkit.com
352279,wolfloans.com
352352,wegotdesi.com
352398,waringer-atg.de
352438,wexarts.org
352478,wearehearken.com
352532,wearesellers.com
352534,whqr.org
352562,waiwaixiaoshuo.com
352571,watchrepublic.co.za
352642,warsawinstitute.org
352701,wellingtoninsgroup.com
352725,wildernessresort.com
352731,wokgame.ru
352760,woodstockdesign.nl
352762,winsen-sensor.com
352799,weizhang8.cn
352847,webmasters.ie
352906,webformality.nl
352920,wts.com
352962,webercloud.com
352980,worldtriggerwiki.com
353007,wingtra.com
353097,waiverfile.com
353140,wdcb.ru
353148,writingclasses.com
353166,wave-wifi.com
353185,whodatdish.com
353215,web-agri.fr
353291,woodwell.co.kr
353314,worldcastdns.us
353355,watchard.com
353362,winappnet.com
353367,wonderschool.com
353447,wkhs.com
353463,weanystories.com
353481,wik-prod.ru
353503,watchesworld.com
353535,wi-fiplanet.com
353543,webtorrent.io
353557,wakiyamap.dev
353617,wpfond.com
353627,waterpanther.com
353630,workbrew.com
353640,win444.icu
353650,worldcleanupday.org
353662,wanda.cn
353676,wbpolice.gov.in
353681,worldloop.co.uk
353733,wikisporting.com
353786,wootric.eu
353800,wunderlandkalkar.eu
353819,wolbrook.com
353851,wishstream.xyz
353878,wyyerd.io
353901,website61factors.top
353931,wanteddeadorawildspelen.nl
353989,websqserver.co.uk
354038,webcoredns.com
354048,wyehosts.co.uk
354057,webhostingforstudents.com
354150,webfg.com
354167,wasco.nl
354195,webou-pro.com
354217,wengers.com
354226,work-wheels.co.jp
354367,wrexham.com
354378,wpcomp.com
354389,werkraum-karlsruhe.org
354437,weeklyadszone.com
354547,worldsoft-wbs.com
354549,websolutions.de
354596,wild-bounty-showdown.com
354665,wearethenewsociety.com
354759,wakasa.jp
354820,wfcforums.com
354925,wyndhamworldwide.com
354972,website61evidences.top
355001,wsbdgef.com
355081,wellnowuc.com
355088,wilsonscarpets.com
355134,webworldinc.net
355170,wpsimplepay.com
355181,wellseasonedstudio.com
355270,webhost.at
355380,wlmouse.com
355396,windingroad.com
355446,webvolei.com.br
355498,worldcargonews.com
355511,webzane.net
355520,wphostservice.com
355529,wss4a2.com
355570,webcam.io
355642,wnzdz.cn
355691,wholeally.com
355741,westernunionshop.com
355782,web-st.net
355783,waltroper-zeitung.de
355802,wellsplumbing.com
355876,w-m.ru
355909,wetrip365.com
356001,wrestlestat.com
356014,wildsino-italy.org
356020,website61executives.xyz
356040,wavesecure4.net
356128,world-of-waterfalls.com
356272,www-qq333.com
356338,waikatodhb.health.nz
356339,walkingpad.com
356346,wurth.be
356371,wbsprt.com
356382,webeasyhit.com
356439,wireguardvpnbotik.com
356452,women-power.ru
356502,wimpoleclinic.com
356513,wootownfurniture.com
356524,worndetmagic.support
356531,worldconferencealerts.com
356556,wordpanda.net
356573,web-hostingmx.com
356594,westminsteru.edu
356604,wingfoilvacations.com
356717,webnode.co.uk
356721,wdhaozhiyuan.com
356752,ww2.ru
356777,webenmedia.nl
356787,wufuba.com
356860,webhop.info
356887,wordans.pt
356956,web50improvess.shop
356972,workingfamilies.org
356981,webecs.com
357013,waug.com
357038,winelistaustralia.com.au
357120,webvisao.com.br
357136,wonderline.hu
357209,wydawnictwowam.pl
357213,wagltg.com
357300,wenglor.com
357302,web2pdfconvert.com
357305,webewid.pl
357308,wacaco.com
357327,website61fails.top
357330,webbrowsertools.com
357341,wixivpn.tech
357350,wineanorak.com
357351,wellergruppe.de
357361,wikidot.win
357446,wangliplastics.com
357462,wdwip.com
357489,website61fails.de
357493,womtp.com
357518,w2i.net
357536,webstrategy.de
357647,we-wins-cd.com
357694,wundertax.de
357711,wearemoviegeeks.com
357739,ww2f.com
357740,websg.com.au
357747,wdbo.com
357797,wszystkodlazwierzat.pl
357803,waimaoniu.com
357824,wbinfo.com.br
357846,we-sell-fdcs.co.uk
357873,wella.com.br
357875,wintrail.nl
357922,wphost.pro
357935,wp-puzzle.com
357956,withplum.com
357959,woodwind.org
357960,wellness-heaven.de
358002,whynopadlock.com
358051,widgetoftheme.com
358159,wavehdc.com
358208,waterworks.com
358222,wequ.lat
358263,website61boxs.xyz
358356,wvv.de
358378,wevv.com
358493,wowconcept.com
358494,wlvsp.com
358579,whatsminer.com
358596,website61expects.de
358691,webcommail.net
358699,woorimel.com
358741,wasserwaechter.com
358828,withemes.com
358834,warrington-worldwide.co.uk
358845,walmeric.com
358859,weixinw.com
358918,wiki-calendar.com
358920,wspc.edu.cn
358921,wfdf.sport
358958,walnutdashcompany.com
359064,weatherby.com
359105,wenproducts.com
359132,wallicases.com
359147,wepik.com
359150,webaxys.net
359156,westlandinsurance.ca
359167,wildtky.com
359200,worldline.global
359242,whichschooladvisor.com
359288,wmbusphotos.com
359370,weborder.net
359401,waterdatafortexas.org
359433,weizenbaum-institut.de
359486,wego.com.es
359542,wingsforlife.com
359673,wyksa.ru
359759,wildeboer.net
359820,webforest.ro
359828,walshgroup.com
359862,wortfm.org
359940,writechinese.com
360065,whyte.org
360105,wetaworkshop.com
360242,writemyessays.org
360272,wzmyjmc.com
360285,wdtprs.com
360337,welkomusa.com
360401,wfsfaa.gov.hk
360425,wallpaperlia.site
360467,wcicustomer.com
360578,wartextractor.com
360594,wzkpw.com
360615,wexglobal.com
360625,wizardit.ru
360656,wxforum.net
360741,weinig.com
360752,weathermap.jp
360773,wfdd.org
360843,wxic.edu.cn
360898,wechselpilot.com
360901,whp-performance.co.uk
360951,wallacks.com
360964,wub-api.de
360971,winninghunter.com
360985,www.gov.ua
360997,wroclaw.so.gov.pl
361027,wau.org
361047,wynajemkoparki.eu
361084,wasserurlaub.info
361112,wxqa.com
361133,we-wealth.com
361145,wfqiaojia.com
361193,wsd2.net
361195,willsubplus.com
361254,web50improvess.top
361294,wmastercleanup.com
361323,windowcleaningsupplies.com.au
361332,wholesaleclub.ca
361351,welknotes.com
361391,wiesbadenaktuell.de
361450,weinzeche.de
361697,wagroupslink.com
361698,webbolao.com.br
361699,winuno22.com
361700,wistjijdit.nl
361701,wowkino.zip
361751,warbirdinformationexchange.org
361754,wideworldofwomen.net
361858,wiremesh-beijing.com
361891,webhostingtalk.ru
361921,website61challenges.top
361944,warcraft2.online
362065,whorepedia.com
362098,wheelwiz.ca
362146,workingforchange.com
362206,wholesaleed.com
362229,wiseco.com
362242,whatasipp.com
362250,whois-servers.net
362328,weather2umbrella.com
362333,weallsew.com
362339,wagnertech.de
362352,websenso.com
362392,workbuddy.ai
362446,wink.mobi
362463,web71public.shop
362467,woju.app
362483,wfot.org
362622,webos-forums.ru
362681,wink.team
362689,wtinternet.com.br
362763,webwave.me
362796,webtech360.com
362820,wbitvp.com
362941,wuerth-ag.ch
362990,weights.com
363004,whosread.com
363008,webtic.it
363014,websitegang.club
363087,warabi.ne.jp
363146,whoprofits.org
363216,wameet.online
363217,wilmingtonbiz.com
363219,wheatonwhaleyhome.com
363239,wxxs123.cc
363304,wowperucken.de
363332,wihatools.com
363438,woomie.ro
363456,wut.ee
363462,wine-pages.com
363493,watchdgo.com
363510,webosnation.com
363511,wynq.shop
363522,webcamshow.cc
363525,warmupbooster.com
363527,wikipedia.org.au
363673,winfiles.com
363770,womenshealthnetwork.com
363846,whieda.org
363864,wayflyer.com
363905,webjam.com
363967,workventure.com
364006,whitehavennews.co.uk
364047,webhost.kg
364081,watg.com
364133,wettanbieterohneoasisonline.info
364212,womans.org
364289,wiki.li
364290,wes-com.ru
364407,woolf.university
364493,windhamnewhampshire.com
364539,webherodns.be
364541,wcostream.org
364548,wuso.me
364599,wallsheaven.com
364631,wemastertrade.com
364665,within-temptation.com
364696,willem-ii.nl
364698,weci.net
364731,walraven.com
364768,watch2gether.com
364800,wnology.io
364803,website61exactlys.xyz
364817,web-id-server.ch
364884,we537.live
364922,wanimo.com
364999,watchfooty.st
365156,workisboring.com
365187,wuxibiologics.com
365194,wochenblick.at
365213,wanxiangxs.cc
365219,w2dbs.com
365225,wigstudio1.com
365288,whirlpoolinsidepass.com
365293,wbelec.com
365329,winfast.dev
365335,walyou.com
365430,whitehorsedc.gov.uk
365551,whiskyauction.com
365631,worcestermass.com
367816,w01qcuyq.com
367817,w2win.xyz
367818,w3v90x.com
367819,w7e77.vip
367820,waiolimissionhouse.org
367821,wakongwe.store
367822,waktu777vip36.com
367823,warna777official.com
367824,warungdanajos.com
367825,warungqq8821.com
367826,washingtoni88.com
367827,watchtvs.live
367828,wati31414.com
367829,waw4dperkasa.com
367830,wayang4d.site
367831,wayka88.com
367832,wb403-10.club
367833,wb55s.com
367834,wbtconline.in
367835,wd33l12.xyz
367836,web-koufuri.com
367837,webentry.net
367838,webgame.cz
367839,webinar.gg
367840,webxseriess.com
367841,welcome.online
367842,wen4dlucu.com
367843,wengtoto60.org
367844,wermoresolutions.com
367845,weswg.com
367846,whalespace.io
367847,whitegold.money
367848,whitelotusnepal.com
367849,whlbit.com
367850,wholesale-city.com
367851,whtsplus.net
367852,wigsandbundleshub.com
367853,wild4dsilver.xyz
367854,wildflour.com.ph
367855,wilson-and-carter.com
367856,win33hj.club
367857,winbuzz.io
367858,winkaigo2a.com
367859,winstar4d.tech
367860,winstar88dino.com
367861,winwinthai.net
367862,winx2215.com
367863,wiproconsumerlighting.com
367864,wishanniversary.org
367865,wlatogelhey.rest
367866,wm98.net
367867,wnscaresfoundation.org
367868,womenelegence.com
367869,wortel21enak.com
367870,wowwinphfb3.com
367871,wrsnjitu.site
367872,wsu.edu.et
367873,wu55comic.buzz
367874,ww1dw2iohjiop3wddw.com
367875,wwtoto2b.store
367876,wwwcollections.in
367989,wmd-ee.com
367996,wikom.pl
368066,world-television.com
368088,werkenbijns.nl
368096,willygoodprice.com
368121,waterwipes.com
368133,workspace.org
368200,wscdressage.com
368209,windonet.nl
368218,whitehatsec.com
368259,wekele.com
368295,waipu.de
368302,webim.by
368324,wdka.nl
368383,webdoxclm.com
368405,worldclimate.com
368442,weborient.org
368538,world-cam.ru
368546,wawacity.expert
368645,wonacogiocare.it
368674,wehrle.cn
368703,westgroup.net
368722,winetrove.co.uk
368774,wilgood.ru
368775,w12mhmsaporr.live
368782,woodswholesalewine.com
368865,worldofskins.org
368901,wuhan.net.cn
368959,webcamera24.com
369040,website61differents.top
369052,wccdaily.com.cn
369056,webdotdot.com
369060,wellview.com.cn
369151,watermygrass.com
369231,wujieai.com
369259,wbnrhm.in
369294,whoosh.io
369304,weavatools.com
369367,wapoz.me
369369,wedkuje.pl
369458,watchkar.com
369471,world-stroke.org
369481,wpd.nl
369490,webb-partner.se
369499,wholelottayum.com
369547,weeksuntil.com
369557,webcertain.com
369571,wordover.com
369582,wikichristian.org
369585,website61chancess.xyz
369613,worldcastdns.se
369720,westkowloon.hk
369751,waldenponddesign.com
369765,webcam-888.com
369792,wsgph.com
369806,worldwar1.com
369831,watchonista.com
369876,ws-amazon.com
369922,wellgousa.com
370081,weconnect.com
370110,windmillair.com
370164,wohnmobilforum.de
370194,witkac.pl
370218,wefi.co
370229,wassertemperatur.org
370239,whistl.co.uk
370282,wellbeing.com.au
370286,webhome.at
370290,watchnest.to
370342,worldscinema.org
370359,welfarehello.com
370442,wychowaniebezstresu.pl
370508,wahbao.com
370557,welchs.com
370698,wieland.com
370701,wordans.lu
370711,w-e-r-k.nl
370734,writerswrite.co.za
370778,weatherwatch.co.nz
370804,web-novel.me
370823,wirehive.net
370857,wws-gs2.com
370906,whizz.ae
370936,westfalenfahrplan.de
371010,wir-geben-alles-fuer-sie.de
371043,websurg.com
371069,wanpidrama.com
371096,waiariki.ac.nz
371113,wc.edu
371138,westbrookcycles.co.uk
371139,websecurehosting.net
371200,winner.bg
371223,wowisclassic.com
371272,wyomingllcattorney.com
371292,winerywalkabout.com.au
371331,weeklycitizen.com
371349,whentaken.com
371406,workingdays.org
371417,whatcms.org
371434,wordscapeshelp.com
371481,wordpress-fr.net
371831,wordans.ca
371869,whip-around.com
371873,wjarr.com
371884,wwbetz.nl
371941,wildfang.com
371986,webzap.cz
372024,wikingerversand.de
372071,webfounders.com
372168,wordans.fr
372193,worldviewtube.com
372225,wpadvancedads.com
372239,whendu.com
372249,willcom-inc.com
372286,woodworkingtalk.com
372305,wsnetwork.ru
372379,wonderlic.com
372433,websib.ru
372530,watchrecon.com
372532,wwwxxx.fun
372536,wlux.net
372586,whimsysoul.com
372603,wego.ly
372604,wuthering.gg
372706,wizzgoo.com
372750,webkompas.ru
372776,wvwc.edu
372801,wadoku.de
372850,weibomingzi.com
372902,wogibtswas.at
372955,wsdisplay.com
372956,wilson-co.com
373000,wolgadeutsche.net
373027,wowclassicdb.com
373034,watchmyporn.pro
373047,weaponevolution.com
373107,worldsleepday.org
373112,wikibot.pro
373121,whitecloud.jp
373169,webcom-system.ch
373173,westmorebeauty.com
373271,wamco.com
373316,workatsea.com
373319,winstontaylor.com
373321,wijnvoordeel.nl
373324,whiteness.site
373373,wlkjpay.net
373374,wowlaunch.com
373379,waq.be
373394,wuxingzl.com
373415,worldtime.com
373479,wallst.ru
373487,walla.com
373617,website61challenges.xyz
373668,wit.ie
373701,womanadvice.ru
373710,westmanga.my
373760,webber.net.ua
373763,workposting.com
373841,wishlove.cc
373925,worldlink.com.np
373988,welspun.com
373993,wineonsale.com
374008,wehavecookies.social
374210,weburg.tv
374281,worldwetlandsday.org
374309,wnokta.com
374323,wolffolins.com
374338,westernweekender.com.au
374383,wps-cc.cn
374411,wsupdatecloud.net
374441,wetmomporn.com
374475,whypay.info
374498,wugoji.xyz
374583,wikilengua.org
374603,worldrun.online
374629,whiteelephantcollective.com
374681,w03.cc
374726,wsusoffline.net
374756,warframestat.us
374780,woxikon.bg
374798,wikimontessori.com
374806,wellcome.com.hk
374844,westendmotorsports.com
374865,weatherlayers.com
374905,waterloo.ca
374907,wapda.gov.pk
374908,weirdgladiz.monster
374979,wmepoint.com
374986,webike.hk
375000,willy-schneider.de
375028,webmdhealthservices.com
375042,wearenotmartha.com
375093,wowarmory.com
375167,websitecenter.net
375169,whittard.com
375191,we-conect.com
375240,woltapi.com
375338,web24tech.com
375360,westnic.net
375370,walkerinfo.com
375473,waveppt.io
375490,weddinglist.co.th
375508,wikimedia.it
375532,westsidebooks.com
375547,watchempires.com
375628,webou.net
375635,writtenchinese.com
375674,webhostecho.com
375763,wttttt.cn
375778,washco-md.net
375788,website61daughters.shop
375841,wolfgangsvault.com
375861,workwearexpress.com
375892,waterfilterguru.com
375899,washingtonhistory.org
375937,worldvpn.live
376004,wfc.org
376030,westburne.ca
376058,waevue.cfd
376146,windnet.it
376156,whitelabelsolutions.nl
376195,wordclouds.com
376227,wemgehoert.de
376248,worldbusinessoutlook.com
376298,witelecom.com.br
376302,wday.com
376319,wallpassion.com
376340,wtl.pw
376361,whisperly.live
376462,websitebutler.de
376477,weatherlauncher.mobi
376522,wawacite.com
376524,wikiful.com
376554,wallabag.org
376583,woood.nl
376585,wkdzradio.com
376591,wixite.com
376633,winlogic.nl
376638,wmd-dns.com
376650,westpa.net
376677,webtasarimpaketleri.net
376707,wipmania.com
376716,wellmatt.com
376739,wordandbrown.com
376767,wgaeast.org
376800,webspacehosting.net
376863,whatsinthepan.com
376909,wolf-online-shop.de
376967,webintech.com
377009,withs.in
377058,weisshaus.de
377060,whsjsoft.com
377065,walks.com
377095,wetpixel.com
377176,wristbuddys.com
377207,wilder10.win
377208,world-today-journal.com
377277,wargamevault.com
377292,wrizzle.ai
377294,wwgoa.com
377371,wh.gov
377389,winc-aichi.jp
377400,whites.sa
377460,wonderprintshop.com
377549,wsh.nhs.uk
377626,w2delivery.com
377671,wiseplayapp.com
377674,webhostny.com
377682,webdep.net
377700,warriorofblacksun.run
377711,wlt-jupiter.de
377760,werkschoenencentrum.nl
377902,wonaruto.com
377956,whsu.edu.cn
377969,wcsaunas.com
378012,wsp.one
378038,wwf.gr
378041,wurth.nl
378109,worldcix.net
378118,websyte.com.au
378170,wearemitu.com
378272,weare365.io
378280,wuffes.com
378299,wanzl.com
378344,webchurch.co.kr
378393,wakefieldbooks.com
378408,winandoffice.com
378435,werocktools.com
378441,w3e51.net
378446,wauknet.com
378472,wdwebdns.net
378508,waitrosecellar.com
378531,whitecaphosting.ca
378539,wastetodaymagazine.com
378568,weekiwachee.com
378588,wanhubilin.net
378600,warriorcats.com
378640,weixiuzj.com
378671,woogles.io
378672,wordans.de
378677,wordsmith.ai
378678,weplayhandball.de
378714,wannatalk.ru
378828,whitenessx.top
378839,weigelbroadcasting.com
378854,webartists.at
378911,whirlpool.ca
378921,whic.de
378965,wocentral.com
378972,wavycaptcha.surf
378990,worldhotels.com
379029,webhostingjm.net
379031,winkitv.com
379046,werkself.de
379053,wrbiradio.com
379073,workplacerelations.ie
379080,westlegaledcenter.com
379143,wetter.tv
379179,wildwoodsnj.com
379191,wqed.org
379192,wbj.pl
379251,worldkidneyday.org
379332,windgatwyfies.co.za
379351,waff.at
379414,wakoopa.com
379432,wayrates.com
379574,winko.net
379662,wearemania.net
379667,wanaen.com
379718,wbsm.com
379749,webium.ru
379807,watchufa.com
379829,webhostingselect.nl
379871,wines.com
379917,wayne-dalton.com
379947,watchmode.com
379951,win4000.com
379974,wpse.com.cn
379989,wallsandfloors.co.uk
380090,worldgovernmentsummit.org
380159,wscom.com.br
380198,wsboston.com
380217,wavelz.com
380304,webguidecms.ca
380346,worldallergyorganizationjournal.org
380365,webche.ir
380397,whatmatters.com
380470,watkinsmfg.com
380471,workingholidayjobs.com.au
380493,wecom.work
380495,wixonic.com
380505,wika.co.id
380509,wgil.com
380511,worldsmostethicalcompanies.com
380571,whereig.com
380641,webdirectorytalk.com
380652,windycitymediagroup.com
380665,wcbu.org
380670,waimao.us
380671,winesandjobs.com
380703,wingbuddy.com
380714,wmpoweruser.com
380715,wlac.edu
380732,wavytalk.com
380754,website61exactlys.de
380755,whalingmuseum.org
380762,webby.app
380784,willie.nl
380797,worldantique.net
380814,worldjiasu.com
380830,wifiturk.net
380836,wow-directory.com
380901,westari.monster
380943,weloversize.com
380955,wingsandwheels.com
380960,wildsino-italy.net
380961,welcometosheffield.co.uk
381099,whalesburg.com
381150,whirlpool.fr
381182,worldhistoryedu.com
381196,workinstitute.com
381219,windowsupdater.com
381242,wyseguide.com
381329,wsmgroup.co.za
381356,wallhack.com
381374,wls.net.in
381438,wordassociations.net
381481,wenbiwu.com
381483,walfordweb.com
381497,wolverhamptonparks.co.uk
381526,waterlinkconnect.com
381532,webhostface.com
381657,wineconcept.com.mx
381780,welcia.co.jp
381844,wdpro.it
381921,wyb.ac.lk
381983,wmr1.com
382022,wrnjradio.com
382034,wurthmachinery.com
382039,worldsciencefestival.com
382069,wmsu.edu.ph
382129,weider.de
382160,warbrokers.io
382163,watchnation.com
382168,wearicy.com
382217,wadhwanifoundation.org
382327,wvngew.cn
382342,webrnail.net
382401,wotinspector.com
382408,wealthrunners.com
382412,webspareparts.com
382417,wandsworthguardian.co.uk
382428,waxno.online
382429,washingtonjewishweek.com
382498,wedos.lu
382552,west-l.ru
382611,wildsinowins.com
382671,watercare.co.nz
382687,wernerco.com
382709,wareport.de
382712,worddetector.com
382785,www-dns.com
382914,writing.exchange
382926,web4world.com
382930,watchon.me
382975,worldmeteo.info
382978,winksullenwaistcoat.com
382979,weka.ch
382986,wau-miau.ch
382994,weekli.systems
383076,www.mil.by
383085,watchibly.to
383101,wsb-nlu.edu.pl
383209,wpreset.com
383231,winoui.com
383253,wildaccess.co.za
383289,watthakhanun.com
383332,woven.team
383348,wunschkennzeichen-reservieren.jetzt
383374,wcad.org
383463,wasteheadquarters.com
383476,wishwan.com
383493,wbarcode.ru
383512,willowtree.com
383584,wideanglesoftware.com
383586,web50markets.top
383622,wirecrm.com
383752,whistle.com
383940,work.com
383967,worldofconcrete.com
384011,webhotel.net
384019,wallpops.com
384069,wmtmed.ru
384084,webamp.org
384132,wsu.ac.kr
384158,wikidebates.org
384202,wezeroplus.com
384229,wolfe.com
384241,wyldcatalog.org
384246,waxlondon.com
384262,wishfin.com
384309,wired.cz
384317,whatdowedoallday.com
384388,wordego.com
384453,worldtrips.com
384458,wooltru.com
384482,wrecksite.eu
384518,webwise.ie
384562,waste-management-world.com
384597,woofersetc.com
384620,why.com.cn
384629,webix.com
384674,woundexpert.com
384683,webdigify.com
384690,wydevteam.com
384693,wnbc.com
384705,webname.ua
384706,weao.gg
384818,widefitshoes.co.uk
384838,wow-mania.com
384854,windowylarvule.com
384882,wedoctor.com
384896,webhi.net
384917,wwave.icu
384934,warren.com.br
384949,waymark.net
385011,wao-corp.com
385139,whoopea.com
385173,w4gb0ubgf.com
385184,whitelabelns.com
385230,weather.bm
385234,wotblitz.asia
385256,waytekwire.com
385287,walrus.com
385302,wifisolution.ch
385339,wozwaardeloket.nl
385399,weightwatchers.fr
385443,welderscave.com
385490,websites4u.ltd.uk
385516,walletverse.io
385606,webelity.com
385650,woonfonds.nl
385692,wbprx.com
385738,wiganwarriorsfans.com
385774,webzero.ro
385859,whitestripes.com
385943,wartakini.co.id
385950,whwc.com
385970,whatshot.in
386048,welovetrump.com
386055,wpxblog.jp
386082,woolboxusa.com
386104,wiwiusonepay.com
386114,websale.net
386131,winwinsoft.co.kr
386158,wmd-raid10.com
386278,westshu.com
386284,webike.sg
386312,wildla.in
386333,waidlerwiki.de
386340,weinfreunde.de
386367,webapoteket.dk
386369,weightgaming.com
386430,webcomke.com
386461,watsonsvip.com.cn
386473,withmesh.com
386482,wevity.com
386553,w1-glidingpg.com
386557,webkicks.de
386595,warofdragons.de
386630,weldricks.co.uk
386637,websitesdude.com
386643,web-mantra.com
386690,wonolo-prod.com
386694,westminstercollection.com
386699,walz.de
386722,worldcocoafoundation.org
386758,wikihealth.gr
386779,weiyun001.com
386812,wagr.com
386840,waterair.com
386920,webgopher.com.br
386921,walcottradio.com
386986,website66better.shop
387010,welcomeclient.com
387035,weighmytruck.com
387052,welhat.gov.uk
387106,wkyufm.org
387185,whitehotmagazine.com
387195,wfskills.com
387228,won789.com
387245,warwickartscentre.co.uk
387366,websrv02.de
387377,weathertech.ca
387391,websitenameserver.com
387421,workshop.codes
387479,win123888.com
387486,whentai.com
387510,weatherin.net
387526,whatschool.net
387533,wilmingtonnc.gov
387541,webhostingservices.co.nz
387547,wonderful.ai
387551,webuildvalue.com
387560,wilsonamplifiers.com
387647,wwhnetwork.net
387665,worktruckonline.com
387686,wineandcheeseplace.com
387705,white-wolf.com
387736,westmidlands.police.uk
387845,wokosvklfj.com
387872,webtropia.com
387904,wvbs.org
387941,writersandartists.co.uk
387949,weex5.com
387954,wedomain.ru
388018,workweek.com
388048,webprax.de
388096,webrexstudio.com
388109,wefact.nl
388140,whchangrui.com
388246,wattsan.ru
388292,womens-health-concern.org
388316,wienerwohnen.at
388342,westkentuckystar.com
388386,wdprs.org
388421,webusage.co.uk
388449,wewantmods.com
388457,windhillstorm1.com
388476,webservice.team
388492,wsiu.org
388505,waysofhistory.com
388507,weather.gr
388522,wejfknwejfkerf.org
388584,wolseleyexpress.com
388588,ww88h.com
388641,where2go.com
388706,worldclassdjs.com
388715,wygodnadieta.pl
388718,wee-bot.com
388768,weirandsons.ie
388769,wildernesstravel.com
388792,wx4.casino
388806,wixhc.com.cn
388827,wfmlive.com
388899,webradiosite.com
388923,wpecomus.com
388927,womens-health.com
389000,worldmaritimenews.com
389031,wangshuokeji.com
389051,wyethnutrition.co.id
389066,whiteoakpastures.com
389085,wsexcomics.com
389179,websitebuilderbg.eu
389180,wbcnf.net
389188,wildones.org
389189,wisconsincheese.com
389222,woofgangbakery.com
389225,woodwing.com
389251,whidbeynewstimes.com
389258,wickeduncle.co.uk
389291,w31jmy.com
389307,wds.io
389312,wanderon.in
389332,williamvanlaere.be
389415,wikizero.org
389420,wpfastsites.com
389502,whiskyitaly.it
389524,walletnetwork.net
389633,webatvantage.eu
389634,worldcastdns.eu
389673,wandora.org
389753,wizbangblog.com
389757,webchoc.com
389809,web71improves.shop
389812,wasabiwallet.io
389819,web-soft.ru
389876,wlsproducts.de
389879,willflyforfood.net
389917,wofs.com
389997,wunderkarten.de
390052,wesiedu.com
390073,wodanio.net
390201,wielkahistoria.pl
390217,webcam-record.com
390220,webcamgirl.biz
390262,webzi.ir
390269,webtrendslive.com
390353,wmztc4vzx.com
390380,werma.com
390424,warningnews.com
390431,weeblycloud.com
390439,webworld.ie
390444,wildplanetfoods.com
390489,watchesofespionage.com
390520,wisebusiness.edu.vn
390567,walr.com
390580,weaver.com.cn
390625,waxsweden.org
390812,webcam-hd.com
390819,windsorite.ca
390839,workisjob.com
390843,wildsexting.com
390849,webnet.fr
390894,was2025.org
390929,willbank.com.br
390938,wmt.media
390940,warthogterritory.net
390971,wctc.net
390981,wjbkb.com
391012,wildsinogold.com
391042,wp724.com
391080,wsr.ac.at
391085,wave-stage.com
391093,wallarm.tools
391098,webde.de
391168,wordifysites.com
391246,werepair.fr
391276,website44generation.shop
391329,wimpykid.com
391355,webware.io
391422,wordwalker.ca
391427,wordpress.de
391458,webexconnect.io
391500,wolffinejewelers.com
391573,westcoast.co.uk
391574,wikifx.me
391642,wiresock.net
391646,weissmans.com
391677,www.gov.bn
391710,worldcc.com
391718,wimore.it
391792,wn-dns.de
391834,wxzmyjx.com
391835,womenhelp.org
391844,website66bags.shop
391868,wormland.ir
391888,wesnamanphotography.com
391909,webthink.com.cn
391924,worldconstructionnetwork.com
391937,wheatonlibrary.org
391944,wesleyan.co.uk
391988,wbap.com
391994,wimark.com
392033,wise.pl
392144,weemco.com
392146,wpcu.coop
392172,wadsworth.org
392276,wherecom.com
392284,websiteout.net
392348,webling.eu
392404,wdgtsrc.com
392465,wh.ru
392525,woehrl.de
392544,wk2.com
392553,weredigital.com
392565,worldcourier.com
392653,woiweb.com
392661,wix-lyky.com
392823,wildhunt.org
392828,woodongs.com
392871,wpr.pl
393037,wynsors.com
393077,wako.co.jp
393097,wisconsinpublicservice.com
393109,whasdns.com
393244,webpub.net
393269,weareplaystation.fr
393302,windycitycigars.com
393399,woutvanleeuwen.nl
393417,westsidesurf.co.nz
393479,warzone.com
393579,wyre.gov.uk
393585,wardsci.com
393757,wiredhost.com
393840,web-services.com
393976,wearetennis.bnpparibas
394087,wheehost.com
394151,westwoodone.com
394206,wheels.ca
394231,witte-shop.ru
394248,wuvod.com
394253,wikisort.org
394273,wxxi.org
394277,w7ki.com
394323,worldsbestcatlitter.com
394336,wiki.org
394364,wfmc.edu.cn
394367,wellerbookworks.com
394390,wearbreeze.co
394396,wahanahonda.com
394424,wissenschaftsjahr.de
394470,waterandshark.com
394496,wikivahdat.com
394525,westburytoyota.com
394547,willingness.ru
394635,whittakermountaineering.com
394653,weski.com
394667,webmerch.net
394674,webkoch.de
394699,wallstreetenglish.fr
394719,whatisshingles.com
394773,webiranco.com
394785,wootechy.com
394811,weirdkaya.com
394829,wgod7.com
394972,webdoku.jp
394983,wizardcoinsupply.com
395077,world247.shop
395103,w3sapi.com
395172,weesunday.com
395199,win.mg
395232,wisesearch.com
395264,waix.ru
395301,website-check.de
395321,whimstay.com
395333,worldradiomap.com
395336,webhosting4southafrica.co.za
395409,webshark.pl
395534,webmediapowers.com
395548,worldofwarships.pt
395567,webops.com
395572,wombo.art
395585,world-wide-watch.jp
395643,web2best.com
395663,woodgrand.ru
395683,wgc.com
395697,we-pendantpg.com
395718,wallchain.xyz
395722,wilder11.win
395738,wizzotech.net
395765,wcxhs.cc
395779,wanderbares-deutschland.de
395843,womenintravel.org
395861,wokularach.pl
395870,wallporn.net
395898,wondan1st.co.kr
396001,wishok.app
396015,whsdjf.com
396045,wanwenw.com
396057,wpresidence.net
396076,warnerbros.it
396095,wallpaperpu.com
396125,wgdental.com.cn
396168,widitrade.com
396198,watchmygf.xxx
396200,wallstreetsurvivor.com
396217,winconnection.net
396261,washingtonhotel.co.jp
396279,webstats4u.com
396288,warenform.de
396292,warface.online
396322,webcdnstore.pw
396379,wales.com
396457,webranet.net
396489,webcolinas.net
396583,wie-sagt-man-noch.de
396633,wetriedtls.com
396671,wasteadvantagemag.com
396693,wwweiss.de
396705,wiltshirefarmfoods.com
396708,wibi.com.kw
396724,wphostedsites3.com
396726,weserbergland-tourismus.de
396759,willard-oh.com
396796,wpmayor.com
396801,webaway.dk
396823,webtatic.com
396840,woburnparishchurch.co.uk
396852,wamiz.fr
396893,wwbw.com
396906,wheelers.co
396999,wtc.com
397002,wigginshair.com
397032,wip.net.au
397176,web-axioma.ru
397182,webinarcare.com
397228,warpoint.ru
397233,wikiwolrd.com
397292,webh.pro
397325,wakayama-med.ac.jp
397360,wadowiceonline.pl
397378,websolid.be
397386,wattbike.com
397402,westwinddi.com
397427,wwfx.xyz
397431,wimsedu.info
397459,winriser.com
397464,web-experts.gr
397492,weblog.vc
397579,wexdrive.com
397644,wiringharness.com
397758,weddingday.com.tw
397808,weinmann-schanz.de
397882,wodemo.com
397898,worldipreview.com
397956,wildy.com
397996,wearegurgaon.com
397999,webecommerce.com
398028,wzdev.co
398055,wagernetwork.nl
398102,wenskaarten24.nl
398140,woome69.de
398149,worldmanager.com
398175,womenspress.com
398211,westlakehardware.com
398239,whiskaffair.com
398252,wintwealth.com
398344,w-health.jp
398388,wfoplantlist.org
398404,wtxqxwpa.cc
398420,wavespb.com
398426,websbyamy.com
398485,warnet.ws
398557,worldcupfootballpredictor.co.uk
398575,wincoil.us
398583,whatismyip.vip
398589,williamlam.com
398608,womensecret.com.ua
398651,wineroute.co.il
398708,wetlooker.com
398775,wooxstore.com
398819,wistatefair.com
398835,wmorrisandco.com
398914,webnode.com.tr
398927,webfundament.com
398935,withconfetti.com
398963,wplcloud.com
398970,wdstq.com
398976,wearehackerone.com
398985,wisenet.co
398990,wineproven221.live
399097,weddyplace.com
399117,winchesterhospital.org
399157,walkerhill.com
399209,weboworld.com
399269,washeng.net
399300,wrqxod36v.top
399331,waddingtons.ca
399366,wholelottanothing.org
399371,withorb.com
399386,woodbarter.com
399392,wfnr.co.uk
399401,wildkogel-arena.at
399415,wpja.com
399424,waon.net
399499,westport.com
399507,weropay.eu
399536,wildnutrition.com
399551,worten.net
399554,walkmyworld.com
399557,websitepro.hosting
399564,wearehostingyou.com
399571,webdevhost.net
399610,wonderupdates.com
399664,wabwmedia.biz
399700,wizardworld.com
399716,webasha.com
399806,wwisp.net
399815,willsoor.pl
399824,webtextexpander.com
399826,weck.de
399837,weberseeds.nl
399909,wmubroncos.com
399923,winemart.ua
399932,wrestlingnewssource.com
399988,winterberg.de
400045,webarx-platform.com
400065,worldrag.com
400068,wurth.pl
400111,wpxs.cc
400141,wanfang.gov.tw
400143,wvsu.edu.ph
400236,wcaredn.ca
400282,wildvegascasino.com
400327,wabco-auto.com
400400,wesystems.cloud
400414,woyaogexing.com
400458,workerrenter.pro
400506,wohngeld.org
400520,wildganz.com
400645,webcome.kr
400728,worldvision.org.nz
400747,webland.se
400758,washdata.org
400873,webactiv.ro
400980,wplister.com
401007,watsons-water.com
401012,wriza.top
401085,webops.host
401133,waldhausen.com
401148,weadown.com
401154,wadmanet.co.id
401194,webhost-nameservers.com
401238,whatsmyip.net
401297,wlxe.shop
401323,whitehyper.shop
401325,world-cuisine.com
401357,warungkomikcdn.icu
401382,whoswholegal.com
401435,we-con.com.cn
401469,whatsap-web.ru
401514,wakie.com
401532,wifine.ru
401567,wholesalesockdeals.com
401586,w.media
401596,wlan.net.id
401630,webpro.su
401648,wrestlingdata.com
401681,worstpreviews.com
401704,wik-prod.top
401727,wildsino.fi
401762,whitleybayfc.com
401789,withub.ai
401825,wonderdays.co.uk
401851,wischlingen.de
401852,wordlayouts.com
401857,www.gov.lk
401915,webofcomics.com
401953,webmineral.ru
401972,wized.com
402014,womenforhire.com
402085,women.org.cn
402175,websamba.com
402189,wfcn.co
402214,webkeeper.ru
402289,webhostpulse.com
402309,websail1.com.ar
402367,wetandpissy.com
402376,white-rabbit.space
402394,web4all.fr
402404,wenhuila.com
402411,winscp.top
402414,wonder4dd.com
402423,whitecyber.net
402460,ww1cloudservers.com
402471,w88vt.com
402475,webdew.com
402490,wla.hu
402532,webmshare.com
402556,winspace.cc
402565,web50improvess.de
402566,wscss.edu.hk
402587,wtns.ai
402594,woof.tech
402595,woundsource.com
402599,wenda123.org
402611,wotsit.org
402616,wugumil.com
402619,wiredandlinked.net
402622,wawapress.net
402624,wynnvacations.com
402686,wildlandtrekking.com
402725,webfactor.ro
402767,websoma.com.br
402769,waterloohost.com
402784,webplus.info
402840,womensrefugeecommission.org
402902,waterwaymap.org
402928,wendt-net.dk
403016,woogatrack.com
403047,worldcoffeeportal.com
403084,wea.org.uk
403109,web-servers.gr
403116,wego.com.pt
403197,wizydigital.com
403211,webmediarm.com
403216,wecomsol.nl
403231,wm-tippspiel.de
403270,welltech.com
403328,wibcloud.com
403347,wdyxbz.com
403372,wphosting24.com
403376,westmeathindependent.ie
403423,whois.fi
403428,withouthotair.com
403432,wilmar-international.com
403550,wgames-assets.com
403644,winabettips.com
403671,wormyumaru.cyou
403792,worldvpn.net
403810,weightworld.uk
403863,weds.co.jp
403865,watchnakedwomen.com
404020,wgimager.com
404077,webercloud.net
404183,wmfts.com
404216,whatstrending.com
404245,wahl.co.uk
404284,wholelove.com.tw
404288,wwtatc.com
404370,wingify.com
404385,wsjwine.com
404390,weidner.com
404392,winterriverbooks.com
404416,w3h.io
404427,weareshift.agency
404470,wildfiresports.com.au
404514,wangguai.com
404523,winbiap.net
404553,wood.ru
404554,wishartlab.com
404558,webexpire.com
404575,wzbc.edu.cn
404582,workspace.bmw
404652,wolfenbuettel.de
404680,waynereaves.net
404825,wompi.com
404916,woeurope.eu
404930,worldlineitalia.it
404946,wispyx.net
404958,waiworld.com
404960,winerastatic.com
404977,wildsecrets.com.au
404997,wahlpro.com
405080,webceive.com
405113,whereyoueat.com
405134,wt.social
405161,won-cloud.net
405219,wagtopia.com
405273,witnessinthecorridors.com
405284,wmal.com
405312,wishesclouds.com
405343,winshape.de
405347,weissinternet.com
405352,wninternet.com
405406,wineinmoderation.eu
405423,wmf-professional.com
405478,webcheats.com.br
405505,webmavens.com
405561,webspace.re
405631,winfoundry.com
405649,wmsp.co.uk
405682,wagercenter.nl
405706,wildcard.one
405735,wangsanks.com
405780,watch.co.uk
405785,worldsim.com
405789,winnipegtransit.com
405914,wishion.sk
405983,webhostingargentina.net
406004,wemoto.co
406071,webinformatik.ch
406124,wuerth.no
406134,wizard.ca
406164,wiwdns.com
406208,winetbrasil.com.br
406211,westnet.net
406224,webplus.net
406309,winevins.com
406321,wildlife.gov.my
406323,wallashops.co.il
406341,westside-barbell.com
406342,wlnet.com
406354,wolfnet.cz
406364,williamsfoodequipment.com
406367,wwfchina.org
406391,wxdtc.net
406439,walderwellness.com
406478,wapa.pe
406562,wildbirdscoop.com
406565,weshop.com
406613,wpst.com
406621,womenandhollywood.com
406631,wissenschaft-im-dialog.de
406688,wacs.group
406695,weebvideo.stream
406750,web-canape.ru
406764,watchesprime.com
406791,webproxy.click
406792,wtfsolve.com
406877,whrl.pl
406915,well-played.com.au
406969,wilsonsauctions.com
407006,webconnectivityllc.com
407013,wextech.ca
407041,wejadebear.site
407249,waves.net.cn
407325,wifiranger.com
407328,worldranksite.com
407345,wannengma.cn
407350,websiteisblocked.com
407351,wargame-workshop.com
407386,we.cz
407387,wuwatracker.com
407438,wccta.net
407448,womenlobby.org
407449,wuerzburgerleben.de
407505,webendcreator.com
407517,wsone.icu
407518,wxwerp.com
407544,wagerhouse.nl
407555,waifuoverlord.com
407617,wwndirectory.com
407624,webcms.lu
407638,weavehand.com
407667,wpxsw.cc
407690,wn-dns.at
407782,www-wps-cn.com
407840,wbond.net
407846,websiterating.com
407877,weduc.co.uk
407890,whatismyip.live
407908,woodwing.cloud
407989,webhousenepal.com
408035,wearezrcl.com
408054,wbsj.org
408059,webnode.cl
408092,workaxle.com
408154,webhostconnection.com
408170,worldmatch.eu
408178,web-wps.net
408200,weatherusa.net
408224,wienerbezirksblatt.at
408240,wb-dyndns.de
408292,weeklyadpro.com
408344,wowfm.app
408349,wqbxerajph.net
408394,white-dns.info
408462,wnpower.com
408463,wordans.es
408481,weneedavacation.com
408507,wonderboxdev.com
408511,wizardsoft.ru
408538,wiimmfi.de
408579,wmd-webprostor.com
408607,wp-x.jp
408634,windowmaker.org
408674,wps-com.net
408677,wx1.eu
408703,watches.ae
408709,whit3.net
408728,west-point.org
408737,wonju.go.kr
408744,wpia.net
408774,wlrk.com
408785,webdownloadervideosaver.com
408812,wsbeng.com
408836,wallester.eu
408840,webtech.pl
408846,weinsberg.com
408907,wiut.uz
408916,wwcloud.eu
408919,whichfaceisreal.com
408927,worldfuturecouncil.org
408943,willerexpress.com
409006,webdirectoryone.com
409052,windrunnerleather.com
409086,worrisome-republic.com
409122,websearchpro.net
409140,web-helloworld.cn
409154,wordbomb.io
409206,wolfprivaten1.com
409291,worksheeto.com
409352,wieliczka-saltmine.com
409367,welib-public.org
409465,wikileaf.com
409468,washgas.com
409482,westieinfo.com
409496,waldom.com
409584,walnuts.org
409614,wiremesh-tianjin.com
409636,wearetravellers.nl
409730,whereandwhen.net
409764,waterbabies.co.uk
409774,wrestling.pt
409791,webgeoservices.com
409810,wruf.com
409831,wkncdn.com
409851,whatsthatbug.com
409854,workspace.co.uk
409857,wms.cz
409931,wr12343.com
409952,wonkywonderful.com
409972,wxsck.com
410059,wccannabis.cc
410103,wedos.ws
410113,weekend.co.il
410163,wuerth.dk
410176,winning11.com
410264,wetsuitwearhouse.com
410310,wensink.nl
410528,workbeat.com
410551,wiltshire999s.co.uk
410631,win-eurasia.com
410742,wuolahstatic.com
410772,wcea.education
410810,wearcommando.com
410856,webdesigner-profi.de
410892,writely.com
410912,welplus.co.kr
410945,wimdu.com
410946,weatherunderground.com
410965,wrbm.com
411022,w4zblz6.com
411054,webliyon.net
411259,wheatstate.com
411264,werbemittel24.com
411277,wildlifeday.org
411323,westoffiftyfive.com
411337,wfolio.cc
411346,wafrn.net
411398,wbskin.com
411405,whileint.com
411459,whoosh-cloud.com
411470,womenasian.org
411498,webdraw.me
411546,wheelstore.com.ua
411621,wisegeek.net
411624,watchaser.com
411736,wildwoodsmp.com
411745,worldnet.se
411800,webwombat.com.au
411889,wmsite.ru
411950,wfubmc.edu
411958,winomania.pl
411983,worldofmods.com
412004,wholesalejewelrywebsite.com
412019,wasafibet.co.tz
412197,webclouds.af
412202,wallpaperjun.site
412234,wfibra.com.br
412288,winchestersun.com
412352,wnc.com.tw
412369,wb-trauer.de
412429,webtrafic.ru
412447,wordonhd.com
412457,weplay.cl
412502,whale.io
412545,wrr.nl
412557,woodforest.bank
412589,wellmed.net
412660,way2allah.com
412697,woxikon.co.uk
412701,wennuanblog.com
412721,whchpa.com.cn
412746,webcastmetrics.com
412813,weex.global
412840,worldofcruising.co.uk
412877,w4bwtovmd6l6.com
412891,worldprofit.com
412942,wilhelm-tel.de
412969,webcaster5.com
413020,weer1.com
413060,wallpaperveo.site
413102,waxmoon.net
413193,wind-turbine-models.com
413258,web-vision.de
413265,worldmags.net
413354,wurth.co.uk
413411,we0fun.com
413489,walnutvalley.k12.ca.us
413542,womenofthehall.org
413562,wordans.it
413583,walrus.net
413615,webmedia-nijmegen.com
413648,womenschildrens.com
413685,win444a.com
413691,wikixl.nl
413695,webformix.com
413704,wtopnews.com
413761,windward.eu
413793,weber.k12.ut.us
413801,world-of-lucid-dreaming.com
413802,wenzperl.nl
413803,webimonline.com
413808,windtrebusiness.it
413839,wurnet.nl
413871,worldpropertyjournal.com
413890,wearetst.com
413944,wpbeaveraddons.com
413947,walcu.com
413963,wlinks.com.br
414014,wielkastopa.org
414031,wellnessforever.com
414069,waynecountymi.gov
414097,wheregoes.com
414208,werkado.eu
414240,womaneconomy.co.kr
414262,waterstechnology.com
414330,wontech.de
414336,warmachineshub.com
414340,webcamslut.net
414352,wwa.com
414404,wisesight.com
414420,woodstockwineandliquor.com
414428,wtca.org
414468,webenlet.co.uk
414522,wog-azk.com
414596,wled.ge
414651,wistee-dns.fr
414713,wij.nl
414717,whatworks-csc.org.uk
414734,wild-wj.com
414803,wps-cm.net
414907,wess.co.jp
414932,welovedoodles.com
414936,waybackburgers.com
414996,wolf.community
415098,wzsuda.com.cn
415160,wth.com
415184,worldescortspage.com
415202,wittylama.com
415291,wcc.best
415292,worldgirl.net
415293,worldofappliancesbh.com
415303,wdbible.com
415384,winalist.com
415394,watchgod.com
415411,wikiwikiweb.de
415420,webico.net
415462,wesell.co.il
415473,wtrt.net
415484,wlxrs.com
415501,waterworld.com.hk
415529,wokiapp.com
415608,wemgehoert.at
415670,waw.beauty
415763,whcdn.net
415791,wazamba-online.com
415812,wowhackgold.com
415836,whatsapp-web.com
415838,wickey.ro
415855,worktop-express.co.uk
415870,webcal.fi
415925,wozan.org
415939,wonosobokab.go.id
415982,wtphosting.com
415995,wgnsradio.com
416047,wpsserver.de
416140,wildlifesos.org
416166,whatsup.gr
416183,w3z8gu6q.com
416209,webcitygeek.com
416247,wimages.net
416306,winsightgrocerybusiness.com
416334,wakdev.com
416403,web-wps.cn
416505,waragod.it
416510,wedressfair.fr
416511,world-connect.ch
416544,westidc.com.cn
416550,whistic.com
416620,whyweb.kr
416623,wub-cdn.de
416665,weddingideasmag.com
416680,winestyleonline.com
416709,wind-soft.de
416727,warehouserunner.com
416811,wk.com.br
416822,wardmanwines.com
416857,wordans.be
416885,wiki.tn
416890,wildadventures.com
416963,weduhosting.com
416972,wemade.com
417041,westshorewebhosting.com
417163,wkau.kz
417166,wesbos.com
417260,wrk.ru
417331,wishgujarati.com
417378,wordandway.org
417383,watercoolinguk.co.uk
417405,wallpaperstogo.com
417416,waterpowermagazine.com
417457,wmg.click
417479,wildatlanticsurfco.com
417482,www-host.ru
417534,westerracu.com
417554,webseo.cl
417570,webpress.net.br
417606,wayf.dk
417705,worknola.com
417727,weekdone.com
417781,wrappio.dev
417851,wbpcb.gov.in
417966,websitewebhostingservices.com
418035,wildvogelhilfe.org
418133,websitesettingsdna.com
418175,wirejewelry.com
418194,wpjobmanager.com
418218,webwerks.in
418247,watermill.org.uk
418277,wipsites.com.br
418298,williamhbrown.co.uk
418310,wp-cocoon.com
418360,webenlet.pl
418366,wardify.gg
418372,wptestinstall.com
418385,wellright.com
418417,wateruseitwisely.com
418434,watrust.com
418451,windsor.gov.uk
418475,wowutils.com
418477,wskr.io
418535,waa2.com.br
418635,womanjour.ru
418676,webbsonline.com
418684,wattcycle.com
418755,workin.jp
418802,wps-on.cn
418810,williamsonvelp.com
418842,wordle.name
418844,whatsnewinpublishing.com
418886,worldredeye.com
418897,words-fly.com
418964,wayk.net
418968,wingsoverscotland.com
419001,webtom.pl
419022,wildberries.az
419034,webmedia-nijmegen.be
419120,wentronic.com
419188,weiouyishu.com
419206,wiktionary.com
419262,wouisys.com
419292,wonders.be
419300,watchmedia01.com
419317,wehostwebsites.com
419349,westada.org
419351,wpbsa.com
419374,whatcom.edu
419390,webnode.ro
419418,whatsapp-downloads.ru
419421,whise.eu
419426,win8687.com
419460,welcia-yakkyoku.co.jp
419503,waltgracevintage.com
419531,winspinitygames.com
419587,whnhosting.net
419654,wxdsdggsvi.net
419675,wistee-dns.net
419693,womensfitnessandstyle.com
419739,wnet.net.in
419748,webofcomics.me
419810,wls.com.br
419826,web2media.sk
419851,webhosting24.com
419880,wecoming.net
419918,waikly.com
419934,webador.it
420002,wakanim.tv
420042,wallector.com
420057,webadmit.org
420092,wpcoapage.com
420105,workandmoney.com
420168,weldingsuppliesfromioc.com
420177,worldcupwin.net
420219,wetandpuffy.com
420226,wwmsolutions.com
420233,westlancs.gov.uk
420264,werkenbijcoolblue.com
420265,ww2.site
420267,waktusolat.net
420315,wenshuhui.com
420345,webtagdirectory.com
420354,whatismyelevation.com
420387,woodcarvingillustrated.com
420494,wenko.de
420561,weatheronline.pt
420563,wolftheiss.com
420570,wyethnutrition.hk
420571,weprotect.org
420574,weinermusic.com
420604,whchem.com
420606,wyconcosmetics.com
420652,workingoffice.de
420669,wcgwave.ca
420806,win444b.com
420811,webpartner.cl
420839,wbf.co.jp
420854,weddingku.com
420870,woofymeals.com
420950,watsonswine.com
420953,wutscher.com
420961,wengo.fr
420987,wimpy.co.za
421043,wisconsinprephockey.net
421045,wallpapergod.com
421083,when2meet.co.uk
421087,wificom.ch
421220,web2sex1.top
421247,wkusports.com
421297,war2.ru
421366,wehorse.com
421370,wisselkoers.nl
421377,wp.gov.lk
421462,whitehouse.org
421496,webanalytics.space
421538,world-vtt.com
421600,wearehullcity.co.uk
421633,webautobid.eu
421638,webhostingprovider.com
421710,workrecords.com
421718,watercitizennews.com
421744,webmedia-nijmegen.eu
421760,wmd.hr
421800,wiez.pl
421817,worldly.io
421910,westco.net
421948,webminepool.com
421954,wbgu.de
422024,worthylive.com
422060,wizink.es
422069,wildner-medien.de
422074,winwinwin909090.com
422156,wifetube.xxx
422165,woehner.de
422185,websitenambo.com
422189,wilsonlanguage.com
422221,windowsarea.de
422265,worldpressit.com
422280,website66church.shop
422347,whitesnow.jp
422364,windowstimes.online
422371,wyntonmarsalis.org
422394,webcamlive3x.com
422428,webserverdns.com
422458,wreckedexotics.com
422460,webcast.gov.in
422520,webramz.co
422536,worldhealthsummit.org
422576,wealth.com
422606,woodartsuniverse.com
422618,worldnumerology.com
422749,windowworld.com
422880,whiterainbookhouse.com
422923,worldcastdns.com
422928,work-wallet.com
422929,worcesterart.org
422978,wienmobil.at
423018,w8ckbnfmfcivcc.com
423023,wlmm0bwny3oe5nd.com
423041,woddal.com
423114,wpfactory.com
423139,wojewodzic.com.pl
423177,wildtt.com
423182,wordtothewise.com
423223,warashi-asian-pornstars.fr
423233,wakeworld.com
423268,wiperblades.co.uk
423273,wamiz.de
423284,wirsiegen.de
423332,walletpop.com
423340,whitehero.ru
423344,whmc.edu.cn
423410,whering.co.uk
423476,wholelabs.com
423504,wegotravel.ch
423600,whitelotuscorporation.com
423610,wetterblick-api.com
423626,win9199.com
423652,wolffindustries.com
423658,wonderment.com
423710,wir.ch
423712,womenslibrary.org.uk
423725,wowanalytica.com
423736,wholesalehunter.com
423764,websupporters.com
423768,westnet.com.ar
423788,whatisadirectory.com
423799,womanmaniya.ru
423851,webaccess.co.id
423856,web-bee.ru
423938,wemove.com.ph
423946,wirliebenhunter.de
423991,wc07.net
424095,webmail.co.id
424100,wordle.global
424119,welldata.ae
424120,wad.pl
424123,wiki4men.com
424136,watchclick.com
424142,wigoutlet.com
424144,wikicarpedia.com
424154,westernmininghistory.com
424209,wernerschell.de
424234,wnnews.cn
424290,withallo.com
424326,whois.ua
424364,world-of-dota.com
424514,wellensteyn.com
424554,warehousefashion.com
424610,wjbryanmd.com
424611,wxxs.org
424658,winzbro.com
424695,watsap.app
424706,windmill.dev
424711,weblink.hu
424727,warhorn.net
424728,washingtonindependentreviewofbooks.com
424811,welingkar.org
424812,warfareplugins.com
424813,whg-dns.de
424910,whizz.co.ke
424960,woodchucksato.com
424974,winmark.nl
425008,w3nt.com
425055,writeexpress.com
425080,wvfibernet.net
425110,worldchallenge.org
425176,webdesignwebdev.com
425281,wayfront.com
425283,wave-gotik-treffen.de
425290,wh-2.com
425360,winkler.de
425361,wespa.de
425462,wee.co.il
425486,win9234.com
425490,wishupon.app
425545,wineonline.ca
425558,win8696.com
425581,waiterio.com
425603,werk34.de
425623,wildrepublic.com
425633,webplanner.de
425656,wps-it.cn
425680,wpcnpage.com
425705,win9566.com
425803,wdtimes.com
425925,webstat.com
425935,winora.com
425989,wmgk.com
426088,webmavens.in
426089,wy88xofficial.com
426127,wendybook.com
426132,wdr-mediagroup.com
426178,win8345.com
426227,wellcee.com
426274,web-mechanic.ru
426313,waterirrigation.co.uk
426355,winstelcontrols.com
426364,wfdeaf.org
426398,watts2win.eu
426408,westelm.com.mx
426418,wise.co.bw
426449,wsdnet.sk
426591,worldofbeer.com
426634,wazaayf.com
426646,wedissimo.com
426650,wapforum.org
426709,welcomtogamerisland.com
426790,wesportfr.com
426916,wpcom.cn
426919,win222.store
426940,wyndy.com
426949,weblib.com
426990,webdesign-inspiration.com
427022,wohnmobilpark.com
427034,weather.gov.pk
427043,wego.cl
427053,webmedia.hr
427062,warrants.com
427093,wheresgold-slot.com
427152,windkraft-journal.de
427161,wabay.tw
427162,welovegreen.fr
427184,wnflb2023.com
427196,wkgposvc.cloud
427211,wiredash.io
427219,wegotdicks.com
427220,wingamestore.com
427259,wiapy.com
427314,wearecreativewest.org
427338,wowkorea.live
427415,westminster.org.uk
427429,worldvision.org.uk
427441,webike.my
427463,w88thaimeth.com
427491,wolfsonian.org
427492,wehrfritz.com
427504,wmp3.site
427515,woai.com
427540,whelp.co
427567,wtvs.net
427601,wfei.la
427624,web-solutions.io
427641,wandrd.com
427727,westmeathexaminer.ie
427856,wcasino-online.com
427886,weddingnews.jp
427887,world-kinect.com
427920,wukongacademy.com
427921,weride.ai
427922,wmt-update.com
427940,worrione.com
427966,wireboard.io
427987,wfb-bremen.de
427993,weroad.io
427996,whatsmeet.com
428074,washoecourts.com
428102,wikigta.org
428124,winpoin.com
428126,wbsconnect.com
428134,wiserpub.com
428233,wapsisquare.com
428243,writeas.com
428277,wdrv.com
428299,web3gate.io
428304,win222zf.net
428319,wordorigins.org
428333,wotaku.wiki
428408,whitakersgardencentre.co.uk
428415,ww-fd.com
428417,wholevideos.com
428439,webdepozit.sk
428472,web91.ru
428482,winsipedia.com
428561,webjanssen.de
428589,wayserver.net
428659,warsailors.com
428672,winkscrubs.com
428722,whofi.com
428778,woodplank.com
428814,wvc-ut.gov
428844,weav.xyz
428851,woz.blue
428902,wheelbasealloys.com
428924,wonderfold.com
428932,whatsupdoc-lemag.fr
428934,wordkeeper.net
428936,welovelithuania.com
428938,www1.ca
428991,whereismyporn.com
428997,wyertech.com
429007,worldstatesmen.org
429054,wuli009821.net
429091,webcams18.ru
429264,w62a9.com
429265,wcddel.in
429266,wowjai.com
429267,wsnp.edu.pl
429327,wsi.de
429425,weekendesk.es
429594,wyrmwoodgaming.com
429601,why2has.quest
429605,webhostperu.net
429616,wikihow.vn
429624,wulincdn.com
429640,worldhorsewelfare.org
429652,weballdirectorys.com
429762,wdvl.com
429763,watermelogic.com
429802,win678.us
429804,webauthor.com
429829,webtran.ru
429859,watchintyme.com
429885,waimaojd.com
429917,whipsnadezoo.org
429946,wnf.nl
430136,wccl.org.uk
430180,webjapan.co.jp
430258,webcrafttechnology.in
430274,webmvr.com
430347,wokatv.cc
430376,wecreat.com
430380,wandb.com
430386,web50publics.xyz
430390,woodmizer.com
430429,watzinger-power.at
430475,whalosvc.com
430479,whois.id
430566,wisereport.co.kr
430671,wilderdog.com
430704,wooyun.org
430729,wipster.io
430781,wibes-store.com
430786,whisky.auction
430790,windingcreekranch.org
430793,wbv.de
430958,wakebeconomic.com
430974,wallacebishop.com.au
430983,win222.app
430997,wikipathways.org
431030,whispersinthecorridors.com
431042,websiteout.com
431053,wpgtalkradio.com
431077,webvesta.ru
431090,wollplatz.de
431096,wjle.com
431109,webhost4sme.co.uk
431132,weatheruknow.com
431152,webullapp.com
431158,webagre.com
431322,web-hosting.my.id
431324,woodboatandmotor.com
431326,westmont-group.com
431330,westcoasttriallawyers.com
431341,weroad.com
431367,worldrugbyshop.com
431380,walkioapp.com
431388,win222zf.com
431411,wemoto.fr
431425,wrstbnd.io
431428,wackerneusongroup.com
431439,webservercp.com
431499,world-psi.org
431517,wholesaledomestic.com
431539,weneve.com
431601,windropgames.com
431635,w3b8t.com
431653,win2gain.com
431668,webfire.ca
431718,wifisolution.network
431719,wenshudu.com
431723,wawasha.com
431780,world-vu.net
431848,wan-green.com
431858,weberd.com
431907,web50improvess.xyz
432102,webmorehosting.com
432147,weenyingolf.cyou
432158,whitesboots.com
432200,webcomke.net
432237,wikid.org
432294,wearecollegetennis.com
432313,windmill.build
432345,westernunionbank.com
432398,wawacity.space
432474,ws-server.org
432667,wdasec.gov.tw
432755,wakanow.com
432779,winonanationalbanks.info
433063,worldrecord24.co.uk
433080,wienersymphoniker.at
433132,wuka.co.uk
433142,wqxlw.com
433148,worldfone.vn
433163,wilsonsons.com.br
433166,wpeverest.com
433174,wo.lt
433208,waterworldcolorado.com
433209,wolrpg.ru
433228,whnews.cn
433387,wghfilms.com
433397,werbegeschenk.eu
433399,webblitz.net
433484,windirstat.info
433490,whtyglobal.com
433512,westlanders.nu
433575,wmfmeyer.com
433643,wise.jobs
433649,whzszy.com
433817,wfsahq.org
433820,wagerplace.nl
433861,weitze.net
433939,westcoastsailing.net
433960,wzhouse.com
434073,whatsdownthatstreet.com
434075,wolfe.net
434079,weather-daily.com
434127,wkatowicach.eu
434187,whoknows.co.nz
434189,whpservers.com
434225,wpcubes.com
434285,wavemailboxes.com
434291,wifimeshnet.cc
434308,waer.org
434324,webropol.com
434442,wheelfunrentals.com
434549,worlddownsyndromeday.org
434555,woccu.org
434570,whistlefish.com
434604,wonder.net.tw
434823,wisebathrooms.co.uk
434864,wasalat.net
435126,welmi.ai
435132,wave.co
435170,wave-cockpit.de
435190,washingtonbeerblog.com
435237,weissgauff.ru
435283,wamnet.com
435311,wmbriggs.com
435380,winedeals.com
435395,wargamesatlantic.com
435413,wtszkeovl.com
435426,w2m.com
435454,websiteministries.net
435498,web-platform.net
435520,wawacity.cafe
435526,webappick.com
435546,wts-okube.com
435647,wcpkckormoghp.website
435675,wwf.org.hk
435703,waybackshow.co.uk
435714,whiteface.com
435741,winnersbet.com.au
435827,wpdesk.net
435870,woxikon.pt
435890,wai.org
435901,worklife4you.com
435920,westpay.se
435993,www.io
436026,wanderersways.com
436066,womananimalporn.cyou
436149,wfhresearch.com
436217,waterpompshop.nl
436226,wizeguy.se
436227,wibx950.com
436249,wizofawes.com
436298,wscubetech.com
436311,wedabimahardware.lk
436325,webtechservicesinc.com
436341,webprom.pl
436352,wyday.com
436503,wondrousinventions.com
436515,watch.de
436535,wecreateproblems.com
436571,weizhuannet.com
436595,whlsome.com
436597,wizer-training.com
436639,werun.world
436728,wuuxiang.com
436734,wapstore.com.br
436752,wellnessresources.com
436757,wearevennture.co.uk
436801,weatherwizkids.com
436885,wepas.co.kr
436925,wedoexpress.com
436943,wikiwhat.page
437006,wellframe.com
437007,waltersfamilytree.net
437011,ww1.ru
437025,worldcuppass.com
437029,wageverify.com
437096,winboss.ro
437130,webot.org
437150,writingexcuses.com
437215,wru.wales
437235,wikidates.org
437332,waterlandvanfriesland.nl
437432,wedding.pl
437473,worldwings.net
437534,wattan.net
437537,watdomain.com
437557,wikiporno.org
437564,wsjm.com
437592,workandahost.es
437593,wheely.com
437644,wwis.us
437651,wildschoenau.com
437689,webbpg.com
437700,wpcdnnode.com
437713,webassist.com
437747,weko.com
437774,wall-art.it
437780,woodwork.com
437859,wildwildpush.com
437915,webhm.pro
437931,wafit.info
437944,worldestate.homes
438169,warmia.mazury.pl
438250,willfind.co.jp
438256,wemag.com
438277,wes-server.nl
438322,wethenew.com
438338,warsawtour.pl
438353,wapin.ru
438396,workingclassheroes.co.uk
438417,workbook.net
438430,wanabet-mobile.com
438452,wishosting.net
438458,webattack.com
438526,wapking.in
438591,w-o-t.pro
438612,webserverexpress.com
438617,wplocker.com
438618,webbuho.com
438644,wtfhappenedin1971.com
438674,weiquanhome.com
438697,wintips.org
438714,workzone.cloud
438741,wozhangwan.com
438773,wittner.com.au
438783,wcsx.com
438787,wercdc.xyz
438862,whitelabelitsolutions.com
438890,weyhrauch-systemhaus.de
438906,wildfire2.com
439027,wuxiayue.com
439028,w3seo.info
439038,web-org.ru
439041,westcapitallending.com
439105,winnervw.com
439125,webcams.tv
439143,worldfolksong.com
439269,wazohost.net
439274,wwwxhamster.pro
439305,wyllf.ru
439319,weebgroup.net
439344,webenlet.eu
439348,wl.is
439368,welcomekyushu.jp
439372,westerwoldeactueel.nl
439479,waterfordcouncil.ie
439494,wifispot.io
439518,wolfsspitzforum.de
439531,wireapex.co.uk
439565,wavosaur.com
439674,waymarkedtrails.org
439740,wg3664.ru
439760,workforcewv.org
439799,webone.ne.jp
439800,w-n.com.ua
439868,wearemooncup.com
439882,winorio-uk.com
439886,whoisprivacy.domains
439891,wheelhousedmg.com
439905,welms.ca
439926,westdean.ac.uk
439960,wastereduction.gov.hk
440018,watches.co.uk
440065,whitemountainknives.com
440110,webkart.co.in
440199,waecdirect.org
440211,warnermusic.de
440223,wanpengjiaoyu.com
440345,wpliveforms.com
440347,webcargonet.com
440349,wondrhealth.com
440414,whiteclick.biz
440465,webhostingfab.com
440469,webser.co.za
440564,win47.top
440571,wikisofia.cz
440601,weeab0o.xyz
440642,winestar.com.au
440645,waiteraid.com
440647,washington.land
440657,webjsb4.com
440700,wowanka.com
440716,wirelesshack.org
440723,wintomato.com
440733,wser.org
440735,wsc.co.uk
440762,wildsino-portugese.com
440769,wumbo.net
440801,weaveanddecor.com
440833,webmarco.com
440845,warnermediagroup.com
440896,wolfwinner.fun
440910,williamsandwimmerdds.com
441028,worldofsucculents.com
441063,wikihow.health
441129,worldofpcgames.com
441135,webcam24chat.com
441173,weleda.jp
441193,weathertrendanalysis.com
441257,wqmoran.com
441305,wasserwaechter.de
441437,weiguangjiyi.com
441451,wildcat.de
441461,worldofulos.com
441471,wxpr.org
441518,windsorbeautysupply.com
441545,webjsb5.com
441690,wklaw.com
441733,walkenewmedia.de
441743,watchseries.cyou
441778,widergy.com
441848,waltons.co.uk
441859,wificp.ru
441871,wedc.org
441893,webjsb2.com
441901,win168.com.tw
441909,workiva.net
441969,wwof.com
442014,westfieldgrp.com
442126,wfpowerexchange.com
442168,wangpankuaidi.com
442173,woodworkersjournal.com
442211,ws-xyz.com
442231,wunderino.com
442256,widgetbot.co
442331,wiley-epic.com
442338,wickeditor.com
442423,wakeupnews.eu
442487,websouls.com
442516,widforss.se
442538,wbtrk.net
442561,wyniasweek.nl
442607,webserverbr18.com
442624,whocc.no
442625,watchcount.com
442639,whichmuseum.nl
442660,withnolock.tech
442685,weiyangwang.com
442751,worldofmods.ru
442757,wcirb.com
442788,wntdnnui.com
442804,webcheckin.ru
442847,worldcar.ru
442851,wepax.com
442992,wiki4fit.com.br
443061,withwre.com
443068,wintergardensblackpool.co.uk
443086,whitireiaweltec.ac.nz
443102,wojetpump.com
443129,wygodnezwroty.pl
443181,wmyfscm.cn
443195,wesleyan.org
443220,wdsj2.com
443229,w1consultoria.com.br
443231,westsidevw.com
443255,wyg.com
443276,web30s.vn
443282,widerfitshoes.co.uk
443293,won888.io
443328,wetheitalians.com
443341,wilderness-safaris.com
443381,worksourcewa.com
443411,wcmessenger.com
443446,wall.page
443457,wonjuopi.com
443489,wordans.ie
443492,webjsb3.com
443498,webwikis.es
443580,winadaycasino.eu
443597,weatherford.ru
443693,wtools.biz
443757,westmorelandcountypa.gov
443763,wydawnictwopzwl.pl
443765,whovpn.ch
443818,waterrf.org
443825,way-guard.de
443837,websites.ca
443893,wialon.net
443961,westernsupply.com
443965,win2026vn.com
443981,wuhunews.cn
443988,wmd-nvme.com
444003,world-guides.com
444108,wowtheme7.com
444113,woo.ne.jp
444239,wimbledonpages.co.uk
444267,worldxxpp.com
444378,worlldnews.com
444421,winbetbe.com
444426,weedworld.co.uk
444434,wetsuitcentre.co.uk
444436,westhampages.co.uk
444520,wecnq.com
444525,websupplies.gr
444542,wallpaperalchemy.com
444780,winvalue.de
444857,windermere-lakecruises.co.uk
444867,webpay.by
444878,windvdpro.com
444890,woodupp.com
444891,waynecc.edu
445126,wellingtonairport.co.nz
445157,wcams.li
445176,wd-host.com
445261,webarchiv.cz
445288,womenandchildrenfirst.com
445401,wilsonsleather.com
445458,wuestenrot.at
445499,wcc2024bydgoszcz.pl
445551,wholekitchensink.com
445580,web-host.gen.in
445588,winacontract.co.uk
445599,wansec.net
445624,wcasdertnmj.com
445627,webhosters.no
445633,welding.com.au
445651,weathercity.com
445695,webhostnameservers.com
445790,whfweb.com
445805,wobo.tools
445864,webway.se
445886,wesupply.xyz
445889,whispir.com
445943,wordmom.com
445955,writers.com
445969,wikiwiki7.com
445983,wheelbase.co.uk
446016,wontiq.com
446024,wogblex.com
446118,wiziup.net
446142,wisecdns.com
446166,webbyhost.ru
446211,whitehousedrugpolicy.gov
446246,wftda.com
446255,webdriver.io
446330,webcamgirlclub.com
446424,waterbuttsdirect.co.uk
446443,wifi.com.vn
446478,warbabank.com
446479,witcom.cloud
446601,wordpressthemes.live
446630,wuyiu.edu.cn
446670,wayvia.eu
446710,webbuy.dev
446711,winnitta.it
446719,wandisco.com
446769,wirebank.ru
446795,wholesaleapparelandsupplies.com
446798,wetscourses.com
446838,wordzhgame.net
446899,wdm.org.ua
446959,wintersrec.com
447008,walkerxm.com
447028,webarxsecurity.com
447038,wikiwarriors.org
447050,whamond.com
447150,walk-ons.com
447264,warwick.net
447298,wangxinlei.cn
447333,wardhadaway.com
447400,wpdb.net
447447,wgmods.net
447473,whipplehillsites.com
447485,weadapt.org
447498,webdirectory7.com
447630,wekontech.com
447631,wonderslate.com
447642,waziri.ng
447682,windowssecrets.com
447696,wilhelmshaven.de
447702,waffencenter-gotha.de
447723,webeyesoft.com
447736,wtpump.ru
447781,wagahaha.xyz
447871,wapsite.me
447885,weekend4two.fr
447904,waltham.com
447911,wonkwang.ac.kr
447913,wenext-activity.chat
447915,wewebhost.com
447977,wtfdetroit.com
447985,wpmee.com
448042,wikilivres.ru
448049,weekly-monthly.net
448080,whatsonwestport.ca
448107,webel-online.se
448108,wunderkinder.de
448111,world-ocean.ru
448128,wallpapertag.com
448153,williamblum.org
448195,wxhuancable.com
448214,wdswsxydk.com
448217,webappbooking.com
448223,webuyanycarusa.com
448255,webnow.net.br
448322,wildwoodsurvival.com
448337,womauktion.com
448342,works.do
448344,whitehelmets.org
448363,winhero.com
448366,with.ad.jp
448426,wilderdom.com
448471,wepas.net
448520,whitesource.com
448547,wegotsoccer.com
448617,wemystic.com.br
448637,wombatsecurity.com
448757,wenshubang.com
448771,wowwee.com
448840,wehefei.com
448852,woojr.com
448866,werksraeder24.de
448925,webpythons.com
448957,webarch.info
448961,waltoninstitute.ie
449048,wedapi.eu
449052,w3dota.com
449062,wardenfeed.co.uk
449084,wikipediocracy.com
449121,weredog.co.uk
449138,woyaodu.com
449154,winhub.nl
449175,walker.com
449253,werfstore.ru
449275,wadesk.io
449285,waocp.org
449369,waterstonemortgage.com
449480,wrti.org
449578,wardahbeauty.com
449584,webcomponents.org
449610,wallprinters.com
449616,wordans.nl
449637,worshiptools.com
449659,webdirectory777.com
449664,west-webworld.net
449679,webtune.ai
449691,woodlands.co.uk
449778,worthynews.com
449780,webhostforall.com
449817,wwworld.it
449829,welcomenet.ru
449894,wergittep.net
449923,windns.eu
449926,wunderkiddy.com
449932,weblogix.it
449976,wps-world-office.com.cn
450071,wholesaleinternet.com
450119,weareams.com
450138,wbm.de
450249,whenisgood.net
450326,winarena.nl
450337,wod.guru
450403,webstyleguide.com
450415,websnp.com
450421,westlakelibrary.org
450490,weddies.de
450511,we.org
450605,wsoponline.com
450619,wclovers.com
450682,webcreator.id
450812,wcufiber.net
450819,worldlandscapearchitect.com
450879,waiglobal.com
450896,wucato.de
450912,wog.ua
450994,worldwide.com
451049,wishfulchef.com
451172,wps-inc.com
451228,websitestoimpress.com
451236,whatsonchain.com
451357,whatmakeyoufeelgood.com
451431,wonderful.com
451446,widgetserver.com
451469,westernunion.gr
451484,wappenwiki.org
451536,workmax.com
451605,whereilive.com.au
451663,wasee.com
451682,webydns.com.au
451685,witcher3.com
451794,werbefranken.ch
451859,wardrobeoxygen.com
451863,webmac.gr
451940,wlwidget.ru
451946,wixnm.com
451957,welldonesoft.com
451962,wikibound.info
452024,woollentindal.com
452111,whyhunger.org
452143,wellwhisk.com
452182,webuda.com
452317,wildfortune.io
452362,wintercohen.com
452375,worldelectricsupply.com
452383,worldnewsera.com
452432,washpost.com
452444,world-of-hentai.to
452457,wnew25.com
452475,worldinsport.com
452585,wawebsender.com
452616,wdt.de
452623,wgamez.ru
452686,william-may.co.uk
452702,wochenblatt.com
452777,wikiepos.com
452852,w2dxs.net
452883,whereismyspoon.co
453045,walftech.com
453068,winparts.fr
453074,webcam-oko.ru
453078,wexon.fi
453106,weibaogao.com
453113,wscn.net
453167,wisebuy.co.il
453193,wordscapescheat.com
453206,worldcouncilforhealth.org
453226,walkinpets.com
453255,wikitechy.com
453256,worldnettelecomunicacoes.com.br
453309,wpconfig.net
453363,webevangelisten.de
453418,winconnect.com.au
453518,web393.com
453570,wady.sa
453624,wienerholocaustlibrary.org
453683,weddingdeco.nl
453708,walkerslater.com
453728,warsow.net
453920,wendywutours.co.uk
454030,wenext-wyak.chat
454068,whitesnake.com
454105,wicida.ac.id
454184,wislawjournal.com
454230,wartale.com
454256,wargameexclusive.com
454257,wuhan.com
454317,web2sms.ro
454404,wallpaperstock.net
454420,wxg888.com
454442,wotspeak.org
454473,wulanchabu.gov.cn
454539,waste-ndc.pro
454578,wk-serv.net
454613,watch-list.jp
454643,wayneautorepairandlube.com
454655,wordyou.ru
454680,wlp.cloud
454703,worldlicenseplates.com
454721,whiskeytangofoxtrot.lol
454740,whiteflash.com
454748,webhs.pt
454773,w205.casino
454790,warwickonline.com
454801,werkenbijcoolblue.nl
454810,wumo.uk
454892,weedguru.com
454970,w-plat.com
455008,whitneybond.com
455048,wifast.com
455095,whirlpool.in
455103,witmermotor.com
455119,waateanews.com
455173,webfontfree.com
455196,webdevelop.net
455200,wpsandwatch.com
455254,wrasb.gov.tw
455259,walidkawther.love
455376,wew.jp
455401,winecountrygiftbaskets.com
455415,witneygazette.co.uk
455439,whitesaddlecountryinn.com
455445,worldcoffeeresearch.org
455458,wylieisd.net
455465,widgit.com
455481,westerndental.com
455490,wsds.cn
455538,wingate.edu
455586,wh5itt.com
455671,wcjcems.org
455672,whchangli.com
455673,wolfx.jp
455674,wtocn.org
455707,webiajans.com
455722,wein-port.de
455780,wordware.ai
455788,wow.net.id
455831,webtalkdirectory.com
456039,wobm.com
456079,wicecloud.be
456121,websitebuilder.online
456122,whirlpool.it
456179,welt-atlas.de
456242,web3tech.ru
456246,wearecrossfader.co.uk
456259,winnerwind.in
456273,watchdirect.com.au
456332,weldingmachinesupply.com
456380,wear.tw
456384,wishpondpages.com
456415,wani.co.jp
456445,webclinic.ru
456514,waynebeauchamp.co.uk
456599,willistonherald.com
456617,willworkjewelry.com
456620,wildernessatthesmokies.com
456666,wingolog.org
456679,webexir.com
456693,warzoneloadout.games
456710,wudanghong888.com
456792,westtisbury-ma.gov
456842,watchmedier.dk
456865,worldofkj.com
456960,wtc.edu.cn
456966,wizmo.cloud
456969,wistechopen.org
457088,waffarha.com
457111,worshipchords.com
457115,ws.edu
457200,wattmoves.de
457224,wellsvillesun.com
457239,westendgalleryltd.com
457390,wido.de
457407,wecolour.com
457431,wi-gate.net
457432,wezterm.org
457433,westcom.live
457564,winbetaffiliates.com
457601,wmzona.com
457611,wiadomosci24.pl
457612,weddingsutra.com
457653,wholeliving.com
457657,wolfgangs.com
457725,wellsfargorewards.com
457841,whiteduckoutdoors.com
457878,whitewall.art
457913,waterfront-umbrella.com
457971,worldofktm.com
458010,wordsdomatter.com
458029,waverley.gov.uk
458082,wencrypto.com
458085,walden.org
458108,wsr.at
458217,watchstore.vn
458221,wxjfqx.com
458392,wherethehellismatt.com
458469,wikidexcdn.net
458516,wikiprofile.ru
458561,worlds50beaches.com
458629,waltons.co.za
458796,woerter.ru
458837,wdrv.it
458888,webmuseo.com
458906,wszib.edu.pl
458913,woodentwist.com
458924,webbsoftware.com.au
458980,westwing.eu
459018,wilshire.com
459090,webkartdigital.com
459129,wallper.app
459185,wtgroup.eu
459198,woyaosouti.com
459213,w-w-i-s.com
459258,wwf.hu
459272,web3-authframe.top
459301,w-dns.net
459325,weather2visit.com
459362,wg-dcard.com
459391,webcam.nl
459407,webhouse.pt
459482,where-am-i.co
459507,websiteshotel.com.br
459527,www87hg1.cc
459558,wooxo.fr
459566,worldbanknotes.eu
459579,webmystyle.com
459594,wcg.casino
459632,whale3.io
459691,waehlmich.com
459705,wellnesshome.blog
459735,wdcplumbingfixtures.com
459765,warprecords.com
459787,wheretoget.it
459859,weeklyseat.com
459862,wonder-day.com
459895,wienernetze.at
459964,whatsinmyjar.com
459967,webdirections.org
459998,warze.org
460003,work-wps-office.com.cn
460006,win73.top
460008,wendelmotorraeder.de
460057,www-xnxx-tags.rest
460115,westwing.ru
460156,warhammertv.com
460182,webwiz.net
460194,walletteam.org
460202,wtwt331.com
460332,winkeiba.jp
460393,wellho.net
460402,wifigid.ru
460478,woodlandscenics.com
460489,webcamsroom.com
460497,wayoflife.org
460519,wochenspiegelonline.de
460564,watershed9.ca
460584,weirdgloop-riot.org
460594,winehelp2.ru
460613,wandergarden.com
460635,waavo.com
460658,wiwserver.com
460686,wurth.pt
460712,wooxy.com
460715,wayragnarok.com
460720,webpathology.com
460784,wnam.ru
460871,wetter-zentrale.de
460997,whofinance.de
461073,webcinevs2.com
461085,westyorks-ca.gov.uk
461114,warphosting.com.au
461129,whatsupgold.com
461174,webking88.buzz
461304,wbspenguins.com
461314,waohost.com
461344,wauhouse.com.ua
461347,weert.nl
461353,wagneronline.com.au
461361,win-steel.ru
461383,waste4change.com
461396,weingut-wiesinger.at
461477,webcomltd.com
461483,wealthysinglemommy.com
461526,wocs3.com
461532,wwebsoftsrv.co.kr
461547,watchguys.com
461596,windowsnetworking.com
461611,wrc.org.za
461782,wkwytxcg8.com
461807,warstic.com
461823,wizard.cheap
461849,warrobots.com
461860,worldexpeditions.com
461885,windfiles.com
461901,whoeverpensivepaternity.com
461918,win8765.com
461924,westpart.ua
461988,wellesnet.com
462003,wildkangaroo.net
462088,webinterpret.com
462162,worldindia.com
462241,westernfinancialgroup.ca
462285,westwin.com
462357,wristcheck.com
462377,westinghouse.com.au
462409,weiterbildungsplaner.de
462422,webnewteam.ru
462440,westarcloud.com
462445,wbbet88.com
462497,worldequestriancenter.com
462498,wit-training.com
462500,wo.tc
462516,workflowjunction.co
462543,wptgold.com
462544,withroam.com
462604,wiprabroadband.in
462683,wamashop.com
462690,whmcs.community
462746,windowsecurity.com
462793,webcd.fr
462798,womenwriteaboutcomics.com
462840,wrldwide.lol
462922,wholenewmom.com
462925,wal-martindia.in
462938,wijnspijs.nl
462939,whixx.it
462968,webology.org
463004,wpwiz.cloud
463071,wpclipart.com
463078,wetmomsex.com
463079,womenintheworkplace.com
463086,weclubmy2.com
463140,wagermark.nl
463145,wolfwinner.club
463163,westcordhotels.nl
463164,winemag.ro
463190,wfiwradio.com
463191,webnetism.com
463241,warnermusic.com.au
463325,wallux.com
463359,wbdinclusivestorytelling.com
463364,winwinautosales.com
463470,worldhunger.org
463474,wlflowgo.com
463485,whiteip.net
463513,wannenesgroup.com
463515,wonsheim.de
463524,weex.digital
463553,welfare.net
463619,wapoapp.com
463762,wisdomtreeconnect.com
463778,witnesspost.co.uk
463780,whatsthescore.com
463858,wearemiq.com
463886,woolpert.com
464035,webkanta.com
464094,weareblox.com
464121,waterfordwhispersnews.com
464218,windonet.com
464267,wbmi.com
464310,wennuands.com
464339,warrencountyohio.gov
464445,wikii.one
464467,wmtelecom.com.br
464476,woonbond.nl
464493,windowsnoticias.com
464499,walkingbritain.co.uk
464506,w8md.com
464521,webreflex.be
464522,wikimetal.com.br
464585,wiki8.cn
464736,wallpaper.dog
464757,webmailssl.it
464777,woxikon.es
464799,workadvantage.in
464800,wordssidekick.com
464843,worldcupwiki.com
464846,wallace.edu
464872,wadokai.org.uk
464886,woodworking.nl
464969,wmdb.tv
465007,wadowice24.pl
465014,wem.ua
465075,webmelone.net
465086,wdbhst.com
465200,winetime.com.ua
465207,weersvoorspelling.nl
465261,witt-weiden.at
465320,worditout.com
465332,wiaa.com
465353,wirtgen-china.com.cn
465380,wehelpsoftware.com
465413,wanda.be
465418,wampi.ru
465451,walletconnect.network
465461,wevox.io
465490,whatsoninedinburgh.co.uk
465533,wondera.ai
465553,woodbury.edu
465569,wellnesswarehouse.com
465576,wangdahuojia.com
465591,walkinto.in
465644,whcjwh.com
465670,wxy86j.info
465766,westernexterminator.com
465843,wandb.io
465855,wheeltheworld.com
465878,webhosting.info
465933,wholesalefashiontrends.com
466117,washingtonstate.net
466162,woodynet.net
466171,wmtips.com
466182,westmotors.ae
466189,wishesmine.com
466200,web-telecoms.co.za
466208,whentostream.com
466231,wheelessonline.com
466237,weightworld.de
466272,worktango.com
466389,wcalculator.com
466436,wanchain.org
466443,worldofugly.de
466539,wphostedsites2.com
466547,wigshe.com
466638,wifispc.com
466679,weezietowels.com
466694,wcmu.org
466701,wininsider.co.uk
466711,warperia.com
466713,webcrx.io
466898,wintergarten-bgl.de
466914,websitenoar.net
466935,wahm.com
467119,waltonemc.com
467155,wedwed.ru
467181,windowsnews.ai
467201,watersportsoutlet.nl
467251,wfmh.global
467280,workplacebullying.org
467308,webbird.net.au
467324,womenintech.co.uk
467396,winecompanion.com.au
467402,wraycastle.com
467418,west-call.com
467446,wexthuset.com
467500,wisoft.eu
467527,wuda-website.com
467640,wilcotecapetown.co.za
467681,westportnow.com
467751,wuwf.org
467776,wintec.ac.nz
467847,waitomo.com
467872,wccsradio.com
467874,wohnwagen-forum.de
468012,wencuika.com
468130,world-cup.pro
468178,wave-inc.co.jp
468268,winksocial.app
468304,wisbechstandard.co.uk
468394,watchband24.de
468424,wanhaber.com
468449,wavefarm.org
468497,wildelifecomic.com
468591,winsold.com
468605,wedooled.com
468606,wsutech.edu
468611,wcccd.edu
468632,wildrobincasino.fi
468654,wartell.com
468658,worldlibrary.in
468666,wfs.org
468694,webguyz.net
468731,world.it
468750,warmbrief.com
468823,win7977.com
468868,worldcompliance.com
468897,wellness-blog.de
468922,wearefoundingfarmers.com
468980,workology.com
468990,worldpublicopinion.org
468994,werkvereniging.nl
469045,wiebetaaltwat.nl
469097,waslosin.de
469219,wcpfc.int
469236,webcalist.com
469258,wearewarp.com
469284,webtek.cc
469307,weicloud360.com
469325,wellmont.org
469327,worldnakedbikeride.org
469374,worldnotificationsync2.com
469419,websale.biz
469493,wirelessweek.com
469495,wpxpresscloud.com
469536,wildcookie.xyz
469590,wenovio.net
469638,wangi288daftar1.life
469651,waiyeehong.com
469659,wordash.me
469751,w24.at
469760,wgrv.com
469780,worldoceansday.org
469903,white-plus.net
469938,wuhanbojin.com
469959,waltermartdelivery.com.ph
469974,webandcrafts.com
470015,wvexplorer.com
470038,wholeeshopping.com
470130,washingtonpolicy.org
470238,webcamrips.to
470342,wethinkserver.com
470396,werindia.com
470423,wenbanzhu.com
470485,workwheelsuk.com
470587,watermagicgame.com
470657,weatherbell.com
470692,wagner-solar.com
470812,withcare.gr
470814,wgrane.pl
470868,wakayamashimpo.co.jp
470879,writingpapersucks.com
470888,webservicesinc.net
470936,wirespur.co.uk
470942,waqfeya.net
470997,wizsearch.in
471060,weekly-jitsuwa.jp
471104,workzello.in
471128,winfieldnet.net
471191,warning.or.kr
471270,wpmotors.co.za
471286,wpyr.com
471292,waveip.org
471337,wicked-store.com
471356,worldwidegraphics.in
471374,watsons-edr.com.hk
471430,westliberty.edu
471444,weblogmedia.nl
471463,welcome-aeon.com
471522,wiretel.in
471614,wowroad.info
471628,woozooo.com
471669,webportalpeople.com
471726,webhostingci.com
471727,wakemakers.com
471733,wicom.li
471828,watershedmorning.co.uk
471836,webblickfang.de
471847,wirtrauern.de
471869,winlive4drising.com
472014,whcc.com
472022,waakul.com
472067,wapodf.com
472070,walcoin.co
472075,websencillo.com
472082,wikileaks-kr.org
472164,wellcloud.co.kr
472234,whipplesuperchargers.com
472310,wildrobin.com.pl
472366,w20-germany.org
472400,waerwaters.com
472422,wb-community.com
472456,www-binarium.top
472534,walibi.fr
472582,web66.tw
472614,werkenmetmerken.nl
472637,workland.com
472790,webevin.com
472867,webhostns.com
472994,wodunyq.com
473004,wavebox.me
473030,wf163.com
473096,wetgrape.su
473099,wootalk.today
473149,whisperinghomes.com
473196,wagnermeters.com
473220,wearea2b.com
473226,worldsolarchallenge.org
473243,wpspetsupplies.co.uk
473340,wikirussya.com
473352,worldgovernmentbonds.com
473380,welovefrogs.ru
473409,whsnv.net
473444,witbe.app
473463,whitecapseafoods.com
473484,watts-jp.com
473563,waltersgardens.com
473748,wtmobile.com
473754,wayos.cn
473759,wra.org
473764,wisemapping.com
473775,wedosport.net
473817,worfu.com
473856,wecon.com
473928,worldwidecorals.com
473972,wpsyd.com
474088,webmobil24.com
474187,watts.eu
474193,wellpeople.com
474201,wrestlingattitude.com
474359,wvua23.com
474411,williambecknell.com
474413,washinmura.jp
474428,wikiedu.org
474456,whoozy.co
474491,wolle-roedel.com
474516,waterdrop.nl
474547,williamsoncounty-tn.gov
474615,worldpay.io
474746,wmv-dresden.de
474836,willitsnews.com
474843,westchannel.gr
474897,web171.jp
474949,walaa98alhasan.com
474953,waskucity.com
475057,walkersgameear.com
475090,wecarepharma.mx
475099,waveflairpost.co.uk
475115,wialon-online.ru
475122,wed2c.com
475148,watchdives.com
475172,wifi-ooe.at
475190,widgetinfo.net
475197,waterfordlive.ie
475310,withnothingunderneath.com
475330,wisteria.com
475356,wagner-sicherheit.de
475365,westmonroe.com
475489,wot-news.com
475497,weixiao5.com
475518,wk-cdn.it
475542,windeln.de
475571,wassersport-kellermann.com
475579,wcmm.net
475597,wearwellow.com
475647,wellingtonfl.gov
475655,wowsims.com
475666,wdfi.org
475670,worldofclone.com
475682,wenanghuanbao.com
475790,wdwprepschool.com
475828,wsend.co
475830,winprizesonline.com
475848,wavecnct.com
475864,walsworthyearbooks.com
475978,waynepipe.com
476002,webgirls18.com
476036,world-wide-web-servers.com
476131,wakayama-dentetsu.co.jp
476218,westerville.org
476261,webhost66.com
476313,wellulu.com
476316,world.com
476319,whiteout-bot.com
476357,worthington-biochem.com
476368,wemls.com
476385,wedsites.com
476479,webq.de
476480,wheelsmfg.com
476535,webmake.co.kr
476602,wocao.one
476731,wans.xin
476789,wx.js.cn
476917,webseiten.cc
476934,wom2.com
476955,wpinclude.com
477015,watchcipher.co.uk
477047,wonderfulmuseums.com
477099,wettarena.de
477119,winonapost.com
477279,web86face.shop
477289,washington-vapes.co.uk
477386,wsmdns.com
477529,wordhurdle.co
477549,wholesome.co
477613,wocnode.com
477709,wishlist.ge
477834,wcentrix.com
477847,walletjump.com
477866,werkzeug-news.de
477976,webstep.cz
478047,wku.edu.kz
478104,wifi-iot.com
478155,worldoils.com
478286,wawacity.tours
478287,wyndhamflashsale.com
478346,wcf-bestcat.de
478351,wikio.fr
478359,wingiare.com
478379,waays.eu
478382,webseriessex.com
478446,was-reimt-sich-auf.de
478462,webdir.today
478478,wellcareonline.com
478592,weddingpost.ru
478593,workableservices.com
478628,warptool.top
478652,wjhsjh.com
478706,wvwdns.com
478719,wrlhub.com
478720,wzcqvu.com
478742,worldmobile.io
478783,wmfe.org
478829,w.dating
478867,wpad.network
478918,wellthy.com
479085,wotsap24.ru
479116,woman.bg
479120,wildernessscotland.com
479142,weblogtoolscollection.com
479145,world4pets.com.au
479187,wittrans.com
479284,webreport.info
479308,wiseowl.co.uk
479312,website.org
479320,wxeic.cn
479347,watchnian.com
479353,warpbuild.com
479371,wicht-holzbau.de
479452,weqiqq.com
479458,worldpop.org
479471,winogrona.org
479483,wirednewyork.com
479507,windows-info.de
479513,wesellthese.com
479531,wwvresmi-adresim.vip
479594,webogroup.com
479596,western-india.co.in
479609,wkbet.com
479622,wan-fang.cn
479768,wrightexpresscorpcard.com
479782,wsd.dk
479837,welcomestores.gr
479852,webeng.co
479914,waterforpeople.org
479987,work4all.de
480025,wolterskluwer.nl
480047,wordcounttool.com
480053,wholelife.com.au
480089,wxhzzx.net
480156,wurth.com.br
480164,wgauradio.com
480170,waragod.ro
480222,wenlvnews.com
480320,wsfmbgxhqz.net
480358,wlidaty.com
480387,warresisters.org
480450,wepieoa.com
480471,wdracing.eu
480497,woolkb.com
480502,walterliving.com
480507,wing.ph
480526,wxdwhg.cn
480572,wuw.pl
480777,watchlistnews.com
480859,wsgtp6pv2m.cfd
480908,wiit.cloud
480952,whitecross.co.jp
481034,wholesalemakeup.com
481039,worklio.com
481044,webkozpont.com
481046,webzagor.com
481052,welovepeterborough.co.uk
481086,wh8.co
481214,widebansoswin.com
481257,wjcasino.com
481260,web3gate.cc
481262,weber-werke.de
481343,wojanis.com
481346,web-server-01.com
481375,west-somerset-railway.co.uk
481409,woodwellclimate.org
481442,wordsies.com
481446,wcicc.com
481566,wendallsfitness.com
481575,webacy.com
481655,wearehomesforstudents.com
481665,walmartlabs.com
481671,wto168.net
481716,wettstar-pferdewetten.de
481767,w93lytesmg.cfd
481798,weizan.cn
481834,webnetbg.com.br
481838,wcu.edu.az
481891,welinku.com
481912,wellnesswealthguide.com
481958,webways.ch
482034,wallothnesch.com
482061,wherdiapospir.com
482070,webgiare.info.vn
482089,wrsoft.com.tr
482091,welho.com
482107,writerspot.co.uk
482110,w4k62dbdna.cfd
482126,webpurify.net
482136,wildernessloghomes.com
482141,webyus.net
482145,wiley.co.uk
482148,weplaybasketball.hu
482181,welovems.ru
482188,winhouse.nl
482219,wearesupergood.com
482241,whfoods.org
482304,wisely.store
482392,weekend-online.nl
483828,wareed.com.sa
483829,wasalt.sa
483830,watzap.id
483831,waves.com.br
483832,wazaf.net
483833,webjet.co.nz
483834,webmail.online
483835,weeke.app
483836,wesud.it
483837,wgetcloud.org
483838,whinica.com
483839,wildfork.mx
483840,wilsoncomm.com.hk
483841,win55mmm.com
483842,wiomnet.in
483843,wishmaster.me
483844,wispot.com.br
483845,wlyss.net
483846,wneen.com
483847,woovi.com
483848,wordhikehelp.com
483849,workingnews117.com
483850,wowgamenew.com
483851,wrestlingshop.com
483852,wroom.com.ua
483853,wuqianso.org
483854,wurth.ca
483855,wvetro.com.br
483856,wyselondon.com
483924,wodirectory.com
483973,wikiofthrones.com
483991,welovedogz.hu
484021,wavebrowserpro.com
484022,wenony.fr
484085,wible.es
484100,wochenblatt.cc
484128,webnamescorporate.com
484152,wewantshoes.com
484212,webareacontrol.com
484227,worldofeurope.com
484229,wspynews.com
484408,whappz.com
484421,winchester-cathedral.org.uk
484463,webmedia.pl
484522,wettercomservices.com
484548,webcloudcentral.com
484589,warfaith.com
484640,woolyss.com
484655,watery.dk
484677,whatifmodellers.com
484696,wiewowasistgut.com
484801,whish.money
484835,web-networking.com
484882,wgmd.com
484918,wugooo.com
484980,windx.com.br
485010,webtrekk.com
485021,wasserbetten-service-pleyl.de
485030,warentest-deutschland.de
485032,walesict.uk
485054,washoesheriff.com
485089,wtwt332.com
485175,wiganwarriors.com
485195,worksopguardian.co.uk
485260,wintronelectronics.com
485349,website44himself.shop
485412,wlsam.com
485449,wenmingzhonghuaxing.com
485470,wbsecurities.com
485476,www-xnxx-tits.rest
485602,wktaa.es
485645,webstudios.biz
485653,wikime.co
485695,wak100datang.com
485735,wfft.com
485745,warisacrime.org
485833,wim.mil.pl
485876,wctc.edu
485897,wshost.co.za
485921,wess.jp
485923,wurm.com
485970,wellnesspulse.com
485985,wolfermans.com
486060,webkokteyli.com
486067,worldofwonder.net
486069,wooppay.com
486081,wha.net.au
486106,webreger.com
486150,weidswonenenslapen.nl
486161,wearyourwords.in
486189,welcometoibiza.com
486194,woodandbeyond.com
486248,wanjinyou.net
486262,wordswithfriendscheat.io
486269,whiteboard.fi
486341,wzrc.net
486362,watchesandwonders.com
486367,way2muchnoise.eu
486431,wickerwarehouse.com
486470,webland.ro
486478,weitz.de
486539,whichcasino.com
486546,websitehost.cc
486596,webix.pl
486598,wqu.edu
486606,worldspaceweek.org
486617,win8177.com
486643,watershedrestaurant.com
486678,webnewswire.com
486709,wikihow.pet
486729,woodmans-food.com
486810,whoisjbeats.com
486815,warwick.de
486830,watchtower.best
487003,watertight-waltz.xyz
487053,westpointaog.org
487056,wallaroohats.com
487095,webhelplogin.com
487098,wolf-rpg.com
487101,webranet.com.my
487113,web-tactics.com
487179,web-developments.net
487213,wizer.me
487350,withfriends.co
487391,winnola.com
487403,wow-l.com
487414,wavepageenschede.nl
487430,waa2.it
487492,worldoutstanders.com
487501,womensfitness.co.uk
487555,world-family.co.jp
489085,w3n5v9k.com
489086,w3n8x1q.com
489087,w6r2x9m.com
489088,w88shein.com
489089,waiver388.ai
489090,waktunagih.com
489091,wangiplay.com
489092,wawasanfordi.com
489093,wc182.vip
489094,wcdamypauk.com
489095,wduiwg.com
489096,webga88b.cam
489097,webga88d.cam
489098,webga88f.cam
489099,wecima.cash
489100,wengtoto66.org
489101,weshoot.live
489102,wilkpay.com
489103,win444xzz22.com
489104,wincepats.com
489105,wincockslashers183.com
489106,wing4draseb.com
489107,winjilipro.xyz
489108,winlive4dpiplup.com
489109,winnertotox41.com
489110,winokkplay1.com
489111,winstar4d-navy.com
489112,wjxnvvgfwv.com
489113,wn06.shop
489114,wnitogel197.com
489115,wslot888gas.top
489116,wso138ads.com
489117,wtobet9.pics
489118,wuc1g6svqy.com
489204,worthingtondirect.com
489229,wensco.com
489264,wife-now.net
489288,wegenforum.nl
489312,wahananews.co
489339,wcup.online
489372,w8k.ru
489417,winjoygame.com
489427,woleto.pl
489441,woorifcapital.com
489481,wearethecity.com
489518,wbbbg.com
489584,worldsgreatesthost.com
489639,wowemployers.com
489661,wide.ly
489664,wintopasia.com
489685,wnvid.com
489819,wernerchrist-horse.com
489882,wearecentralpa.com
489927,wajkkuce.cc
489965,washingtonspectator.org
489997,wedevotebible.com
489999,wohnmobil.de
490005,webullpayapi.com
490119,worldy.net
490125,wuildit.com
490193,wildboaratvparts.com
490217,weedseedshop.com
490270,wysesoft.com
490388,webmoney.wiki
490394,wardcig.com
490396,wanglv.vip
490546,wallshoppe.com
490629,wsps.ca
490694,wavedns.com
490714,woxikon.com.br
490749,winmaniplay.com
490776,webcamgalore.de
490780,website-project.com
490781,wanamakids.com
490784,www.hr
490791,wellness-hotel.info
490835,webdesignconnection.com
490839,wirhelfen.shop
490917,worldbibleschool.org
490932,web-kit.io
490972,wi2.co.jp
491053,walkeredison.com
491159,web-glonass.com
491165,webqare.com
491175,winkb0172.com
491244,wemos.cc
491266,wurth-rus.ru
491287,wiselli.com
491400,webcaster4.com
491413,warriors.kiwi
491422,wppproduction.com
491648,weatheronline.cz
491697,westsideauto.com.au
491698,warsaw-hotels-pl.com
491766,westin-fishing.com
491797,wheelz.com
491804,wbtguns.com
491831,wdo.org
491860,weee-forum.org
491919,wholesalehyundaiparts.com
491941,williamsburgva.gov
491954,wellmess.eu
491968,wertigo.ru
491986,wayfm.com
492026,webmo.info
492151,widelan.net
492285,webdo.cc
492311,waragod.hu
492325,w6ceo60cbx.cfd
492386,womenswigshop.com
492387,workingbeetle.com
492466,wondrexperience.com
492500,walley.se
492634,wardencast.com
492644,worldcarmazdaonline.com
492695,wguassessment.com
492714,wicys.org
492766,w4a1q47p.com
492772,whky.com
492782,woughbitis.shop
492795,wanderersfutbol.com
492829,websim.it
492846,wrmeadows.com
492848,walsworth.com
492934,woodtec.co.jp
492943,winparts.ie
492980,welcomebank.co.kr
493046,winbracketbeat.co.uk
493069,wiki-race.com
493123,wyatt.com
493213,weisradio.com
493246,white-uklid.cz
493247,wayn.com
493267,worki.sk
493389,williamsvillek12.org
493443,wonoma.com
493534,weiwenjia.com
493535,webbedtrash.com
493576,wakodo.co.jp
493618,watch-my-gf.com
493683,weborvos.hu
493689,wako-chemical.co.jp
493698,webzillaco.com
493702,wjask.com
493710,watchzonebd.com
493753,worldsapart.club
493759,weihenstephaner.de
493838,westendverlag.de
493876,woodsmith.com
493882,wh.org.au
493901,winnipegsd.ca
493916,winfnet.com.br
493943,web-host.com
494039,wordpres.com
494085,wvmccd.cc.ca.us
494104,william-russell.com
494123,web-skazki.ru
494126,wandrer.earth
494130,winmasters.ro
494178,wheelandsprocket.com
494305,wiseforumworld.nl
494350,webradio.tools
494416,wbs.co.jp
494419,warforless.com.au
494443,wisesystems.net
494611,waragod.si
494612,watchdepot.com.au
494613,wonderbeauties.com
494627,wingsmagazine.com
494638,winscap.com
494750,wbbarber.com
494782,wildvirginia.org
494838,wallpapermural.com
494844,wu7.casino
494883,wistfulvistas.com
494934,winvault.nl
494961,worldtradingcards.com
495015,wls.gg
495067,williams-sonomainc.com
495119,warsawhotelspoland.com
495121,wanganuirugby.co.nz
495163,westsystem.com
495197,waterfront.co.uk
495200,website66plant.shop
495265,whistleblowing.it
495376,wildgrl.com
495430,ww2incolor.com
495442,wpx.app
495463,webdosb.com
495516,waratah.com
495535,whiteandco.com.au
495610,wnd.ch
495622,weex.io
495692,wantlocker.com
495698,w0yx2m8r6x.cfd
495700,wsoft.ru
495718,webtechs.net
495739,web.cc
495755,websim.ai
495764,wiproud.com
495816,whiteaway.com
495826,warbletoncouncil.org
495858,welectronics.com
495876,wikileaks.com
495980,wirverliebenuns.de
495992,wa.com
496019,wstaezkyf.com
496064,withhour.live
496078,windowsazure.us
496234,windowsupdatea.com
496235,wjwhi90.com
496277,worldphoneize.app
496289,worksheetfun.com
496296,websdaddy.com
496410,wix.to
496456,wrkf.org
496470,wildnet.org
496592,wuip.com
496671,whka.de
496689,wom.co
496718,wealthdream777.com
496731,w2fly.es
496751,whiteaurora.de
496769,wizishop.com
496774,wix-dev-center-test.org
496794,waveswebdesign.net
496795,withknown.com
496807,wittebrug.nl
496827,worldfutureenergysummit.com
496844,wiremo.co
496868,wireframe.cc
496924,wwwhostingserver.com
496931,wandercooks.com
496969,wxrbhb.com
497006,widgetpro.app
497030,worldnewp.com
497056,wffcm6vqi7.cfd
497141,wt2pcw2q4k.cfd
497225,wyzantcdn.com
497257,wch-ic.com
497389,wkwkjapan.com
497435,warex.cn
497441,wang.art
497447,wexhealthinc.com
497480,whenavailable.com
497489,wordinblack.com
497586,w.ai
497630,whur.com
497661,wadmadani.com
497685,west-hoster.ru
497729,waldameer.com
497773,w88ux.net
497805,wtaps.com
497847,worldcarmazdanorth.com
497894,w0uj0go7yz.cfd
497907,wellbeingpost.co.uk
497957,worksheetzone.org
498030,wmail-service.com
498061,wakestyle.ru
498100,wallflower-house.com
498103,wavecomnetworks.se
498127,worldofvolley.com
498209,wdxts.co.uk
498211,webketoan.com
498216,weave-living.com
498258,wispaper.ai
498265,wingsandthingsmilitaria.com
498279,wiesentbote.de
498355,wolfriveroutfitters.com
498394,workstatt.de
498395,webhoster-online.net
498415,websmails.com
498418,website44may.shop
498420,web-fonts.ge
498452,wpfixithosting.com
498482,whuh.com
498666,wbg.org
498710,wagerclub.nl
498741,woodland.net
498837,wyze-kixaz.online
498886,wherevi.com
498896,wifesbank.com
498976,wikibio.in
499009,www.de
499014,wawak.ca
499023,worldairlinenews.com
499026,webcountry.net
499055,wom.co.id
499148,welcometoserbia.gov.rs
499156,wellu.eu
499227,wbtaxi.com.by
499241,wyrel.com
499290,wazo.io
499355,w7k5gb8ieg.cfd
499371,wiing-aktiv.de
499420,webgp.com
499437,wkooa.com
499448,wunderland-der-stoffe.de
499457,wakeupnfuck.com
499473,wjfolzfx.cc
499479,wosadobeauty.com
499501,wincmd.ru
499578,wasaline.com
499582,welcometonightvale.com
499590,weareknitters.com
499610,wedkarski.com
499613,wickedfile.com
499697,wcsdns.com
499737,worldcoalition.org
499748,witanddelight.com
499768,wildmind.org
499805,wiredstate.com
499812,wyehosts.net
499890,winterco.org
499903,whophone.co.uk
499969,wired.business
499997,writingillini.com
500048,weatherhomeapi.com
500127,wettere.net
500138,wiz.money
500168,worldofwestern.de
500185,world-devices.ru
500249,winauth.com
500273,waffarad.com
500299,wageloch.com.au
500318,well-telecom.ru
500399,wordpresswebsitedevelopers.co.uk
500487,warforge.ru
500490,wl-pro.com
500562,wbx.com.tr
500591,wp-kama.ru
500595,webcontact.de
500600,windcloud.de
500610,watercloset.ca
500740,wisesayings.com
500774,witdes.cn
500780,werbegeschenke.com
500797,whalleybot.com
500820,webguiding.net
500821,wfnews.com.cn
500835,winescholarguild.com
500837,wordinfo.info
500851,wspot.com.br
500856,wpewaf.com
500896,washtimesherald.com
500926,wemoto.com.au
500927,winslowcapital.com
501024,wwi.dk
501045,whichav.win
501110,warcenter.cz
501142,wegmans.cloud
501149,worldcolleges.info
501171,winbra-br.com
501212,wwe-media.de
501213,wegotransit.com
501233,whatifgaming.com
501312,wowlazymacros.com
501327,wilkinsonsword.com
501369,walkingspree.com
501372,wifeinheels.org
501426,wikiporsesh.ir
501444,wzforum.de
501473,wildsino-france.com
501506,webailesi.com
501512,westercarvel.qpon
501531,webresourcesdepot.com
501585,wordledeutsch.org
501593,wsodownloads.in
501620,wvqi.shop
501635,waterfire.org
501675,weberweb.com
501694,wimax-broad.jp
501708,wohlfahrtswerk.de
501738,whiskyandmore.co.nz
501807,weltwaerts.de
501873,watch-wrestling.eu
501950,wink-and-meet.com
501958,wp-lib.dev
501962,worksheetsmom.com
502028,wilmingtonde.gov
502056,worldfeed.co.uk
502079,weareexplorers.co
502086,warplane.com
502089,wawibox.de
502100,warmplace.ru
502136,woburnsafari.co.uk
502319,webumenia.sk
502379,westbenet.pictures
502481,worldposta.com
502551,womenschildrenshospital.com
502557,warnerbros-india.com
502563,winisiren.com
502655,weddingsinathens.com
502656,weleda.fr
502659,winefetch.com
502672,webshow.kr
502810,w2.de
502840,wheatonworldwide.com
502870,westernguns.fr
502894,wolfy.net
502896,webtims.ru
502900,wonfes.jp
502906,worldplaces.net
502952,wexapi.com
503012,website61differents.de
503045,whenweallvote.org
503055,wfdns.com
503059,waldviertel.at
503112,weku.org
503120,wild1.co.jp
503127,wheelockweb.net
503128,westernlabplace.nl
503134,webshipper.io
503146,webmastercolombia.net
503164,watertechonline.com
503179,whatsonclearance.com
503252,witze.net
503321,wikialpha.org
503343,wisebeautycorner.nl
503346,wrewards.com
503366,weixinxc.vip
503390,webviewdns.pt
503395,writersofthefuture.com
503515,weean.cn
503532,wikicreole.org
503591,wa2.cl
503632,wikido.com
503646,wetcoasthosting.com
503647,worldboardstudio.nl
503676,wiegeschnittenbrot.de
503743,woopcase.com
503746,winflexweb.com
503814,web-werks.com
503823,wardenport.com
503853,wlkp.pl
503859,website66candidate.shop
503870,wz1lkeh5ms.cfd
503897,wjsqmuwg.cc
503927,worldweather.org
504136,websoccer.info
504137,wedrop.com.br
504138,windowsclub.com.br
504139,wowcher.ie
504140,wurth.hu
504197,wcqyx.cn
504228,whalenspeed.com
504260,weinco.at
504275,withoyster.com
504337,wellington.ca
504348,wikicn.top
504351,workerman.net
504357,websenor.com
504400,westlink.net.br
504406,wednesdaywatchclub.co.uk
504410,wn.nr
504419,welli.net
504457,webtenerife.co.uk
504525,w3cplus.com
504563,world-of-dawkins.com
504582,wediaedge.net
504627,wazamba-br.com
504676,wcwonline.org
504848,websitevoice.com
504851,wyndhamrewardsdebit.com
504871,work28.com
504889,webreta.com.tr
504896,wbwh.ru
504960,wearephenix.com
504996,wallpapersales.co.uk
505060,wixie.com
505064,womensweekly.com.sg
505070,wabashnational.com
505096,wylles.ro
505132,workwearhub.com.au
505143,wardrone-hub.com
505161,wahahajk.com
505193,wealthandfinance.digital
505222,wiss.co.uk
505225,whisky-distilleries.info
505424,wgacontract2023.org
505436,wisebaseeuropa.nl
505445,winbrl-br.com
505449,wetransfermobile.com
505464,webtribune.rs
505493,wzmhsl.com
505527,webhousing.biz
505603,w-jaib.com
505606,waldwipfelweg.de
505678,whistledev.com
505692,wieldvpn.ru
505766,worldrobotolympiad.de
505832,westfieldinsurance.com
505883,wikipeter.dk
505892,wellcomeimages.org
505945,wallmount.ru
505955,wvnpn1al8f.cfd
506015,waverleyexcursions.co.uk
506063,w-lan.jp
506087,whitecabs.ru
506102,watchco.com
506138,wijungle.com
506144,weekly-ads.us
506145,watchandchill.in
506207,withkoji.com
506239,w0eb.com
506240,westvalleyview.com
506284,wplift.com
506329,wh347.com
506343,wisdomproduct.com.cn
506385,woonstadrotterdam.nl
506446,wlydns.com
506499,wlqmw.com
506527,weltmuseumwien.at
506569,webappraiser.ru
506576,workmotion.com
506616,wienerberger.com
506625,wangzhaoxia.com
506641,wideurcd2f.cfd
506656,warnerbros.pl
506689,wallboard.info
506734,wix-host.com
506823,wrigleyvillesports.com
506850,whipitleather.com
506870,win5789.com
506876,wanlitong.com
506901,westportbigandtall.com
506902,webcitypages.net
506927,wgstores.com
506969,wvencyclopedia.org
506973,webmikrotik.com
507074,waehrungsrechner.io
507163,wodex.net
507173,wordhistories.net
507213,wwopenclick.vip
507229,who.ch
507236,webconnect.jp
507250,www-xnxx-porn.rest
507341,webinarplus.online
507342,wemobi.me
507525,waragod.sk
507578,wrksolutions.com
507582,wndp.pt
507628,worldcoppersmith.com
507640,wyolotto.com
507670,welidahealth.com
507685,whisparr.com
507754,webspace.rocks
507778,whoer.to
507790,webseitenserver.com
507891,wakwakdns.com
507897,wallpaperweb.org
507922,webgeekenterprises.com
508023,wawawu.eu
508092,winwinhost.com
508093,webtoki.org
508104,wowstreamingsofast.lol
508247,webtui.vn
508297,wholesomelicious.com
508360,webprofy.ru
508450,workthatreconnects.org
508492,weeklybcn.com
508498,weller-tools.com
508537,waffbox.win
508569,world-of-bl.com
508624,wealthypersons.com
508640,wirtschaft-goerlitz.de
508650,wolplein.nl
508705,winnernation.co.uk
508708,writerday.com
508736,wearepay.uk
508774,whatsinport.com
508792,wanhels.com
508861,webygroup.sk
508879,withtank.com
508887,wbtds5dmoh.cfd
508921,williamwoods.edu
508934,wau-miau.com
509035,webpartner.dk
509098,weirderni.icu
509205,wetsuitoutlet.ie
509213,wealthify.com
509217,waren.io
509287,wavevibes.co.uk
509303,waterbottles.com
509318,wxx.wtf
509332,wefenet.in
509335,withc.kr
509393,wanxai.com
509403,wnu.edu.cn
509404,wine-room.ru
509431,wkkk.net
509437,watchpornx.com
509450,wag-prod01.net
509462,wf5ztasd2.click
509473,westmotors.online
509503,whitestuff.de
509549,waijule.cn
509577,windows8downloads.com
509592,well.co
509620,wheelockweb.com
509629,webcid.com.br
509650,wemodel.com.tw
509697,wfd.org
509701,way2app.com
509720,wildnights.org
509724,wirecentral.co.uk
509743,wavesheet.co.uk
509752,wowpedia.org
509759,wightbay.com
509775,wedsociety.com
509810,willolabs.com
509844,wowlfg.com
509860,wf.net
509883,webstudio.is
509891,wificanarias.com
509893,wfcasino.com
509905,wordvice.com
509943,website44chances.shop
509961,workshopcontrol.de
509973,wingeronline.co.uk
510020,wickes.systems
510029,weplayagain.com
510046,whistler.ca
510054,wft.net.br
510071,w7v373ynag.cfd
510092,westwoodchurch.net
510150,wbsrvcx.com
510159,webjam2.com
510162,waldkraft.bio
510201,wilfridlaurier.ca
510204,wfduk.org
510229,wisdomjobs.com
510289,winsparklogin.com
510294,wnetserver.com
510327,wag.ca
510334,wo2i1dxce8.cfd
510382,wachovia.com
510422,wsib2b.com
510430,westernautisticschool.vic.edu.au
510436,wirbak.com
510450,wowprime.com
510452,wochenblatt.net
510470,wowo.com
510485,wixtoolset.org
510509,weather-gpv.info
510548,worldofwonder.com
510609,weddbook.com
510610,wrybabywholesale.com
510726,winorio-nl.net
510746,webspace.bz
510772,wakayama-hakajimai.com
510800,weifengxs.com
510826,windows-10-forum.com
510839,watchsports.to
511018,webgenius.co.nz
511021,westrasecurity.se
511031,whak5yb7tj.cfd
511038,wickedcushions.com
511063,whyxxx.com
511074,wccsports.com
511105,weekendpulse.co.uk
511147,wearevisum.com
511152,wowowplus.jp
511187,watfordbigevents.co.uk
511231,whited.ru
511276,worksneon.co.uk
511305,wrestling-point.de
511310,writetodone.com
511403,wowescape.com
511409,websific.com
511533,whatismode.com
511553,winf.site
511594,wolfelectronics.net
511674,wittchenshop.de
511692,wltribune.com
511734,wvrscn.com
511742,webcamera.ru
511834,weekend4two.de
511877,we-template.ru
511881,widesys.com.br
511908,wyuenb.surf
511949,withpigment.com
511996,wiganworld.co.uk
512052,wavesenterprise.com
512084,wechatip.com
512087,widecom.in
512096,warnerbros.fr
512126,wmconnect.com
512127,weishaupt.de
512129,woxsen.edu.in
512200,wisebloodbooksellers.com
512236,weblium.co
512284,webwide.de
512320,wcvendors.com
512326,webmooz.com
512355,whorunsgov.com
512361,waiwai-net.ne.jp
512386,wbi.be
512396,worldmedia.fr
512418,weasty.com
512543,wgfuzhu.cn
512557,weezmo.com
512612,whitegates.co.uk
512661,wolfbbs.net
512714,whee.com
512819,webstop.com
512840,waveshare.net
512874,wnm-group.co.uk
512882,warwicksu.com
512944,webb-site.net
512964,wettpoint.com
512981,westweekly.co.uk
512995,website61challenges.de
513029,wybierz.tv
513099,world-clubs.com
513120,wavesparkweb.nl
513153,wohngartenwelt.de
513164,wako-group.co.jp
513254,wetaca.com
513257,wingsets.com
513301,westhamzone.com
513302,wildthingsgames.com
513315,wozhi.vip
513345,worldvision.org.tw
513406,watchk4.com
513408,websitescrawl.com
513413,watcher.uz
513480,wiraraja.ac.id
513581,weo.fr
513584,webakte.de
513594,wse.nl
513618,wildmoka.com
513639,wke.lt
513664,wmpenn.edu
513749,walkerexhaust.com
513773,whatsnew2day.com
513790,wawona.hu
513902,willpowders.com
513903,wol3d.com
513928,wc.com
513944,wwwxxx.cam
513971,wixseo.org
513979,wilmington.edu
513987,wurkkos.com
514048,wildlifeart.org
514065,wolf7pay.com
514072,wayhome.kr
514103,wadav.com
514132,wjyzj.cn
514147,walygatorparc.com
514184,wspay.biz
514258,wideorbit.com
514319,wspaperbag.com
514326,wanxp.net
514381,wizmnews.com
514417,willi.at
514433,washingtonlife.com
514451,winflow.nl
514481,woonsocketlibrary.org
514636,wistoria-anime.com
514763,weavai.app
514870,wcrf-uk.org
514930,win32soft.com
514961,wingate.com
514995,womanstory.ru
514997,weinfuerst.de
515032,w3fizxl65eud8-jau3o.so
515052,writingexercises.co.uk
515096,winonbetonline.com
515120,wildwaves.com
515124,wecasa.co.uk
515177,was.org
515321,we-b-tv.com
515332,website.bg
515337,wangerland.de
515357,weisshaus.at
515395,wonderfulyesterday.com
515396,wigglypaint.net
515427,w3b.fi
515517,worldbranddesign.com
515527,wrdsrd7fbh4s2hbk.store
515590,w5bjjbgon5.cfd
515630,ww-fun.com
515657,wildcardshotline.co.uk
515677,webscribble.co
515788,webgarh.net
515846,whca.press
515899,worldcoin-distributors.com
515930,webd.ru
515945,websitegang.com
515972,weloveplugs.com
515997,williampenn.net
516051,wzrb.com.cn
516057,websetup.net
516091,websites4christians.com
516098,win550.online
516200,wtv-zone.com
516206,wbkanyashree.gov.in
516246,wifepussypictures.com
516275,weheardit.stream
516382,webhosting.de
516408,wirtgen.de
516429,wellaway.com
516431,wisp.cat
516445,wifi5-soft.net
516494,wilsontimes.com
516610,worthychristianforums.com
516650,wahawang.com
516769,weareblooming.com
516791,wizzo.media
516897,wpbuzz.io
516905,warmtees.com
516932,wellborn.com
516993,wheelhero.com
517036,westernhorseman.com
517223,wiztrust.com
517230,web2py.com
517258,wv54anib85.cfd
517280,word-detective.com
517287,webminders.com
517290,widowspot.com
517299,worldarchery.org
517384,wfqihua.cn
517398,watchfinder.bg
517419,wingdus-br.com
517426,waiverelectronic.com
517504,warnermusic.it
517553,woonsquare.nl
517571,wspa.pl
517588,worstwind.com
517609,wikiraider.com
517616,wethioproject.com
517641,wwwxxx.fans
517696,wantongchina.com
517714,ww-ag.com
517753,worksafe.vic.gov.au
517818,worldanimalprotection.us
517836,wcbradley.net
517929,w3schools.in
517938,wertoys.com
517957,wine-logics.com
518003,wallabyhosting.net
518008,wealthtender.com
518011,wildhorses4x4.com
518037,windooruae.com
518066,wikishop.co
518082,whitelabelweb.nl
518084,waggel.co.uk
518156,wootag.com
518245,windmillzonecentral.nl
518258,werruft.info
518290,weavinghouse.com
518307,wedistribute.org
518311,willowcreek.org
518322,wholesaleclearance.co.uk
518356,whaplodeprimary.com
518360,woodrow.org
518365,wiels.org
518433,wp-cloud.dev
518483,wcdsb.ca
518489,wemoto.es
518500,worldasianp.com
518533,webok.it
518558,whatsapp.info
518687,wseetk.com
518695,wirsuchenjobs.de
518701,wellstyled.com
518706,whatsapp.org
518714,wijnbeurs.nl
518825,wbks-clan.de
518864,webuni.hu
518897,webdiana.ru
518962,winsondanisl.click
518990,webscitech.com
519010,wm114.cn
519046,winstall.app
519055,wandafilm.com
519096,weratedogs.com
519099,weblocks.io
519106,wincan.com
519183,wortsuchspiel.de
519231,wikimedia.fr
519263,wilddata.cn
519280,wildhorseresort.com
519332,wuestenigel.com
519491,wplinks.xyz
519516,whatsthatfish.com
519517,walletofsatoshi.com
519532,women-in-tech.org
519595,wall-art.fr
519622,webizseo.com
519623,wedding-magazine.ru
519638,wharfdc.com
519674,wiseselectcloud.nl
519714,wildfooduk.com
519720,warpstream.com
519729,webnewtype.com
519748,webredox.net
519753,wtfhy6zf5n.cfd
519765,webflow.de
519818,weei.com
519887,wirebase.co.uk
519900,wishabi.ca
519971,welcomix.com
520039,whixx.com
520158,worldservicesgroup.com
520173,wegwandern.ch
520201,web-directory4.com
520232,woodenkitten.com
520287,wizid.com
520310,wannart.com
520348,wmcentre.su
520379,womensprize.com
520462,webmaker.org
520495,watchclick.site
520658,wmwhosting.com
520671,wision.live
520673,winstead.com
520686,widerange.cloud
520688,wazzapps.com
520717,walmartplustravel.com
520721,wordsmith.social
520735,wcfab.com
520765,wheather.com
520820,warrior.com
520836,writerunboxed.com
520839,whatsmybrowser.org
520945,watermarkcommunities.com
520992,walenok.ru
520995,whvn.cc
521104,whnuowo.cn
521156,wifi.net
521288,webtoo.ls
521380,winextool.co.kr
521400,website66success.shop
521417,wherelight.com
521424,webpronostici.com
521481,wordsearchlabs.com
521503,wilkhahn.com
521656,whistlervalleybusiness.com
521679,wotol.com
521833,winxuancdn.com
521846,webdrafter.us
521878,warcry.ru
521900,wiki-rennes.fr
521945,westwing.ch
521959,welshwildlife.org
521968,wellnesspeek.com
522036,webrox.au
522061,watchbuzz.co.uk
522073,wwjkkq.com
522132,weaf.ru
522172,wenthere8this.com
522224,w-s-r.de
522227,webcentrum.sk
522242,woolentor.com
522275,wangzhanmeng.com
522296,wildsino-login.com
522298,webmanager.bg
522325,watergate.info
522348,wholefoodearth.com
522416,wordleunlimited.io
522478,winzipsystemtools.com
522615,wwe.biz
522657,womenexpert.net
522666,waimaotong.com
522695,werkbank.de
522718,woolworthssgw.co.za
522762,weezbe.com
522769,waifulabs.com
522800,whats-your-sign.com
522843,womenporn.net
522852,webnoise-webhosting.net
522883,worldpulse.org
522929,wickedhorror.com
522941,writerwind.com
522949,win331.top
522985,waregem.be
523009,webcrystal.sbs
523012,whit.edu.cn
523028,wanderlustchloe.com
523071,wagerspace.nl
523072,wgrd.com
523108,web116.jp
523160,worcesterpages.co.uk
523173,wilstar.com
523183,washwasha.org
523208,weizhenbio.com
523213,wddream.com
523215,warez.ge
523259,wordleitaliano.net
523283,wydawnictwoliterackie.pl
523325,winwinbet.partners
523379,whoownes.com
523397,welder.ru
523431,wilsontool.com
523463,waitui.com
523520,wineintelligence.com
523563,wieneralpen.at
523654,womensvoices.org
523678,waltio.com
523692,world-of-dungeons.de
523940,wanruxia.com
523986,webmountindia.co.in
524100,wardentalk.co.uk
524158,whalehearted.com
524160,wanderlustdrinkscompany.com
524168,wanhedna.com
524236,webllanes.com
524242,wptcd.com
524297,woyag.ru
524327,websphereusers.com
524387,webid-gateway.de
524400,webstacloud.com
524421,wedi.net
524464,webmeup.com
524628,writinkservices.com
524656,waglekiduniya2.com
524669,washeriff.net
524697,wt999.cn
524698,wirenet.tv
524733,whtsagrouplinks.com
524775,worldbride.net
524817,wolf-smartset.de
524826,wristr.com
524855,webappsec.org
524860,webruwsoft.com
524877,webidnow.com
524992,wysa.io
524999,worksnaps.com
525012,wilsonacademy.com
525016,wetshaving.social
525037,wenger-trayner.com
525051,waoo.dk
525066,wallpics.com
525094,w201.com
525135,wstd.io
525183,winntel.com
525192,w88you.com
525280,wuzx.com
525292,wart.co.kr
525293,widedigital.com.br
525362,watchseriesfree.co
525407,way4you.ua
525429,workingnotworking.com
525472,wrekd.com
525515,who-called-de.com
525545,wxtianchang.com
525567,winewine.ua
525574,webpowerhosting.com
525589,wardennest.com
525672,winkslots.com
525713,wcb.ab.ca
525745,waltti.fi
525760,webaccomplice.app
525819,waldispizza.de
525828,wearnala.com
525834,woweer.nl
525933,wellclinics.ca
525950,wish-bone.com
525986,whitefamilyfuneralhome.com
526013,wishlistmember.com
526015,weg84pv90l.cfd
526116,w326xz76t3.cfd
526131,workmoney.org
526210,wunschkennzeichen.online
526268,worktomakemoney.com
526330,welcometofrance.com
526370,win61.top
526411,wajos.de
526429,woerden.nl
526489,whatsup.es
526550,wheelofpopups.com
526610,webno1.net.au
526642,webconsort.com
526680,wallpapershop.co.uk
526809,web-walrus.com
526815,wallnifity.de
526930,wasabisheetmusic.com
527035,wptheming.com
527045,webspectre.com
527236,westsidemusicblog.net
527285,winzmedia.top
527290,whonamedit.com
527301,welovebags.de
527306,woojooind.com
527319,worldsci.org
527326,wildanet.com
527333,warnerbrosrecords.com
527379,westkiss.com
527404,warner.edu
527456,whiteblaze.com
527466,welcometorockville.com
527472,weave-api.com
527504,wellhello.com
527608,wordscr.com
527641,woodcentral.com.au
527658,wagnermuseum.de
527691,wbaa.org
527695,westlan.ru
527772,waveroom.com
527777,webspaceshop.co.uk
527800,westernworld.com
527870,whav.net
527883,waveboxio.com
527941,wallmurals-usa.com
527966,wangcheng.gov.cn
527988,winzada777-br.com
527997,williamhillcasino.com
528001,wineanddesign.com
528074,workwear.online
528108,wsdeng.com
528120,witshosting.co.uk
528158,warna-cloudinary.org
528161,wealthmode.in
528167,web-telegram.uk
528301,winestyle.com.ua
528321,weblogographic.com
528357,werft22.net
528415,westlawjapan.com
528420,wp-static.com
528500,worldescortindex.com
528510,webforge-dns.ch
528512,whost.co.mz
528528,wilsoncountynews.com
528541,what1688.com
528639,westpakusa.com
528654,webinteractiveconsulting.com
528676,wirelessfestival.co.uk
528705,worcester.gov.uk
528726,wartabanjar.com
528783,wdnode.com
528816,websynergies.net
528868,werdich.com
528894,whitefalconpublishing.com
528895,wikifactory.com
528913,webcenterfairbanks.com
528954,whois7.com
529000,wegame.com
529024,wxhxdl.com
529044,warrantywise.co.uk
529051,wood365.cn
529287,woburneast.com
529291,wmkong.net
529424,wansanxia.com
529455,wpsgo.com
529475,worldwayit.com
529484,wepanow.com
529600,wigglypaint.com
529810,wofrance.fr
529849,weboss.hk
529871,webes.ru
529884,webapis.sk
529903,wetteralarm.ch
529944,wauaj.cn
529977,wuliangye.com.cn
530007,warsawtour.net
530009,wandernundmehr.at
530031,wandelzoekpagina.nl
530173,walbrzych24.com
530253,wpinkslvsuplementos.com.br
530267,wanqianbaihuo.com
530271,whoerip.com
530343,webretailer.com
530414,wlyapp.com
530415,woodsbagot.com
530459,wirtschaftsagentur.at
530465,wismilak.com
530490,winpatrol.com
530529,workplacementalhealth.org
530547,weblinkindia.net
530587,wave-accounting.net
530601,winterartsfest.com
530714,webmaissistemas.com.br
530715,wellon.digital
530716,wmania.net
530717,wonderbramall.co.kr
530797,wordcollectanswers.com
530808,wurstm.com
530871,webone.ch
531038,windowsw.com
531100,windowspro.de
531110,wcmo.edu
531119,webchain.network
531150,wilsoncc.edu
531157,win.gs
531173,westfalenhallen.de
531188,weatherstats.ca
531193,watchtv.click
531263,wearerealitygames.com
531275,workfrom.co
531281,wenk-labtec.com
531346,writermag.com
531375,workmanstore.nl
531376,willyselectronics.com
531381,weblications.com
531437,waytogrow.com
531456,wilo.ru
531494,weblx-1.net
531548,weiluezh.com
531551,waw4free.pl
531554,wts.one
531564,wavetecvision.com
531591,w9tp7ncf.com
531609,wmaudience.com
531616,www-xnxx-nude.rest
531649,wikimannia.org
531683,wyndhamriomar.com
531686,wiegand-glas.de
531702,wooderice.com
531736,wanho.net
531823,welthungerhilfe.org
531832,wmrasystem.com
531982,wilfa.com
531988,wingforum.de
531989,wencuigu.com
531996,withapps.io
532001,wamsvirginia.org
532106,workinfinland.com
532141,weexwbs.com
532190,waishangduzizhuce.com
532203,wordable.io
532328,whichav.video
532352,wdbible.app
532432,wowplaza.com
532495,workshopitaly.net
532499,wes.srv.br
532553,webvisioncctv.com
532599,workwithindies.com
532675,weaviate.cloud
532676,weipubao.cn
532684,weaponsystems.net
532689,wordofgod.in
532748,wirp.jp
532752,wettarena.online
532758,weram778.shop
532782,wisonic.com
532785,w-rabbit.com
532788,wezyrcar.com.pl
532819,warner-access.com
532827,wallcoo.com
532853,wwopenclick.space
532903,watershed.com
532919,westwoodgroup.com
533046,welmaxtrade.com
533061,wsyxxs.com
533096,weatherandclimate.info
533129,wplgroup.com
533174,waterkaart.net
533227,websell.io
533253,washburn-mcreavy.com
533264,wizardforums.com
533282,wikigender.org
533306,wowaura.com
533453,wheelerworks.nl
533463,weixiao52.com
533468,whmcssmarters.com
533608,winpornmovies.com
533614,whitepine-outfitters.com
533666,whuhzzs.com
533740,wecamp.net
533762,whmhosting.dk
533772,wanmei-game.com
533794,webket.jp
533884,weedcolo.com
533901,wortguru.com
533941,wimbledonguardian.co.uk
534090,web2002.com
534112,willcuttguitars.com
534131,wisbusiness.com
534154,wbkr.com
534155,wdsvc.net
534169,wrestrus.ru
534200,wiserv.ru
534286,warsawexpo.eu
534305,wooqer.com
534308,weeklypulse.co.uk
534331,webtsc.com
534343,womanel.com
534368,whiskas.co.uk
534382,weather-display.com
534548,wellworthweekly.com
534563,wingsbrand.com
534603,waylet.es
534621,wanderhotels.at
534679,webnamedirectory.com
534684,wargaming3d.com
534748,wpk111.com
534784,woowahan.com
534836,westhost.net
534846,wingcrown.com
534890,winituxhosting.de
535170,whhuangjinyu.com
535208,web4pro.es
535291,wpgholdings.com
535336,wuky.org
535363,worldsu.org
535372,wewintogether.org
535435,weonebroadband.com
535474,wujiejiyuan.com
535505,weidert.com
535511,wolkenland.net
535596,wavea.net
535623,wkbtransportation.com
535628,washingtoncountymn.gov
535682,wukotec.systems
535730,worldoceanreview.com
535731,wesellchristmaslights.com
535758,wai1.biz
535759,worldofmanufacturers.com
535826,worldvision.de
535916,winfuture-forum.de
535926,wikiphyto.org
535963,worldbreastfeedingweek.org
535995,wpvivid.com
536024,w161.com
536080,worldticket.net
536154,worksport.com
536172,wacken.id
536256,web-individualka.com
536291,win-tab.net
536292,wienhotel.net
536370,wetterbote.de
536388,w1ubcukalm.cfd
536421,woodgrovebank.com
536444,weonlite.com
536477,weblinkltd.com
536513,wynns.com.au
536528,womensmemorial.org
536563,writingatlas.com
536569,wj83.casino
536701,wptz.com
536715,wealthypeeps.com
536767,webfokus.no
536776,wof.fish
536778,wuwuji.tw
536809,weekly-osakanichi2.net
536853,watermark.org
536873,wolken.cz
536881,wehotimes.com
536892,webcaramba.com
536908,wqzbapp.com
536928,wetrok.com
537014,wikia-inc.com
537076,webresource.ca
537159,worldports.org
537240,wpguydns.com
537304,wbeme.com
537343,woodstreampartnerportal.com
537447,wpock.com
537459,wxxzwy.cn
537464,wenxuele.com
537492,wimaspj.pl
537529,winairlines.edu.gr
537539,whipplephoto.com
537543,whatever.com
537553,wap-all-kaiyun.com
537713,wanuxi.com
537757,wisdomtechco.net
537855,websa.com
537859,whynotstudio.ru
537919,wagerworld.nl
537926,weeklyvoice.com
537949,watermark.ws
537982,wabutton.com
537983,wigisfashion.com
538199,wonderbox-connect.com
538280,wamia.tn
538374,wim-wenders.com
538385,webmade.cz
538489,workingin-newzealand.com
538501,wsiz.edu.pl
538515,writtent.com
538518,wwindia.com
538530,wall-art.nl
538539,wilogic.com
538551,waystone.com
538572,walkandsmile.com
538608,waijiaobangongdalou.com
538623,watcho.co.uk
538645,who-s-next.com
538748,writerssanctum.com
538780,wordsandpeace.com
538806,webhero.be
538812,worldlinkmedical.com
538842,weatherclima.com
538862,ws168a7.live
538875,wavedesk.co.uk
538972,wwwcenter.de
539060,westfieldgiftcards.com.au
539072,wptouch.com
539099,wisetalkfactory.nl
539136,workstream.is
539137,weiyutaoci.cn
539194,whichwich.com
539197,winboard.org
539243,walescottageholidays.co.uk
539271,washingtonexec.com
539283,wpcharitable.com
539333,wcrpforums.com
539335,worldsrc.net
539357,wwwxiaohe.com
539392,wc.srv.br
539414,webmandalawaluya.ac.id
539428,wesleyanargus.com
539437,way2webworld.com
539514,wohnungsswap.de
539536,weareroadmap.com
539546,wqcs.org
539550,wenony.es
539575,wfs.co.za
539580,wandtattoos.de
539592,webranksite.com
539597,warnersstellian.com
539632,weidinger.eu
539653,wwsadrtyxa.top
539702,wikigrib.ru
539718,watts-team.com
539742,web4comunicacao.com.br
539788,winuae.net
539808,wealden.gov.uk
539867,worldofrcparts.com
539885,webdinasty.ro
539898,wrmf.com
539905,woahptu809.cfd
539926,whatisbiotechnology.org
539969,webseitenspeicher.de
539995,wear2work.nl
540000,waiqh.com
540038,winpay.site
540126,watchdogheadline.co.uk
540199,webofstories.com
540283,winspirits.de
540290,webtrade.de
540364,web-hebergement.net
540390,walmradio.com
540395,warmilitaria.it
540433,watchbox.de
540490,warmcat.org
542840,w23d.com
542841,w90sportapp43wp.com
542842,wacca.rip
542843,waimaoperation.com
542844,waimaoq.com
542845,waiterpro.com
542846,wakatea.com
542847,wallmob.com
542848,wannaflix.com
542849,wapati666.com
542850,watereye.jp
542851,wattro.de
542852,wattvision.com
542853,wavebl.com
542854,wavinsentio.com
542855,wayship.io
542856,web3jiasu.com
542857,webapi.win
542858,webcdn.online
542859,webdecisor.com.br
542860,webfun.website
542861,webinesh.ir
542862,webscantest.com
542863,webscript.dev
542864,website-best.info
542865,websites-traffic.com
542866,webterminal-hfm.com
542867,webtransport.fun
542868,weedsoft.co.kr
542869,weeknews.online
542870,wellness-dunlopsports.jp
542871,werhliuich.com
542872,westconnect.ca
542873,wextransfer.com
542874,wfewu82.com
542875,wgslsw.com
542876,whale.ml
542877,whatisaihelp.app
542878,whatslink.info
542879,whoismyisp.org
542880,wholesale-iptv.nl
542881,whuda.com
542882,whxyagknu.com
542883,whylwz.com
542884,wi5stars.com
542885,wifidabba.com
542886,wifieasy.cn
542887,windowtines.com
542888,winkelmann-construction.com
542889,winteam.io
542890,wire.tools
542891,wizsu9lj.com
542892,wj-kc.com
542893,wlbtech.online
542894,wlcmr.io
542895,wmixvideo.com.br
542896,wmsxwd.bid
542897,wmtgpfvax.com
542898,workera.com
542899,workpqr.com
542900,works-entertainment.co.jp
542901,worldhomeoutlet.com
542902,worldrift.com
542903,worldvds.com
542904,woxidj.cc
542905,wpqmqx5yqs.com
542906,wpshost.us
542907,wpxpro.com
542908,wrist.com
542909,wttrek.com
542910,wurth.cn
542911,wvdbozpfc.com
542912,ww.bi
542913,www-fifaweb.com
542914,wxngtb.com
543081,wxjzzx.cn
543109,wiuwi.com
543163,watchguynyc.com
543183,woofergames.com
543202,waca.ec
543318,wimpole.com
543330,worldcuplocaltime.com
543354,wealink.com
543445,wematik.de
543488,windmillhomehub.nl
543534,waschguru.de
543571,wiredminds.de
543617,wasserburg24.de
543724,wavemoney.com.mm
543733,watch-wiki.org
543739,wilweg.nl
543754,webslots.co.uk
543769,wealthclub33.co
543780,wpkg.org
543819,wisenut.com
543829,wahl-group.de
543881,wxxbrjx.com
543918,waxpoetics.com
544067,www456bd.com
544075,wishbeads.com
544132,wolkenschaukel.de
544138,white-siberia.ru
544303,www87hg3.cc
544334,weinklaus.com
544342,wichitagiftco.com
544362,webstatdata.com
544400,weroad.fr
544523,w30e-hh0tt.click
544524,webcar.eu
544525,welcomebaby.com.tr
544526,wtggggg.com
544553,welovestornoway.com
544578,watchplaystream.com
544604,wscuc.org
544693,wrenbyayesha.com
544788,worldlabel.com
544812,websitesilo.com
544849,widepolymers.com
544860,worldofbb.com
544901,wyyyyy.com
544906,wix-vibe.com
544953,watertrucks.com
545018,win4441177.com
545052,wuilt.com
545070,webhostseattle.net
545138,worldclubdome.com
545178,wsonigaming.com
545213,whzg.net.cn
545217,whitekeyschool.ru
545220,weber-grillen.de
545243,workindenmark.dk
545254,wo.ua
545257,wetroomsdesign.co.uk
545332,web-tulun.ru
545338,wlw.com
545340,we-ha.com
545352,whatsmyquote.com
545363,webpantep.com
545440,wxq7k7dgq6.cfd
545447,wilkinsit.com
545461,windkraftsatire.de
545476,woonq.nl
545483,weetracker.com
545506,wendypolisi.com
545507,worldwarphotos.info
545509,wxhuaheng.com
545600,warriorcatsforum.de
545746,womo.com.ua
545791,windmillpageprime.nl
545874,weaselzippers.us
545901,webvideocaster.com
546020,wandelknooppunt.be
546190,world-insight.de
546199,webexpert.gr
546208,waitlistcheck.com
546296,webshopwinkelcatalogus.nl
546300,webiacs.com
546320,wettringer-modellbauforum.de
546350,weaverse.io
546353,wellpartner.com
546384,wildcamping.co.uk
546417,wwtdd.com
546439,wkhealth.com
546444,wmag.net
546454,wen.ru
546463,wwoof.org
546489,webintravel.com
546538,wa-gunnet.co.jp
546626,webagregator.ru
546628,wien-girls.at
546779,wotstars.com
546812,wisetrack.cl
546845,ws.network
546870,weedhack.to
546968,wzchinwin.com
547029,wrzuc.info
547062,witel.it
547084,wpaa.net
547122,watchafl.com.au
547187,wiru.co.za
547258,wuying.com
547267,webcoretech.com
547271,wizardx1.com
547282,webu.coop
547317,wildroid.ru
547322,woodnet.net
547393,wholesaleservices.de
547407,welovebalaton.hu
547519,whatsmycountry.com
547553,whatsappsim.de
547587,warburtons.co.uk
547591,wcnet.org
547616,wholeearthprovision.com
547642,warehouseskateboards.com
547656,wwwserver.net
547733,webcruiter.no
547763,watchmmafull.com
547776,wiremesh-hf.com
547804,weblogger.com
547824,web3daily.info
547829,wanderwisdom.com
547911,wdghana.com
547928,withqikserve.com
547991,weinviertel.at
548011,whopassedon.com
548081,winwalk.app
548088,wescan.io
548104,wpfullpicture.com
548155,wwutilities.co.uk
548209,webmaster-gratuit.com
548216,winlink.top
548229,wallstreetpit.com
548266,werkstars.de
548272,wxfdjzl.com
548279,worstideaofalltime.com
548365,wrenoin.com
548437,webcamera.io
548462,wearecommunity.io
548481,westgard.com
548516,womengrow.com
548539,whbc.com
548615,websitebuilder.org
548626,win123456.com
548627,wpswings.com
548635,winsub.link
548652,wavs.com
548700,wordcentral.com
548707,windmillfitnesszwolle.nl
548744,wmta.org
548794,worst-behavior.com
548835,wolferesearch.com
548843,weeronline.cloud
548871,wibank.de
548878,wakeforestnc.gov
548888,workrave.org
548970,wfwls.com
549005,whois.web.za
549014,webthings.io
549025,werkenbijgamma.nl
549034,workhorse.com
549055,wikifamouspeople.com
549067,webarena.ru
549092,writerscentre.com.au
549176,www-xnxx-com.net
549177,w88cool.com
549202,whatthefuckshouldimakefordinner.com
549203,webcamscenter.com
549215,webspeciaal.nl
549341,w3systems.net
549355,wolky.nl
549392,wbsceurope.org
549407,wrestlingfiguredatabase.com
549479,wild-forest-115.space
549521,wasserkarte.info
549558,weberkettleclub.com
549588,w-k-7-c.com
549774,wells.build
549781,weplayvolleyball.ro
549808,we-aliyun.click
549810,wordweb.info
549835,worldbias.com
549927,wiplast.com
549982,windowserv.net
550000,worldvue.com
550093,woolichracing.com
550116,wocial.net
550130,webrahost.eu
550131,wblead.ru
550154,worldoftriumph.com
550233,went.jp
550246,wisetime.com
550274,webline-services.com
550287,wiseplayout.com
550317,waseigenes.com
550358,wphero.ro
550405,weekend-kanazawa.com
550441,weblogs.us
550472,wpsweb.com
550482,wavemusicspace.nl
550491,website66allow.shop
550497,wine-in-black.de
550549,wemediacn.com
550612,wetteraukreis.de
550638,wardenfeed.com
550643,wrrv.com
550654,wordsworth.org.uk
550697,weekendlove.fr
550704,westhighlandway.org
550710,www-xnxx-com.de
550716,wheelsup.com
550776,waltons.com
550828,wiki8.com
550848,windowsindia.co.in
550896,waibaojiagong.com
550926,webradio.hu
550934,wolky.de
551208,workpointtv.com
551213,wingsteams.com
551214,wizcom.co
551217,westsideseattle.com
551244,wahlburgers.com
551250,wherefour.com
551278,wbtinternet.com.br
551368,wjbl.org
551383,webprivatesurfing.com
551476,welcome.us
551526,wildberries.eu
551531,wonder.co.jp
551574,walrusoxford.com
551677,wik.org
551718,wdkwielun.pl
551725,worldmap1.com
551744,wwf.be
551776,wurthusa.com
551830,wein.cc
551880,wenshibaowenbei.com
551882,warrenasia.com
551894,whitby.ca
551948,walkingonsunshinerecipes.com
552051,watchtivo-8k.com
552155,woodsidegardens.net
552172,willbes.net
552192,williamsburgvisitor.com
552261,wisdomtreeprimeapp.com
552278,whoateallthepies.tv
552282,westnews.com.ua
552296,wikimart.ru
552375,withwaymo.com
552394,webcamfiles.com
552423,winningpc.com
552520,wilowitty.win
552527,worldaccessnet.com
552534,windmillguideclub.nl
552695,wonderfulpackage.com
552700,workfusion.com
552707,whynow.co.uk
552722,wisesergy.icu
552734,websiteca.com
552754,worldfashionexchange.com
552783,wayfaringlondoner.com
552785,webb-database.com
552855,wedgwood.jp
552984,worldskingames.com
552986,wallbedsbywilding.com
553004,wilbrad.com.au
553017,warsawhere.pl
553083,wsbj.com
553084,wwwtodoist.com
553098,wayoutwest.se
553182,wikini.net
553201,watchexchange.sg
553205,wallstwatchdogs.com
553221,wajet.com
553236,wilsoncountync.gov
553260,web-camp.io
553408,wservidores.com
553515,wired-humanities.org
553585,wiziii.xyz
553633,wistco.co.kr
553818,waytoagi.com
553832,weathermap.co.jp
553867,wavehill.org
553896,webpulse.ro
554003,wunsch-stern.de
554066,wisudamandalawaluya.ac.id
554095,watery.se
554096,worldivx.cc
554216,websitetooltester.com
554242,web-enedis.fr
554252,watchfinder.it
554292,workforce.org
554297,world-brides.net
554316,wellnessdaddy.com
554325,werbringtwas.com
554335,whirlpool.mx
554353,westhertshospitals.nhs.uk
554367,whywelikethis.com
554425,wapka.cc
554479,wattswater.com
554497,wondershare.it
554512,wdscylla.de
554538,wilko-it.com
554583,wime.it
554624,wintega.photo
554637,wesellthisdomain.com
554671,woodenswords.com
554689,wisla.pl
554756,woodturnerscatalog.com
554764,wefeedraw.com
554872,workingsolutions.com
554935,warioforums.com
554938,webdataserver.com
554956,whyienjoy.com
554973,wbgamesmontreal.com
554985,worldbbwp.com
555046,wizcom.com.gr
555054,wedid.it
555064,wanmeila.com
555070,williamsonscene.com
555083,webster.com
555084,williamhill-ca.com
555092,wani.com
555126,web-start-page.com
555150,wme-digital.com
555240,webhostingkenya.co.ke
555265,wonnews.kr
555296,watin.cn
555372,whelanslive.com
555409,wylance.net
555514,wurth.sk
555757,wehrmacht.es
555758,wunderkopf.de
555796,wealoveaza.click
555866,westmotors.com.ua
555867,wefry.ru
555879,weirduniverse.net
555880,windmillposttilburg.nl
555915,www-xnxx-de.rest
555952,wordbee-translator.com
555957,woo.network
555958,wethr.net
556059,winecountry.com
556171,way-casino.com
556177,wistee.net
556210,worldken.trade
556318,walk-walk.ru
556335,watermillpress.co.uk
556356,weelan.com
556398,windows10newsinfo.com
556429,woefdram.nl
556430,westgatehosting.com
556435,wangfujiaju.net
556637,wolters-rundreisen.de
556642,warkaudenlehti.fi
556653,we2chat.net
556655,weirdasianews.com
556692,wwunion.com
556712,watchongo.com
556790,womeninadria.com
556791,www.gov.rw
556792,wesleyancollege.edu
556816,whiteplainslibrary.org
556833,weigleorgel.de
556859,wikimedia.org.uk
556887,womansera.com
556909,webzone.net.au
556910,wikirom.fr
556919,wildspike.com
557001,waves.net.pk
557093,welipro.com
557133,wylaczenia-eneaoperator.pl
557176,wvc.edu
557186,wisesheets.io
557194,wpay.com.au
557208,wavemakerglobal.com
557250,withfrom.de
557252,wasserwaermeluft.de
557273,waseet.net
557274,windows.ru
557276,wordcheats.com
557300,wetokole.com
557328,wokq.com
557353,wta119.com
557373,wifionboard.com
557383,wbsm.ai
557447,w-69.com
557453,wcschools.com
557480,webdenex.com
557567,wtps.org
557583,wellsense.org
557705,winnebagoind.com
557724,west3d.com
557726,worthy.bible
557822,witchvox.com
557830,wkdh.ac.kr
557875,wabisabi-store.jp
557925,weishukan.com
557996,websitemasters.com
558010,weaselporn.net
558064,windowstan.com
558077,west49.com
558099,waldlaeufer.de
558102,wirecast.io
558152,wege-zur-pflege.de
558179,wake.st
558208,willysphillys.com
558211,worldvision.jp
558272,wugrafix.net
558284,wikispaces.net
558329,webcentrex.us
558343,wcmyr88.com
558360,welke.nl
558370,westernshopshop.nl
558440,wrexhamafcservices.co.uk
558468,wargamehk.com
558588,westsidespirit.com
558593,wh2ahosted.nl
558594,we-learn.com
558606,wolfquest.org
558686,wkd.com.pl
558716,wbat.net
558719,waterfowlforum.net
558726,wsuniar.org
558784,waybank.ru
558855,webfacto.io
558864,wojiuxihuan.net
558894,wtobj.com
558919,whitebearsubaru.com
558963,word500.com
558965,wimco.com
559005,websiteforme.com
559079,woofbeginner.com
559111,watisdescore.com
559125,wagerbuzzuk.co.uk
559129,wboi.org
559133,webmedia-nijmegen.nl
559180,wnpa.org
559218,wrestlecrap.com
559250,weawer.ru
559262,wamon.org
559285,webworkerdaily.com
559407,websupply.com.br
559408,wedtree.com
559409,welkit.com
559410,worldofsmm.com
559456,winspirit.com
559532,wcbe.org
559638,wvmlaw.com
559656,wearychef.com
559658,wasbedeutet.de
559686,wildfermentation.com
559712,webindigo.ru
559727,wiklundkurucuk.com
559735,wikipornxxx.pro
559909,wildgreen.co.kr
559921,walisongo.co.id
559944,womo-stellplatz.eu
560016,worldcar.com
560058,whiteessence.com
560119,workers-turbo.ai
560131,wj188.net
560167,wallednetworks.com
560245,workworld.com
560258,web3antivirus.io
560279,wirelessgate.com
560289,workwareplus.com
560334,weekendfm.pl
560354,wzezljct.cc
560360,wijkopenautos.nl
560415,wwwporn.club
560419,wfjh888.com
560423,wellnesslabshop.com
560435,wallet.gov.gr
560494,walletwise.us
560532,webopsvolaris.com
560543,webcode.bg
560570,warez.cx
560583,web24x7.biz
560707,webmdignite.com
560708,widoj.gov
560808,windriverchimes.com
560882,weddingstylemagazine.com
560948,webweisend.de
560949,whixx.nl
560960,wromance.com
560984,wlanhsh.de
561049,woundsinternational.com
561066,wjr.com
561159,words-wonders.ru
561244,whaite.com
561246,wmt.games
561249,wixstats.com
561376,wx-nsltxf14.com
561398,walkera-fixpro.ru
561432,winbet.ru
561439,wnins.com
561445,websimhockey.com
561470,wpclever.net
561569,westchesterwine.com
561624,webosfritos.es
561626,womensworldbanking.org
561644,welcomebeastvpn.ru
561695,wileyplus.com
561727,winbeatzstatic.com
561741,woxikon.fr
561766,wwwxnxx.cc
561819,waze.to
561833,wizardpins.com
561859,wdi.solutions
561886,wpzinc.com
561929,weasy.com.br
561946,wpenginepoweredstaging.com
561985,wiley.host
562003,woodyscorp.com
562048,worldonline.co.za
562053,webdoc.hu
562067,weblever.co.uk
562116,winzada-br.com
562134,wearenalytics.com
562172,wholesaletechnology.co.nz
562187,woorkup.com
562247,wh-cabinetled.com
562369,wallacestate.edu
562485,wagervault.nl
562495,webnext.com
562617,world-newspapers.com
562637,waldorandco.com
562661,whitchurchherald.co.uk
562700,wfts.su
562708,wiseintro.co
562756,wisehealthcommunity.nl
562769,wikihow.jp
562820,woorihrd.com
562866,watch-tvseries.tv
562873,wikicu.com
562929,wldns.nl
562964,winbox.download
562993,wikism.org
563050,wnco.com
563066,wunder.com.tr
563215,wikisum.org
563216,wnacg01.link
563217,workbankvirtual.com.br
563218,wurth.gr
563224,wellness-sportclub.fr
563252,williamsrecord.com
563292,weandthecolor.com
563308,wayfair.de
563323,wdcb.org
563365,wmcrrd.com
563380,wellhosted.ch
563407,warinternational.org
563414,westlakepipe.com
563415,worldclim.org
563472,warmisawuri.cl
563498,whitepages.co.nz
563510,wewix.net
563511,wnj.com
563538,worldboxingnews.net
563559,wilken.de
563562,wbot.chat
563636,ww-design.net
563662,weerenradar.nl
563665,whatsservice.site
563683,webnode.com.co
563707,westside66.org
563771,winair.sx
563863,wisconsinharley.com
563889,world-of-digitals.com
563894,we3travel.com
563984,wareega.com
564000,wordmemo.com
564145,we-pageantpg.com
564156,wagerlaunch.nl
564212,wpvulndb.com
564262,weblinks.ru
564285,wuth.nhs.uk
564315,whispli.com
564363,webimmosoft.com
564387,wearcam.org
564390,waly.ch
564448,winiwmicrofiber.com
564453,wtrackeroc.ru
564618,work.ro
564632,warriorpoetsupplyco.com
564671,wixdev-sites.org
564687,wistfulseverely.com
564690,wineandco.com
564708,web4health.info
564723,wdc.center
564742,week-30.blog
564793,wessmusic.com
564869,webgames.io
564877,wdfactory.ru
564888,weltgroup.ru
564896,wo186.tv
564924,weblo.tech
564943,windyverse.net
564983,waltenberry.com
564991,webnyeremeny.hu
565009,winningpokergame.com
565093,wtgspain.com
565144,webstart-page.com
565240,wetrag.net
565282,webemoji.org
565292,wwmindia.com
565324,winners.com.lr
565416,westmanga.blog
565465,weicon.de
565567,wix-development-sites.org
565569,whiterabbittruck.com
565603,wowcam.vc
565616,w-8-m-c.com
565662,wicktv.me
565708,wellbe-group.com
565753,wwc.psi.br
565771,wefunkradio.com
565799,wrestlingdommes.com
565842,webbuildable.com
565857,withinhealth.com
565880,wri-india.org
565899,west.net.br
565972,whereisroadster.com
565990,woomy.me
565996,wzhibo.net
566001,wrint.de
566073,weblahko.sk
566083,wendazhe.com
566100,wechatutilities.com
566233,worms.zone
566252,woodstocksentinelreview.com
566303,washingtoncountyar.gov
566312,weeklyandmonthly.com
566316,worthofweb.com
566384,weddingrule.com
566385,wifistore.ro
566392,www.la
566560,win2.pro
566574,weltderwunder.de
566624,worldtides.info
566678,worldinform.ru
566737,webisoft.com
566741,wswcp.net
566949,welhof.com
567071,westinautomotive.com
567201,warsafabric.pk
567202,wineandbeyond.ca
567322,webquarto.com.br
567323,weitzler.cl
567324,whatchimp.com
567325,wigsis.com
567326,wwpkg.com.hk
567466,wealthy.in
567467,wikiravan.com
567504,wangyechuanqi.cn
567518,webshiro.com
567573,wcshuba.com
567631,weg.li
567671,wzakcleveland.com
567721,whitegroup.su
567891,wcrz.com
567893,will-law.org
567909,wccusd.net
567911,wholesalestore.online
567946,wisze.org
567949,worldsnooker.com
567960,wunderwunsch.de
567965,westerwald.info
567986,wancherpen.com
568013,wakayama-c.ed.jp
568049,wildfrontierstravel.com
568092,wtmx.com
568199,websites-pa.com
568223,wildsino-app.com
568226,w8v0k3j.com
568237,warmantus.com
568347,winted.click
568360,wolfganghistorica.com
568384,wvuhs.com
568405,webline.in
568448,weleague.jp
568460,wendys-firstkitchen.co.jp
568500,wichitachamber.org
568511,wellnesstab.com
568553,wisetack.us
568600,wazamba-8605.com
568632,wellmadebykiley.com
568710,witchscans.com
568718,wilder.pt
568760,website.co.kr
568777,wextelematics.com
568832,website44unders.shop
568852,warmerise.com
569002,woaige.net
569046,worldcup2026bitcoinbettingpredictions.net
569071,waktogel.com
569107,websiteprohosting.com
569146,waterways.org.uk
569148,web-design.kz
569164,wizslots.com
569213,wdi.co.jp
569275,westcoastcorvette.com
569285,wirepoints.org
569298,writerspace.com
569300,webcountdown.de
569349,www-xnxx-proxy.rest
569353,westpointgunclub.com
569369,writersweekly.com
569385,worldclass.ro
569615,welcomelink.com
569627,wisestudioshop.nl
569713,w9ml.com
569725,wetix-agency.fr
569736,warkedmalie.com
569797,worthybible.com
569801,wifiportal.io
569846,wohnung-jetzt.de
569858,web9ball.com
569871,wheresmysuitcase.com
569928,willingen.de
569980,weblogalot.com
570008,wellertruck.com
570029,winook.com
570128,wagercity.nl
570164,wtpgs.com
570166,wondamobile.com
570178,widyagama.ac.id
570188,windandweather.com
570302,wiseapp.live
570332,wauk1care.com
570358,wkof.nl
570367,werry.ovh
570379,webagentsolutions.com
570384,win-tk.org
570411,waxholmsbolaget.se
570442,whatsmydns.me
570443,wasitai.com
570459,waybeo.com
570493,workoutrally.co.uk
570495,wefix.co.za
570682,wcdns.net
570689,winehouse.com
570802,workd.go.th
570841,waterguru.com
570844,widumpn.com
570861,webcamexchange.com
570863,whigdev.com
570951,whocallsme.com
571035,wates.co.uk
571045,west-ingenieria.cl
571114,wcdhry.gov.in
571115,wagedayadvance.co.uk
571191,webprosindia.com
571199,windstreamcommunication.net
571534,warzywa.pl
571535,wildsoulsbyjv.com
571536,wituka.com
571537,wizcloud.co.il
571538,wodboard.com
571539,woodford.co.za
571540,world-esim.com
571541,worldbalance.com.ph
571569,workzone.com
571598,wistee-dns.com
571688,webleaps.com
571720,winylownia.pl
571742,weloans.com
571812,worldofjewel.com
571848,wiseradvisor.com
571929,withmoxie.com
572122,walter-fenster.de
572123,wanbiaoku.com
572124,websitearaxa.com
572125,whois.az
572126,wltf.org.cn
572127,wolun7.com
572138,webdesignit.ro
572179,wowvpn.ru
572204,warrenchandler.co.uk
572239,wagner-system.de
572245,writinganessaycollegeservice.com
572322,whytebikes.com
572389,woveplatform.com
572410,wizesaas.com
572419,weiling.de
572448,whaijob.com
572452,wonenmetlef.nl
572459,webdomainspace.net
572558,wopa-plus.com
572573,warmly.ai
572632,wkdq.com
572654,wonsulting.com
572684,writeas.net
572729,worldgolf.com
572754,woodpeckerscrafts.com
572858,wifiwien.at
572882,weekly-mansion.com
572914,wnb.dk
572966,whatphone.net
572971,walkmanpg.com
572989,wbtc567.com
573009,winnieowners.com
573022,wrtn.club
573030,watiqa.ma
573056,wanfangdata.com.hk
573080,wishpics.ru
573154,wcities.com
573201,weekplan.net
573258,wissenschaft-online.de
573289,wavecitylab.nl
573325,wilterloughs.com
573351,w7q0e.cn
573377,wisportsheroics.com
573391,werkeningelderland.nl
573419,westbahr.com
573475,websitex5.me
573488,wikixp.com
573503,webzone.it
573560,win-cart.com
573566,winespectrum.com
573612,waxingthecity.com
573627,wem.io
573692,wanlongprt.com
573710,wdw.nl
573718,wepogp.gay
573724,wethewomendesign.com
573791,whitelllshop.icu
573848,wecompress.com
573912,wz8e.casino
574020,wood-designpark.jp
574059,webnextlabs.com
574187,wakaanews.com
574197,walmartchecks.com
574235,winmo.com
574239,weightmoremore.com
574344,wachter.com
574346,wolfswinkel.it
574350,worstbeam.com
574351,watchstore.com.cn
574375,websajthosting.rs
574445,w1-glacialpg.com
574459,welivelux.com
574487,web.jp
574491,wef.ch
574639,webburada.com
574683,workband.com.tw
574692,webmar.com
574702,wildxxxhub.click
574739,wror.com
574761,win303.com
574876,whistleblowers.gov
574968,webtechdirectory.com
575024,worldcomplianceassociation.com
575089,wikihow.com.tr
575101,wego.cn
575105,www-xnxx-desi.rest
575222,wainscotwharf.site
575238,wccls.org
575241,www.amazon
575242,webain.co.uk
575250,wing.com.ua
575253,worker.co.il
575264,weatherontheway.app
575358,webhostings.ch
575378,webmanuals.aero
575395,whatpub.com
575413,webull.hk
575482,webpy.org
575591,wellingtonadvertiser.com
575595,web-dorado.com
575647,wohnhaus-welten.de
575726,wasserpumpe.de
575749,wikis.world
575801,wookey.co.uk
575807,windowsbbs.com
575846,wow-womenonwriting.com
575862,wearegifted.co.uk
575890,webdrafterserver.com
575901,wanbaxiaoshuo.com
576060,waja.co.jp
576093,winporn.club
576106,weather.bg
576193,widestream.de
576218,wcentertainments.com
576273,westpalmsubaru.com
576284,wlug.org.nz
576296,wz.lviv.ua
576341,want.net
576342,wedy.com
576344,wrs.com.sg
576387,weather-webcam.eu
576493,www-xnxx-gang.rest
576561,windll.com
576699,wilderness.org.au
576741,webby.co
576750,whaleapp.team
576752,wolfguild.com
576754,wyedeantourism.co.uk
576803,worldea.org
576810,webworklife.com
576813,worksaveretire.com
576820,washingtonspirit.com
576829,washburn.com
576835,www-tickets.ru
576902,webchr.ru
576953,wow.pet
577015,wallix.com
577099,webyte.eu
577160,wyldcode.com
577264,worldpostalcodes.org
577302,wigisfashion-ca.com
577310,whippy.co
577354,wentzel-dr.de
577357,watchfactory.in
577381,wikirouge.net
577388,world-wire.com
577419,wwproxy.ru
577478,whyajing.com
577510,worldwaterforum.org
577549,wikiquran.info
577610,wutdawut.com
577633,wefix.net
577689,walthamstowpages.co.uk
577762,walra.nl
577800,wheeloffortunecheats.com
577967,wwwilliams.com
577979,wiremesh-xinjiang.com
578011,wtfthis.eu
578097,waysim.net
578230,wmra.org
578263,worldfuturefund.org
578287,wed139.com
578370,wordstreetbooks.com
578376,wessa.net
578397,worldpulsepost.com
578412,watchesofmayfair.com
578418,wemystic.com
578523,wikidata.link
578639,winegard.com
578654,washsource.com
578667,witten.de
578670,wukongsch.com
578797,walking-dead.vip
578809,weareultraviolet.org
578833,water-data.com
578910,weeco.pro
578975,wanadoo.co.uk
579008,wisc.jobs
579041,worldtripsplanner.com
579051,wlsrv.com
579157,w88.net
579206,wizart.ai
579302,wulps.com
579306,www.cn
579324,wall-art.com
579390,w3nic.com
579485,wowexperience.sg
579577,wxdmg6.cc
579580,winphonebg.com
579587,walklakes.co.uk
579627,winwinbot.com
579702,webleasee.com
579710,wphostedsites4.com
579713,worktree.ca
579741,wma-arch.com
579791,woordenboek.nl
579806,westfeed.ru
579829,win222a.com
579934,whitakerbrothers.com
579961,webcatolicodejavier.org
579965,waragod.com.ua
579967,wahaca.co.uk
580003,walnutneckvariability.com
580203,woodstock.com
580207,whi-laboratory.com
580263,world-of-dungeons.org
580280,worldofwanderlust.com
580315,wanbenmanhua.com
580324,worldtradelaw.net
580334,whatismymovie.com
580426,webcadeh.com
580494,wizink.pt
580765,workingsol.com
580813,watchtower-security.com
580814,whiteserverdns.com
580883,wmlia.com
580901,webacetab.com
580958,westfiction.ru
580964,wildandwoollyyarns.co.nz
580999,wo2environmentalcleaningservices.com
581033,wholecelium.com
581045,webplanet.studio
581136,wkfr.com
581141,waldorfshop.eu
581142,warsaw-future.eu
581196,wocobook.com
581295,w9.com.tr
581325,wildlifeinformer.com
581329,werkenbijfacilicom.nl
581343,wearehuman8.com
581392,wardhost.com
581458,westfieldnjk12.org
581507,weasexx.online
581542,whatsmyname.app
581591,weather2day.co.il
581633,waxworkrecords.com
581742,welife.es
581775,wiu.edu.sy
581779,wexfsm.com
581793,web-stage2.ch
581811,whois.ai
581818,weltderbaeder.com
581829,westcofurnish.com
581968,wearmello.com
582023,worldnettps.com
582052,watchmarquee.com
582067,wellneso.com
582075,webking.be
582301,wcftink.com
582316,waterfrontoronto.ca
582352,wzrzqqtqy.cc
582381,widgera.com
582382,waremalcomb.com
582559,wpplover.com
582569,wirespan.com
582580,wostb.com
582600,watchlocker.ng
582694,wordfront.us
582730,windowsunited.de
582733,weihnachtsbeleuchtung-kaufen.com
582804,warnerpacific.edu
582897,weizhipin.com
583067,wzwchg.com
583073,worldofsport.co.za
583074,worldtradeshow.tv
583165,webtruyendich.com
583189,weddingomania.com
583243,wnm.de
583260,wislaportal.pl
583278,wikiv.net
583328,waopanel.com
583387,whukhost.com
583425,wafaamagazine.org
583437,worldsupporter.org
583482,wildernessguardians.com
583483,websyncxpress.com
583537,wantech.se
583542,watchdox.com
583553,webcane.com
583588,winestack.com.tr
584146,wardrobeplus.ie
584147,webterminal.com.pl
584148,well247.co.kr
584149,wellwise.ca
584150,whitemood.it
584151,wilkinsrv.com
584152,wirtrauern.at
584153,worldfn.net
584154,worldtamilchristians.com
584189,wasistwas.de
584204,web1test.co.kr
584234,webew.ru
584281,writesapp.ru
584319,website-creator.org
584360,wbrqhhnvu.cc
584366,wellbefore.com
584371,wearemarmalade.co.uk
584409,workdomain.ru
584475,windowsxlite.com
584504,wakaba-shop.jp
584566,wilderness-international.org
584582,wojiasuancaiyu.com
584601,wajiasu.com
584641,werd.com
584649,wildfireapp.com
584650,worldbunny.com
584669,waterbom-bali.com
584671,wmsolutions.com
584685,wptsuyu.cn
584703,wyattresearch.com
584739,windhub.cc
584743,weberstatesports.com
584753,whisperofthehouse.com
584780,wildlifecenter.org
584783,westleedsdispatch.com
584792,wagerworks.nl
584875,website44the.shop
584898,wirebrain.de
584900,wusfeetlinks.com
584945,wordfinders.com
584951,warmlyyours.com
585005,wopc.gr
585011,worldnewsdna.com
585029,wcf.com
585034,wisewatchalmere.nl
585056,webnetmt.net.br
585084,worldskate.tv
585093,wacom.eu
585143,wxcjgg.cn
585198,weddingmapper.com
585204,whendeathcomes.uk
585236,what2watch.io
585241,watahan-job.net
585246,wicdn.cloud
585347,ws168a8.live
585410,webhostie.com
585477,webcrc.net
585508,wboboxing.com
585532,wallowa.com
585547,we-enable.eu
585558,wmxtools.com
585593,wcon.io
585668,wombyte.net
585695,walterreeves.com
585698,wachi.co.jp
585765,womenheart.org
585766,wellink.ru
585807,wyndly.com
585817,w4u.pt
585859,wissel.nl
585860,wol.su
585894,waffihosting.com
585919,wilsonsestatejewelry.com
585954,wikitranslators.org
586017,wartasa.com.pl
586078,wzatco.com
586151,wangshugu.info
586169,waso.uk
586180,wtexpo.net
586192,welltower.com
586228,wmzcy.com
586252,wembleys.net
586298,watching.onl
586384,wfxl.com
586410,wonecks.net
586465,wnet.cz
586511,winlab.nl
586542,wuta-cam.com
586543,wholesalebatteriesdirect.com
586626,windfis.ch
586633,wesmirch.com
586789,wellcomemat.com
586803,webpoint.online
586867,wpad.work
586877,wallpaperfromthe70s.com
586939,wezhan.hk
586942,web-microsoft.com.cn
586963,winterparkbamboo.com
586979,womanrising.org
586994,wikigacha.com
587030,web-monitoring.ru
587032,webori.ru
587064,wgcwar.com
587148,welcometaito.com
587200,wondermomwannabe.com
587202,wpmanagedhost.com
587261,wonderliconline.com
587409,wisdomanswer.com
587467,wearetech.africa
587479,window-cleaning-supply.com
587522,weatherables.com
587534,weldingforless.com
587725,wilmingtonhealth.com
587736,wayne.bank
587793,webutility.io
587842,waflya.su
587878,worldobesityday.org
587934,weighingsystems.in
587962,weblike.ro
587975,wordunscrambler.com
588028,wac.art
588057,weaponappp.com
588085,workforceplus.solutions
588135,watch.tv.br
588185,websolr.com
588194,wrestlebros.io
588272,wow88my.com
588322,watchlead.com
588371,wacoal.co.th
588397,widepoint.ca
588411,winklerschulbedarf.com
588502,wheninyourstate.com
588583,wp4all.co.il
588591,webcollect.org.uk
588607,wristhax.info
588802,wlenet.com.br
588803,wetterring.at
588828,weicainet.com
588833,wonderfuldiy.com
588863,webouns.com
588869,wankgames.com
588874,w-shadow.com
588962,websalesandservice.net
588968,wheatserver.com
588970,wavayo.com
588984,wiseworks.kr
589064,wison.com
589067,wpkube.com
589097,weservit.nl
589100,warandpeace.com
589104,webwiseforradio.com
589113,web3166.com
589124,watabe-wedding.co.jp
589150,windows7download.com
589228,wowshop.com.my
589348,wedevote.com
589383,woofworld.com
589388,wiltswotan.info
589393,wdm.co.uk
589414,westerncraftfinder.nl
589430,winboxmalay.com
589505,womenscollegehospital.ca
589508,websitesonline.ca
589564,webtemplehost.com
589618,wsd.net
589630,whitehouseguilin.com
589632,websalon.sk
589711,wrongdiagnosis.com
589752,w0wn.ru
589761,wv-be.com
589825,wvpe.org
589834,woninginzicht.nl
589847,wordluck.com
589959,woodworks.org
589960,wia.co.tz
589980,work-king.shop
589998,wonderful-wish.xyz
590017,wakingthered.com
590026,wowturkiyem.com
590101,webbpanelen.nu
590166,webangelsdesigns.co.uk
590255,webatual.com
590290,wsgw.com
590394,wifi-analitika.by
590415,westtoer.be
590423,werkstattplanung.net
590458,watchman.com
590513,wuw.de
590651,williams-sonoma.com.mx
590688,winspirit3.com
590715,webplace4u.com
590779,willygoat.com
590789,westfieldbank.com
590824,widerightnattylite.com
590895,woodpecker-ci.org
590917,watchstadium.com
590972,witelistguru.sbs
591036,wagasyade-saiyo.jp
591037,wikicars.org
591071,wet172.design
591130,win.ma
591131,wtswinlogon.com
591143,wisecity.systems
591146,walkman.land
591180,windrosenetwork.com
591183,wti.org
591242,wicklow.ie
591243,wifepornpictures.com
591259,winchesterpages.co.uk
591261,weblocal.ca
591263,wvser.com
591346,wil24.ch
591398,wiseapp.co.kr
591431,weatherdailynews.com
591479,wildsinofun.com
591487,wallpaperwebstore.com
591497,winlineonelink.com
591531,worldvita.ru
591565,wolfsburgwest.com
591645,wijndivas.com
591673,whitequark.org
591746,whitewill.ru
591782,witpt.edu.cn
591804,wika.de
591818,wombats-hostels.com
591827,wallaceandgromit.com
591857,webvalid.de
591910,webnews.de
591956,wanapix.es
592002,weddywood.ru
592033,wallis.com.au
592038,wmbr.org
592041,wjekenx.site
592072,white-ex.co.jp
592104,webcloudcdn.net
592117,woodworkingshop.com
592124,winprofx.org
592146,wistexhosting.com
592153,wifcon.com
592190,wix-dev-sites.org
592255,wonderworldwaterparkandresort.com
592291,wwp.capital
592424,whitebox.ru
592461,weareimps.com
592463,westpress.ru
592536,wpdaxue.com
592545,wuyangsheng.com
592566,webmesterek.net
592603,warpspeed-cubenet.co.za
592664,wmx.ch
592694,wild-journeyz.com
592717,wearable-technologies.com
592833,wegenwiki.nl
592850,wzttnhp6.com
592903,worldreader.org
592904,wpfusion.com
592912,wifi4b.com
593104,washingtonflyfishing.com
593116,winwithoutwar.org
593191,welcomewestmi.org
593219,wb.kz
593247,winningform.co.za
593264,watchxxxporn.pro
593285,wolfnet.com
593374,wunderkessel.de
593385,wereldreizigers.nl
593392,wow88.com.my
593491,wxazw.com
593527,wolfgordon.com
593545,waterdamagerestorationgarlandtx.services
593568,webinnovativepoint.com
593613,wepro.ai
593660,whtasphb.com
593664,woodkitchencountertops.com
593723,winwinkit.com
593771,webmarketingsol.com
593807,waxyjenja.cfd
593812,witt-weiden.ch
593819,wargameportal.com
593957,wiai.de
593961,webtop.co.il
593971,whiteproxy.net
594099,wownet.co.kr
594185,waynabox.com
594302,wlw.ch
594318,winningwp.com
594333,westcottcourses.com
594426,wodwell.com
594490,webprovider.ru
594604,wpcdns.com
594630,webfasterhub.com
594682,whblchb.com
594786,worldofwebcams.net
594884,wpmarmite.com
594912,web-lance.net
595011,wildsnow.com
595028,wu-wangshangliao.com.cn
595041,werkenbijsynergie.be
595092,wisptales.org
595095,webexp-ipqa-alta.com
595123,warnerbros.be
595128,witricity.com
595151,wanddigital.com
595154,widehub.de
595193,whqicheng.com
595207,webcams.su
595235,wou.edu.my
595270,wando.go.kr
595322,wtm.uk
595328,wenhaixiaoshuo.com
595338,websitegarage.com.au
595351,wecode.ro
595386,watchrepairtalk.com
595458,winningpokernetwork.com
595480,wingsconnect.aero
595499,whitecorals.com
595532,wiener.co.rs
595538,wolkenseifen.de
595625,wellcum.at
595637,webcontainer.io
595653,webadv.it
595657,watdisk.com
595674,welovemma.de
595730,weruva.com
595756,wlzq.cn
595761,windmillworldcommunity.nl
595766,wwindea.org
595785,wikibin.org
595788,weargustin.com
595851,wetter-niederrhein.de
595912,warg.org.au
595915,wakkerdier.nl
595983,wanima.net
596006,wellwisp.com
596060,wrsauto.it
596120,washingtoncountyinsider.com
596157,worldagentdirect.com
596172,widepath.us
596178,wardenplay.co.uk
596179,wusuelectric.com
596190,wldns.net
596227,wmslk.com
596259,webtors.com
596269,wohnwin.store
596298,wincapweb.com
596320,wosign.cn
596352,wi-fi-gen.com
596387,worldtimeseuropa.nl
596406,weingasthof-osthofen.de
596439,wpleague.in
596473,wsbathcollections.com
596501,webserv.pro
596502,winjpower.com.tw
596516,www-xnxx-sons.rest
596519,weisseflotte.com
596526,whois.ru
596528,winmasters.com
596542,walbrzyszek.com
596551,webwizhost.com
596589,westealfromoldpeople.com
596648,wildfact.com
596688,webbase.net.nz
596752,wevoteproject.com
596779,world.net
596838,wire.tech
596892,writingshare.com
600121,waaaaa.me
600122,wakan.shop
600123,wakefields.co.za
600124,walita.com.br
600125,walled-garden.com
600126,walmart.com.hn
600127,walmart.com.ni
600128,wanahong.co.uk
600129,wanwuu.com
600130,wanyiwan.top
600131,warungsatekamu.org
600132,waseel.com
600133,wassyl.pl
600134,wataa.io
600135,watch-a-porter.com
600136,watchrepublicshop.com
600137,waterdrop.fr
600138,waterdropfilter.co.uk
600139,wazen.eg
600140,wba.com.br
600141,wbet288.com
600142,wblbeauty.com
600143,wd-gold.net
600144,we-can.co.jp
600145,wealthadvisor.co.jp
600146,weaverlivestock.com
600147,web-explore.com
600148,webcidadao.com.br
600149,webdispecink.cz
600150,webgate.no
600151,webull.co.th
600152,wecanrace.it
600153,wecapture.life
600154,weclever-dental.com
600155,wee.no
600156,weibook.co
600157,welovetohearyou.com
600158,wendytrendy.com
600159,wenpab.com
600160,weroad.es
600161,westannouncements.com.au
600162,westexpress.lt
600163,wetspottropicalfish.com
600164,weyivideo.com
600165,wfgtech0022.com
600166,wgwowgames.com
600167,whatismyip.com.tw
600168,while1.biz
600169,wickbold.com.br
600170,widziszwszystko.eu
600171,wifi-uganda.com
600172,wildhunter.ie
600173,winds-score.com
600174,wintv.pe
600175,wisemove.co.za
600176,withnews.kr
600177,wlconlineauctions.co.uk
600178,wn01.cfd
600179,wn01.shop
600180,wolfcrm.es
600181,womance.ca
600182,woodsala.com
600183,woori.com.vn
600184,wordibly.com
600185,workguru.io
600186,worksorted.com
600187,worldwideworld.kr
600188,wow.one
600189,wowgame.jp
600190,wowmasti.com
600191,wowtea.eu
600192,wrobuv.cz
600193,wrplss.com
600194,wurth.rs
600195,wurth.se
600315,web6.ru
600342,wtaw.com
600386,writingo.net
600421,wie-schreibt-man.info
600493,whbfurniture.com
600500,workhouses.org.uk
600527,winggosoft.com
600557,weaponblaze.co.uk
600609,wineanthology.com
600618,winestory.com.ua
600698,warhammeronline.com
600755,wang-fat.com
600802,wrsa.ru
600809,w500-ph.com
600835,wordlewebsite.com
600972,walkthroughs.net
601009,wotperformanceparts.com
601029,webmedcentral.co.uk
601047,woodwardenglish.com
601270,whitesandstreatment.com
601299,wtv248.com
601323,wildlifecontrolsupplies.com
601335,worldcast.tv
601339,winkelsave.nl
601346,win8987.com
601349,wholehost-server.com
601350,wwoof.fr
601358,writerslife.org
601392,webemulator.com
601442,weltderrabatte.de
601459,winalist.fr
601467,wafl.com.au
601471,wpchill.com
601537,westnet.at
601610,workzonenest.com
601650,worldnumismatics.com
601675,westgatech.edu
601760,weareeverise.com
601767,wanshuiwaterjk.com.cn
601827,worldreligionnews.com
601839,www.govt.nz
601850,whm01-insidesign.com.br
601900,westshorehomebaths.com
601926,webnovazone.com
602021,wikitox.org
602073,wkuherald.com
602132,whereyoulivematters.org
602135,wa9k.com
602161,winbaycasino.de
602176,wiringpi.com
602231,wje.com
602273,wunschkind-community.de
602314,wittkiel-gruppe.de
602382,wolf-heiztechnik.de
602446,wingon.hk
602472,waterapp.ru
602522,whitsundaystourism.com.au
602555,win222zf.vip
602602,websummit.net
602676,wgna.com
602697,we-joined.ru
602716,wpinjobs.com
602778,wxphoto.com
602955,web.ro
602981,wienaustria.com
603015,wildbunchfest.jp
603022,wheelchairtravel.org
603042,w3dhub.com
603069,wordgamehelper.com
603080,wmc.shop
603087,worldchefs.org
603097,wcup2026.org
603126,wopet.com
603131,whiteandwilliams.com
603143,waynepotash.com
603146,woowoowoowoo.net
603160,whirlpool.eu
603162,winemark.sk
603350,warnervideo.com
603437,weaudition.com
603463,webaward.org
603480,win22200.com
603575,williamsbakery.life
603603,worksheetworks.com
603615,whathouse.com
603657,west-holding.com
603722,worldofbongs.co
603733,watchbronze.com
603740,worthingtonagparts.com
603757,wzzp.com
603808,whitening-shiroiha.com
603810,wrde.com
603951,whatsappfilter.com
603962,walshcollege.edu
603965,wrkz.work
603990,wbj.solutions
604027,worldtruckpart.com
604063,webzine.com
604098,wbwq.shop
604171,waudit.cz
604184,wiki-anjou.fr
604191,www-xnxx-fuck.rest
604209,winbragroup.com
604210,westriv.com
604224,wowauctionguide.com
604241,wjekenx.online
604305,wyswgb.com
604344,whichbook.net
604388,walletone.com
604420,w2script.com
604440,workforcegps.org
604457,wxhc.com
604497,weneverbeenfree.com
604498,whereisthebuzz.com
604520,wagestream.xyz
604523,wpsetups.com
604554,warehouse115.com
604573,wtsinternational.org
604707,wsiz.rzeszow.pl
604753,widerfunnel.com
604814,wooricasinos.info
604837,wes.org.uk
604848,win88-ph.com
604898,wikitropes.ru
604908,wearestillin.com
605044,watertownct.org
605124,websci17.org
605153,wsb.com
605172,wetterochs.de
605229,writerbronze.com
605305,wirenine.com
605324,wavesecure.com
605477,webmagicnetworks.com
605617,workingsystems.com
605771,worldenergy24.ru
605788,wucherpfennig.de
605790,weather-club.gr
605850,wahpetondailynews.com
605854,wendywutours.com.au
605864,whirlpool.co.jp
605907,winner.co.mz
605924,whataform.com
605942,wienerwald.info
606221,whitebilisim.com
606224,wikiislamica.net
606242,wingtable.net
606314,wifijogja.co.id
606363,waddensea-worldheritage.org
606419,wcd.im
606424,waterforex.com
606441,wheatlandlacrosse.com
606522,wiesn.tv
606552,webnow.vn
606557,wave2wave.com
606574,wg365.org
606604,wishbob.com
606634,wembleypages.co.uk
606636,wellnessbetter.com
606751,whatcanidowiththismajor.com
606835,wearemonkeys.com
606846,wincompose.info
606855,writershelpingwriters.net
607013,woobs.com
607068,wircn.com
607148,whatsfordinner.co.za
607155,wassertemperatur.site
607269,webemail24.com
607296,webmaster360.it
607549,wifiplex.ca
607550,wipo.net
607551,wxdsdjx.com
607638,worldcarkianorth.com
607681,woot.ro
607686,wiin.io
607729,westsib.ru
607846,wrsystems.com
607856,widefern384.shop
607858,wslivehls.com
607860,weinkleid.at
607861,water-house.net
607894,webtessa.com
607945,wdt.edu
607961,webmath.com
607966,wemall.com
608006,wthgis.com
608033,wlstock.com
608060,willmottdixon.co.uk
608064,woay.com
608081,withlove.tv
608168,winxtoon.com
608174,wilsondo.sk
608186,watersafe.fr
608241,wlsistemas.com
608284,win63.app
608290,wwwxnxx.club
608313,webcam-chat-xxx-room.com
608391,web123.ru
608511,wentworthmotors.co.uk
608551,wozber.com
608582,webrider.ru
608632,wellcleancarpetcleaning.co.uk
608657,wheat-free.com
608671,wingie.ae
608674,web-array.net
608771,west-host.ru
608791,wanbaoplastic.com
608794,worldcon.org
608820,wctype.com
608860,wowgirlsblog.com
608920,weproserver.com
608944,website61boxs.top
608959,wirelesstag.net
608969,wajanterbuka.com
609038,widehub.us
609062,webcam-sites.com
609090,wikisend.com
609173,westmercia.police.uk
609377,wwf.no
609507,wetwebmedia.com
609532,win365casino.com
609549,webshopmanager.com
609553,westlondonsport.com
609555,wlinktech.com.np
609556,worldeventsmonthly.nl
609565,webtent.net
609584,www-xxx.cc
609762,wisecampaign.org.uk
609774,website66describe.shop
609790,workin.space
609890,web-metrics.ru
609986,winwinprice.co.kr
610008,wuess.com
610033,wunschlicht.com
610096,wenxuefeng.com
610139,walmartchile.cl
610413,wukongshipin.com
610419,writing-world.com
610428,wtspatent.pl
610502,wearlila.com
610517,whotargets.me
610540,wackysketch.com
610585,weukraine.tv
610638,wilminktheater.nl
610768,wps-win.com
610917,wumee.com
611147,worldsbesthosting.com
611160,webcamo.com
611198,worldpantry.com
611271,wds.net
611376,win678.co
611395,wellcard.at
611398,wjol.com
611448,webedia.com.br
611513,web86faces.shop
611531,wittkieffer.com
611555,wysiwyg.de
611584,wifi4india.com
611609,wordleplay.com
611612,webkamery-krkonose.cz
611618,w4gn3r.ch
611631,webdesignfirmshub.com
611707,wecity.com
611775,webstatic.lol
611804,wilddaters.com
611863,watsup.in
611869,womaan.ru
611892,waterqualitydata.us
611922,worldwideclock.com
612679,warmtebeheer.nl
612680,waysport.ua
612681,webdeogren.com
612682,westhamonline.co.uk
612683,wilsondo.hu
612684,wingstuff.com
612685,worldbox.pl
612686,worldi.ir
612687,worldofasaya.com
612688,wurth.com.ar
612879,wittenberg-net.de
612944,wetter-bw.de
613077,winsoft.lk
613094,wyndham.vic.gov.au
613227,wideopen.net
613229,worldpost.co.uk
613309,wako-dou-store.com
613425,wheelz.me
613431,wataniya-palestine.com
613476,wub.edu.bd
613548,worldtimes.co.jp
613576,wellnessrise.us
613616,whatcomkidinsider.com
613639,wrigley.com
613642,worldcam.live
613647,world-energy.org
613660,wenyuzhan.com
613683,weekendscreenclub.co.uk
613694,wmi2.net
613695,washburnlaw.edu
613704,w.com
613788,wellabe.com
613819,weavaniyasarees.com
613830,wizjalokalna.pl
613864,wbu.edu.cn
613941,wpseoai.com
613946,wildlifeauctions.co.za
613988,wccc.co.uk
614000,wpnovin.com
614017,wearechief.com
614047,wwctrials.com
614089,whimsicalwonderlandweddings.com
614150,wubi-installer.org
614207,wmuk.org
614266,worldspice.com
614269,weddingphotographers.ru
614308,webmention.io
614311,wmht.org
614455,webgraficas.com.br
614474,windows-noob.com
614475,websguardian.com
614561,wildcard.net.uk
614589,whiftec.com
614594,web200.eu
614632,williamfry.com
614717,worldviewweekend.com
614741,writinglaw.com
614757,wilsonnc.org
614790,whiskyhaus.de
614867,wisdomonline.org
614916,webmarketinghost.com
614930,wixidns.com
614931,woodmanlivecams.com
614997,warnerbrosdesignstudio.com
614998,wingsdk.com
615007,wirthshof.de
615047,wrestlinglive.in
615195,wywiwyg.net
615235,westerncornerfinder.nl
615243,whosonthemove.com
615284,waxa-direct.info
615397,webmaster.company
615429,wizardgain.com
615452,watermarkbooks.com
615488,weareholy.com
615499,wvf.su
615510,wraith.software
615514,win7999.com
615520,whimsicalwanderings.co.uk
615603,win2888asia.ink
615632,webnum1.com
615639,w5a.net
615744,whatwpthemeisthat.com
615746,wenwuchina.com
615765,wowfreecn.com
615847,weinsteinco.com
615853,werbung.sh
615873,winnerline.co.uk
615890,waagenshop.biz
615915,webreus.email
615957,weine.de
616041,wetpussyporn.com
616060,weboryx.com
616062,wplt20.com
616084,watchman.org
616155,waja33.fun
616196,weltbet.com
616267,worldwish.org
616275,wvdn.com
616294,webtypography.net
616356,wknofm.org
616392,wedlinydomowe.pl
616423,winnipegasians.com
616428,withstechnosolutions.co.in
616542,wingsofwar.org
616569,wisetracker.co.kr
616582,wwcricket.com
616630,wizard.games
616676,wissensache.de
616764,wearefeel.com
616766,witron.de
616775,wonk.study
616798,woodlandcreekfurniture.com
616799,weleda.co.uk
616817,wir-liefern-getraenke.de
616911,winnipegchinese.com
616981,webcarstory.com
616996,websomapecas.com.br
617005,wsg.gov.sg
617027,wettermin.pl
617028,wopilo.com
617036,wilminkengineparts.com
617061,weconact.de
617070,webcentral.au
617097,wfc.tv
617163,wblicensedadvertising.com
617188,wellgainelectronics.com
617211,wisehrd.com
617243,winstoncigarettes.com
617271,webjigi.net
617292,welleniederrhein.de
617376,w7fe35.com
617386,weixiaodian.com
617416,wintermute.com
617417,wisebytesguide.nl
617442,with.in
617494,woolacombe.co.uk
617522,webhost.hk
617553,worldtruth.tv
617554,worldreader.nl
617625,weathernerds.org
617668,wielerkrant.be
617673,web1337.net
617704,webarena.com.au
617759,webmediatec.net
617795,wxsenqian.com
617953,weact.org
618014,woodie.dev
618056,wer.ee
618166,wdfdhfcjgkv.com
618172,wildlondon.org.uk
618284,worldvillage.com
618305,wildwoodguitars.com
618308,warenberater.de
618404,worldhockeygroup.com
618411,webstream.eu
618479,watchforum.com
618509,winning-plus-ph.com
618536,wewillormiston.co.uk
618560,workerstohire.com.au
618603,widsmob.com
618608,webehighs.com
618638,westsidetoday.com
618765,watpad.su
618783,wouldyourather.app
618795,wortfilter.de
618796,wellsmedia.com
618797,weibplus.is
618813,wildernessfestival.com
618840,webyapi.com.tr
618956,wargo.jp
619006,wego.com.tr
619061,wizzapp.com
619122,wallbtc.net
619174,wx.lt
619175,widda-berlin.de
619212,waa2.co.id
619242,wiltshirehosting.com
619264,wfgtitle.com
619438,weipinwang.cn
619446,weatherengland.com
619456,weddingskypopcards.com
619526,weathermodelauncher.com
619532,westernunion.ru
619685,wgbot.top
619686,wgygedu.com
619687,worldtime.cc
619791,wcdn.date
619792,webdanfe.com.br
619793,wheelsasap.com
619794,winmstsc.com
619795,worldgolfcarts.com
619796,wpamushroomclub.org
619913,wcthelp.com
619914,webdock.tech
619915,winnipegbahais.org
619983,worldcarawards.com
620007,wavesplatform.com
620024,website44evidence.shop
620055,wallgrind.net
620066,westerninvestor.com
620102,webtrees.net
620209,whois.gg
620253,wp101.com
620389,wanhongzs.com
620471,widepoint.de
620513,withmuu.com
620534,wanderlustwrites.co.uk
620535,wandzeitung.xyz
620640,winx96.com
620653,walrusmagazine.com
620708,wuerzburgwiki.de
620712,western-systems.net
620733,wrcnet.net.au
620758,wizlearn.com
620790,wmd-dns2.com
620888,wgdhost.com
620898,winload.de
620969,web-store.kr
620980,wemshowcase.com
621005,welion.it
621040,wenshuguan.com
621065,wowtrk.com
621105,wchost.com
621173,williamstech.net.au
621211,which-50.com
621263,whimsyard.com
621325,wecandeo.com
621334,wertigon.com
621355,webetdesign.com
621369,wandoo.es
621376,workpilothq.com
621454,world-of-photonics.com
621499,wumaso.com
621534,webcafe.net
621539,wsaib.pl
621579,wagner-autoteile.de
621596,warenexperten.com
621639,widex.org
621661,wimdu.es
621666,windsorhoteis.com
621676,weltnetz24server.de
621824,wialon76.ru
621906,weplayvolleyball.cz
621959,wows-gamer-blog.com
621970,wjdaily.com
622022,wolke11.ch
622079,wineasy.se
622099,webplus.com
622124,wizpanel.co.kr
622143,websecuritas.com
622171,wwoec.com
622190,wholesalesuiteplugin.com
622196,widepath.ca
622199,willing-sky.xyz
622226,wretchedadvantage.com
622292,webhosting.st
622314,watcheezy.net
622319,woodcraftsman.ru
622324,wtsoftware.com.br
622339,wildplay.com
622340,wittmann-group.com
622412,westernmusicstudio.nl
622421,woojer.com
622541,wbpwd.gov.in
622570,wegotlites.com
622657,world-check.com
622708,webvaluegroup.com
622730,wetsuitoutlet.fr
622782,whatiseven.com
622895,wearetechwomen.com
622936,weightydesire.com
622966,wb-fernstudium.de
622971,w2m.travel
622999,wallz.gg
623000,wcc-coe.org
623002,writerzen.net
623020,weblcg.com
623080,wiener.hr
623101,wxgjr5.cc
623114,wumvpn.ru
623137,wiredtunes.pl
623140,wcnx.org
623165,winn.ai
623180,worldwidelearn.com
623189,webgidsje.nl
623205,withaiforchrome.com
623210,witvisforum.be
623427,weekendunlimited.com
623508,wanhu888.com
623544,worknowapp.com
623598,weldosy.com
623602,wtb.bio
623610,webink.cloud
623634,westmotors.ru
623664,warpfootball.tv
623685,worleyparsons.com
623720,wissenhafen.de
623723,worldofcoffee.org
623765,webkanal.de
623820,wavewatch.top
623821,wooflash.com
623829,winnerzslot.sbs
623839,webunited.net
623880,ws1lite.com
623910,watters.com
623918,woerwagpharma.de
623961,wifi-rental.com
624013,winbs5.com
624030,wikiplast.ir
624204,withone.ai
624307,wallingfordschool.com
624340,widezone.net
624341,wtdns.de
624453,wir-lieben-deutschland.de
624464,wurl.bio
624511,webtech.com.tw
624524,winnerhub.co.uk
624593,winmatrix.nl
624639,wpseo.it
624661,worldhack.com
624717,winnerearth.com
624732,winnerzslot.pics
624796,warlegend.net
624898,wasdkeyboards.com
624918,whyfacebook.com
625362,watchbuys.com
625363,weekseries.tv
625364,worldofmusic.ir
625365,wtscorporate.com.br
625410,warnamedia.club
625443,wpmoji.org
625450,wmc.nl
625526,wafgamers.com
625540,writersunion.ca
625617,wtg.pt
625618,wuopo.com
625661,wartaindonesia.org
625709,weboffice.ch
625741,www.you
625828,wikidevi.com
625847,wordsalad.online
625877,waterfilterexpert.nl
625894,webelinxgames.com
625906,webdesignjini.com
626018,wliinc15.com
626021,wmpslic.com
626039,what168-th.com
626058,wehuntedthemammoth.com
626067,welcommo.com
626082,webservers.gr
626145,webtend.net
626259,why-choose.com
626336,wzdtdt.com
626353,windows10spotlight.com
626358,worldgaming.com.br
626479,wigwam.com
626495,wangzhengcp.com
626500,wawican.com
626539,worldstarhost.com
626568,wurzel-performance.com
626589,weldingandwelder.com
626724,wzzff.com
626773,warrencat.com
626774,wilsumerberge.de
626896,wikisport.cc
626952,wikium.tech
627007,wlanbanlv.com
627050,wlingua.com
627053,worldmax.in
627100,wire-tradefair.com
627101,wsuraiders.com
627135,wpr24.pl
627247,westfax.com
627270,whiskymuseum.at
627308,wenjuanjun.com
627341,wp-eventmanager.com
627353,warsaw-trend.eu
627364,wincountry.com
627392,wissol.ge
627414,wondershare.tw
627427,wasgau.de
627432,wattson.ru
627484,wmctjd.com
627712,wallfahrten.ch
627730,w3erp.com.br
627845,whitehousemuseum.org
627854,worldinout.com
627880,windata.de
627945,wihclicks.com
627967,wall-bookmarkings.win
628067,westengw.com
628099,windmilladvisornetherlands.nl
628117,woundalipio.click
628137,wordmark.it
628145,webmoney.jp
628177,webcanny.com
628194,webreporting.ch
628209,wconline.com
628222,westjofmp3.com
628332,wer-kennt-wen.de
628361,wolfblass.com
628408,wirtschaftszeit.at
628441,wasmtime.dev
628521,wherevent.com
628569,w1hkj.com
628621,webdentaku.com
628622,wermelskirchen.de
628626,webdivision24.net
628653,wssdnsonline.com
628746,webappers.com
628779,wetzels.com
628826,water-technology.net
628842,wr.com
628856,weltimkrieg.net
628904,worldscopeweekly.nl
628966,winround.co.uk
629033,wjinternet.com.br
629048,webdev0.com
629100,wf-hotels.ru
629103,wurmkiste.at
629748,westports.com.my
629749,wild-dose.com
629750,wnacg05.cc
629751,worldfleetlog.com
629969,waragod.hr
629970,webrental.org
629971,werkenvoor.be
629992,wscal.edu
630137,wesfarmers.com.au
630166,wallstreet.io
630213,wisenetworkzone.nl
630215,womanka.com
630269,wg01.ru
630384,whfr.fm
630404,waterboxaquariums.com
630411,wita.org
630432,worldtimes.cn
630444,wellingtonsquarebooks.com
630481,wilkescountyschools.org
630500,whipdsocial.com
630524,winplan.de
630566,want-some-push.com
630588,wheelwarehouse.com
630620,wenshugu.com
630655,wordsohard.com
630663,wordpresszuerich.ch
630664,whistlepigwhiskey.com
630677,whittington.nhs.uk
630723,whirlpool.com.hk
630757,wm55.co
630767,webrankers.co.uk
630775,wlwalker.com
630834,wieringernieuws.nl
630842,wikitechlibrary.com
630845,wokernot.com
630849,winshark.com
630984,world.co.uk
630990,we-van.com
631068,wavespeed.net
631118,wesmckinney.com
631175,wearform.com
631319,web-piscine.com
631351,wanted5games.com
631374,wicamps.com
631386,wilsonweb.com
631418,writework.com
631443,waxcommcloud.us
631457,wenkuxiazai.net
631463,westgroup.com
631484,wpa.org.uk
631527,wettbewerbe-aktuell.de
631622,wldns.eu
631707,writemob.com
631744,wonderbuuk.com
631796,wjq.gov.cn
631815,wowforbusiness.com
631820,wanhankoulunpuoti.fi
631849,wtfpeople.com
631857,wtiaradio.com
631888,waffen-online.de
631906,wasm.sa
631922,webmaker.pl
631934,walkingclub.org.uk
631944,westtxweb.net
631953,worldofkink.com
631956,worldwater.org
631960,workbay.online
631980,webike.ph
632030,wans.com
632100,websystem.gr
632103,wellclicks.com
632113,wtdtelecom-ba.com.br
632181,weekend-billiard.ru
632226,wincloudpms.net
632227,wingene.games
632268,webhanlim.co.kr
632289,whmserver.net
632359,worldbeerawards.com
632466,willtheyfit.com
632504,wingingitinmotown.com
632509,websitebuildersites.co.uk
632602,wildwingsphotography.com
632619,winity82.ru
632684,workersrights.org
632725,wasteremovalusa.com
632758,wangbaml.com
632765,warwaris.at
632905,wutapp.ru
632911,wildreelmania.com
633013,wendu.com
633051,womeninc.nl
633061,wetsuweten.com
633084,woolleyandwallis.co.uk
633116,wallaceallan.co.uk
633133,wbpserver.com
633177,wwwnerds.de
633178,woomie.gr
633180,wezzoo.com
633248,wishatl.com
633313,webcam-4insiders.com
633342,wmh-ns.de
633351,white-cloud-103.space
633378,www.sa.gov.au
633398,wiberrentacar.com
633406,w-m-sport.li
633426,wbtechnology.net
633478,wenlin.co
633497,whiterosehobbies.com
633599,wldns.es
633620,waldhof-archiv.de
633640,winstar.com.tw
633770,wbdndc.net
633810,waa2.es
633812,webmonger.net
633813,web904.com
633842,websitebuilder.com
633890,webbsdirect.co.uk
633910,witcp.com
633930,wako.lg.jp
634002,winflix.net
634035,washdiplomat.com
634043,webrost.ru
634055,webunionadmin.co.uk
634057,wildlinens.com
634059,weeklyosm.eu
634150,workpath.com
634176,websms.com
634231,weblike.jp
634253,wunderlabel.com
634269,werktijden.nl
634306,webforward.gr
634383,woodloch.com
634395,www87hg7.cc
634466,woshizhongguoren.app
634471,waternsw.com.au
634477,waikikitrolley.com
634558,wordoid.com
634580,worldofvegan.com
634640,worthword.com
634711,wheelers.co.nz
634739,wordhelp.ru
634789,websitego.com.br
634836,wnhub.io
634859,walkeritg.org
634916,wdscomponents.com
634953,wgcserver.org
634974,westcon.co.uk
634979,wpcuonline.net
635001,weikailai.com
635051,webboard.org
635081,welcometotwinpeaks.com
635124,wonen360.nl
635130,wisp.net.au
635134,wow.pt
635139,worldexecutive.com
635147,webcorecloud.com
635239,webware.com
635253,wellsholdingsinc.com
635290,wienerberger.be
635293,whoswho.de
635411,whygrouponline.it
635446,worldarenadenhaag.nl
635472,welbe.co.jp
635484,weidmueller.de
635497,worldclassink.com
635508,winity999.ru
635526,wombocombo.gg
635561,wichitalibrary.org
635635,woffordterriers.com
635846,wework.co.in
635877,waterguru-api.com
635892,wagenschenke.ch
635917,wmkick.eu
635981,wkraj.pl
635988,wplus.net
636044,wiseselectprime.nl
636089,whc.hu
636200,woread.com.cn
636283,writewithchorus.com
636293,wedefendthevote.org
636357,wincrown.nl
636391,wolverhamptonpages.co.uk
636395,weturing.club
636412,wvec.com
636431,woodwindforum.com
636560,wolfswinkel.dk
636570,welcometofios.com
636686,wemagineai.com
636697,whacksports.com.au
636710,wkn-datentechnik.de
636715,wilbox.fr
636719,wafasalaf.ma
636807,web-server1.com
636876,walser-subaru.com
636895,webport.de
636901,werock.bg
636903,wowang.net
636927,web-calendar.org
636952,wederm.com
636953,wsa-global.org
636965,wowthemes.net
637010,wetmummy.com
637032,webhelpforums.net
637092,wiv-isp.be
637143,wirteksrl.it
637144,worldtoilet.org
637159,wesroc.net
637171,winspirit-de.com
637191,webhost1.vip
637248,wiser.com
637272,wayforward.com
637316,webrenard.net
637367,worldwine.com.br
637368,wodagroup.com
637484,webring.ne.jp
637566,wlzb.net
637613,widemark.de
637705,weddingdressfantasy.com
638211,wacoalindia.com
638212,walnutcreekfoods.com
638213,webautoparts.lt
638214,wikiias.com
638215,wingulamashahidi.org
638216,wowbbq.co.uk
638233,wembleypark.com
638276,wclbd.com
638322,webhdns.net
638326,wikisport.info
638354,wequilt.com.au
638361,wicketcast.co.uk
638418,webquake.com
638428,wendoverfun.com
638432,wordgraf.com
638436,westwindweb.net
638444,whoer.cc
638470,wifi-france.com
638553,win654.click
638558,whitedoorsandco.com.au
638600,wrswebsolutions.com
638693,workshopplus.com
638719,websitebricks.com
638783,wildsinodeutschland.com
638833,wifi188.com
638846,whiteheads.biz
638887,wineworksonline.com
638928,webtoolkit.eu
638937,wh3.com.br
638939,wanderingwheatleys.com
638973,wlct-three.de
639231,wiseadvice-it.ru
639254,www-com.co.uk
639286,webcamcollections.com
639319,wogswtm.com
639347,wpnaffiliates.com
639352,whatdigitalcamera.com
639371,wdbos90.com
639423,web-parts.com
639588,werepairprinters.ca
639618,whaee.com
639644,wited.com
639651,watertower-music.com
639693,wellporn.com
639711,workandtalk.ru
639823,wynnlv.com
639921,wesdschools.org
639958,we-tencent.click
639973,wisesociety.it
640000,worldwidechocolate.com
640025,wildberries.global
640026,worksome.com
640067,webdashcenter.com
640098,wattedoenin.nl
640124,wordhero.com
640132,wallpaper.news
640144,wwwporn.biz
640168,webhostingers.com
640171,weitzlux.com
640211,webbuilders.com
640234,wheelock.edu
640249,woodshopdiaries.com
640252,wickham43.com
640255,webtalkradio.net
640265,waveformlighting.com
640459,westream.watch
640460,wobblerek.com
640560,wildearthguardians.org
640575,wirehub.net
640641,whatismypublicip.com
640681,wertgarner-wels.at
640733,warpfireminis.com
640739,wienerberger.pl
640811,wptasty.com
640813,warwickjones.com.au
640815,webkitgtk.org
640895,walker.co.uk
640909,weekendshow.co.uk
640963,we7.com
640964,wgkbsww.cn
640990,wagenbaugrabs.ch
641075,watchanime.video
641081,wwdead.com
641087,webedia-group.org
641106,watchpat-one.com
641164,webdmonitor.io
641192,workcompcentral.com
641274,wluml.org
641304,watchstreamhd.com
641314,wavespas.com
641336,workersshop.com.au
641355,worldfloristassociation.com
641379,wiggin.com
641424,winhq-ph.com
641447,websiteserver.uk
641448,wellyx.com
641494,wearts.ru
641585,wongcilik.co.id
641600,whiskeyventuresllc.com
641640,webbsmotorcycles.co.uk
641712,wpruby.com
641801,winbeast.com
641821,wizkhalifa.com
641838,wku.edu.cn
641840,withvegas.com
641875,weldingplaza.com
641876,wifewc.com
641919,walser.com
641974,whatmeanings.com
642477,wekids.com.ua
642478,wine0222.com
642479,wlext.is
642480,wvsd.org
642641,warha.ru
642642,witt-international.nl
642643,woolbox.co.uk
642644,wovenwood.co.uk
642650,wendaifu.com
642771,wallacecotton.com
642772,whif.com.au
642773,wskz.pl
642774,wurth.ua
642795,wwwxvideos.cc
642839,wartimememoriesproject.com
642881,wellnesskliniek.com
642889,wespeedy782.shop
642896,waaw.to
642906,westnilebiz.com
642922,warmglass.com
642924,worldvision.org.hk
642954,wowteleserye.com
642973,whatkatewore.com
642978,womenshealthaz.com
643000,wic-net.cz
643026,wholesalebeads.com.au
643027,worldwatchmonitor.org
643066,wemjournal.org
643077,wdpdk.link
643114,wirelesszone.com
643145,worldvet.org
643171,wseengine.com
643178,w201.casino
643196,webgdl.com
643243,webmasters.ru
643290,webhostingtalk.pl
643342,waragod.cz
643343,wasedarugby.com
643344,wastenot-official.com
643412,webstartup.tr
643427,wisetekmarket.com
643438,welbox.com
643463,webstrikesolutions.com
643466,whapplepay.com
643507,wanderluststorytellers.com
643511,williamoslerhs.ca
643636,webdew.net.au
643679,webcampussysex.com
643687,wyprawyrowelove.pl
643688,webhostech.com
643792,webbfenix.com
643795,www57c966.com
643836,wanc.com
643867,wahdachat.com
643897,wildguitars.co.il
643957,wizzley.com
644023,ware-gans.net
644086,wolfenstein.com
644135,wasp-servers.com
644150,watch-movies.live
644152,watersoftenerplus.com
644304,wwf.org.za
644318,wptravelenginedemo.com
644323,weirdnj.com
644340,woxikon.pl
644386,wgel.com
644397,walmart.cl
644404,wujijiasu.com
644532,wolun6.com
644533,worldofsewing.com
644534,wvdy.shop
644556,weaccess.ai
644621,weidmuller.com
644647,wifexxxpics.com
644655,wfimc.org
644684,wng.net.id
644740,weekend.lv
644760,wdwbingo.co.uk
644762,winzer.com
644767,wheda.com
644782,willdomarket.com
644804,wstreet.com
644819,wessexarch.co.uk
644839,wj-evo.com
644862,wwnet.fi
644911,webhostinga1.com
644967,wwiimemorial.com
645052,www3secure.com
645074,wincred.digital
645093,whpjewellers.com
645094,windandsea.jp
645099,web4u.jp
645196,wowchemy.com
645218,womenstennisblog.com
645231,worksinprogress.news
645296,wxcu.edu.cn
645308,woxav.com
645374,widecorner.de
645377,worldclassroom.app
645406,webmepage.com
645478,winzogames.com
645516,website61exactlys.shop
645528,wallsandhome.dk
645561,wheelchairwala.in
645563,wavestatix.org
645665,weijntjes.nl
645671,weespernieuws.nl
645681,wolftreasuresplay-au.com
645729,williamsnews.com
645748,westernmorningnews.co.uk
645801,westernviewrealestate.com
645811,wmctv.com
645824,welcome-to-sodom.de
645869,weti.net
645918,winheller.com
645950,winezja.pl
646092,weloveshopping.com
646093,wsup.ai
646119,whitemountainshoes.com
646120,wisconsinrightnow.com
646150,windsorfinejewelers.com
646217,weknowgovernment.com
646251,woodlineparts.com
646252,webdelsol.com
646286,wap-gg-poker.com
646323,westcentralonline.com
646373,wolfnet.pl
646374,wsbserver1.co.uk
646443,whitelabs.com
646455,worldfooddeals.nl
646472,wowhugeboobs.com
646501,woax-it.at
646568,watchgirlsforum.net
646599,whoistory.com
646605,westernacher.com
646644,whennaturecalls.nl
646663,wxgyxy.edu.cn
646743,webapi.network
646744,wkvi.com
646780,wines-info.com
646814,wishgofox.com
646825,whiteelegance.com
646870,wordpress-rets.com
646879,warsawka.eu
646884,wequ.ru
646896,weldwheels.com
646920,wallgrind.eu
646940,webdesignseobirmingham.co.uk
646960,wedoo.gr
647007,widepresent.pro
647061,wellcarveiculos.com.br
647094,wchscu.cn
647163,winair-static.com
647179,winchestercollector.org
647191,wheel.health
647196,webull.ca
647232,watchbetter.com
647258,wigomotors.com
647305,wolflubes.com
647325,wmhost.org
647341,whistlepunks.com
647375,winpkr.org
647383,weplaybasketball.ro
647406,worldtimequery.com
647416,woodbests.com
647550,webpa.com.br
647596,wxbhhw.com
647660,wiresoft.com
647687,wada-denkido.net
647706,whiteblazehosting.net
647790,wlcshop.co.kr
647829,webengr.com
647882,worknest.tr
647884,webexchange.nu
647896,welldoing.org
647928,wabbajack.org
647979,wickedpleasuretube.com
648053,winstoncountyrevenue.com
648130,watcheebox.net
648167,wizard1.info
648192,weezy.com.br
648206,wellbeingofwomen.org.uk
648217,whatkatiedid.com
648222,weather15days.in
648259,werf-en.nl
648308,weevi.com
648329,warsawbyboat.pl
648462,webmediapowersllc.com
648476,wnetcom.com
648487,wmhost.ru
648561,weadultshop.com
648579,wpac.com
648593,worldrecordacademy.com
648615,wlonk.com
648624,webpro.ro
648644,webplusshop.com
648652,wallgrind.be
648704,wikianimex.ru
648727,wvva.net
648823,windev.es
648832,wanderingbull.com
648847,wereldtuinenmondoverde.nl
648895,wmd-servers.com
648922,wheretraveler.com
649039,westford-systems.icu
649044,workithealth.com
649121,worldradios.app
649148,webdesignum.cz
649162,wanye68.com
649166,widgetopia.io
649174,washconnect.com
649232,wealthandprotection.net
649282,wk88.fun
649318,worldcarhyundainorth.com
649363,world-of-smilies.com
649392,widecrestway.us
649397,wetbbwporn.com
649401,weltpixel.com
649482,winshark1.win
649549,wasserbauer.at
649646,warsawski.eu
649735,wisehost.se
649741,windows95.com
649772,wynnpalace.com
649881,withlanai.com
649937,wapkizs.com
649950,wtclh.com
649956,widepathway.ca
650022,wardenqueue.co.uk
650081,whfreeman.com
650092,w-meritking1.vip
650250,westcoast.gifts
650265,wealthmagik.com
650300,wmvlpng.com
650347,whippetwisdom.com
650380,wladcydrog.pl
650395,workboard.com
650494,wrightflood.net
650507,wemine.kz
650512,works-hub.com
650557,widecore.us
650598,wlmouse.gg
650653,writersblockbookstore.com
650655,wiki-db.com
650713,whatamericabuys.com
650726,western.af
650837,wbzqage.cn
650926,wshfc.org
650987,westlandbunker.com
650998,webless.ai
651046,wetmaturepussies.com
651063,wintro.in
651117,wpu.nu
651184,worklimate.it
651207,wairere.nz
651210,world-schools.com
651362,wasegaku.ac.jp
651416,wooriamericabank.com
651417,watch32.stream
651424,worldnetsp.com.br
651475,wencuiji.com
651509,wiw-aifc.kz
651526,webstijlen.nl
651569,wikitude.com
651574,wardtlctools.com
651581,wiai.ru
651583,widgetinstall.com
651595,whatsoninvers.nz
651695,webdico.com
651710,ween.com
651717,waynesburg.edu
651750,wsnetfibra.com.br
651814,wzhub.gg
651891,wrots.ru
651896,wirindortmund.de
651914,woooom.com
651915,wpengineapi.com
651917,wnc.edu
651979,wydawnictwokobiece.pl
651997,wibedo.com
652020,wicdot.com
652023,watski.se
652027,webtasarimcimiz.com
652032,wblk.com
652035,wyattjohnsonvw.com
652045,web-designerz.co.uk
652081,webwiki.pt
652092,wrapsnet.org
652127,wissenradar.de
652145,wheelstiresandmore.com
652200,wivlox.com
652271,wodeshucheng5.com
652349,winauto.ua
652404,westernforumfactory.nl
652490,windhillstorm4.com
652543,wmcco.uk
652548,warting.com
652553,wificafehosting.com
652618,winnerzz.fi
652652,we4k.me
652711,wienerberger.de
652734,westmonth.com
652764,wartimes.ca
652796,worldwidereview.com
652805,westlab.com
652806,worldwebcontrol.com
652846,workforgood.org
652885,whi.org
652961,wysiwygwebbuilder.ru
652964,worldlabscope.nl
652991,wicked.games
653002,whiteproj.com
653039,weberorthopedics.com
653142,welocalize.tools
653175,walmartconnect.com
653202,wisevector.com
653257,wagwalkingweb.com
653259,west-shop.co.jp
653286,wbidder4.com
653288,winspirits.com
653298,worksuite.com
653312,wimkin.com
653327,westrockcoffee.com
653333,weatherwp.com
653366,wnm-group.es
653433,webgrow.net.au
653462,walk158.com
653499,worldwide-internet-dating.com
653544,winkstores.com
653576,within.co
653593,wildsidesports.ie
653605,will-gocon.net
653610,wolfgangssteakhouse.jp
653666,wec.net
653670,windsorcn.com
653710,warspot.ru
653718,wbiao.cn
653802,wisesportsbright.nl
653838,wheelcity.gr
653920,westportlibrary.org
653951,womenonthemove.eu
653958,worx.hu
653979,weblagos.com
654012,wcny.org
654082,wellstat.io
654111,westwaleschronicle.co.uk
654205,wtshosting.com
654224,worldporninc.com
654238,wj175.com
654239,worldaerodata.com
654269,wavesideentertainment.com
654274,weidai.com
654295,weel.co.jp
654310,weeklytoday.com
654317,wnlimg.com
654359,workstatus.io
654387,west263.com
654392,warwickri.gov
654428,webbankasi.com
654566,webloomx.com
654585,wspnp.com.br
654714,wespring.com
654715,win8799.com
655068,w-higa.com
655069,w78.vip
655070,wearshes.com
655071,weblavoz.com.ar
655072,wepozt.com
655073,wifizone.net
655074,worka.love
655075,worldbinary.pro
655076,worldescapegames.com
655077,worldofficeonline.com
655078,wowmomo.com
655203,wankonowa.com
655204,wingubox.com
655216,wp301redirects.com
655217,windowfdb.com
655256,weisse-liste.de
655274,wau.nl
655281,wurzelwerk.net
655317,wrenvironmental.com
655338,woodworkforums.com
655345,wpelitee.com
655367,windley.com
655413,womanate.com
655499,wribrasil.org.br
655529,wyssgarten.ch
655594,worldofpower.co.uk
655639,wotnet.co.uk
655742,worldendeavors.com
655767,wjournalpr.com
655804,webstorage.gr
655889,whiz-cart.com
655899,wearthepeace.com
655969,wimes-web-portal.de
655998,westernbriefexpress.nl
656028,wjut.edu.cn
656042,wonderfulmalaysia.com
656057,w1680.com
656061,womenintheworld.com
656206,whatbird.com
656225,whatcrm.ru
656238,websheep.com
656259,web-literatura.ru
656314,wolka-centrum.eu
656321,wincalendar.net
656458,wireresult.com
656459,wishyoudidntclickthis.com
656460,wolvener.com
656494,wellswarriorshockey.org
656495,wnetidc.com
656548,wise-uranium.org
656582,wgmods.org
656584,webjejuns.com
656621,wiw.org
656704,webbohosting.co.uk
656718,webador.ca
656787,worldbus.ge
656802,weddingcubachannel.com
656804,wo-uk.net
656889,wilde.com
656912,winnerscircleblog.co.uk
657010,wintecpartner.cn
657127,wideview.us
657163,win444zf.me
657375,wcys8.com
657422,widepointway.us
657427,webbull.es
657445,wonderyak.org
657459,wwe-cloud.com
657494,www-xnxx-hard.rest
657501,webfixserver.nl
657509,wisetoolscentral.nl
657516,worldwidebrands.com
657523,weddingshoppeinc.com
657568,weelax.fr
657572,way-group.ru
657635,wescodist.com
657650,whiskyworm.com
657661,wincom.net
657704,worldwebdns.com
657726,wbiblii.pl
657791,worddive.com
657811,webstolica.ru
657848,windenergyhamburg.com
657920,wtmtv.com
658043,weplayhandball.si
658120,womply.com
658146,wrhi.com
658165,watchmen.dk
658178,worldcoal.org
658186,widepathway.us
658280,wxhuiyongxin.cn
658289,wisdoj.gov
658322,wetttipps-heute.com
658337,welcome-to-nl.nl
658346,waymark.com
658396,waterschaplimburg.nl
658458,wholehealthmd.com
658464,webnow.com.br
658475,wisetreenaturals.hu
658498,weatherbyhealthcare.com
658555,windyfall.com
658563,watchesbuy.to
658572,wynnstay.co.uk
658659,wordpane.net
658669,westermann.at
658694,worldstoriesbank.org
658713,w-ns.de
658733,whoischecker.co.uk
658747,worldofescher.com
658767,weworkcfcn.com
658863,water-alternatives.org
658904,webinsite.ch
658924,wonnemar.de
658954,whitearkitekter.com
658975,waterkingdom.in
659023,whfb.app
659035,wtfbc.ca
659049,web-box.ru
659083,wecatalog.cn
659126,wavefamilyliving.nl
659136,wcps.k12.md.us
659193,winterwatch.net
659261,worldoffinewine.com
659296,winescout.com
659331,wisers.com
659360,worldwebms.com
659485,warmis.com
659709,wasender.com
659710,wholesalebodyjewellery.com
659934,wikinggruppen.info
660004,watches5.com
660047,woshe.co
660050,windycitynovelties.com
660067,worldprivacyforum.org
660150,warsaw-name.eu
660163,worldflowerexpert.com
660177,whopper.com
660200,wiserhosting.co.uk
660204,weekendbakery.com
660208,wphive.com
660211,www-mostbet.com
660214,widowmakers.se
660222,wupperverband.de
660224,wanye.cc
660260,wo4.net
660271,wdfpos.com
660317,wwworks-inc.com
660488,walter-learning.com
660525,wildzsuomi.com
660532,www-caliente.com
660575,whsites.net
660607,wirtschaftslexikon24.com
660629,wowcloud.biz
660644,webjardiner.com
660736,we-id.com
660741,wallanddeco.com
660800,wseas.com
660835,wirus-fenster.de
660909,wissenpush.de
660914,workspacexs.nl
660942,websiteradio.co
660949,watterott.com
660979,wvf.com.tw
661003,webtogether.com
661140,woluwe1200.be
661169,wineshopit.ch
661171,whtycloud.com
661214,wifinowglobal.com
661224,whitecollarglam.com
661254,winedos.com
661414,weechic.com
661502,wisconsincheeseman.com
661508,windows-secrets.de
661555,wesdreamer.homes
661600,widepoint.us
661680,worthingpages.co.uk
661710,waveblogcorner.nl
661740,wideye.co.uk
661765,webprosale.eu
661781,wildevrouw.be
661786,ww-quickvpn.com
661830,wcorp60.com
661845,www-xnxx.fans
661848,webnet-net.site
661859,woodstock.su
662044,work180.com
662048,w1-joggingpg.com
662054,wodnskierniewice.eu
662065,warmkeviin.cfd
662072,wowmart.com
662079,weebly.net
662125,witl.com
662138,wingsmuseum.org
662143,webtropia-customer.com
662192,wheres-the-gold.com
662201,wwwsasfew.com
662241,whatthebleep.com
662245,workflow.is
662259,wellappointedhouse.com
662277,ww-sasfew.com
662296,worthingtonenterprises.com
662301,www111461.com
662335,www-sasfew.com
662367,wallpapers-all.com
662392,will-mixen.de
662441,websanity.it
662444,wtelecom.es
662461,woorichat.com
662530,weingut-greiner.com
662558,weissenburg.de
662569,westcaplending.com
662603,wwwquickvpn.com
662604,wikisort.ru
662625,website61faces.top
662653,weedgetphuket.com
662684,westernfamilygroningen.nl
662731,weapons-universe.com
662779,webike.es
662841,ww-host.net.za
662844,webitwebit.com.au
662890,wow-portal.com
662895,wentevineyards.com
662903,wwwwtelegram.com
662978,waba.org.my
662992,wesco.ca
663020,walking.yoga
663074,wvpress.org
663077,wwww-telegram.com
663094,wacken666.com
663140,washtech.co.jp
663149,wjevo-ph.com
663162,wlc.edu
663163,walkonbeach.co.uk
663196,worlddothost.com
663276,winit.com
663289,wrongplace.be
663306,webloadedmovie.com
663455,www-quickvpn.com
663498,wiko-berlin.de
663575,wellworksforyoulogin.com
663583,wfv-gmbh.de
663601,wythehotel.com
663689,wcbm.com
663693,wdiy.org
663722,wischmopps.de
663835,worldcourts.com
663929,www-binariums.online
664008,winstrike365.com
664036,website61faces.xyz
664041,watergatebay.co.uk
664050,wifihui.com
664058,widelands.org
664072,wcn.pl
664096,websiteqr.com
664120,wff.pl
664140,wisconsinlacrossehub.com
664144,wickedlasers.com
664180,webstore.com
664193,woonenzo.nl
664204,wdloiuu.lol
664212,windmillwavestyle.nl
664233,wartburg-sparkasse.de
664237,whoisweb.jp
664238,web.net.ph
664240,webschooly.com
664264,wharfedale.co.uk
664268,wza.nl
664269,wickedmovie.com
664288,wemixnetwork.com
664334,wm.store
664438,wifi.pub
664502,wfclutch.com
664510,wholesalepet.com
664635,weesepoint.it
664691,waspnation.com
664715,wubaiyi.com
664770,web-helloworlds.org
664771,wallcenter.com
664777,womenaustralia.info
664862,wipeoutads.com
664930,webcode.eu
664958,wurthlac.com
664966,wangwasai.com
665002,wasedajuku.com
665015,wearefasteners.com
665053,wolsk2.ru
665099,worldofdragon.org
665189,willenbrock.de
665194,wepromote.fr
665208,wancheseinn.com
665298,worldskandi.io
665346,werkenbijcoolblue.be
665361,website-pace.net
665436,wuga.org
665506,whudat.de
665515,winlaunch.nl
665532,womenlovetech.com
665586,wunderbunt.de
665601,webservicesworldwide.com
665608,waiterpro.ru
665622,wobaaa.com
665649,wgun.net
665674,wiichat.com
665697,wordlm.com
665760,webxh.today
665795,wsautomations.com
665838,wygxz.com
665868,weleda.es
665883,wowsexytimes.com
665914,wallpapersparklauncher.com
665937,weeniecampbell.com
666002,wowpages.com
666008,wordpdf.com
666051,wanconnect.de
666117,wist.com.pl
666147,winnergroup.com
666161,wisejournalclub.nl
666170,wbm74kso.site
666171,webzz.de
666255,windows10forums.com
666277,web4.sk
666348,winklerhotels.com
666372,westfield.co.nz
666393,wtvdvs.com
666458,weerg.com
666477,wtcbarcelona.com
666485,wiselinetools.ca
666551,wmgallery.org.uk
666552,wagrain-kleinarl.at
666598,wpdevshed.co.uk
666656,wisualarm.com
666717,wsha.org
666738,worldacademy.org
666740,workeer.de
666764,w0rqgxc.com
666774,webbernaturals.com
666881,wizerapps.net
666895,windmilllogicstudio.nl
666932,woundreference.com
666986,webnachrichten.de
667028,wsnet.com.br
667052,wspdigitalfactory.com
667110,wengercorp.com
667164,wearochre.com
667200,worldliferanking.nl
667202,whitemane.gg
667255,walnutcreekguide.com
667287,winzonesoftech.com
667402,wallprotectdigital.com
667448,wavelifeamsterdam.nl
667450,webtechologic.com
667496,williamalvarado.com
667520,wikiderecho.cl
667563,wologies.net
667567,waitwell.ca
667597,wyndhammarsh.co.uk
667628,wsinfo.fr
667674,whizkidtechnosoft.in
667684,wearesrna.org
667723,wyborkierowcow.pl
667851,wzo.org.il
667877,wikipilipinas.org
667884,wochit.com
667892,whatcost.co.uk
667902,worldbeverage.net
667922,wonderfulcopenhagen.com
667979,whatsbrewing.ca
667983,waa2.co.za
668043,weinersltd.com
668176,w3classroom.com
668599,warwicksd.org
668600,watchstudio.in
668601,wearemakewaves.com
668602,webmoveisonline.pt
668603,werare.com.ua
668604,westcoastsaw.com
668605,wobblywalk.com
668606,woodysrv.com
668607,worldpets.ir
668899,waterout.fr
668900,wazifaha.org
668901,weshoops.com
668902,wikishahnameh.com
668903,wotaburo.net
668904,wyomovies.com
669059,weightworld.fr
669060,werize.com
669061,wutheringlab.com
669062,www-xvideos.org
669063,wybieramykolagen.pl
669115,wnyajs.com
669197,warrantyindia.com
669226,webreadme.com
669262,weinert-industries.com
669338,wondersofwildlife.org
669360,webtippspiel.de
669426,wonderkidswa.com
669501,wpvdntbg.cc
669503,wvtax.gov
669522,wikinline.net
669599,wildpastures.com
669630,wonderfulpcb.com
669664,wohlivia.de
669745,watchme.ie
669752,wotom.net
669770,whitelabel.cam
669836,whiteleveldns.com
669848,wetseal.com
669879,wxshfjxsbc.com
669970,wnnet.com.br
670020,wiflix.tv
670075,waltdisneystudios.com
670124,wattiz.fr
670148,whosting.net
670157,worldcup2025.com
670158,wilmerlee.com
670162,webcars.com.cn
670171,well-well-well.site
670229,wndn.de
670280,wisebilling.ru
670306,wissen-digital.de
670375,wetrooms-online.com
670450,webreserv.com
670481,wspdatools.com
670528,waves.tech
670658,widepath.de
670673,wintrustdigitalbanking.com
670796,worldnavi.jp
670900,western-inventory.com
670922,wystar.com
670930,wcei.net
670946,wildsino-si.net
670986,wwoofinternational.org
671031,wlanticket.de
671171,wildzcasino-suomi.com
671181,w3plus.fr
671194,whatscontabil.com.br
671205,wellsfargocenterphilly.com
671210,widecrest.ca
671230,weicherthallmark.com
671268,watch-this.online
671280,whitechain.io
671287,wildfanny.com
671377,wace.ai
671420,wealthdaily.com
671448,wastedfabrics.com
671449,welbees.mt
671584,waghotels.com
671619,wuyumov.cc
671643,welleco.com
671647,wearephoenix.com
671651,wbztv.com
671756,wizishop.fr
671760,wiki.systems
671768,writebug.com
671782,wannianli3.com
671813,wigale.de
671824,westminsterco.gov
671842,wanderdoerfer.at
671854,web.org.il
671863,whisperedwisdom.co.uk
671870,wavelifesciences.com
671899,windhager.com
671940,worldresearchsociety.com
671952,wittenberg.de
671958,wonder.me
671989,westonmain.ca
672013,worksafe.qld.gov.au
672024,whisperai.com
672045,ww2.dk
672047,weipk9.cn
672100,wenhua88.com
672118,ww2airsoft.org.uk
672123,walkthrupublications.co.uk
672159,weather-watch.com
672177,wvup.edu
672227,wvmkb-server.nl
672234,westernwashingtoninteriors.com
672281,warnerbroslatino.com
672299,webok.net
672310,wikistained.com
672329,whogivesafish.com
672349,whatslove.ai
672358,weedy.fr
672415,winsport.ca
672439,wettanbieter.de
672454,webchartnow.com
672461,winbox5.com
672495,wilfordandlee.com
672537,wuiltstore.com
672548,wans.net
672579,wearebrighton.com
672593,wisemans.guru
672612,wavecom.se
672725,worldofescapes.com
672766,wirenet.com.ar
672781,water.ru
672837,webnikah.com
672860,webtoprint.com.tr
672980,wildnetwork.net
673035,welkomingouda.nl
673080,wilhelmshaven-touristik.de
673094,wendelgroup.com
673096,washingtondceventphotographers.com
673162,widelane.de
673190,wlshq.cn
673198,weareiam.com
673200,worksheetplace.com
673307,wehomein.com
673324,wizcommerce.com
673506,walkinpitas.com
673507,wingomarkets.com
673947,wamly.io
673948,wangupay.com
673949,waq-online.com
673950,websiteedukasi.com
673951,wingstop.co.uk
673952,wshgroup.co.uk
673953,wubertools.pl
674081,webjatekbolt.hu
674082,welove.co.uk
674083,wijzijndestad.com
674084,wonderz.com
674186,wenfengzhongxin.com
674202,wenatex.com
674221,wetterwarte-sued.com
674312,wall.org
674318,whdf.ru
674339,wetsuitoutlet.it
674340,wedo.org
674377,weibtvoficial.com
674386,webmetic.net
674391,walkersshortbread.com
674419,win717.online
674434,wilhelminadesigns.com
674449,worldpoint.com
674472,watt-analytics.com
674478,wpthemedetector.com
674544,wfshendun.com
674590,wherebuy.com.tw
674617,wathelet.be
674679,wupload.com
674684,wisskomm.social
674766,wickey.fr
674791,wirelessjoint.com
674792,widewail.com
674810,whiskpopclickgetnow.monster
674887,www-savefrom.com
674909,webtechdesign.com
674921,warriorbabe.com
674927,wibako.pl
674929,wncidx.com
674976,wikibious.com
674980,walkjogrun.net
674994,waiversign.com
675075,webone.se
675091,whedonesque.com
675191,wenzhangba.com
675194,wballiance.com
675346,whatsgoodattraderjoes.com
675417,westernunited.com
675529,wwfoldschool.com
675654,waimagem.com.br
675655,wisevisiondutch.nl
675671,ws-scs.jp
675777,wowair.com
675810,wantyou.ai
675815,writersperhour.com
675818,wisdomexperience.org
675866,webmasters.co.mz
675871,wiesbadener-tagblatt.de
675883,wiki-ux.info
675944,webconn.co.kr
675951,winchesterva.gov
675956,wallingford.k12.ct.us
675978,whitecrossdispensary.com
676016,webapuestas.com
676081,which.net
676096,wpmagplus.com
676127,wykresyfunkcji.pl
676181,whrc.org
676206,worldeggorganisation.com
676228,wnzfw.gov.cn
676386,winlife.net
676431,wilmington.net
676438,westencut.com
676440,webpulsesolution.net
676444,wynnbet.com
676467,whiskerlabs.com
676476,weimarnetz.de
676594,wimware.ru
676616,workspace365.net
676666,wordlesstech.com
676743,wahoo-ashland-waverly.com
676767,webxh.blog
676811,wikibiography.in
676820,warped.net
676929,watchwrestling24.net
676983,weddingplz.com
677097,weblogica.mx
677153,wissenexpress.de
677172,winph-ph.com
677308,whispersinthecorridors.in
677380,westslopegear.com
677381,w-off.ru
677481,weidautzel.de
677514,wkre.com
677542,winbs.cc
677564,wispoz.com
677592,windmillfoodreview.nl
677612,wholesaleforeveryone.com
677635,windtech-international.com
677670,warta.co.id
677757,widetrail.de
677837,w359.de
678174,wannapik.com
678219,whitebook.com.br
678223,wadoo.ru
678323,wildstat.com
678421,w-net.us
678466,wtqjsbyy.com
678479,wbcon.ru
678495,wetterlang.de
678539,wonggang.com
678617,win-rd.jp
678621,wildrivers.com
678725,wp-techsupport.com
678782,wowcandyvisuals.com
678801,wbtool.ru
678926,womeninsport.org
678983,web-site-works.com
679006,westpfalz-klinikum.de
679039,westernforumhub.nl
679055,weissensee.com
679076,wortliga.de
679079,wildgames.com
679101,waca.tw
679107,whn24.net
679199,wuerthmarket.ru
679206,womensportsonline.com
679226,whiteribbon.org.au
679253,waw.shopping
679259,wermac.org
679270,worldstadiums.com
679275,wallcoveringsmart.com
679333,walbi.com
679349,wimrnet.skin
679357,withoutabox.com
679389,wgqcd.com
679417,wapfa.ru
679454,wwz.ch
679507,webiranhost.ir
679587,waseerhost.com
679621,wasapi.io
679684,webihost.ru
679833,west-motors.pl
679845,webplatform.org
679866,whfrench.com
679885,worldsocialism.org
679916,worldwidemarketreports.com
679955,winph99-ph.com
680030,warforum.xyz
680054,warehousedirectusa.com
680058,worldcupiowacity.com
680071,wildbike.co.kr
680139,weldguru.com
680143,werktuigen.nl
680164,wholetomato.com
680179,wezom.com.ua
680226,wcg.com
680229,wpcod.com
680241,winguides.com
680267,wckd.io
680300,wovn-proxy.com
680392,wearevuka.com
680501,woodenfloorsuk.com
680511,weweb.app
680522,wissenmagazin.de
680538,whodoyouthinkyouaremagazine.com
680616,webmyway.ca
680618,welkresorts.com
680633,wun.im
680670,wsudk.com
680705,whitestore.club
680709,w88club.website
680743,webaba-app.com
680756,westcottdesigns.net
680800,whatsafterthemovie.com
680899,westelm.com.au
680946,weiminshangcheng.com
680960,webdings-cloud.net
680964,weisitingjinmao.com
681030,wincol.ac.il
681116,website44which.shop
681178,wishboneash.com
681188,websitexl.com
681212,webline.inf.br
681436,womenwagepeace.org.il
681443,whatwetly.com
681491,wandernotes.us
681545,wshtgame.com
681587,workopia.io
681592,wavenewsreview.nl
681673,wevo.energy
681736,web-bookmarks.win
681767,wellcaretr.com
681812,wholesale2b.com
681983,wine-locals.com
682091,wiky.com
682104,wflianfengfrp.com
682107,websitehall.com
682144,waterbedsnstuff.com
682209,weemountain.co.uk
682244,wohlsoft.ru
682282,web-host.name
682289,whiskyagogo.com
682291,wavemail.com
682385,wfsjcbdddy.com
682397,warbotpoker.com
682499,wearsierra.com
682544,widzew.net
682569,whichmobilitycar.co.uk
682650,weplayvolleyball.de
682666,wncc.edu
682667,walkerpay.com
682677,wapalli.com
682694,wjbq.com
682777,writetheworld.org
682792,wemarketingdigital.com.br
682860,wfbrood.com
682991,wildsinowin.com
683022,wolf.ch
683043,win556.online
683068,waltonso.org
683075,wrothirena.icu
683091,worldlinen.com
683115,wholeblossoms.com
683125,wandbox.org
683132,wonk-services.com
683151,wormly.com
683160,whistleblowersblog.org
683171,westwingnow.de
683184,wels.at
683221,wonderlandbylilian.com
683232,webseed.com
683239,welvura3.com
683351,wolffiles.eu
683365,workcare.com
683516,windowsfront.com
683739,wizvape.co.uk
683787,win222b.com
683804,wave-hawaii.com
683806,whatsmywebsiteworth.info
683827,wynwood-house.com
683867,weigong.org.tw
683914,wekawin537077.pro
684074,windpress.info
684115,wantskicks.com
684141,wingscustom.com
684142,webtimeclock.com
684173,welovedevs.com
684176,w42st.com
684181,weareanimecollectors.com
684190,worldmigratorybirdday.org
684227,waterfordmi.gov
684299,wir-lgd.org.pl
684362,waveinsightagency.nl
684471,where.com
684484,web-reactor.ru
684535,worldcreativo.com
684586,worldlacrosse.sport
684592,wastemanagementreview.com.au
684658,wu-chinese.com
684737,wavemark.net
684762,womananimalxxx.club
684791,wirralseafishing.co.uk
684815,worldfootwear.com
684897,whitepaper.io
684937,wilberforce.edu
684978,wansport.com
684979,wzok.cn
685000,warsawyes.com
685005,worthyboards.com
685048,webdevstudios.com
685090,weitujishuqi.com
685115,wexfordcoco.ie
685118,winjoy99.com
685198,wstv.biz
685217,westenergie.de
685241,woitalia.it
685293,wendycarlos.com
685357,wazong.de
685368,wisevictor.com
685395,welaunch.io
685419,webrun.com.br
685426,wobline-ip.de
685484,we-online.de
685586,winsairlines.com
685618,writers.net
685632,waterwise.org.uk
685668,waffenfuzzi.de
685685,westendplumber.net
685713,wanadev.org
685795,webling.ch
685828,werbeartikel-ebets.at
685923,wapsite.info
685942,wen-ware.com
685967,webneticsuk.net
685973,websitesbytrade.com.au
685982,wapsus.ru
686203,winteryknight.com
686221,wigfever.com
686233,waikeung.net
686303,we.co
686311,waxyesila.name
686316,wales.ac.uk
686339,webshell.de
686352,wuzhsnwf.cn
686380,wjbox.ru
686446,wjcasino125.com
686504,wanxijob.com
686577,webtuts.pl
686643,wearewoodcp.co.uk
686671,w.biz
686700,websitebuilderbg.com
686727,wfferly.com
686741,whitedns.com
686754,websolutions.ca
686764,winmx.com
686770,wappornolar.shop
686834,wildwestdesign.de
686847,woosong.ac.kr
686862,workingatmart.com
686865,wwschool.de
686877,watchanimeattheoffice.com
686895,wunderlichamerica.com
686903,wanjuw.com
686990,wpdns.cloud
686995,wproo.com.br
687012,wiinvent.tv
687029,wirbellotse.de
687083,wallstreethorizon.com
687127,wjsou.com
687134,worldstocks.co.uk
687172,wangmingka.com
687178,wagahost.com
687187,webfandom.ru
687198,webimpact.net
687255,worldstreetjournal.nl
687267,windmillstudiomarket.nl
687274,wingsforlifestore.com
687342,wurth.co.nz
687402,wfgsoluctions.com.br
687640,w5vwtv.com
687641,win44.com
687642,wompi.sv
687766,w88x2.com
687767,wavumbuzi.africa
687768,worldcycle.co.jp
688260,warongbokep.com
688261,watchstationindia.com
688262,wealthserv.com
688263,webxseries.video
688264,wedoconnect.com
688265,weeknews247.com
688266,whirlpool.com.ar
688267,whoopikids.com
688268,wielerverhaal.com
688269,womanlandia.com
688270,worldclubs.ru
688271,wrathome.com.br
688272,wrbet.ke
688341,wineparis.com
688373,wiroos.host
688386,wafmao.com
688391,winpal.net
688427,workoutanytime.com
688482,winemakermag.com
688577,wncri.org
688580,wkf.jp
688627,wolfsgamingblog.com
688641,weru.org
688694,winter-verlag.de
688698,wzielonej.pl
688712,wincompanion.com
688752,wallsnapy.com
688758,wermachtwas.online
688792,wzvtc.cn
688814,wswlvr.xyz
688861,wallpaperjam.com
688868,windowss10.ru
688886,win7dwnld.com
688991,wellandtrulyworkshops.co.uk
689011,wip.pl
689017,washingtondceventphotographers.co
689090,wellbuiltnetworks.net
689100,wempe-media.com
689166,wsh.hu
689172,whidbeyteldsl.net
689211,wibeee.com
689228,worldwaterfalldatabase.com
689247,wehbeonline.com
689337,waf-online.com
689372,winnews.com.tw
689403,wegamble.org
689457,wnf.co.il
689461,w212.casino
689462,wqop2018.com
689502,westkelownayachtclub.ca
689560,webdesigninnepal.com
689575,webtelservices.in
689585,wheelsjoint.com
689634,willesden.by
689642,weltevree.eu
689652,woweather.com
689653,westport-news.com
689687,wallpapercg.com
689755,weiweitian.com
689808,wegpt.ru
689834,wiztopic.com
689842,waynejohnson.net
689871,worlddeskdutch.nl
689942,wawkom.waw.pl
690113,w150e.com
690127,woodstore24.de
690128,webstorage.jp
690144,wikiest.com
690171,wash2go.net
690195,wojski.com.pl
690233,westrup.se
690236,waldinger.com
690258,wise-pay.com
690263,webhost.io
690270,whatled.com
690319,wangshuge.net
690321,wodconnect.com
690324,wharfedaleobserver.co.uk
690350,wohlersassociates.com
690403,whmcsglobalservices.com
690408,wewriwa.com
690413,wss-elektro.de
690449,w1vuw41.com
690457,wiremock.org
690469,waitfordate.com
690482,walesartsreview.org
690522,wicklowwaywines.ie
690523,webomg.info
690572,wheelership.com
690594,warchild.nl
690676,wenext-lama.chat
690738,weleda.nl
690784,www-xnxx-milf.rest
690821,workforcesoftware.com
690823,wangayahospital.com
690830,weddingsonthemove.com
690843,win22233.com
690882,webtekdemo.com
690912,winnerzcasino.dk
690944,wolfcraft.com
690950,win222zf.co
690958,websetnet.net
690998,webylon.info
691072,weikeye.com
691081,watco.com
691106,wenajans.com
691111,wolyo.co.kr
691120,wintwist.nl
691244,wwtbambored.com
691358,wallpaperbase.com
691359,wseas.us
691375,wiwynn.com
691387,wisdomtoto.com
691392,w3surge.com
691431,walmartmexico.com
691493,waynorth.net
691526,wellreplicas.to
691558,win22211.com
691595,wikidiki.com
691596,wabstore.com.br
691642,www-xnxx-sites.rest
691726,win222zf.tv
691751,wintrchess.com
691819,womenscareobgyn.com
691835,widespace.com
691840,www-server.co.uk
691872,workist.com
691903,world.xyz
691913,work-street.jp
691927,westinteractive.de
692010,wisch-star.de
692032,wenshu.org.cn
692058,wikitranslate.org
692061,wingmirrorman.co.uk
692192,wpnordic.com
692197,weeklywine.co.kr
692326,welklidwoord.nl
692341,webconversiononline.com
692362,webercloud-china.com
692391,wholesalefakewatches.com
692455,webesteem.pl
692459,wisesparkstreet.nl
692484,wirfindenuns.de
692521,wben.com
692538,wcsjnews.com
692555,webitel.com
692576,wildhardsex.mobi
692587,winkraven.com
692604,wp-host.asia
692605,wallenberg.org
692658,wcomp.fr
693018,walkeaze.com
693019,workfinity.com.br
693020,wrendaledesigns.co.uk
693021,wwwbk33.com
693022,wwwsexvideo.org
693058,warrix.com
693090,wmd-ssdraid10.com
693113,weather.ca
693125,worldsports.st
693137,wfpg.com
693159,withpitch.com
693198,walmartpr.com
693199,www-playcity.com
693241,weanimals.org
693276,woodenspace.co.in
693336,weltticker.de
693357,workplacestrategiesformentalhealth.com
693434,wdistances.com
693444,wakandi.net
693515,watermarksboutique.com
693617,wisdomquotesandstories.com
693682,wegrowhairindy.com
693684,wbg.org.uk
693699,webislam.com
693725,wbolt.com
693732,wheatstone-corp.com
693771,willex.com
693819,wrenmaxwell.net.au
693831,whiterabbit-cgs.de
693847,www-xnxx-real.rest
693848,wl37.com
693876,wjladymassage.com
693897,worldanimalprotection.org.uk
693927,webeuroserver.com
693944,whoismgmt.com
694031,winningwriters.com
694046,wartabromo.com
694063,whc.cl
694067,whitekey.co.jp
694142,winthropeagles.com
694168,wizdreamhost.net
694169,warsawnow.pl
694317,warpnet.net
694359,webintelligencetechnologies.com
694363,wearehourglass.org
694491,windowsloop.com
694510,wid.org
694546,whenonearth.com
694575,wakesys.com
694628,weberz.com
694630,waterworld.co.uk
694706,webprom.net
694745,wlskh996.com
694768,winsante.com
694805,wrotkarstwo.pl
694910,wellnessalliance.org
694916,whotels.com
694951,wiredebikes.com
694957,way2sms.biz
694958,world.gr
695023,wild-one90.ru
695056,wrussia.ru
695094,wintrade.it
695223,whyville.net
695256,womensaid.ie
695298,winststore.nl
695315,westlab.com.au
695342,winevn.com
695401,webx-asia.com
695446,wynu.edu.cn
695450,wco.com
695455,webimage.pl
695487,walkerair.us
695503,werchzueglade.ch
695524,watchseries8.art
695538,wotblitz.ru
695545,wzisuzu.com
695552,wij-leren.nl
695598,worldindianp.com
695649,watchtheguild.com
695673,woodtrak.com
695694,wload.org
695795,webdecloud.com.br
695808,wammu.eu
695910,wheatlesswanderlust.com
696011,wefollow.com
696039,wh68.fun
696070,wb.gs
696144,watchmydiamonds.com
696169,www.xxx
696321,wallism.fr
696322,wheelyshop.se
696368,weblin.com
696389,wokingconservativeclub.co.uk
696429,wakakuu.com
696452,wayukan-marutoyo.com
696662,wini.com
696711,whost.co.kr
696723,winsorismas.com
696799,westmidlandsmedia.com
696809,web4you.or.kr
696849,webpal.biz
696856,webtour.com
696898,wdmusic.com
696979,widomaker.com
697033,webassetscdn.com
697262,wapu8.cc
697263,wellshop.pro
697264,widewindows.com
697265,wqge.cc
697361,w88vipz.com
697409,woodgrain.nl
697479,wizarduniverse.com
697505,warsztatowehistorie.pl
697513,worldnetvisions.com
697520,webmilf.club
697573,wanttopay.cloud
697670,websitegang.asia
697696,ws-wqsz.com
697748,wafour.com
697760,westernmidstream.com
697830,wedpro.com.ua
697847,webbycloud.com.br
697867,wddns.co.nz
697900,wm.fi
697901,westonfl.org
698024,wikihouse.cc
698087,wpsonjwi.cc
698095,worldcarnissan.net
698098,woodsmithplans.com
698141,wcluradio.com
698175,watson.fi
698177,wendoverart.com
698220,wodocx.com
698308,woodhouse.com
698317,winbox77.asia
698334,wearetyrone.com
698348,winportal.online
698424,wbhst.net
698451,wavenewsmarket.nl
698599,wifinepal.com.np
698701,widgetapi.site
698757,wizmo.com
698778,weiden.de
698817,wwlab.pro
698906,whatmoviewatch.com
699020,wlodkowic.pl
699032,wut.edu.cn
699034,wisconsinsurplus.com
699097,woodpxl.com
699118,wpc903.com
699166,wallfahrer.de
699188,weareglobaltravellers.com
699308,winecountryvillas.com
699368,wadmp3.com
699387,weflix.to
699404,webrelink.com
699450,westhartfordct.gov
699472,webreklama.pl
699514,webpropulsion.net
699546,webtradecenter.com
699555,widecrest.de
699578,worldweidner.com
699623,world-country.com
699636,winnco.com
699668,wegweiser-demenz.de
699674,wowoqq.com
699782,whitelotus-casinos.net
699840,wumaobi.com
699883,wencuidu.com
699961,webmedbooks.com
700006,web2market.com
700042,weloveitstudio.info
700069,wahaha.com.cn
700120,wefox.com
700180,worldfilmpresentation.com
700198,wals2019.com
700218,westernfrontassociation.com
700237,wowonini.net
700251,whiskyfun.com
700300,webfiets.nl
700415,wmbdradio.com
700501,wonderdynamic.guru
700578,webbuilder-online.com
700641,womenofchina.cn
700716,wbsag.de
700724,woltu.eu
700813,willistower.com
700893,win32.click
700942,wildvideozoo.com
700956,womenfingeo.com
701022,www-strendus.com
701026,worldhealthlife.nl
701100,witchesofthecraft.com
701107,wielton.com.pl
701142,whatnt1takes.com
701157,wprssaggregator.com
701189,webwellness.net
701252,webarmavir.ru
701293,w7forums.com
701433,webtech.co.jp
701454,wicklinefuneralhome.com
701474,wed-expert.com
701548,wesfil.com.au
701560,waveabc.xyz
701568,websitepolicies.net
701588,wersigns.ru
701594,wemafood.com
701595,worldblogstudio.nl
701603,wwjohnston.net
701614,www-winner.com
701625,wwwsexvideos.fans
701639,wiseautolink.nl
701642,wescaleup.nl
701656,wort.ru
701684,winncom.com
701737,webdnshost.net
701747,wishlistwhale.com
701842,wccsolar.net
701888,westbowpress.com
701980,walumov.cc
702049,washingtondigest.com
702097,weatherboy.com
702103,wrapautoconcept.fr
702160,wahy.net
702174,winspearcentre.com
702185,webgames.cz
702189,warehousejobs.in
702239,worldofredbull.jp
702398,whataburgerdigital.net
702450,worldissmall.fr
702494,warmemo.or.kr
702550,winph99.com
702560,webswipe.de
702563,whitewind.kz
703207,waa2.hu
703208,waffenforum.ch
703209,watchglb.com
703210,watchtime.in
703211,wattsdat.com
703212,whiskerseeker.com
703213,wikinavi.net
703214,wingssurya.com
703215,winsight.jp
703216,winuniquecasino-line.com
703217,woodensure.com
703218,workcloud.jp
703219,wynn1688a.net
703904,wafi4.com
703905,wanacar.com.mx
703906,watski.no
703907,wellfitness.pl
703908,westeurotrade.com.ua
703909,westgroupe.com
703910,wheel.co.il
703911,whf.org.iq
703912,wholesalemarketmumbai.com
703913,wintor-iran.ir
703914,withcar.si
703915,woodyhouse.shop
703916,worldtalk.jp
703917,wrestlingnetworks.com
704564,w-jp.com
704565,w2crep.com
704566,wc777j.com
704567,wefood.com.tr
704568,weightworld.dk
704569,wellandfit.hu
704570,wfxondemand.com
704571,wgl.pl
704572,whiskynet.hu
704573,wilsonjames.co.uk
704574,win55www.com
704575,winix.com
704576,wittychimp.com
704577,woningruil24.nl
704578,wowseattle.com
704579,wraptrack.org
704596,woodstockderblasmusik.at
704645,web.pt
704676,wenetasystent.ai
704684,whaletv.com
704687,whites.com
704751,williamshatner.com
704767,whistleout.ca
704884,weaccelerate.fr
704927,wineemore.com
704994,wanda.lat
705062,wikimaginot.eu
705066,where-food.com
705109,wodolei.ru
705197,win209.online
705198,web-x.kz
705238,www-betsson.com
705240,watchroar.com
705260,wiiings.com
705306,wordpresshost.gr
705321,williamjames.edu
705363,whszysf.com
705374,winz1.me
705425,wsi-models.com
705472,woniuxs.com
705519,winderen.com
705575,winterhighland.info
705621,win444zf.tv
705623,weboasis.ae
705632,winterparktutoring.com
705641,waveads.app
705654,webhostingit.co.uk
705707,w1.com.br
705722,weener.it
705866,waterpolo.hu
705896,worldfront.co
705930,waterbus.nl
705938,wpad.tech
705945,wework.co.jp
705998,weilianjinkong.com
706054,worldwidetattoo.com
706119,wbg-brandenburg.de
706163,wonacoufficiale-it.com
706229,wildcenter.org
706240,webergeur.com
706268,wordpreshosting.com
706297,welikela.com
706310,waprek.ru
706321,wallparallax.xyz
706361,webseohost.us
706380,worldofgeek.fr
706393,wimi.pro
706420,webuybooks.co.uk
706470,web-es.com
706475,waynold.com
706488,wakilni.com
706493,worldofdice.de
706501,worldstandardtime.com
706532,win444zf.cc
706538,wholesale21.com
706613,wefunction.com
706641,wondershare.kr
706710,wanplus.cn
706728,watchswiss.com
706739,wly.ch
706795,write2me.nl
706806,wginc.com
706824,whlighting.cn
706835,wemagine.nl
706850,warphub69.com
706887,wisepelican.com
706965,willowshine.com
707014,wjslot-ph.com
707080,websitemanagers.net
707100,wavebox.io
707105,watanabefloral.com
707126,webintelligence.net.nz
707190,weitze.com
707191,www3.com
707201,workdocs.aws
707224,wockhardtepharmacy.com
707299,wichands2.com
707380,whore-nasties.com
707381,wintub.com
707463,weboost.com
707496,winwithdash.com
707561,winningjanuaryshrubs.com
707578,warriorlife.com
707652,www-xnxx-hotel.rest
707674,wiseexecute.info
707677,woodbusiness.ca
707701,writingbattle.com
707721,wacofhc.org
707759,www-campobet.com
707767,wuyecao.net
707807,wlan-shop24.de
707839,wow-rak.com
707857,wagawin.com
707881,waterbeatsociety.com
707901,winde.jp
707984,whitepaper.com
707985,woapi123.com
707995,webercloud-china.de
708014,webfoco.net.br
708034,wegoviaggio.it
708060,westfalia-automotive.com
708074,wp-hosting.cz
708092,wendaa.net
708098,welcomebreak.co.uk
708106,wellness-spa-vergleich.ch
708117,www-betcris.com
708183,windmillbuzzsignal.nl
708196,webasyst.net
708230,warap.net
708243,westland.net
708267,wcf.go.tz
708275,worldstainless.org
708369,westernmassready.org
708397,wcs4web.com
708407,worldsoffun.com
708413,whitelablehosting.com
708481,windhillstorm2.com
708510,wildridecarrier.com
708524,websoft.com.tr
708526,warriorcatsonline.com
708533,woli.com.br
708555,wjbc.com
708558,wgr.de
708563,wesave.com
708640,wesellhost.net
708656,westonhbs.uk
708664,watchdocs.pl
708665,wallcoo.net
708683,wellbeingmagazine.com
708684,wintrillions.com
708688,webcams.bg
708742,w5qgg.org
708774,weftec.org
708902,waldseehaie.de
708919,whstlzs.com
708927,westbasin.org
708954,wwcc.edu
708967,wiredproductions.com
709117,wolfordboutique.com.au
709130,wtguru.com
709159,www-cancun.com
709161,webadam.com
709171,wellnomicsonline.com
709198,winspiretch.com
709233,webjm.cn
709331,walkermorris.co.uk
709368,weatherin.org
710751,w3i2d9.com
710752,waapi.app
710753,warning.fr
710754,wartelle-shop.com
710755,watch.rs
710756,wearme.ua
710757,webauto.com.py
710758,wel-up.com
710759,weshop.com.co
710760,wetching.ru
710761,whatschat.com
710762,whisthub.com
710763,wiflix.al
710764,wiki-masters.com
710765,wiktoriamoda.com
710766,win786.cc
710767,winner7.io
710768,wir-machen-druck.ch
710769,wiselwisel.com
710770,wn08.ru
710771,wonderbox.nl
710772,wow.com.ve
710816,wigo-house.it
710817,wiredforwine.com
710977,webpremios.com.br
711043,work-mikke.jp
711065,wageraclub.co.uk
711078,wonderbaby.org
711116,www-xnxx-sexx.rest
711219,worldofchris.nl
711267,winst-aangifte.nl
711274,welcometothejungle.co
711285,workspaces-web.com
711316,west-pomerania-hotels.com
711401,webhostingdiscussion.net
711409,worksafegear.com.au
711449,wallmur.com
711473,wikicamps.com.au
711511,whvc.edu.cn
711529,westerngamingfinder.nl
711570,webdomain.dk
711572,wuhanyy.com
711608,waytorussia.net
711715,wwl.nhs.uk
711740,webaccountlink.com
711771,watsco.com
711823,wamo.io
711954,warning-trading.com
712045,wtpop.com
712059,wiesowka.pl
712146,wirelessdrivewayalarms.biz
712154,wkdb-siegel.de
712268,waterkloofbaptist.org.za
712276,woodresearchlibrary.com
712278,whitespot.ca
712283,wistar.org
712291,wzsipku.cn
712320,woodshopnews.com
712355,western.ac.th
712390,www-ganabet.com
712435,wallspace.app
712596,webproeducation.org
712626,w4msolutions.com
712636,westinstore.com
712672,wxrsbx.com
712675,williforster.ch
712681,webhs.net
712724,williamsonsupply.com
712793,wager.tw
712794,wotobang.com
712799,worship.tools
712873,webcase.pl
712925,webseo.com.cn
712979,willcoxrangenews.com
713013,windmillvoicespot.nl
713028,wcgfoperation.com
713042,wuyuebanzou.com
713081,webhd.vn
713153,winjump.fr
713155,whatutalkingboutwillis.com
713185,wxssyq.com
713189,worldcosplaysummit.jp
713212,wokingham.today
713235,westernpriorities.org
713258,wahlfieber.com
713306,warpzone.ms
713348,webullbroker.com
713430,wallet.pt
713447,wetholefans.com
713464,wild941.com
713537,williamwalker.de
713581,who-calls.me.uk
713645,wcwshost.com
713671,wideopenpets.com
713747,wardrobeshop.com
713769,watercolorlb.com
713786,waidmannslust-immobilien.berlin
713800,winmansoftware.com
713807,websitem.biz
713829,wails.io
713849,webtrix.net
713853,wilson-company.com
713866,wanweifabu.net
713897,worldfootbag.com
713907,web-fuzion.com
713911,wikii.tw
713947,webdoc.nu
713959,wellness-dining.com
713980,wifibaleares.com
714045,w8id.ru
714072,worldboxingnews.com
714119,wodis-yuneo.de
714172,wanxp.id
714173,witherbysseamanship.com
714189,wine-cellar-racks.com.au
714333,weather-eye.jp
714334,webt-t.fujitsu
714335,wiapp.org
714336,wincare.info
714401,wizytowkifirmowe.pl
714455,wukongedu.net
714457,wps.de
714472,wlf.org
714586,wabibeauty.com
714590,warcry.com
714623,winemakingtalk.com
714673,webhost.com.pa
714698,wjccschools.org
714712,woobollywood.com
714734,weltvogelpark.de
714793,walldrug.com
714801,wildphysiofitness.au
714809,wearelucent.com
714817,wilder.org
714890,webatlas.no
714915,wtoqc.net
714941,worthleys.com.au
715006,webby.io
715062,wholesalefashionsquare.com
715078,w88edu.com
715115,webtv.fr
715196,www-sports-migu.com
715215,wealthspire.com
715251,winstation.ru
715300,westcoasttoday.co.uk
715314,whatmusic.com
715323,w140.com
715329,wcnvstel.co.za
715352,waimaob.com
715363,webcentreplus.net
715364,werkenbijhof.nl
715385,whiskitrealgud.com
715425,worldofsports.io
715466,ww-informatik.de
715498,wowcams.com
715505,wldnshosting.com
715597,wfneurology.org
715602,wowielife.com
715603,wisdomking.com
715658,wheretheiss.at
715846,welldone.study
715877,webmatematik.dk
715924,worldbaseball.com
715946,w6x52fmi.shop
716033,wtfurl.com
716038,wtwco.us
716045,wsgjp.com.cn
716072,wellbeing.google
716115,williambowles.info
716228,willy.radio
716245,webhostmu.com
716265,wellnd.com
716274,wenzhouyouyuedaojia.com
716284,webnitc.ir
716398,westminster-ca.gov
716424,woodtalkonline.com
716671,watchadsontape.com
716672,watchspree.com.sg
716673,wearepalace.uk
716674,welfarecall.com
716675,welleasy.co.uk
716676,wolebio.pl
716677,woolyyarn.com
716678,writerbay.com
716718,wagnerathletics.com
716722,webtechniques.com
716746,ww2cloudservers.com
716826,wikifreehand.com
716831,westernhealth.com
716864,webbuzz.in
716867,winentaste.com
716882,wecloud.io
716998,wmo.de
717003,wattersedgehosting.com
717020,wobiz.com
717076,worldsalescompany.com
717095,webbymaster.ru
717174,webservices.de
717205,wcjc.edu
717218,williamhenry.com
717265,website44somebody.shop
717267,wiecel.com
717287,w0idc.net
717340,what-sold.com
717364,wildroseandsparrow.com
717395,whiskyexperts.net
717404,wavecommunitybright.nl
717417,walkaholic.me
717428,www.sp.gov.br
717446,wirschke.com
717472,westpark-gamers.com
717557,wegcode.be
717569,worldtvvip.net
717583,whitefuneralhomes.com
717634,wallat-app.com
717635,www-pin-up-mx.com
717656,wwwxnxx.fans
717683,website61daughters.xyz
717879,waltonbathrooms.co.uk
717952,wetindianporn.com
718021,wstr.fr
718035,wildcatsports.com
718148,wemail.no
718167,windowmart.ca
718197,weisdlv.top
718203,wunschcredit.de
718234,wf-wiki.de
718241,wallpaper-house.com
718249,workstride.com
718344,widgetmarket.ru
718368,woodwardnews.net
718378,wirelesswire.jp
718406,whohasthebestservice.com
718435,worldbeercup.org
718475,weteachme.com
718528,weiss-maerkte.de
718581,westernseminary.edu
718594,winner-mx-mx.com
718630,wapok.cn
718665,weibofeicn.com
718720,woonzorg.nl
718725,wyeshop.com
718784,windmillvoicepulse.nl
718840,watchtvseries.cyou
718895,waldensurfboards.com
718909,whitecoatwaste.org
718965,waynegretzkyestates.com
719012,wice-infra.be
719057,womanalive.co.uk
719077,wusports.com
719086,wholesalehelper.io
719112,websatissitesi.com
719129,www.gov.gd
719169,wghospital.cn
719187,wheelup.es
719199,woliba.io
719234,wiesenstein.de
719265,wsb.net.pl
719325,wind-turbine.com
719358,witstroom.com
719374,wholesaleaaalendings.com
719391,wereldfietser.nl
719427,workslinespro.com
719479,wankitnow.com
719519,widefitshoes.com
719523,wforex.com
719529,weatherpoint.com.au
719551,wix.app
719565,wordpressgames.net
719654,wine-trophy.com
719663,walliant.com
719702,winwilder.com
719729,wordwebdesign.com
719730,wwwporn.xyz
719735,wettbonus.net
719775,wwwcom.ru
719783,winebtb.com
719804,waipdirect.shop
719818,wnyschools.net
719822,withpoly.com
719861,wof.wtf
719889,wintersteiger.com
719901,worldonline.dk
719903,wisetack.com
719985,whisperduneshoa.com
720071,wpdns.info
720092,wetter.info
720106,webinformatica.ch
720192,whc.net
720214,wakam.com
720325,wbtourism.gov.in
720365,wordfarmcross.net
720369,wineinvestment.com
720378,wasi.dev
720511,wiseworksheets.com
720589,webn.cc
720603,watchwrestling.as
720626,webshost.co
720656,wlabel.ch
720716,weinspirits.com
720789,weiyou1688.com
720859,worldofwondertoys.ie
720873,wiredvision.jp
720895,weplayhandball.gr
720928,wildfortune9.io
720948,webpagenepal.com
720958,wisecp.com
720973,wipr.pr
721030,watools.ai
721107,westfieldfasteners.co.uk
721143,world-science.net
721154,winestate.ru
721179,wissenschaft-shop.de
721223,wifeysworld.com
721227,wellis.hu
721269,worklifeca.com
721272,webcalypt.com
721275,wipplay.com
721291,wonderchrono.com
721343,worldbdsmp.com
721362,webcityindia.com
721375,wayneswords.net
721384,westconsincu.org
721394,wolters-cat-dog.de
721405,whypaymore.co.kr
721443,westernunion.net
721447,worldanimalprotection.ca
721475,webtalk.co
721477,worldsquash.org
721479,wyzxsx.com
721526,wpdelicious.com
721556,wizperzone.com
721588,wholesale55.com
721595,workstyling.jp
721635,w6p.ru
721676,www-codere.com
721682,winnebagosheriff.com
721697,worthytutors.com
721776,woollybear.com
721906,wordbrain.info
721923,www-pokerstars.com
721934,weil-mclain.com
721949,websterhall.com
721967,whaleframely.com
721982,wolicai.com
721988,waeco.com
721993,workshare.net
721996,waynodes.ru
722004,welsh-lovespoons.co.uk
722006,wztcidc.com
722007,wadihome.com
722103,witchhut.com
722188,witaminovo.pl
722209,websitelayer.com
722254,westwoodps.com
722266,wallraf.museum
722271,webmartbd.com
722311,worldreporthub.nl
722317,webcams.com
722348,wiperbladesusa.com
722400,welcomeapp.se
722405,waphall.com
722452,winebow.com
722526,woodstockinn.com
722527,wisboy.com
722588,w2fr.com
722621,windows-helpdesk.nl
722625,wtek.com.br
722652,wis-tns.org
722732,webdigity.com
722766,wellbest.jp
722800,william-hill-mx.com
722812,woopit.fr
722823,westoztools.com.au
722836,westpharma.net
722860,weldingeniring.com
722982,walter.com
722993,wot-ts.ru
723041,whocaresradio.com
723077,waituntil8th.org
723195,www-plinko-mx.com
723203,wapfa.net
723362,web-helloworlds.cn
723364,wernigerode-tourismus.de
723389,weblinks247.com
723424,wearespin.com
723451,wideclub.de
723466,watv.ne.jp
723469,webservio.net
723471,worldsummit.ai
723480,wordconnect.info
723486,webhottest.fr
723506,wikitrusted.com
723551,wehost99.com
723559,wewardapp.com
723693,workthere.com
723707,watwat.be
723718,way2send.pl
723776,wacky-path.xyz
723789,westburywills.com
723898,web-admin.ro
723977,websait.kiev.ua
724030,wag.com
724041,win222zf.me
724085,withstatic.com
724121,waw.com
724122,warsaw1.one
724128,whatadealss.com
724270,webflarehost.com
724302,westernmilling.com
724312,wetter3.de
724325,whentocop.fr
724420,wmwa-server.de
724480,wqxuetang.com
724487,watchdog.dev
724499,worldtechtoday.com
724501,winnaga303.xyz
724503,whippet-data.co.uk
724516,woodcabinets4less.com
724520,winkstreaming.com
724524,wavesnare.com
724554,whosarrested.com
724656,wnbbs.cc
724672,webdesignwebdev.net
724673,weschlers.com
724678,wynds.com.au
724711,walkersolutions.net
724749,wings-consulting.net
724758,wildvaultzone.nl
724791,webike.de
724800,walterknoll.de
724809,websaka2.jp
724834,wealddown.co.uk
724850,winslotmania.com
724903,westernfoodeuropa.nl
724927,wausausupply.com
724941,websolute.com
724968,warehouseclub.com
725049,wpix.com
725077,whitewatercw.com
725116,wuerth.co.jp
725158,wiseguyscomedy.com
725183,whl.ca
725316,washroomwarehouse.co.uk
725329,webinar-stars.com
725344,wesspur.com
725361,webhosting-store.net
725392,websitelord.com
725407,wru.edu.cn
725433,wise-net.ru
725559,washin-optical.co.jp
725635,weatherfront.com
725695,wengo.com
725702,wxhbwfg.com
725806,waardeboost.nl
725807,webradios.net
725812,wgames.io
725815,woox.cz
725871,webshape.it
725879,waragod.pl
725897,weblog.ro
725933,wdcnews6.com
725935,warnumber.co
725945,webo.cloud
726004,weekend4two.at
726015,waytrip.net
726035,wegdamnieuws.nl
726061,w10.site
726149,web-monster.ru
726169,wtvplus.co
726173,websnewsdate.com
726178,worldrecordacademy.org
726220,waterford.k12.mi.us
726227,winux.com
726272,whytheluckystiff.net
726275,walterland.net
726282,woodtoolsanddeco.com
727840,w3technic.com
727841,w4m8x1k.com
727842,w5j6v9.com
727843,waeh62sx.com
727844,waiternara.kr
727845,walletx.plus
727846,waqbpp.com
727847,warsakimportedcollection.com
727848,wartagarut.com
727849,wataniya.com.sa
727850,wawwaclothing.com
727851,wbm.com.pk
727852,web-ta.net
727853,webrodoviaria.com.br
727854,webxmaza.cc
727855,weddbets.com
727856,welove777.com
727857,whiff.co.kr
727858,wholesalefactory.in
727859,whorenasties.com
727860,wilmar.co.id
727861,windsorplywood.ca
727862,winebet.com
727863,winkdrama.com
727864,winlator.com
727865,winwin.co.th
727866,wizmag.ro
727867,wjwin10.com
727868,wnxbud.com
727869,wnxxforum.co.uk
727870,woots.nl
727871,woqod.com
727872,woweye.in
727873,writerstoolbox.com
727874,wt18eyqt.com
727875,wwwsoft-overse.com
727876,wypf.org.uk
727983,wonderfruit.co
728034,w-va.com.cn
728041,westernstatesmetalroofing.com
728074,watchplayer.xyz
728133,wadhost.com
728140,whowasthisguy.com
728156,water-house.com.ua
728204,whatsticker.online
728241,wrapcompliance.org
728262,wadidegla.com
728306,watchprowrestling.store
728307,worldquant.com
728345,westingames.com
728365,webhostmanage.com
728386,worlddigital.uk
728512,whyisend.com
728539,w-o-s.ru
728587,worldbirds.com
728645,wenslong.com
728695,weiqudu.com
728706,warwatchnow.com
728741,webtest.net
728766,weatherthreat.com
728774,wormyferman.xyz
728777,wp-search.org
728841,worldonabudget.de
728916,wxsy.net
728950,wastedoor.com
729108,wxmaps.org
729144,whyfordir.com
729155,website.ge
729235,www-bbrbet-mx.com
729253,wi.fi
729302,worldcarkiasouth.com
729377,workzonesafety.org
729402,westpaciq.com.au
729561,worldyellowpages.com
729568,waveclubpath.nl
729569,wiseloan.com
729583,wdeportes.com
729597,wowffer.com
729614,webinfostat.com
729677,wolf.io
729686,walkway.org
729689,wittemuseum.org
729708,wildcard.net
729712,webyurdu.com
729733,wwwires.com
729761,woodenarts.ru
729952,webinktr.com
729982,waterlux.ua
729997,webproxy.online
730005,worldsofgoodfortune.com
730033,wintarlo.info
730048,webppia.com
730128,wm.rs
730154,weatheredge.com
730184,worldsimpleblog.uk
730216,wedata.com.br
730263,webiihost.com
730272,wibbitz.com
730273,winmaker.com
730293,wiki-rpg.com
730367,wickedclothes.com
730387,washingtondc.gov
730391,whfxch.com
730413,webhostingpros.net
730450,wikiedit.org
730585,whirlpool.es
730610,wp300.com
730646,wordleunlimitedfree.com
730651,windmillbytessignal.nl
730689,winnipeghumanesociety.ca
730719,workingvpn.com
730739,wahooinfo.com
730752,wpbstv.org
730788,weatherguard.com
730891,wessi.com
730917,wlw-steuern.de
730968,wtlivewpg.com
730971,williamgee.co.uk
730977,woodenmax.in
731045,wellows.com
731073,wildatlanticway.com
731123,w3china.org
731159,weiss-edv-consulting.net
731189,woffu.com
731209,waypoint.nu
731215,whalecomemall.com
731280,waterh.com
731331,worldselectscope.nl
731382,wsport.it
731487,washingtoncountyny.gov
731502,westerncarriers.com
731646,wingmancarwash.com
731685,wholesalejanitorialsupply.com
731707,wenwo.com
731709,wam5net.com
731753,www-betmaster.com
731762,weberbrothersauto.com
731791,wbet11.com
731811,wssa.net
731928,wbcddassume.bond
731960,whoisnow.online
731976,wittysparks.com
731984,womancart.in
731988,wananga.com
732003,wcctv.net
732005,winefamly.com
732108,wzlib.cn
732114,webmaxi.hu
732210,worldwidewebframework3.com
732256,wangi4dlaris.ink
732260,weodata.vn
732311,wpfc.ml
732383,wdr3.de
732416,williambuck.com
732434,wwn.su
732517,wikilabour.it
732594,webeex.net
732619,wwd.network
732628,welcometorsi.org
732631,w1-golfingpg.com
732648,wpt.fyi
732653,willyhomes.com
732699,whirlpool.co.uk
732763,www-fun88-mx.com
732823,waltron.net
732838,wanneroo.wa.gov.au
732859,wombatstoyshop.com.au
732880,waterwaysjournal.net
732898,winning11cn.com
732936,wisedesignscope.nl
732938,webyco.net
732969,welchallyn.com
733008,wuestpartner.com
733017,webgenhost.com
733072,worldsat.kz
733155,webaxess.net
733195,webdesignfromscratch.com
733287,wolverinesupplies.com
733300,westhousefarm.com
733327,wrestling-world.com
733366,withers.net
733384,whattheforkfoodblog.com
733490,wplaymusic.ro
733529,wadfsfjgndflgdsniuo.com
733536,wondercms.com
733614,wzrhc.com
733651,win-raid.com
733655,wedel.pl
733676,weestep.com
733727,wowmusic.de
733731,whoopsee.it
733786,wonderwavehosting.com
733828,wowhoki.life
733878,wickedthemusical.co.uk
733894,webauthn.io
733912,wordans.fi
733982,websingles.at
734032,wwlogin.cn
734076,wemety.com
734077,wia.io
734084,w3era.com
734093,www-xnxx-video.rest
734142,wecimas.cam
734160,wavenet.ro
734229,wysepka.pl
734277,wctperformance.ca
734327,whiteandbluereview.com
734449,whitebull.ch
734495,webtastichq.com
734608,windowstechies.com
734624,wkstmk.at
734627,wildswans.jp
734711,worldaic.com.cn
734853,wangfei.tv
734900,webonlineca.com
734904,wiregrass.edu
734969,weblife.com.au
735016,widepress.de
735220,www-xnxx-doggy.rest
735231,wfv.at
735310,woodsandwaves.co
735338,winterthur.co.uk
735377,wvc.org
735411,wankerlab.com
735467,webbirddigital.net.au
735491,ws-rose.com
735493,webpros.cloud
735514,worldnetplus.co.uk
735555,watchpinoyteleserye.com
735598,worldmate.or.jp
735605,worldsocietyblog.uk
735624,watchaaaaa.com
735637,wittemolen.com
735657,wplm.pl
735658,w88.page
735683,welz.net
735726,wifilord.com
735757,webedoctor.com
735769,wedoit.pro
735823,willleathergoods.com
735948,wpoperation.com
736054,webglobal.ca
736089,wejoyplay.com
736093,wyldcanna.com
736094,wilma-wunder.de
736136,wordupbooks.com
736141,winnexplatform.co.uk
736236,wencuiwu.com
736271,wanganmaxi-official.com
736309,wawtel.pl
736329,worldofpotter.de
736355,wap.ind.br
736388,wjpeso.win
736499,warappcdn.com
736530,wvik.org
736540,wsoslot88hot.com
736570,windowtothewomb.co.uk
736615,wronba.pl
736652,wtf.pt
736790,webnet.psi.br
736825,westerndepot.com
736827,wlinfra.org
736887,winro.io
737912,wara.be
737913,wardsofkent.co.uk
737914,wasenderpro.com
737915,watsons.ae
737916,waz.com.br
737917,web-caisse.com
737918,webkatalog.pl
737919,webtvhd.com
737920,webx.pk
737921,weeklypost.kr
737922,weheat.nl
737923,wehome.me
737924,wellz.com
737925,wemportal.de
737926,wetalkie.net
737927,wibra.fr
737928,widepay.com
737929,withinearth.com
737930,wmxpro.com
737931,woodcote.sk
737932,woody.com.sa
737933,wordsworth.co.za
737934,worldfactbookarchive.org
737935,worldfone.cloud
737936,worldtoyota.com
737937,wovs.tk
737938,woztell.com
737939,wuerth.in
737940,wurth.co.za
737941,wurth.com.au
737942,wurth.com.tr
737943,wurth.ie
738018,worldmilitariaforum.com
738033,wra2.org
738034,wesoftwaredesign.com.br
738057,warble-entertainment.com
738063,wewers-gmbh.de
738064,wcoflix.io
738138,wagestream.co.uk
738149,wibako.com
738189,webserverbr21.com
738226,wgss.com
738268,world-of-satellite.com
738270,wellbyfinancial.com
738298,wanzani.com
738350,website44improves.shop
738412,wellsphere.com
738427,wintechblog.co.uk
738541,wilbers.de
738575,weed-land.net
738605,wheelstatic.com
738616,whatbitcoindid.com
738647,wol.org
738701,walnuss24.de
738708,watasolutions.com
738853,winobserver.de
738901,weeztix.shop
738916,womensfreedomcenter.net
738938,wetsuitoutlet.at
738951,webdirex.com
738976,www-xnxx-solo.rest
738993,webmajik2.net
738996,wwserver1.com
739122,worldprimenews.co.uk
739139,wowcollection.ru
739143,wehoonline.com
739154,wkok.com
739199,winzavod.ru
739211,wsform.com
739267,wangi7up.space
739337,winnou.net
739350,whoshere.site
739351,wellsteps.com
739380,www-betmexico.com
739411,winerie.com
739441,weilerabrasives.com
739465,webtasarim16.net
739492,www-xnxx-id.rest
739494,webucator.com
739534,wavemaker.com
739573,worldranklist.com
739599,wvupressonline.com
739612,webchartmd.com
739615,wobbleberrygames.online
739623,wml.nl
739731,waou.com.mo
739825,wisp.com.ar
739851,wagerworks.com
739914,webdandy-host.co.uk
739976,w9-taxform.com
740017,windowssearch-exp.com
740020,willoughbys.com
740029,workos.review
740068,wowroms-photos.com
740148,williamgrant.com
740169,webvista7.kr
740213,worldwideschool.org
740250,win120.top
740279,whorelinks.com
740298,widestore.net
740300,watchseries.gd
740317,whservidor.com
740339,westhealth.org
740508,wbb.gov.lk
740554,wijayasolusindo.co.id
740565,ws7.co.kr
740573,wettbewerbszentrale.de
740606,wargearshop.ru
740619,wiki-nsk.ru
740658,winternode.com
740662,wanip.top
740679,winworldmag.co.uk
740703,withforerunner.com
740764,walnut.io
740824,weltew.com
740847,wilhelm-research.com
741007,widebridge.de
741075,wabbes.nl
741146,worldwidecancerresearch.org
741203,wow-pro.com
741210,wie.de
741215,weekend.by
741220,wrservidores.com
741265,webzerlongwise.nl
741320,wacopa.com
741376,wahl-co.de
741391,web-helloworlds.net
741392,worlddailypath.nl
741428,witchhatateliermanga.com
741451,windowsfacile.fr
741452,wrestlingonline.in
741489,waltraud-he-wagner.de
741523,well.company
741544,womentales.com
741549,westernfarmpress.com
741553,webtures.com
741586,weliveentertainment.com
741611,wavefitnessfactory.nl
741669,wzxsjw.com
741703,wuerth.com.hr
741733,webim.com.tr
741753,wahdah.my
741863,webmenuplus.com
741872,wagtail.io
741957,woodlandscenter.org
742029,www-161bet.com
742055,wanbiquge.com
742060,wettzo.com
742202,wideviewpoint.ca
742210,wincous.com
742215,wishapp.online
742258,welele.es
742284,wellingtontimes.com.au
742401,wbnusystem.net
742428,webdealer.su
742437,whodatidols.com
742443,web-polling.com
742517,weduploader.com
742540,werlabs.se
742604,wag-art.com
742691,windowstill.com
742728,wojodacademy.com
742806,webgamesonline.com
742857,watchlakorn.org
742863,walsalltaxis.co.uk
742949,winbetzm.com
742951,wittegids.be
743067,www-lucky.com
743069,webhostingnest.com
743172,wholewomanshealth.com
743193,wk-onega.com
743200,websuite360.cloud
743208,wargamer.pl
743284,worldandwe.com
743292,win22244.com
743344,wevalueyourfeedback.com
743377,welcometoloudcity.com
743395,worlddigitalblog.uk
743447,www.bz
743479,whphosting.uk
743483,watereuse.org
743496,wordcyclopedia.com
743533,wwmxd.fun
743619,wagtrackmailing.com
743644,wilhelmina.com
743669,webflaviahost.com.br
743674,windowsblogitalia.com
743695,woohome.com
743727,wpad.dk
743753,wincollective.co.uk
743775,wppool.dev
743776,wittyswine.com
743807,wierdjapan24.com
743839,wirelesscricket.com
743846,wutils.com
743860,wayoff.ru
743875,wildevuur.nl
743903,wwe-media.net
743918,womanaroundtown.com
743929,webshopplus.nl
743955,wallabag.it
743975,wyleex.com
743992,wavetechmonthly.nl
744186,wscmdu.com
744223,win301.online
744268,wpcgallup.org
744276,whipspider.com
744302,woopread.com
744509,webhostlist.de
744531,webxsites.com.br
744560,wiadn.com
744674,wxlost.com
744808,wuqingzhengxie.com.cn
744844,wcfmdemos.com
744927,winland-mx.com
744966,wankuma.com
745017,wirednodes.com
745041,wowauctions.net
745126,wte.net
745131,wikirefua.org.il
745159,webguildmedia.com
745166,workwisekauai.com
745169,weitblickforum.de
745174,webnix.com
745186,wspieram.to
745212,winsaa.org
745216,wgsxowqscqvf2i3puon.store
745251,women2.com
745255,winprimemedia.co.uk
745289,webcams.cn.in
745294,winnet.com.pk
745332,winteam.pro
745345,wpstage.net
745376,watechnology.com
745498,winpenpack.com
745500,winningbadminton.com
745555,webike.fr
745636,wn08.cfd
745638,wololoarcade.com
745649,winslink.co.jp
745729,wgsmn1zwhr.site
745852,waywardinn.com
745882,wayfinder.nz
745902,workingnomads.co
745957,weall.org
746011,westernhealth.org.au
746033,westernpageranking.nl
746058,worldbrit.uk
746079,wibisono.or.id
746163,windows-faq.de
746175,woozu.online
746275,whitearmor.net
746316,wristenthusiast.com
746326,website-builder.icu
746347,wignet.com.br
746362,walla.my
746373,warunayama.org
746417,wptranslationday.org
746467,worldkidsselect.nl
746477,wletc.com
746498,wagerarenastation.com
746527,wellkauf.com
746541,wwwswiftcover.com
746542,websansite.com
746578,webmingo.com
838879,w-aojiru-plus-service-info.com
838880,w-arashi.com
838881,w-river.com
838882,w.net
838883,w1-slots.com
838884,w1.kz
838885,w128rq.com
838886,w1h1q9x.com
838887,w1j2w5.com
838888,w1tech.xyz
838889,w1v9z3.com
838890,w24.one
838891,w268s.com
838892,w268v1.com
838893,w268ww.com
838894,w2aezez.com
838895,w2aezv.com
838896,w2aezw.com
838897,w2aphw.com
838898,w2apw.com
838899,w2awtfw.com
838900,w2f7k9.com
838901,w2hpvteq.com
838902,w2j929p.com
838903,w2m5x7k.com
838904,w2m8r4.com
838905,w2p6n1.com
838906,w2t5y4.com
838907,w2world.net
838908,w2x6m8.com
838909,w2y7os.com
838910,w33.fun
838911,w33slotcash.com
838912,w3cdn.pw
838913,w3k9t6.com
838914,w3m2t6.com
838915,w3n3d8x.com
838916,w3v6rst.com
838917,w3y9m4.com
838918,w45.asia
838919,w46fqic1.com
838920,w46unh.com
838921,w4m7t9.com
838922,w4m8t2.com
838923,w4mpjobs.org
838924,w55nepal.com
838925,w567.game
838926,w58fq4.com
838927,w5e6t7.com
838928,w5j1u1.com
838929,w5krwgk9.com
838930,w5m0ly.com
838931,w5m2x6h.com
838932,w5o6r6.com
838933,w5v7i4.com
838934,w5wk9u.com
838935,w5zalb9o.com
838936,w6-wertarbeit.de
838937,w62a1.com
838938,w62mm.com
838939,w62n1.com
838940,w62net.com
838941,w62pp.com
838942,w62ss.com
838943,w62tt.com
838944,w62zz.com
838945,w63bboq.sbs
838946,w69026.com
838947,w6bw6.com
838948,w6c5c5.com
838949,w6i9e8.com
838950,w6m2x5.com
838951,w6ntg.com
838952,w6x2m5.com
838953,w6x4d9rh.com
838954,w6x7r2.com
838955,w6y8s2.com
838956,w777jili.com
838957,w77game.vip
838958,w7811.com
838959,w78129.vip
838960,w78148.vip
838961,w78156.vip
838962,w78187.vip
838963,w78465.vip
838964,w78475.vip
838965,w78979.vip
838966,w78ff.vip
838967,w79.digital
838968,w79a9.com
838969,w7bmw.com
838970,w7c5i4l3.com
838971,w7c9qr.com
838972,w7h6c4l.com
838973,w7j9c5k.com
838974,w7jili.vip
838975,w7k3m4p.com
838976,w7k4x2m.com
838977,w7pa9.com
838978,w7play.com
838979,w7r2x8.com
838980,w7uuw6jfhp.space
838981,w88choilathang.com
838982,w88gp.com
838983,w88hotz.com
838984,w88lunas.com
838985,w88masuk.com
838986,w88rich.com
838987,w88truongsa.com
838988,w88vipth.com
838989,w89.digital
838990,w89.site
838991,w8b8w3.com
838992,w8bets.cc
838993,w8d7uz.com
838994,w8e6m8.com
838995,w8m4q2.com
838996,w8q2nfx5jz.com
838997,w8q9m4.com
838998,w8t3k7v.com
838999,w8t5c9.com
839000,w90brq.com
839001,w999.xyz
839002,w99fe78.co
839003,w9bet.net
839004,w9e3r7.com
839005,w9k1rt.com
839006,w9k3n1.com
839007,w9m2r8k4.com
839008,w9m4y6.com
839009,w9m6r3.com
839010,w9p-4d8.site
839011,w9p5w9.com
839012,w9v2a7.com
839013,w9vip.org
839014,wa-nezam.org
839015,wa55m1.com
839016,wa55m10.com
839017,wa55m2.com
839018,wa55m3.com
839019,wa55m4.com
839020,wa55v1.net
839021,waardevollemening.nl
839022,waashine.com
839023,wabisabi.by
839024,wacevault.com
839025,wachtel-shop.com
839026,wachumbatz.com
839027,wackomaria-paradisetokyo.jp
839028,wacnbaot.com
839029,wacoal.ca
839030,wacoal.com.tw
839031,waconline.com
839032,wadahsword.com
839033,wadahwow.com
839034,wadaro.id
839035,wadattsu261.com
839036,wadhifti.com
839037,waduk88a4.com
839038,waec2026.blog
839039,waecinternetsolution.org
839040,waeldocuments.com
839041,wafa-vo.ma
839042,wafabourse.com
839043,wafarlidz.com
839044,waferbet.com
839045,waffengebraucht.ch
839046,waffi.cloud
839047,wafl-8090.com
839048,wagashi-biz.jp
839049,wagdymoamen.com
839050,wagershack.com
839051,wagiplus2025.com
839052,wagroupnest.com
839053,wahabank.com
839054,wahagray.com
839055,wahana888site.com
839056,wahanatoto-1.com
839057,wahanatoto-2.com
839058,wahda.ly
839059,wahlap.net
839060,waho.pro.in
839061,wahshow.com
839062,wahu.com.mx
839063,waibopfootball.co.nz
839064,waidon.com
839065,waifucards.app
839066,waiii.co
839067,waiijing.com
839068,wainmatepackage.com
839069,wairfo.org
839070,waithub.id
839071,waitly.com
839072,waitwhiz.in
839073,wajegame.net
839074,wajibatis.com
839075,wajikwin.zone
839076,wak-togel.id
839077,wak100bos.com
839078,wakacyjnyagent.pl
839079,wakafsumur.com
839080,wakailight.info
839081,wakanow.com.gh
839082,wakatv.online
839083,wakatvapp.store
839084,wakatvs.co.za
839085,wakayama-b3.com
839086,wakeng-onlineshop.jp
839087,wakestore.nl
839088,wakeupformacion.es
839089,wakeyinternet.ca
839090,wakfu.guide
839091,wakristo.com
839092,waktogelmantap.com
839093,waktusolat.org
839094,waktusolat.xyz
839095,wakuwaku21.com
839096,walchandsangli.ac.in
839097,waldhof-forum.de
839098,walearmeria.com.ar
839099,waleed-mohsen.com
839100,walibuy.com
839101,walica.jp
839102,walkabout.software
839103,walkatha.org
839104,walking-dead-hdrezka.net
839105,walkingmum.com
839106,walkingpadturkiye.com
839107,walkon.com
839108,walkonlinemobile.com
839109,walldob2b.com
839110,wallethr.com
839111,walletkart.in
839112,walletnest66091739.com
839113,walletpasses.me
839114,walletsoslotx.com
839115,walletwizard.com.au
839116,wallfillers.co.uk
839117,wallkillcsd.k12.ny.us
839118,wallofportfolios.in
839119,wallogy.com
839120,wallpaintingunilever.com
839121,wallpaperengine.space
839122,wallpapergram.ir
839123,wallpapersmax.com
839124,wallride.cl
839125,wallsforms.com
839126,walon.com.pe
839127,walser-shop.it
839128,walter-leasing.com
839129,walterbushnell.com
839130,waltercalzature.it
839131,waltondigitech.com
839132,walusha.in
839133,waluty24.info
839134,wamatrendz.in
839135,wamli.net
839136,wamtag.jp
839137,wan-time.jp
839138,wanama.com
839139,wanapix.fr
839140,wanapix.pt
839141,wanbangwuliu.com
839142,wanchan-life.jp
839143,wandee289a.com
839144,wandel.be
839145,wanderertl130.id
839146,wandoo.pe
839147,wandoo.pl
839148,wands.jp
839149,wandytavaresuno.com
839150,wangcuci88.com
839151,wangi4dlaris.help
839152,wanglaju88.com
839153,wangpharma.com
839154,wangtopay.com
839155,waniperih.store
839156,waniwifi.in
839157,wannabee.hu
839158,wannonce.me
839159,wanteatfood.com
839160,wantedind.com
839161,wantino.com
839162,wanwansheng.shop
839163,wanzar.com.my
839164,waofficial.com
839165,waonpg.jp
839166,waonpoint.jp
839167,wap4you.ru
839168,wapenadvertenties.nl
839169,wapi.ge
839170,wapka.fun
839171,wapking.sbs
839172,waplogin.link
839173,wapresku.xyz
839174,waprestoto.xyz
839175,waqarzaka.net
839176,waqastore.com
839177,war-forum.net
839178,warakuan.jp
839179,warasibe.com
839180,warcoglobal.com
839181,ward-security.co.uk
839182,wardyati.com
839183,ware-house.co.jp
839184,wareedlabs.com
839185,wareshop.com.br
839186,warewareguide.com
839187,warga123gas.store
839188,warga777zi.com
839189,wargaming.cl
839190,wargosports.com
839191,warhorsesim.com
839192,warian.ir
839193,warisan138.com
839194,warisanjitu.com
839195,warishapret.com
839196,warkop4d.blog
839197,warkopemasid.com
839198,warkopthree.xyz
839199,warkoptoto.com
839200,warkoptoto5selamanya.com
839201,warkoptw138.com
839202,warmastergame.com
839203,warminan.gob.pe
839204,warmionline.com
839205,warmplus.jp
839206,warnapaito.org
839207,warnereseals.in
839208,warnex.hu
839209,waroengdua.com
839210,waroengss.id
839211,waroengtogel2.com
839212,warpit.net
839213,warpporn.com
839214,warpsport24.com
839215,warrantwin.com.tw
839216,warranty.co.in
839217,warranty.co.jp
839218,warringtonsownbuses.co.uk
839219,warsoftbrasil.com.br
839220,wartaoto.com
839221,warteg-bet.dev
839222,warteg4dklepon.com
839223,warungslotia.com
839224,warungslotking.com
839225,warungtoto.com
839226,warx.com.tw
839227,warxtreme.com
839228,wasa.gov.tt
839229,wasalhr.pk
839230,waseaca-kobetsu.jp
839231,wasedasports-sousupo.com
839232,waseloman.com
839233,waseuitvaartplanner.be
839234,wash-megroup.com
839235,washcosoar.gov
839236,washhouse-laundromat.com
839237,washington-shoe.co.jp
839238,washswat.com
839239,wasi.hr
839240,waskitagraha.com
839241,wasp44.win
839242,wasp55.win
839243,wasp7.com
839244,wasparfum.nl
839245,wasport.com.br
839246,waspth06.com
839247,waspth77.com
839248,wassha.biz
839249,wastelink.co
839250,wasticredit.co
839251,wasticredit.com.co
839252,wastours.jp
839253,wasummercon.com
839254,watami-takushoku-direct.jp
839255,watanabe-bc.work
839256,watashi-h.com
839257,watashino-system.com
839258,watch-fun.cc
839259,watch360sa.com
839260,watchandnut.com
839261,watchart.com
839262,watchesreplicauk.to
839263,watchfamilyguyonline.com
839264,watchfilmy.to
839265,watchflix.cc
839266,watchhealth.com.cn
839267,watchhowimetyourmother.cc
839268,watchitmove.in
839269,watchitsalwayssunnyinphiladelphia.cc
839270,watchlanka.com
839271,watchlist-pro.com
839272,watchly.net
839273,watchmefly.net
839274,watchmono.com
839275,watchmyparcel.com
839276,watchnian-auction.com
839277,watchnow.one
839278,watchout.fun
839279,watchseries.org.uk
839280,watchsomuch.com
839281,watchsystem.org
839282,watchthebigbangtheory.cc
839283,watchtopia.in
839284,watchtown.in
839285,watchwrestling.vg
839286,watchwrestlinglive.top
839287,water.net.ua
839288,water2.com
839289,waterdog.com.ar
839290,waterdrop.cz
839291,waterdrop.it
839292,waterdrop.sk
839293,waterfun.hu
839294,waterinstitute.ac.tz
839295,waterjake.de
839296,watermark.phd
839297,watermelonsurveys.com
839298,waternet.com.tr
839299,waterone.jp
839300,waterpark.by
839301,waterscience.in
839302,waterserver-search.com
839303,watheeqa.com.eg
839304,wati80215.com
839305,wati80725.com
839306,wati80769.com
839307,wati80889.com
839308,wati87759.com
839309,watitoto.com
839310,watof.com
839311,watop.me
839312,watpamahachai.net
839313,watsapgold.com
839314,watteimall.com
839315,watten.org
839316,wattsmobilidade.com.br
839317,watu.com
839318,watzaps.com
839319,wau888n.com
839320,wave.live
839321,waveevid.site
839322,waveless.tokyo
839323,wavelet.systems
839324,waveshine.com
839325,wavethreetech.com
839326,wawacity.al
839327,wawacity.team
839328,wawasanhidup.com
839329,wawtesettur.com
839330,waxa.mx
839331,waxdenim.com
839332,way-v.com
839333,way168.xyz
839334,way2rentals.com
839335,way78.com
839336,wayakusuruzou.com
839337,wayangin-aja.online
839338,wayangtoto.com
839339,wayangv3.xyz
839340,wayanjateng.com
839341,waybacksongs.com
839342,waybeauty.pl
839343,wayfarerarg.com
839344,waynecourts.org
839345,waynesauctions.co.za
839346,waynimovil.ar
839347,wayout.rs
839348,wayu.cl
839349,wazayi.com
839350,waze128.com
839351,wazetoto.com
839352,wazirbook.com
839353,wazirwin1.com
839354,wazirwin5.com
839355,wazirwin7.vip
839356,wb403.org
839357,wba.lk
839358,wbahisdiscount2.com
839359,wbandsmith.com
839360,wbandsons.com
839361,wbasd.k12.pa.us
839362,wbbsesolutions.com
839363,wbbuy.com
839364,wbceo.in
839365,wbclass.in
839366,wbcsc.org.in
839367,wbcsconline.in
839368,wbcsmocktest.com
839369,wbehjh.com
839370,wbfdc.net
839371,wbieszczady.pl
839372,wblabour.gov.in
839373,wblackskate.company
839374,wbnotes.in
839375,wbocmms.nic.in
839376,wbototoads9.com
839377,wbpay.in
839378,wbporashona.com
839379,wbpostalgearllc.com
839380,wbpoultryfederation.org
839381,wbpublibnet.in
839382,wbs-bank.pl
839383,wbsschelpdesk.com
839384,wbtetsd.gov.in
839385,wbtourismgov.in
839386,wbtrafficpolice.com
839387,wbtrans.id
839388,wbtranzit.ru
839389,wbupdates.com
839390,wburbanservices.org
839391,wbwin01.com
839392,wbwin03.com
839393,wc-1103.com
839394,wc-9281.com
839395,wc182.live
839396,wc777.com.pk
839397,wc777g.com
839398,wc777h.com
839399,wcc.nsw.edu.au
839400,wcc.qld.edu.au
839401,wcfdcq.com
839402,wcglive.com
839403,wcgplc.co.uk
839404,wcity.ir
839405,wcms.co.kr
839406,wcofun.watch
839407,wcoingame.com
839408,wcs412.com
839409,wcso95.org
839410,wcspermits.com
839411,wd138.com
839412,wd33aa1.com
839413,wd33x10.com
839414,wd557.site
839415,wd808baik.shop
839416,wd88.pro
839417,wd888.co
839418,wdbandar.com
839419,wdd22swq3.com
839420,wddc.com
839421,wdgbook.com
839422,wdhhjk.com
839423,wdhoki5.fun
839424,wdimax.com
839425,wdjyworld.quest
839426,wdkilathub.com
839427,wdkilatmau.com
839428,wdragons.com
839429,wds2026.it
839430,wdyukvital.com
839431,we-789.app
839432,we-com.co.il
839433,we-hint.com
839434,we-pdf.com
839435,we.com
839436,we156.com
839437,we1win99.com
839438,we1yin.com
839439,we67v1.com
839440,we88referral1.com
839441,we999agent.com
839442,we999app.pk
839443,we999com.com
839444,we999vip.com
839445,we9l6h.com
839446,weallfamily.com
839447,wealthclub33.info
839448,wealthlai558.com
839449,wealthmaker.in
839450,wealthmint.top
839451,wealthreelvip.com
839452,wearadhd.com
839453,wearduds.com
839454,weare.audi
839455,wearejapan.com
839456,wearekiku.com
839457,weareoncare.com
839458,wearepreventum.org
839459,wearetto.com
839460,wearever.com.br
839461,wearjora.com
839462,wearmedfit.com
839463,wearmee.cz
839464,weather.gov.mn
839465,weatheralerts.app
839466,weatherhindi.com
839467,weathermod-bg.eu
839468,weathersealcrm.in
839469,web-amor.de
839470,web-harmonium.com
839471,web-inventory.jp
839472,web-ip.ru
839473,web-ken.jp
839474,web-ldm.com
839475,web-patient.dk
839476,web-poc.com
839477,web-sample.live
839478,web-totosloto.sbs
839479,web777.club
839480,webairy.com
839481,webank.com.tn
839482,webapiservices.in
839483,webapp.org.in
839484,webapps-classroomliveweb.com
839485,webassist.app
839486,webatic.com
839487,webberz.in
839488,webbicikli.hu
839489,webboostsolutions.in
839490,webbridge-fs.jp
839491,webcam-binnenvaart.nl
839492,webcam360.org
839493,webcamcaorle.it
839494,webcamsopatija.com
839495,webcar.rent
839496,webchin.top
839497,webclass.com
839498,webcolf.com
839499,webcomics.app
839500,webcontrol.cl
839501,webcontrolcorp.com
839502,webcorporacion.com.ar
839503,webcp.jp
839504,webcroisieres.com
839505,webcuan.xyz
839506,webdanca.com
839507,webdee999.site
839508,webdeldocente.com
839509,webdelhidromasaje.com
839510,webdelracing.com
839511,webdenuncia.sp.gov.br
839512,webdev.co.zw
839513,webdoki.hu
839514,webdpd.com
839515,webedi-his.com
839516,webedi.com.br
839517,webeir.net
839518,webengagepush.com
839519,weber-rescue.com
839520,weberp.com.tw
839521,webet1.com
839522,webexcampaign.ca
839523,webexch.com
839524,webexch333.com
839525,webflix.lol
839526,webfopag.com.br
839527,webforest.in
839528,webfront.in
839529,webfurther.com
839530,webgamereview.cc
839531,webgeo.co
839532,webgerente.com.br
839533,webgoez.com
839534,webhavenmedia.com
839535,webhotelpro.net
839536,webifygames.com
839537,webileapps.com
839538,webindo168.online
839539,webitr.com.tw
839540,webjogos.top
839541,webkam-sex.com
839542,webking.co.in
839543,webklima.hu
839544,webkyuuyo.com
839545,weblisstage.com
839546,weblocacao.com.br
839547,weblog-staphorst.nl
839548,webluma.com
839549,webmaal.bz
839550,webmaal.net
839551,webmail.ms.gov.br
839552,webmarfin.com
839553,webmathminute.com
839554,webmax.my
839555,webmedie.jp
839556,webmelden.de
839557,webmilap.com
839558,webmoda.sk
839559,webmpis.org.in
839560,webnet.com.br
839561,webnet.com.np
839562,webnotee.com
839563,webnstech.net
839564,webofhentai.ru
839565,webopskrifter.dk
839566,weboptic.ir
839567,webpayroll.in
839568,webphilservices.site
839569,webpoint.mx
839570,webpolis.uz
839571,webpoosh.com
839572,webprint.com
839573,webprotecao.com.br
839574,webq.jp
839575,webrenave.com.br
839576,webreq.dk
839577,webs-rena.jp
839578,websafe2.com.mx
839579,webseriesdesk.xyz
839580,webseriesdrive.online
839581,webseriesking.blog
839582,webseriesking.io
839583,webseriesroom.space
839584,webshow.ro
839585,webshowtimes.com
839586,websk88.site
839587,websoog.com
839588,webspidermount.com
839589,webstoreusa.net
839590,websuite.ne.jp
839591,websurveycreator.com
839592,websvip9.com
839593,websy.net
839594,webszonyeg.hu
839595,webtebpro.com
839596,webtemp.no
839597,webticket.cz
839598,webtopdf.com
839599,webuffsolutions.com
839600,webultra.com.br
839601,webuyclubz.co.za
839602,webveda.com
839603,webxh.life
839604,webxh.live
839605,webzmegz.com
839606,wec.co.kr
839607,wecanservices.me
839608,wecardpro.net
839609,wecareconnect.org
839610,wecdsb.on.ca
839611,wecdukschemes.in
839612,wecheer.io
839613,weclo.net
839614,weconnectsuperapp.pe
839615,wecos.com.tr
839616,wecoverit.shop
839617,wecreateyour.com
839618,wedaily.id
839619,wedday-story.com
839620,wedding-invi.jp
839621,weddingbiodata.in
839622,weddingplan.fr
839623,weddingshare.me
839624,wede168boyk.com
839625,wede388vip04.shop
839626,wedebeek.com
839627,wedebola.net
839628,wedenvios.com
839629,wedenviosvenezuela.com
839630,wedix.co.il
839631,wee.ge
839632,weedspin.org
839633,weeguanproject.com
839634,week-series.com
839635,weekend.lt
839636,weekendhealth.com
839637,weekendy.app
839638,weeknummers.com
839639,weetjewijzer.nl
839640,weetrust.mx
839641,weexch666.com
839642,weezchat-bf.com
839643,weezchat-ci.com
839644,weezchat-ml.com
839645,weezchat-sn.com
839646,weezchat.ma
839647,weezchat.sk
839648,weflab.com
839649,weflow.com
839650,wefluence.app
839651,wefluence.id
839652,wefox.at
839653,wega.com.ar
839654,wegadinumbers.com
839655,wegagenbanksc.com.et
839656,wegamotors.com
839657,wegetitforyou.co.za
839658,weghwj.com
839659,wegobeds.com
839660,wehealthy.ar
839661,wehebj.com
839662,wehome.pk
839663,wehood.org
839664,weightobserver.com.tw
839665,weightworld.es
839666,weightworld.it
839667,weightworld.nl
839668,weightworld.se
839669,weinmann.com.br
839670,weins-toyota-kanagawa.co.jp
839671,weinstoyotaexport.jp
839672,weirdlyhub.com
839673,weiskircher.at
839674,weissratings.jp
839675,wekeep.co.kr
839676,wel-kids.jp
839677,wel.ro
839678,weland.com.ar
839679,welbits.com
839680,welcare.cloud
839681,welcarefitness.com
839682,welchelgo.com
839683,welcome11.com
839684,welcome88.vip
839685,welcomebank.com.ph
839686,welcomecafe.co.jp
839687,welcomenightteer.com
839688,welcometopranking.com
839689,weldontire.net
839690,weles3.pl
839691,welfare.mil.kr
839692,welfare.ua
839693,welfareaziendaleitalia.com
839694,welfarehub.it
839695,welfareitalia.org
839696,welfarepartners.ie
839697,welfarepellegrini.it
839698,welhome.gr
839699,well-work.it
839700,well.fr
839701,wellamart.ua
839702,wellavia.in
839703,wellbeinn.com
839704,wellbi.in
839705,wellbin.co
839706,wellderma.ec
839707,welldex.mx
839708,welleg.jp
839709,wellersauctions.com
839710,wellfitnness.com
839711,wellgame898.com
839712,wellington.govt.nz
839713,wellith.jp
839714,welllinks.xyz
839715,wellnesplace.com
839716,wellnessbase-lab.com
839717,wellnessdiagnostic.in
839718,wellnessfocuszone.com
839719,wellnessforever.co.in
839720,wellnessincloud.it
839721,wellnesssamridhi.com
839722,wellnet.jp
839723,wellpapers.com
839724,wellsalonsoftware.com
839725,wellsmalaysia.com
839726,welltripz.com
839727,wellvity.co.kr
839728,wellwithbusiness.com
839729,wellwo.es
839730,wellwo.net
839731,welnia.com
839732,weloapp.in
839733,welovecoffee.co.il
839734,welsys.net
839735,weltch.xyz
839736,weltemmall.com
839737,wemadeplay.com
839738,wemakepink.com.br
839739,wembleyofficialparking.com
839740,wemonde.com
839741,wencheng.cc
839742,wendys.com.ph
839743,wendys.com.sv
839744,wengel.biz
839745,wengo.es
839746,wengo.it
839747,wengo.pt
839748,wengtoto99.com
839749,wentworthlondon.com
839750,wenzeltcg.com
839751,weordering.com
839752,wepay.in.th
839753,wequit.nl
839754,werawerk.cz
839755,weremoto.com
839756,weretg.com
839757,werewolf168.com
839758,werewolfreads.com
839759,werkiq.com
839760,werkswelt.de
839761,werktijd.be
839762,werne-plus.de
839763,weronika-moda.com
839764,wesample.online
839765,weshporn.com
839766,wesignature.com
839767,weslack.com
839768,wespoort.it
839769,west-bus.com
839770,westaarwellness.com
839771,westace-1151.com
839772,westace1.com
839773,westbluez.club
839774,westbourne.vic.edu.au
839775,westbromnews.co.uk
839776,westchamparan.nic.in
839777,westcoastcollege.co.za
839778,westendzone.com
839779,western.com.ph
839780,westernequipments.com
839781,westernpassion.de
839782,westernsydney.edu.vn
839783,westernunionperu.pe
839784,westernwear.co.uk
839785,westgard.com.ua
839786,westgarden.com.tw
839787,westgate.co.jp
839788,westgroup.global
839789,westhambakery.com
839790,westjetconnect.com
839791,westlandhub.com
839792,westlandonline.in
839793,westnetmlp.com
839794,westontools.com.mx
839795,westpac.com.fj
839796,westpac.com.pg
839797,westpoint.pk
839798,westpointng.com
839799,westsurrey.nhs.uk
839800,westsystem.no
839801,westvelo.com.ua
839802,westwood789.io
839803,wesuperrich168.com
839804,wetogelpro2026.com
839805,wetransp.com
839806,wetteri.fi
839807,wevans.com.br
839808,weverifyglobal.com
839809,wevitation.com
839810,wewasangoku.com
839811,wey1.mx
839812,wey77.mx
839813,weymuller.fr
839814,wezabet.ke
839815,wezip4u.com
839816,wf-41.com
839817,wfboom.com
839818,wfcu.ca
839819,wfgcanada.com
839820,wfish.co.kr
839821,wfmsoftwaresolutions.com
839822,wfoy6u.com
839823,wfs886.com
839824,wfuy8is5.com
839825,wfz5ep.com
839826,wg2019.com
839827,wg5bf7.com
839828,wg5g2-braz-ino777.net
839829,wg6app.com
839830,wg6app.vip
839831,wg77tulus.site
839832,wga2.live
839833,wgde7.com
839834,wgdhhe.com
839835,wggdvvg.com
839836,wghjkl.com
839837,wgrefer.com
839838,wgrupos.com
839839,wgsm.pl
839840,wgwmortuary.com
839841,wgyoungfuneralhome.com
839842,wh-egpi.com
839843,wh-plus.com
839844,wh6q8.com
839845,wh9z6.com
839846,wha.link
839847,whalepaybank.com
839848,whanmoo88.online
839849,what101.store
839850,whatavitamin.com
839851,whato.app
839852,whatsagenda.com.br
839853,whatsappdl.com
839854,whatsappsemadd.com.br
839855,whatscrop.app
839856,whatsfly.net
839857,whatsgroupjoinlinks.com
839858,whatshalfway.com
839859,whatsism.com
839860,whatsmyname.me
839861,whatsmynameapp.net
839862,whatsone.top
839863,whatspay.africa
839864,whatsupwellness.in
839865,whattime.co.kr
839866,whdvbj.com
839867,wheediez.com
839868,wheel-store-vip.com
839869,wheel88-auto.com
839870,wheelcollection.biz
839871,wheeloffortuneanswer.com
839872,wheels-mania.com
839873,wheels.delivery
839874,wheelsandcustoms.nl
839875,wheeltekgroup.com
839876,whencefinancesystem.com
839877,whentohelp.com
839878,whereispost.com
839879,whey-protein.ch
839880,wheystore.vn
839881,whfbgmvhus.com
839882,whgym.com
839883,whhigreen.com
839884,whilcloud.com
839885,whimsicalreads.com
839886,whimsyindia.com
839887,whinta.com
839888,whipswrap.co.za
839889,whirlpool.com.co
839890,whirlwindsoftware.com
839891,whisk-ai.io
839892,whiskailabs.com
839893,whiskas.es
839894,whiskas.fr
839895,whiskas.in
839896,whiskas.it
839897,whiskeyprice.in
839898,whiskysite.nl
839899,whispi.io
839900,whispshoop.com
839901,whistle.in
839902,whitebuffalo.ir
839903,whitebusegypt.com
839904,whitecloudbrasil.com
839905,whiteclover.net
839906,whiteelephant.com.br
839907,whitenoise554popular.com
839908,whiteowlcigar.com
839909,whiteshark.ca
839910,whitesho.com
839911,whitesquarecapital.com
839912,whitetoxic.com
839913,whizdmfinance.com
839914,whjhjh.com
839915,whjinsen.com
839916,whjjkk.com
839917,whm569.com
839918,whn88.net
839919,whn88squad.com
839920,whoacademy.org
839921,whocall.cc
839922,whocall.tw
839923,whodoll.com
839924,whojesusis.com
839925,wholecell.io
839926,wholecellonline.com
839927,wholemonkey.com
839928,wholesale-geber88.site
839929,wholesalefurnitureco.com.au
839930,whomademeaprincess.net
839931,whoopyshop.ph
839932,whooshmotorsports.com
839933,whoring-twenties.com
839934,whos-next.com
839935,whostheumpire.com
839936,whov1.com
839937,whs.ac.nz
839938,whskxk5.com
839939,whtianlv.com
839940,whtsgroupslinkspk.com
839941,whuis.com
839942,whx428930715.com
839943,wi-line.fr
839944,wi189.com
839945,wiandk.app
839946,wiap.jp
839947,wiaps.com
839948,wiaralecha.pl
839949,wibu189.site
839950,wibu47.vip
839951,wibugem.com
839952,wibusubs.moe
839953,wibwycieczki.pl
839954,wic-reset.com
839955,wic11.com
839956,wicket71.com
839957,wicket71bd.com
839958,wicket999.com
839959,wickradio.com
839960,wico.be
839961,wicp096v.com
839962,wicred.com.ar
839963,wicv.net
839964,wid10.com
839965,widegroup.eu
839966,wideorejestratory24.pl
839967,wideshop.pl
839968,widetoes.com
839969,widowly.com
839970,widzew24.pl
839971,wiebefuneralhomes.com
839972,wieducatorlicensing.org
839973,wielkopolskiebilety.pl
839974,wielkopolskizpn.pl
839975,wienerberger.hr
839976,wiensued.at
839977,wifakbank.com
839978,wifaqulmadaris.org
839979,wife-board.net
839980,wife-ch.com
839981,wife-ntr.com
839982,wife-room.net
839983,wifeposter.com
839984,wifestouch.com
839985,wifi.ne
839986,wifi.tg
839987,wifidjelfa.com
839988,wifiexch.bet
839989,wifijts.com
839990,wifionice.de
839991,wifisakti.info
839992,wifitoto86.com
839993,wifrad.com
839994,wiinjili.com
839995,wiinmatepackage.com
839996,wiismile.fr
839997,wijdeman.nl
839998,wijlhuizenconnects.com
839999,wika123-ikan.site
840000,wikatogelmang.site
840001,wikatogelpo.site
840002,wiki-phones.com
840003,wikibudaya.cc
840004,wikici.com
840005,wikisp.com
840006,wikisultan.cc
840007,wikspin24.live
840008,wikwik.site
840009,wil-pac.com
840010,wil3md5t.com
840011,wilapa-guyane.com
840012,wilas.com
840013,wildebees.com
840014,wildebeesoutdoor.com
840015,wildfantasystories.com
840016,wildgear.it
840017,wildhorsesvalley.com
840018,wildriftcounter.com
840019,wildrobin2.com
840020,wildshop.az
840021,wildslotsapp.com
840022,wildstone.in
840023,wildvalley.in
840024,wildwaters.in
840025,wildwestwins.com
840026,willaegis.in
840027,willari.com
840028,willfitness.co.id
840029,willis.ie
840030,willis.it
840031,willmusic.com.tw
840032,willowbrookhills.com
840033,willowcloud.it
840034,willowdispensary.com
840035,willowwinterswrites.com
840036,willport.co.jp
840037,willsexch.com
840038,willslots.com
840039,willstoreid.com
840040,willsub.com
840041,willsuite.co.uk
840042,willyantigaspi.fr
840043,wilma.ca
840044,wilmar.lk
840045,wilmaxpos.com
840046,wilsoncables.com
840047,wilsoncollege.edu
840048,wilsondo.hr
840049,wilyonaryo.com
840050,wimaladharmaandsons.lk
840051,wimdu.it
840052,wimdu.pl
840053,wimilabs.com
840054,wimnet.tv
840055,win-gopay69.com
840056,win-rc.co.jp
840057,win-spirit.site
840058,win-sports.com
840059,win-x98.com
840060,win012.vip
840061,win05.club
840062,win1.mx
840063,win11ex.com
840064,win140.vip
840065,win178cx.art
840066,win1x01.com
840067,win2023.dev
840068,win2023.la
840069,win222.com
840070,win222.game
840071,win222.gg
840072,win222.top
840073,win22266.com
840074,win23.in
840075,win268v1.com
840076,win27.in
840077,win33.com
840078,win365gh.com
840079,win368an.com
840080,win444.gg
840081,win444.io
840082,win4440022.com
840083,win4440099.com
840084,win4441122.com
840085,win44466.com
840086,win555ms.online
840087,win55ppp.com
840088,win606111.com
840089,win6355.com
840090,win656555.com
840091,win678t.com
840092,win68.pro
840093,win68r.com
840094,win777.mx
840095,win786.co
840096,win786.me
840097,win786.net
840098,win786.org
840099,win786.win
840100,win7jili.com
840101,win8.bet
840102,win8855.com
840103,win88p.com
840104,win9567.com
840105,win96.asia
840106,win9999.fun
840107,win9999.game
840108,win9999.mobi
840109,win9999.pro
840110,win9999.show
840111,win9999.space
840112,win9999.store
840113,winadda.app
840114,winadda.vip
840115,winadinner.com
840116,winafrica.bet
840117,winato.com
840118,winbabu.com
840119,winbbuzz.live
840120,winbd13.com
840121,winbers.info
840122,winbers.online
840123,winbet24.me
840124,winbet55s.com
840125,winbharat.club
840126,winbig25.com
840127,winbigvzla.com
840128,winboss777.com
840129,winbrl01.com
840130,winbtd.com
840131,winbuzz-247.com
840132,winbuzz.live
840133,winbuzz.plus
840134,winbuzz2026.com
840135,winbuzz247.com
840136,winbuzz24x7.com
840137,winbuzz777.online
840138,winbuzz9.ac
840139,winbuzzz.live
840140,winc4.tech
840141,wincazino.com
840142,winchido1.com
840143,winchido2.com
840144,winchido3.com
840145,winchido4.com
840146,winchido5.com
840147,winclash.lat
840148,wincric.live
840149,wind.do
840150,wind24.it
840151,windbreakermangafree.org
840152,windeeth.co
840153,windowaudit.com.vn
840154,windownationpros.com
840155,windreamapp.com
840156,windsorlino.com
840157,windsorracket.co.jp
840158,windstores.gr
840159,windtrelucegas.it
840160,windtreonline.it
840161,windycitycannabis.com
840162,winepalacegoa.com
840163,wineworld.com.ua
840164,winfast99.live
840165,winfastbdd.com
840166,winfastbdfb3.com
840167,winfix.game
840168,winfix.live
840169,winfix.vip
840170,wing-plus.jp
840171,wingame.games
840172,wingames168.net
840173,wingdas6.com
840174,wingiler44.org
840175,wingmanreservations.com
840176,wingnet-web.com
840177,wingoanalyst.com
840178,wingoex.com
840179,wingoke.com
840180,wingoldbars.com.au
840181,wings24.pl
840182,wings365gamez.icu
840183,wingscareer.com
840184,wingsmonline.com
840185,wingspanwebtime.com
840186,wingstop.com.mx
840187,wingzab.com
840188,winheng4d08.com
840189,winhigh.casino
840190,winidn1.com
840191,winiety-online.pl
840192,wininr21.com
840193,wink89.net
840194,winkart365.club
840195,winkart9.com
840196,winkinz.com
840197,winklabel.com
840198,winkmink.in
840199,winkyswhimsies.com
840200,winland.com.mx
840201,winlash.ir
840202,winlx.com
840203,winmachancecasino-line.com
840204,winmakerayurveda.com
840205,winmaster25.co
840206,winmatch365.co.in
840207,winmax.services
840208,winmayam2.com
840209,winmore998.com
840210,winmulu-5.com
840211,winmy19.com
840212,winmy6.com
840213,winmy9.com
840214,winmyr57.vip
840215,winner-affiliate.com
840216,winner11.io
840217,winner69ae.com
840218,winner7.co
840219,winner7.in
840220,winneraurarora.site
840221,winnerofre.org
840222,winnerpay.in
840223,winnerrsk.pics
840224,winners55.com
840225,winnersgroup.bg
840226,winnersgroup.sk
840227,winnersinstitute.in
840228,winnersonlysport.com
840229,winnerspin.vip
840230,winnerworldlatino.com
840231,winning.living
840232,winning168.vip
840233,winningp2.com
840234,winnow168.vip
840235,wino.mx
840236,wino3.com
840237,winobet365.com
840238,winolx777.xyz
840239,winoo.mx
840240,winoroo.com
840241,winpay24.net
840242,winpg.org
840243,winpg28.com
840244,winpg29.com
840245,winpgk.com
840246,winpgk6.com
840247,winph.app
840248,winph8.com
840249,winpkr.net
840250,winpkr116.com
840251,winpkr227.com
840252,winpkrvip.org
840253,winplay444.com
840254,winplay5.com
840255,winplayexch.com
840256,winpmcshop.com
840257,winprizeshere.com
840258,winpro.com.br
840259,winrarpc.com
840260,winrate777.co
840261,winrate777x.xyz
840262,winredeem.com
840263,winrupees12.com
840264,winrupees57.vip
840265,winrupeesapp.pk
840266,winrxdelivery.ca
840267,winrzxy.com
840268,wins88.bet
840269,winsbet77.com
840270,winsgoalmendebarkan.site
840271,winslot303on1.sbs
840272,winslot303on2.click
840273,winslot777play.com
840274,winslots.com.gh
840275,winsordermawan.xyz
840276,winsortower.com
840277,winspiritcanada.com
840278,winsports.pro
840279,winsrush.com
840280,winstar365.com
840281,winston.ph
840282,winstondata.com.mx
840283,winstonindia.com
840284,winstore.pk
840285,wintech.co.ir
840286,wintelips.com
840287,winters789.com
840288,winthedraw.co.uk
840289,wintondrivedistrict.org
840290,wintoto77.com
840291,winuno11.com
840292,winuno33.com
840293,winvegasplus-line.com
840294,winvip.one
840295,winvip88.club
840296,winvn119.vip
840297,winwin-padel.com
840298,winwin01.top
840299,winwin838a.site
840300,winwin838site.com
840301,winwinflower.co.kr
840302,winwinhuay.com
840303,winwithsnips.com
840304,winx66.com
840305,winxx15.club
840306,winxx15.com
840307,winxx26.com
840308,winxx507.vip
840309,winxx606.vip
840310,winxx705.com
840311,winzan.top
840312,winzavip.com
840313,winzertopupcenter.com
840314,winzing247.io
840315,winzo27.best
840316,winzo27.lat
840317,wionbet.com
840318,wioslujcie.pl
840319,wipfiles.net
840320,wiprecargas.com
840321,wipson.com
840322,wirabet.com
840323,wiratoyotastock.com
840324,wirelessprovisioning.com
840325,wirenotes.eu
840326,wireofhope.com
840327,wirgedenken.at
840328,wirk.io
840329,wirtualnygarwolin.pl
840330,wiruswin.com
840331,wirw2537.com
840332,wis.ie
840333,wisataairterjun.info
840334,wisatatoto003.site
840335,wisdomjefferson.org
840336,wisdomtherapeutics.com
840337,wise-yoyaku.jp
840338,wisebrother.com
840339,wisebuy.ro
840340,wisecamp.com
840341,wisecapitalsteps.com
840342,wisegolf.fi
840343,wiselife.in
840344,wiser.log.br
840345,wisereducacao.com
840346,wiserh.com.br
840347,wisetelecoms.ng
840348,wiseway.com.au
840349,wish-hert25.com
840350,wishify.io
840351,wishluck.in
840352,wishmarathi.com
840353,wishnet.co.in
840354,wishque.com
840355,wishsimulator.app
840356,wishuponmagic.com
840357,wiskundelokaal.nl
840358,wismabang.pics
840359,wismabet5.space
840360,wismabet5.world
840361,wismanest.com
840362,wisniewska-moda.com
840363,wisnu77.com
840364,wispok.mx
840365,wispuser.com
840366,wisseq.eu
840367,wistickers.com
840368,wistoriaswandandsword.com
840369,wistoriawandandswordmanga.com
840370,wiswow.shop
840371,witaanime.com
840372,witcher3map.com
840373,withcar.hr
840374,withdrawalfast.com
840375,withgo.or.kr
840376,withlive.jp
840377,withlotus.com
840378,withraven.ai
840379,withteachers.in
840380,withwind.tw
840381,witiwi.fr
840382,witozo.com
840383,witsclass.com
840384,witt-international.cz
840385,witt-international.sk
840386,wittee.in
840387,wiuse.net
840388,wivov.com
840389,wiwi.co.il
840390,wiwify.com
840391,wiwin189.com
840392,wiz-crm.com
840393,wizard24.ru
840394,wizardingcenter.com
840395,wizardofbarge.com
840396,wizoria.ua
840397,wj2.net
840398,wjdqhzld.com
840399,wjevo.com
840400,wjf3ul.com
840401,wjf8gpfhy7.com
840402,wjig9078.com
840403,wjl-line.com
840404,wjsua2777wajued.com
840405,wjwin11.com
840406,wjwin13.com
840407,wjwin14.com
840408,wjwin15.com
840409,wjz56i.com
840410,wk66a1.com
840411,wk777.app
840412,wk777.club
840413,wk777.fun
840414,wk777.org
840415,wk777.pro
840416,wk7777.com
840417,wkaq580.com
840418,wkbet32.com
840419,wks138aku.com
840420,wksjahfhejw.com
840421,wkskd3666kaiiuw.com
840422,wkslotz.bet
840423,wl-netshop.com
840424,wl-project.com
840425,wl199s.com
840426,wlatogelink.shop
840427,wlc6ug.com
840428,wlhtls.com
840429,wlnqf15i.com
840430,wlodekar.com
840431,wlpo.jp
840432,wlrke2h2.com
840433,wlsolucoesdigitais.com
840434,wluut42466.com
840435,wlv2ztf5.com
840436,wlye4x.com
840437,wm-365.net
840438,wm-system.com
840439,wm.com.br
840440,wm10.com.br
840441,wm98.biz
840442,wmb-55.co
840443,wmb.jp
840444,wmmap.online
840445,wmmotor.pl
840446,wmpgc.org
840447,wms-eg.com
840448,wmsaxuxold.com
840449,wmsbombino.com
840450,wmtapetes.store
840451,wmtpix.com
840452,wmwju.com
840453,wmz326.com
840454,wmzpn.pl
840455,wn05.shop
840456,wnbsfph.top
840457,wnc-cbd.com
840458,wncoin.net
840459,wnk-plus.nl
840460,wnonesource.com
840461,wnp9.pro
840462,wnxx.com
840463,woacomic.com
840464,woc44.online
840465,wocar.xyz
840466,wod.su
840467,wodeasy.com
840468,woden.com.co
840469,wodo88.com
840470,wodreps.com
840471,wofo.co.nz
840472,wohlwaren.de
840473,woiryiwawd1324.icu
840474,wojanshop.pl
840475,wojas.ro
840476,wojas.sk
840477,wolf77.com
840478,wolf777.com
840479,wolf7pk.com
840480,wolfattack.com.br
840481,wolfbazi.com
840482,wolfcompetitions.co.uk
840483,wolffbros.com
840484,wolfgame-ar.site
840485,wolfgang77.com
840486,wolfs-blog.de
840487,wolfsports.bet
840488,woliniusz.pl
840489,wolkskool.co.za
840490,wolle1000.de
840491,wollehalle.com
840492,wolnifarmerzy.pl
840493,woloplay.net
840494,wolorent.com
840495,wolotravel.co.za
840496,woltar.net
840497,wolters-kronkorkenaktion.de
840498,wolveyes.com
840499,woman-psy.com
840500,womencalc.com
840501,womencollegeparade.in
840502,womeniafashion.com
840503,womenschoice.co.in
840504,womensdetentionjustice.com
840505,womportal.info
840506,won-1040.com
840507,won555.vip
840508,won668.cloud
840509,won99a.com
840510,wonababi.com
840511,wonbuzz.com
840512,wondacool.com
840513,wonder1st.com
840514,wonderbazar.in
840515,wonderbra.ca
840516,wondercruises.be
840517,wonderia.jp
840518,wonderland.gr.jp
840519,wonderscope.com
840520,wondersoft.in
840521,wondia.net
840522,wonenindekrimpenerwaard.nl
840523,woneten.com
840524,wonews.xyz
840525,wong.net.pe
840526,wong87-real.com
840527,wongsobetverse.com
840528,wonplay888ily.net
840529,wonwining.com
840530,woo.pt
840531,woodabtin.ir
840532,woodaction.com
840533,woodandplay.pl
840534,woodblock.work
840535,woodbo.dk
840536,woodbridgefurniture.com
840537,woodcut.work
840538,woodenstreet.in
840539,woodica.pl
840540,woodleindia.com
840541,woodo.co.kr
840542,woodsland.com.vn
840543,woodworks-marutoku.com
840544,woodyworld.com
840545,woofgaming.com
840546,wooflix.io
840547,wooflix.stream
840548,woofy.ph
840549,woolcraftstore.com
840550,woolen8wonders.com
840551,woolf.hr
840552,woolovers.com.au
840553,woolville.de
840554,woome.fi
840555,woonmatchwestfriesland.nl
840556,woopylibreria.com.ar
840557,woordle.nl
840558,woordzoeken.com
840559,woori-house.co.kr
840560,woori.cc
840561,woori09.kr
840562,wooribugo4.com
840563,wooricap.com
840564,woospeak.com
840565,woovaz.com
840566,woowebtools.com
840567,woozoostore.co.kr
840568,wopp.me
840569,wops7.vip
840570,worbit.io
840571,worcraft.com.ua
840572,word-buddies.com
840573,wordch.com
840574,wordchampionanswers.com
840575,wordchumscheat.com
840576,wordfeud-fusk.se
840577,wordfeud-helper.com
840578,wordfeudbandit.com
840579,wordfeudhelper.nl
840580,wordfeudsnyd.dk
840581,wordfind.org
840582,wordgy.com
840583,wordhelper.org
840584,wordiply.com
840585,wordle.cz
840586,wordle.ie
840587,wordlearchive.com
840588,wordleespanol.org
840589,wordlefrancais.org
840590,wordleitaliano.com
840591,wordon.help
840592,wordrain69.com
840593,wordsaladgame.com
840594,wordsfn.com
840595,wordsolver.co
840596,wordswiththeseletters.com
840597,wordwheels.co.uk
840598,wordwolf.tokyo
840599,wordwormdormdork.com
840600,work-trip.jp
840601,work.az
840602,work168degree.life
840603,work247.com
840604,workadu.com
840605,workall-staff.com
840606,workandincome.govt.nz
840607,workanyware.co.uk
840608,workbudy.info
840609,workcenter.es
840610,workcrm.com
840611,workedbd.com
840612,worker.cash
840613,workerhouse.ir
840614,workernu.com
840615,workforcemgr.com
840616,workforcesales.com
840617,workforcestaffing.co.za
840618,workges.com
840619,workingfor.be
840620,workinluxembourg.com
840621,workis.online
840622,workjob.co.za
840623,workland.com.mx
840624,worklinknigeria.com
840625,workly.uz
840626,workmatejob.com
840627,workmotor.app
840628,worknow.cz
840629,workout.cool
840630,workpex.com
840631,workplace-fukuoka.jp
840632,workplus.co.th
840633,works094.com
840634,workseed.fi
840635,worksheetmaker.co.kr
840636,workspace16.com
840637,workspaceind.cc
840638,workstyle.pl
840639,worksy.io
840640,workwearsuit.com
840641,workwell.com.ua
840642,workwithlic.com
840643,world-huay.vip
840644,world-novel.fr
840645,world-supply.co.jp
840646,world-tobacco.jp
840647,world1688vip.io
840648,world777.now
840649,world88.fun
840650,worldcamdemexico.com
840651,worldcars.es
840652,worldcia3ds.com
840653,worldcinezone.com.tr
840654,worldclub8888.co
840655,worldcombat.com.br
840656,worldexch9.com
840657,worldfengur.com
840658,worldfree4u.xyz
840659,worldhobbyshop.in
840660,worldicas.com
840661,worldimporttools.co.jp
840662,worldjersey.ru
840663,worldjob.or.kr
840664,worldle.online
840665,worldlinkisp.pk
840666,worldmemory.co.kr
840667,worldmercato.com
840668,worldofcars-forum.fr
840669,worldoffice.cloud
840670,worldofjademountain.com
840671,worldofjarvis.com
840672,worldofolympians.com
840673,worldofolympians.de
840674,worldofolympians.eu
840675,worldofoorja.com
840676,worldofpotter.com
840677,worldofpotter.dk
840678,worldofpotter.id
840679,worldofvaira.com
840680,worldpanel24.com
840681,worldpay2025.com
840682,worldpeace2013.com
840683,worldplus-gym.com
840684,worldpranichealing.com
840685,worldquran.com
840686,worldsatta.in
840687,worldsimseries.com
840688,worldsofwonder.in
840689,worldsport365.com
840690,worldsys.org
840691,worldtennisnumber.com
840692,worldtesolacademy.com
840693,worldwide118.com
840694,worldwidecontents.com
840695,worldwidehunt.online
840696,worldwidewhiteboard.com
840697,worlimatka.in
840698,worlitiger.com
840699,wormstorysearch.com
840700,worok.com
840701,wortel21.co.uk
840702,wortev.capital
840703,worthwrap.in
840704,wos7894856152348sport.com
840705,wostess.com
840706,wotancraft.tw
840707,woven.black
840708,wow-services.com
840709,wow-webmagazine.com
840710,wow33a.xyz
840711,wow69th1.com
840712,wow69v2.com
840713,wow77gacor.vip
840714,wow88.me
840715,wow88cuci.com
840716,wowbags.pk
840717,wowco.com.ar
840718,wowcredito.com
840719,wowfms.com
840720,wowfunofb3.com
840721,wowfunofb4.com
840722,wowfunofb5.com
840723,wowfunov1.com
840724,wowfunowfu.com
840725,wowganafb2.com
840726,wowganagana.com
840727,wowganav2.com
840728,wowhoki.co.uk
840729,wowhoki.onl
840730,wowideas.co.kr
840731,wowlet.com.br
840732,wowph22.com
840733,wowpkfb3.com
840734,wowpkpk1.com
840735,wowpkv1.com
840736,wowplay88n.com
840737,wowpress.co.kr
840738,wowsmmpanel.com
840739,wowstampa.com
840740,wowstream.shop
840741,wowtv.app
840742,wowz.com
840743,wowza96.com
840744,woxh.world
840745,woyax.com.tr
840746,wozawozawoza.co.za
840747,wpc-shop24.de
840748,wpcnt.com
840749,wpdgb.gov.pk
840750,wpress.digital
840751,wps365.jp
840752,wpss.org
840753,wptr.pl
840754,wpu24.pl
840755,wqhsucp.com
840756,wqowzz.vip
840757,wr-meta.com
840758,wr777.club
840759,wr777.game
840760,wr777.vip
840761,wrangler.cl
840762,wrangler.com.br
840763,wrangler.com.mx
840764,wrangler.com.tr
840765,wranglerjeans.com.ar
840766,wranglr.app
840767,wrapk.net
840768,wraplondon.co.uk
840769,wrapshopee.com
840770,wrenchapart.com
840771,wrestlerunstoppable.com
840772,wrestling-now.net
840773,wrestling-spirits.jp
840774,wrha.mb.ca
840775,wrhdzh.com
840776,wright-london.co
840777,wrinkfade.com
840778,wrintiewaar.co.za
840779,writenamepics.com
840780,writening.net
840781,writercorporation.com
840782,writerscans.com
840783,writershub.org
840784,writerslabs.com
840785,writeyourrevolution.com
840786,written.chat
840787,wrkrec.com
840788,wrleiloes.com.br
840789,wrotniewscy.pl
840790,wrozbyonline.pl
840791,wrps.on.ca
840792,wrzesnia.info.pl
840793,wsa-online.pl
840794,wsanime.com
840795,wsaro9b.com
840796,wscts.com.br
840797,wsd4d.id
840798,wsdb.co.jp
840799,wsdbola88st.top
840800,wsdbola88x.cc
840801,wsdeportes.net
840802,wseit.pl
840803,wshift.com.br
840804,wslot188ok.lol
840805,wso55terbaik.pro
840806,wsodomuni.org.et
840807,wsoiv.com
840808,wsoth4.com
840809,wsp.ne.jp
840810,wspolceznatura.pl
840811,wsport.fr
840812,wspsonline.edu.pl
840813,wsweborder.com
840814,wszystkodowlosow.pl
840815,wtaops.com
840816,wtc88.com
840817,wtfwinv1.com
840818,wth168.net
840819,wtheik.com
840820,wtioy8.com
840821,wtmp.app
840822,wtopgames.com
840823,wtr.sa
840824,wts.pl
840825,wtsportal.com.br
840826,wtupb.com
840827,wtv1919.com
840828,wtwcinemas.co.uk
840829,wtwt328.com
840830,wu-online.gr
840831,wu55comic.space
840832,wu88.live
840833,wuathai.net
840834,wubito.com
840835,wuboru.com
840836,wude.org.tw
840837,wudqhdm.com
840838,wujiangferry.com.tw
840839,wukusy.app
840840,wunbxbm.com
840841,wunderbad.com
840842,wunderwaffe.pl
840843,wuqianox.top
840844,wurk.fun
840845,wuschko.at
840846,wushka.com.au
840847,wuwa.moe
840848,wuwugames.com
840849,wvcuvsr.cc
840850,wvhh6pg5.com
840851,wvmtnet.quest
840852,wvp.at
840853,wvphvs.com
840854,wvt99.com
840855,wvuuy.com
840856,wvzypdmb.com
840857,ww.co.th
840858,ww22bb.com
840859,ww33.live
840860,ww33bb.com
840861,ww456rtp.com
840862,ww88f1of.cc
840863,ww88ipz8.cc
840864,ww9.game
840865,ww9club.com
840866,wwat9fx.cc
840867,wwbr.com.br
840868,wweshop.ca
840869,wwftrace.nl
840870,wwinoro.com
840871,wwipl.com
840872,wwl.ir
840873,wwlvip.app
840874,wwme.kr
840875,wwnumbers.com
840876,wwol9m.com
840877,wwow.com.br
840878,wwshan.com
840879,wwtoto02.site
840880,wwtoto2.co
840881,wwvip88.click
840882,wwvip88.help
840883,www-136bet.com
840884,www-166bet.cc
840885,www-188jili.net.ph
840886,www-312bet.com
840887,www-377bet.com
840888,www-505bet.com
840889,www-522bet.com
840890,www-52bet.com
840891,www-54bet.com
840892,www-5588bet.cc
840893,www-707bet.com
840894,www-70bet.net
840895,www-881bet.com
840896,www-922bet.com
840897,www-aagame.com
840898,www-appvip.com
840899,www-bd111.com
840900,www-bee999.com
840901,www-cd44.com
840902,www-gogojili.com
840903,www-good111.com
840904,www-tk1971.com
840905,www-we999.com
840906,www.ac.gov.br
840907,www.bialystok.pl
840908,www.bydgoszcz.pl
840909,www.bytom.pl
840910,www.cci.fr
840911,www.df.gov.br
840912,www.es.gov.br
840913,www.gob.bo
840914,www.ms.gov.br
840915,www.opole.pl
840916,www.pi.gov.br
840917,www.sc.gov.br
840918,www.se.gov.br
840919,www.tychy.pl
840920,www77.icu
840921,wwwak444.com
840922,wwwcd33.com
840923,wwwck666.com
840924,wwwcv99.com
840925,wwweeeee44.com
840926,wwwgk222.com
840927,wwwiq777.com
840928,wwwkg999.com
840929,wwwl444.com
840930,wwwlottery7.com
840931,wwwluck8-game.com
840932,wwwxnxx-com.rodeo
840933,wxcoder.org
840934,wxmwnkmb.com
840935,wxwx25.com
840936,wxwx44.com
840937,wy88-lotto.com
840938,wycloud.it
840939,wyldecrestparks.co.uk
840940,wyn4dgan.biz
840941,wynikilotow.pl
840942,wynn-club.com
840943,wynn-macau.bet
840944,wynn168.vip
840945,wynn400.com
840946,wyomingmedicaid.us
840947,wyowaivers.com
840948,wyp.cc
840949,wyp.kz
840950,wypiekibeaty.com.pl
840951,wyprzedazebielizny.pl
840952,wysemeter.com
840953,wysokomazowiecki24.pl
840954,wytsg.com
840955,wytworniawypraw.pl
840956,wyzmindz.com
840957,wz-shunzhou.com
840958,wz888.net
840959,wzpay11.com
840960,wzpdcl.gov.bd
844363,warsawvoice.pl
844409,walkermn.com
844452,waves-audio.com
844513,wadr.org
844524,wsmcasino.com
844553,wikispiral.org
844593,weps.cz
844600,wor9.net
844619,weave-telehealth.be
844755,wankworld.com
844786,wanttopay.net
844837,websitetoday.nl
844853,wsc.com
844860,windfair.net
844893,wersports.com
844912,wbg-wissenverbindet.de
844917,winpcware.com
844977,walkersglobal.com
844979,wehoville.com
845017,wincentralplus.co.uk
845029,webmeesterlijk.nl
845053,wll.pw
845065,whydotpharma.com
845121,webecommerce.cl
845127,woodrollerski.com
845220,wandsworthpages.co.uk
845252,wayahead.org.au
845258,whongtec.com
845279,webdoksandokuz.com
845371,wamster.ru
845379,webatlas77.lol
845427,wqln.org
845457,waspinventorycloud.com
845458,www-novibet.com
845504,wistoop.net
845535,wienerjobs.at
845639,wenee.net
845689,wildberries.com
845704,whistleexpresscarwash.com
845762,wechords.com
845844,weedykeagan.monster
845864,wcpt.org
845918,witheredfig.com
845924,waykenrm.com
845945,workbenchmedia.ca
845963,wiltshire.com.au
845973,waylandadditive.com
846011,worldhobbies.com.au
846033,weppy.xyz
846039,wcasd.net
846055,wavecornersmart.nl
846089,wincanton.co.uk
846122,watchtower.cyou
846123,wien.rocks
846146,wordpressweb.shop
846295,warnermedialabs.com
846301,weikiang.com
846302,whhwsh.com
846307,webeminence.com
846312,wouterclaes.nl
846338,wealthybyte.com
846349,westpaw.com
846381,watery.de
846382,wz.sk
846386,weatherlands06.site
846395,wascal.org
846397,worldwiderecruiters.ca
846402,wedeploy.io
846461,wherecrowded.sg
846462,windowp.org
846463,wo51ur2ihe.com
846464,wonderful.cx
846559,walla-app.com
846560,wday.gr
846561,wilburstotalbeverage.com
846562,wol.wiki
846680,winnexpro.co.uk
846697,wikinetworth.com
846845,websexfilms.com
846851,wolicheng.com
846902,www-betway-mx.com
847072,wd40.de
847076,washington-state.net
847106,www-irr.ru
847108,whiterocksoapgallery.com
847187,wcponline.com
847244,windapp.tech
847254,wpmu.org
847320,whopam.com
847323,watchchest.com
847329,worldfuture.uk
847333,wacai.com
847346,worldfutureblog.uk
847377,w2websites.com
847387,wet3dporn.com
847412,wintergreenresort.com
847430,wolfisp.com
847444,wings.lv
847447,www-1x-mx.com
847499,wartburgkreis.de
847527,wiwiland.net
847553,waysidewaifs.org
847559,wallmurals-au.com
847599,wsscreative.com
847613,webba.nl
847727,win222zf.cc
847757,wenzhanggu.com
847763,whitman.com
847791,wildwalks.com
847802,wadjeteyegames.com
847810,wander-plus.com
847864,wjpr.net
847870,wormsandgermsblog.com
847946,wilkinsoneyre.com
848016,wheelsworx.com
848038,wsagents.com
848039,weather.com.au
848068,wingsatwork.com
848071,worcsacute.nhs.uk
848143,wildbit.com
848145,websupport.md
848185,wpolsce24.pl
848232,wideflow.de
848241,wasi.lk
848250,watchguard-support.co.uk
848254,widetrack.de
848303,whatspot.app
848350,werko.com.au
848364,wortes.ru
848392,wwl.com
848399,wordsdb.ws
848415,westeros.fr
848416,willamette.net
848424,woodartsupply.com
848431,walkingonadream.com
848454,wood-swordcricket.com
848476,wjp.am
848528,witjesverzendhuis.com
848549,wellgreens.store
848606,walkingmountains.org
848660,wouldliketomeet.me
848666,windmillcareeradvisor.nl
848682,webhosthub.net
848720,warofwizardsvr.com
848753,wisetechacademy.com
848835,wageramedia.co.uk
848877,wwcomics.com
848905,wajax.com
848927,wellnut.com
848946,welshathletics.org
849010,wheatonpm.com
849011,worldclair.fr
849025,waterburyct.org
849029,worksarena.com
849095,worximity.com
849143,welcia-yakkyoku-recruit.net
849145,www-xnxx-fans.rest
849154,websafety101.net
849155,world-aluminium.org
849198,wbdo.pl
849260,w88-mx.com
849299,wapgem.com
849316,wpush.ru
849337,webresolver.net
849377,wesecurehost.com
849479,wingmoney.com
849508,willtiptop.com
849538,wsfcs.k12.nc.us
849567,workoutlabs.com
849569,wsuathletics.com
849593,walmartcanada.ca
849596,wizdi.school
849634,wsdvs.net
849735,worshiponline.com
849745,webvideowarriors.com
849758,watchseries.tube
849786,websprix.com
849792,wow6zo.xyz
849861,why-not.website
849876,weedscience.org
849887,woven-city.global
849891,worlddab.org
849894,whts.co
849992,well-beingsecrets.com
850013,wynnalmarjanisland.com
850029,w88ap.com
850110,wordlab.com
850233,wpmhost.net
850244,wolfycasino.com
850319,westamerica.com
850369,wingsounds.com
850448,wealthymindset.co.uk
850520,watanabe-mi.com
850580,wesleychapeltoyota.com
850678,wialon.pro
850716,wrp.org.uk
850723,webdesigningindubai.com
850736,webhatch.cz
850741,web360.it
850771,warnerleisurehotels.co.uk
850852,we567.com
850869,webseobd.com
850883,webboxservers.co.uk
850904,win444oos.co
850919,webbersconsulting.com
850945,wikimafia.it
850967,wunschgrundstueck.de
850974,wellnesshotels-regionen.de
850979,wurkhubhosting.com
851001,win444oos.vip
851048,wulagame.com
851062,withcubed.com
851134,worldaffairsboard.com
851252,weseektravel.com
851253,wiredforbooks.org
851326,webauthn.guide
851380,wajdansupermart.com
851431,whirlpool.com.ph
851432,whliyu.com
851461,webifibra.com.br
851501,webjx.com
851521,webcam-sexe.net
851538,wyvernforce.ru
851545,wesel.de
851706,wasatchwebsites.net
851713,wideners.com
851785,worldwide.com.au
851790,webmartial.com
851800,weipaitang.com
851817,wlfc.vip
851836,wicona.com
851897,waterfunshop.com
851904,wellspring.com
851926,webdesigncompanybd.com
851947,woodman.vip
851978,wpbx.net
851984,wildfloridairboats.com
852020,wifreefi.ru
852080,wf-lawyers.com
852108,wooroemae.com
852127,worldradio.ch
852139,winepressnews.com
852143,winepark.ru
852150,wdc-jp.com
852192,wuiltweb.com
852276,webpartner.agency
852295,wokanshuwu.com
852303,webcomicsnation.com
852310,wpovernight.com
852361,waterdrop.com.au
852365,wellingtongymkhanaclub.co.in
852385,webelite.com
852388,webcamhopper.com
852436,winpromedia.co.uk
852463,wongm.com
852513,webek.net
852539,worldopenblog.uk
852581,worktual.co.uk
852604,week838.live
852633,willsmith.com
852693,webdesignofegypt.com
852698,wncna.org
852714,weststigers.com.au
852721,wbpg.org.pl
852728,woondsplay.com
852807,wsherlockhost.co.uk
852810,winreview.de
852842,watchbaybycherryoo.com
852943,winecog.shop
853021,wingsmo.com
853129,wljyyjy.com
853133,webpulseindia.com
853186,wodou.cc
853213,wcofun.net
853278,wanbar.net
853332,wifelens.com
853361,website-media.com
853379,wearefamiliesrising.org
853391,wikijoo.ir
853422,weldon.cn
853427,wepublish.cloud
853455,worldschoolface.com
853463,wingsix.com
853464,worldsmart.uk
853465,wantabrand.com
853469,warumdarum.de
853478,warsawhotels.net
853512,worldtribune.org
853526,weiss.bet
853544,watchtv.net
853574,wk321.com
853675,wizzz.net
853680,websitedesignerprogrammer.com
853699,wokko.io
853711,wxperts.net
853715,wowbabel.com
853738,westelsystems.com
853781,whitelabelpayments.cloud
853826,watchstation.com
853838,whiskeycaviar.com
853850,web-coms.com
853857,winnation.nl
853903,wholewhale.com
853910,wehelpschools.com
853935,whhsn.com
853949,waysidepublishing.com
853956,weima.com
853996,wayforpay.shop
854068,win79.ae
854133,wau24.com
854159,whatisthe99.com
854163,win444.xyz
854192,weldultrasonic.com
854198,westernsystemszwolle.nl
854212,wanderer.com
854222,webleaders.eu
854242,warmind.io
854246,wrestling-online.com
854252,willowtreeapps.com
854262,wfrfire.com
854295,wzeys.com
854305,wploginlockdown.com
854306,wisegiga.net
854315,wifehomeporn.com
854325,workhub.com
854335,waterstand.jp
854361,wrscloudhost.com
854365,webbankir.ru
854366,webmonitor.ro
854379,windigitalmag.co.uk
854382,wreckedulpan.com
854385,wintec-autoglas.de
854422,wh315.org.cn
854577,wheel-arabia.com
854610,ww88g.red
854628,whynotblue.com
854639,wecomdns.com
854663,webcom-russia.ru
854697,win51.top
854724,wildwildvids.com
854727,westcentraleq.com
854741,wetzavet.ru
854759,wdkx.com
854800,workecho.tr
854814,workera.ai
854817,wepoc.io
854960,wickediptv.live
854995,wastateleg.org
855072,wildchina.com
855075,websur.es
855092,whering.app
855108,wysl1040.com
855166,wazzuppilipinas.com
855200,wiztoyz.com
855202,wellmans.co
855236,wanwushibie.com
855240,webecommercedeveloper.com
855245,websad.ru
855281,webis.kr
855288,worldwidesteelbuildings.com
855297,winsignal.de
855407,willabgarden.se
855442,worb.cn
855474,woodranch.com
855562,wesentlich.shop
855590,warmnode.co.uk
855610,weeedcat.com
855618,websmspro.net
855619,watpho.com
855720,woolhouse.de
855761,whjg.gov.cn
855776,word-yoga.com
855788,waffenpro.de
855800,win126.top
855802,wphybrid.com
855806,web2b1.com
855823,wms.co.uk
855925,webvr.rocks
855936,whereyat.com
855939,warringtondental.com
855969,williamsondailynews.com
856048,wlp.app
856088,wepwawet.net
856152,www-1win-mx.com
856176,windmillbuzzline.nl
856217,wetandforget.com
856220,worldnetmedia.co.uk
856229,washingtonbrewersguild.org
856244,wow2021.in
856258,waveservice.com
856266,wallbase.cc
856305,well.ru
856327,wageradirect.co.uk
856328,win91.top
856409,welovecinema.bnpparibas
856412,worldstories.org.uk
856433,webfuel.de
856444,webaidin.com
856508,wzdjnj.com
856522,webzsolutions.co.in
856569,windowsbit.net
856589,worldwatchmuseum.com
856600,wikijournalclub.org
856606,wzdweb.com
856621,webberwentzel.com
856702,worldsamba.org
856740,webinnovatorblog.co.uk
856755,weblo.pl
856802,watch-wiki.net
856816,wordmadness.net
856842,wagergalaxystation.com
856851,webarticleservices.com
856859,wisephone.com
856880,wilsonbank.com
856900,worttraum.ch
856973,wifi.kz
857010,whitingsfuneralhome.com
857017,wade.ink
857025,wagerabets.co.uk
857066,ws5gc.com
857136,wannawwannie.pl
857138,worksattelecom.net.br
857152,warm-fire-110.store
857162,web-market.io
857188,wordpress-deutschland.org
857213,washingtonreporter.news
857238,webhostingdevelopment.com
857265,wqnsdk.com
857287,walldreamer.com
857313,winhubnews.co.uk
857352,wangxiaojian520.com
857374,wikus.de
857375,webstercorp.com
857381,wearekinetic.com
857441,webmachine101.com
857454,wonacocasino.de
857529,wysp.ws
857532,worklocal.com.au
857726,whiskyfass.de
857739,worldukhub.co.uk
857767,wavetec.com
857776,warungplay.com
857786,www-rushbet.com
857812,weg.ee
857813,webdesignagency.ro
857818,wegomedia.net
857890,wp3.casino
857892,wgvunews.org
857937,wings-for-life.com
857946,winmag.com
857952,w003.cloud
857987,wordmap.ru
858007,workshopsupply.com
858027,windoorexpert.eu
858037,workinstartups.com
858056,website-radio.com
858082,wdtpress.com
858108,worldsoccerdata.com
858142,wheretoapp.com
858170,wtocenter.vn
858220,wbcsmadeeasy.in
858228,webtma.com
858362,woskresensk.ru
858417,webradio.fm
858459,wrapandtiefloral.co.uk
858500,webcentury.ro
858567,webdesignclip.com
858593,web-books.com
858622,wyrestorm.com
858676,webseo.pro
858752,w-solarmovies.com
858809,wolfbrandchili.com
858810,weeklypublic.co.uk
858973,wetalkwomen.org
858983,workvisainsights.com
858989,womantoc.gr
859020,woainz.com
859062,whodoiprotect.com
859075,webfranchise.nl
859077,wukogame.com
859154,wkits.net
859164,wielkiezarcie.com
859165,waldbuehne-berlin.de
859187,windowsvistablog.com
859205,wearesolu.com
859217,winglobalsite.co.uk
859237,wentprom.ru
859253,worldmodern.co.uk
859256,wonen.nl
859376,wingsl0ts77.xyz
859426,whitelabelexpo.com
859498,waltersweddingestates.com
859508,wealthcreationmethod.site
859582,webtechsoftwares.in
859613,waveaccess.ru
859659,watchcartoononline.com
859694,wcsy.com
859757,winkels.nl
859825,wdcserver.co.uk
859848,wpremote.com
859874,wolf.ua
859892,wombat.exchange
859976,woodbridgebath.com
860121,webild.io
860229,west-games.com
860245,wtfdig.info
860270,wisembly.com
860278,wbdsports.com
860316,warrenaverett.com
860399,widemania.de
860461,ww-intern.de
860506,www-10bet-mx.com
860529,wesleymission.org.au
860531,wapbox.ru
860537,windflowerflorist.com
860554,wheelerfleet.com
860569,worldvision.clinic
860630,writingbros.com
860668,weezerpedia.com
860670,wshblaw.com
860772,wzotrust.org
860789,wokontechapi.com
860803,widget-quote.com
860825,wegweiser-kommune.de
860829,washspot.in
860895,weightwatchers.co.uk
860967,webyetu.online
861001,wavesystemsline.nl
861053,whitewizardgames.com
861080,wowair.ca
861090,wx3.se
861108,worbes-verlag.de
861117,windowd.com
861130,wealthyspy.com
861503,waheaven.com
861504,wavar.com
861505,wave.com.au
861506,wavebyagc.com
861507,wayxtech.com
861508,wbiao.co
861509,web-diangun01.icu
861510,wholesaledeals.co.uk
861511,whznjx.com
861512,wjkc.xyz
861513,wowsuite.it
861551,wmcnetworks.com.br
861553,wlc.ro
861604,workonafavicons.com
861635,wartburg.de
861664,west2000.de
861738,wjkbooks.com
861757,wowtravel.me
861763,wmd-online.com
861770,weavebillpay.com
861782,wrkr.com
861798,westryn.net
861852,wellappointeddesk.com
861856,wmlink.ru
861901,wretched.co
861902,wtools.io
861917,whitsoftdev.com
861935,wanderverband.de
861951,wallpaperset.com
862002,wegreened.com
862123,werbe-discounter.de
862128,winworld.pw
862168,woobull.com
862187,wero.de
862190,wanderingbearcoffee.com
862345,womanwiki.ru
862422,webmasterix.com
862484,websitespeedy.com
862515,w-warehouse.com
862645,webcolinas.com
862678,wljzkj.com
862682,wdwradio.com
862687,www87hg6.cc
862751,webmastering.info
862758,wozkosz.pl
862805,winelivery.com
862879,wageranetwork.co.uk
862904,won91b.com
862912,watchpool24.com
862941,wsc-sports.com
862942,womenhistoryblog.com
862975,weendo.com
862989,worldtechonline.co.uk
863060,wanderjet.nl
863239,weckglaeser.com
863252,whatagirleats.com
863278,winlifeblog.co.uk
863365,watch4you.com.ua
863380,w1server.com
863397,wingfinder.com
863400,worlduktoday.co.uk
863429,whales.market
863476,welcome-app-germany.de
863483,westgov.org
863490,w3c.es
863502,wichitabyeb.com
863549,weeky.es
863554,wdhafm.com
863577,warmyourfloor.com
863619,wsits.com
863649,weblink.ch
863659,winecountry.com.au
863688,webclickindia.biz
863718,westsciences.com
863728,website-creator.com
863743,wiotv.com
863780,westcmr.com
863787,whsgat.buzz
863797,whatsmyip.dk
863843,www-xnxx-mommy.rest
863910,webbo.hu
863943,webrede.com.br
863979,whereabigailwent.com
864018,wahelp.cards
864023,web-specialists.com
864045,wia.org.au
864073,worldworldprime.nl
864121,wu-inc.com
864155,wggames.cn
864203,wissentank.de
864211,webcolinas.pt
864223,wirx.com
864228,winreport.de
864257,wadline.com
864342,w88info.com
864344,walljar.com
864350,worldcultureonline.co.uk
864434,wearostrich.com
864437,wtgrantfoundation.org
864449,writersstore.com
864479,website.net
864584,wenxuez.com
864617,workbootwarehouse.com.au
864656,wingagas.com
864658,webgeniusdns.com
864684,w2iserver.net
864694,weth.site
864739,workforcelogiq.com
864797,world-hydrogen-summit.com
864839,writtenwordmedia.com
864846,wargame.ch
864867,waterwinetravel.com
864897,willetts.com
865028,windlounge.de
865029,w33b.cloud
865093,worldsbestbars.com
865228,worldwhiskiesawards.com
865239,wextap.com
865252,win077.click
865296,w5.hu
865304,wdku.de
865306,w3code.com
865309,weeklyadsale.com
865312,wowsecure.ru
865336,worldbrides.org
865372,winuk360.co.uk
865479,wps.rs
865530,wanbanghuichong.com
865554,winkler-sandrini.it
865555,wbcommunitytrust.co.uk
865558,wisebrief.us
865636,woasi.app
865659,wispsync.com
865660,wmu.com
865672,wujhgb.top
865701,wearecasa.org
865785,wanyiwan.com
865800,waechter.eu
865834,webjoomla.es
865862,wagnermunz.com
865913,watershedcapitallimited.com
865929,wpad.box
866052,wananchiforum.com
866053,woodlandmills.com
866056,wehost.ru
866058,wayjet.nl
866060,webedition.org
866141,webro.com
866184,wanminecal.com
866209,worldculture.uk
866250,wphostinghub.com
866290,wangjumeng.xin
866307,weltblicke.at
866344,westcoasthifi.com.au
866351,wjlswl.com
866380,worldwatch.news
866456,wseas.org
866501,whamoo.com
866597,winvault.de
866598,wolveslynx.com
866628,wowkit.io
866651,wsschaefer.com
866678,windowgenie.com
866728,wawawriter.com
866749,wnm-group.fr
866801,wescan.vn
866802,wherewework.gr
866812,wildberreis.ru
866842,weatherwest.com
866844,wildrobin.com
866867,websitescreator.de
866892,wikaribbean.org
866932,webdesignandcompany.com
866944,waskochich.com
866970,waybungglumes.shop
867007,waveware.de
867009,whosresponding.com
867052,wynajem-osuszacza.pl
867209,www-88tyc.com
867217,winukmedia.co.uk
867226,weylandts.co.za
867237,winprimenews.co.uk
867327,wspolnotapolska.org.pl
867337,w1nr.net
867367,w6e.ca
867390,webo-facto.com
867424,wi-com.jp
867497,worldrallyraidchampionship.com
867544,wli.it
867681,writersrelief.com
867695,wedia.gr
867737,webcomindia.net
867792,wiserver6.ir
867803,wazcam.net
867810,wienerberger.nl
867814,webcom.by
867816,walterscheid.com
867867,walterservices.com
867912,writersattheconvent.com
867925,welcomesaudi.com
867978,wincert.net
867998,wyse.com
868036,wellfittreadmill.com
868154,wintodayblog.co.uk
868213,webma.hu
868287,worldproonline.co.uk
868319,wszystkodokuchni.eu
868325,wmoreira.com.br
868356,watsonville.gov
868376,waterfurnace.com
868377,wastenot2.com
868435,whitsundaysaccommodation.com
868499,weave.io
868515,weller.ru
868610,winbrittoday.co.uk
868627,wiingy.com
868628,winfun.us
868646,wileyc.edu
868709,wifigarden.com
868765,wgms.ch
868810,webtionnaire.fr
868902,wardutilities.co.uk
868984,wipon.kz
869009,wdic.org
869085,wcyy.com
869104,wow-xxx-videos.com
869151,wellpath.us
869182,webcams.name.ng
869195,westendjobs.ca
869215,wekiodns1.com
869220,wondercafe2.ca
869228,weavinghomes.in
869252,weboke.nl
869369,warct5pxt.live
869404,wkits.nl
869459,wiseglobalsolutions.com
869495,wanegrims.com
869498,webserver10.com
869586,wideworks.de
869599,webhostingci.com.tr
869604,webmatrix.com.br
869608,wamiles.com.ua
869624,webloom.it
869735,wargames-spain.com
869770,wordlanes.com
869771,wnsgroup.net
869781,witgala.net
869797,web-ofisi.com
869803,w18.net
869814,wkbtires.com
869879,wealdnet.co.uk
869932,wk-winrar.com.cn
869966,webcrial.com.br
869975,waukonstandard.com
869980,wirtschaftsfoerderung-hannover.de
870032,whatsonreading.com
870069,weiserlock.com
870084,weblocator.de
870085,wishlistcall.com
870190,worldxclub.com
870260,witgoed-koning.nl
870356,whytes.ie
870411,web-cardinal.com
870487,wrenchead.com
870522,wellnessmarketer.com
870527,wwf.sg
870576,wxcloudrun.com
870577,wordans.ch
870605,worlduc.com
870647,wwlzw.com
870717,waikikiaquarium.org
870725,wirewiki.com
870731,winterpixel.io
870764,wosaimg.com
870784,webofproceedings.org
870849,wavpack.com
870884,wingcoenterprise.com
870891,warrantyandinsurance.com.au
871011,wasmachma.at
871030,worklytics.co
871127,wecamgirls.com
871137,wanmacxe.com
871149,wunan.com.tw
871155,wordsinasentence.com
871157,weinor.de
871159,web-breadwallet.com
871218,webspaceninja.com
871239,willowandstone.co.uk
871254,warbirdsresourcegroup.org
871260,wingsatwork.net
871311,weingut-schoenlaub.de
871315,webdevine.co.za
871422,websiteatelier.com
871424,wayra.com
871438,wc3edit.net
871441,wisenwaarachtig.nl
871460,wantech.de
871487,wisepagereview.nl
871581,wijeya.net
871599,worldpoverty.io
871710,waterfoxproject.org
871738,waxit.com.au
871746,w4ghutir.com
871774,westernlearningexpress.nl
871799,wermuth.de
871827,wintershalldea.com
871866,wfosigw.pl
871908,whiterise.su
871991,winworld.es
872027,wrmea.com
872059,wakazon.com
872071,webserve.gr
872130,webas.lt
872135,wrenchway.com
872166,wirtgenankara.com.tr
872174,webstrucksms.com
872187,webpraktis.com
872215,wilka.de
872229,webminal.org
872244,wildone.com
872245,wjz.com
872308,wealth-ion.shop
872334,wordans.co.nz
872335,woodward.edu
872399,wealthawesome.com
872418,webhostindia.net
872495,wavecultureguide.nl
872615,womb.co.jp
872658,wfwbtc.com
872676,weekinsecurity.com
872787,webaukhosting.net
872799,wr.al
872808,warcraftmounts.com
872815,wpodns.nl
872827,webfactorysite.co.uk
872882,wynnmod.com
872884,wardheernews.com
872955,webdonline.com
872957,warrencat.net
873101,whichmuseum.co.uk
873112,wakandaslot.cc
873145,wifihifi.com
873286,wetronic.nl
873287,whatcom-news.com
873288,woest-sport.nl
873289,wywatl.com
873327,w8.com.cn
873337,webstorage.net.br
873368,wooflixz.tv
873466,webpages.one
873469,wholeskop.com
873473,wixroyd.com
873478,windsorhillsrent.com
873679,whsoft.de
873692,www-888casino.com
873708,weingarten-grosse-groessen.de
873713,wtsi.me
873774,wiimm.de
873842,wit.id
873847,wenjian2000.com
873855,wildstudio.dk
873970,worldtechplus.co.uk
873993,wylespsaloid.com
874021,windfallcomputers.com
874024,winhubplus.co.uk
874037,wsl.edu.pl
874059,welesg.com
874060,worldkorean.net
874062,winnenip.de
874122,whalekit.live
874163,whydevelop.com
874185,wangdun.cn
874213,wisemeal.org
874225,weifengcc.com
874243,webecreator.com
874257,weheartbdsm.com
874331,wavelengthmag.com
874352,wgtnet.com
874371,weaverauctions.com
874392,wuyou.ca
874511,workorderlive.com
874667,wakarutodekiru.com
874728,wintherecasino.eu
874885,warpol.pl
874888,wbcp82400.com
874942,watfordvalves.com
874952,worldcultureconnect.nl
874993,whats4eats.com
875085,wclibraries.org
875095,warwickshireonline.com
875121,wemhoener.cn
875136,waf-mumumnq.com.cn
875137,worldonlinemag.co.uk
875146,wangmingdu.com
875212,waterloochronicle.ca
875246,wemoto.it
875362,web-analysis-repo.com
875459,wright.com
875483,web-interactive.nl
875525,wingsetc.com
875670,w8w.pl
875706,whosts.au
875718,waterstore.ua
875789,webmexshop.cz
875792,watchingamerica.com
875804,webpeople.nl
875850,whatmedicine.info
875869,westlandtheater.nl
875900,wellbeingtrust.org
875978,wikiakkords.ru
875984,wvp.pl
876049,wikipediasucks.co
876050,waterbrookmultnomah.com
876056,wemoto.cz
876072,wwwincnews.com
876111,waithaispa.ru
876144,willhalm.net
876185,wire66.live
876310,whitecrestonline.com.au
876339,wpolive.com
876344,webhostms.com
876378,wilawlibrary.gov
876418,websiteroof.com
876443,webstc.gr
876507,wecajxx.online
876572,win71.buzz
876589,wire.de
876620,whimed.com
876678,webfield.ca
876679,wepari-81598.pro
876741,weinvest.be
876742,wpbuffs.com
876807,wavenetworkprime.nl
876833,wdu.edu.cn
876835,watchful.cloud
876903,watertaxi.com
876920,webtalkbot.com
876930,wfpet.com
876955,webflyer.com
876995,wayers.com
877010,w2w.com.ua
877048,wdcs.org
877081,wyveep.com
877128,wattslights.com
877140,weber.ru
877157,www.gov.ge
877170,whollytasteful.com
877200,workspace-access.total
877211,wordechobuzz.com
877244,winbrithub.co.uk
877302,wordnestgalaxy.com
877430,wfmachines.com
877462,wholeandheavenlyoven.com
877484,warez-ddl.net
877518,webtrain.co.kr
877682,wbets.nl
877693,walldeco.ua
877723,worlduk.co.uk
877724,workflowmm.com
877772,worldbrightblog.uk
877826,wacom.jp
877832,warterfuels.pl
877868,wingluke.org
877885,wockhardthospitals.com
877886,wbag.at
877895,wdmcs.org
877906,weratv.ch
877911,wardrobedirect.com
877993,willowbrookbandb.com
878018,whn.host
878020,worshipleader.com
878024,wakeupyourmind.net
878110,wxmovie.com
878123,wiztivi.io
878140,widecenter.de
878153,winsolitairecash777.com
878168,windpower.org
878169,winitylive.ru
878179,wiremasters.co.uk
878252,websadministrables.com
878325,wanda-group.com
878327,webporter.com
878342,wida.us
878382,woodupp.de
878388,welvura2.com
878401,whitenosesyndrome.org
878447,worldukonline.co.uk
878535,womentechmakers.com
878537,worldcup.help
878546,wbhsi.net
878630,wdc.pl
878648,why4ch.live
878684,wordwizard.com
878848,wmcqhwbs03.com
878855,whatismypony.com
878894,worldsalenow.com
878905,worldnetsite.co.uk
878974,wncy.com
879013,wgn.pl
879021,wpbuzz.com
879139,wb22trk.com
879150,wxyh.cn
879235,webcom.nc
879258,wmcurrency.uk
879273,winstscore.nl
879304,wunderland.com
879352,wirtschaft.ch
879434,wri-indonesia.org
879442,weheartnutrition.com
879452,williammattar.com
879477,weluvit.biz
879481,wbckfm.com
879499,wearyourbeer.com
879525,wychavon.gov.uk
879608,whijournal.com
879692,web.cafe
879693,wetalkapp.com
879694,world-tours.jp
879695,wujekcalcaterra.com
879758,wflow.com
879837,whatsthisword.com
879855,webmakesite.com
879863,weatherlivepro.com
879885,winprohub.co.uk
879938,warhammer-aoc.com
880036,webclient7.de
880049,webtaktik.com
880103,wvinsurance.gov
880123,wn24.cz
880133,webresizer.com
880155,webcontrol.net.br
880181,windownation.com
880218,wws24.net
880327,woodworldtx.com
880338,www-xnxx-girls.rest
880358,wvv.com
880359,wisepubapp.com
880362,wilfy.ru
880375,webdesignexpert.ro
880401,www-facebook.com
880424,wetsounds.com
880456,wsrs.net
880460,whilstmiaoued.com
880463,worldchampion.fun
880464,wp-zynoo.com
880467,wesupply.net
880550,worldarenacommunity.nl
880605,wallboardtrim.com
880640,wtstravel.com.sg
880649,whiterockcity.ca
880662,wholesalemx.com
880691,webonary.work
880718,winkwunkwonk.biz
880783,wonderfulsummary.com
880790,walkai.top
880825,wikiegregor.top
880888,winecaseshop.com
880909,wearfitgo.com
880934,wongery.com
881045,webnovell.com
881097,wallisgiunta.com
881117,whatismyip.click
881128,westernbuzzcloud.nl
881140,win222oos.net
881242,winterthur.be
881330,websystem.es
881405,woem.men
881427,winonlinemag.co.uk
881434,wise-sandbox.com
881444,wickeddevice.com
881462,webstation.co.in
881480,werkbank-multimedia.net
881511,webdelmaestrocmf.com
881608,watchshopping.com
881743,wbprodgroup.com
881760,webonline.sk
881835,waltherforums.com
881836,whirlmart.com
881858,wbcube.com
881877,wv511.org
881880,wwf.org.co
881886,webnow.ro
881914,wildstar-online.com
881959,wanderforum.de
881961,w2solution.co.jp
881989,windows10zj.com
882019,whomedia.io
882096,webhost80.com
882143,waldorfeducation.org
882232,winpower.cc
882274,wheels24.co.za
882293,webflash.net.br
882496,wyssendefence.com
882561,wtyykj.com
882650,womenalia.com
882703,wisconsin.golf
882793,whitegoblingames.com
882806,webwonders.co.uk
882829,wordle-nyt.org
882844,we-playfulpg.com
882902,waytolearnx.com
882905,wajaswiki.com
882965,whisky-online.com
883041,watchplaza.com
883062,weddingbells.ca
883079,waveblogscope.nl
883121,weboteket.dk
883143,werenotreallystrangers.com
883215,waddystore.com
883261,welove.radio
883279,winowig-mobil.de
883470,wedler.me
883501,worldgolfawards.com
883508,wolfhomeproducts.com
883521,webebharatdigitalmedia.com
883522,wearememorial.com
883524,watchwinderusa.com
883558,wynncraft.net
883592,wps.org
883595,wallet.ua
883608,wellworthgroup.co
883713,wuot.org
883784,widedigest.de
883814,worldsimple.uk
883843,waukesha-wi.gov
883896,wherezit.com
883908,wheelflip.com
883929,wittshop.com
883969,wageningen.nl
884019,wonderlegend.com
884058,wineculture.com.au
884167,weconservepa.org
884192,w-6-o-e.com
884199,websitedesignbd.com
884222,w-114.com
884281,woottonbridgeiow.org.uk
884297,webatsign.com
884332,williamsintuitivemarketing.com
884407,wells.edu
884435,wiktor.ru
884506,world-archaeology.com
884616,wnegradio.com
884621,wolfordshop.com
884689,workchest.com
884745,worldisround.com
884921,wittenborg.eu
884922,wikifit.de
884971,win222.info
884975,warsteiner.de
885014,weatherman.com
885031,w1dns.com
885036,wpt.live
885054,weweb.co.nz
885122,whiskycast.com
885189,workablemail.com
885223,werksters.nl
885255,what.edu.vn
885310,wordsworthbookstore.com
885321,wincentralonline.co.uk
885381,wardentrack.co.uk
885398,wwda.org.au
885433,workforceinstitute.org
885479,wavz.com.eg
885535,wzpdcl.org.bd
885551,wxkcg.com
885615,waascdn.com
885655,wevebeentoopatient.org
885660,wholegraindigital.com
885708,wingdass.com
885720,wifinetnews.com
885758,wulffmorgenthaler.com
885786,winnica.pl
885863,webplus.name
885884,www-xnxx-group.rest
885927,whitman-walker.org
885928,waaku.com
885932,wishlistgames.net
885953,wenite.net
885976,worldpeoplenews.com
886023,webdrones.com.br
886025,waterpoloshop.com
886037,wave24.net
886061,web3shield.click
886139,webservice-endress.de
886209,wmcqhwbs02.com
886308,war-book.ru
886354,walkingenglishman.com
886688,waa2.com.ua
886689,waggle-online.jp
886690,warungasep.net
886691,watch24.bg
886692,wdeftksa.com
886693,wepc.au
886694,westerncentralnyaaa.com
886695,wiflix-adresses.fun
886696,win786.love
886697,wivismall.com
886698,womansecretshop.com
886699,wpoznaniu.pl
886700,wrseta.org.za
886743,writing.ie
886756,wyomingagents.com
886768,wowsgame.cn
886812,wvcdut.cn
886840,webhosts.net
886851,weaponland.ru
886901,wdhosting.co.za
886914,wp-plugins.org
886967,whelmlegge.com
886989,workscasinogo.com
887051,whirlpool.pl
887059,wolfiesarmory.com
887080,wellssomerset.com
887096,w3concepts.de
887148,worldhearingforum.org
887218,www-xnxx-most.rest
887267,world.tennis
887274,wjshomestore.com
887275,winhill.com.tw
887279,wagnerheim.com
887317,webstudio.net.au
887361,winsightmedia.com
887418,webin.gr
887435,widexs.nl
887444,whatsthejam.com
887471,wemystic.fr
887498,www.gt
887612,weepee.de
887613,westedmontonvw.com
887624,wepost.cn
887639,waltbabylove.com
887641,wdez.com
887681,webadam.com.tr
887695,widebible.com
887712,wxbaite.com
887792,worldeditiongame.com
887811,webkind.ru
887858,westcentralsbest.com
887881,wageringterms.com
887992,wcbn.org
888013,webspins.ca
888144,web-set.com
888180,waternow.go.kr
888221,woodwatches.com
888241,willsoor.co.uk
888355,wtrg.com
888370,wisestories.us
888453,wood-me.com
888469,webmaster2020.com
888526,wbn4you.in
888534,windows-office.net
888557,wedexperts.com
888606,watchesoff5th.com
888616,waterlog.com
888644,weizmann-usa.org
888666,worldtodaymedia.co.uk
888809,winbritonline.co.uk
888810,walsoon.com
888824,webinarjam.net
888828,worldchannel.org
888839,webservices.co.il
888873,wayscomdns.net
888916,web-xpert.co.uk
888924,wcshop24.de
888938,wordhero.co
888962,web71best.shop
889033,win222c.com
889065,wellington-altus.ca
889113,wdstrings.com
889195,webseitenserver.net
889271,weping.co.kr
889272,whnzcc.com
889320,worldofdypians.com
889331,wmncg.com
889383,waterlogic.nl
889402,words.hk
889559,wfilm.de
889593,wanderingeducators.com
889603,weex7.com
889662,willis-judd.com
889692,webgozar.ir
889720,weigh-safe.com
889722,workhoppers.com
889773,woodworkingchat.com
889805,warmemorialsonline.org.uk
889890,worst-practice.ru
889956,wpptechsushi.online
889962,whisbi.com
889976,wvrecord.com
889980,weeklyads.io
889986,waya.media
890067,wpfomify.com
890083,wt550.com
890117,winshipway.com
890127,wutheringheightspdf.site
890182,welldatabase.com
890189,whtcc.edu.cn
890214,wangdoc.com
890223,westcoastselfstorage.com
890231,worldmodern.uk
890258,wm7d.net
890325,worldfreshblog.uk
890376,week84.site
890398,winglobalmag.co.uk
890450,wespark.org
890607,waspsports.co.uk
890611,wnowe.com
890612,wmphost.net
890702,wave-static.com
890717,webserver5.com
890741,webthinkers.net
890840,worldwebhosting.com
890866,wizbit.net
890882,weather.net
890886,wearedore.com
890902,wolffer.com
890992,web-komp.ru
890996,whitesandcompanyjewelry.com
891063,winnerzslot.cfd
891090,wifimanager.online
891097,widetracker.de
891151,westminsterpages.co.uk
891191,wernerherzog.com
891295,weebpal.com
891351,westorange.org
891453,wru.co.uk
891534,wnmufm.org
891594,wta.no
891634,wraptas.site
891665,wpiinc.com
891708,wijnhobby.nl
891738,wrotamazowsza.pl
891757,wisevoice.us
891810,westcoastvapesupply.com
891817,want-some-psh.net
891831,wineselectors.com.au
891834,wavefoodranking.nl
891898,wemolo.com
891907,winfinder.de
892000,whine.com
892002,web-wise-fox.ru
892033,wqb7pokerdom.com
892064,webv8.net
892144,wsfair.com
892166,wichitaonthecheap.com
892197,woodfloors.org
892211,webinservice.com
892280,wangjing.cn
892288,webaktuell3.com
892344,worldlifejournal.nl
892349,winrar.de
892354,webprehled.cz
892376,witsendpoetry.com
892380,watchdogtimes.co.uk
892433,wensiguan.com
892438,wordarc.us
892467,worldglobalblog.uk
892486,weranda.pl
892500,wyith.net
892514,whysoblu.com
892553,whiteline.com.au
892564,wizardservice.ru
892573,wildlifeextra.com
892584,whitelines.com
892623,windsorgreatpark.co.uk
892714,wfsvip.com
892720,woodvoron.com
892795,wpbgov.com
892801,winworldmedia.co.uk
892825,weileizn.com
892838,whyspendalotmore.com
892892,www-xnxx.cc
892941,worldprimeblog.co.uk
892962,www-xnxx-fake.rest
892985,wanghi.cn
892987,wsclly.com
893123,wikihq.org
893171,watched.com
893197,wheely.mobi
893250,www-shibuya.jp
893377,wavpub.com
893388,webfusion.com
893393,wandguru.de
893436,watanmovie.pro
893522,watchcollecting.com
893523,wes.com.au
893546,whitecountycitizen.com
893556,winuktoday.co.uk
893562,wienerberger.cz
893580,w23.de
893608,winglobaltoday.co.uk
893621,windmilltrendplus.nl
893651,webgraphic.ro
893669,wbt.com
893697,wp-templates.ru
893754,winerelique.com
893781,wordleunlimitedplay.com
893795,whqsq.xyz
893823,wwcom.ch
893838,weatheronline.gr
893847,w2hlg1.com
893883,worldworldsite.co.uk
893938,warm1069.com
893962,wpoven.com
894026,wego168.com
894070,webcamwiz.com
894133,wholesale7.com
894140,wykw.com
894241,wellingtoncollege.org.uk
894264,wazambacasino.hu
894281,wearealbert.org
894326,wildleaf.org
894345,wjr-isetan.co.jp
894354,webuyanyhome.com
894355,wjinc.net
894360,webscanada.com
894364,win-diggers-casino.org.uk
894465,webitel.ua
894511,whitbycobbler.com
894522,wmot.org
894564,wecltd.eu
894572,wishray.com
894643,waynesautosales.com
894657,westernthunder.co.uk
894697,www-xnxx-anime.rest
894714,waskita.co.id
894749,wildlifedirect.org
894831,womentowomen.com
894835,web-server-dns.com
894910,wittyprofiles.com
894920,wincent.com
894952,welcometoommen.com
894955,website44him.shop
895008,wezahome.co.za
895072,weleda.ch
895175,wd40company.com
895179,wsn-events.com
895204,wpgridbuilder.com
895206,welzijnlansingerland.nl
895225,www-xnxx-open.rest
895230,website66discover.shop
895231,websprinter.net
895280,webware.com.mt
895290,wir-haben-es-satt.de
895374,wavea.ru
895389,wassinkautogroep.nl
895391,winlifenews.co.uk
895446,welcomeurope.com
895532,weavr.io
895547,wisemarket.com.pk
895556,winvault.us
895588,wieliczka.pl
895596,wssst.com
895622,wybloemisten.nl
895657,worldglobal360.co.uk
895658,windriver.org
895689,wdfx.edu.cn
895719,wincom.nl
895914,whispertranscribe.com
895924,wikihow.fitness
895933,wendysdiscountfurniture.com
895978,wanderthewest.com
896073,wenzo.com
896086,wardrobeicons.com
896095,worksnaps.net
896111,wxdahang.com
896112,wbho.co.za
896176,webactueel.nl
896192,winhubblog.co.uk
896317,wonda.online
896439,web-players.co.in
896463,wkv.com
896590,webassur.com
896612,wisnerbaum.com
896615,webs.la
896623,winserversecure.com
896680,wideindustries.de
896695,wenkunet.com
896764,woo.io
896776,waveinternet.com.br
896779,www-xnxx-pics.rest
896845,wisplinghoff.de
896891,wellbeingworkstour.com
896906,webpro.com
897006,wdgpublichealth.ca
897113,waffleclub.com
897133,watersportsoutlet.com.au
897146,wellspringsoftware.net
897148,wzchuyin.com
897186,wfuogb.com
897202,wikifarmaco.org
897205,walking-on-a-dream.com
897212,wbdready.com
897272,worldsgreatestshave.com
897374,wiltonpark.org.uk
897450,warnertv.fr
897456,whosyerdad-e.com
897480,wheatridge.co.us
897529,womanasian.net
897558,wynnmacau.com
897594,wakamoto-pharm.co.jp
897601,wicloud.id
897670,wearyourvoicemag.com
897816,wuxiyinhui.com
897821,waterfront-properties.com
897840,wrm-dns.ir
897849,wunderb.ar
897899,whaleresearch.com
897922,walmartcontacts.com
897934,w3.to
897943,wholedns.com
898030,wmji.shop
898089,wordzz.com
898135,werbeagentur-roth.de
898193,wisefocus.us
898206,webtimeapi.com
898210,watch-spare.com
898292,wilcoxnewspapers.com
898319,webclimber.de
898325,wexmri.cc
898330,worldlibrary.net
898344,wwhimaginehost.online
898381,whitesplatform.com
898385,weddingwebsite.com.au
898410,web-paxplatform.com
898416,wcg-mail.com
898437,widecrestway.ca
898440,wxfwb.com
898452,wispr.ai
898482,wxjh2sc.com
898525,website44different.shop
898550,wechoosethemoon.org
898635,whxzg181.com
898671,wildberries.tm
898683,watery.no
898709,whales.org.au
898721,www-xnxx-going.rest
898736,wys.net
898758,womensweb.in
898803,wedesigntech.com
898826,wastyg.com
898841,worldebooklibrary.org
898853,wargenwargames.com
898877,wot-cis.ru
898896,wildcatbluenation.com
898903,washita.co.jp
898992,weesh.it
898997,wash-rite.com
899014,webcraftonline.com
899049,winstonwinghongto.com
899074,webapxx.online
899174,wobla.site
899182,worldoftools.net
899183,w3award.com
899200,wxgebx.com
899250,wordinn.com
899422,willsoor.sk
899493,webclient1.de
899572,winproonline.co.uk
899620,walkingroutes.ie
899714,wiltshiremusic.com
899745,wtkedu.de
899749,womensrunning.co.uk
899796,wp-engage.net
899830,webticket.co.za
899844,wildearth.com
899855,wowoglobal.com
899857,wefixanywatch.co.uk
899890,wanshifu.com
899906,weaa.org
899933,wave-net.hu
899951,waterkaarten.app
899957,wrganews.com
899977,winbay.casino
899979,winesdirect.com
900030,warlab.info
900042,wisejournal.us
900109,websyndic.eu
900223,websitehostingrating.com
900239,worldlifeblog.uk
900248,wolkberg.com
900266,worldofblogs.co.uk
900292,walken.top
900331,winability.com
900483,webook88.com
900525,wheel-size.com.tr
900546,wsgservers.com
900548,waerme24.de
900557,wysstaservicesclassaction.com
900647,wiznotes.com
900676,worldspin.de
900682,why.edu.vn
900695,wswanderersfc.com.au
900697,weblineindia.com
900748,wirtschaftsrat.de
900749,worldofwish.in
900758,webcrm.com
900774,websolserv2.com
900786,worldeventsspot.nl
900863,wiki.gd
900923,wnetve.com
900924,wi-paper.de
900928,whartonhosting.com
900966,workday.net
901051,wegotaguy.net
901052,willkempartschool.com
901125,webdemo2.cloud
901142,wnzone.com
901178,wijzeroverdebasisschool.nl
901342,wbsgsecurities.com
901371,whggyc.cn
901395,wrestling-titles.com
901404,wagerrollpoint.com
901466,wima.ac.id
901470,wilddunesresort.com
901477,wulfenerhals.de
901539,weihnachtsmarkt-deutschland.de
901568,wannafindserver.dk
901636,widetail.com
901647,wsy.com
901650,whirlihost.com
901654,websector.com.au
901657,whois.ne.jp
901730,whs.ca
901747,washifyapi.com
901749,wenmerge.com
901773,wolterskluwer.be
901778,wylandfoundation.org
901782,wishgardenherbs.com
901796,wordupnews.com
901812,worldturk.net
902038,warchild.net
902107,wnfybj.com
902119,wpk668.com
902148,watchersonthewall.com
902151,wamelectrical.com.au
902233,wywoz-szamba.com
902276,weblook.dk
902310,web-promo.ua
902327,weaponxmotorsports.com
902388,wl-engage.com
902395,worldeventsgroningen.nl
902470,wiremind.io
902480,weleda.net
902584,westpress.de
902630,wphosting.cl
902637,webdesignguys.nz
902656,wtch.ch
902659,wan-port.ru
902666,webfokus.cz
902724,wiesenhof.de
902740,winhub360.co.uk
902873,wechu.org
902875,wishsite.de
902924,wine-point.ua
902960,wc3.info
902963,wikiofdark.art
902978,webtekin.com
902987,watami-takushoku-recruit.net
903016,wusc.ca
903065,wintermusicconference.com
903084,wenger.ch
903093,weinrichmineralsinc.com
903122,worldofflowers.eu
903143,wsfgrp.com
903199,werkstat.es
903203,worldblackjack.de
903268,wavebluebuzz.com
903307,worldnet360.co.uk
903348,westernhosting.net
903419,whizdom.ai
903439,wncw.org
903479,webozirix.com
903539,wxvinhos.com.br
903619,worldmapsonline.com
903674,winnetmag.co.uk
903693,worldtechblog.uk
903804,wrapsofnature.com
903821,web-enseignes.com
903825,www-xnxx-photo.rest
903828,weatherandradar.ie
903867,ware.net
903869,wboil.com
903884,willcounty.gov
903902,womenshealthmatters.ca
903921,worldvoicezwolle.nl
903957,webid-solutions.de
904015,welbilt.com
904030,webfraiche.com
904032,wissun.com.cn
904057,wifaqresult.com
904069,wehrle.de
904079,w5ub0nb3.com
904119,wishiny.com
904142,wheatlandshorescampground.com
904159,webhostparaguay.com
904186,why-be.co.kr
904216,webcom-group.com
904250,widescreenmuseum.com
904274,w-ns.ru
904282,worldnaturalfood.com
904287,windscribe.net
904290,webochka.click
904302,wecapable.com
904310,wordpres.bid
904355,weingut-messmer.de
904421,webapteka.ru
904445,win09.click
904453,wildfirst.ru
904467,wayroam.nl
904474,work-smart-initiative.ch
904477,wvsportsnow.com
904525,wychwoodfestival.com
904526,webcam.my.id
904529,wrightcolor.com
904552,watchkiumi.com
904596,wdindonesia.com
904673,wageraland.co.uk
904705,westcooknews.com
904707,wowtalkapi.com
904729,worldteanews.com
904854,wordspherestream.com
904888,wownsk-portal.ru
904969,wyyyes.com
905008,warpcs.org
905018,wcont.io
905041,weatherdotter.com
905064,wirwunder.de
905084,whitehorserv.com
905085,wklb.shop
905120,web-mu.jp
905137,webfreedom.live
905154,worldbrithub.co.uk
905242,willof.jp
905276,wolkenbar.de
905328,wildlifeillinois.org
905333,www-xnxx-wife.rest
905404,wptheme.cloud
905474,watcherswebclubhouse.com
905477,win138gate.com
905497,wappler.io
905532,werie8eat4grae.com
905539,wetenschapsforum.nl
905554,wholesalepoint.com
905565,watertaxirotterdam.nl
905571,watchnow.icu
905615,wscloudcdn.org
905640,wppiexpo.com
905729,wellmine.fun
905741,webcentral.com.au
905746,westernstudiorotterdam.nl
905749,wakefieldthermal.com
905759,whoswho.fr
905776,wit39wt.com
905778,wakethekids.com
905853,webserver.biz.id
905905,wa211.org
905953,webike-china.cn
906099,win79.vg
906150,webjustice.ru
906213,wifishop.ro
906230,wilmarapps.com
906250,weathertones.com
906341,win102.top
906389,wpcanvas.info
906399,websitendesign.com
906422,warehaus.cl
906476,wienerriesenrad.com
906658,worldnet.net
906708,wswork.cn
906796,wtg.com
906804,wise-paas.com
906834,winet.ch
906849,weihnachtszauber.koeln
906861,wardandsmith.com
906949,www-xnxx-film.rest
907012,wortwuchs.net
907025,westernselectrotterdam.nl
907091,wifimagnit.ru
907160,ww2gravestone.com
907188,whimsygames.co
907213,wizzydigital.org
907216,wholebrainhost.com
907247,wipitalia.it
907280,websports.io
907381,worldenergynews.com
907410,winningz.com
907458,weatherport.co
907473,wpkn.org
907520,whitelabel-project.com
907610,ww1gameseries.com
907664,wirtgenamerica.com
907667,wikimedia.com
907695,wct-3.com
907718,wan-press.org
907725,wagerguide.de
907726,wired2fire.co.uk
907857,williamsonuxbridge.com
907876,wildtreasure.us
907984,waffle1999.com
907989,wallpaperfusion.com
907999,wazzadu.com
908042,wfqa.com
908055,webnut.eu
908056,www-xnxx-link.rest
908089,worm.org
908091,winbritsite.co.uk
908148,wpeasy.net
908171,webprax-f2f.de
908213,well-groomed-fox.com
908243,web508.com
908245,wikibit.it
908257,winterlan.com
908322,wowmusic.video
908417,woerterbuch.info
908430,wildjunket.com
908470,wiking.de
908519,westcodesignerinc.com
908521,whyyt.com.cn
908556,wowchakra.com
908681,windowswebhosting.in
908742,welcometoaxahealthservices.co.uk
908763,wojny.net
908779,wikplayer.com
908813,woespana.es
908823,wheretoeat.ru
908831,wullbrandtundseele.de
908876,webmaze.gr
908960,worldworld360.co.uk
909024,winecollector.com
909076,watchfaces.us
909150,weatherops.com
909157,weinort-dertingen.de
909177,waveartbright.nl
909179,winplace.at
909199,websites-unlimited.info
909312,weworld.it
909343,worldcurrentblog.uk
909368,westernbaseamsterdam.nl
909407,wild-park.de
909429,wordechoharbor.com
909473,webdum.com
909538,writingforward.com
909573,wallofsoundau.com
909610,withtap.com
909619,wedtrend.com
909647,with.digital
909702,wpilib.org
909763,ww2online.org
909957,wildtornado.casino
909979,wildsino-it1.com
909993,womentimes.co.kr
910019,waltube.net
910030,wovar.de
910053,wiesbaden-lebt.de
910106,womenrv.com
910173,wrenchina.com
910190,wuhanup.com
910223,wager.games
910242,wsna.org
910261,wdcappliances.com
910284,welife001.com
910320,wowtot.com
910405,winplace.us
910455,waca.associates
910493,webhostcomputer.com
910510,www.mil.lv
910526,windsmp.de
910622,workcircle.com
910624,webalyse.org
910649,wex58.net
910681,warmcrew.com
910687,web4business.ch
910791,witron.com
910800,wordpandit.com
910844,wikihoops.com
910874,worldnet.fr
910882,wu-mail.com
910888,westinsight.uk
910893,whaller.com
910928,webfolio.co.nz
910938,wifimedia.eu
911022,worldpoetry.cn
911036,weedersdigest.com
911040,wiseye.org
911085,wcupagoldenrams.com
911102,watercryst.com
911143,watchfinder.au
911155,waytoomany.games
911160,webdirectbrands.com
911172,working.com
911265,wolfmoonpress.com
911272,wdho.ru
911296,wublock123.com
911337,wwhgd.com
911360,wownero.com
911465,warezheaven.net
911488,worksit.net.br
911509,withlightnet.ru
911515,weifang.cn
911522,winsol.eu
911530,wenmi.com
911557,wherepaymentsmeetlife.com
911619,wcrinet.org
911693,wddty.com
911700,webkhas.com
911712,weplayvolleyball.si
911733,wastewaterscan.org
911737,warhead.org.uk
911809,wsobi.com
911823,warehousetotaal.nl
911825,wirz.de
911849,wipeoutzone.com
911852,wanderbeauty.com
911904,wortlinien.ch
911916,wildplay.nl
911959,welldoc.com
911979,webfixserver2.nl
912059,willemlange.com
912076,wen7.com
912129,worldharpcongress.com
912207,wonacohivatalos-hu.com
912212,wmncdn.net
912226,weaverstory.com
912234,worldrid.com
912266,woodruffsawyer.com
912268,w3services.net
912271,wyrdysm.com
912282,wfbykae.com
912296,wisebuy24.com
912300,worldwidewebhosting.ca
912301,worldbirdnames.org
912407,webianos.com
912408,wfgxedu.com
912409,wonderfulstreamer.com
912410,wsptsportappr66.com
912417,worldofjudaica.com
912459,waffun.xyz
912460,wemportal.com
912461,whteam.net
912822,watertemp.org
912823,waysplanner.guide
912824,web2m.com
912825,weitetech.cn
912826,wfjjkj.cn
912827,wg5h6vjz.com
912828,wheresaintsgo.co.uk
912829,wiki-faces.com
912830,wiki-hulan.nl
912831,worldclasslearning.com
912832,wp-elementor.com
912833,wwb.co.id
912907,world-of-gamers.net
912959,weareroermond.com
913091,wddclients.com
913166,whisky.dk
913251,wrenthu.xyz
913256,walmartbusinessprint.com
913267,worldnettoday.co.uk
913280,webketoan.vn
913359,wildmadagascar.org
913360,welcome-novosibirsk.ru
913380,wfh3monthsopportunityprogram.com
913411,w0chp.radio
913443,wpdeploy.cloud
913447,walrusaudio.com
913545,webstraw.com
913554,worldlyadventurer.com
913570,whatsleftofmyhead.com
913616,weathersphere.com
913670,worksap.co.jp
913776,websuntech.com
913780,whs.host
913797,wechatpay-global.com
913818,wchotels.com
913844,wpstv.com
913879,webong.net
913930,weightlossgroove.com
914005,wiggmyq.xyz
914077,winlive4dexplode.com
914108,wagerenergy.nz
914116,wprichsnippets.com
914174,www-xnxx-semi.rest
914176,worldcentric.com
914220,whatmobiles.net.pk
914238,widedaily.com
914250,winprimeonline.co.uk
914261,wokiss.pl
914295,winprimesite.co.uk
914340,worldglobalonline.co.uk
914344,womenofeurope.net
914357,wbc-ddns.de
914397,wavebroadband.com
914408,wgm8.com
914462,webserverbr23.com
914485,worldofboardgames.com
914525,wex71.net
914544,wisemovieexpress.nl
914650,winquest.nl
914684,wicnews.com
914815,wcotradetools.org
914885,woolstoncp.co.uk
914908,wizzwoods.ru
914956,webid-solutions.com
914976,whatworkswellbeing.org
915032,wholesalechess.com
915040,wpdavies.dev
915097,wooskill.com
915180,wamu520.cc
915194,wgmedia.eu
915201,whzm.net
915223,worldmodernblog.uk
915264,whoneedsacape.com
915273,worldworldtoday.co.uk
915288,wagenbach.de
915318,wintechplus.co.uk
915339,walktask.com
915367,winningtemp.com
915393,wiselife.blog
915399,waltontribune.com
915402,westernshopguide.nl
915474,wpglozin.com
915511,worldlifenews.co.uk
915530,wickey.it
915531,wally.com
915574,wallaceracing.com
915649,wearesecretmode.com
915653,wibrido.com
915673,wintoday360.co.uk
915687,worldclearblog.uk
915803,wordmeaning.org
915813,worldwidewebhosting.com
915879,wxybyp.com
915896,worldukblog.uk
915897,wikdict.com
915941,winnethub.co.uk
915969,wikitesti.com
915988,wizkidsgames.com
916027,wholesaleaccessorymarket.com
916070,watchaaa.com
916093,winculture.co.uk
916100,warrencountyny.gov
916112,www-xnxx-uzbek.rest
916146,whitefishpilot.com
916161,watsi.org
916182,wtatour.com
916230,watetsu.com
916260,whservers.net
916269,worldpronews.com
916294,weconcloud.com
916317,wejherowo.pl
916348,wesdijkhengelsport.nl
916399,winstar.space
916435,winace.com
916441,wangyeba.com
916525,wambo.ch
916565,winston.sh
916629,wwpersonalitytest.com
916687,winarts.net
916694,wwh.ro
916709,whatsthebest-hottub.com
916718,w2ihostings.net
916751,waublogger.ru
916798,webrotate360.com
916809,wawhispce.cc
916846,wiseguideselect.nl
916873,worldtrackgps.in
916931,waggle.org
916936,warpaints.net
917018,wallymatters.com
917020,wppampering.com
917054,witre.no
917085,wayspn.online
917087,weplay.media
917097,wo-magazin.de
917127,waterguru-prod.com
917154,widevpn.com
917178,webojo.com
917201,wwwukhost.com
917304,winnexworld.co.uk
917323,waschkundenportal.de
917328,wowfashion.com
917330,workeat.com
917360,wilsondrugs.com
917373,wildcardsystems.com
917375,worldtravelfamily.com
917377,warande.be
917400,w35.ru
917428,wagaciezka.com
917433,wiseman.co.jp
917533,wanhongvalve.com
917539,wornito.one
917574,wheatonma.edu
917623,wasm.in
917640,weizeus.com
917658,watari.co.id
917663,weblabo.ru
917665,webstaff.com.br
917674,winghow.com
917750,weloveiconfonts.com
917757,wanaku.net
917792,windytv.com
917799,wakenyamichigan.org
917862,witterzomer.nl
917877,wellstore.co.nz
917947,webname.uz
917956,wowgraphicdesigns.com
918063,www-xnxx-anal.rest
918083,webserverbr22.com
918097,westspiel.de
918127,wsgjp.com
918136,wfhb.org
918155,wealth-on-line.co.uk
918166,whereincity.com
918171,wallpapersfaster.com
918180,wutc.org
918225,wheeluniverse.com
918278,wiltons.org.uk
918280,wjvod.com
918320,wave.ca
918342,wexo.io
918350,wisecorner.us
918371,wblpp.in
918383,winesymphony.fr
918498,websmi.by
918534,wetpornvideo.com
918611,webgift.eu
918623,wroffy.com
918695,watrbar.io
918704,webbaviation.co.uk
918708,wallcloud.ch
918897,weilotech.com
918910,webdesignmk.co.uk
919035,warnerpacific.com
919042,worldfamouslanglois.com
919054,willowmovies.com
919082,wishandfly.com
919135,wordans.se
919191,wcloud.ru
919232,wg21.link
919291,wepapers.com
919293,windwardsoftware.com
919338,wdgcorp.com
919370,whale-soul.com
919441,wimdu.nl
919442,wlp.is
919502,wegotfriends.com
919522,watchingthat.us
919585,whats-omar.io
919626,wusanda.com
919640,wealthmanagement.bnpparibas
919655,worldtop300.com
919660,wankorbit.com
919664,wp-script.com
919681,wordtravels.com
919769,wienerin.at
919777,winservup.com
919825,walloniaexportinvestment.be
919863,wingaga-casinos.cz
919877,wmgtr.com
919899,wtip.org
919909,wpcarey.com
919925,wineandglue.com
919927,whitewaterwest.com
919930,webfusion.es
919966,wdzj.com
919967,winterwolf.co.uk
919968,worldstar.pro
919980,waseda-academy-job.net
920021,wuerth.ee
920062,whirlocal.io
920112,w65.net
920129,webhost-in-romania.com
920137,wezfurlong.org
920142,wholenet.net
920171,whiteonhk.com
920179,webmation.com
920184,worldboxingvideoarchive.com
920206,webmatch.io
920271,wenpai.org
920310,wlpc.com
920324,wargamespirit.fr
920404,wasserwacht.de
920454,walesbonner.net
920474,wanderzeit.at
920520,wank.io
920527,webdata.de
920550,wintodaymag.co.uk
920563,wideg.ru
920564,weitz.com
920601,wastebits.com
920612,wwwbetgit1119.com
920624,whiskynotes.be
920640,woxikon.mx
920741,williamsroadcoc.org
920742,wodavip.com
920763,wirservice.com
920852,wppca.com
920866,wd.net.nz
920876,westerntransportationinstitute.org
920958,wpgatewayserver.com
920994,winglobalonline.co.uk
921078,wellnessacademie.com
921111,womenintrucking.org
921318,webeo.com
921322,wunschwerbung.de
921368,worldlabs.org
921399,weareborne.com
921403,windermeregolf.com
921412,wahlfieber.de
921419,webnic.cl
921435,wmcasher.ru
921509,wishtrend.com
921628,webprofesionalhost.net
921667,wex57.net
921728,wwiionline.com
921750,wisemo.com
921760,weonea.com
921835,winnersport.net
921855,wegerer.at
921902,weareuncapped.com
921942,wowmyprospect.com
921948,warelypos.com.sg
921956,welora.be
921998,wudaomedia.com
922008,weplaybasketball.si
922096,wildfortuneworld.nl
922186,wikkawiki.org
922219,wrsa.net
922228,widerangebroadband.net
922241,whoutdoor.net
922254,websitedesignmacclesfield.co.uk
922299,wallspace.pics
922302,worldofmods.eu
922368,wave-network.org
922373,wrongmubeen.one
922375,wailian2.cn
922416,wzsj2.com
922492,www-xnxx-lust.rest
922510,widevoice.com
922533,wigyy.com
922548,wildpark-schwarze-berge.de
922572,wikibon.org
922604,wmanager.net
922675,wts-wbi.com
922691,wwedu.com
922794,web-info.es
922960,web-repo.jp
922961,webeye.eu
922962,wildholics.com
922963,wmf.bg
922997,wenews.pk
923065,webbflode.se
923091,w-co.net
923144,wildspin.id
923163,wmeappliances.com
923170,worldhaven.de
923206,winglobalmedia.co.uk
923220,web247.in
923230,w8gvtk5.fit
923252,witshealth.co.za
923256,webomg.net
923263,wa.pe
923296,whvx.net
923420,whatyouexpect.eu
923427,womenandbirth.org
923466,wineinthewarehouse.co.za
923476,win.co.nz
923541,wocintechchat.com
923547,wisemuslimwomen.org
923569,websim.vn
923689,wslfootball.com
923709,wrenmaxwell.net
923748,wafai.net.sa
923751,webavar.com
923849,wcpsmd.com
923850,winpromag.co.uk
923893,websitemanagers.com.au
923904,westernmovies.fr
923941,waldorfmusic.com
923980,winterthurlife.co.uk
923982,weareaugustines.com
924027,where2golf.com
924034,wallpaperlink.com
924057,wagerdaily.co.uk
924179,wpgenerator.ru
924233,weiss-technik.com
924255,wendelsteinbahn.de
924281,wintodaytoday.co.uk
924284,wapchan.org
924295,webgozar.net
924343,wensidu.com
924353,wmf-professional.de
924501,wolfrzb.com
924510,weiterbildung.de
924586,wto-tools.com
924591,wlserver.xyz
924603,wno.org.uk
924655,w1p.ru
924680,wheel.ie
924682,winbs.org
924691,wjmedu.com
924720,wdc-climate.de
924737,webd.st
924758,world.group
924794,wixx.com
924803,wrul.com
924830,walderwyss.com
924866,webdesignerforum.co.uk
924872,wlandetector.org
924917,winpars.com
924955,wpeasycart.com
924967,withguitars.com
924979,westgatestudios.ro
925019,wbc.net.sa
925022,wm-innovations.nl
925091,waveherald.co.uk
925134,wa42.com
925155,watein.com
925176,watertech-services.com
925209,wennermedia.net
925220,webseodesigners.com
925304,waterfilter.in.ua
925359,worldcupfans2026.com
925368,wingia.com
925415,wow1day.com
925434,wisecolumn.us
925453,whatap.io
925504,worldonlinesite.co.uk
925558,wuxuwang.com
925568,website66persons.shop
925608,wedohosting.com
925663,worldproblog.co.uk
925751,wac.net
925758,whiteandwarren.com
925788,webhosting-wmd.hr
925819,worldfzxm.com
925846,worldcupcoverage.com
925853,wildlabs.net
925861,w1-edificepg.com
925901,whittakers.co.nz
925934,wordtype.org
925943,wpuserregistration.com
926007,w-witch.jp
926116,westernsem.edu
926119,webdeveloper.cl
926187,wordify.ru
926252,wnec.edu
926296,webtruyen.com
926406,whiskycircle.app
926460,wagerchipdeck.com
926472,wildpokies-au.com
926509,wiggin.co.uk
926636,website66probably.shop
926652,workstudyplay.com
926736,wincentral360.co.uk
926756,winkelwiki.com
926822,wirelesslogic.net
926844,wikis.com
926867,winnmediaskn.com
926874,wisergamblers.com
926908,wi-tech.su
926942,windmillfindertrack.nl
926953,weboomdns.be
927050,wintechmag.co.uk
927106,win79.ing
927115,wisefamilytoday.nl
927139,wmed.edu
927152,weheartthis.com
927218,wallhax.com
927235,wuheds.com
927241,wenhuasd.com
927244,winnetonline.co.uk
927291,wcrada.com
927310,windermattressandfurniture.com
927312,walterrojcewicz.com
927348,www-xnxx-blue.rest
927407,webtechnicalservices.com
927416,wokerman.ru
927419,wittyreporter.com
927449,wda-fr.org
927451,wmscelicom.ru
927475,worldmountainbikeconference.com
927486,wardahbooks.com
927501,web-landia.ru
927528,webauto.de
927532,www-xnxx-boobs.rest
927547,wwremote.cn
927569,webcheaphosting.com
927591,wiseupdates.us
927640,w13our.com
927662,win169.online
927703,whoykj.com
927755,wisebusiness.click
927787,wcn.co.uk
927795,wavewise.co.nz
927885,withlightsoul.ru
927920,webrootservices.com
927922,webago.co.uk
927926,wdchostingusa.com
928025,wearprof.com
928060,wris.net
928125,win577.online
928156,warf.org
928188,worldvia.pro
928198,web3shuld.blog
928253,webantikvarium.eu
928280,worldtraveller.dk
928285,wanderway.nl
928308,wisecars.pt
928358,worlddigitalmag.co.uk
928365,wuhsd.org
928420,wishesbox.app
928482,wiki-indonesia.club
928483,whm05-insidesign.com.br
928492,webhostcare.com
928538,wms.org
928549,westoby.co.uk
928633,wvweb.net
928664,waardehouse.nl
928673,worldpublic.uk
928710,worketc.com
928734,wetterlabs.de
928756,www-xnxx-model.rest
928794,wageracollective.co.uk
928812,wageraportal.co.uk
928847,wispman.africa
928874,westwing.cz
928916,wintodayhub.co.uk
928991,wiltshire.police.uk
928999,wlm.co.uk
929027,web-3.ru
929087,wecans.net
929186,waterskis.com
929227,wiwoch.com
929274,waqfeya.com
929346,webspree.com.au
929361,westlife.com
929371,wee22.com
929402,winportal.co.uk
929505,webmath.ru
929531,wastedirectory.com
929556,whiterosemaths.com
929575,webyournet.net
929582,wilo.de
929584,winprosite.co.uk
929588,wayo.ac.jp
929612,wealthup.com
929673,webcstore.pw
929679,web6.blog
929681,wagerdomepulse.com
929769,wastewatersystems.se
929915,webplay.ca
929922,waba.org
929992,wintechmedia.co.uk
930054,wickey.nl
930078,webserv.it
930148,wearvpn.online
930242,wearsubset.com
930273,wikiwaldhof.org
930276,worldofmiscrits.com
930326,wexfordhomegoods.com
930336,wilsumerberge.nl
930352,webflowindia.in
930355,wezom.com
930381,webillet.com
930404,worms2d.info
930413,wingeriha.ir
930534,witchery.co.nz
930535,wwo.asia
930566,workoffduty.com
930588,win562.online
930596,warwickdailynews.com.au
930647,wackerneusongroup-services.com
930661,woolovers.fr
930694,woodlandsgc.co.uk
930708,waydoo.com
930739,wfsaas.com
930784,welingkaronline.org
930794,w3techies.net
930834,whelex.com
930938,wr-cloud.com
930956,wblog.io
931000,wcjrf.com
931001,wiredcampers.co.uk
931061,worldworldonline.co.uk
931075,webitorhost.com
931097,wigetmedia.com
931116,wissenschaft-aktuell.de
931140,wiserlifestyles.com
931164,w12evopay.com
931207,winprimeplus.co.uk
931212,wordoxmobile.net
931233,wfc.monster
931251,walkersbluffcasinoresort.com
931255,winsns.com
931289,wereldreis.net
931308,warranthub.it
931362,wowlol.ru
931364,weberr.site
931368,waveservicesspark.nl
931390,world1.casino
931410,wiseletter.us
931435,weblex.fr
931443,waniii.com
931490,wrat.com
931590,wpponlinetraining.com
931657,wapozavr.com
931684,worldshelp.com
931835,waywardwines.co.uk
931836,web3sp.com
931837,webstatic.cc
931838,whereiwaswhen.com
931839,wikitravel.ai
931840,writinginnorthnorfolk.com
931841,wwts.ai
931842,wyrhub.xyz
931952,watarium.co.jp
932050,wiftmedia.com
932073,wrysalvia.com
932196,willismusic.com
932200,wellhealthorganicfitness.com.in
932201,wesiba.web.tr
932236,webdesigncompanyusa.com
932240,worldweapons.ru
932241,webtechdezine.com
932258,worldcreativeblog.uk
932296,whohasthebestservice.ie
932346,wellington.net.nz
932366,werescue.pet
932386,weehawkenpaws.com
932448,wrightlife.com
932516,waynekirkwood.com
932522,wandhao.com
932533,worldprotoday.co.uk
932551,wikicelebs.com
932552,webvyboryedg.ru
932561,webelongtogether.co
932573,weig-karton.de
932598,warnescopemounts.com
932599,windigest.de
932686,wwbl.com
932690,walaarzneimittel.de
932691,worldcupbetting.mobi
932729,workoholics.es
932730,weareresonate.com
932780,websitewissen.com
933021,wassenger.com
933046,wevelgem.be
933048,workinggenius.com
933081,wanabqa.com
933195,wagerboss.nz
933211,wcrsfm.org
933316,wphost.me
933396,womansense.co.kr
933403,walf-groupe.com
933406,wcrhosting.com
933426,webshots.world
933429,weavergreen.com
933433,wplus.ru
933442,wellingtonfragrance.com
933461,wanyuhudong.com
933626,wincomedicalbooks.com
933631,wuxue.cc
933647,wkmining.com
933660,walkmaxx.com.ua
933710,wormholescan.io
933816,wildspingames.nl
933826,wmphoenixopen.com
933876,webcs.biz
933886,wcu.com
933945,webcolinas.eu
933975,wpdns.io
933985,w-one757158.life
934044,wrightwebworks.com
934100,wowtalk.jp
934163,winespies.com
934232,watourism.com.au
934315,woodburyappliance.com
934324,wirelesscricket.org
934364,www-xnxx-home.rest
934462,wordswag.co
934479,wineshop.it
934504,wi5.net.in
934505,wynntesting.com
934518,wm1.me
934542,wwav.net
934549,webclick.co.kr
934597,windsplay.com
934599,wolfhasty.live
934707,walder.ch
934708,watchfreekav.com
934716,weihaidi.com
934718,wulinshe.com
934839,www-xnxx-artis.rest
934870,withmysunglasses.com
934889,wzsky.net
934933,widogroup.com
935011,webcon.com
935020,wheretoget.com
935067,wikidark.org
935094,windhampowersports.com
935106,www-xnxx-live.rest
935185,willettonuniforms.com.au
935229,wasogajustico.cfd
935274,wisdomportal.com
935340,wiki-raamsdonk.nl
935400,wantorama.com
935423,wanderwithjo.com
935517,wildrushzone.nl
935574,win-health.com
935581,wheelersbooks.co.nz
935592,w3man.com
935691,wuzhiyuanlin.com
935748,wawledmetreza.cyou
935912,wifigo.es
935913,wifioi.com.br
935914,wink-lab.com
935915,wunschkuechen24.de
935927,winonline360.co.uk
935995,webiedesign.com
936011,wzkex.com
936013,weathertrends360.com
936027,web4you.ca
936036,winrumors.com
936121,within.school
936172,wesh.cloud
936224,warpdemo.co.za
936225,wholesalepoolequipment.com
936257,wzer.net
936273,webnaxtor.com
936282,webtechnologiespak.com
936409,websiteclosers.com
936415,wanmwl.com
936437,worlddailyblog.uk
936451,weexnes.dev
936454,work24.ru
936469,wrapify.com
936576,wpc-24.de
936611,weighttraining.guide
936701,womenkiss.com
936736,winedrop.co.za
936756,websdrbordeaux.fr
936763,wxmdcg.com
936832,walkervw.com
936853,wisconsin.land
936878,webcamchats.org
936893,webcamlatina.es
936919,win.jp
936986,weboldsignal.com.tr
937001,wplay.me
937008,wagerguru.nz
937026,wmmail.biz
937030,waterpolo101.com
937126,wewobo.net
937140,wgn.cloud
937181,weeklyonstock.com
937186,worldfootballindex.com
937187,wald-mv.de
937221,wyknotcabin.com
937303,wangerooge.de
937318,webhare.net
937358,wooagency.com
937417,worthly.com
937421,winfly.net
937438,walkerzanger.com
937445,worldsociety.uk
937481,wolfbike.es
937501,watchino.shop
937535,wildmontana.org
937552,webglreport.com
937576,webqda.net
937600,whbnkj.com
937630,watt24.com
937709,www-xnxx-love.rest
937738,wubearcats.com
937749,woodgrain.com
937751,worldoftheo.com
937758,webtoon-oku.net
937788,www-xnxx-plus.rest
937834,webotix.co.in
937887,wddns.com.cn
937895,wilbert-it.com
938057,webiran.ir
938087,windsor-racecourse.co.uk
938103,webnad.net
938233,win-diggers-casino.uk
938259,wln.chat
938340,w88indi.com
938354,wenetcom.co.kr
938365,whiteallenaudiofdayton.com
938504,wgag16pd-iyh6g2r.live
938506,wikiwirral.co.uk
938512,webdev.info
938556,wumo.com
938620,walzgroup.com
938643,wiseview.us
938655,wetterarchiv.de
938670,windows10drivers.com
938679,wnkbrtelecom.com.br
938736,winning-moves.com
938742,whmlew.com
938756,we-banquetpg.com
938767,windhorsetour.com
938774,win-hosts.info
938802,wabbalabba.org
938820,webdirectory.com
938962,wdesignkit.com
938990,watersportverbond.nl
939069,westwing.pt
939072,w1-crumblepg.com
939162,webr.at
939216,willajarmar.pl
939240,watsonnorris.com
939251,w9ti.inf.br
939301,windmillwavespark.nl
939337,www-xnxx-cinas.rest
939413,worldmodernsite.co.uk
939486,w88move.com
939495,wisdom-soft.com
939497,west999.com
939534,winlifeonline.co.uk
939536,wmcqhwbs01.com
939647,wtfcannabis.io
939815,wargamesfoundry.com
939863,webhostingwholesale.com
939884,walkera.com
939901,wordingvibes.com
939906,wedoctort.com
939934,weclub.info
939977,watershedlrs.com
939995,waseemkhadra.com
940067,wholesalemegamart.com
940079,webhost3.ir
940100,winbs6.com
940143,watersafety.ie
940168,wwwnetwork.net
940186,wellwaterdesign.com
940187,wpl.io
940215,wphostee.co.uk
940269,worldlifemedia.co.uk
940314,webtravel.de
940338,wearetravelgirls.com
940350,wissew.com
940357,wieswioska.pl
940358,whiskyworld.de
940363,wuxin.info
940418,wcktelecom.com.br
940502,welding-alloys.com
940594,winculture360.co.uk
940653,widespark.shop
940655,wildbeimwild.com
940657,wattsense.com
940672,whcpz.com
940728,worldofpotter.eu
940750,wheel-size.it
940776,winq.net.br
940790,wardrobesupplies.com
940797,watermagazine.co.uk
940828,whygatsiz.cc
940864,wanbazw.com
940887,workelevate.com
940902,winthere.eu
940911,wavelab.kr
940935,webcom-media.by
940936,wanqingsun.com
940953,wenzhijia.com
940955,wiki-people.com
940988,winslowpizza.co.uk
941032,wxhuiyongxin.com
941063,wikidownload.com
941154,waliumunamed.com
941198,whomakesthenews.org
941202,wisespace.us
941230,warmarc.co.uk
941235,wayne2k1.com
941248,workbook.com
941255,winonlinetoday.co.uk
941266,wocat.net
941325,wnps.org
941361,watchdogprotect.com
941365,webhostingempresas.com
941395,wmfd.com
941399,winit.com.cn
941408,winc.net
941467,wsi.ac.kr
941473,wuprepaid.com
941552,webhoster.net
941565,webinarshr.com
941650,whatsabyte.com
941676,web4vyaparsolutions.co.in
941677,westcorp.com
941678,wazumbi.com
941696,wildernessireland.com
941738,wadenapj.com
941746,wisemebel.ru
941795,winmodernnews.co.uk
941825,womenssportsmedicine.com
941832,www.gov.ls
941854,web725.com
941872,wunder.io
941875,webka.me
941904,winnerwith.in
941909,wanderlustingk.com
941915,wotwatapc.org.uk
941950,wildsparq.com
941960,webnolog.net
941964,widedrive.de
941967,wisesite.net.br
942005,writersguild.org.uk
942038,wagerahub.co.uk
942047,wintodaysite.co.uk
942063,wasliestdu.de
942099,woldiangames.com
942111,w9cr.net
942222,wow4u.com
942251,whatsgrouplink.com
942270,warsonline.info
942272,wiseinsight.us
942279,wideway.com.br
942303,weltbild.at
942363,wilburnmedicalusa.com
942376,w88vt.win
942393,woxikon.co.nz
942434,worthavenueyachts.com
942453,wintellplus.com
942474,wiz-guide.com
942482,world-habitat.org
942566,wennergren.org
942603,wizehive.com
942641,web2expo.com
942650,wowsuite.ai
942693,weryai.com
942701,wprofastpitch.com
942786,wellingtonspeciality.com
942793,wonderfullywacky.com
942809,wherepeteris.com
942830,webscreen.com.br
942895,wfsys.ru
942918,webz.io
942987,wind.net.ar
943014,wavtool.com
943056,wiseblog.us
943079,wildwaterflyfishing.com
943222,web-n-shells.de
943226,weddix.de
943240,wplace.co
943301,webinfonex.com
943308,watercolourworld.org
943392,worldinspire.fr
943403,wineplanet.sk
943409,welovesalt.com
943412,workchronicles.com
943434,win-win.partners
943446,wooden-epoxy.pl
943469,wetnwildhawaii.com
943512,wikio.es
943568,wiki-dofus.eu
943619,weimeixi.com
943622,worldtoday360.co.uk
943677,weberberlin-dns01.de
943729,winvault.id
943733,wmatera.com.br
943766,webkoenig.ch
943795,wyomingbusiness.org
943816,womenshealthfirstly.com
943837,wtable.co.kr
943870,we1010.cn
943960,wbs.net
944068,wissenportal.at
944113,weeklydigest.co.uk
944158,wireflare.com
944162,webnetvpn.space
944288,web-designservices.com
944375,waffen.shopping
944428,wyemedia.co.uk
944433,winnexenterprise.co.uk
944504,wasistforex.com
944562,windowsable.com
944568,weblineservice.com.ar
944660,webbyte.com
944661,woodfinstores.com
944710,winlifetoday.co.uk
944714,wordbookstores.com
944723,woodblocx.co.uk
944811,wally.me
944812,wwopenclick.club
944834,winesearch-smilecorp.jp
944851,winprime.co.uk
944867,warnerchappell.com
944912,wendymcelroy.com
944927,wearsideropespecialists.co.uk
944957,wocute.com
944974,welshwomensaid.org.uk
945013,wmshopp.com
945028,watsonsestore.com.cn
945043,wood-sound.ru
945066,wksina.com
945161,wdcreative.com.br
945168,wolfcrow.com
945193,wss4a3.com
945233,whatcdn.cc
945240,website-analytics.net
945302,withinhubris.com
945307,wallquest.com
945328,wahanavisi.org
945393,webull.com.br
945412,weblink.gr
945476,womenofgrace.com
945481,wircom.sk
945487,wordpress.co
945517,wekp.shop
945565,westernyouthservices.org
945583,wapus.info
945598,ww3.tw
945682,widearena.de
945721,weron.pl
945723,webserver.com
945813,winmeen.com
945817,whittte.com
945820,webticaret.com
945891,white-trio.online
945907,whiteearth.com
946002,world-monitor.com
946014,wt.ai
946024,webmaster-toolkit.com
946047,wftucentral.org
946055,weigi.net
946057,worldstonemarket.com
946059,wisconsingazette.com
946066,wendellaboats.com
946096,worldcentral360.co.uk
946117,weserveyou.eu
946139,wesgro.co.za
946140,warhorsecasino.com
946172,winbritblog.co.uk
946180,wildlifesydney.com.au
946257,whfcwx.com
946323,wereintherockies.com
946324,worm.co.uk
946325,wurth.cl
946392,watchobsession.co.uk
946393,weter-peremen.org
946394,worldcondoms.com
946395,worldofluxuryus.com
946419,whyareyouhere.jp
946464,wrightmfg.com
946497,webdevelopermasud.com
946524,webber.forsale
946583,webwandtattoo.com
946615,weathermondo.com
946616,widencarpieces.com
946645,worldwidewebsize.com
946696,witherslackgroup.co.uk
946711,word.com
946765,wondercdn.com
946808,weareprogressives.org
946924,wisepublishing.com
946927,worldsportsfinder.nl
946936,webcozum.com
947000,winteringhamprimary.co.uk
947043,wepage.com
947054,workshopessentialsonline.com
947061,waptxt.com
947078,webwizards.technology
947152,webcredible.co.uk
947196,winnerstrategy.com
947223,wrapanigeria.org
947247,webhoster.at
947385,wordtrailsphere360.com
947388,walikali.com
947423,widegrid.de
947430,winnertakes.co.uk
947474,wildolo.com
947505,wenshang.gov.cn
947512,wolfandfuhrman.com
947526,winetourismportugal.com
947572,wargatoto.ai
947589,worktoday.co.kr
947654,wheeljackslab.com
947718,wixchat.ru
947750,weezybetcasino.fi
947837,wesellmachines.com
947848,whygamesolag.com
947890,westportjournal.com
947923,whatthehealthfilm.com
948009,workingtitlefilms.com
948077,wedohost.am
948082,woodardcurran.com
948159,wincultureplus.co.uk
948237,wvi.app
948283,woomoreplay.com
948336,www-xnxx-mobile.rest
948341,want-want.com
948357,whirl-wind.net
948372,wire-harness.net
948531,waterdamagerestorationtn.com
948552,wageracentral.co.uk
948591,win10tweaker.ru
948612,wellesleyma.gov
948683,wingspowerindia.com
948685,winstmakelaar.nl
948693,www-xnxx-booty.rest
948789,weberberlin-dns03.de
948821,worldworldnews.co.uk
948840,worstlobby.eu
948859,weaselmods.net
948867,worldofclaudecraft.com
948960,worldworldblog.co.uk
948963,website-services.ltd.uk
948970,wtbcomputers.net
948978,worldpromedia.co.uk
949000,whitehat-seo.co.uk
949053,wordsbridge.co.uk
949096,wohntrends-shop.com
949109,watermarchosting.com
949136,webfabrik.net
949220,www-xnxx-many.rest
949236,wikipedia.nl
949253,wealth-park.com
949285,wintersteiger.at
949315,wizardshot.com
949320,wwi.as
949321,wikipornxxx.com
949349,wiremedia.ro
949382,wmnblack.com
949386,websitealive.com
949394,wortspiegel.ch
949424,wemine.pro
949467,whiteboardjournal.com
949470,wikzy.com
949493,www-creditcard.com
949507,winline-bet.info
949523,wikimalolos.com
949565,worldcement.com
949589,whispertyping.com
949656,winculturetoday.co.uk
949664,wex55.net
949701,webofdebt.com
949797,wycombewanderers.co.uk
949813,wuxihuaji.com
949841,wochenschau-verlag.de
949870,weltkunst.de
949935,workmaster.ch
949961,webhostsunucusu.com
949964,wifebestialityxxx.com
949979,woodfloorwarehouse.co.uk
950052,worldbeardchampionships.com
950068,wearsideonline.com
950078,win4441133.com
950088,webcoronado.com
950100,wounds-uk.com
950109,wifamilyconnectionscenter.org
950120,webhosting855.com
950145,wiremeshbelts.org
950158,wehosting.net
950169,www-xnxx-gold.rest
950185,wildbmail.com
950227,wherever-i-look.com
950269,wave-cdn.com
950271,wonderful-balloon.com
950344,worldrenew.net
950375,worklaunchnow.com
950410,wheretowatch.stream
950455,wonderlandeducare.com
950483,wortwinkel.ch
950492,womenandinfants.org
950512,wimaxforum.org
950544,wizlogo.com
950547,wildsingapore.com
950585,winrush.nl
950596,worldsbiggestpacman.com
950605,wordechopulse.com
950614,wgrremote.se
950711,wikidll.com
950712,wfbb.de
950778,wtsh.de
950859,worldonline360.co.uk
950862,wipark.at
950879,web-snab.ru
950912,wander.app
950923,wincultureblog.co.uk
950925,wt-prod.com
950945,worldhub360.co.uk
950964,webdesign-finder.com
950990,wincraft.com
950994,werktuigen.de
951015,wantickets.com
951057,weforumasia.cn
951108,wegive.com
951117,worldukmag.co.uk
951129,wowtale.net
951182,westreet.org
951210,windmillkidslife.nl
951289,worldguard.com.au
951290,wordgames.com
951302,wealcoop.com
951310,wfedfergew.com
951391,workplacesolutions.ae
951532,workingtransitions.com
951564,walkerdesigns.com.au
951565,win56.top
951573,wothappen.com
951665,writediary.com
951696,wmld.ir
951740,web387.com
951749,whereontariobegan.ca
951799,walsworthprintgroup.com
951824,winauth-host.com
951833,webster-nh.net
951842,waterbear.com
951925,wikitvenserio.com
951940,wmu.edu
951954,weddinginlove.com
951976,westagency.uk
952009,whiskyechobravo.com
952093,wholesalecatalog.in
952094,winbs0.com
952133,wintonstrain.com
952134,worldcreative.uk
952138,wasabi.net.au
952149,webber.edu
952183,wonderfullworld.ru
952211,woodstockschool.in
952242,watanonline.com
952250,webflow.works
952294,wuxi.cn
952538,wgbhnews.org
952626,web-banqueaxa.fr
952644,world-information.net
952651,wgxapi.com
952664,wangfei.la
952748,wundergraph.com
952769,witwolf.ru
952805,world-source.ru
952813,willus.com
952850,win9987.com
952863,withinmood.com
952974,wicker.de
953005,worksstakemax.com
953013,wtyefm.com
953018,wasserfaelle-krimml.at
953087,wichlacz.ua
953096,wbfree.net
953212,woman-halva.club
953286,we-hurlingpg.com
953346,wdm.org.uk
953349,wwkc.net
953429,westdean.org.uk
953449,wbdd2021.com
953454,wikimultia.org
953539,watchprice.com.pk
953667,wife-finder.com
953690,wizebets.io
953716,whiskyginrum.de
953765,weuni.com
953971,windmilltrackspace.nl
953980,wordsearchaddict.com
954031,webproworld.com
954071,webinet.kr
954109,webgis.net
954136,wojo.com
954142,whatmortgage.co.uk
954162,webticketsystem.com
954196,whitestone-gallery.com
954239,wealthfrontmail.com
954260,webpan.com.br
954291,windowsdigitals.com
954309,wmlcloud.com
954319,webdesignalton.co.uk
954440,womensharmony.ru
954466,wondergifts.ae
954512,wbservices.ru
954540,weathermakeruae.com
954568,w310.casino
954671,wildstarscasino.nl
954672,welcomingschools.org
954713,westedmall.com
954849,wiseedition.us
954937,wiclark.com
954967,wahl-reitsport.com
954968,websr.fr
955011,winnextechnologies.co.uk
955035,waspvpn.ru
955117,wheresthebus.com
955120,web011.net
955158,wz.gov.cn
955172,waybikes.com
955195,webmeta.com.au
955278,webkassa.by
955307,webdnes.cz
955380,wavemetrics.com
955388,windowfilmworld.com
955423,wbitvpaustralia.com
955427,westsidecurrent.com
955436,wisewrites.us
955505,worldproplus.co.uk
955541,waterjetdepot.com
955708,wearzest.com
955709,wheelsbikes.com
955710,win55.asia
955799,wpl-rc.com
955800,wumdrop.com
955886,wogha.com
955932,wellers.com
955956,wetrakr.com
955996,withinwindows.com
956023,waites.net
956043,wgadget.com
956065,wilsonaudio.com
956067,wow.com.az
956083,webhostingninja.com
956089,wizkidhosting.com
956117,widescope4.com
956159,whocan.org
956173,webhost.in.ua
956183,worldofwarships.cn
956240,webgianthost.com
956319,windriverinternet.com
956331,wallstreetenglish.it
956365,webro.dk
956382,wmexico.net
956391,wave.com.ph
956406,windowsextupdates.com
956421,webqua.jp
956424,whtjwl.com
956487,webuhr.de
956493,walkthechat.com
956544,wbpdcl.co.in
956579,wellcraftv20.com
956597,worldmaster.fr
956625,wilderness-society.org
956632,wodewa.de
956674,ww.kz
956685,wfwf.site
956691,wpeka.com
956706,wuzer.de
956806,wgi.org
956908,web-axa-im.com
957032,wisetoast.com
957054,wohnverdient.de
957090,whatmommydoes.com
957096,wmforex.info
957115,waterproof-store.ru
957178,webmax.su
957188,westmountainradio.com
957191,w2ihosting.com
957217,worldprivatechefs.com
957311,wibnetwork.se
957382,wandering-bird.com
957388,worldsmartblog.uk
957397,winique.shop
957405,wfeml.com.cn
957509,wildguzzi.com
957527,whiskeyskies.com
957562,winoasis.us
957660,weare.net.ua
957699,wsd-nord.net
957772,worldvision.or.kr
957779,wonbun.com
957783,wagmi.sh
957857,wesc.com
957886,whatthedude.com
957890,weduwe.net
958066,walkmanpgpay1.com
958129,www-xnxx-korea.rest
958133,wateriga.com
958153,whostingmx.com
958187,writingservice.ae
958342,wisezone.us
958370,waterpigs.co.uk
958443,walnutstreettheatre.org
958458,wec.com
958646,welcoa.org
958668,wilshirelawfirm.com
958689,wearegarcia.de
958699,wind-reports.com
958865,webtasarimaydin.com
958908,waterreduceragent.co.uk
958909,wimgo.com
958974,wodarg.com
959003,webteb.net
959026,wargamemates.com
959048,wigweandpartners.com
959105,want.shop
959137,weishaupt.biz
959147,weberberlin-dns04.eu
959157,wortkanalplus.ch
959249,wakefrogs.com
959264,wagerhousematrix.com
959270,westmanga.cc
959282,waymotorworks.com
959283,watchmn.org
959301,wingroup.in
959333,worldoftest.com
959429,winsnetwork.org
959435,wagerwereld.nl
959439,westianet.net
959446,whatssapp.pro
959603,wordsanswer.com
959631,webart21.com
959636,wuthering-heights.co.uk
959729,wxlyjs.com
959730,webprofits.com.au
959768,wfstudio.ru
959794,wjd.de
959862,wjpetroleum.com
959887,warburg-henderson.com
959899,worldmusic.net
959931,wzpfbzl.com
960018,waitrosegarden.com
960048,westmark.org
960067,wumitv.cc
960084,wr360.co.za
960165,whatcrm.net
960270,wrightresearch.in
960272,win-keys.com
960341,webnovelpub.me
960367,wifiplus.com.br
960431,wkdns.net
960540,worldpulse.com
960624,wizard.id
960629,whuffchagrin.cfd
960721,wwwcomm.com
960724,wakeuplaughing.com
960788,wspia.eu
960838,webwavelet.com
960845,worldwideriches.biz
960863,webinlook.com
960870,webpays.com
960874,wuchte.com
960943,wphospital.org
960956,winchestercollege.org
961000,winxbetguncel.vip
961152,windsoffaith.com
961205,web-sniffer.net
961245,workingdogforum.com
961260,waytogo.cc
961264,worldtodaymag.co.uk
961266,wmf.com.tr
961298,wp-parsi.com
961333,wardrobefashion.com
961341,wydr.in
961413,webtechhub.net.in
961460,whyweprotest.net
961564,weareknights.be
961587,wpra.com
961631,wbeusecurities.com
961693,welliington-re.com
961724,webhost-dns.com
961744,whocanuse.com
961747,wonkeedonkeetools.co.uk
961794,wernwtcl.cn
961870,worldtodayblog.co.uk
961893,waukee.org
961928,week37.me
961942,winxbetci.vip
961979,wca-telecom.com.br
961991,wymiana-wyswietlacza.pl
962002,wb-domain.com
962004,wahiduddin.net
962011,wikibedia.ru
962017,whit.by
962095,weitzer-parkett.com
962258,wody.gov.pl
962380,whatshouldyoueat.com
962580,womenandmedievalsong.cat
962598,wolnica.shop
962621,wspice.com
962744,whiteribbon.org.uk
962847,wineforum.info
962859,wzqzpj.com
962924,walkonthewildside.de
962991,webhoxrentacar.com
962993,whdove.com
963002,watermission.org
963178,wincasino.it
963239,worknet-info.ru
963264,wall.flowers
963362,wheelsauto.com
963391,wazamba-gr.vip
963444,website44food.shop
963499,wildtokyo.online
963554,wildnisschule-teerofenbruecke.de
963566,water-garden.co.uk
963678,waterfords.co.uk
963680,workbandalarga.com.br
963701,wodwo.top
963721,weatheronline.co.nz
963757,wealthfactory.com
963764,wired4signsusa.com
963769,weconnectinternational.org
963787,workscom.com.br
963894,worldcard.com.tr
963900,workiq.com
964071,wizandroidmz.com
964072,woolville.hu
964080,wpad.com.br
964100,win9886.com
964110,webhostingservisi.com
964225,webica.pro
964237,websystem.fi
964304,wodushu.com
964318,wenzimall.com
964421,wrn.org
964449,weatherinfo.com.au
964489,w-body.com
964503,wpsic.com
964532,wheelbasepro.com
964562,wktirol.at
964570,wespath.org
964577,wattenberger.com
964578,westerngazette.ca
964586,whjre.com
964632,websols.net
964660,westvanlibrary.ca
964775,websiteproducer.com
964781,wufazhuce.com
964869,websitedown.info
964891,win405zone.buzz
964915,weneedweb.com
964935,wheelpoint.nl
964937,w4hd.com
964957,wildanimalsanctuary.org
965035,wynter.com
965067,website-hit-counters.com
965085,worldtechhub.co.uk
965140,worofgarls.cv
965200,worldexposure.net
965220,wpksystems.com
965235,wurster-medien.de
965240,web-malina.com
965265,we-trainer.com
965344,weightgurus.com
965349,worldtattoogallery.com
965351,worldlifehub.co.uk
965368,weboffice.com.hk
965389,weareautoparts.co.za
965430,worldhum.com
965657,wugemov.cc
965733,wareseeker.com
965824,wp-emanon.jp
965963,webtut.ru
966038,waiotapu.co.nz
966039,wizzy.ai
966043,worldnetmag.co.uk
966053,watchserie.stream
966254,wsxdn.com
966324,wizfan.io
966329,wdq09fb.com
966407,wzkosz.pl
966460,wxmpurl.cn
966462,webware.host
966463,weden-ersatzteile.de
966489,wazifagroup.com
966564,weddingsunveiledmagazine.com
966590,winthrop.com
966764,webbytecnologia.com.br
966799,wingserver.com
966890,woodandcolors.nl
966919,wilsonmedia.co.nz
966923,wahyuutama.com
966975,wasgau-weinshop.de
967003,wiseoel.com
967013,webstudio.adm.br
967105,wohenizaiyiqi.com
967135,worldlifeblog.co.uk
967187,wagerempireoasis.com
967191,woexchange.com
967198,web3templates.com
967341,wjqvd.com
967448,whmtyl.com
967466,wizhosting.com.ar
967485,www-beef-casino.online
967590,webdesigngroup.biz
967593,wiki-ins.ru
967664,willmitchellrealestate.com
967670,wisr.com.au
967731,whasdns.co.uk
967827,wigner.hu
967836,wtiwireless.com
967837,widepalace.de
967862,websoft-ng.com
967870,wedesigntrips.com
967884,wacong.com
967954,wewb.gov.bd
967974,websitebuilderinsider.com
968127,whitehorse.ca
968132,walk15.lt
968251,westmanheimtwp.com
968300,whereispillmythoughts.com
968325,webatvantage.uk
968388,westutx.gov
968402,worldtodayonline.co.uk
968425,webmostbet-uz.com
968442,wigeancegt.ru
968475,wyspazwierzat.pl
968521,webhosting2u.net
968540,wsl.lv
968568,waragod.at
968606,webworkshost.com
968704,wotio.app
968719,w4u.in
968742,winukonline.co.uk
968754,whiskyzone.de
968799,westernslopetoyota.com
968840,waltzprof.com
968857,wbb.co.kr
968950,worldlifesite.co.uk
969007,wallenstam.se
969054,worldwideassociationofsmallchurches.org
969154,worldwayo.com
969170,wepowder.com
969232,waterloorecords.com
969252,webenblanco.com
969304,wanderlustandlipstick.com
969318,webarre.com
969331,worldracing.info
969335,windowsupgradeoffer.com
969352,web-towhid.com
969419,wsrw.org
969525,wirres.net
969571,wennabe.com
969610,webdesign-office.de
969729,wpal.ru
969758,www.gov.by
969938,we7.pro
969946,westgateaz.com
970126,wordfinder.cafe
970151,wanavip.top
970167,webric.net
970177,werraenergie.de
970182,worldsoft-wsw.com
970184,win2win.co.uk
970202,wowomaifang.com
970328,wynwoodmiami.com
970418,wgstudios.com
970438,wob11.de
970451,worldofairports.com
970475,walltopia.com
970513,weflycheap.nl
970518,wilson-engineers.com
970545,winwinbets.org
970553,wearethereds.com.au
970600,worldwidemetric.com
970661,wellnessbychoice.com
970662,worthstart.com
970695,wenyucdn.com
970710,wirelesscar.net
970722,waterfallmagazine.com
970750,wolfgangint.com
970759,work.co
970771,welfare.it
970793,windserver.com
970809,wo80.com
970839,worldconnections.co
970857,westfordma.gov
970858,webstudioserver.com
970916,wuse372.site
970938,wurm-hastings.com
970947,wagerfocus.co.uk
971043,wpsheeteditor.com
971106,wartasosial.com
971109,wiseowlquiz.com
971183,wemanage.co.il
971216,worldmoderne.fr
971303,wavedrom.com
971499,whofic.com
971520,wikidb.info
971559,wikixy.de
971572,winslots.net
971611,whattobecome.com
971620,weather.org.hk
971638,wia.org
971642,webpro.com.br
971683,wegbbvhp.cc
971695,webmogulhost.com
971730,widezone.de
971819,wayg.ru
971899,webhost3.com.au
971924,worldnorse.com
971943,windsorgov.com
972001,wheelsforwishes.org
972048,worcesterschools.org
972066,wideplankflooring.com
972090,web-crossing.com
972096,worldebookfair.com
972104,white-ibiza.com
972135,woodplc.net
972180,wkst.ru
972186,webserver.lk
972210,weblayer.co
972223,worldfinancialgroup.com
972260,wwwbaike.com
972267,writingfort.com
972292,webmost-bet-uz.com
972302,wowstorage.co.uk
972329,website-for-dentistry.com
972336,warmupinbox.com
972361,wamer.org
972419,webhost.ru
972426,willyvanhoutte.com
972497,willpolston.com
972501,weberberlin-dns02.eu
972509,whm02-insidesign.com.br
972594,wrn2al1bthx-vu8ghc38di3fp.live
972623,webonline.ca
972657,wfeo.org
972661,wkrq.com
972676,wagnerdufey.cl
972754,web-krafts.co.uk
972806,wazamba-no.net
972849,wagervaultpointmax.com
972871,worldhighways.com
973049,wapka.mobi
973328,wigsbydana.com
973339,welcomehome.org
973367,whm.cloud
973382,wageraplay.co.uk
973397,wiseweb.ru
973405,windhillstorm3.com
973521,wex70.net
973547,wcmspi.com
973555,weijindaoju.com
973599,worldquotidien.fr
973600,wvkkhzza.com
973601,wrec.net
973617,webhosting24.com.au
973659,web29.nl
973675,winsupply.com
973683,whoismind.com
973684,whatsthatcharge.com
973710,westgatehotel.com
973816,wmtel.net
973821,woohoobikes.com
973881,webpagefxstage.com
973912,wizebuy.co
973919,webmau68.com
973925,wulogix.com
973949,worldgym.com
973999,whedonsworld.com
974050,whys.video
974093,wydawnictwodwiesiostry.pl
974133,weekendbee.com
974135,windowscanada.com
974236,woodmann.com
974324,wrightexpress.com
974327,wps60.org
974388,wauwatosa.net
974413,watchworld.com.ec
974556,willgate.co.jp
974576,wool.com
974579,wove.com
974583,warealtor.org
974601,watershedlrs.info
974768,webhook.cool
974769,westerncomputer.com
974770,whatshub.cc
974771,world-timedate.com
974772,wrosinski.pl
974773,wsyzy.org
974926,wachsjacken-service.de
974927,wang.market
974928,wheel-size.cn
974929,wlai.vip
974930,wowvpn.site
975161,watchesonnet.com
975162,wenanlu.cn
975163,wheel.ee
975164,whysw.org
975165,wkml.com
975247,winningbydesign.com
975365,w1801.casino
975379,wokayk.com
975409,wxtyhw.com
975503,wishescards.ru
975517,winresort.us
975559,weobia.fr
975563,wuxiyichi.com
975637,webry.ai
975644,wpcouncil.org
975651,wageradigital.co.uk
975677,wanyuewellness.com.cn
975748,wrestlenomics.com
975778,wiktormajak.com.pl
975804,webhostingcluster.eu
975861,wernersobek.com
975890,whiting.org
975966,webglobe.rs
976001,webit.com
976018,werxtracts.com
976031,wgpayscale.com
976047,witaps.com
976086,wheretheladies.com
976095,woundcaregurus.com
976104,wir-sind-mueritzer.de
976163,wiener.pl
976228,weirdorconfusing.com
976334,wfg-kassel.de
976394,willowsoul.com
976433,www.ee
976435,wkene.com
976461,weirdsciencedccomics.com
976495,worldfresh.uk
976573,whatsonnetwork.co.uk
976734,workwithshadow.com
976767,willingcease.com
976786,worldbusinesschicago.com
976787,wpdowns.com
976799,witwhimsy.com
976820,wolterskluwerfs.com
976853,wagerversenation.com
976881,web-spielwiese.de
976899,wiveda.de
976910,wagerlucky.de
976922,wegotitcovered.io
976943,widelounge.de
977007,wwwaxa.fr
977010,waltermagazine.com
977022,witeboard.com
977032,websterz.net
977060,wab.edu.pl
977070,wizdii.com
977092,webr.net.za
977127,waytolegal.com
977238,weitscafe.com
977248,wunderstein24.de
977286,wolf900.com
977316,wwwcricketwireless.org
977326,wataugatx.org
977393,walubee.com
977429,wemed.com
977448,ws-i.org
977460,winners-service.com
977489,wakesam.com
977497,wonenlimburg.nl
977592,winds.mobi
977623,waterworld.es
977640,wiring.org.co
977655,wonderi.com
977683,weblogtheworld.com
977785,wobi.co.il
977953,weforest.org
977992,worldglobalmag.co.uk
978025,winnexarena.co.uk
978053,wageraenterprise.co.uk
978089,webbersaur.us
978330,wss.com
978366,womenworking.com
978428,watery.ie
978478,webstrator.com
978482,webhostingfreedom.com
978524,wiseheadline.us
978610,welcomehost.com.br
978618,wiki386.com
978619,wers.org
978662,wenn.com
978667,windowanddoorparts.us
978761,warmtestore.nl
978780,wrench.com
978796,wsgkc.com
978799,whmwebhosting.com
978815,wdfm.net
978823,wco.ru
978831,w3webtechnology.co.uk
978864,worldanimalday.org.uk
978883,wupdoc.com
978937,wolfgold.co.uk
978982,wolfgangdigital.com
979020,wildwildwet.com
979037,wakefieldresearch.com
979046,welibowless.com
979065,webseitenserver.de
979100,wisesys.info
979134,worldwarriors.net
979176,webjanssen.info
979191,wnetx.net
979195,winsairline.com
979239,wittered-mainging.com
979248,wspprowork.com
979280,wismettacusa.com
979322,whoispopulartoday.com
979422,wefugees.de
979435,weekender.com.sg
979462,worldtechmag.co.uk
979547,womenaktobe.kz
979589,writers.work
979624,wonderluhst.net
979704,worldchangers.org
979733,wuzumov.cc
979772,wildway-studio.com
979810,wildsinodeutsche.com
979820,winnexservices.co.uk
979915,watchtime.ch
979942,webstrategiesinc.com
979952,wristhax.com
980068,worldclasslighting.com
980091,whois.net.au
980131,webaroo.com
980142,whhrlt.com
980181,wm235tl.xyz
980298,wyomingtourism.org
980344,wortpfad.ch
980362,wolfmother.com
980472,welt-der-legenden.de
980499,wittamer.jp
980505,worldwidetopsite.com
980513,widetrade.co.kr
980519,webcreatorbox.com
980559,worldbritblog.uk
980618,westlornebaptist.ca
980652,wrestlewiki.com
980687,wzlwbxg.com
980696,wwstf3.com
980804,wisejournals.us
980835,wam-poker.com
980917,wloqtmt.biz
980967,waiguofang.com
980985,we.graphics
981046,worlddigitalmedia.co.uk
981094,websterinternet.com
981198,wrongkindofgreen.org
981247,wausaudl.com
981272,winnettoday.co.uk
981307,wlcsd.org
981373,wangpromherb.com
981433,websitesibursa.com
981452,winculturenews.co.uk
981480,weexnail.com
981485,woo.hair
981507,westerwaldbank.de
981520,websiteg.com.au
981528,woodentops.org.uk
981556,wordsearchgame.net
981580,windigitalplus.co.uk
981631,wishion.com
981652,webnovel.site
981705,world-id-assets.com
981833,wikicamps.co
981906,walletgate.io
981920,wha.com
981941,wsli.dev
981981,webstophosting.com.au
982021,worldrobotconference.com
982119,westmonroepartners.com
982181,westco.coop
982196,wisestamp-dev.com
982254,watchshopbd.com
982313,wildberries.co.il
982319,wize.bot
982353,waca.or.jp
982362,wheatstone.com
982409,warriorangelsfoundation.org
982475,woxidigital.com
982677,wackywilly.co.kr
982678,wellatsea.com
982679,wordans.co.uk
982680,wow-buket.com
982687,wegazi.com
982738,wnc.cloud
982757,waoop.com
982813,wuji7.com
982852,watershed.mobi
982874,wmdbk.de
982907,webcomkenya.net
982930,webnotarius.pl
983023,wallpanelsworld.co.uk
983171,webhub.team
983207,wagermarketrise.com
983228,wordsatwork.com
983309,wdcbml.com
983331,wikitribune.com
983380,washtenawcd.org
983386,wallpapery.sk
983403,wepa.online
983408,weathercrave.ca
983411,weblight.com.au
983446,weatherforecast.io
983473,wallywine.com
983534,wsponline.com
983553,worldcouncils.xyz
983556,wfusion.us
983592,wanderlove.es
983710,waidler.com
983798,winworldblog.co.uk
983823,walksinsiderome.com
983941,wringtonsomerset.org.uk
983959,woorinoin.or.kr
983985,wanderweib.de
984000,weby.ee
984012,webprojectcontrol.com
984015,wos.org
984039,wewireless.de
984041,worldoftales.com
984063,wifeosite.com
984140,world-english.org
984185,witsweb.org
984200,woverkaufen.de
984238,webstervillemedia.com
984259,wohnmobilpark-vulkaneifel.de
984303,wizardwebsites.co.uk
984396,wsma.org
984643,webdroy.com
984695,writingworkshops.com
984718,wwxpevjt.com
984746,webcamrecs.com
984749,wtrade.com
984769,webarcode.com
984777,worlddaysoff.com
984784,wellbutrin.cfd
984786,wiseed.com
984845,wellesu.com
984887,winget.run
984905,wellingtonhosting.com
984944,williamandsonsjewelers.com
984972,womeninai.co
984981,whirlpool.nl
985031,wxinfinity.com
985035,webhome.com.tr
985037,webmartindia.net
985053,we-cloud.de
985054,win9887.com
985079,wheel-size.jp
985084,worldculturemag.co.uk
985086,warby.io
985138,wikisida.no
985143,william3v.com
985145,wiserhome.com
985160,wealthengine.co
985165,wakshin.com
985206,wirrz.com
985228,welcomingamerica.org
985246,worwic.edu
985267,wiseccleaner.com
985268,wildirismedicaleducation.com
985312,wineaura.shop
985387,webcamlive.cz
985409,washroomaccessories.com.au
985435,wildsextubes.com
985491,wwcricket.org
985498,wasbv.com
985517,wagerconsole.com
985562,weldshopsupply.com
985580,winstler-online-casino.com
985601,weihai.cn
985643,westone.com
985662,wheelsforless.com
985668,webolution.ca
985676,wscad.com
985677,waragod.de
985697,wisepages.us
985719,webfanaticos.com
985720,winhubmag.co.uk
985739,wallpapercanvas.com
985753,worldofcomics.ua
985842,wildcard.it
985848,win190.online
985874,wtnzfox43.com
985891,wzcx998.com
985900,wine-gift.us
985958,wellcrypto.io
985984,wenzhanglu.com
986003,weicowire.com
986031,wpidns.net
986035,wineandspices.com
986096,walmart.com.br
986111,wordnavigator.com
986140,warholstars.org
986187,wuning.gov.cn
986240,worldmonde.fr
986254,workshare.com
986298,weathersicily.it
986309,winlifemag.co.uk
986341,winwatch.vn
986448,wefeelfine.org
986452,waldorfastoriaorlando.com
986454,winlifehub.co.uk
986491,weijy.com
986531,worldcentralblog.co.uk
986533,wynajmijbusa.com
986536,wrongweather.net
986543,whatsgaming.net
986611,worldtattooevents.com
986680,wavgroup.com
986709,winglobalplus.co.uk
986722,webex.gr
986767,webnethosting.net
986778,webpromoexperts.net
986818,website61boxs.de
986819,wikistrike.com
986904,webhoster.org
986983,wortnotiz.ch
986987,windrose.tools
987004,webspacetoday.net
987107,wsteleport.com
987109,webseitenoptimierung.at
987140,womai.com
987181,wakatsera.com
987283,welcomebonus.co
987295,welbro-eng.co.uk
987307,winschool.jp
987332,wownippon.com
987385,whohasthebestservice.co.uk
987411,wisecut.video
987414,webclient5.de
987416,wrestpoint.com.au
987431,webcamcn.xyz
987572,walterzorn.com
987616,wangpromherb.co.th
987662,wpformation.com
987673,webnet-service.de
987792,wkve.com.br
987797,wandermagazin.de
987826,webmostbet.com
987837,wholesaledepot.co.kr
987871,whiteonwhite.co
987878,webdevelopersnotes.com
987932,watersortmatchearnmoneybyh.com
987988,winbiap.cloud
987996,wehoh.net
988025,wdace.com
988052,webdienst.at
988096,webrenovation.com.au
988120,world-stone.com
988134,wbell.dev
988356,wikisinfos.com
988357,wkmj99.com
988358,wokecollection.in
988359,worldef.com
988399,weline.io
988460,worlddigitalsite.co.uk
988484,westwoodonesports.com
988574,watchdoc.com.br
988605,wfme.org
988718,watch-id.com
988726,westchesterclerk.com
988798,whatsonvancouverisland.com
988837,whitered.io
989058,webglobe.dk
989080,wenjutv.com
989092,wipesoft-hosting.nl
989095,wikisongbook.com
989133,webcoreglobal.com
989177,watershedwellness.net
989197,wxyaoen.com
989205,waarbeek.nl
989229,wfree.com.br
989254,wise.live
989302,wiwiw.com
989366,waverez.com
989428,warnung-der-bevoelkerung.de
989435,webseo.pe
989469,wawadajia.xyz
989570,webratiocloud.com
989583,wundertech.net
989702,wot-numbers.com
989705,wateetons.com
989819,webhorizon.net
989866,websurgenow.com
989887,weaponslaw.org
989892,whsuan.com
989915,wantalkpet.com
989928,waermepumpen-beratung-deutschland.de
989932,webcor.com
989964,whqzzgq.com
989974,washington-report.org
990089,worldbrit360.co.uk
990090,windporn.com
990106,webercarburettor.com
990162,widgetecom.ru
990179,whitecupgo.com
990187,wwake.com
990189,wencor.com
990198,waptrick.net
990251,webcamz.li
990280,westerndailypress.co.uk
990319,wuno.host
990368,w-to-w.ru
990377,www800.net
990379,wetasianporn.com
990390,www-xnxx-main.rest
990425,www-melbet-eg.com
990434,wewanted.com.tw
990447,wabroadband.com
990450,westlinnoregon.gov
990475,willseye.org
990517,wincentraltoday.co.uk
990553,whiskyauktionberlin.de
990576,wijkconnect.com
990588,wearecollins.com
990644,waynemadsenreport.com
990651,webbedit.net
990719,web3caff.com
990744,wireworld.com
990873,wildwings.com
991009,webcreative.com.pl
991041,winedirect.co.uk
991048,writingforum.org
991065,wxjui.com
991163,winnexfactory.co.uk
991208,webhostingsol.com
991231,washingtonfederal.com
991340,wheelworld.net
991346,wiperservers.com
991423,wmaker.com
991482,wagsandwalks.org
991580,waterville.com
991598,webserverbr19.com
991644,wdbet.com
991666,webtwodirectory.com
991688,wesang.com
991689,writenest.my
991723,waynecook.com
991768,wanderingwifi.com
991778,writingthesistops.com
991789,www-zagonkas.top
991804,wodasign.net
991858,whogo.de
991878,wocn.org
991904,wormyvpn.com
991940,whippet-insider.de
991943,w14s.cc
991973,wegwijzerdinxperlo.nl
992040,waimaolaomai.top
992060,wildprison.net
992088,workshopsoftware.com
992145,wortspuren.at
992158,westa-kawagoe.jp
992164,worldsapps.com
992193,winboo.net
992210,weimingtian.com
992282,weareperth.co.uk
992303,wellywarehouse.co.uk
992321,wendemuseum.org
992322,wegewerk.net
992389,whirlpooljet.com
992418,webmasteroscar.com
992472,winstores.com
992538,wefaceswap.com
992557,webifa.ir
992613,wagerocean.nz
992652,wektu.cloud
992701,wiwo.nl
992712,wowoo-services.com
992741,wm-apps.com
992769,wakapro.app
992782,wispyhardo.top
992812,whalemanga.com
992853,weightloss.com.au
992886,wwf.id
992887,winworldhub.co.uk
992908,web3ads.net
992928,whalehost.co.uk
993032,wiesenhof-online.de
993085,warp9racing.com
993113,wildebeest.org
993202,wearelumos.org
993221,westorlandonews.com
993234,wieruszow.pl
993239,wapro.pl
993273,wildexperiencetours.com
993328,webfactoryltd.com
993413,whtouch.com
993436,windows7en.com
993537,web-host-servers.com
993550,watch-porn.net
993567,wp-spezialteile.com
993582,wowpass.net
993594,wdxrsj.com
993686,weeklyworker.co.uk
993696,webmanagement.at
993712,woimh.com
993753,witteveenbos.com
993800,windigitalnews.co.uk
993817,wishlistproducts.com
993841,webull.com.au
993868,websavers.ca
993932,webmasterdirect.com
993941,warehouse-nantes.fr
994102,wisetrend.us
994166,washblade.com
994182,welkyn.com
994207,wellnessdentalclinic.in
994227,wildlifebcn.org
994246,worldglobalsite.co.uk
994319,writeurl.com
994334,weekendgoals.com
994351,webweb8.com
994385,weightloss411.com
994438,whatsonsaudiarabia.com
994457,wblm.com
994498,w1-chinesepg.com
994557,windtunnelmapsite.com
994576,wrldrels.org
994591,webprodie-systems.nl
994612,webtexmarket.com
994635,wagerspot.co.uk
994698,weblibi.com
994724,wobi.com
994771,webfastdns.com
994805,wyc520.com.cn
994810,winprimehub.co.uk
994878,websperu.net
994880,williamsav.com
994904,whitehatsec.eu
994941,wmfs.net
995116,webvisor.pl
995188,whitenclean.blog
995216,wikiferaq.org
995262,womenofinfluence.ca
995281,wwwaxaglobalhealthcare.com
995335,wildlife.org.au
995363,wcl.org.uk
995364,wild-girls-tgp.com
995374,wishesndishes.com
995449,wtg.zone
995496,www.gov.mu
995535,warlog.ru
995538,wxceia.com
995563,webmastersindia.net
995655,wombatdns.com
995702,webshade.nl
995710,wisemc.eu
995733,westarenergy.com
995752,wajans.com
995754,wtvideo.com
995755,wilsonjackets.com
995773,whwmpswlw.com
995775,wgchost.com
995777,welcomingexpulsion.com
995778,wififreespot.com
995798,webdsign.nl
995802,wdtest8.com
995810,webquest.fr
995828,www-xnxx-club.rest
995846,wefixmoney.com
995915,weinquelle.com
995918,warchild.org
995960,wildexplained.com
995987,we-roam.com
996048,wright-brothers.org
996099,wolf.games
996169,wwf.org.my
996175,worldcentralonline.co.uk
996272,whatmobileshub.com
996294,week.com
996358,wxglit-hydraulic.com
996414,witleather.pl
996460,wortstimme.at
996570,wink.ws
996607,westlineford.com
996670,winslot96.com
996704,warentest-institut.eu
996742,wiselines.us
996764,wave-spring.com
996783,wholesalediscountsunglasses.com
996805,wichands.com
996813,wallacebet.com
996823,wa-dns.net
996845,weinbar-weimar.de
996909,woddd.top
996945,wexiro.be
996961,w88fast.com
996979,wina.pl
996996,whatnerd.com
997006,wearetenet.com
997089,westendbank.com
997101,websitesfordaycares.com
997104,waternz.org.nz
997150,w3hosting.co.uk
997659,wagcdn.com
997660,waks.be
997661,weatheraustralia.info
997662,wellingtonwater.co.nz
997663,wetanddustyroads.com
997664,wickedauthors.com
997665,willowinteriordesign.net
997666,windagainstcurrent.com
997667,withthegrid.com
997668,worthybiblestudies.com
997669,wp-updates.com
997670,wpvulnerability.net
997671,writingtofreedom.com
997672,wwtssoftwaresolutions.com
997723,warnermedia.co.in
997768,wowtv.sx
997840,westerncoal.in
997891,west7.studio
997911,web-starlets.com
997919,wild-wear.de
998054,wonmnf.asia
998070,webclient4.de
998094,win2casino.net
998167,wcr.org
998191,wangen.de
998212,wisecart.ne.jp
998287,wrobot.eu
998355,wenbike.com
998371,wxdjy.com.cn
998378,wagermatrixcove.com
998423,wzbj.com.cn
998455,whois.je
998467,winningnh.com
998475,wrabel.at
998521,wec-wec.org
998605,worldskillsuk.org
998621,wanwupai.com
998663,wolterskluwer.co.uk
998668,weepee.io
998683,webrouter.nu
998693,whalepals.com
998722,wageramax.co.uk
998872,wobline.de
998932,wirelesscar.cloud
998947,wheretoskiandsnowboard.com
998972,whitleyaward.org
999011,www-01490149.com
999024,wk.cz
999030,wirkaufendeinauto.at
999036,worldofscentchips.com
999129,wgl-demo.net
999191,weblettres.net
999263,whizzle.it
999370,wakeforestlawreview.com
999403,worldpadeltour.com
999420,wakatsuru.co.jp
999460,webapn.at
999565,wpslsoccer.com
999601,wfust.edu.cn
999643,widg.io
999705,webdianoia.com
999762,website44futures.shop
999800,wegnercpas.com
999877,winterspringsfl.org
999889,wkandt411.com
999908,wholesaletrailerb2b.com
999950,welcomedjshop.com
999955,www-xvideos-com.boats
999965,we-herringpg.com
999985,webmasterindia.com
999994,westserverdnshuk.com
