id,domain
53,x.com
147,xiaomi.com
364,xboxlive.com
417,xcal.tv
547,xhamster.com
586,xiaomi.net
819,xbox.com
869,xvideos.com
958,xnxx.com
977,xhcdn.com
1008,xerox.com
1027,xhamster.desi
1032,xing.com
1167,xhamster2.com
1170,xhamster19.com
1173,xhamster1.desi
1184,xiaohongshu.com
1198,xhaccess.com
1211,xhname.com
1234,xhopen.com
1295,xvideos-cdn.com
1301,xham.live
1318,xxxbp.tv
1344,xnxx.tv
1349,xhspot.com
1356,xvv1deos.com
1392,xhsocial.com
1476,xvideos.es
1488,xnxx.health
1491,xnxx.es
1503,xnxx2.com
1505,xnxx-arabic.com
1549,xvideos2.com
1596,xorgasmo.com
1603,xxxvideo.link
1609,xhamster45.desi
1619,xxx18hot.com
1631,xvideos-ar.com
1656,xpaja.net
1665,xosodaiphat.com
1697,xvideosputaria.com
1698,xsmn.mobi
1706,xoso.com.vn
1721,xbanxia.cc
1725,xahani.com
1726,xxxhindi.to
1740,xxxvideosind.com
1749,xn--12c1ezaww.com
1750,xvideo.vlog.br
1779,xfinity.com
1812,xhscdn.com
1816,xinhuanet.com
2160,xundns.com
2171,xserver.jp
2184,xincache.com
2322,xboxservices.com
2426,xn--72c0anj1fqy6jqa7ei.net
2487,x5.ru
2494,xxpkg.com
2508,xhamster46.desi
2546,xxxbp.pro
2619,xnhau.shop
2646,xn--2-wxfc3gwbi.com
2667,xnhau.bet
2668,xnhau.cx
2669,xnhau.ing
2782,xhchannel.com
2857,xnxx-cdn.com
3054,x-cdn-static.com
3071,xxxpostpic.org
3283,xero.com
3428,xe.com
3513,xtracloud.net
3532,xhclub.live
3704,xnhau.kim
3711,xkcd.com
3712,xnhau.la
3735,xnhau.vc
3774,xhamsterlive.com
4080,xhpingcdn.com
4650,xn--ngstr-lra8j.com
4680,xda-developers.com
4783,x.ai
4913,xmlsoft.org
5325,xtracloud.cn
5735,xataka.com
5747,xxx.com
5836,xlgmedia.com
5855,xgroovy.com
5913,xhamster3.com
6009,xs4all.nl
6071,ximalaya.com
6073,xhtotal.com
6159,xunlei.com
6217,xfree.com
6441,xiaoyi.com
6715,xinnet.com
6989,xhwide.com
7008,xxxbule.com
7054,xn--pckua2a7gp15o89zb.com
7257,xsolla.com
7343,xv-ru.com
7452,xhwebsite.com
7587,xxxshame.com
7664,xbox-dns.ru
7891,xhbox.today
8045,xxbrits.com
8099,xvideos3.com
8143,xfeed.com
8163,x-x-x.tube
8179,x-video.tube
8353,x-fetish.tube
8523,xnxx-ru.com
8571,xxx-sex.one
8577,xn--mgbkt9eckr.net
8603,xasiat.com
8845,xhfuck.com
8898,xanimu.com
9106,xgx.mobi
9146,xnxxporn.video
9183,xxvideos.video
9189,xxxmovies.life
9230,xhnews.live
9245,xvideos.tube
9293,xlxx.mobi
9313,xvideosbr.blog
9389,xsrv.jp
9476,xossipy.com
9512,xskt.com.vn
9522,xnalgas.com
9620,xnxtt.com
9658,xvideo.blog
9684,xleche.com
9695,xxxindianstories.com
9726,xdate.ch
9786,xvideosporno.blog.br
9798,xepay1.com
9850,xnxxsex.net
9940,xvideo-jp.com
9952,xn--42cah7d0cxcvbbb9x.com
9972,xosothantai.mobi
9973,xn--69-6tia3cb.net
9989,xn--3-wxfc3gwbi.com
10015,xxxza.com
10045,xnxxarab.to
10048,xn--72caa3cygoc0d9c.com
10071,xvideos69.xxx
10202,xprimehub.hair
10251,xseenx.com
10252,xit.az
10379,xx1t.com
10687,xtremepush.com
10870,xxxjmp.com
10906,xdrtc.com
10919,xrea.com
10972,xumo.com
11056,xfinityhome.com
11119,xperia-gaming.site
11200,xhonline.blog
11316,xplosion.de
11365,xhfanclub.com
11450,xiaomiwear.com
11493,xi-rutor.top
11506,xiaomiev.com
11671,xxxi.porn
12383,xxxvideo.sex
12384,xn----ztbcbceder.net
12587,xg4ken.com
12629,xhnews.blog
12802,xinqiucc.com
12858,xiti.com
12891,xarxx.net
12903,xn--12cu1a5c.online
12908,xiaomixiaoai.com
12909,xmission.com
12951,xn--69-uqi6eta7bs4j9f.online
13256,xtb.com
13441,xoom.com
13677,xmodxvquvodns.com
13710,xunta.gal
13743,xssl.net
13978,xuexi.cn
14011,xiaohei.com
14210,xtemos.com
14470,xzcs3zlph.com
14533,xcancel.com
14535,xoalt.com
14543,xepith.com
14595,xxx-xxx.click
14665,xhsite.life
14789,xnxx-arabi.com
14803,xvideos.net
14843,xlxx2.com
14855,x24hr.com
14898,xxphims.blog
14910,xn--6-lve1d0cya6hb2e.com
14949,xxxvideosex.net
15072,xeconvert.com
15692,xn--69-6tia3cb.com
15901,xn--3-nyf3aak0c.net
15902,xn--72c6c2a3an.net
15903,xnxxen.org
16041,x5media.ru
16233,xhamster.best
16317,xtime.com
16377,xmeye.net
16391,x-y-2-z.com
16603,xueqiu.com
16912,xiph.org
17265,xozilla.com
17397,xmcsrv.net
17625,xfreehd.com
17628,xcoinsystem.com
17753,xmilf.com
17852,xlivesex.com
17875,xdebug.org
17909,xcafe.com
17976,xvservice.net
18052,xiaojukeji.com
18096,xendesktop.net
18101,xcdnpro.com
18297,xxxtophd.com
18607,xerotica.com
18696,xxxlumaxxx.com
18905,xdaforums.com
18949,xmegadrive.com
18981,xml-sitemaps.com
19121,xtits.xxx
19219,xmrig.com
19250,xchina.co
19428,xxxclub.to
19435,xn--l3caaa5iqc3a.com
19452,x-plarium.com
19528,x3m.biz
19535,xnxx.place
19634,xn--42cf7cgd7gxbd4m7c.cc
19674,x.gd
19755,xe.gr
19769,xvtest.net
19888,xn--y3ctaak9bb.com
20049,xh.partners
20085,xn--b1aew.xn--p1ai
20229,xxxviijmp.com
20296,xonbet.net
20387,xpi.com.br
20391,xcadr.online
20485,xyyh.com.cn
20497,xporn.tv
20553,x-tg.tube
20981,xiaoman.cn
21156,xxxviiijmp.com
21159,x2twitter.com
21208,xalabahia.com
21209,xlecx.one
21211,xapo.com
21268,xenial.com
21395,xnxx3.com
21404,xilinx.com
21521,xvideos4.com
21619,xforum.live
21625,xxxlutz.de
21681,xhapp.live
21769,xsw.tw
22005,xvideosincesto.com
22118,xnxx20.com
22163,xnxx-aflam.com
22243,xiecheng.com
22256,xdyxxddfqd.net
22393,xhnews.life
22416,xoilaclinkwc2026.tv
22830,xhvid1.com
22836,xstory-fr.com
22884,xmishti.com
22904,xbato.co.uk
22988,xozilla.xxx
22991,xsdacdn.com
23005,xsmn247.me
23141,xoki81qhmq.com
23179,xn--l3cg7a8a0cwa3f.website
23234,xn--42c5ab1a9aq9hqb5dud.to
23296,xsuboo.com
23298,xnung.com
23308,xvideos.blog.br
23418,xn--88-lqix0ea5a7kua2b8lc3gd.com
23498,xvideos.tv.br
23539,xxxtubevideos.click
23563,xn--24-8qizc4j8c.net
23564,xn--h-k9tybb8g5ivhkczry701afhpm4sru6d.net
23565,xvideosxxx.net
23566,xxxbpvideo.com
23610,xvidey.top
23629,xinhuaxmt.com
23641,xn--3-7wf9a3c4b3bt8f0cya.net
23645,xnhau.bz
23659,xmaza.tv
23719,xenforo.com
23738,xunyou.mobi
23907,xjtu.edu.cn
23966,xydiamonddbexpert.com
24121,xcar.com.cn
24322,xbiz.ne.jp
24362,xfyun.cn
24368,xmu.edu.cn
24571,xtec.cat
24577,xl-ads.com
24697,xsph.ru
24880,x1skf.com
24884,xdrig.com
24911,xhofficial.com
24938,xirsys.com
25088,xfinfr.com
25094,xad.com
25198,xanga.com
25236,xtrivdfw.com
25322,xwz.ovh
25493,xserver.ne.jp
25543,xterraclubrd.com
26004,x9fnzrtl4x8pynsf.com
26035,xcelenergy.com
26102,xiyuudi.com
26108,xintaicz.cn
26714,xyzproxy.cloud
27023,xl.pt
27040,xnview.com
27238,xhscdn.net
27369,x-fins.com
27428,xogrp.com
27456,xlivrdr.com
28173,x-y-7-z.com
28177,xgen.dev
28252,xtool.com
28347,xylem.com
28378,x-b-i-3.com
28441,xp94.com
28806,xxxramenshopfun.lol
28820,xhbig.com
28829,xaas.systems
28868,xxxbunker.com
29100,xreapps.net
29429,xhlive.net
29804,xtgem.com
29924,xxx-cdn.com
30297,xn--d1aqf.xn--p1ai
30318,xzgjp.com
30363,xhnow.today
30480,xenkod.cc
30520,xm.com
30523,xn--90aivcdt6dxbc.xn--p1ai
30621,x-sense-iot.com
30642,xdfsh.com
30701,xcfybj.com
30777,xn--xhq8a773e95j9l5a.com
31058,xtliyi.cn
31082,xmalay.xyz
31134,xmsecu.com
31227,xhnow.life
31300,x-flow.app
31431,xn--72cm8an6ed3b4dwe6bh.cc
31455,xinmin.cn
31467,xmalayporn.com
31474,xxxvideo.wtf
31548,xn--3-7wf9a3c4b3bt8f0cya.com
31597,xxx191.cc
31654,xn--3-wxfs4ab4gvepc.net
31712,xn--1-wxf3amfe4e1hqcp.com
31747,xmasti.tv
31748,xvideos-k6.com
31768,xiaoxingauto.com
31858,xmazaa.tv
31859,xmdh.link
32039,xhreal5.com
32094,xmhns.com
32332,xvideos.red
32516,xcritical.com
32588,xmoky.tech
32813,xyzs.cc
32909,xiachufang.com
32968,xinyunda-gov.cn
32988,xn--l9qya375kzx4a.com
33058,xephion.ne.jp
33217,xnfhtech.com
33219,xxxz.tv
33269,x.org
33296,xfce.org
33417,xervcwfsk.com
33706,xarth.tv
33851,xincache5.cn
34106,xel.nl
34249,xn--42c6baga2dd6da0eti2a8e8a.online
34273,xmshiteng.com
34402,xincache1.cn
34524,xuebody.com
34666,xpln.tech
34723,xmind.com
34803,xunta.es
34899,xh.video
35194,xoilacct.tv
35278,xaas3.jp
35310,xhslink.com
35447,xiaomimobile.com
35722,xsdns.net
35785,xn--lovu62d.cn
35787,xanje.com
35814,xspmail.jp
35884,x0.com
35916,xoilacz.vip
35999,x-star.com
36085,xsz-av.com
36106,xnxxax.org
36140,xvideos-hd.blog
36231,xn--l3c7bc4b.com
36423,xn--12cl7cj0bzc2b5hqa5fza.com
36424,xnxxnek.org
36425,xnxxsx.org
36489,xlovecam.com
36575,xn--80aapampemcchfmo7a3c9ehj.xn--p1ai
36736,xn--ykts2c47u5r4a.com
36772,xmcdn.com
36799,xiaoeknow.com
36917,xn--pssw46az6cqs3a.com
37005,xactimate.com
37019,xacjrjy.org.cn
37022,xcthings.com
37161,xhvid.com
37276,x-kom.pl
37292,xhlive.stream
37293,xbit.jp
37362,x431.com
37433,xbeat.space
37549,xaonline.com
37619,xamadores.com
37777,xink.io
38078,xysa.com.cn
38271,xxxnaja.com
38276,xn--l3cl2br0bq7evc0c.com
38291,xn--wbr89i17glxijyay55ao40c5eza.com
38294,xendit.co
38299,xhpro.live
38306,xybqg.com
38555,xpeng.com
38720,xvideos10.blog.br
38795,xzblogs.com
38873,xmc.pl
38881,xn--xhqv9jbtpfww.cn
39055,xupertv.vip
39062,xhplanet.com
39111,xn--72c6c2aa0bpb.com
39252,xhby.net
39275,xtra.co.nz
39388,xplay.gg
39486,xt.com
39755,xboxab.com
40228,xiaomimimo.com
40464,x10.mx
40670,xosothantai.com
40776,xmlorbit.com
40782,xdjxpt.com
40791,xcal.sky
40796,xshaon123.sbs
40914,xd.com
40976,xlink3.com
41175,xrite.com
41192,xyz.com
41203,xhlive.cam
41229,xn--lep-tma39c.tv
41263,xhlive.org
41268,xn--80ahmohdapg.xn--80asehdb
41353,xdomain.ne.jp
41446,xtom.com
41558,xyydnode.com
41826,xhamsterlive.stream
41910,x17grorfjwiytre2d.info
42086,xdplt.com
42411,xxxivjmp.com
42561,xhamsterlive.info
42620,xiandagufen.com
42935,xpo.com
43029,xmates.com
43127,xmind.net
43138,xn--fiqz3fu6de3b63agzw9z8g.com
43362,xaminim.com
43507,xprize.org
43561,xcottons.com
43695,xrtb.io
43919,xeovo.net
43955,xiaoduola.xyz
44179,x5static.net
44420,xmple.com
44482,xbabe.com
44493,xmjunli.com
44572,xhclub.blog
44729,xansrv.com
44761,xvix.eu
44872,xn--80akicokc0aablc.xn--p1ai
45116,xn--y3ctbg6b.com
45186,xxxxbt.cc
45192,xiaoyakankan.tv
45310,xxx.xxx
45417,xadsmart.com
45577,xpanas.sbs
45585,xywy.com
45760,xxlmag.com
45767,xrea.jp
45806,xano.io
45899,xnxx.gold
46109,xverse.cn
46110,xdgtw.com
46365,xkred27.net
46401,xedo.me
46481,xfolio.jp
46710,xl.co.id
46768,xo.gr
46912,xtits.com
46917,xoilac365xj.tv
46961,xmmku.com
47046,xand.com
47253,xara.com
47259,xlviiirdr.com
47262,xn--80aaf4afvkjgic0i.xn--p1ai
47314,xxxlutz.at
47338,xtsdtredy.com
47396,xkw.com
47398,xjqifei.com
47587,xfire.com
47696,xatakamovil.com
47810,xidian.edu.cn
47846,xhapp.life
47976,xv-videos1.com
48048,xztbxz.com
48077,xinjiang.gov.cn
48092,xhapp.blog
48113,xshareall.com
48494,xscores.com
48689,xhmoon5.com
48697,xxxbfvideo.net
48812,xnvho2940637fafa.com
48886,xjkma2940637fafa.com
49435,xodo.com
49447,xoilac365xf.tv
49469,xunlei.net
50136,xdf.cn
50210,xbcs.net
50303,xiaoyakankan.com
50330,xivmodarchive.com
50345,xxxarabsex.to
50516,xn--l3cly6b0fd0c.net
50630,xgimi.com
50665,xntxxi.com
50716,xn--3-wxfc3gwbi.net
50739,xfin.net
50791,xmpp.org
50853,xhand.com
50887,x-rates.com
50987,xvpn.io
50995,xiaoheihe.cn
51090,xmqsmjjjwx.com
51113,xyzscripts.com
51119,xml-redirect.online
51217,xxxshake.com
51223,xpics.me
51293,xgw3sdzoac.com
51382,xlirdr.com
51571,xcdn.to
51758,xtream.com
51853,xarxx.xxx
51969,xobor.de
51998,xmazaa.io
52001,xml.com
52089,xhjxpt.com
52213,xome.com
52248,xdomain.jp
52367,xoilac86l.cc
52527,xn--b1atfb1adk.xn--p1ai
52532,xn--80ajghhoc2aj1c8b.xn--p1ai
52788,xarxx.sex
52871,xmsae.sbs
52932,xiaodutv.com
53024,xiaoyakankan.io
53085,xoilaclink-worldcup2026.tv
53086,xoilacttbd-worldcup2026.tv
53114,xactanalysis.com
53131,xsqzj.com
53410,xrrqe.com
53497,xat.com
53595,xuehai.net
53603,xbooru.com
53615,xuite.net
53810,xataka.com.mx
54173,xxllrpd.com
54201,xiaoyuzhoufm.com
54527,x-server.net
54580,xn--d1asm.xn--c1avg
54699,x-plane.com
54799,xmdqkj.cn
54881,xportsnews.com
55133,x10hosting.com
55152,x-plane.org
55207,xenocast.net
55344,xn--ijanec-9jb.eu
55500,x91.ir
55702,xn--b1auou.xn--p1ai
55793,xxee.ru
55798,xiaoba001.com
55890,xmladsystem.com
55936,xwinnet.biz
55976,xmorex.com
56063,xszav2.com
56094,xxxdan.com
56128,x10host.com
56326,xenalive.me
56344,xnameserver.de
56423,xpoint.tech
56449,xpg.com.br
56606,xvideosbr.to
56755,xxxvogue.net
56850,xhmediacdn.com
56884,xml.org
57162,x7u4.com
57238,xpeedup.org
57305,xxxfiles.com
57409,xlnk.ms
57428,xiaodiandou.com
57552,xbetas.net
57663,xdnspro.com
57725,xingcdn.com
57844,xhsyndication.com
57964,xizang.gov.cn
57980,xcum.com
58032,xicp.net
58158,xn--h1anicb.xn--p1ai
58323,xxxdessert.com
58553,xiumi.us
58609,xcc.cn
58675,x6y2.com
58692,xmoviesforyou.com
58710,xn--ghqu5fm27b67w.com
58805,x6y1.com
59106,xtlo.net
59107,xvlivecams.com
59248,xxxfollow.com
59285,xcsxdjxzl.com
60053,xxnx.kim
60125,xiaopeng.com
60269,x3mads.com
60324,x1hub.com
60330,xpluswear.com
60364,xten.com
60409,xvedios.org
60516,xexymix.com
60517,xrplcluster.com
60731,xc-ns.de
60908,xwiki.org
61188,xamvn.com
61256,xyx.wiki
61315,xcream.net
61318,xplornet.com
61472,xxxvideo.blog
61630,x-mol.com
61650,xcaret.com
61804,xgm.guru
61815,xbtrutor.com
62007,xperteleven.com
62036,xxxculonas.com
62037,xola.com
62123,xn--80aebkobnwfcnsfk1e0h.xn--p1ai
62461,xv-vid.com
62490,xgaytube.com
63138,xunkids.com
63428,xnxx-livecams.com
63620,xcity.jp
63658,xsijishe.com
63677,xlink.net
64078,xtremechat.com
64098,xnxx115.com
64217,x1337x.cc
64335,xsijishe.net
64455,ximxxd.top
64484,xite.com
64610,xmtrading.com
64633,xiami.com
64925,xrares.com
64975,x-minus.pro
65093,x0x.online
65154,xxxbold.com
65335,xxxtik.com
65372,xii.jp
65464,xnxxxyz.com
65557,xxsy.net
65753,xometry.com
65809,xf-yun.com
65835,xxxporn.pics
65956,xianrenliwu.com
66000,xvideos53.com
66230,xxxzooporn.net
66767,ximad.com
66977,x7hosting.com
67135,xxl.no
67265,xtom.de
67373,xcite.com
67404,xitek.com
67464,xtrafondos.com
67476,xoxoday.com
67573,xxxporno.cam
67652,xgr5.com
67752,xuanzhi.com
67945,xb-online.com
68141,xavier.edu
68189,xxl.se
68331,xerces.org
68335,xnxx.dev
68339,xbitlabs.com
68788,xunyou.com
68899,xn--b1agapfwapgcl.xn--p1ai
68959,xbiao.com
69074,xmovix.net
69462,xpee.com
69557,xbimmers.com
69767,xxxx.com.au
69868,xxxvideoszoo.com
69979,xgn.nl
70167,xnxxbest.pro
70257,xml11members.com
70403,xentral.biz
70452,xtremepape.rs
70613,xhomealone.com
70628,xxx.observer
70911,xandr.com
71157,xfoms.com
71255,xcontest.org
71311,xnxx.xxx
71463,xgroovy-fr.com
71467,xwdzcz.com
71763,xxsliv.com
71957,xiaodiandou.com.cn
71967,xm.gov.cn
72064,xbbg.tv
72067,xceed.me
72070,xenproject.org
72217,xgif.cc
72336,xsks9.com
72389,xenderbox.com
72935,xxx.diet
72949,xoxs13chik.com
73073,xxdbx.com
73172,xlxx.com
73226,x-station.eu
73452,xxxdbx.com
73453,xservers.ro
73720,xhamster44.desi
73721,xyzcomics.com
73733,xn--72czaud0ezbn4b8de.com
74156,xflimg.com
74161,xydtrip.com
74237,xdeep.space
74374,xn----ztbcbceder.tv
74401,xhand.net
74712,xxk.mobi
74730,xn--nckua8gwd.xn--q9jyb4c
74928,xxxsexpic.me
75257,xztengdawj.com
75514,xchica.com
75625,xvideos5.com
75649,xxxdan4.com
75666,xxl.fi
75759,xd-cdn.com
75865,xmxx.live
75883,xchat.cz
76003,xlx.xxx
76036,xfights.to
76205,xchange-box.com
76217,xp.cn
76293,xnxx108.com
76343,xhdpornos.org
76498,xvid.com
76514,xxxsexzoo.com
76557,xnxx-xxx-xvideos.com
76776,xjtlu.edu.cn
76807,xpressbees.com
76992,xxgasm.com
77121,x-m.su
77137,xdegu.com
77188,xakep.ru
77192,xmrchain.net
77318,xnxx116.com
77370,xxx-premium.com
77685,xfrenchies.com
77729,xelya.io
77795,x-hongtech.com
77806,xeno-canto.org
77875,xamarin.com
78084,xn--90adear.xn--p1ai
78309,xxxomg.com
78373,xn--e1adehe2a.cc
78443,xooit.fr
78478,xtsystem.it
78633,xidrasservice.com
78636,xv-cdn.net
78716,xn--e1adehesl3d.me
78828,xemacs.org
78910,xxnxx.live
78960,xutils.io
79181,xnxxtv.cam
79208,xjepang.com
79247,xvideos-india.com
79269,xen.org
79450,xfantazy.com
79489,xyxxcrew.com
79509,xunya-dns.com
79833,xxxaraby.net
79850,xpxp.eu
79901,xtapes.la
79925,xl.net.id
80510,xiaoshifucc.com
80513,xgays.org
80634,xvideosonly.com
80693,xtubeflix.com
80719,xso5lg4-6-64bg4n81w.store
80726,x-net.at
80930,xnxx93.com
80966,xsalto.net
81040,xotiny.com
81208,xvideosbuceta.com
81231,xmlkdzbz.vip
81250,xp-pen.com
81404,xxxvideos.blog
81474,xemlicham.com
81494,xsafadas.net
81629,xyyxm.cn
81689,xfxanmn.live
81766,xsellco.com
81945,xxpiao.cn
82081,x-cart.com
82135,xhgroup.live
82139,xhdesign.live
82150,xuetangx.com
82341,xvideos2.fun
82399,xhnews.today
82469,xenserve.com
82563,xvideobest.rodeo
82567,xilo.net
82965,xxi2.com
82982,xiaobaotv.com
83039,xjav.tube
83107,xnxxsexarab.com
83123,xqhhkji.com
83379,xxvideos.blog
83390,xlisting.jp
83487,xn--r1a.website
83570,x9s7.com
83746,x5club.ru
83860,xvideos.blog
83903,xbaaz.com
83954,xx0188.com
83972,xnxxfree.org
84030,xnx33.com
84125,xn----8sbafg9clhjcp.bg
84204,xn--vhqrb498dfmcffp24qfocl09dqkh.cn
84297,xilu.com
84323,xxxbold.live
84765,x3arabi.com
84766,xn--939au0g4vj8sq.net
84767,xn--l3c0azab5a2gta.com
84792,xanka.best
84897,xfyvhy5z.com
84937,xhms.pro
85424,xn--12cl7cj0bzc2b5hqa5fza.net
85456,xmlsoap.org
85514,x2m9k4z.com
85856,xranks.com
85895,xosominhngoc.net.vn
86036,xz.com
86148,xuexila.com
86255,xhbox.blog
86354,xvideo999.com
86479,xnxx-india.com
86691,xn--vhqz73ae0bee03ut4hpvbb23hew3b.com
86836,xnnews.com.cn
87110,xvideos005.com
87167,xa.gov.cn
87378,xn--y3cta3b5d6a.net
87816,xn--l3ca4b6dsc1b.com
87827,xtorjack.com
87975,xn--m1abbbg.io
88010,xn--42c4doo4c.com
88102,xertica.com
88127,xsava.xyz
88168,xdate.lt
88172,xsmb123.com
88229,xtramath.org
88242,xbmc.org
88283,x365.ai
88326,xindong.com
88427,xnxx1.info
88996,xa7b4z.com
88997,xbanx.info
88998,xg9q3z.com
88999,xk5t8z.com
89000,xk8x3z.com
89001,xn--10-yg4a1a3kyh.jp
89002,xn--ygba1c.chat
89003,xnxxme.com
89004,xonly.cc
89005,xrtccardano.com
89006,xt4bajee.com
89007,xvideos.green
89008,xvideos.party
89009,xvidiosbr.blog
89010,xwj9g3.com
89011,xx999.win
89012,xxarxx.co
89013,xxxvideoindian2.com
89014,xxzeus.com
89348,xtruyen.vn
89529,xn--247-1klyfn2a6a8d1c6b0j7d.com
89536,xiaomiyoupin.com
89684,xn--168-jmlor5q6c.net
89685,xw1f2z.com
89815,xn--72czpj4aa9de4cn4ewfqa6eya.com
90123,xavtools.id
90171,xuangubao.cn
90233,xn--lodgobmh.com
90553,xn--1-wxfa8cvgpbyc.com
90554,xn--72ca6cgd7gxbd4m7c.cc
90646,xala.az
90822,xn--72cc3cj1fsbk9jtci.to
90867,xn--3-6xfc1e2be.com
91102,x2tsa.com
91157,xnxx2.com.co
91470,xcritical.in
91555,xn--n9jvd7d3d0ad5cwnpcu694dohxad89g.com
91556,xn--s3casagp8a7e7ag4h8d.com
91575,xn--2-twfrr1evb2a2dua2b0c2hxd6c.com
91576,xn--3-2xff1bwxa1dya8m.com
91577,xn--o80b01o9mlw3kdzc.com
91678,xxsub.com
91752,xcloud.autos
91753,xn--72c9abeds9a9cwam0ah8s6d7a.com
91754,xn--72ca2bsl7gxbd4m7c.cc
91784,xn--42c0bwbcv0ize.com
92175,xn--24-oqizgj5g1b4c.run
92176,xn--365-dkl4f3aa8sma.com
92177,xn--42c2bl3am1bzdk9k.online
92178,xn--82ck8a2bh7gya9d2d.net
92179,xnxxvideos.info
92180,xtoon365.com
92181,xupertvapps.com
92245,xspay.net
92255,xvidio.blog.br
92261,xubuntu.org
92372,xcelsolutions.com
92403,xxxvideohindi.com
94810,xamigos.es
94811,xbbs.tv
94812,xemsexhay.blog
94813,xgo.game
94814,xidey.pro
94815,xn--12c5bn0bxcyd6byf.net
94816,xn--168-1kla3jqf0a5k.com
94817,xn--168-4nleyb5u.com
94818,xn--168-dkl6bwd6e5a3gqh5e.cc
94819,xn--2-5wf2bba1ap9j6b6d2dwa0dm6b.com
94820,xn--2-6xfr1c5be.com
94821,xn--24-oqizgj5g1b4c.tv
94822,xn--3-5wf2bubl3iwbf1f5e8d.com
94823,xn--3-wxfax2bxc9bzguc.com
94824,xn--42c5akl7b7eue5d.com
94825,xn--72c1ar6g5a7bwe.com
94826,xn--72c6a7a3agk2dyg5a.com
94827,xn--72c6aejq7ezb5hqa5f.net
94828,xn--82cjb3c6b6fya9d.com
94829,xn--l3cacw9jyck.com
94830,xn--line-jb1gh65fv8fqx3b2p7b.com
94831,xn--s1ltn77-kwa6s.com
94832,xnxxx.ch
94833,xnxxx.xyz
94834,xosobamien.mobi
94835,xosomiennam.me
94836,xospital.biz
94837,xpinayvids.org
94838,xprime4u.click
94839,xpro88.zone
94840,xsportss.live
94841,xxx69night.com
94842,xxxcage.com
94843,xxxgr.net
94844,xxxmia.com
94845,xxxvasna.com
95000,xianlingruan.com
95009,xianguorou.com
95061,xcxsfw.com
95126,xn--80aafey1amqq.xn--d1acj3b
95349,xcqycc.com
95462,xn-----6kcabbscddnxgabh9awkkmoaib9afmjuk4k8m.xn--p1ai
95467,xuatnhapcanh.gov.vn
95870,xzdomain.com
95890,xwiki.com
95953,xplay.cloud
96104,xbot.one
96386,xcloud.host
96591,xo.com
96752,xh.media
96837,xrocket.exchange
96901,xdisplay.site
97159,xiamenair.com
97180,xn--d1achcanypala0j.xn--p1ai
97215,xgdq.com
97223,xn--schnppchenportal-ynb.de
97255,xsolla.net
97308,xhgeo.com
97806,xhaccess.net
97856,x.company
98194,xitongzhijia.net
98373,xxkkw.com
98501,xxxsolacexxx.com
98697,xxxy.biz
98766,xuijs.com
98780,xtn-lab.com
98971,xn----8sbkrdkflhbom0gg8c.xn--p1ai
99068,xweather.com
99083,xatu.edu.cn
99228,xiglute.com
99252,xycdn.com
99290,xaraxzszyhsgs.com
99551,xiaodiandou.cn
99678,xotic.ai
99729,xooit.com
99888,xici.net
99987,xiaomi.eu
100143,xjbt.gov.cn
100471,x620.net
100647,xxmygirl.com
100760,xzmwkj.com
100815,xdcdn.com
100889,xfantazy.org
101211,x7game.com
101260,xxxlutz.com
101309,xinpianchang.com
101393,xxxbit.com
101646,xon-bets.com
101714,xhoot.com
101758,xlskff.com
101805,xon-bet-casino.com
101807,xce.pl
101869,xnzxsj.com
101981,x09.ru
102123,xpass.top
102135,xxnx.team
102220,xvid.org
102404,xianguorou.cn
102566,xascdn.li
102646,xpmrlba.com
102914,xstts.cc
102916,ximc.ru
103028,xc04.com
103223,xiaodiandou.net
103295,xbiz.com
103322,xvjib2940637fafa.com
103386,xfemaledom.com
103453,xrutor.org
103931,x-downloader.com
104061,xfree86.org
104093,xjishu.com
104134,xanalytics.vip
104148,xust.edu.cn
104369,xju.edu.cn
104427,xtrustnet.sbs
104454,xxxvjmp.com
104458,x5.sale
104467,xxxlib.mobi
104704,xconomy.com
104711,xn--lepia-xdb.tv
104741,xpandrally.com
104789,x7i0.com
104837,x-lian.com
104970,xoilaczaaz.tv
104971,x-host.com.ua
105008,xvideos9.com
105070,xonbett.com
105281,xenospectrum.com
105374,xlwms.com
105412,xyravolt.xyz
105506,xtransitlogistics.com
105551,xxjcy.com
105604,xrass.com
105665,xenvaris.xyz
105726,xdatatec.com
105875,xcodecc.cn
105888,xpvid.cc
105892,xhnow.blog
105933,xy51.cn
105999,xelion.com
106001,xiaoyi.com.tw
106058,xpressreg.net
106165,xgritapi.com
106309,xparty.me
106338,xn--80acgfbsl1azdqr.xn--p1ai
106423,xras.ru
106473,xarcom.com
106477,xenlitho.xyz
106531,xyt-tech.com
106725,xiehuioa.cn
106739,xcweather.co.uk
106771,xcraft.ru
106857,xboxlivegoldcodes.com
106913,xcover.com
106948,xboxdynasty.de
107128,xxxtor.com
107451,xgmimg.com
107454,xoilacch.tv
107494,xbiz.in
107954,x-y.net
107987,xqbase.com
108040,xexbo.ru
108131,xzl1688.cn
108165,xn--b1afabzvcegckfhg.xn--p1ai
108365,xhzhu2940637fafa.com
108478,xxoee2940637fafa.com
108600,xpensieve.net
108730,xhdporno.name
109024,xaas.jp
109089,xl.ru
109237,xqlshop.com
109239,xyte.io
109255,xtu.edu.cn
109320,xboxachievements.com
109321,xeroshoes.com
109392,xj-storage.jp
109474,xxxvideor.com
109532,xhsite.blog
109619,xriis2940637fafa.com
109810,xeonbd.com
109864,xingyeai.com
109879,xhbox.live
109921,xmlwolf.com
110016,xiaoaiassist.com
110044,xhbox.life
110097,xrpsq2940637fafa.com
110102,xhsite.live
110213,xfgun2940637fafa.com
110221,xmtp.network
110290,xvxyi2940637fafa.com
110383,xvo.ch
110402,xionguamaqui.com
110428,xpatjobs.com
110459,xvweb.net
110846,xn----etbpba5admdlad.xn--p1ai
110856,xzxxtube.com
111001,xs8.cn
111203,xhnow.live
111237,xszj.org
111383,xgifer.com
111551,xclick.app
111621,xhnet.live
111742,xvideosxnxx.org
111840,xboood.com
111844,xmind.app
111972,x5x.ru
111991,xreal.com
112116,xhost.co.in
112208,xhsite.today
112281,xrpl.org
112376,xiuwushidai.com
112424,xurrent.com
112663,xosominhngoc.com
112742,xtraffix.com
112743,xn----7sbncodj2avk6c.xn--p1ai
113068,xhdesign.life
113111,xwzjpj.com
113134,xinghanwulian.com
113381,xtremestream.xyz
113399,xhdesign.blog
113759,xn--80aa3ak5a.xn--p1ai
113816,xtream.cloud
113882,xiaoe-tech.com
113949,xn--80abucjiibhv9a.xn--p1ai
114102,xn--80aesfpebagmfblc0a.xn--p1ai
114349,xbase.cloud
114350,xtreview.com
114417,xm-cdn.com
114434,xlskf.com
114459,x2k.ru
114578,xn--42c6auruib1cxeq3a.net
114597,xinlugong.com
114618,xiangtui.tv
114649,xcast.com.br
114728,xmateur.com
114821,x-city.ua
114884,xiangtatech.com
115188,xi9n4z.com
115222,xhgroup.today
115297,xhdesign.today
115421,xovis.com
115456,xyzprinting.com
115810,xztvu.cn
115823,xhpro.life
115970,xtapes.tw
116047,xo3h9z.com
116348,xinyuehuating.com
116368,xxxbfsex.to
116383,xn--z3canle4d.com
116398,xli.ink
116416,xn--72c8cbhnqt2b5aq9gce9he.com
116422,xperimentalhamid.com
116712,xprimm.com
116815,xn--72cas2cj6a4hf4b5a8oc.com
116936,xpdfreader.com
116961,xxdingrui.com
117148,xenos.nl
117486,xigox.com
117687,xmdds.com.cn
117773,xn--bafg-7qa.de
118126,xn--42cf2bul7gtbe3e0e2cwa.net
118423,x10premium.com
118578,x9s777.com
118824,x-videochat.ru
118916,xgd3kl.ru
119775,x19klust.com
119776,x7bb.com
119777,x9qv7k2m.com
119778,xavtctz9.com
119779,xbg261.com
119780,xdxd880.com
119781,xhendra.ar
119782,xi938gu330.com
119783,xmyo1.top
119784,xn--69-lqi2a1d7a3mzb.com
119785,xn--72cz9dvb6c.com
119786,xn--888-1kl2era1cb6lsb4h0d.com
119787,xorope.io
119788,xvedo.net
119789,xvideoszoofilia.com
119790,xxnxxxxxxhd.space
119791,xxxthx.cc
119828,xxuz.com
119869,xactlycorp.com
119886,xhey.top
119962,xlilith.com
119988,xnxxx-cdn.com
120028,xiaoji.com
120052,xml-journal.net
120159,xnxx.fit
120567,xx3.kz
120602,xauat.edu.cn
120780,xplanet.ru
121077,xloveit.com
121161,xsecurity.in
121336,xn--l1agf.xn--p1ai
121485,xhpro.blog
121491,xnxxporn.page
121509,xsharp.eu
121530,xovi.net
121827,xn----7sbenacbbl2bhik1tlb.xn--p1ai
121832,xdnspro.net
121852,xoyo.com
122231,xtgfrjjzs.com
122343,xiaoen.app
122495,xxjiaoyu.cn
122854,xbook.life
122871,xalprum.my
122878,xtonwallet.com
122963,xn--11b7cb3a6a.xn--h2brj9c
122978,xuetanshaokao.com
123010,xrstyle.co.uk
123260,xn----7sb7akeedqd.xn--p1ai
123295,xqlmm.com
123385,xfish.hu
123531,xrel.to
123631,xn--m3ca1athe9asc7b2b6iqe.com
124010,xn----7sbabas4ajkhfocclk9d3cvfsa.xn--p1ai
124032,xhpro.today
124058,xdkb.net
124088,xp-cdn.net
124092,xefi.fr
124205,x2.network
124372,xoilaccq.tv
124379,xcarimg.com
124437,xf-gtm.com
124446,x-n-5-u.com
124543,xtremeweb.de
124604,xbookcn.net
124930,xn--80afcdbalict6afooklqi5o.xn--p1ai
124949,xskin.eu
125074,xn--ghq880n3na965a.com
125075,xdevs.games
125216,xlayer.tech
125286,xn--c1abr0a.xn--p1ai
125353,xoilaccu.tv
125434,xataka.com.br
125631,xlaxiata.co.id
125649,xmocloud03.com
125655,xmznzz.com
125738,xxu.mobi
125790,xenbase.org
125864,x1337x.eu
125933,xn--80akibcicpdbetz7e2g.xn--p1ai
125972,xoyondo.com
125983,xing.de
126156,xrdigit.cn
126178,xiniu.com
126290,xanaduq2.com
126342,xn--allestrungen-9ib.de
126373,x1337x.ws
126458,xchina.io
126743,x-x-x.video
126807,x6tc9bgreatlyty35swriting.cfd
126846,xtrim.ru
126883,xsdzdh.com
126969,xiniu3d.com
126983,xn--72czpfe7gxb9cveycua.com
127033,xhamsterflirt.com
127043,xtremetop100.com
127147,xfernet.net
127409,x1sktt.com
127515,xs.to
127517,xcjvme.cc
127577,xbees.in
127702,xxxsex.best
127801,xlzyd.com
128099,xn--80apaohbc3aw9e.xn--p1ai
128576,xplore.ca
128746,xyb100.com
128896,xlfhhhm.biz
128982,xwcl888.com
129193,xsplit.com
129197,xincunshe.com
129361,xabdfl.com
129451,xored.com
129502,xhclub.life
129646,xjilbab.cam
129702,xao.ru
129743,xinyuanjxsb.com
129774,xcams.com
129777,xsslld.com
129945,xyrgy.biz
129947,xaa.pl
130129,xdating.com
130457,xxx24video.pics
130478,xclickads.com
130815,xy868.com
130916,xn--80axcecfeegn.xn--p1ai
130984,xvps.ne.jp
131024,xaphyr.com
131114,xn--1-wxfc3gwbi.net
131370,xiangha.com
131574,xingkaiyuan.cn
131689,xtramagazine.com
131711,xlearning.group
131741,x86.fr
131804,xtrahosting.co.za
131884,xmaal.net
132020,xsystewideusync.com
132078,xinyuanhg.cn
132133,xdns.be
132206,xenet.xyz
132489,xetnet.com
132573,xsmn.me
132679,xypid.win
132680,x1.si
132726,xosodientu.com
132787,xenuxunlimited.com
132949,xprt.com
132997,x5x-dns.ru
133045,x97s.com
133055,x2.si
133155,xn--d1abb2a.xn--p1ai
133216,xarabisex.com
133217,xn--82c5cpkh7bqd7gre.com
133282,xyzpharmus.com
133342,xhu.edu.cn
133392,xiuzhengfms.com
133828,xsmb.me
133893,xinyue-ys.com
133916,xiyiruanjian.com
133958,xccjj.biz
134027,xnet.hr
134034,xliirdr.com
134243,xnlog.com
134462,xinsiqi.com
134529,xpornotuber.com
134688,xiaomisale.com
134806,xvideos.gratis
134807,xyzw.su
134920,xhgroup.life
135007,xnxvnn.biz
135160,xingyaojt.com
135235,xn--90acagbhgpca7c8c7f.xn--p1ai
135320,xn--uis47lu56apjb.com
135322,xoilacaa.io
135362,xn--nid9co8bb1ac.com
135443,x3322.net
135546,xt-xarid.uz
135598,xvideosrei.com
135653,xmnn.cn
135658,xn--80aep1aarf3h.xn--p1ai
135775,xuancheng.gov.cn
135807,xiduoworld.com
135817,xn--utlndskacasinomedbankid-x7b.se
135898,xmarthost.com
135953,xdiarys.com
135980,xxxy.info
135988,xyefwhqpi.com
136061,xhmb.com.cn
136236,xhclub.today
136396,xxltub.com
136530,xtjgjc.com
136590,xsce.org
136597,xn--2-wxfa6g3bva.com
136926,xs-cs.com
136929,xpn.org
136974,xindongfangwuye.com
137082,xxxpier.com
137287,xkytdhy.com
137370,xnameserver.net
137756,xbayin.com
137757,xembongda.cheap
137779,xamvn.buzz
137780,xx9ttx.pro
137811,xtriks.com
137853,xquartz.org
137968,ximitime.com
138213,xswcdn.com
138864,x7q9.vip
138865,xmaal.click
138866,xn--12cr2cvcvc0erc.com
138867,xn--2z1bw8k1pjz5ccumkb.kr
138868,xn--88-qsi5ap1c4c2a6e.com
138869,xn--9w3b43d7xh2oi8tbiwf.com
138870,xn--paceasxxx-o6a.com
138871,xn--pckua2c4hla2f9421e4lya.com
138872,xoilaczz.io
138873,xxxbolivianas.com
139489,x1d7v9r.com
139490,xemsexhihi.pro
139491,xixiporn.fit
139492,xn--2-wxf9dd4c.com
139493,xn--3-twf0dza8avcb2cydudd2s.com
139494,xn--4-wxf7akh2i2cvc.com
139495,xnxx-arabia.com
139496,xnxxto.org
139497,xtreeml.com
139498,xvtu3h.com
139499,xxxbptv.watch
139522,xexpress.com
139569,xfrb.com.cn
139582,xqb.net
139603,xaiu.edu.cn
139657,xtoons.art
139739,xeovo.li
139812,xn--80acvaamejcuh0a.xn--p1ai
139878,xisu.edu.cn
139889,xchat.org
140306,xboxygen.com
140510,xnxx-pornos.xxx
140629,xamk.fi
140683,xmarksthescot.com
140752,xxxluxury.online
141026,xoilaccs.tv
141104,xxxfetishforum.com
141263,xoilacca.tv
141435,xhost.ro
141475,xn----7sbbigkqq2acllnkfgck.xn--p1ai
141519,xpu.edu.cn
141665,xoilaczxxz.tv
141672,xescdn.com
141791,xdowns.com
141915,xdcscan.com
141932,xlinkbd.net
141973,x22.uk
142113,xf.cz
142141,xuannaer.com.cn
142155,xnxxxxxxxxarab.digital
142360,xnxxxxxxxxarab.space
142451,xen-factory.com
142463,xxxkeeper.com
142539,xhunt.ai
142660,xnxxxxxxxxarab.forum
142754,xn--2-7wf9a3c4b3bt8f0cya.com
142962,xyzcdn.net
142983,xxcmh.com
142993,x-bet-1.com
143218,xn--80ackbabvlndd4aocjyi.xn--p1ai
143238,xanhsm.com
143476,xviaden.com
143584,xpshou.com
143616,xe.net
143963,xeronid.com
143964,xn--ok0b408ae3ad3fba918b75i.com
143965,xx999.com
144023,xzcloudnode.sbs
144129,xmusic.io
144197,xecurify.com
144240,xmrthnode.com
144569,xelfus.com
144570,xlcc.xyz
144571,xnharfquw.com
144572,xrgzdsufk.com
144573,xyhelper.cn
144741,xushengcpa.com
144836,xxxx.com
144906,xibo.co.uk
145017,x1.fr
145410,xylvip.com
145480,xxsgserver.cn
145569,xcore.pw
145987,xibeiwujin.com
146167,xdam69.com
146174,xhuang.cn
146213,xecce.com
146222,xatakandroid.com
146267,xn--vvvy5gw95a.xn--ses554g
146306,x1000000.ru
146561,xyjgjt.com
146786,xn--l3ca4byf5a6b.com
146987,xvideos2023.com
147019,xamvn.cyou
147029,xhxjz.com
147140,xuyangbxg.com
147175,x620.ru
147308,xigzag.com
148506,x-vlxx.com
148507,xamvn.hair
148508,xamvn.homes
148509,xanhphuquy.com.vn
148510,xem-vlxx.org
148511,xemsexhihi.com
148512,xenavo.xyz
148513,xfmusic-nigeria.com
148514,xm863.vip
148515,xn--2-6xfc1e2be.com
148516,xn--42c1deaa1a3b.com
148517,xn--69-uqi6eta7bs4j9f.xyz
148518,xn--72c5eh4a.com
148519,xn--72cz0evbxczc.net
148520,xn--72czkglt0g3b1dydua1h.com
148521,xn--l3ca4bn3a3f6b1c.net
148522,xnporn.org
148523,xnxxzx.org
148524,xoilac365tv.io
148525,xoilaclive247.tv
148526,xoilacz.io
148527,xxnhat.com
148528,xxx-chat.su
148529,xxxmms.stream
148595,xensource.com
148600,xingmengcc.cn
148754,xula.edu
148797,xnet.com
149097,xboxgamestudios.com
149189,x-trade.bet
149290,xfunsun.com
149558,xdalys.lt
149702,xpccdn.com
149715,xyxza.com
150161,xin7tian.com
150298,xmissy.nl
150467,xqhuyu.com
150506,xjjcy.com
150531,xabbs.com
150726,xlmmama.ru
150754,xoilaccm.tv
150784,xfit.ru
150822,xijiajiayu.com
151282,xatakahome.com
151373,xfzyxl.com
151422,xobee.com
151474,xinyuevod.com
151488,xhrm.ai
151601,xtremediesel.com
151689,x22report.com
151839,xmxx.dev
151856,xing-share.com
152349,xnyv.net
152396,xiaomi-miui.gr
152444,x4w.co
152540,xfastest.com
152545,xmeat.com
152579,x-n-x-x.pro
152602,xxmd.cc
152637,xbest.pl
152704,xxbritslive.com
152772,xoilaczzw.io
152923,x81p4z.ru
153435,xiangtan.gov.cn
153539,xillimite.com
153659,xiahaimiao.com
153686,xanimeporn.com
153847,xbiz.jp
153889,xenserver.com
153925,xmind.cn
154072,xsdtazd.com
154318,xforce-security.com
154319,xmiles.co.uk
154423,xn--41a.ws
154580,xiancn.com
154677,xvideosws.com
154730,xgluz.com
154750,xtwo.ne.jp
154778,xxxiijmp.com
154918,xn--41-4lcpj.xn--j1amh
154946,xpresscarenow.com
154986,x-bionic.com
155317,xsver.my.id
155359,xxibaocdn.com
155380,xbett.org
155392,xmiuse.cn
155394,xn--ehqqu09kr3u.com
155428,xoom.it
155756,xortex.at
155807,xamateurtube.com
155835,xiepinhr.cn
155951,xkb.com.cn
155966,xeno.now
156014,xmviot.net
156315,xmargmuiwk.net
156473,xpg.com
156544,xinhua.org
156638,xrpscan.com
156639,xpki.io
156912,xxxpornimages.me
157327,xeovo.com
157374,xahaoyang.com
157405,xdbi.ru
157493,xo.net
157512,xebia.com
157554,ximrilgc.cc
157596,xa6yyhhnn.com
157649,xupervisor.com
157773,xiziweb.com
157861,xn--b1ahgrjafjgng.xn--p1ai
157970,xiaohe.cn
158030,xxthots.com
158063,x9kbt27.com
158091,xporn-gifs.com
158214,xoyxr2.top
158282,xiangfood.cn
158422,xcmg.com
158501,xzxw.com
158566,xal.com
158709,xacom.edu.cn
159088,xsc.cz
159459,xn--h1ajim.xn--p1ai
159510,xmlrpc.com
159732,xiyinlifaze.com.cn
159759,xproxy.io
159944,xhentai.tv
159954,xingmai.tech
160641,xboxworld.nl
160646,xdaimages.com
160654,xxx18.uno
160884,xn----7sbckgukdcd3bza3ak.xn--p1ai
160889,xzone.cz
160926,xzou.cn
160957,xunbeiyi.cc
161118,x011bt.com
161129,xvideos.tax
161226,xhapp.today
161417,xumuk.ru
161722,xlink.cloud
161748,xrampsecurity.com
161832,xzzj.com
161988,xtube.com
162034,xiexingbao.cn
162147,xmlking.com
162166,xpxs9.cc
162221,xcdn1.me
162392,xy.com
162438,xnotifly.com
162770,xujan.com
162867,xuexicn.net
162919,xpel.com
162985,xmatch.com
163126,xuanruanjian.com
163213,xplor.ro
163245,xdns.cloud
163354,xgazete.com
163550,xn--gnceltakip-9db.com
163659,xingyouc.com
163727,xmlwiz.com
164311,xactus360.com
164318,xtremesystems.org
164508,xajpg.com
164760,xmrc.com.cn
164796,xinyangcaigou.com
164853,xeracetiming.com
165075,xn--80akiinbisaeq.xn--p1ai
165164,xgoth.com
165490,xmsunnybay.com
165888,xoviq.site
166482,xvidcdn.net
166633,xoilackvp.tv
166655,xendan.org
166858,xmit.co
166953,xxvideoss.org
167045,xiangci.net
167061,xwallet.link
167178,xn--e1afbhndhuj1b.com
167208,xianfengvalve.com
167255,xsolla.site
167351,xcom-shop.ru
167450,xgames.com
167534,xn--80akxamidgr5f.xn--p1ai
167774,xojane.com
167798,xmatters.com
168194,xcp-ng.org
168236,xayjbz.cn
168245,x-videoz.com
168417,xoops.org
168573,xxxpicss.com
168639,xmmingjia.com
168662,xerxessecure.com
168791,xtease.com
169023,xxx-galleries.com
169186,xzjsoft.cn
169330,xxx-tracker.com
169407,xineurope.com
169560,xn--80alndgcuev0g.xn--p1ai
169904,xneox.com
169932,xvideosxxx.fun
170116,xcamladyx.com
170201,xizao.sbs
170284,xistore.by
170551,xmit.dev
170552,xaselgio.net
170742,xiaoshenke.net
170777,xbext.com
170822,xn--iao3-lw4b.ws
170857,xtrememarkets.com
170956,xmediaget.com
170980,xfkjwifi.com
171003,xiawan8.com
171013,xonotic.org
171077,xingming.com
171099,xdevel.com
171289,xvidshot.club
171361,xxxlesnina.hr
171791,xxxmilfs.com
171903,xn--cksr0a.tw
172132,xn--solitrbliss-p8a.de
172162,xinlingtex.com
172254,xin-stars.com
172265,xignite.com
172876,xionggu.cn
173026,xn--i1abbfdhbodcrchl7ibd.xn--p1ai
173207,xiaosepcloud.com
173236,xsyst412.com
173299,xxxtubefat.com
173430,xiezuocat.com
173522,xuzmye.cn
173525,x6.homes
173639,xn--lovu62d.xn--fiqs8s
173990,xn--80aeedb0bfzeok.xn--p1ai
174015,x-sense.com
174082,xprice.co.jp
174118,xshareapp.com
174189,xcdn.ru
174293,xpress.com.mx
174407,xenoscripts.com
174412,xiaohaiwan.com
174432,xxdld.com
174526,xhamstercreators.com
174576,xhfyy.net
174670,xmut.edu.cn
174680,xeu.mx
174791,xdbxx.com
174861,xlove.com
174874,xvideos08.com
174908,xvideos1.uk
174940,xhost.cl
175163,xs2web.net
175348,xapads.com
175577,xcdn.nl
175622,x2xi1ri.com
175741,xieli888.com
175783,xlxloug.cn
175857,xuecheng888.com
175997,xonelec.com
176420,xqchess.com
176500,xtutti.com
177045,xdtiyh76.com
177443,x0.to
177542,xasukong.com
177747,xmirporeva.com
177893,xirrus.com
177915,xn----7sbabaaecv4babf2atrj9bfnlk8grk.xn--p1ai
177916,xyhb56.com
177923,xoilaczooz.tv
178013,xplosiv.nz
178068,xlibris.com
178244,x9g31op5txr1br4x-m5d6.net
178461,xxxhindivideo.mobi
178746,x1zkf.com
178758,xd.deals
178886,xeiaso.net
178927,xoilac365xk.tv
178999,xn--80achcepozjj4ac6j.xn--p1ai
179010,xxxsnatch.com
179020,xiaomistore.pt
179047,xxyxos.com
179085,xiaohongshucdn-yd.top
179093,x6278vu3y.com
179139,xposureapp.com
179199,xbaz.ru
179239,xtzpw.com.cn
179410,xn--80aagmefqbwlhcctygk.xn--p1ai
179415,xpanded.com
179519,xtendhealthcare.net
179527,xlviirdr.com
179708,xnzprbokq.com
179814,xs599.com
179877,xtistore.com
180319,xbox-updater.online
180414,xmheyue.com
180568,xn--ob-eka.se
180831,xvideos10.ru
181047,xo.show
181272,xn--80aaccp4ajwpkgbl4lpb.xn--p1ai
181289,xbnewcdn.com
181293,xxxtube1.com
181307,xok.xxx
181338,xn--80azha.xn--p1ai
181359,xvdownloaderhdplayer.com
181531,xvidioo.com
181576,xmzzj.com
181691,x.co
181703,xecu.net
181741,xxx5.casino
181851,xoilacyyw.cc
182137,x8lab.org
182232,xoilaczty.tv
182386,xoso360.com
182511,xinsiqi.cn
182527,xiuxiustatic.com
182580,xizaoqi.com
182772,xcu.edu.cn
182925,xuperapk.tv
182953,xnxxx.online
182985,xrts.ru
183035,xenserver.co.uk
183390,xxoo.net
183481,xvideos91.com
183839,xn--80aal0a.xn--80asehdb
183849,xun1000.com
183868,xlibo.com
183991,xxxxbp.com
184185,xn--npqa504bgpa485e5jjvk3an9ueoi77pea.com
184237,xxmaza.com
184498,x5x.host
184502,xmns.nl
185011,xinba66.com
185053,xdtube.co
185105,xiaomentong.cc
185144,xiaomutong.com.cn
185415,xeovo.eu
185453,xnxx4porn.com
185556,xxygas.com
185605,x-videos-gay.cfd
185663,xooimage.com
185665,xnxx-porno.com
185834,xometry.eu
186305,x3dl.net
186306,xbookcn.com
186307,xedienvietthanh.com
186308,xn--vuqv2cf7wzyig79c.com
186466,xobuilder.app
186482,xiazaiba.com
187131,xemsexxx.me
187132,xengaytrunglien.com
187133,xgalsen.com
187134,xn--2-twfr5el7b6c7bzisa3g1a.com
187135,xn--4-7wf0bya3bzfvepc.com
187136,xn--42cieo3ioesdn.live
187137,xn--72cz4bf6li4b.com
187138,xnxx4k.me
187322,xunfei.cn
187918,xq.com.tw
187992,xnxx-arabe.cam
188030,xceler8.io
188040,xparty.fun
188071,x2casino.online
188307,xdent.cz
188478,xenoserieswiki.org
188840,xvpnsecurity.com
188887,xnxx.de
189089,xtls.win
189098,xvideos51.com
189197,xn--gps-8y0gm25n.xn--55qx5d
189216,xlamma.com
189276,xn--80achddrlnpccuoqi.xn--p1ai
189280,xtrawine.com
189360,xinshop.com
189493,xfans.tokyo
189633,x-idol.net
189909,xamvn.makeup
189940,xtracking.me
190125,xentral.com
190237,xflag.com
190263,xn--djrq4gl4hvoi.top
190272,xmlink.kr
190307,xiaoguli.com.cn
190336,xhamsterporno.mx
190353,xctyuih2i.com
190597,xlog.com.tr
190757,xoilaczkkz.tv
190930,xjnu.edu.cn
190954,xgcartoon.com
191031,xemtuong.net
191106,xjlshopping.com
191333,xxxtop.net
191578,x7cq.vip
191587,xratedapk.com
191672,xn--szukamksiki-4kb16m.pl
191800,xuezhizhou.com.cn
191835,xtratheme.com
192156,xboxlive.cn
192213,xxxgames.games
192256,x-peditenetworks.com
192492,xhnet.life
192722,xingbangzulin.com
192860,xclub.tw
193237,xidol.net
193455,xianheng1736.com
193699,xxlove.gr
193749,xn--72c9ab1ec1bc6q.online
193856,xmarks.com
193900,xoilacci.tv
193958,xxlnutrition.com
194143,xxxxxxxx.jp
194441,xxx.pics
194736,xoilacztw.tv
195003,xwin.com
195027,xth18.com
195066,xtip.cloud
195258,xnxx123.org
195424,xes.pl
195619,xx.kg
195622,xoilaccp.tv
195686,xoilaczeez.tv
195716,xwscm.com
195935,xtales.top
196018,xinsixiang.net
196148,xynu.edu.cn
196216,xn--b1agazb5ah1e.xn--p1ai
196230,xoilaccn.tv
196514,xoilaccl.tv
196869,xzmwkj.cn
196939,xn--80aeiluelyj.xn--p1ai
196989,xcalibre.co.uk
197160,xsaver.io
197196,xhnet.blog
197370,xxxmom.net
197392,xn----7sbbgkhj2bagt6c.xn--p1ai
197417,xaut.edu.cn
197441,xively.com
197473,xn--80aeeqaabljrdbg6a3ahhcl4ay9hsa.xn--p1ai
197485,xgslb.net
197581,xn--2-vwf7cvcvic1ct.com
197692,xoilaccb.tv
197723,xinjuenet.com
198039,xdhp96t.com
198114,xn--4-7wf9a3c4b3bt8f0cya.com
198232,xxxtubechance.com
198274,xmcyber.com
198342,xehay.vn
198361,xn--0tr06ns0b857g.com
198504,xvideoz.mobi
198577,xnxxarab.net
198689,xtrm-dev.io
198772,xinshuru.com
198925,xingfu001.com
199010,xn--72cc8aul7gxbl0d4etdk.cc
199022,xcams.cam
199133,xxfling.com
199191,xedo.app
199216,xf3d.com
199262,xtudr.com
199280,xz3.ru
199348,xtruyen.net
199392,xiangyang.gov.cn
199509,xoilaccc.tv
199674,xnxx-arab.cam
200258,x-manga.org
200259,xiaobaotv.tv
200260,xin88.com.co
200261,xjhblivgnr.net
200262,xn--2q1bl84a3e140c.com
200263,xx88ttkm.com
200473,xmion.com
200498,xspeeds.eu
200603,xjufe.edu.cn
200652,xn---24-2dduwgi.xn--p1ai
200655,xlsmart.co.id
200665,xporno.online
200720,xahlee.info
200731,xxkkhh.top
200913,xamvn.beer
201193,xingqiyun.com
201217,x-mailer.de
201230,xtransfer.com
201278,xew6t6.shop
201307,x-narod.ru
201308,xoilac365xe.tv
201320,xy80y0b5r.cc
201353,xoilacce.tv
201361,xhamster.tv
201370,xoul.ai
201374,x-dot.de
201471,xemvl.xxx
201554,xtcpayment.com
201633,xn--jj0bn3viuefqbv6k.com
201715,xoilac365xg.tv
201735,xosocattuong.vn
201744,xtenit.com
201784,xprimehub.bond
201796,xoilaczzt.com
201937,xsmb99.me
202148,xn--80anjd4dyb.xn--p1ai
202338,xiang-fei.cn
202466,xapes.net
202478,xielee.com
202569,xuanzi.net
202679,xn--60-6kc3bfr2e.xn--p1ai
202683,x-ns.de
202686,xinhongru.com
202693,xbeibeix.com
202867,x7b8m.com
202868,xn--gmq92kd2rm1kx34a.com
202869,xszrdsnegn.com
202870,xxxvideo.pet
202971,xivgear.app
203015,xlc.com
203117,xcc.edu.cn
203527,xoso.net.vn
203696,xn--80aae4a1bi2b.ru
203806,xmocloud01.com
203991,x-tatar.com
204053,xnxx-arabi.cam
204175,xiaomitoday.it
204319,xn--entzckendescferhundwelpen-wec35d.de
204476,xn--czru2dx3eszw3lat53b.com
205045,x-fta.com
205231,xnxx2020.pro
205259,xyshs.com
205274,xzmp3.com
205393,xn--2023-43da1a7a9a2atr2o.xn--p1ai
205524,xpendy.com
205579,xnxx2.online
205603,xn--80aaijj0ai2m.xn--p1ai
205665,xn--80aanyip7d.xn--p1ai
205999,xn-----0b4asja8cbew2b4b0gd0edbjm2jpa1b1e9zva7a0347s4da2797e7qri.xn--1ck2e1b
206182,xw93.com
206326,xn--torx94dbjedm1a.jp
206397,xianzhimall.cn
206518,xxxtubecove.com
206634,xarcmastering.com
206675,xulu.tech
206708,xiaoyuzaixian.site
206719,xnxxalarab.org
206737,xn--82c3ewaam5j.com
206765,xs2.cloud
206819,xmp.net
206867,xyz.pl
207016,xn--l3c7bc4b.net
207145,xn--72ca6cja6gxbd4m7c.tv
207176,xylemlearning.com
207469,xamvn.pics
207470,xn--82c3ewak5h.net
207471,xoilac365zz.cc
207531,xabar.uz
207580,xszcdn.net
207637,xreflector.net
207875,xx.ru
207952,xvideos-k7.com
208237,xemphimxxxhay.com
208323,xvideo-chat.com
208634,xzyongxin.cn
208672,xoilac90phutc.tv
208948,xamvn.skin
208949,xn--y3ca2aak0c.com
209100,x97s7.com
209183,xhchicks.life
209242,xoilacbongda-worldcup2026.tv
209302,xoilacttbd-wc2026a.tv
209412,xuanworen.com
209588,xn--18-3qi1e6drb.net
209589,xbda.shop
209601,xyydedge.com
209630,xn--xhqv9jbtpfww.com
209681,xxx1.link
209748,xmriyuetong.com
209750,xn--4-twf3dr1roa.com
209776,ximian.com
210052,xn--o3ceaab9dybc6cd9qvc.com
210143,xfasten.com
210152,xhwebsite5.com
210227,xtranormal.com
210410,xxx5porn.online
210446,xoilacttbd-worldcup2026a.tv
210511,x5t6w9.com
210573,xn----jnchag1g5a.com
210634,xn--72c9ahqu7b4bxb3hpd.net
210689,xcultur.com
210796,xvserver.com
210927,xn--22c9aa8cb1pcc2ddz.com
210928,xoilac365.mobi
211070,xn--90aia9aifhdb2cxbdg.xn--p1ai
211106,xn--2-5wf2bzb9dyfc.net
211197,xstream.gr
211246,xinghuozuowen.com
211309,xmlilong.com
211337,xrzjzx.com
211397,xxx-gays.com
211468,xdn-ttp.de
211499,xolido.com
211616,xdemvy.com
211852,x5x.tech
212158,x7sy.com
212177,xcdn.pl
212191,xxxdl.net
212252,xuelongnc.com
212377,xoz.life
212452,xdrun.com
212621,xoilaccd.tv
212622,xoilacttbdwc2026.tv
212623,xoilaczz.mobi
212624,xoilaczz.vip
212822,x8m4t5.com
212823,x9k3a7r.com
212824,xamateur.net
212825,xxxxsexvideos.com
212834,xorek.cloud
212894,xianpipa.com
213110,xiang120.com
213149,xxx-chats.com
213218,xiayanedu.com
213311,xmsdt.com
213339,xiaohushi.com
213409,xemsexhihi.biz
213410,xn--g1afkd6e.xn--p1ai
213632,xuebo2000.com.cn
213674,xbrl.org
213727,xalayam.az
214013,xmyq.cn
214035,xbp.io
214120,x-scripter.com
214170,xn--80affa3aj0al.xn--80asehdb
214222,xreservations.com
214950,xemphimsex2k.com
214951,xkoora.net
214952,xkut.shop
214953,xmox1.com
214954,xn--168-1kl2hnb3b7gzf.com
214955,xn--l3ca8dbc4d.com
214956,xnxx-xvideos.co.uk
214957,xnxxwx.org
214958,xnxxxvideos.co.uk
214959,xnxxxvideos.sbs
214960,xoilacbongda-wc2026.tv
214961,xoilactvlinken.com
214962,xoilacxya.io
214963,xvideosvietnam.com
214964,xxsub.icu
214965,xxxbf.com.co
219856,x105.jp
219857,x10tn.net
219858,x111a.com
219859,x111c.com
219860,x26xka0q.com
219861,x2a5k9r.com
219862,x4a8k1r.com
219863,x666.app
219864,x666game.pk
219865,x7k1a4r.com
219866,xa7l8fps.com
219867,xataf.com
219868,xauraglobal.com
219869,xbato18.com
219870,xbt983.com
219871,xconnector.app
219872,xcxc887.com
219873,xcxc889.com
219874,xenkzone.com
219875,xflirt.se
219876,xgoalxgame.com
219877,xhaccess.mobi
219878,xheti.net
219879,xikoyalar.ru
219880,xkai91ksam.com
219881,xklub.dk
219882,xkuss.com
219883,xleakvideos.com
219884,xm82h0lv.com
219885,xn----3mci2aha3gqbzb.com
219886,xn--12c4cbf7aots1ayx.com
219887,xn--24-5qi8lod.com
219888,xn--3-twfsc4dia3uybyf.net
219889,xn--3ets43br2k.com
219890,xn--4-twfr5e6ddm4a4b2gpd.com
219891,xn--72ca6cjk0b1c8be0oucua.com
219892,xn--72ccpz1fva8g7d.com
219893,xn--72czbs0cxce8b1b6a0f2d.com
219894,xn--82ca9a9c9a3br8g.com
219895,xn--88-uqilb7mmec8rd.net
219896,xn--b3c1cccrc3eul.com
219897,xn--c3cuaa7ds6axe0b1d2hqch0a5b.net
219898,xn--gdkzb6a0163ae05d.com
219899,xn--hhr917d3fecva.xyz
219900,xn--hwtp04b.jp
219901,xn--ljdwo.com
219902,xn--mgbpf9fin.com
219903,xn--n8jva5b9d4f.com
219904,xn--o3cuca3bxc5g.com
219905,xn--pfotenglck-bayern-92b.de
219906,xn--subespaol-r6a.com
219907,xnxx.green
219908,xnxxx.info
219909,xoomcontent.nl
219910,xperienceunited.com
219911,xpinay.one
219912,xporndesi.com
219913,xpornici.com
219914,xpresstunez.com
219915,xqhyvcm.com
219916,xreading.com
219917,xtotohengheng.com
219918,xtremexmartialarts.com
219919,xvideoporno.com.br
219920,xvideos-amateur-movie.com
219921,xwph667.net
219922,xxaa00a.com
219923,xxaa998.com
219924,xxaa999.com
219925,xxx-contents-market.com
219926,xxx-videospot-online.com
219927,xxxcholitas.net
219928,xxxdoga.com
219929,xxxindianfilms.pro
219930,xxxrapid.in
219931,xxxviet.io
220110,xiganglive.com
220125,xuankex.com
220219,x2go.org
220406,xinriaikeji.com
220423,xlr8r.com
220497,xmfish.com
220540,xn--c1aenmdblfega.xn--p1ai
220950,xcbx.io
221248,xh2008.cn
221361,xlnaudio.com
221376,xo.je
221391,xcube.co.jp
221519,xingjushidai.cn
221558,xindi.eu
221669,xiuyeya.com
221676,xmradio.com
221827,xzcgtffdlmn.cn
221916,xqueue.de
222216,xiaoshuom.com
222285,x-ion.de
222299,xn--80afwrr.xn--p1ai
222589,xiaohongshu.net
223018,xks.wang
223132,xebook.es
223538,xgo-img.com.cn
223615,xiashahot.com
223782,xmxlzx001.com
223818,xs5.casino
223823,xizao.cfd
223925,x-tronix.net
224153,xlhapppharm.com
224309,xifanys.com
224613,xcopter.com
224819,xxxmovies-blowjob.com
224946,xinuos.com
225142,xianyang.gov.cn
225223,xxxtube-okay.com
225327,xbmu.edu.cn
225444,xxxgayporn.cc
225456,xplace.com
225656,xjwin.com
225669,xscroll.me
225772,xmlns.com
225811,xn--aa-wl5eb.com
225826,xonplex.in
225906,xuelongnc.net
225984,xn--80aehcaigesd2an1bl.xn--p1ai
226026,xlove18.com
226148,xclient.info
226160,xeknow.com
226164,xxxpremio.com
226207,xnxxporno.pro
226406,xxxcdn.org
226449,xenu.net
226510,xmms.org
226531,xinyu-sports.com
226562,xabcyy.net
226620,xxx.report
226822,xyza.cn
226842,x10.bz
226953,xihaian.gov.cn
227018,xxxero.nl
227074,xrdpetroleum.cn
227110,xxxtubestock.com
227367,xdnsvip.info
227544,xxxpelis.com.mx
227607,xiaoshuo789.com
227625,xf.ee
227635,xxdcklzx.com
227752,xxx-blowjob.com
227831,xlnet.nc
227919,xblgxfc.com
228075,xsnews.nl
228105,xensub.net
228130,xcitium.com
228293,xapobank.com
228333,xzenshuo.com
228342,xmvy.com
228391,xscreenattribution.com
228512,xenofonslaught.com
228779,x14.online
228785,xcqxxw.com
229046,xiaomiui.net
229165,xiaoxiangkeji.com.cn
229496,xn--90aiii2bdc.xn--p1ai
229946,xinchacha.com
230005,xn--generator-datenschutzerklrung-pqc.de
230024,xom.com
230169,xn--2q1bp1r9rce9ecnf02r.org
230207,xtremewrestlingtorrents.net
230315,xenled.com
230328,x39vi4jjt5.com
230332,xtcdn.com
230524,xz.gov.cn
230579,xxiku.com
230661,xmljfood.com
230751,x-bees.com
230888,xzsycp.com
230989,xn--j1aeec.xn--p1ai
231043,xinjiuwang.cn
231049,xwboo.com
231073,xn--80aalfykekuw.xn--p1ai
231086,xx.com
231130,xsd.cz
231165,xn--33-6kcadhwnl3cfdx.xn--p1ai
231323,xn--h1adlhdnlo2c.xn--p1ai
231388,xszixun.cn
231458,xxxcap.com
231529,xlhdns.com
231569,xerofiles.com
231673,xinyitong.top
231791,xiuang.tw
231938,xnzdwaat.cc
232071,x1eco.com
232160,xunruicms.com
232174,x123.xyz
232370,xxlspeed.de
232768,xnxx.studio
232784,xbqg888.com
233069,xhcom.edu.cn
233093,xnetwk.net
233198,xjhr.com
233405,xnxx-vids.com
233473,x436.com
233590,xt-xinte.com
233740,xxmu.edu.cn
233804,xn--31-slcd8afbf1j.xn--p1ai
234034,xsport.ua
234248,xazao.com
234261,xphoto.name
234296,xbase.com
234447,xs650.com
234448,xmocloud02.com
234640,x-arab.com
234680,xn----7sbhlbongh0cv.xn--p1ai
234773,xn----8sbnapgcdijslcphl1j5bv.xn--p1ai
234852,xpsshipper.com
235064,xn----8sbn6afubnnd.xn--p1ai
235399,xxxtube-bdsm.com
235836,xxxpersian.com
235903,xnxxcn.win
235959,x10.com
235985,xn--94qy09a6nz5ui.com
236052,xmlrtb.com
236268,xxxhdteen.com
236571,xxxbokepjepang.icu
236590,xnjxnz.com
236774,xn--mnq4jt4x931apzye3b.com
236811,xiaomiplanet.sk
236846,xifin.net
236874,xvdns.com
237167,xzw.com
237341,xe1teq.ru
237459,xvideosporno.blog
237546,xsl.pt
237547,xtrendlite.com
237688,xelpa.cyou
237733,xylon.tv
237937,xiyunerhu.com
238085,xyzbookmarks.com
238163,x-com.kz
238234,xn--80aaakb5aj3aklf.xn--p1ai
238276,xnet.it
238328,xn--80aafadvc9bifbaeqg0p.xn--p1ai
238531,xxxbule2.com
238631,xgfaggfhq.cc
238678,xn--90afe6acbn3c.xn--p1ai
238759,xn--80adheabo0bg1cb2j.xn--p1ai
238872,xinwucanyin.com
238902,xn--iiq0i10nv8l.com
238947,xyzq.cn
239125,xenival.com
239184,xxntube.com
239187,xing-events.com
239212,xinlinxin.com
239401,xtdvalves.com
239451,xamek.com
239817,xjuggler.de
239902,xn--80aae7avmmg0g.xn--80aswg
239976,xchief.com
239982,xplant.co.kr
240067,xferrecords.com
240227,xlrzzlgs.com
240280,xhd.cn
240383,xplicittrust.com
240563,xskptfnvm.cc
240663,xero.gg
240665,xn-app1.com
240751,xbet.ag
240967,xwatch.io
241005,xidns.cc
241494,xboxera.com
241957,x-baz.ru
241972,xgiftonline.com
242159,xne03.com
242231,xn--90aqok.xn--p1ai
242316,xunjiepdf.com
242439,xaf0ec.ru
242468,xuanyuandoors.com
242663,xxxfaps.com
242973,xs.com
243056,xchina.download
243109,ximizi.com
243401,xzefdv16wl55.com
243795,xhmachine.com
243881,xxxporn-fuck.com
243916,xxxwetporn.com
243946,xilo.us
244164,xdun.com.cn
244174,xinxingren.com
244394,xueshan168.cc
244483,xlib.info
244807,xnnx-video.com
244811,xxxtubexo.com
245093,xrdz.io
245402,xmitech.net
245577,xchina.click
245606,xapian.org
245644,xaq.nl
245670,xitaicctv.com
245740,xhddr.com
245918,xponex.com
246207,xpressbet.com
246244,xenorit.xyz
246348,xfgyp.com
246412,x-asiatique.com
246488,xlgl.gov.cn
246521,xyxww.com.cn
246734,xafa.edu.cn
246919,xxu.edu.cn
247022,x-hd.video
247081,xvideosplus.net
247207,xxxbetter.com
247219,xblognetwork.com
247376,xinwsjy.com
247405,xaayda.com
247419,xnet.mx
247571,xxxvideo.red
247606,xueshu.com
247710,xingtangdalaba.net
247791,xsserver.gmbh
247867,xzwdesjj.com
248052,xdominio.com
248140,xhao.pro
248369,xyzbd.net
248607,xxxporn-japan.com
248609,xvidios.xxx
248712,xt6.casino
248808,xingtai.gov.cn
248812,xoxknct.com
248932,xinmedia.com
249077,xaydunghanoimoi.net
249158,xsoar.cn
249250,xyzs.com
249396,xbyx.de
249399,xtremeautoaccessories.co.uk
249467,xn666.xyz
249626,xfobo.com
249644,xiaokeai.com
249703,xxx-tube-list.info
249824,xperiablog.net
249900,xfsfan.com
250044,xxcb.cn
250173,xformity.com
250300,xwordinfo.com
250534,xfilmen.com
251037,xn--j1agc2dc.to
251303,xi.ht
251338,xtranet.it
251391,x-hoster.ru
251529,xnet.is
251541,xn--8--9kc9a7a3f.xn--p1ai
252000,xcdn.global
252052,xxylabs.com
252195,x-echo.com
252462,xjtudlc.com
252509,x921.casino
252674,xfurbish.com
252804,xxx6.casino
252821,xiaoditech.com
252835,xygala.com
252858,xdfyyy.xyz
252960,xiyou.edu.cn
253011,xoticpc.com
253026,xservers.si
253044,xnxx.irish
253236,xdrinc.com
253661,xsite.it
253875,xzvpn.net
253993,xtrns.com
254047,xxx-loft.com
254207,xiaomi.cn
254236,xuslc.com
254246,xn----ntbcbhjbqyu4k.xn--p1ai
254320,xbdeals.net
254451,xlbrownbear.com
254703,xlgralf.com
254852,xima.cloud
255006,xn----7sbqgez1bcecc.xn--p1ai
255159,xdnscenter.xyz
255299,xjmu.edu.cn
255540,xxxengine.net
255542,xdns.vn
255609,xiangdang.net
255734,xsupercutting.com
255774,xysc886.com
255943,xxxlutz.cz
255954,xhtmltracker.click
256006,xinjiapo.news
256049,x-pressfeeders.com
256110,xqqme.com
256387,xmdomino.com
256422,xbpzoofp.blog
256423,xamnitmbn.wiki
256505,xviewacs.com
256647,xclusiveloaded.net
256865,xender.com
256888,x41.casino
256900,xshletai.com
257236,xxyy.io
257262,x-point-of-entry.com
257337,xianshuabao.com
257430,xwpbj.com
257449,xmrpool.net
257729,xalias.de
257799,xtune.eu
258201,xc555.casino
258294,xjqlyun.com
258569,xiamenyoga.com
258576,xpert.digital
258614,xunzhifang.com
258645,xxxtubereview.com
258663,xtreme.net.nz
258731,xxxcad.com
258806,xamgt.com
258854,xnxxbokep.net
258934,xxxvideohd.biz
259050,xin-chao.de
259176,xendurance.com
259185,xhosttellnet.co.uk
259329,xojo.com
259567,xhamster43.desi
259578,xinli001.com
259620,xopero.com
259637,xn--b1ajukhp0cb.xn--p1ai
259735,xifenghao.com
259781,xh2008.net
259818,xino.net
260120,xinmaxsw.com
260191,x3t5j1y.com
260382,xsmilk.cn
260407,xiyi.edu.cn
260585,xingxiancn.com
260688,xpressgaming.net
260903,x25.pl
261033,xnfts.dev
261071,xisto.com
261171,xethos.net
261306,xuanyuancs.com
261429,xdnsvip.cn
261516,xxxfrigs.com
261670,xtiles.app
261979,x-moto.eu
262249,xn----7sbikazfgleqp4ai.xn--p1ai
262293,xmyip.com
262448,xueshika.com
262582,xwhiteness.sbs
262634,xunxiang.site
262750,xjsook.com
262763,xtools.tv
262808,xxxlf.com
262877,x-mov.com
262884,xpian.news
262944,x-art.com
262992,xoilaczvy.cc
263009,xoxohth.com
263109,xerfi.com
263370,xtreme.bet
263407,xtstatic.com
263448,xn--j1agri5c.xn--p1ai
263964,xnxx-xxx.net
264099,xigmanas.com
264377,xn--80ahdnteo0a0g7a.xn--p1ai
264566,xxxpornmaturevideos.com
264762,xologic.com
264771,xxxxxxxxxz.com
265067,xnxxporns.com
265431,xxxhares.com
265464,xn--cksr0a.life
265522,xifin.com
265596,xp600.com
265619,xxxmaths.com
265649,xvideos.online
265686,xyzbmojn.net
265803,xoso.net
266095,xxxlatinaporn.com
266232,xmslol.com
266281,xpressbillpay.com
266312,xxxvideo.best
266576,xn--cartoexpressodeportugal-96b.com
266633,xdsl.is
266956,xnxxbolt.com
267025,xm1math.net
267234,xaviers.edu
267251,xfxforce.com
267304,xnxx2.pro
267348,xxxsex-gay.com
267395,xmaasti.net
267452,xp3.biz
267688,xl-byg.dk
268051,xi-digital.com
268114,x-dns.eu
268228,xxxymovies.com
268337,xuguangfeilawyer.com
268367,xltcf.com
268783,xataface.com
268814,xxskqyy.com
269119,xxx-desi-videos.com
269137,xingzuoshu.com
269242,xingvc.com
269345,xtool.ru
269392,xv-sex.com
269521,xymmetrix.net
269528,xyzdwd.online
269603,xn--9l0b05iba063aca30ti0bf5mk8cba48y2sk878aevc.xn--mk1bu44c
269610,xxxlightporn.com
269641,xmfeed.com
269713,xerintel.com
269788,xperts.ru
269855,xoilaczxg.cc
269931,xurl.es
269938,xlasuhaa.com
269960,xn--80advbdwql.xn--p1ai
269994,xyz15.cn
270063,xvidexa.com
270720,xfer123.com
270927,xoilaczxe.cc
271374,xogoweb.com
271634,xxxvideodownload.net
271646,xxxdns.net
271872,xporty.com
271924,xn--b1aedfedwqbdfbnzkf0oe.xn--p1ai
272113,xiangjiao5.cc
272144,xemphim69.com
272257,x1.com
272295,xenovpn.top
272351,xoilaczxk.cc
272414,xsmb247.com
272461,xvidzz.com
272536,xn--96-9kcpb0bd6k.com
272555,xleu.info
272559,xlife.com
272796,xn--ehqrnp85a4qhplv.com
272886,xlgirls.com
272985,xd.cn
273069,xlaxiata.id
273116,xqzzw.com
273235,xq58kx7.com
273241,xinjingsz.com
273362,xn--j1aghg.xn--p1ai
273610,xrpl.to
273659,xhamster1.help
273693,xinxiang.gov.cn
273697,xmath.cn
273785,x-age.ru
273805,xnxx-cum.rest
273855,xlzbearing.com
273904,xn--80apbncqgt0j.xn--p1ai
274002,xconvert.com
274140,xjau.edu.cn
274154,xincheping.com
274414,xy7ozq.info
274533,xb.nl
274759,xogo.io
274864,xnxx-indo.rest
275014,xinhua08.com
275163,xn--h1afd5e.online
275237,xhgroup.blog
275805,xn--80abvbinid.xn--p1ai
275933,xxxcom.cfd
276152,xinbiquge.org
276563,xnxx-content.com
276634,xemhbo.com
276710,xiaolachuxing.com
276783,x-keeper.net
276934,xnxx-porn.monster
276985,xxgloryhole.com
277002,xslist.org
277185,xsp.ne.jp
277338,xiaoshan.gov.cn
277420,xporndrive.com
277539,xway.ru
277568,xoilackt.tv
277579,xta.net
277653,xnxxnn.com
277962,xtom.com.hk
277972,xvideos000.com
278022,xamichong.com
278037,xtpj2bzxip6iq7n3bnz.info
278050,x8net.world
278223,x-cargo.co
278224,xxxtop.site
278225,xxyedkub.com
278367,xn--80aalwclyias7g0b.xn--p1ai
278544,xgfleet.eu
278589,xrydongfeng.com
278649,xxlyfs.com
279134,xyppw.cn
279148,xpeedstudio.com
279258,xraychicago.com
279566,xlmoto.de
279662,xchanger.cn
279679,xs2a.com
279698,xn--d1ai6ai.xn--p1ai
279718,xn--d1angd.xn--p1ai
279978,xpertbeauty.ro
279979,xinyueshangcheng.com
280331,xuantu.co
280332,xaas.zone
280456,xtreemhost.com
280485,xvideosonly.net
280695,xmedius.com
280748,xtom.ee
280783,xnxx-com.us
280961,x-ray.contact
281014,xianhua.com.cn
281136,xingbei.com
281205,xoilacxyr.tv
281286,xsens.com
281373,xbqg88.com
281724,xn--p1aee.xn--p1ai
281727,xencor.com
281766,xpress-pay.com
281779,xhworld.life
281795,xilo.uk
281859,xhosting.biz
281876,xmodulo.com
281969,xsyu.edu.cn
282110,xpresshosting.com
282317,xn--80awro.xn--p1ai
282353,xoilaczggz.tv
282384,xiaozhukankan.com
282639,xpenology.tech
282904,xiquewl.com
283023,xxxxnxx.pro
283118,xianguo.com
283292,xvveb.net
283363,xinu.tv
283617,xiaozhi.me
283769,xn--90afdbaav0bd1afy6eub5d.xn--p1ai
283773,xxx-gay.cfd
283805,xhoz.world
283906,xtsystem.net
283982,xmsecu.net
283992,xiaoshutongedu.com
284034,xnx-vids.com
284067,xsxsf.com
284157,xn--b1agalyeon.xn--80adxhks
284206,xoedge.com
284250,xxxmov.bond
284289,xppower.com
284313,xorgasmo.net
284330,xtbdgd.com
284674,xed.casino
284722,xxxgayboys.icu
284820,xcraft.net
284865,xuezhewenhua.com
284871,xnxx2.org
284910,xjtv1.com
284979,xrisi.com
285138,xnxx-pov.rest
285177,xxxfree.watch
285256,xshaker.net
285383,xssltd.com
285448,xfizz.cc
286186,xluuss.com
286872,x0btk2.xyz
286873,x1rhwe9e5.com
286874,x2c.nl
286875,xaccel-codec.com
286876,xc188.net
286877,xdgram.com
286878,xiaoliyu.cyou
286879,xiaoya.pro
286880,xn--4gq62f52gdss.vip
286881,xn--cp3a08l.com
286882,xuolu.com
286883,xvleszotu.com
286884,xxxyun.top
287190,xpxs8.cc
287259,xnxx-xxx.pro
287279,xpobvu.com
287415,xanadumarketing.com
287432,xsnet.cn
287573,xn--168-1klyfn3i1b2j7c.net
287705,xblx.ru
287924,xxxmovies-gay.com
288300,xinpengedu.com
288345,xx.network
288442,xin-chengan.com
288519,xn----7sbarohhk4a0dxb3c.xn--p1ai
288522,xinsixiang.com
288703,xingdihesen.com
288998,xjart.edu.cn
289120,x9s.games
289485,xbow.com
289543,xolair.com
289827,xxxhamster.club
289945,xervenda.cfd
290047,x3r9k7.com
290048,x9k7r1z.com
290049,xieyistudio.com
290391,xuchang.gov.cn
290572,xn--80aaig9ahr.xn--c1avg
290577,xxxwaffle.com
290793,xianshan.cn
290852,xn--55q36pba3495a.com
290869,xcditu.com
290896,xsnvshen.com
290959,xn--90awmj.xn--p1ai
290960,xxx-xxx.pro
290991,x8x0f.top
290993,xxxvideosform.com
291108,xazbwl.com
291244,xinjingtk.com
291271,xxxy8.cc
291298,xn--80adjkr6adm9b.xn--p1ai
291597,xdconnects.com
291738,xttc.edu.cn
291988,x5food.tech
292022,x-video.fun
292129,xinxudongjx.com
292225,xeront.net
292365,xiayanw.com
292380,xnxx-sex-videos.com
295523,x0ai1q8a.com
295524,x0h6j6c.com
295525,x1cmw87q.com
295526,x2bet365.com
295527,x72pl88.com
295528,x89game.tv
295529,xbaazi.ir
295530,xbfb.lol
295531,xbi.mx
295532,xcashc.com
295533,xcloud.mn
295534,xdpay168.com
295535,xfakes.net
295536,xhcrb.com
295537,xhorf11894.com
295538,xhqlo15q.com
295539,xi5c4.com
295540,xj8nd.com
295541,xkmsdb7o.com
295542,xlenlut.top
295543,xletjoy.com
295544,xlxxx.co.uk
295545,xmaza.com.co
295546,xn----7sbb3acajbee5aggvnq.xn--90ais
295547,xn----itbkgb9adccau2a.name
295548,xn--15tu31f.com
295549,xn--2-5wf2bzb9dyfc.com
295550,xn--3-twf3dr1roa.net
295551,xn--365-jmlya7cvhk.com
295552,xn--42caj4e1a2ame9b2cq0dyo.com
295553,xn--72ca0fgy7cem.com
295554,xn--72czpj1fd3b9a3a8g3d.cc
295555,xn--82ck2a7bg6hsd3a.net
295556,xn--b3czb2arbbzn9a6eulf7c.th
295557,xn--libreftbol-sdb.com
295558,xn--m3caztad1ecc6e8fe9g7bk.com
295559,xn--r3ccmqq2g5csa7b7a.com
295560,xnhau.co.uk
295561,xnxx.top
295562,xnxxsexar.com
295563,xomgaaz.org
295564,xpo.ru
295565,xqkptcqbjy8f.com
295566,xregjio.info
295567,xthttbw0y.com
295568,xvideos-xx.com
295569,xvideosdezoofilia.com
295570,xx88-58k.com
295571,xx99900.com
295572,xx99911.com
295573,xx99912.com
295574,xxpp8613.com
295575,xxx-rated.top
295576,xxxnung2.tv
295739,xcountry.tv
295906,xn--d1ah4a.com
295915,xxxbios.com
295916,xilisoft.com
296029,xnxxxxxxxxarab.website
296124,xnxxpornclips.com
296249,xmngdfw.com
296311,xxxcomics.org
296317,xvideoz.monster
296375,xiaokaoshou.com
296485,xmovie.icu
296507,xxxcom.cam
296617,xteink.com
296685,xqb5200.com
296712,xam.nu
296789,xdollhub.com
296885,xvideoxxx.monster
297043,xiaoai999.com
297081,xxx-free.pro
297306,xinmaohai.com.cn
297343,xx5hk56z.com
297510,xbxx.link
297694,xxxlgroup.com
297843,xhlfzx.com.cn
298046,xanterra.net
298189,xlsileag.com
298236,xxxclip.bond
298328,xinyixi.com
298640,xiaopangge.top
298641,xiangcloud.com.cn
298665,xvllq2.ru
298689,xbravotube.com
298822,xesimg.com
298873,xosn.com
299091,xerjoff.com
299401,xxx-gays-videos.com
299798,xooit.net
299872,xn--oi2bv4qg7fba.com
300010,xsm.us
300086,xola.app
300123,xz20.cc
300188,xsongs.net
300278,xmhouse.com
300375,xunjieiot.com
300403,xcdsystem.com
300665,xoyocdn.com
300683,xn----7sbbaa3bcse7fo9b3bw.xn--p1ai
300702,xn--d1achsggnclw2j.xn--p1ai
300710,xgscore.io
300871,xnx.ru
301023,xlcatlin.com
301147,ximasoftware.com
301426,xxxteenyporn.com
301439,xladyxxxmovie.com
301460,xm-radio-satellite.com
301501,xsoktvpyi.com
301632,xn--96-6kcaozh1ao.com
301739,xvideosmovies.net
301843,xolo.io
301870,xhj.com
301964,xunbeiyi8.cc
302189,xinhemotor.com
302296,xxxvideoxxx.pro
302349,xxx6.pro
302504,xoilackvk.tv
302541,xxgzz.com
302627,xta.cat
302718,xn----7sbzl2agdjg.xn--p1ai
302943,xxxmoviesdownload.net
303106,xstats.st
303116,xunga.org
303117,xosodaiviet.mobi
303203,xxxtube-love.com
303207,x2xintegrations.com
303294,x-aviation.com
303381,xecor.com
303390,x-legend.com
303455,xword-muggles.com
303488,xxxcom.work
303589,xmza.com
303835,xxxadultvideo.net
303938,xxxboy.pro
304018,xtreamlab.net
304030,xinshidaixiefu.com
304129,x402.org
304243,xkyn.com
304332,xaluannews.com
304358,xmovie.bond
304387,xliiirdr.com
304415,xxxxx.com
304498,xxxxxx.la
304595,xianjichina.com
304683,xconfessions.com
304889,x4s7b6.com
304922,xceleratedonline.net
304954,x1abo.com
304980,xxxfilm.bond
305134,xxxtubemov.com
305148,xp-hosting.com
305151,xn--e1adehesl3d.com
305232,xiaozhijingyan.com
305448,xijing.edu.cn
305464,xdmssp.com
305774,xxxstreams.org
305800,ximple.nl
306232,xoilacxyu.tv
306303,xanterra.com
306406,xxx-video.mobi
306417,xronos.ch
306654,xmaturs.com
306880,xxx-tits-porn.com
306893,xxx24video.website
306911,xboxuser.de
306947,xoilacxyp.tv
306952,xhamster-gay.pro
307090,xoxobella.com
307435,xiancity.cn
307445,xui.lol
307451,xoilaczzzzb.tv
307565,xoilacxyy.tv
307587,xxxvideos.click
307594,xibo.cloud
307659,xcdn.tv
307682,xrtoday.com
307788,xunadns.net
307877,x-yachts.com
307986,xcname.com
307997,xtm-intl.com
308211,xync.edu.cn
308250,xulaoda.com
308394,xunpic.cn
308464,xparts.dk
308703,xn--l3ca3evbr.net
308837,xn--90afqsbambik.xn--p1ai
308924,xvideosteen.icu
309070,xtrm.com
309090,xdns6.com
309265,xiaogan.gov.cn
309306,xuewenji.com
309496,xoilaczddz.tv
309535,x-hain.de
309549,xn--80aafeyru5a.xn--p1ai
309573,xoilacztu.tv
309583,xiongdizhongheng.com
309823,xuewenshe.com
309921,xxxlutz.ch
310019,xvideos2.uk
310068,xueersi.com
310219,xnudes.ai
310363,xiaowei.xin
310458,xnxx101.com
310612,xn--jj0bz6z98ct0a29q.com
310724,xoilacxyq.tv
310799,xqd4000711238.com
311144,xmovie.pro
311268,xxxvideos-porn.icu
311384,xxxchina.asia
311407,xcili.net
311479,xpedient.io
311503,xnetfibra.com.br
311520,xestro.com
311600,xvideos-tube.icu
311658,xdcdn.net
311935,xoilaczzzw.tv
311953,xute-upi.online
311998,xvideosdownload.pro
312055,xhjj.com
312289,xiequan-by.com
312290,xnet.co.nz
312353,xchek.pw
312356,xaluan.com
312611,xc1.casino
312676,xxxvedios.pro
312681,xtol.cn
312730,xn--niedlichfranzsischebulldoggenwelpen-0qd.de
312773,xcclub.cc
312790,xunge.cyou
312914,xenexcloud.com
312940,xc3.casino
313312,xyplorer.com
313325,xinon.at
313660,xtspd.com
313792,xlkj67.com
313867,xnxthj.com
313955,xbato.com
314043,xxx-halyava.net
314117,xxxmissav.com
314128,xxx-tube.cfd
314274,xledger.net
314283,xrumersale.site
314333,xtratuf.com
314335,xincheng5.com
314467,xyzcomunicacion.com
314504,xtec.es
314627,xlww.cc
314648,xtfkzk.net
314672,xueweiyun.com
314674,xiangyujiankang.com
314692,xchengtech.com
314752,xzhmu.edu.cn
314845,xenspec.com
314874,xvideoxxx.bond
314924,xiangqi.com
314943,xprime.su
315078,xxxgay.one
315217,x-players.com
315273,xingxuanwl.com
315314,xross-team.com
315343,xn--61-6kcaizom5a8a.xn--p1ai
315623,xvideos07.com
315652,xxx-igra.com
315670,xn--80ahe0acijj3i.xn--p1ai
315926,xn--pxtr7m.net
316020,xnxx-hr.com
316058,xjav1.link
316161,xoilacztf.tv
316696,x3vid.com
316792,xxxstem.com
316873,xlhost.com
316909,xn--90aijkdmaud0d.xn--p1ai
316930,xmaza.co
317041,xn--bahs-nza.com
317114,xed.plus
317123,xxx-video.icu
317317,xiaoxingxing.space
317336,x41.ch
317361,xxxijmp.com
317471,xn----7sbajahheyaepn1ca0aveqcb0fxl.xn--p1acf
317529,xn----7sbabrg6adutwhm6a5m.xn--p1ai
317588,xxxgames.biz
317634,xn--90ab5f.xn--p1ai
317677,xvideos-porn.cfd
317724,xn--80abntiqkep.xn--p1ai
317777,xboostapp.io
317868,xxxgay.site
317886,xhamster-tube.fun
317904,xianzhuapp.com
318226,xandres.com
318246,xuges.com
318298,xjcistanche.com
318738,xn--289aoyu1d8seu1nelhv8k40fb46a.kr
318739,xn--x-pn9e94fx4xmkla457h.com
318740,xroll.net
318741,xupertvapk.com
318742,xxxvideax.com
318752,xoilactvlinkc.com
318756,xhamster-gay.yachts
318780,xlink.cn
318990,xj389vvj40.com
319161,xetahost.in
319401,xeneta.com
319423,x-true.info
319458,xn--3dkvalq0cx455coz1c.com
319475,xxxtubeteens.com
319697,xdnsvip.com
319700,xn--5br235dm1pnjt.com
319745,x100casino.ru
320034,xl-gaytube.com
320050,xtardns.com
320093,x79047b43.com
320252,xhdporno.cam
320430,xilo.eu
320443,xxx-videos.cfd
320486,xxxxservices.org
320494,xjwook.com
320890,xmedia-recode.de
320914,xunyougame.com
321052,xxx-gays.cfd
321205,xxxassfuck.com
321206,xshoppy.shop
321288,xverse.app
321496,xinhedjq.com
321717,xoilacztl.tv
321762,xipat.org
321887,xsql.app
321991,xpirio.at
322112,xpoundit.net
322443,xnxx.bar
322550,xnxxxxxxxxarab.top
322585,xaweho.de
322671,xshbtec.com
322860,xdns.club
322916,xerpagltl.com
322927,xhamster-porn.yachts
322960,xenicuszosters.cyou
323095,xxtor.com
323229,xinyang.gov.cn
323415,xstocks.fi
323541,xuanfengkuang.cc
323580,xhamster-porno.monster
323589,xi-rutor.ru
323683,xxx-tube.monster
323727,xmwyjsj.com
323830,x5bf8nw1.top
323836,xxxvideo-porn.icu
323874,xcbrasil.com.br
323876,xiutuimg.com
324000,xterraplanet.com
324514,xinxifabu.net
324568,xrnet.cn
324730,xoxocomic.com
324933,xxssplay.com
325133,xonxcams.com
325405,xda.cn
325434,xzit.edu.cn
325489,xtrendspeed.com
325538,xn----8sbehgcimb3cfabqj3b.xn--p1ai
325671,xmshgljkio.net
325691,xboxaddict.com
326046,xoilacvvw.cc
326276,xinxinhw.com
326553,xantrion.com
326879,x977s.com
326880,xonados.com
326881,xx999vip.com
326882,xxxbest.cc
326970,xxx-red-tube.net
327121,xonet.fi
327357,xn--b1afab9anqfdfg9c.xn--p1ai
327433,xn--80ahmgctc9ac5h.xn--p1acf
327437,xnxx-porno.one
327533,xpressengine.com
327571,xinyu.gov.cn
327623,xindaoqizaixian.com
327785,x33yqxs.com
328060,x-orion.ru
328193,xxfseo.com
328206,xoilaczccz.tv
328337,xxxcom.monster
328503,xwt-classics.net
328556,xn--e1aebcaaarunvna5d.xn--p1ai
328606,xdns1.com
328736,xxiivv.com
328926,xlforum.net
328973,xfws.top
329201,xcjkd.org
329252,xn--80akpwk.xn--d1acj3b
329369,xnxxhd.tv
329371,xinlipro.com
329442,xiaoyuemi.com
329477,xxxvideoingyen.com
329489,xohm.org
329495,xfi-hotel.com
329522,xracer.com
329541,xx73.casino
329826,xkee.com
330000,xsharing.ru
330198,xenia-emulator.com
330201,xn----7sbafhzhcjreji5rpb.xn--p1ai
330424,xn--j1ahfl.xn--p1ai
330659,xtensio.com
330814,xup.in
330835,xnspy.com
330867,xevil.net
330919,x630book.org
331076,xiaojinyu8.cc
331125,xn--v52bj1bo8a19n9ns.net
331181,xom.cloud
331335,xurver.com
331506,xnxx-porn.cfd
331740,xhub.rip
331771,xisaiwang.com
331990,xxxmovies-gape.com
332261,xn--b1ats.xn--80asehdb
332568,xray-superpixel.com
332649,xahdco.com
332724,xtra-media.net
332729,xmart.jo
332738,xxxporn.party
332811,xxx-gay.icu
332871,xdefcon.com
333025,xijigame.com
333142,xzaj.com
333355,xn--9kqz23b19z.com
333356,xsharing.org
333648,xbox-now.com
333659,xupt.edu.cn
333690,xn--h1afipca2eya.xn--p1ai
333738,xmasti.buzz
333771,xorit-service.ru
333772,xzmen.cc
333940,xvideos-teens.pro
334141,xubi.org
334221,xxkr.com
334312,xspower655.com
334378,xatab-repack.com
334594,xshemale.tv
334868,xnxxshahwa.com
334948,xcycom.net
335023,xn--42c9bsq2d4f7a2a.com
335231,xistarca.pt
335672,xyuncloud.com
335695,xisp.net
335712,xtremeqa.com
335741,xlgaytube.tv
335825,xfam.org
335923,xingtangdalaba.cn
335965,xcxs8.cc
336165,xn--80adi1bchd6d.xn--p1ai
336243,x-ray.ru
336365,xtom.nl
336512,xmp3.de
336608,xconnect.id
336643,xcart.net
336705,xgaytube.tv
336972,xmrth-node.xyz
337018,xplorapps.io
339039,xalaflix.nl
339040,xbrtorrents.com.br
339041,xchat-ru.com
339042,xdownloader.com
339043,xemsexx.top
339044,xn----btbeegalms2a3a1h.xn--p1ai
339045,xn--12cu1a5c.net
339046,xn--19-dui6a.com
339047,xn--2-wxf7akh2i2cvc.net
339048,xn--3-7wf0bya3bzfvepc.net
339049,xn--42cieo3ioesdn.net
339050,xn--80at0aq.xn--p1ai
339051,xn--h10b90bi5zuhh79k.net
339052,xn--l3ca4b9gm2ar.com
339053,xn--nck6dm1e.com
339054,xn--ok0bm0vglf7xeba82sl9d.com
339055,xoilac-link.tv
339056,xoztops.xyz
339057,xpew.shop
339058,xrabbits.net
339059,xxmon21.cc
339060,xxmon22.top
339061,xxphim.moi
339062,xxx191.com
339063,xxxbp.wiki
339064,xxxmms.live
339065,xxxmms.watch
339066,xxxmms1.watch
339067,xxxmms2.watch
339068,xxxmms3.com
339159,xmglobal.com
339179,xbzyw30.top
339296,x888.casino
339361,xtooltech.com
339489,xmodhub.com
339690,xxx-movies.work
339731,x-plain.com
339784,xmgcjs.com
340181,xalaflix.tax
340400,xycdn.net
340528,xzooz.su
340667,xpgroup.cloud
340675,xmanhua.com
341718,xxxporn-bigtits.com
341782,xo.store
342068,xrule34.com
342099,xxxcrab.com
342191,xserver.su
342561,xn--pokpdia-dyab.fr
342636,xn--doasol-xwa.com
342756,xtl.cloud
342757,xnehs.com
342759,xmplaylist.com
342848,xxxhindividoes.com
342927,xxx-sex.fun
343064,xmind.ai
343204,xdsisu.edu.cn
343323,xtel.net.au
343443,xtra.com.my
343599,xbqg98.cc
343714,xn----7sbbbvy2arnae2j.xn--p1ai
343839,xshemale.tube
343901,xdnscloud.com
343924,xoplumbing.com
344005,xpgamesaves.com
344291,xcheck.co
344366,xadlwx.com
345127,xn--wxtr44c.live
345294,xxxsexcomix.com
345384,xrp.cafe
345398,xit.net
345516,xglllli.com
346187,xperience-sites.com
346286,xiongmaodaoju.com
346594,xverify.com
346630,xinmiaobige.net
346811,xxxvideo-free.cfd
346842,xctv.cn
347066,xxzakaz.com
347087,xiaobaotv.video
347118,xeon-wiki.win
347233,xenospire.com
347257,x44.ru
347436,xb1.com
347672,xcomweb.ru
347822,xn--rhq0na13z3ucca02k7il87dr6uozd217gl17boup.com
347832,xn--b1aaibo6aawehcb.xn--p1acf
347877,xincache4.cn
348008,xn--d1abablabbpgg2am0ahn0gzd.xn--p1ai
348049,xboxunity.net
348079,xn--js0ba42zhb480gca.xn--mk1bu44c
348305,x-xx.pro
348342,xoilac86xzts.io
348383,xuantivip.com
348391,xinlongrun.cn
348425,xgrb.cn
348558,xemo-net.de
348620,xshorts.co
348766,xiangmu.com
349000,xxxonxxx.com
349030,xxxlrpd.com
349213,xxxvideos-gay.com
349222,xmoviescdn.online
349324,xeoma.com
349663,xsmdnz.com
349845,xlporntube.com
349959,xaccel.net
350088,xbqg99.cc
350156,xseries-forum.com
350220,x-chats.ru
350406,xmovies.com
350586,xwhiteness.site
350637,xen-orchestra.com
350896,xzwen.com
351437,xlat8086.com
351488,xn--80abbembcyvesfij3at4loa4ff.xn--p1ai
351580,xibqg.cc
351689,x22x.pro
351918,xuexidajun.com
352115,xado.com
352278,xn--55qx5dt9c0sueub0z6ayrooy9bba454eykaym6b.com
352303,x6r1m7.com
352304,xxx-sexportal.net
352353,xn--42c8b6aw6av.com
352380,xn--80aaexjatkpdggghih8b1a2yhv.com.ua
352400,x90fo49v.com
352512,xxxlift.com
352631,xxwolo.com
352882,xbondage.porn
353228,xtn-lab.it
353375,xiaocike.com
353633,xtralife.com
353668,xinlimeng.com
353829,xonecole.com
353947,xxxtubescope.com
354291,xemayvietthanh.com
354415,xsw8.cc
354755,xvideos-br.com
354977,xn----7sbaabako6cg4bxggpi0t.xn--p1acf
355404,xboxjoin.online
355542,xn----7sbbeeptbfadjdvm5ab9bqj.xn--p1ai
355652,xjkj.top
355826,xdevs-games.ru
356004,xuexiaodaquan.com
356021,x-glamour.com
356380,xxxsex-fuck.com
356399,xperiax10.net
356673,x5paket.ru
356755,xebut.com
357147,xctek.cn
357336,xcyanyangwzhs.com
357531,xn--80aaaf3bi1ahsd.xn--80asehdb
357676,xygame2016.com
357727,x-work.jp
357895,xbotgo.com
357910,xarhive.com
358071,xtometa.com
358100,xafy.edu.cn
358103,xpornplay.tv
358123,xlsemanal.com
358253,xn--9f2b9hi0j4zcf4r1rlryk.xn--mk1bu44c
358411,x-energy.com
358571,xndownloader.com
358602,xplatinmedia.com
358803,xn--80adfbej0ceadr0m.xn--p1ai
359082,xpansiv.com
359169,xlmoto.se
359238,xxxonipad.net
359421,x-mol.net
359525,xmqgphzwd.com
359615,xlebbs.com
359695,xtapes.me
359811,xn--librrie-c4a.ro
360036,xiziwang.net
360233,xyjgdst.com
360320,xoilaczuuz.tv
360374,xiaoshuo688.com
360785,xn--34-emcl0b.xn--p1ai
360833,xamsa-saratov.ru
360835,xunhuamedia.com
360921,xn--9d0b3b09ur76a0vam4zga.xn--t60b56a
361056,xxxvia.com
361226,x-pirat.ru
361298,xxxtubeguru.com
361428,xxxmoviesnab.com
361557,xevt.com
361702,x8m16d.com
361703,xgestedu.com
361833,xiumeifan.com
362092,xoilackvx.tv
362310,xunfeidt.com
362351,ximizi.net
362555,xaufe.edu.cn
362614,xoyo.games
362656,xn--24-6kchq2abwi5bc.xn--p1ai
362825,xxxtubejapan.com
362917,xnxx-cams.com
362937,xperity.de
363179,xlbygg.se
363191,xssat.net
363284,xxx-cdn.org
363513,xwxwseui.com
363533,xcapenet.ru
363565,xwbbw.net
363656,xaleno.com
363748,xhcyv.com
363781,xiaonvhai4.top
364155,xaijo.com
364191,xcallymotion.com
364205,xnxx114.com
364378,xo69k1.com
364419,xo69n1.com
364471,xianxingqhd.com
364474,xodeportal.net
364508,xiaonei.com
364555,xo69f1.com
364695,xboxgamertag.com
364758,xservers.gr
365274,x666.casino
365320,xoilackvt.tv
365365,xinremenxs.com
365417,x-m-3-t.com
365589,xakerforum.com
365652,x-change.life
367877,xabclub.com
367878,xarvis.kr
367879,xburmi.com
367880,xerotic.blog
367881,xn----zmcibn3e0cuadf1a4a.com
367882,xn--42c8bc3bb6esa.com
367883,xn--53-grizbya9cwfqfwe.online
367884,xn--72c5a2bi5a1a.com
367885,xn--l3cot2dzdyb.com
367886,xn--m3cae8bhj2d7czec2b8c.com
367887,xn--q3cp0bq6gzaj.com
367888,xnszh.xyz
367889,xnxx69.info
367890,xnxxar.net
367891,xnxxxsex1.org
367892,xo69s1.com
367893,xorketsfx.com
367894,xoshplays.com
367895,xreels.co
367896,xrysosonline.gr
367897,xtraclub.live
367898,xxjoa48.com
367899,xxxbim.com
367900,xxxthai.blog
367901,xxxzeed.net
368095,xdomini.net
368129,xdating.dating
368334,xnxx111.com
368564,x2o.be
368634,xt-pc.com.ar
368707,xmtr.io
368804,xxxxvideos.club
368819,xinhuaedu.cn
368826,xoriant.com
368922,xozilla.live
368989,xoilaczzccz.tv
369054,xnxx2.cc
369066,xn--i8s951di30azba.com
369219,xjyskj168.com
369476,xbyhr.com
369641,xingsuyun58.com
369661,xvideosin.pro
369779,xfreehosting.com
369826,xcetv.com
369926,xenonstack.com
369947,xxhde.com
370274,xozyaika.com
370563,xmshengchao.com
370583,xrcdn.com
370746,xu.edu
370749,xhwide5.com
370915,x10server.ru
370941,xtmobile.vn
371092,xing-news.com
371099,xtdv.net
371111,xteen.cc
371608,xbhp.com
371995,ximpex.in
372169,xpelfilm.ru
372244,xnxx-nl.com
372275,xdmail.online
372288,xsearch4you.com
372298,xbox-scene.com
372619,xiaoxiaomayi.com
372805,xovis.cloud
372907,xsportshd.com
372912,xn----2lbcmca4cdtsdb1c.gr
373002,xplornet.ca
373017,x69.me
373025,xoilaczzqipxt.tv
373458,xapxam.com
373483,xn----7sbb5adknde1cb0dyd.xn--p1ai
373524,xenetic.net
373613,xystem138.com
373994,xzl59k05atdfz6sl.com
374028,xn--solitr-fua.de
374041,xeodns.net
374341,xvideos-free.beauty
374428,xmlsweb.com
374448,xn----7sbfbqq4deedd2d1bu.xn--p1ai
374628,xn--9m1bj7w5fr3e8te72a7k351ewff.kr
374655,xworks.net
374821,xtratuf.co.uk
375174,xdsoft.ru
375238,xn--289a6fl1aq39i.com
375282,xodiax.com
375296,xxxhostit.com
375404,xneo.io
375413,xbox360achievements.org
375417,xchmg.com
375773,xtracky.com
375848,xnameserver.uk
376048,xxxamadores.com
376092,xiaoruo.net
376410,xjjmw.net
376568,xlx.pl
376712,xn----7sbikand4bbyfwe.xn--p1ai
376786,xrateduniversity.com
376843,xcn.one
377053,xxxporn-sex.com
377111,xsspartners.com
377388,xn--90aifddrld7a.xn--p1ai
377905,xt.pl
378003,xmsia.cn
378014,xxxhell.com
378097,xxxtubegf.com
378296,xbdjv.com
378404,xuid.ru
378424,xovi.de
378793,xhubplay.com
378844,xmsecu100.net
378897,xxxhindiporn.net
379011,xentronix.nl
379064,xbiquxs.org
379151,xoilaczmmz.tv
379205,xgo.com.cn
379259,xiaoyaxiao.com
379547,xxxvideos-scape.com
379577,xiangkankeji.cn
379679,xlog.app
379704,xoilaczhhz.tv
379735,xxxlag.com
379806,xlrecordings.com
379853,xxxhdhindi.com
380273,xtds1.com
380318,xiaodaowenda.com
380322,xtransfer.cn
380472,xiaomac.com
380724,x.io
381172,xoilac86ex.tv
381192,x100platforma.com
381221,xperi.com
381274,xchpool.org
381366,xn--fiq2a77c26ed7c94aipe3obthcs1bhel26dno4bxna.xn--zfr164b
381373,xm00.mobi
381392,xnxx-da.com
381586,xnxx-free.cfd
381619,xn--3ww092dvek.com
381723,xmrbazaar.com
381953,xn----btbfgybdsfdfcx7b.xn--p1ai
382288,xhpublications.life
382555,xunlei.cn
382621,xahaoyuan.com
382658,xdpddos.com
382701,xtool.eu
382729,xbsj9.com
382774,xidras.com
382865,xn--d1abkefqip0a2f.xn--p1ai
382938,x12.org
383211,xhostsolutions.net.au
383241,x-fpga.com
383265,xn----7sbkofbbj4akz.xn--80asehdb
383346,xoilacsosa.live
383391,xxxpornocam.com
383393,xunche.com
383435,xn--2-stbo5a.xn--p1ai
383608,xteensex.net
383674,xhamstervideos.pro
383686,xn--80akcrghjp.xn--p1ai
383892,x777.casino
383974,xn----7sbbhn6ada2dt2k.xn--p1ai
384258,xnxx.net
384295,xtvporn.com
384373,xwin31.com
384376,xtideuniversalbios.org
384497,xunengsun.cn
384757,xnxx.best
384786,xn--b1algemdcsb.xn--p1ai
384861,xxxlutz.sk
384862,xdj1998.com
384873,xyhero.com
385353,xxxplant.com
385431,xxxjug.com
385484,xzzrc.com
385530,xxxgay-videos.com
385548,xiaoaisound.com
385553,xip.io
385709,xchangetele.com
385990,xdevs.ltd
385997,xbotgo.net
386038,xsbdgef.com
386477,xxxtubeadvance.com
386574,xabber.com
386650,x-tube.video
386709,xn--90ab2c.xn--p1ai
386720,xm200.com
386942,xn--b1aasecbsgd1ae7n.xn--p1ai
387229,xtrendit.com
387249,xxxsex-japan.com
387299,xiahunao.cn
387389,xyniubi.com
387432,ximbo.land
387671,xaprio.net
387835,xjson.de
387856,xim.tech
387893,xn--9l0b15itzcca83pcvb05ly0cba23wo3jnp6avoctu0d.xn--t60b56a
388024,xn--80aakbafh6ca3c.xn--p1ai
388119,xdisctracking.pw
388133,xhqas.com
388306,xagasoft.com
388611,xawl.edu.cn
388616,xgenstudios.com
388619,xinyanghg.com
388626,xn--spidersolitr-qcb.de
388640,xxxfuck-sex.com
388740,xserver.cloud
388924,xiaoice.com
389342,xoxneaxrch.com
389500,xianghaozhaocdn5656.com
389561,x3hosting.de
389631,xn--fiqx7ci2whnj.com
389647,xyztelecom.com.au
389659,xxxtubeview.com
389761,xinmins.cn
389993,xxxbanjo.com
390043,x222.online
390172,xu.edu.ph
390447,xpoff.com
390840,xxxsteer.com
390965,xcitefun.net
391013,xano.com
391047,xn--96-mlc8b4a.xn--p1ai
391182,xn--e1afeoglahgd.xn--p1ai
391249,xingliu.art
391333,xxxmoviesfile.com
391391,xnxx-indo.net
391439,xn--80aacf4aam3apxdl8m.xn--p1ai
391492,xxxmom.su
391548,xoilackv.tv
391672,xny.onl
392212,xkeezmovies.com
392593,xiayx.com
392675,xone.fun
392827,xparibet.com
392885,xnxx-arab-sex.com
392908,xxxmovies-plus.com
393229,xmxx.club
393303,xiwuyou.com
393511,xpr-gannett.com
393524,xoutpost.com
393606,xnewcomb.net
393692,xiaomilidoc.com
393858,xxgameos.com
394178,xlcatlin.se
394181,x-arxx.com
394350,xyit.ru
394425,xnostars.com
394609,xpgameplus.com
394629,xn--80adegqbk0a5adl.xn--p1ai
394671,xpornium.net
394682,x-trail-club.ru
394801,xpra.org
394965,xencentrichosting.uk
395156,xangle.io
395157,xaivip.com
395378,xor-group.ru
395506,xmaibu.com
395531,xmi-service.de
395812,x17online.com
395862,xcxco.com
395995,xeneris.com
396096,xinyun-ic.com
396139,xxb457.com
396472,xnxxview.com
396630,xoilaczppz.tv
396970,x10groupserver.top
397008,xn--80aeahahio3cya.xn--p1ai
397033,xixik.com
397097,xnxx.club
397113,xiaodingdong.store
397183,xeno.onl
397241,xxxcamnude.com
397267,xatakafoto.com
397382,xida-electronics.com
397455,xazjhgyl.com
397456,xytv.live
397457,xxxasianpussy.online
397531,xneelo.co.za
397532,xello.world
397605,xuefa.com
397649,xidax.com
397687,xsncp.com
397752,xariseto.gr
397889,xianhualc.com
398148,xlnation.city
398181,xingtu.cn
398208,xxtccj.com
398983,xmoney.com
399096,xsvr.net.au
399182,xn----dtbfdbwspgnceulm.xn--p1ai
399203,xronos.gr
399245,xpresso.ai
399407,xnxxsexclips.com
399613,xzjjgs.com
399674,xxxtube-key.com
399681,xsd20vip.com
399735,x3s.space
400205,xinda-group.com
400292,xvideosx.one
400335,x360ce.com
400425,xfb315.com
400427,xn--diewaffenbrder-qsb.de
400516,xhonline.click
400674,xdot.de
400764,xmages.net
400803,xdgame.com
400963,xfinitymfa.com
401071,xnet-x.net
401248,xguru.info
401293,xsj18.com
401307,xerius.be
401494,xxxvides.com
402129,xendroweb.com
402456,xvgblockexplorer.com
402488,xxz.gov.cn
402590,xprintertech.com
402617,xxnet02.com
402701,xtratime.org
402993,xn--j1at1a.xn--p1ai
403060,xnxxx.work
403069,xxnshx.com
403111,xictron.com
403140,xtium.com
403142,xfly01.com
403234,xn----7sbkofbbj4akz.xn--90ae
403237,xgrannytube.com
403251,xdada.com
403283,xxx-vids.pro
403329,xn----7sbnackuskv0m.xn--p1ai
403727,xxppw.com
403841,xjrkj.com
403860,xunleimi.org
403978,x-cam2.com
404025,xn--ob0br6vu8jdlj.com
404070,xff.cz
404287,xinjiaxiao.com
404400,xirsys.net
404595,xvkeys.net
404673,xpg.jp
404934,xunlei.life
405033,xxjbgirls.com
405060,xtrons.com
405091,xiaojiadianmovie.be
405465,xxxlivenude.com
405768,xnxx-zoo.com
405852,xn--kcksk7a2bl5le7b6doc1h3f.com
405908,xn--100-gl4bpc8b3oocv753by8dr6skr7a.com
405948,xhbranch5.com
406099,xxbrits.to
406213,xstarshub.com
406286,xn--80aaeb3ec1f.xn--p1ai
406292,xgsdk.com
406358,xsdlf.com
406467,xbiqugu.la
406560,xiang-sheng.com
406578,x777x.online
406716,xipcam.com
406847,xxghh.biz
406872,xaviro.art
407094,xboxplay.games
407151,xsww.cc
407340,xn----pmcnc1cq0jcocfk73o.com
407453,xenet.de
407524,xsuit.com
407630,xoog.cloud
407793,xxxtube-hit.com
407993,x-za.co
408187,xwukm6fly.live
408275,xfast.online
408282,xdo.vn
408520,xiaomitime.com
408530,xn--wiki-4i9hs14f.com
408609,xtg-cs-gaming.de
408864,xmbs.jp
408868,xxxsex-japanese.com
409044,xoilaccg.tv
409058,xib.com.cn
409074,x4b.net
409172,x2nqw7ra.com
409220,xoi.io
409234,xsede.org
409294,xmyunshanggame.com
409392,xdg.com
409402,xmtv.cn
409403,xyleminc.com
409454,xxxvideoserver.com
409564,xxbxwx.net
409680,x9y.club
409947,x-plose.be
410005,xlminus.ru
410064,xpate.com
410095,xhosteddns.net
410261,xn--2s2b270b.com
410294,xinno.nl
410337,xnxxhamster.net
410361,xnes.co.il
410362,xraytune.ru
410538,xmagnetic.org
410590,xtradernet.co.uk
410668,xn----9sbbbpi8a9bt6f.xn--p1ai
410740,xz0350.cn
410823,xn--o39akk533b75wnga.kr
410969,xn--24-3qi4duc3a1a7o.net
411018,xjrb.com
411076,xenox.nl
411219,xmwcjd.com
411256,xn--80aeam7bte.com
411402,xzmotao.com
411602,xxxpornotuber.com
411802,xxxvideohd.net
412169,xfoneusa.net
412305,xbox-arkservers.com
412506,xiaoquba.com
412525,xxxbest.fans
412551,xmpp.net
412811,xuezaideguo.com
412819,xc40forums.co.uk
412832,xhguoduzcy.net
412945,xcvtc.edu.cn
412999,xhunter.com.au
413104,xsite.com.cn
413189,xsimulator.net
413238,xn----7sbdqbfldlsq5dd8p.xn--p1ai
413295,xmlstock.com
413579,xpjbbs.com
413605,xiaomawenku.com
413684,xfce-look.org
413739,xjksi129dw.com
413775,x2o.nl
413796,xubio.com
413868,xs4free.net
414228,xp1.tv
414248,xn--b1acdcqi5ci.xn--p1ai
414583,xiiiro.ru
414689,x-host.net.ua
415032,xytv.cn
415108,x4gncto.com
415351,xcom.ru
415373,xieleiwz.com
415436,xparts.in
415730,xgame-online.com
415894,xlmoto.eu
415916,xleb.ru
416099,xiaowei.run
416389,xtake.space
416492,xn--61-6kc4bi9i.xn--p1ai
416572,xoilacvi.co
416977,xtreamboss.com
416999,xn--2-pyfole4d.com
417284,xlm.sh
417325,x6d.com
417574,xn--80aegj1b5e.xn--p1ai
417665,xiexiebang.com
417677,xnxxarabs.com
417861,xapi.edu.cn
417904,xyba.dev
418042,x-chaturbate.ru
418829,xn--h1adou.xn--p1ai
418871,xszww.com
419100,xiag.ch
419157,xn--365-1kl1e3c8a5a9q.live
419255,xvbc1u.ru
420038,xvatit.com
420313,xxxzootube.com
420640,xiaoyida.com
420682,xelha.com
421069,xlteach.com
421255,xappex.com
421345,xb.uz
421436,xzx.mobi
421521,xueguanjia365.com
421618,xlmoto.es
421630,xslutx.pro
421654,xn--d1achhdph1a.net
421656,xpyxznb.com
421663,xoilackj.tv
422388,xn--80akodoacehigf0l.xn--p1ai
422432,xlvmmy.lol
422442,xmaxtelecom.com.br
422479,xxx-porn-fuck.com
422490,xt-commerce.com
423028,xxw.casino
423192,xiaohope.com
423272,xziptv.com
423375,xhkj9.com
423546,xn--4-wxfs4ab4gvepc.com
423583,xopify.com
423689,xcitc.edu.cn
423893,xxxtubeai.com
424046,xunidu.com
424359,xbs54as9c6.ru
424430,xn--80aalcbc2bocdadlpp9nfk.xn--d1acj3b
424612,xyzmo.com
424614,xkzz.com
424625,xfuntaxy.com
424914,xn----8sbfgfbbs0a7cei2k.xn--p1ai
425018,xiamenair.com.cn
425048,xcine.ru
425112,xxxhdtube.cc
425162,xint.io
425643,xpressify.com
425724,xceptional.co
425776,xiaomi360.ir
425881,xcelebs.ru
425905,xiahepublishing.com
425991,xfjrkj.com
426030,xcdtelecom.com
426092,xvdeos1.com
426193,xinliangxny.com
426522,xuanhuanwx.com
426619,xxxquim.com
426681,xinxinysju.cc
426991,xn--sns-h84mk60k.com
427027,xmersin327.xyz
427156,xiaflex.com
427202,xrun.fi
427349,xianpinle.com
427351,xoso.mobi
427562,xv01-app.com
427588,xcloudiq.com
427837,xn--joc6a9di0b9hmd.xn--fpcrj9c3d
428275,xtremeinternetservices.com
428521,xfdrivers.cn
428534,xn--72c9aa5escud2b.com
428766,xn--80aaasbafk1acftx0c6n.xn--p1ai
429081,xxxhdsex.cc
429268,x7m2k9a.com
429285,xmoan.com
429597,xprthost.com
430026,xuezhezhai.com
430236,xxmovz.com
430481,x3casino.online
430570,xn--5-wxf7akh2i2cvc.com
430715,xjbikes.com
430772,xecreators.com
430817,xn--90aabgeg4den5ab6esa.xn--p1ai
430861,x666.me
430862,xnxxmovs.com
430981,xoilacyyf.cc
430998,xn--hu1b43d9l72a44a66pca542avufjx8asjn.xn--mk1bu44c
431423,xon.bet
431444,xgamefan.com
431461,xwemo.com
431481,x1casino.online
431568,xincdn888999.com
431636,x4c9q.com
431658,xwinpay.vip
431673,xn--989a00af8jnslv3dba.com
431872,xantiaclub.cz
431877,xn----dtbeec7ak4ay9j.xn--p1ai
431888,xmu.edu.my
432196,xingpingcn.top
432257,xdineapp.com
432265,xsion-service.com
432293,xcdsjx.com
432528,xaipe.edu.cn
432549,xm4.online
432663,xmchuangbo.com
432699,xingkuajing.com
432961,xmarsbahis.com
433165,xyretail.com
433169,xxxjaps.com
433178,xxxanalcasero.com
433335,xf5.casino
433873,xypt.top
433977,xiaohuanxiong.com
434066,xd11.online
434147,xxpornxx.net
434244,x-cdn-x.com
434259,x855.my
434326,xvipxs.net
434357,xcandid.vip
434634,xxxmoviesfiery.com
434792,xn--90abhd2amfbbjkx2jf6f.xn--p1ai
435052,xcine.click
435180,x6casino.online
435205,xloves.com
435378,x6av.com
435633,xiaoshuo5.com
435684,xn--80aaatae3ajcn9agah9l.xn--p1ai
435763,xskyx.net
435764,xjnoco.com
435941,xd6.online
436011,xvideos47.com
436441,xeneris.net
436529,xinyuanzyhs.com
436596,xjapan.org
436614,xc8866.cc
436640,xploudshop.com
436846,x1zq0eg3fhina6lngyotbml2.net
436883,xanalx.pro
437115,xturbo.net.br
437277,xxxbokepindo.icu
437367,xjp.co.jp
437496,xn--o80b910a26eepc81il5g.online
437606,xyz.ru
437626,xwinpay.com
437771,xiaoso.net
437835,xnameserver.us
437910,x-formation.com
437976,xiaomi-profi-fix.ru
438069,xtalks.com
438303,xxx-sexjapan.com
438380,xnameserver.eu
438381,xn--fjqx24etiu2dn.com
438444,xfel.eu
438486,xxxvidoesindian.com
438579,xn--80adgen2b3a2b.net
438847,xhejq.com
439102,xdizayn.net
439200,xhprograms.site
439535,xxxmilf-porn.pro
439615,xnxx.forex
439663,xns2wd73.com
439729,xow.me
439795,xobdo.org
440359,xservu.com
440795,xpenology.com
440872,xcc.com
440877,xovt.net
440996,xingang-wood.com
441016,xbl3o1.com
441082,xen.hk
441089,xsuite.com
441167,xnet.co.il
441199,x24video.pics
441202,xtremway.com
441346,xxx-red-tube.online
441408,x855.us
441789,x-design.com
441817,xenonview.com
442175,xn--c1aem.porn
442303,xanhbattan.com
442328,xwbo.com
442480,xydzgf.com
442581,xuewengu.com
442667,xn--b1aachba0csne6n.xn--p1ai
442720,xxxhentaipics.pro
442763,xl-bygg.no
443093,xn--80aqc2a.xn--p1ai
443329,ximgs.net
443753,xseiou.cn
443839,xgalx.com
443853,xxxxlulu.com
443871,xhentai.one
443877,xxxmoviescover.com
444008,xiniuyun.com
444258,xfreehub.com
444548,x2-host.de
444696,xybtubtr.cc
444893,xxxcdn.net
444931,xmscrm.com
444992,xtadmins.com
445144,xflowpay.com
445148,xsurge.pro
445480,xowivitay.com
445561,xshell.com
445578,xxxsex-ok.com
445584,xcolectivo.com.ar
445626,xakerplus.com
445648,xining.gov.cn
445672,xpedition.be
445737,xuanxiao.org
445840,xnxxvideohot.com
445871,xxxpublic.com
445907,xn--lnforum-exa.se
446107,xfiregame.com
446123,xora.site
446230,xiangkannews.cn
446263,xgogi.com
446523,xnxxvpngroup.top
446543,xuezhegu.com
446911,xn--80aefqhcbdcbwkes3aoc8g3ck2d.xn--p1ai
447030,xiyuanzixun.com
447227,xn--80akodjgacfhqe1l.xn--p1ai
447560,xystatic.com
447647,xlhost.com.ua
447700,xn--223-1dd8d.xn--p1ai
447806,xvod-pbx.com
448240,xdd-w-00tj3nsj.com
448593,xn--12c2bydvb.com
448632,xiaohgjmy.com
448829,xperiencify.io
448847,xvideos74.com
449068,xiaokeud.com
449097,xdi.com
449104,xn--80aai5d.xn--p1ai
449235,xtsbzfybyl.net
449250,xoriental.com
449281,xemika.com
449363,xn--80ajaiu1agiebh8hf.xn--p1ai
449621,xn--80aagvgd7a1ae.xn--p1acf
449875,xnxxxxx.pro
450056,xxx-combo.com
450134,xupes.com
450165,xo11.com
450179,xerox.co.uk
450184,xiaowazi.com
450307,xn--80aabd5ahbordgv4l.xn--p1ai
450413,xinpujing9956888.com
450519,xionnetworks.com
450669,x-diag.info
450774,xaropinto.com
451066,x3msoft.com
451414,xxxmovies-love.com
452006,xxxvec.com
452070,x-reload.com
452162,xalqqazeti.az
452240,xlrdr.com
452509,xepher.net
452562,xtr.gr
452743,xumap.com
453002,xxxcollections.net
453090,xxx-yyy-zzz.com
453233,xnxxarabporn.com
453295,xbbew.com
453325,xxxvideoscompletos.com
453337,xappie.com
453434,xn--80apydf.xn--p1ai
453489,xinshipu.com
453502,x3tunnel.com
453591,xairo.com
453690,xometry.net
453809,xingsi.org
454024,xmxxtube.com
454163,xbhlwld.xyz
454356,xnhau.xxx
454391,xtratyme.com
454456,xeroshoes.eu
454555,xxxbox.me
454691,xgames.to
454695,xoilacxtm.tv
454996,xiyuenet.com
455012,xenacia.com
455192,xxx24tube.cc
455321,xratedtv.com
455471,xvideos.help
455675,xin17173.com
455939,xaxhxds.com
456053,xplorcs.com
456295,xcom.com
456453,xxx-videos.xyz
456543,xn--xhq326aj6yqpw.com
457091,xmyh.com.cn
457268,xn--n1abdr5c.xn--p1ai
458118,xdatacenter.net
458132,xn----utbcjbgv0e.com.ua
458137,xotth.com
458332,xerve.in
458370,xiaoyaoyou.com
458413,xiacom.ru
458419,xbets.ro
458553,xroxy.com
459100,xuefo.net
459275,xxxxcum.com
459307,xfiber.com
459330,xxxahlam.com
459383,xxxerome.com
459712,xindaguozijun.com
459835,xxlhoreca.com
460289,xtwrgpueo.com
460425,xvideosway.com
460837,xxxn.rocks
461079,xxxvideosvista.com
461100,xiaopi.com
461116,xmos.com
461139,xrl.us
461244,xlwlip.cn
461522,xwjzz.cn
461747,xmpie.com
462145,xys.org
462155,xjbilcg.com
462378,xm.cz
462434,xxzypx.com
462509,xmtrading-cdn.com
462712,xbigduck.com
462885,xn--80aeec0cfsgl1g.xn--p1ai
462927,xwin.game
463043,x2n.com.br
463320,xboom.in
463367,xn--9w3bntr48b.com
463375,x186.casino
463460,xbananas.com
463518,xxsypro.com
463803,xn--9oa.com
464016,xatakaciencia.com
464052,xmbaye.com
464145,xenamc.com
464280,xwz.casino
464439,xylsc.cn
465119,xxxvideo.name
465143,xn--p1ai.com
465534,xposed.info
465578,xsexcomics.com
465760,xtreemmusic.com
465800,xc00.cc
465853,xyzstreams.st
465982,xxxsex.bid
466133,xscdn789.top
466284,xnxx.pet
466415,xt.ht
466592,xap.com
466721,xd5d.com
466779,xn----8sbdqwjbq1a0j.xn--p1ai
466962,xtoolglobal.com
467077,xltube.nl
467237,xn--rengringsbutikken-30b.dk
467320,xn----7sbcacvtbeqee7ah8ati1o.xn--p1ai
467399,xcile.de
467539,xxxvideohd.info
467884,xero-test.com
467964,xsask.com
468064,xmqzjx.com
468100,xn--2-6xfr1c5be.net
468101,xupertves.net
468114,xfynance.com
468198,x-red.com
468257,xstxt.cc
468328,xn--d1aqfbaa1ao.xn--p1ai
468395,xdx.gg
468493,xlamerica.org
468528,xenox-it.at
468607,xertog.com
468736,xxxshemaleporn.com
468794,xintelweb.com
468820,xxxmomsonline.com
468821,xzwo.shop
469329,xcvi.com
469361,xiaobaoyy.com
469406,xnxx-only.rest
469437,xn--80aacfjhatoe8dg6b.xn--p1ai
469605,xfab.com
469639,xnxxxa.org
469730,xxxtubecast.com
469782,xurplin.baby
469882,xn--80aadc0a4bdmen.xn--p1ai
469943,xiangrikui.com
470065,xiorstudenthousing.eu
470264,xxdsyy.com
470379,xtratelecom.es
470458,xart.cz
470629,xmzzy.net
470774,xnxxvn.co
471140,xbqg9.net
471222,x33my.org
471359,xivanalysis.com
471401,xhhouse.life
471485,xexi.xyz
472321,xxxsex-blowjob.com
472372,x-cloud.io
472567,xdpascal.com
472608,xbxx.mobi
472688,xscored.com
472693,xmlhosting.nl
472708,xcavy.com
472922,xfinitymobilearena.com
473085,xn----7sbbqfziadxwi.xn--p1ai
473143,xmarabia.net
473725,xhing.xyz
473765,xgame9.com
473821,x-cam4.com
473883,xibuao.com
474166,xvand.com
474238,xvideos-cams.com
474336,xxnl.com
474338,xn--2-zwf0gfy7a.com
474421,xxxfilm.pro
474462,xaau.edu.cn
474532,xarxanet.org
475192,xydcname.net
475471,xingnvquan.com
475482,xxldirect.nl
475583,xn--mto-bmab.fr
475661,xvideoz.pro
475725,xipikp.cc
475742,xet.tech
475813,xxx8.me
475882,xxvidsx.com
476009,xadultflix.com
476065,x90.im
476145,xiaomirom.com
476305,xn--c1adbsduahhccnae5n.xn--p1ai
476536,xvideosbuceta.blog
476664,xoilaclive-worldcup2026a.tv
476697,xm11.mobi
476940,xn--vg1b14l6tk.xn--3e0b707e
477134,xizi.com
477180,xn--e1afprfv2b.com
477221,xxxmovies.su
477325,xnxxvideos.rest
477400,xfoss.com
477721,xolution.nu
477820,xxxcrazywomenxxx.com
477937,xetid.cu
477988,xnxxxvids.com
477993,xbunker.cc
478008,xiaoliwangpan.com
478034,xn--80apgfh0ct5a.xn--p1ai
478103,xx88j.com
478107,xiutaku.com
478146,x2download.app
478288,xbrfilmestorrent.net
478289,xn--mgba3ae1g0a.xyz
478290,xxxmms5.watch
478291,xxxmms6.watch
478361,xxi-banorte.com
478372,xnxx-tits.rest
478402,xemphimvl.com
478474,xpmarket.com
478623,xunpanpianist.com
478684,xerox.net
478814,xiot.pro
478854,xn--d1aiaa2aleeao4h.xn--p1ai
479185,xiweb.de
479192,x-power.gr
479339,xigenhosting.co.uk
479511,xxxvideotv.net
479589,x9j8b3u.com
479663,xhzapp.com
479750,xn--vadrdenvrd-s5af.se
479909,xxxlesnina.si
479926,xiuxiushipin.cc
480255,xvest-ress1.ru
480347,xebo.ai
480371,xnxx104.com
480458,x9q.pw
480547,x-plane.to
480709,xpager.ru
480724,x-55.ru
480901,xoilacxtd.tv
481366,xiaoshuo.com.tw
481495,xxxwebdlxxx.top
481538,xiong-cloudflare.shop
481845,xiaomistore.com.ar
482079,xiangpi.com
482122,xivapi.com
482176,xfztgxt.com
482233,xkxwldvpz.cc
483857,x-car.com.au
483858,xap.rocks
483859,xbookcn.org
483860,xcloudphone.com
483861,xdevteam.com
483862,xdigr.cz
483863,xdown.app
483864,xds.co.za
483865,xen.to
483866,xiaoheimi.cc
483867,xiaohuangniao.me
483868,xiguashuwu.com
483869,xilnex.com
483870,xiongmaogb.top
483871,xlmoto.no
483872,xn--baonysanchez-bhb.com
483873,xn--fleur-fsa.com
483874,xooloo-messenger.com
483875,xqwlxigoec.net
483876,xrxpsc.com
483877,xtreme.pt
483878,xurl302.top
483879,xxxlutz.ro
484143,xd-deals.co.uk
484302,xn--horsensrengring-gub.dk
484453,xn--fmrp88cgha5o061o.com
484707,xxxsex66.com
484732,xn--80aaggvgieoeoa2bo7l.xn--p1ai
484921,xoox.co.il
485108,xmsensor.com
485146,xoilacxyi.tv
485199,xvps.jp
485306,xemsex247.net
485404,xda98.com
485656,xx365x.pro
485659,xhjdgs.com
485689,x7aee378xb.cfd
486139,xunkid.com
486697,xn--80abfedtavrkbe1aq0c.xn--p1ai
486699,xue51.com
486801,xanhadeattaniceeatgapfog.com
486862,xhamster.xxx
486892,x99av.com
486978,x1111.casino
487110,xorit.ru
487264,xindi.ro
487287,xlesbianporn.com
487486,x8fykgqn6m.cfd
487542,xonline.net
489119,x-xigimiic.com
489120,x-xigimiio.com
489121,x-xigimisx.com
489122,x6p5v9k.com
489123,x7t2q4p.com
489124,xhprn.skin
489125,xn--789-1klo4gb1npc7f4d.net
489126,xn--c3c0c1aaai2dbb.com
489127,xn--casa-lupita-artesanas-c8b.com
489128,xn--m3cyd8al1a2q.com
489129,xn--o39an5bf2p1yd8xin3lwzk.com
489130,xnxxcx.org
489131,xnxxxvideos.info
489132,xoilachd-worldcup2026.tv
489133,xoilaclive-wc2026.tv
489134,xoilactvlinkei.com
489135,xprime4u.digital
489136,xsunlight.com
489137,xv5it89k.com
489138,xxmon24.top
489139,xxmon25.top
489140,xxsub.pw
489141,xxxmms3.watch
489142,xxxmms4.watch
489143,xxxtrungquoc.info
489144,xxxzootube.ru
489286,xingchi.pro
489297,xn--c1aecjmobcb4a5g.xn--p1ai
489365,xjppcf.vip
489414,xapkrbiqi8.cfd
489502,xn--e1abcgakjmf3afc5c8g.xn--p1ai
489786,xtv.lv
489929,xm.com.co
490204,xdefi.services
490241,xplane.com
490893,xahu.edu.cn
491044,xpass.jp
491290,xyeta.store
491312,xydc.com
491320,xiaozhiwenda.com
491484,xteens.cc
491550,xn--cfdt-retraits-mhb.fr
491552,xpaoshuba.com
491627,xn--e1ainhgax.xn--p1ai
491893,xn--c1aoidec0a.xn--p1ai
491923,xks.top
492061,xiaoshouyi.com
492097,xn--7ks582aeqw.com
492243,xn--80ajjine0d.xn--p1ai
492475,xxxfunction.com
492633,xiligolf.com
492694,x6jecudd.com
492798,x-muse.net
493171,xxxmorritas.com
493276,xpakistaniporn.com
493355,xleet.al
493368,xlri.ac.in
493391,xlys02.com
493841,xshuquge.net
493927,xuxni.link
493995,x5x.casino
494061,xchemi.com
494182,xrsbz.cn
494183,x4betaustralia.com
494266,xxnxx-tube.com
494437,xetaihanoi.edu.vn
494666,xijia.jp
494799,xoomenergy.com
495006,xmbestview.cn
495078,xchuxing.com
495135,xpdf.cn
495249,xxkhrh.link
495594,xfm.co.uk
495616,xgent.com
495795,xn--xyw40g125a.net
495897,xuefo.tw
495953,xmoxvarlq.cc
496057,xtohk3mbdb.cfd
496095,xujiezaixian.com
496236,xgwindows.com
496237,xinsight.com
496238,xnxxapp03.com
496239,xzyzdkqyy.cn
496365,xiaohongshu.cc
496412,xxxhd.tube
496642,xuancheng.org
496706,xxxpornhd.pro
496901,xianniu.com
496966,xxxzooporn.autos
497066,xxxdd.net
497122,xn--o39a94xpod93d83leibi80b.com
497476,xvido.pro
497478,xljsci.com
497594,xxxdeed.com
497626,xn--80ady2a0c.xn--p1ai
497684,xbet7.online
497737,x-entertainment.com
497775,xprousa.com
497799,xrtlvis.com
497902,xparts.net
498022,xxxneverseen.com
498194,xn--2-9sb0d.xn--p1ai
498217,xxteenx.pro
498301,xoyit.com
498533,xn--5us439fz6j.com
498606,xoho-ked.site
498613,xn--27-dlcifaes8bga9a4c.xn--p1ai
498763,xfusion.com
498772,xroton.xyz
498788,xqueue.com
499173,xn--80aefbvrodbz.xn--p1ai
499324,xslca.cc
499575,xpatloop.com
499611,xxxres.com
499682,xnxxx.rocks
500080,xnxxdev.dev
500203,xxhdx.pro
500398,xandr.io
500421,xyzc.cn
500658,xn----8sbec1b1ad1ae2f.xn--90ais
500786,xxxtubeedge.com
500862,xwdn9hnc5k.cfd
501013,xs85.com
501258,xltm.de
501483,xzqh.info
501508,xxxperevod.icu
501604,xgolf.com
501608,xcellerate.nl
501666,xorbit.space
501789,xpertdns.com
501876,xds.co
501919,xorder.com
501995,xvideos.co
502185,xxxvid.xyz
502213,xhume.com
502216,xacobeo.es
502272,xh231r7504.cfd
502428,xplorer.rugby
502474,xuan.com.my
502475,x10.network
502528,xtremepolishingsystems.com
502738,xl-internetservices.com
502773,xenia.jp
502828,xnxx2022.cc
502937,x-markets.it
503063,xiaoyoureliao.cn
503118,xpair.com
503194,xn--b1ae4ad.xn--p1ai
503221,xekino.com
503441,xtrf.eu
503492,xvideosporno.me
503524,xjjdma.com
503551,xr15bq87re.cfd
503566,xn--80adagbeabgzwcmyebg9apj4t.xn--p1ai
503593,xn--e1ajbcdqnp9g.xn--p1ai
503608,xune38lmnf.cfd
503615,xintangtc.com
503621,xczzedu.com
503775,x-film.top
504141,x2vol.com
504142,xemaynamtien.net
504143,xl720.com
504484,xenvn.com
504501,xfxefw85.cc
504852,xterium.com
505013,xnxx-sk.com
505219,xbqg99.net
505538,xnxx-nude.rest
505717,xxxshow.life
505925,x2pos.com
506050,xella.com
506085,xqszzp.com
506106,xiao-restaurant.de
506486,xnxx-model.rest
506539,xiaoniu8.com
506546,xxxtube2022.com
506648,xpert.lol
506812,xygwp.com
506981,xn--57q23bieq57h.com
507118,xhanger.co
507343,xifanacg.com
507526,xpicvid.org
507782,xon.pl
507914,xyqodzid.com
507987,xyqpvip.com
508131,xnutrition.ro
508232,xn--80apneeq.xn--p1ai
508304,xescorthub.com
508338,xomikovoupastelkou.cz
508394,xs321.net
508476,xvoucher.com
508489,xyzfashionstore.com
508493,xxxshaft.com
508496,xaydungso.vn
508654,xxx-sharing.net
508656,xmonad.org
508688,xvideos.de
508691,xpocalypse.org
508709,xnsopiwzf.cc
509078,xtendad.com
509237,xolution.uk
509334,xn-----6kcac2agfkdheddf9aggft8bghiz8u2a.xn--p1ai
509508,xmlahost.com
509533,xn--80aecbyafnmegcfbdc8a8a7m.xn--p1ai
509772,xaejynr4rw.cfd
509795,xhamster.help
509940,xtrahost.ir
509965,xvideos-xxx.com
510023,xnxx.lgbt
510553,xpress.jobs
510567,xhsim.ai
510649,xzmfw.com
510765,x6d1c.com
510818,xn-----7kcbab1abvc5agjt7t.xn--80adxhks
510884,xnxx-films.rest
511069,x4w.net
511109,xpartner.com
511121,xwxse.com
511145,xuss.us
511178,xn--80aabraa2blkdnn4h9b6b.xn--80asehdb
511372,xibujuece.com
511377,xgifki.vip
511401,xlfn.live
511595,xxxflap.com
511596,xn--yubp-gpa8396b.vn
511630,xinyushuwu2.org
511632,xoilackl.tv
511767,xperience-cloud.com
511822,xcts.ru
512043,xazna.uz
512101,xvanta.online
512205,xfzcyxh.com
512360,xorb.net
512407,xguyx.pro
512426,x1080hd.com
512593,xgksskvkrcd.com
512604,xsg.ge
512864,xasf.net
512909,xn--9y2bnk494a9pa305a.com
512927,xxxzoo.red
513307,xlhom4.com
513400,xmonsta.com
513714,xbox-hq.com
513722,xmri.network
513761,xsozmi.art
513782,xlixjj.onl
514125,x-captcha-cis.com
514140,xeric.com
514248,xlm.ru
514272,x8s9.casino
514640,x-girl.jp
514658,xhdns.com
514663,xn--b1aecnthebc1acj.xn--p1ai
514878,xincheng213618.cn
514903,xxxtentacionofficial.com
514919,xxx69tube.com
515154,xpeducacao.com.br
515263,xn--v3cgbfrxs7t.net
515449,xelix.com
515545,xiaozhu2.com
515569,xwwzsj.com
515653,xiaomitoday.com
515679,xrayparts.it
515946,xn----7sbabxkdsesibdikssix.xn--p1ai
516004,xxxxtubes.com
516024,x2z2.com
516240,xiw.io
516271,x81niayvk.xyz
516393,xn----8sbfgf1bdjhf5a1j.xn--p1ai
516525,xpomelo.com
516581,xydcname.com
516587,x7cc.com
516645,xbdgame.com
516779,xyproblem.info
516876,xn--b1aedqiqb.xn--p1ai
516900,xu1l62ahul.cfd
517364,xktube.com
517424,xgzbwdj.com
517719,xshdcxt.cn
517780,xetra.com
517981,xsnoize.com
518065,xn--h1aax.xn--p1ai
518105,xiaolou8.com
518389,xxxxxx.com
518414,xn--80aaghceiwdfg1beikudu.xn--p1ai
518538,xnxx-videos.xyz
518621,xyg688.com
518654,xiwuche.org
518671,xs210.com
518692,xibaom8.top
518735,xn--80aubmleh.xn--p1ai
518770,xn--80actcpdfk0f.xn--p1ai
518784,xkeyair.com
518929,xn--gckvb8fzb.com
519024,xjnzy.edu.cn
519192,xlpharmacy2.com
519193,x-all.com
519334,xiaohesoft.com
519352,xyzwx.com
519398,xxxvideosmix.com
519400,xdplus.cn
519483,xxxtube-win.com
519492,xuzhouzhenggu.com
519526,xn--gewrzkontor-vhb.de
519597,x-kom.de
520041,xinergix.com
520129,xmarket.lv
520258,xsemok.com
520430,xcmgglobal.com
520483,xc2ytixj1u.cfd
520533,xjs7zu.com
520585,xyzdns.net
520769,xhxx.fans
520773,xianning.gov.cn
520929,xenolith.ru
521489,x8gp2ib9kb.cfd
521623,xgore.net
521682,xn--52-6kcanlw5ddbimco.xn--p1ai
521851,xzzu.com
521886,xinzhiwang.com
521897,xooit.be
521971,xc114hy.com
522131,xemu.app
522183,xiongan.gov.cn
522186,xn--solitr-kostenlos-spielen-ubc.de
522231,xr36rx.com
522363,xiyanmall.com
522421,xpandsoftware.com
522472,xlgroup.com
522641,xathjx.com
522877,xnxxporntube.video
522938,xxxartporn.pro
522965,xxx-tube-movie.com
523013,xnxxx.makeup
523032,xagxsc.com
523176,xuexizidian.com
523408,xuanzeshao.com
523420,xn--80ahmfifks.xn--p1ai
523541,xinhanyu.com
523542,xn----7sbabhcekjz6cr0arjfb0n.xn--p1ai
523643,xiqia-food.com
523807,xprogramming.com
523837,xhprodef.co.in
523936,xlivebet.com
524247,x500.casino
524765,xmfirmwareupdater.com
525252,xxdbxx.com
525281,xboxland.net
525337,xlim.fr
525486,xnand.xyz
526085,xporn.rip
526351,xdcapps.com
526637,xllmcms.com
526731,xnxx-dick.rest
526788,xiqit.de
526998,xxxpussy.net
527025,xkdb.net
527341,xpertsuite.nl
527389,xn--jduz70i73d.com
527459,xn--c1adbibb0aykc7n.xn--p1ai
527576,xbit.com
528106,xn--e1alid.xn--p1ai
528109,xtoys.app
528112,xxxroll.com
528233,xnynews.com
528259,xdx.ru
528342,xoso.me
528351,xpress.es
528623,xvideosbay.com
528702,xvideo.com
528714,xiniusports.com
528844,xnxx.co
528907,xdpstorage.com
528933,xpressbuddy.com
529039,xaweho-host.de
529273,xxxfatporn.pro
529493,xunfeixxj.com
529510,xgemoy.com
529754,xn----btbjnc1bpdod5c.xn--p1ai
529762,xkzbw.com
529775,xamax.co.uk
530066,xlxx.pro
530079,xyzq.com.cn
530158,xoilacke.tv
530218,xbook.ru
530290,xxxporn-blowjob.com
530396,xjlaser.com
530831,xoilaczssz.tv
530858,xxxvideos247.com
530886,xnxxtamil.rodeo
531201,xiannanmo.cn
531368,xnxxx.su
531382,xinlongim.top
531507,xn--80aaalhzvfe9b4a.xn--80asehdb
531610,xuangubao.com.cn
531642,xfiber.net
531653,xn--oabike-wwa.com
531667,xn----8hcborozt8bdd.xn--9dbq2a
531706,xz777.games
531708,xhdporno.one
531713,xilam.com
531725,xueyinonline.com
531884,xs.cn
531938,xqamoytge.com
532209,xpressdeposit.com
532253,xmlonline.ru
532823,xx007.com
532836,xmlriver.com
533062,xn--12--5cd3ceac0a0alw0d.xn--p1ai
533251,xarthunter.com
533338,xn--b1afankxqj2c.xn--p1ai
533516,xcelx.net
533789,xrpl.ws
533795,xiber.net
533985,xcodefix.in
534539,xn--vhqr42drhf5k7b.com
534672,x-wingsudoku.com
535426,xenon.bot
535509,xn--strungsauskunft-9sb.de
536205,xinjiangnet.com.cn
536383,xl-balloner.dk
536508,xart.one
536529,x2me.com
536613,xtorm.eu
536798,xmanhua.net
536857,xcelerategyms.com
536872,xuewenda.com
537180,xocat.com
537294,xfast.pro
537301,xinkenwl.com
537679,xuetao365.com
537698,xoxo.zone
537772,xinzhaoda.com
537866,xepelin.com
537895,xutrdzu.com
538200,xprocureonline.com
538332,xs0.ru
538370,xxxblog.jp
538584,xinwen.cn
538710,xn--kostme-6ya.com
538791,xmasmagazine.com
538797,x3.hu
538799,xianhuayuan.com
538986,xiaoduwenda.com
539035,xn--80a1afkx7a.com
539132,xxxlutz.se
539161,xyzservers.com
539456,xvideo-hd.com
539996,xomio.com
540087,xiongmaoboshi.com
540323,xxxdeutsch.com
540366,xxpornx.pro
540441,xahlee.org
542915,x-anime.cc
542916,x49fr1zg.com
542917,xanderoa.com
542918,xbox.com.br
542919,xc1.app
542920,xcode.best
542921,xenoconnect.com
542922,xfcdd.com
542923,xfltd.xyz
542924,xfocus.today
542925,xfqjageop.com
542926,xhacgn.com
542927,xiangcao.ai
542928,xiaofeitian.top
542929,xiecdn.com
542930,xincai.com
542931,xinfanganjia.com
542932,xinggedafanzei.com
542933,xingyungept.org
542934,xinjingjg.com
542935,xiulawang.com
542936,xkts.de
542937,xlab.app
542938,xlnvpn.xyz
542939,xlogic.com.br
542940,xlxx.stream
542941,xmrth.one
542942,xn--123-x03fp95y.com
542943,xn--fiq7vs5ve3c2t1av0lei0e.com
542944,xn--gmqz83awjh.com
542945,xn--m7r52rosihxm.com
542946,xn--wcv59z.com
542947,xns.one
542948,xnxxapp04.com
542949,xo2gqfdbbo39.com
542950,xqdg6969.com
542951,xqedii.dev
542952,xray-s.net
542953,xs-us.net
542954,xshuai.com
542955,xtexchangeswap.com
542956,xuanlove.host
542957,xuanyuan.me
542958,xvh2rqqv.com
542959,xxfnode.com
542960,xxnode.cc
542961,xxttgg.com
542962,xygj.pro
542963,xyro.online
542964,xzys.fun
543048,xn----7sbbnetalqdpcdj9i.xn--p1ai
543191,xpress.ltd
543305,xzks.net
543497,xsportsbet.com
543508,xxxmangasex.com
543637,xovote.com
543652,xim.tv
543850,xiaoniangao.cn
544074,xnxx-wife.rest
544096,xc-elitesports.com
544101,xiaoge.net
544318,xjrsks.com.cn
544336,xzgrmysw.com
544339,xiumeipai.com
544401,x666.io
544527,xlmoto.it
544583,xits.com
544719,xiaoxitech.com
544740,xxxtube-run.com
544912,xj502tz.com
545019,xxxtubewiki.com
545755,xxldirect.de
545852,xdexx.com
546037,xn--j1ad4c.xn--p1ai
546247,xxxtube.directory
546283,xpadder.com
546347,xvideos61.com
546699,xm2.casino
546937,xhdot.life
547037,xwxz8-banzai.com
547059,xnxxpornoxxx.pro
547170,xxxwap.mobi
547489,xpnet.store
547825,xvideoss.website
547841,xxvnaigfd.cc
548032,xxx-video-hub.com
548111,xn--d1acpjx3f.xn--p1ai
548166,xlyelbir.com
548194,xianbao.net
548217,xz8.cc
548493,x3000.lv
548567,xxxxx.casino
548575,xadanhoa-hn.edu.vn
548852,xz885.com
548865,xminseo.com
549058,xxxpornude.pro
549298,xfeed247.live
549382,xiaotiancai.com
549391,xnxx-anal.rest
549456,xuewenzhai.com
549571,xboxkeys.com
549785,xwhiteness.top
549821,xxxzoosex.in
549879,xnxx-photo.rest
550197,xinyou777.com
550454,xagxzszw.com
550750,xnxxx.boats
550865,xafu.edu.cn
550880,xn--c1acbl2abdlkab1og.xn--p1ai
550933,xoilaczzzzc.tv
551134,xfgu.com
551248,xdesign.kr
551287,xoso888vn.me
551479,xonxgame.com
551519,xmodels-live.ch
551576,xrug.uk
551883,xn--910b65k35c6th81c6xf12b0ng64j.com
551960,xuezhiwo.com
552279,xxy.su
552283,xuanshiwu.com
552703,xh.sh.cn
552956,xinghaoya.net
553224,xx69x.pro
553414,xinji.org
553498,xinyunxuange.com
553513,xelon.ch
553551,xnxx123.net
553652,xsnvshen.co
553694,x9r5lrdkfjrp.quest
553805,xtenfer.com
553973,xray-mag.com
553976,xeams.com
554047,xertonline.com
554097,xxlgastro.pl
554136,xo.market
554150,xinxii.com
554155,x-shops.com
554209,xingguangks.com
554307,xujc.com
554327,xgsm.pl
554403,xnxx-com.shop
554469,xindadil.com
554514,xylink.com
554627,xxxxporns.pro
554630,xnxxlive.net
554778,xpdgremote.com
554779,xuansiwei.com
554785,xyg05.com
554800,xxxmovies-form.com
554925,xmserver.net
554937,xossip.pro
554997,xn--80ajiuqaln.xn--p1ai
555011,xn--3dsq7teoyo9d.com
555044,xnop.yt
555132,xx88s.com
555198,xxxporn-hub.pro
555378,xxxpornlab.pro
555843,xtapes.to
555860,xem8k5.top
555985,xcelenergy.net
556005,xtekdns.com
556091,xtiendo.com
556117,xn--svmmetider-1cb.dk
556134,xn---999-fc0qet4b1084a.com
556243,xxxxxx.homes
556378,xnxxx.today
556396,xx88.boston
556630,xiaoxiaohuajia.com
556643,xnxx-mobile.biz
556760,xbmiaomu.com
556768,xnxx-tube.rest
556827,xcape.ru
557012,xoo.it
557452,xindaobiotech.com
557504,xnxx-full.rest
557544,xahauexplorer.com
557604,xidibuy.com
557647,xlr8.com
558007,xajhuang.com
558116,xmondohair.com
558273,xsssdz.com
558287,xskill.com
558324,xqzjedu.com
558474,xxxsexmovies.fans
558556,x-ph.com
558790,xcelcloud9.com
558910,xnxx-me.rest
559058,xnx.com
559204,xxbestx.pro
559223,xfs.jp
559411,xl-narzedzia.pl
559423,xiaomiplanets.com
559629,xanadu.ai
559630,xerox.ru
559790,xlaxd.com
560090,xjzk.gov.cn
560294,xtjc.com
560407,x107.ru
560577,xnxx-animation.rest
560705,xoilaczttz.tv
561420,xmarkets.de
561711,xxxssk.com
561729,xeceuemf.cc
561745,xyzone111.top
561788,xfit.space
562021,xolution.nl
562113,xcsc.com
562158,xnet.cz
562271,xxxpornvideoclips.com
562438,xinrui05.top
562460,xiancai8.com
562550,xn--2030-43dmm7ajlhyqa8bq7n.xn--p1ai
562677,xks.cm
562926,xeno.app
563043,xcxgf.com
563076,xkdxin8t6t23c3pwoh.net
563081,x-bikers.com
563219,xin88.xin
563236,xlfeet.com
563513,xiutupi.com
563550,xinb2b.cn
563778,xdyanbao.com
563861,xn--90agr.xn--p1ai
563920,xxrb.com.cn
563947,xn---6-jlc6c.xn--p1ai
564029,xxxnxx.club
564286,xsena.red
564375,xoilaccr.tv
564638,xn--80aaen8ayaq0cyb.xn--p1ai
564860,xn--54q02c.net
564959,xoomdns.in
565181,xxl-freeporn.com
565191,xcamy.com
565284,xn--pxtr7m.com
565346,xn--90anofl.xn--p1ai
565482,x69zw.org
566036,xyjmgg.com
566109,xiangting.com
566230,xn--hrgerte-9wa1n.com
566255,xuedianyun.com
566975,xn--2i4bo5fgwadewe.kr
566983,xn--80aneakq8a4c.xn--p1ai
567015,xnxx-vk.rest
567073,xn--art-mw0k.com
567468,xlbbbs.com
567469,xn--1bvt37a.tools
567534,xn--mgbg7b3bdcu.net
567779,xxxx8k.com
567831,xihua.es
567859,xsmb247.me
567945,xn--ding-1ua8586b.vn
568008,xn--38-glctprbes5b.xn--p1ai
568086,xa.com
568108,xinlvhr.com
568120,xn--ruqq8fhusk73c.com
568228,xseu.net
568230,xn--bst-i-test-q5a.se
568242,xxxbf.tv
568320,xyc.edu.cn
568410,xxxx4k.com
568427,xnu.edu.cn
568517,x-comics.de
568546,xeinadin.com
568586,xigetsta.cc
568746,xiuren.biz
568840,xumulc.com
569067,xn--pxtr7m5ny.com
569142,xn--solitr-spielen-9hb.de
569237,xueshigu.com
569664,xwp.ne.jp
569916,xpme2.com
569932,xnxxxx.one
570204,xdraco.com
570263,xyxqdedu.com
570355,xn--hg3b25hm0h.com
570383,xnsregistrar.com
570555,xelzah.com
570605,xuyong.gov.cn
570623,xtrazdns.net
570653,xl-porn.com
570728,xenserv.net
570867,xbaishuku.com
570924,xn----8sbemuhsaeiwd9h5a9c.xn--p1ai
571144,xn--d1abbjnolmen.xn--p1ai
571168,xxxu.net
571173,xhl51.com
571542,xlmoto.pl
571543,xmoto.gr
571544,xsijishe.ink
571576,xxxclipssites.com
571585,xneon.com
571734,xonfun.bet
571780,xlaxiata.my.id
571786,x-film.ai
571887,xoilaczllz.tv
572128,xh-api.com
572129,xingtan.one
572130,xn--u9j6f5etbb5cc8mq305d.xn--q9jyb4c
572148,xnxx-she.rest
572257,xn--80aaaaeftwb3cpelpciou.xn--p1ai
572413,x-b-e.com
572443,xebio.co.jp
572586,xgs-germany.de
572625,xplanetmail.ru
573012,xxxhotporn.pro
573241,xirra.net
573581,xxxvideos-fetish.com
573596,xzibition.com
573704,xxxtubeasian.net
573861,xiqueedm.com
573977,xitens.net
574087,x3group.ru
574232,xmilf.vip
574290,xs163.net
574462,xxlvpn.com
574480,xd-pi.de
574634,xiapibuy.com
575025,xooon.nl
575064,xn--h1aebia8a.xn--p1ai
575367,xweb.co.id
575451,xn--80a0aejb8dva.com
575523,xrysoi.org
575626,xkedata.com
575871,xpostands.com
576038,xtin.ru
576433,xiaohuasheng.cn
576494,xn----ptbgavidfeek.xn--p1ai
576800,xn--b1amctset.xn--p1ai
576915,xiaoyaojp.com
576932,xpressdocs.com
576987,xmoviez.win
577108,x-finder.org
577145,xinfin.org
577175,xjmty.com
577231,x2i08.com
577243,xx35.casino
577869,xxxlesbians.me
577949,xsx.casino
578012,xlhobbies.com
578123,xweb.cz
578158,xeran.com
578244,xaxrsdxyj.com
578320,xbokepindoh.com
578466,xdream-gifthouse.shop
578511,xcellhost.in
578713,xn--80afnom9a.xn--p1ai
579088,xmodels.ch
579111,xx18x.pro
579265,xn--cksr0ar36ezxo.com
579281,xlmoto.nl
579679,xin.com
579731,xyaz.cn
579862,xritephoto.com
579882,xix.ai
579884,xxx-3-videos.com
579971,xnxx-hub.rest
579998,xatab-repack.rip
580109,xa-hosted.co.uk
580210,xplat.online
580228,xcsharp.top
580238,xxnx.com
580363,xzbto.com
580479,xstream.cc
580668,xn--l1b6a9di5a0j.xn--h2brj9c
581011,xiaoyou.org
581030,xyzserve.net
581475,xinhaolian.com
581534,xref.com
581543,x8k9eh.com
581658,xpeng-auto.pt
581817,xxxpor.org
582215,xn--b1afknjfhdhe.xn--p1acf
582259,xxxtentacion.com
582545,xsinfosol.com
582560,x-legend.com.tw
582578,xn--bewertung-lschen24-n3b.de
582749,xoles.info
582997,xandros.com
583379,xania.org
583487,xxxpornnude.com
584155,xiaoweitop.com
584156,xlmoto.fi
584157,xxxwebdlxxx.org
584229,xingzheai.cn
584267,xxx2see.top
584507,xdpjump.com
584571,xzconsultores.pt
584686,xmiqilai.com
584718,xh029.com
585235,xxxhentaipics.com
585307,xxxlutz.hu
585542,xs.uz
585689,xyzhentai.com
585980,xnxx100.com
586362,xkpq.net
586370,x885wyef.xyz
586549,xbato.net
586561,xtm.cloud
586563,xmltvepg.nl
586726,xhotmovz.com
586738,xxx18anal.com
586834,xhamsterlive.me
586874,xxxrach.com
586982,xxxhd.click
587095,xueidc.cn
587286,xxygm.com
587297,xjtxwumhu.cc
587586,xxxindonesia.icu
587590,xmarked.com
587619,xnxx-xxx.rest
587703,xsdb.me
587883,xtremecleanautospacarwash.com
587972,xqredpan.com
588165,xxxbandot.com
588188,xzist.org
588273,xachtaynhat.net
588274,xiangzili.xyz
588319,xn--80aaaokoti9eh.xn--p1ai
588363,xfqrb.com
588526,xihaha.co.uk
588542,xos.casino
588631,xs4all.be
588682,xiujiadian.com
588739,xbxxb.com
588752,xnxxvideo.help
588784,xnxx-bdsm.rest
589058,xalkiadakis.gr
589154,xn--80aidamjr3akke.xn--p1ai
589191,xoress.com
589242,xfarma.it
589792,xata.io
589856,xn--fkzu6kd5w.com
589906,xn--80adrabb4aegksdjbafk0u.xn--p1ai
589942,xxx-tubeasian.com
589988,xs-software.com
590179,xuefu168.com
590305,xinss.com
590455,xxxchineseporn.com
590598,xxmovz.net
590618,xb6v.com
590724,xiuxi8.com
590867,xue66.net
591212,xipgroc.cat
591213,xn--80aacoonefzg3am8b1fsb.xn--p1ai
591241,xn--17-8kc3bfr2e.xn--p1ai
591257,xtis429q.com
591582,xiguaji.com
591624,xosodaicat.com
591652,xporno.cfd
591962,xc4h2fqq.com
591982,xunns.com
591998,xawax.space
592456,xxxpublicpornvideos.com
592763,xwwyj.com
592805,xn--armeriabergantios-txb.com
592845,xtm-cloud.com
592962,xarvio.com
593312,xiuxiuguan.com
593594,xnxxx.tattoo
593726,xn----9sbmaabtbhdfjgxm6au0hj.xn--p1ai
593728,xingtangdalaba.com
593804,xxvtc.edu.cn
593814,xtern.ru
593926,xjysdjsb.com
594022,xyzporncomics.com
594086,xhamsterxxxvideos.rodeo
594166,xn--80aefojgimj2ah.xn--p1ai
594224,xmlavps.com
594312,xqxb6.com
594313,xtreme-mountedgames.com
594375,xetai.store
595046,xrdchem.com
595047,xn--flogo-dra.com
595077,xjwin30.com
595179,x-ways.net
595497,xn--80atua3d.xn--p1ai
596018,xssights.com
596091,xaid.jp
596380,xbbhkd.org
596431,xline.vc
596447,x-holding.ru
596725,xiaoshuopaihang.cn
596930,xnxxnew.com
600196,x25108.com
600197,x666.com
600198,x88111.com
600199,xbzbrindes.com.br
600200,xcessorieshub.com
600201,xchina001.online
600202,xdmovies.wtf
600203,xdp.co.uk
600204,xequematenem.com.br
600205,xfinderr.org
600206,xhamster.co.hu
600207,xmbroker-fx.com
600208,xmrth.lol
600209,xn--950bo4em5v.co
600210,xn--pacincia-n1a.eu
600211,xn--r8jwklh769h2mc880dk1o431a.com
600212,xnxx-xxx.org
600213,xoffline.com
600214,xojav.tv
600215,xpartner.net.pl
600216,xprocess.com.br
600217,xrysessyntages.gr
600218,xtracover.com
600219,xtract.app
600220,xtrim.com.ec
600221,xvedios.cam
600222,xvideos-hd.com
600223,xvideos-zoo.com
600224,xvxchannel.com
600225,xx88n.com
600226,xxx-girls-fuck.com
600227,xxxbucetas.net
600228,xylem.live
600229,xyz567.com
600346,xxxtubecontent.com
600446,xhibition.co
600863,xenonsmart.com
601062,xxxvideos-line.com
601103,xn--b1ag8a.xn--p1ai
601230,xxxpicz.com
601355,xplate.com
601823,xn--extreme-xc0mf52z.com
601914,xn--b1afbjd5aap7b7ap.xn--80asehdb
601923,xalqcebhesi.az
601977,xnxx-video.rest
602359,xbox-mag.net
602372,xn--220b50x7nfkkl8sbiwf.com
602463,xxxmedia.bid
602588,xchangefusion.com
602854,xenforo.cc
602975,xspace.in
602990,xnxx-tubing.rest
602991,xponshop.com
603134,xobor.com
603255,xn---24-6cdajcoh8c0bybje6c1e.xn--p1ai
603410,xinzhongbaoxf.com
603414,xto.com.ua
603493,xn--0hv473a.com
603522,xuesexs.com
603820,xnxx-hd.rest
603943,xnxx.kim
604037,xemtop.com
604111,xnxx1.biz
604199,xilvlaw.com
604250,x4golf.com
604358,xboxclips.com
604417,xibosignage.com
604485,xxkim9hb.com
605081,xnxx-games.rest
605085,xwf1999.com
605109,xvcams.com
605162,xn--80abkcag2afepk0bt.xn--p1ai
605217,xfu.jp
605367,xhamsterhq.com
605513,xvideosfoda.com
605593,xxsb.com
605600,xialamh.com
605643,x5id.ru
606052,xn----7sbabkc3ai3acqp0bq3p.xn--p1acf
606421,xfilemanager.com
606528,xgametop.com
606741,xxxpornxp.pro
606790,xxxporno.pro
607552,xhl666.top
607553,xiongt.cn
607554,xmqkychtb.com
607555,xmtvcdn.com
607556,xxjc.one
607973,xlprn.com
608057,xempire.com
608059,xn--l2bmcno7cen.xn--i1b6b1a6a2e
608085,xc-host.ch
608182,xiawu.com
608308,xhwxw.cc
608309,xqsuperschool.org
608460,xiantao.gov.cn
608485,xxxgratuites.com
608496,xdtn.com
608683,xdtjnykj.com
608720,xn--88-uqim2g1b2g4h.com
608729,xertra.com
608839,xstore.md
608898,ximble.com
608910,xittv.net
609078,xnxxsex.autos
609151,xnxx-mom.rest
609194,xnxx2.shop
609427,xhextlanblink.com
609440,xksiivzm.com
609511,xn--40-6kcanlw5ddbimco.xn--p1ai
609773,xn--b1aai7accljef0br2dyb.xn--p1ai
609823,xinindia.com
609910,xoilac.co.uk
609950,xxxtuberaw.com
609982,xhwrite.world
610052,xn----7sbahbba0chrecjllhdbcuymu3s.xn--p1ai
610081,xtensys.com
610162,xxxmyporn.pro
610263,xnxx-compilation.rest
610323,x-bomberth.com
610324,xwin50.com
610327,xcanto.com
610336,x1.xyz
610487,xmidbroker.technology
610671,xn----7sbcg2bhldj1e7c.xn--p1ai
610687,xiaxs.la
610696,xcss.me
610981,xhextlanblue.com
611121,xolopen.ru
611228,xzaamyya.com
611237,xnxx-com.rest
611524,xmaturepornpics.com
611852,xn--80abh7bk0c.xn--p1ai
611890,xl.com
612689,xin88.com
612690,xn--3rc7bwa7a5hpa.xn--2scrj9c
612691,xn--dkqp0gri91r38rn1wmlurtz.com
612692,xn--lamaana-7za.uy
612693,xzipo.com
612764,xianshu.cn
612799,xltyun.com
612802,xpopa.space
612818,x2dg.com
612821,xn--h1aeekjh.xn--p1ai
612859,xdcam-user.com
613035,xxasianx.pro
613148,xzuza.com
613220,xkr3.casino
613233,xifaxan.com
613482,xjtvs.com.cn
613528,xn--910bq9bp2fj52a.com
613572,xugike.com
613667,xbll.xyz
613713,xnxxtr.online
613835,xscore808.com
613865,x14.eu
613878,xxxpornxxx.pro
613886,xeonbase.com
613919,xdrive.com.tr
614448,xn----ymcbeg9b1c1enj0b.com
614449,xn--4gq62f52gdss.com
614450,xueshenghui.org
614451,xxx-xnxx.pro
614464,xnxx-online.rest
614497,xinhua.news
614556,xikfap.com
614735,xymogen.com
614890,xhextlangreen.com
615000,xmzltj.com
615027,xm-rz.net
615038,xfiplatform.com
615098,xexymix.jp
615221,xn--krken23-bn4c.com
615223,xn----ctbdebgmm8akd5bzixa.xn--p1ai
615491,xnnn.org
615503,xn--k1akb4c.xn--p1ai
615504,xlr8yourmac.com
615606,xenonlab.ai
615754,xn----7sbalmafgef0bdsu.xn--p1ai
615768,xn--kbto70f.com
615818,xrmib.ru
616203,xn--hrspieltalk-rfb.de
616369,x4men.net
616493,xuniplay.com
616810,xn--h32bi4v.xn--3e0b707e
617026,xrurux.ru
617164,xelplus.com
617184,xchanging.com
617220,x2com.nl
617313,xplorer.co.il
617353,xslicedrive.com
617637,xlnet.eu
617667,xenetic.fi
617883,xhextlanwhite.com
618020,xtv2.ru
618155,xn--41a.wiki
618222,xpresstrax.com
618488,xjapanese.com
618644,xintucdn.com
618893,xojili-ph.com
618992,xmpp.jp
619017,xn--80aae5aibotfo5h.xn--p1ai
619056,xnxxx.website
619057,xnxxmax.net
619103,xn----8sbbfnsobfnph9ae.xn--p1ai
619114,xxxleal.com
619133,x4f7yww4ddr.com
619135,xxikuhd.com
619302,xn--80aak7a0a.xn--p1ai
619319,xosohomnay.com.vn
619372,xiaoshuo3.net
619507,xray.fm
619688,xiaoliyu.us
619689,xiaoxi33652.com
619797,xn--rforme-retraite-bnb.com
619798,xolkstore.com
619799,xrplf.org
619916,xn--elnet-zpc.net
619917,xvideosxtube.com
619965,xn--80abnmycp7evc.xn--90ais
620022,xbiquwk.com
620100,xevious7.com
620349,xo.ua
620447,xing73.com
620509,xsporn.tv
620557,xsexybabespics.com
620567,xceedance.com
620579,xxxpornmovies.rodeo
620655,xinloc.com
620662,xprnetwork.org
620761,xyebav.cc
620921,xs777.org
621014,xdirtygfs.com
621049,xtdnet.nl
621056,xuehua.us
621106,xerbit.xyz
621426,xajjn.com
621459,xdsoft.net
621475,xsols.com
621512,xnhau.bio
621641,xnxxx.mom
621735,xxlnet.nl
621902,xn--90aoy.xn--p1ai
622045,xxxtubesense.com
622181,xinghuoqiche.com
622248,xxxtubedot.com
622418,xianbao.fun
622508,xhbmc.cn
622574,xxxbestiarii.com
622799,xstragroup.com
622866,xn--vzyr4p.top
622897,xxxbabestube.com
623013,xinmeitifawen.com
623022,xgbe.cz
623103,xlawen.org
623112,xhecb.com
623869,xinminweekly.com.cn
623872,xnxx123.tv
623877,xenoscience.net
623979,xn--vhqu4fbzbqs090bomn5ta861eikdj5zh8rmp7c.com
624322,xnxxx.monster
624479,xinzhibang.net
624519,xxx2023.com
625366,xburma.cc
625367,xdeepfade.com
625368,xiangguys.com
625369,xn--911-pklyha2e4frf9c.com
625370,xvideos5.com.br
625371,xvideosx.com.br
625372,xxxdesifun.com
625720,xgkmvgzh.com
625911,xx88tv.com
626377,xk.io
626420,xparts.lv
626852,x4men.com
626856,xpresent.ru
627011,xn--80abnhgmtpfdlnhf.xn--p1ai
627092,xpressmag.com.au
627146,xunsouzaixian.com
627235,xn--80abnhcmtpndbnmh.xn--p1ai
627515,xpexp.com
627737,xn----7sbcrjiowrfdnohg.xn--p1ai
627763,xn----8sbcrjcowrpdboni.xn--p1ai
627812,xconnect.net
627849,xwis.net
627910,x3ns.net
627962,xturbo.com.br
628006,x-cmd.com
628303,xn--80af5akm8c.xn--p1ai
628345,xhdyz.cn
628383,xoilac86eb.tv
628397,xtreamui.top
628456,xn--90athc1g.xn--p1ai
628565,xvideos84.com
628610,xinfabaiwang.com
628902,xoilacxte.tv
628939,xlsuite.net
628975,xrjixie.com
629017,xxx-cum-movies.com
629022,xxxhindisexyvideo.com
629752,xn--b3c4bi2byc1a.com
629972,xbokep.net
630219,xp-russia.ru
630363,xnxx-milf.rest
630385,xxxvideos-joy.com
630458,xknowledge.co.jp
630539,xbmc4xbox.org.uk
630548,xn--80abwt.xn--p1ai
630571,xbib.de
630595,x-team.com
630658,xujisunrise.com.tw
630722,xmst.cc
630840,xcec.ru
630895,xxxamateurphoto.com
631076,xingwangchuanmei.com
631081,xl-pro.ru
631185,x68lp4.cn
631601,xariah.net
631635,xn----7sbf0aglmcnpqld.xn--p1ai
631696,xlstat.com
632179,xvideos300.com
632394,xyplanningnetwork.com
632606,xm01.mobi
632618,xn--b1aga5aadd.xn--p1ai
632951,xhctl.com.tw
632957,xn--80agbcqdjc3d.xn--p1ai
633005,xtreamfile.cv
633007,xcellerate.net
633089,xn--80adhe7abif.xn--p1ai
633326,xueba5.com
633458,xs-kw.com
633495,xyushuwu.uk
633576,xxxcore.tv
633597,xbwl.cn
633664,xxxtube.club
633794,xn--o39an51b2re.com
633795,xxxhindivideo.org
634060,xetaimydinh.edu.vn
634338,xn----7sbnbkvqmbbuw.xn--p1ai
634432,xgen.com.br
634628,xn--c1ada1bgcgdf.xn--p1ai
634766,xincache.cn
634989,xpmns.com
635112,xxxtube-corn.com
635285,x-sceny.com
635345,xn--flurfrderzeugfhrer-h3b3k.de
635598,xxxporn-videos.com
635732,xoilackvg.tv
635762,xrades.com
635783,xhoney.net
635809,xpyctee.ru
635915,xxx2u.fans
636354,xxxbengalivideos.com
636360,xoss.co
636384,xmp-proxy.com
636392,x64dbg.com
636428,xtendamix.com
636480,xxxvideos-hot.com
636620,xvire.com
636703,xibiquge.com
636776,xn--9kqpgs02hjf4a.com
636834,xbddkfdsua.com
636852,xxxvideosfun.com
636885,xn--k1afc4c.com
636906,xn---71-2dd3afh7a.xn--p1ai
636924,xxxhindi.rest
636947,xentrydiagnosis.store
637258,xhreal.com
637287,xm-apps-static.com
637485,xxxasiangirl.com
637567,xiaoshuo.info
637615,xepare.com
637616,xaraonline.com
637647,xaydungtrangtrinoithat.com
637667,xiaotangketang.com
638217,xcyber.vn
638218,xe-buyt.com
638219,xossip1.com
638287,xxxindian.fun
638630,xrea.cc
638646,xtremefitness.pl
638782,xxxmoviesdig.com
638851,xn--b1agyekgek.xn--p1ai
638915,x3vpn.ru
639037,xvds.mobi
639096,xlauctions.com
639130,xvideosamador.blog
639227,xn--90a1af.xn--p1ai
639252,xn--vitmart-zv4c.vn
639275,xoxofest.com
639351,xn--80aje0aeeii.xn--p1ai
639589,xiduam.ca
639670,x-column.com
639681,xn--80aabfqjeaf3cfdudjd7a.xn--p1ai
639690,xraycoach.com
639778,xprekes.lt
639900,xtrb.cn
640043,xn--pearol-xwa.org
640088,xintumaoyi.com
640305,ximepa.games
640320,xcmag.com
640329,xenforo.info
640771,xnsdsxx.com
640789,xtubetv.xyz
640840,xayrin.com
641060,xpeng-auto.es
641099,xxx-porn-sex.video
641237,xinguawl.cn
641259,xoilac.ae
641344,xxxtube-kit.com
641537,xn----7sbbbucvqex7cwb4i.xn--p1ai
641548,xgdyy.com
641755,xiaobiqu.com
642057,xupe.hu
642481,xx88.win
642645,xiaomitools.com
642646,xtremetecpc.com
642775,xoxostickers.com
642779,xtremegunsandammo.com
642817,xtra-nice.de
642939,xxx-sex-films.com
643005,xn--9i1b01onwqqzd.xn--3e0b707e
643014,xinfin.network
643043,xulplanet.com
643237,xnmik.com
643460,xn--80af5bzc.xn--p1ai
643694,xyzy.ru
643821,xn--80aweql3c59aea5q.xn--80ao21a
643988,xhdclip.com
644012,xxxpopik.com
644106,xfl.com
644182,xevrjenvrybhsvarindrumbek.com
644244,xuantocdo.net
644256,xearly.de
644311,xn----7sbpnjfdpeaefhenqf0a.kz
644321,xxb.one
644351,xueyiyun.com
644356,xingzuolun.com
644535,xm-cnxm.cn
644536,xmfx1.cn
644642,xj40.com
644712,xamativo.com
644895,xn--baw-joa.social
645034,xmpow.com
645239,xyrios.com
645345,xtuple.com
645606,xn--d1abaab6bpj.xn--p1ai
645863,xxvideos.cc
645913,xidc.co.kr
645924,xinjiada-ic.com
646034,xn--d1abbmjpxlh.xn--p1ai
646187,xacbank.mn
646226,xcbwl.com
646404,xhbofrrp.cc
646452,xxxporn.win
646462,xinyuanqifu.com
646465,xianzhuanxia.com
646627,xrzyasd.com
646653,xbay.me
646654,xtratrust.com
646712,xxxvideoshd.cc
646973,xxxcooks.com
647032,xvu4.com
647209,xn--anadoluajans-d5b.com.tr
647270,xn---4-7kcct4aci0a2h.xn--p1ai
647302,xnyxz.com
647410,xdzzkj.com
647447,xarz.ru
647455,xhsysu.edu.cn
647589,xencelabs.com
647754,xhweb.life
647947,xixianxinqu.gov.cn
648068,xn----jtbjfcbdfr0afji4m.xn--p1ai
648080,xn--9trs65b.com
648085,xn--cksr0a.asia
648343,xostdns.ru
648449,xumuren.com
648514,xgraphic.ro
648826,xiaohouzi.club
648857,xetaitaydohn.vn
648956,xs365.nl
649075,xinzhongnews.com
649181,xxtxb.net
649247,xiaokuai.net
649317,xoilactvlinkai.com
649489,xmxkxnelw.com
649540,xfsub.com
649707,xfirm.ru
649949,xeonics.in
649993,xapp.net
650045,xn----8sbmbbmccjipfvkcfubdkla2b8cyk.xn--p1ai
650448,xqplr.com
650717,xoyo100.net
650734,xn--80ajgjpchpr1b.xn--p1ai
651005,xiazhuangty.com
651108,xirvik.com
651165,xn----7sbbrpcrglx8eea9e.xn--p1ai
651335,xxbrit.net
651446,xxl-art.de
651492,xxlnow.com
651628,xibil.ru
651730,xn--9kr7l.com
651864,xaepi.edu.cn
651908,xsexvids.com
651937,xmileshk.com
652046,xn--80afx6a.xn--p1ai
652083,xuanlanyoga.com
652141,xsexvideos.rodeo
652290,xpark.com
652311,xbqg9.org
652687,xxxprovide.com
652739,xl-dns.net
652760,xuok.net
653047,xxxtubeco.com
653129,xname.org
653219,xit.edu.cn
653266,xgxjyw.com
653272,xunavo.space
653296,xactware.com
653409,xxxvideosgain.com
653464,xxxtorrents.pro
653594,xn--37-6kchb7a0bib.xn--p1ai
653634,xoilac86zsz.io
653861,xenosite.nl
653974,xwebnetwork.com
654002,xwuli.cn
654125,xataxrs.com
654329,xpr.media
654368,xhdporno.space
654383,xlagency.net
654407,xmodhub.cn
654442,xinsdn.com
654580,xwing.com.tw
654586,xc-ski.de
654716,xmwebsite.net
654717,xxhuyuzero.jp
655079,x379b74t54.com
655080,xn--72czp5e5a8b.live
655081,xn--l3c2aole4d0a.com
655082,xx8811.com
655259,xlgroupplc.net
655621,xxxcoomer.com
655646,xiangxiangyu.com
655875,xn--l1afu.xn--p1ai
656090,xcolle.com
656127,xo-man.ru
656303,xn--80afdp5b4b.xn--p1ai
656461,xinchenone.world
656617,xjedu.gov.cn
656720,xenialxenogenesis.website
656915,xahealthway.com
657227,xumo.tv
657293,xn--80aafg2a7bf6i.xn--p1ai
657506,xbty8.com
657752,x-tremetuning.com
657842,xemsex99.net
657954,xr2.uk
657974,xitongcheng.com
658123,xn--tfr58h.cn
658218,xunman.xyz
658336,xbato.org
658423,xzjgz.com
658430,xurway.com
658803,xsrw.shop
658948,xn--vv4bi6jvuj.kr
659099,xxxdesiclips.com
659138,xrplevm.org
659711,xinamaga.ro
659891,xms-portal.com
659892,xxxvideoshindi.vip
659931,xlewen.org
660038,xmegatravel.com
660073,xingming.net
660466,xn----7sbakn3aoflleitf3m6a.xn--p1ai
660795,xyleme.com
660887,xma.show
660924,ximg.blog
660968,xdc.org
661016,xxx-prostitutki.com
661164,xn--nringslivsregistret-gwb.se
661497,xyzhomework.com
661742,xn----7sbecl2dbcfoo.xn--p1ai
661756,xbaixing.com
661997,xsendungsverfolgung.com
662012,xmoviesforyou.fun
662170,xtrade.com
662274,xn--4dbcyzi5a.com
662368,xn--vb0bn4en6bzzzoff.com
662679,xueshuwenhai.com
662741,x-oo.com
662944,xingwangxy.com
662970,xenzor.ro
663099,xnforo.ir
663112,xiangkankeji.com
663191,xemoh.de
663227,xcom.zp.ua
663272,xxxcomicporn.com
663328,xuejin.com
663431,xintengkj.com
663573,xincha329.site
663579,xach.com
663690,xplanet.tech
663761,xdf777cne.com
663790,xinghuo86.cn
663848,x-pilot.com
663920,xxxindia.click
663921,xinhuaskl.com
664030,xn--jobbrse-stellenangebote-blc.de
664141,xinqinled.com
664259,xn--24-3qi4duc3a1a7o.ink
664271,xiamenfq.com
664353,xn--80addbyarud7d2b.xn--p1ai
664609,xxxpics.pro
664615,xnxnk.xyz
664748,xxxanimesex.net
664772,xn--bb0bw4mh6loup.net
664872,xxxasian-videos.com
665135,xn--die-moderne-kruterhexe-e5b.de
665173,x-film.click
665263,xxxvideoshot.com
665387,xvideosdog.com
665807,xiaopan.co
665867,xadspoteffects.tv
665872,xaman.app
665879,xletix.com
666190,xyonhealth.com
666218,xinshuzhan.com
666830,xn--365-1kl1e3c8a5a9q.net
667007,xingchenex.com
667137,xodox.de
667468,xpropool.com
667482,xmyeditor.com
667487,xantrex.com
667869,xhdporno.work
667898,xrvisions.com
668608,x3distribuidoraloja.com.br
668905,xenon-bright.ro
668906,xn--80abcuo9bal.xn--p1ai
668907,xn--8pr038b9h2am7a.com
668908,xncwxw.net
668909,xvedio.fun
668910,xvideosbrasil.com
669064,xiaomistore.pk
669065,xn--d2b1ag0dl.xn--h2brj9c
669066,xn--kalriaguru-ibb.hu
669157,xxx720p.com
669266,xjbz.gov.cn
669307,xenailer.net
669615,xuanjiaxiao.com
670111,xzrbw.com
670271,xaotu.xyz
670275,xmommysex.com
670505,xn--tlqz3aj77agil76ww4ni2k.com
670692,xn--80aeaffd7aflilc4aj.xn--p1ai
671077,xrefer.com
671091,xmfunny.com
671281,xnftdata.com
671533,x2e5y8s.com
671534,xnxx.co.im
671535,xnxx.watch
671536,xnxxmob.com
671537,xxx4u.org
671560,xitongliu.cn
671942,xxxfuck.pro
672279,xxxhqvideos.com
672290,xadspoteffects.com
672676,xhdporno.net
672756,x0g4p49p.com
672882,xn--80acdja4amgo5c2a2f8a.com
672887,xyzcloud3.xyz
672926,xzeroprice.com
672962,xentr.net
673010,xnnx.icu
673954,x-gear.com.ua
673955,xedapgiakho.com
674105,xn--80aanbeohciex.xn--p1ai
674188,xfuliji.com
674470,xtremehardware.com
674525,x5l.ru
674767,xsub.blog
674787,xn--80aobcheimbif.xn--80ao21a
674802,xn----mtbnmanafh.xn--p1ai
674952,xn--b1afakdgpzinidi6e.xn--p1ai
674973,x-forcetactical.com.au
675270,xtcplay.com
675338,xsynapse.co.kr
675355,xrumer.cc
675653,xn--d1abbgf6aiiy.xn--p1ai
675737,xhosttellnet.com
676551,xoilacka.tv
676746,xtify.com
676759,xyz.net.tw
676816,xxxvideos-way.com
676922,xvideos.vlog.br
676938,xiaoleidm.net
677064,xvidapi.com
677535,xiptv.cat
677584,xn--90acesaqsbbbreoa5e3dp.xn--p1ai
677596,xisosi.com
677720,xa-equitable.com
677800,xns.casino
677829,xnurta.com
677865,xander.com.tw
677943,xsky.cz
678288,xn--meb.pisz.pl
678393,xinyuguan.com
678614,xiuxianshipin.com
678627,xqppt.com
678751,xplorio.com
678880,xmpp.is
678917,xxxhindi.click
678964,xbrowsersync.org
679065,xhsurf.life
679164,xunweibook.com
679240,xbqg25.com
679273,xjimports.com
679296,xb1.ru
679362,xfafinance.com
679547,xiantengda.com
679561,xinhuathai.com
679567,xn--365-9j6nm37bngi.com
679679,xn--d1aihcfio7a7di.art
679827,xuewenguan.com
679972,xuesong365.com
680100,xxxwhoresonline.com
680187,xwirenetworks.com
680286,xsenseccm.com
680321,xremover.net
680391,xnx.rest
680537,xoxobyriley.com
680651,x-2-d-v.com
680675,xlsurety.net
681095,xhstory.life
681149,xyngular.com
681166,xiaoyong8.cn
681438,xhhxpc.com
681573,xeox.com
681688,xtracta.com
681753,xyzapk.com
681783,xoilackvo.tv
681970,xhmedia.today
682163,xhweb.blog
682427,xnxx-creampies.rest
682717,xypex.com
682745,xn--80adah2aybmok5f.bg
682809,xiaplvora.cn
682884,xerosw.org
683143,xok-ece.store
683398,xanadu.com
684037,xuexiniu.com
684090,xjuggler.com
684094,xn--b1acfnjxoe.xn--p1ai
684287,xiaomiprint.com
684314,xswxg.com
684325,xurrent.qa
684585,xxxmovies-asian.com
684663,xn----8sbhebeda0a3c5a7a.xn--p1ai
684874,xn--2bnh-6na.vn
684895,xoilaczxf.cc
685149,xmfaka.com
685415,xhorsevvdi.com
685629,xafc.com
685643,xing2026.com
685697,xenyth.net
685741,xtngmptkcqk.biz
685770,xirena.com
685785,xn--oi2b61z32a.xn--3e0b707e
685948,xuezheji.com
686155,xymva.com
686263,xindemarinenews.com
686405,xedoisong.vn
686561,xsmb.vn
686596,xen.wiki
686667,xufern.com
686672,xiaoduoai.com
686842,xlcatlinfleet.co.uk
686928,xapple.ru
686979,xn--h1akkl.xn--p1ai
687057,xaviera.systems
687291,xnxxmature.me
687643,xn--247-1klyfn3i1b2j7c.com
687644,xxxufa.org
687769,xxxindianporn.org
687770,xxxkai.com
688273,x666.win
688274,xota.blog
688295,xedos-community.de
688312,xyz.xyz
688342,x5-resourcehub.ru
688447,xn----7sbbsoldvdiem2a5e1c.xn--p1ai
689035,xxxbolts.com
689185,xxxtubesum.com
689423,xyonline.net
689645,xn----dtbsbdgikgdbazpac.xn--p1ai
689859,xxc.ru
689861,xxxvideos.fans
689886,xenia.team
689919,xunlongyun.xyz
690006,xenangmitsubishi.net
690052,xoilacko.tv
690264,xitevpn.com
690612,xiaoashoe.com
690648,xoanonymorpha.site
690746,xvideos003.com
690762,xaltiot.com
690771,xmovies8.ws
690787,xzqh.org
690835,xlfinancialweather.com
690971,xn-----6kcaiev9adttbcknwiq0q.xn--p1ai
690975,xdisk.site
690986,xxxxvideo.uno
691234,xiaomi.org
691324,xn--42-mlcuuvw8d.xn--p1ai
691426,xhonline.life
691718,xz-juming.com
691970,xxxov.com
692079,x-cloud.info
692102,xx88.today
692121,xxt.cn
692160,xvideos1.cfd
692446,xue63.com
692545,xnxx18.org
693023,xd21.co.za
693024,xeva.com.mx
693025,xitong18.com
693026,xpxp618.com
693397,xn--e1aasc1h.xn--p1ai
693402,xn--80apeb5b.xn--p1ai
693629,xhengineering.site
693639,xmlcal.com
693694,xeev.app
693762,xuekuba.com
694001,xmatchmaker.com
694004,x-camping.eu
694023,xxx-japansex.com
694074,xtunnel.ru
694206,xiag.dev
694576,xhonline.live
694817,x-dns.de
694873,xibimov.cc
694975,xueshu.com.cn
695137,xhsimple.site
695195,xtego.cloud
695232,xn--399a55kf8e3mevyewpc.com
695274,xiaoecloud.com
695304,x-ion.com
695312,xmg.gg
695360,xinhua-news.cn
695368,xadl.org
695752,xstore-brand.com
695961,xn--scho-bpa.fr
696025,xxx-asian.best
696113,xiaoyu.net
696225,xlsuretyonline.com
696323,xeniabaranova-school.ru
696361,xqfunds.com
696512,xn--80aagchfanjcc6aftsr6a.com
696629,xometry.pro
696743,xreacn.com
696833,xiame.com
696901,xingyunhe.com
696938,xl-ca.net
697029,xgfk.shop
697266,xa7777.net
697267,xm7777.net
697268,xs7777.net
697269,xtravelsystem.com
697270,xyxverse.com
697321,xamzgjedu.com
697322,xyuntui.com
697329,xn--24-6kci4amthgkj1f.xn--80asehdb
697454,xcellentrenovations.com
698038,xox77games.com
698091,xbqg88.org
698148,ximocrm.com
698319,xerivon.xyz
698326,xv98.ir
698329,xinhua-news.com
698471,xxx-videos.rodeo
698481,xn--80aleen8i.xn--c1avg
698796,xacus.com
698834,xa-mjg.com
698954,xiangbingwu.com
698958,xemvanmenh.net
699119,xn--80acghh.xn--p1ai
699125,xxtxb.com
699343,xyo.network
699409,xn----7sbhaldrafo0catmhegeecb4a9nme.xn--p1acf
699411,xonlineserver.nl
699488,xn----7sba6aaba8akdsdekah.xn--p1ai
699743,xentryportal.store
699957,xan.host
699980,xxxnxx8.com
700137,xoilackp.tv
700149,xnnsgc.com
700229,xn--hu5b25b77nvwc.xn--3e0b707e
700275,xxxtubevideos.eu
700523,xn--80adgebororwy.xn--p1ai
700526,xxx-sex.org
700757,xinzihao.com
700836,x.la
700861,x-f.fun
701070,x2sy.com
701089,xtyxsw.org
701127,xinet.com.mx
701152,xx-i.com
701162,xponet.net
701213,xxx-amateur.net
701372,xgayteensex.com
701398,xn--g1anf0c.xn--90ais
701613,xazafinance.cn
701624,xmedia.ch
702014,xuristone.com
702341,xo.pl
703220,xanabutik.pl
703221,xgear.net
703918,xebaonam.com
703919,xgamesstore.org
703920,xn--88-lqi2fvc3a1a4i.website
703921,xn--8wv97xz6xo7h.online
703922,xn--o1qq22cjlllou16giuj.jp
703923,xploredundee.com
703924,xtremepc.com.mx
703925,xvidio.blog
703926,xvision.ir
704580,xn--l3cbn3ac0d4bvh.com
704581,xn--zck9awe6d820vk6qg9be46k.com
704582,xx88com.com
704668,xbdsm.sk
705101,xn--38-mlcqjbufcz6h.xn--p1ai
705134,xx9.casino
705157,xehd2o.com
705180,xn--a-pt1c.com
705237,xvod6.xyz
705284,xenonode.com
705382,xxxtubelegend.com
705538,xxx18teen.com
705563,xmlasecure.com
705704,xiaoweicaihang.com
705815,xmp-edit.com
705819,xanthinews.gr
705949,xlgroupplc.ie
705972,xftrans.cn
706007,xxxcharm.com
706044,xplain.org
706151,xojh.cn
706158,xerox.ca
706206,xbbb.org
706404,xn----9sbmabsiicuddu3a5lep.xn--p1ai
706542,xnai.edu.cn
706855,xp.coach
707012,xjyl.gov.cn
707020,xooit.org
707254,xn--l3cg7a8a0cwa3f.cc
707265,xpay.sh
707575,xn--e1afprfv.name
707633,xi.co.nz
707638,xdybwcl.com
707671,xn--80ahc1axeh.xn--p1ai
707747,xn--fdk3a7ctb5192box5b.com
707762,xszav1.com
707791,xinnetdns.com
708302,xpforge.com
708305,xxxbomb.com
708463,xn--90ax2c.xn--p1ai
708705,xtv.cz
708795,xn----7sbbefui0bjjhazu.xn--p1ai
708851,xiangya.com.cn
708894,xinyaonews.com
708979,xcontent.com
709056,xiamenair.cn
709228,xn--e1afdcc4acfdaedaq9m.xn--p1acf
709355,xhonline.today
710773,x-estate.com
710774,x-manga.net
710775,x7s.live
710776,xnn66.com
710777,xoxporn.com
710778,xsalut.com
710779,xxiav.com
710780,xxlgastro.de
710908,xfxx.mobi
711070,xyzbeads.com
711080,xdrive.com
711212,xx88.uno
711271,xvdhsy.pro
711320,xxxgujarati.link
711443,xhworld.today
711468,xhqvideos.com
711517,x-clinic.jp
711518,xhcash.world
711557,xn--d1achjhdicc8bh4h.xn--p1ai
711612,xnxx-lady.rest
711645,xpto.app
711683,xboxaktuell.de
711736,xxvps.net
711767,xe360.vn
711935,xoilac86bb.tv
712446,xmovies8.cc
712450,xrp-insights.com
712503,xznu.edu.cn
712610,xn--80addelmhkfxbgznp.xn--p1ai
712641,xlcatlinreinternational.com
712726,xn--h1aagk2bza.xn--p1ai
713039,xn--80aaagdg6ctabtdlq.xn--p1ai
713089,xn--lpris-iua.nu
713224,x777.ph
713358,xl-wi.net
713403,xsyon.com
713700,xn----7sbaabac0fxa0c4cpb8g.xn--p1ai
713885,xn--b1agiaakcdcvfl.xn--p1ai
714174,xinlangapi.com
714175,xn--yetq23gxma.org
714337,xxapp.de
714402,xo5z.com
714572,xoxowildhearts.com
714592,xarena.sk
714753,xiaozujian.com
714831,xxxtamil.top
714876,xsdpx.net
715222,x5nws.com
715295,x3me.net
715346,xdcplus.com
715414,xhconnect.quest
715519,xlglobalrisk.net
715638,xsabc.com
715667,xyvuf.com
715735,xn----utbjjici.xn--p1ai
715771,xn--smartkndigen-ilb.de
715891,xhdporno.sexy
716080,xarray.dev
716108,xewkzntc.cc
716207,xichengxili.com
716277,xicom.biz
716327,xakiatech.com
716355,xlcatlinexplorers.com
716679,xi299vv2u45.com
716680,xilften.blog
716681,xplosiveape.com
716734,xxllnc.nl
717173,xtm.es
717375,xigmatek.com
717409,xn-----6kcai4baletsyym0b7h.xn--p1ai
717423,x4oc8ceezr38.lat
717640,xxxrip.com
717815,xnxx-piss.rest
718189,x-house.co.jp
718311,xzbu.com
718337,xwin42.com
718367,xtranet.co.ke
718418,xposureinfotech.com
718502,xsw88.com
718575,xxxsexiness.com
718801,xrdm.app
718932,xem461.com
719697,xlyrica.com
719726,xtraperfnow.com
719769,xholdingscorporation.com
720164,xhs1991.com
720293,xiashu999.com
720476,xixiporn.lol
720680,xyehs-safety.com
720883,xentax.com
721047,xxxindian.rodeo
721055,xiaomiexclusive.ru
721092,xsisenok.com
721306,xn--e1aoddcgsc8a.xn--p1ai
721347,xn--80aahqcqybgko.xn--p1ai
721469,xvps03cnc.net
721504,xyht.com
721517,xhjunkie.world
721680,x6c.co
721681,xn--d1arpf.xn--p1ai
721813,xeemart.pk
721832,xijuc-ico.com.tr
721975,xxxfilmiki.com
722114,x5tolic.com
722142,xzgswhfzjjh.org
722190,xn--80aabtwbbuhbiqdxddn.xn--p1ai
722231,xn----8sbgkqlrzglf.xn--p1ai
722381,xn----7sbagil6aegubhbebxjjjgt2hxf.xn--p1ai
722435,xwin41.com
722436,xkarasb.space
722445,xlslot88-cuan.net
722579,xtimenews.com
722828,xeontechnology.ltd
722960,xmediadownloader.com
723115,xxxatat456.com
723132,xoikos.com
723168,xhmedia.blog
723233,xl-winterthurint.com
723371,ximmersive.co.uk
723391,xxxxsx.com
723414,xiutixia.com
723417,xx88.vin
723543,xygzxy.com
723690,xpaldev.com
723729,xlcatlinpromos-emea.com
723807,xbdnscloub.xyz
723920,xhnet.today
723957,xinhexinli.com
724133,xlreus.net
724166,xcyoucaizhaopin.com
724168,xn--80aae9ba.xn--p1ai
724342,xrumer.ru
724399,x-car.co
724497,xn----7sbhbj7aosv.xn--p1ai
724613,xx88.us
724650,xloo.com
724889,xxxtracking.com
725140,xhweb.today
725319,xu1t22sft57h.online
725351,xlcatlinsyndicate.com
725418,xnc.net
725449,xhworld.blog
725511,x443.pw
725593,xsoftinc.com
725642,x-porn-tube.cc
725814,xcmgmachinery.com
725834,xeroxbusinesssolutions.com
726024,xgeconnector.com
726053,xgd.com
726131,xzctjxzz.com
726155,xn--mgbf7fdim.com
727877,x2a6k.com
727878,x52ukl5t.com
727879,xie5x1io.com
727880,xleme.com.br
727881,xn--247-pkl2evb4db7c2e1b.com
727882,xn--o3ceab8c9ac0cd1prc.com
727883,xosothanmeo.com
727884,xoxostore.co
727885,xrysessyntages.com
727886,xscandals.com
727887,xv-horezeedipaif.com
727888,xx88live.me
727889,xxxbestialityporn.com
727890,xyblnjl.com
727956,xredu.com
728110,xosialx.com
728177,xnxx.army
728192,xlre.fr
728423,xlcapitalcongress.net
728495,xpornxxx.pro
728642,xceptive.in
728982,xn--tysk-sletbak-yjb.com
728988,xox96.com
729186,xlinkinfocom.com
729285,xxxvideostag.com
729344,xbpglobal.com
729406,xuelaixin.com
729441,xyphien.com
729482,xoilaczyyz.tv
729682,xc.com
729805,xwhosp.com.cn
729962,xunjiapp.cn
730036,xikumov.cc
730279,xn--cjztj18l.com
730285,xxxvideos-point.com
730298,xueshanrc.com
730400,xn--80aaeza4ab6aw2b2b.xn--p1ai
730564,xteaselive.com
730681,xoilacks.tv
730729,xxxhindisexvideo.com
730826,xjjgsc.com
731051,xn----7sbqjacjccexq1a0ac7l.xn--p1ai
731113,xn--44-6kcanlw5ddbimco.xn--p1ai
731149,xnxxcom.site
731375,xpert.rocks
731485,xue163.com
731488,xn--124-rddc1ad4cccc.xn--p1ai
731552,xdtalk.com
731553,xxmoms.site
731651,xn--krb3-rzb.com
731929,xxuooqthese.bond
731963,xxxlesnina.rs
731993,xn--80aacdpqgghze1ato.xn--p1ai
732033,xiaozhu.com
732279,xwidget.com
732488,xfind.de
732496,xn--72c5afc3e6a4acd3tpa.net
732694,xn----7sbmdolmdvavfu.xn--p1ai
732768,xxxsexvideo.click
733133,xlhs.com
733164,xoilacku.tv
733203,xlcatlin-uk.com
733343,xibywpgf.com
733390,xlcatlinmarine.net
733613,xjlyw.cn
733617,x28.ch
733621,xhsweet.life
733659,xxxevery.day
733700,xtwinkgayporn.com
733763,xn--m1abbbg.me
733794,xnxx2.uno
733867,xo69h1.com
734065,x24cloud-edge.online
734088,xxxvideohindi.fans
734097,xjjt.com
734158,xxxmoviesdot.com
734230,xn--verkty-fya.no
734404,xxytube.com
734419,xlspecie.net
734573,xeroxscanners.com
734664,xn--005-8cd3cbuipdid4p.xn--p1ai
734759,xxxsails.com
734968,xl-axa.net
735017,xn--90a1bg.xn--p1ai
735052,xilaweb.shop
735150,xelan.info
735292,xlcatlin-fa.com
735392,xixiporn.digital
735797,xn--80aafb1al6a1ae.xn--p1ai
735860,xun8.com
735943,xamig.com
735989,xmxinfosoft.in
736103,xxxworld.ink
736118,xlgroupltd.in
736264,xmodelsai.com
736358,xptraffic.com
736360,xiaobiqug.com
736442,xxxfunk.com
736463,xracing.fi
736678,xc40forum.com
736787,xigexxdoor.com
736797,xms.casino
737944,x-sou.com
737945,xlmoto.ch
737946,xn--4gqx1hgtfdmt.com
737947,xn--ehqx7tcnnope.com
737948,xn--mes358aby2apfg.com
737949,xoms.com.ar
737950,xpay.co
737951,xx9.com
737952,xxx-hd-tube.com
737953,xxx2019.pro
737954,xy5jg.com
737982,xmpig.com
738071,xlcatlingroupplc.co.uk
738089,xiaot.com
738110,xn--7-9sb6ajarn6b.xn--p1ai
738589,xn----8sbbeptbpdohfebthj2qg.xn--p1ai
738771,xlcatlin-winterthurinternational.com
738904,xnxxgratis.com
738940,xlovetime.com
738953,xeagametool.com
739163,xnxxxfree.com
739366,xlweather.net
739535,x-pokerclub.ru
739680,xo69tt.com
739711,xoilacki.tv
739760,xxxpakistanimovies.com
739811,xenologics.com
739829,xaprb.com
739848,xxxvideossex.fans
739916,xlai.com
739979,x-decks.com
740024,xskt.net
740284,xscapetheatres.com
740363,xiaopiu.com
740379,xsolis.ai
740399,xn----7sbabgd7ccrscvqin6kza.xn--p1ai
740427,xxxvideos4free.cfd
740472,xuanhuange.info
740486,xerontnetworking.com
740494,xo69x1.com
740823,xsmn.net
741170,xlre-europe.net
741245,xo69gg.com
741654,xsokuhou.net
741751,xxxtabor.com
741774,xl-gaps.biz
741822,x-q-2-k.com
741861,x3guide.com
741911,xinhaimineral.com
742152,xyvid.com
742228,xn-----6kcczalffeh6afgdgdi2apgjghic4org.xn--p1ai
742294,xyzakademi.com.tr
742360,xl-gaps.us
742389,xxxvids.tv
742406,xxxrip.net
742562,xms.tw
742968,x-madrid.com
742984,xn----ttbebjtrq.xn--p1ai
742999,x-calculator.ru
743145,xlcatlin.in
743148,xing528.com
743236,xlcilismen.com
743287,xvideosit.com
743547,xxxtubelife.com
743600,xn----8sbzlfdhhgeiihb6j.xn--p1ai
743622,xs11.com
743837,xplaymobile.com
743842,xetoyotavinh.com
743910,xn--e1aaqjt5d.xn--p1ai
743991,xiaoshuoxue.com
744104,xingzuoyundns.com
744289,xlcapitalassurance.com
744303,xmodsource.com
744547,xingxingjizhang.com
744565,xlinsuranceglobalrisk.com
744567,xhtzbz.com
744668,x2y2.io
744721,xeudeportes.mx
744757,xlcatlinhongkong.com
744818,xlweatherandenergy.net
745033,xn--80atapud1a.xn--p1ai
745421,xiaopeng.link
745429,xxxx-movies.com
745544,xnxx-sexfilme.com
745621,xn--pbasi-era25eze.com
745686,xlu-lighting.com
745703,xxia.com
745840,xdvdz.com
746184,xo7.casino
746313,xtremetattoos.co.in
746412,xxzz.space
746426,xgeorgia.de
746449,xnxxcom.xyz
746581,xn--80aaez0afldqd.xn--p1ai
840961,x-anime.com
840962,x-change-x.com
840963,x-cty.com
840964,x-delivery.io
840965,x-downloader.net
840966,x-erp.com.br
840967,x-kabuand.com
840968,x-liberty.net
840969,x-plosion.jp
840970,x-surcine.com
840971,x-ua.net
840972,x0039fi3jfl.com
840973,x02sc.com
840974,x06b1.com
840975,x06b2.com
840976,x06b3.com
840977,x06b4.com
840978,x0b9t6.com
840979,x0h7f6l.com
840980,x0mlua.com
840981,x0mn3upj3v.com
840982,x0olym.com
840983,x121222202.com
840984,x1k7z3r.com
840985,x1lgs.com
840986,x1m2q3a.com
840987,x1m6t9r.com
840988,x1mee.com
840989,x1os.com
840990,x1p6i4v.com
840991,x1qygh85.com
840992,x1x5m9.com
840993,x1y666.life
840994,x1z3k8py.com
840995,x2-x1.com
840996,x26.pro
840997,x2889f93u.com
840998,x289vv344.com
840999,x28hy773p.com
841000,x290gi3uj.com
841001,x299jvrt6.com
841002,x29gj3g.com
841003,x29xka0q.com
841004,x2c2s3.com
841005,x2c6bx.com
841006,x2download.is
841007,x2e3x8d7.com
841008,x2g1w1b.com
841009,x2k6m3.com
841010,x2k9a7.com
841011,x2m6t8.com
841012,x2mate.is
841013,x2nzhe.lat
841014,x2q9z4n.com
841015,x2w5qrs.com
841016,x30.co.il
841017,x333.buzz
841018,x333.team
841019,x333.today
841020,x333.website
841021,x365.asia
841022,x39vvu37y.com
841023,x39yy6.com
841024,x3bet13.com
841025,x3h5a5a.com
841026,x3k5a8r.com
841027,x3k6r7m2.com
841028,x3k9mv.com
841029,x3kat5.com
841030,x3m7a9k.com
841031,x3pe73dd.com
841032,x3v8o5.com
841033,x3z3m4.com
841034,x44my.net
841035,x45th.ltd
841036,x4d6s7e8.com
841037,x4t6b9.com
841038,x4t9a.com
841039,x4u2a8.com
841040,x4z8q2n.com
841041,x54uj93.co
841042,x5555.com.pk
841043,x5555.net
841044,x57.bet
841045,x5748.com
841046,x5a3k6.com
841047,x5c2p7g.com
841048,x5i54.com
841049,x5j3hql.com
841050,x5k7a8.com
841051,x5l4l7.com
841052,x5mwkt.com
841053,x5p9r8.com
841054,x63xka0q.com
841055,x6666.net
841056,x69i5n91.com
841057,x6b722p.com
841058,x6bg4p0m5l.com
841059,x6e5r8.com
841060,x6f5b2.com
841061,x6j6a1j.com
841062,x6ktn.com
841063,x6l1p7.com
841064,x6m3t8.com
841065,x6o2g3.com
841066,x6p4d9r.com
841067,x6q4z9n.com
841068,x6q7x7.com
841069,x6sxpy.com
841070,x6t5k9.com
841071,x6w2k9.com
841072,x6x7h2.com
841073,x6z4q7n.com
841074,x77.jp
841075,x7705.com
841076,x7709.com
841077,x777.com
841078,x78fq9.com
841079,x78qdl.com
841080,x7a9c2e.com
841081,x7aa.com
841082,x7bet.bar
841083,x7bet.co
841084,x7bet.tv
841085,x7bet.tw
841086,x7bmw.com
841087,x7d9hrvo.com
841088,x7e3o0d.com
841089,x7k3m9p.com
841090,x7lve.com
841091,x7m4k2.com
841092,x7m5k2.com
841093,x7n3p8m.com
841094,x7n4k9x8.com
841095,x7qk9m2r.com
841096,x7s.games
841097,x7t4k2.com
841098,x7t4k9.com
841099,x7x7.bet
841100,x7z8q5n.com
841101,x8288y368v.com
841102,x82iw2d.com
841103,x855bb.com
841104,x855cc.com
841105,x855dd.com
841106,x855gg.com
841107,x855nn.com
841108,x855qq.com
841109,x88021.com
841110,x88297343.com
841111,x88lao.com
841112,x8d35q.com
841113,x8d4pn.com
841114,x8k1v1.com
841115,x8m1v3.com
841116,x8q2m7z.com
841117,x8z6v6.com
841118,x914lorvva.xyz
841119,x99jrigj4.com
841120,x9a4m6.com
841121,x9a4m7k.com
841122,x9cuj2ri.com
841123,x9fi3ghr4.com
841124,x9k2tb.com
841125,x9k3m7.com
841126,x9q4c3vn.com
841127,x9s.live
841128,x9ss.com
841129,x9uhox.com
841130,x9vip.org
841131,x9y6c8.com
841132,x9z7q3n.com
841133,xa0u6z.com
841134,xa129s.com
841135,xa2s7z.com
841136,xa888f0.com
841137,xa888f4.com
841138,xa888f5.com
841139,xa888f6.com
841140,xa888f7.com
841141,xa888f8.com
841142,xa888f9.com
841143,xa9w4z.com
841144,xaant.com
841145,xacompanhantes.com
841146,xacti-live.com
841147,xado.ua
841148,xadvshop.com
841149,xafiro.net
841150,xahgpejaiol.ru
841151,xakt.no
841152,xalaflix.fr
841153,xalaflix.online
841154,xalb365.com
841155,xalqtaliminfo.uz
841156,xam2fz.com
841157,xambre.com
841158,xamoz.com
841159,xandylearning.com
841160,xandyxelo.com
841161,xanimehub.com
841162,xao7lz.com
841163,xaos.mobi
841164,xaplu.com
841165,xaqjmczgnx.net
841166,xarena.pro
841167,xatrov.com
841168,xauto.md
841169,xaviperalta.com
841170,xaycon3.live
841171,xb5g6z.com
841172,xb5p6z.com
841173,xb8h7z.com
841174,xb9o9z.com
841175,xbajee10.club
841176,xbajee31.com
841177,xbet365.com.br
841178,xbet666.live
841179,xbet96.com
841180,xbetgreen7.com
841181,xbets.app
841182,xbets.mx
841183,xbhabi.com
841184,xbigster.com
841185,xbjili.com
841186,xbotmax.com
841187,xbox-360.org
841188,xbreetv.com
841189,xbri.com.br
841190,xbridge.my
841191,xbsports.vn
841192,xbsx.online
841193,xbwddwjed.com
841194,xc2a0z.com
841195,xc2p9z.com
841196,xc4a5z.com
841197,xc555.net
841198,xc69.org
841199,xc69c1.com
841200,xc6d4z.com
841201,xc7y8z.com
841202,xc9l5z.com
841203,xc9q4z.com
841204,xcard9.com
841205,xcashshop.com
841206,xcast.in
841207,xcelearn.com.my
841208,xcelis.com.br
841209,xcelvote.com
841210,xcglobe.com
841211,xchangeon.io
841212,xchat18.ru
841213,xcloudmining.com
841214,xclusiveplugs.com
841215,xclusivepulse.com.ng
841216,xcums.com
841217,xcustomer360app.com
841218,xcxc.fun
841219,xd235c.com
841220,xd3h8z.com
841221,xd5g2z.com
841222,xd8i1z.com
841223,xdabo.com
841224,xdamer.com
841225,xdj0zpsk3.com
841226,xdl9wz.com
841227,xdlxpprwqp.com
841228,xdnz.in.th
841229,xdpatent.com
841230,xdrive.am
841231,xdungeon.net
841232,xdxd.ai
841233,xdxd881.com
841234,xdxd882.com
841235,xdxd888.com
841236,xdxd889.com
841237,xe5e8z.com
841238,xe6b5z.com
841239,xe7a0tev.com
841240,xeamventures.com
841241,xedap.vn
841242,xedienmove.vn
841243,xefod.com
841244,xelansmarkets.com
841245,xelapan.net
841246,xellion.com
841247,xelon.network
841248,xeluottoantrung.com
841249,xemaydienvinfast.vn
841250,xemlichcatdien.com
841251,xemloz.com
841252,xemngay.com
841253,xemphim1.top
841254,xemsexvlx.vip
841255,xemtrai.top
841256,xemtv.net
841257,xena.biz
841258,xenea.io
841259,xeniaformals.com
841260,xenit.io
841261,xenodoxeio.gr
841262,xerapanel.com
841263,xerifao.com
841264,xeronote.co.kr
841265,xerov.com
841266,xetbcjiazj.com
841267,xevietnam.com
841268,xf2l3z.com
841269,xf4a1z.com
841270,xf5k4z.com
841271,xf8f9z.com
841272,xfact.es
841273,xfess.com
841274,xfin.com.br
841275,xfinityprepaid.com
841276,xfirebd.com
841277,xfoot.in
841278,xfulehub.online
841279,xfuren.com
841280,xfurnishing.com
841281,xg1o7z.com
841282,xg5b1z.com
841283,xgamblee.vip
841284,xgame-online.net
841285,xgame88.me
841286,xgamecenter.pl
841287,xgamemania.com
841288,xgb666.online
841289,xgc3h.com
841290,xgdmall.com
841291,xge0xauv.com
841292,xgeorgiame.pro
841293,xgf3lz.com
841294,xgifsbr.com
841295,xglcanyin.com
841296,xglobalbroker.com
841297,xgoal808v1.com
841298,xgozo.com
841299,xgruposdeputaria.com
841300,xguard.ca
841301,xgvaenc.com
841302,xh0h9z.com
841303,xh0n3z.com
841304,xh25a0d.com
841305,xh5q1z.com
841306,xh7u1z.com
841307,xh8t3z.com
841308,xh8z5z.com
841309,xhamsterapps.com
841310,xhamsterru.co
841311,xhandmore.site
841312,xhcoaching.life
841313,xhcreator.site
841314,xhdfriday.lat
841315,xhhunters.site
841316,xhjm6841.com
841317,xhmedia.life
841318,xhmedia.live
841319,xhpuh.lol
841320,xhr7uz.com
841321,xhteacher.site
841322,xhwe.life
841323,xhworld.live
841324,xi-mobility.co.il
841325,xi.co.kr
841326,xi0p0z.com
841327,xi163ieo.com
841328,xi20vkv0pf.com
841329,xi27894uvv.com
841330,xi288v7v4.com
841331,xi30f948vi.com
841332,xi38890gi4v.com
841333,xi39f99vi4.com
841334,xi3o1z.com
841335,xi5w6z.com
841336,xi5x2z.com
841337,xi5z9z.com
841338,xi8c7z.com
841339,xi8d9z.com
841340,xi90fo3kv4.com
841341,xiangcaochun.com
841342,xiangqiai.com
841343,xianshangzixun.com
841344,xianshangzixun.net
841345,xianzhu.cl
841346,xiao-dimsum.com
841347,xiaoaitoon.com.tr
841348,xiaogaoo.com
841349,xiaomi-store.co.ke
841350,xiaomidriver.com
841351,xiaomiflashtool.com
841352,xiaomiofficial.hu
841353,xiaomistore.co.cr
841354,xiaomistore.com.gt
841355,xiaomistore.com.sv
841356,xiaomistore.tn
841357,xiaomistorehanoi.com.vn
841358,xiaomistores.co.ke
841359,xiaonoodles.com
841360,xiaozh.xyz
841361,xiaozhuanhao.com
841362,xidr6.com
841363,xifhe7jc.com
841364,xiguashuwu5.com
841365,xilften.stream
841366,xilo.in
841367,xim.edu.in
841368,ximaro.com.ar
841369,xin88.one
841370,xindus.net
841371,xinerlink.cl
841372,xingbokep.tv
841373,xinh3x.me
841374,xinhaimining.ru
841375,xintaijz.com
841376,xinzuo.cz
841377,xiongteam.com
841378,xiutoto.net
841379,xiutotohq401.com
841380,xixbet2.com
841381,xj0t1z.com
841382,xj1m9z.com
841383,xj29f3jfj.com
841384,xj29fj44.com
841385,xj29gj2.com
841386,xj29gj45.com
841387,xj2l7z.com
841388,xj6u0z.com
841389,xj8d3z.com
841390,xjaps.com
841391,xjav.club
841392,xjcqhsc.xyz
841393,xjeans.eu
841394,xjko6a.com
841395,xjq4tz.com
841396,xjsh829sk-sa2kybx.com
841397,xjsj82jwjsa.com
841398,xjuegosprox.com
841399,xjwin-hello.com
841400,xjwin.app
841401,xjwin0.com
841402,xjwin43.com
841403,xjwin45.com
841404,xjwin46.com
841405,xjxj01.com
841406,xjxj88a.com
841407,xjxj99a.com
841408,xjxnworld.lol
841409,xk1k3z.com
841410,xk1s5z.com
841411,xk5p3z.com
841412,xk7a6z.com
841413,xk7w5z.com
841414,xk92sww.com
841415,xkajk91j.com
841416,xkazakh.com
841417,xkgtmof7.com
841418,xkjvbjjgk.com
841419,xklash.com
841420,xkomics.com
841421,xkrbt88s.com
841422,xkreeda.com
841423,xks918s.com
841424,xksjahhwjdwud.com
841425,xkyrgyz.com
841426,xl-education.co.uk
841427,xl0p6z.com
841428,xl0z7z.com
841429,xl4p2z.com
841430,xl6n1z.com
841431,xl6w1z.com
841432,xlagenda.nl
841433,xlgey59824.com
841434,xlist.gr
841435,xlist.hr
841436,xlist.lv
841437,xlist.rs
841438,xlist.si
841439,xlncperfumery.com
841440,xlokug0.com
841441,xloterias.com.br
841442,xloto.ro
841443,xlshop.com.ar
841444,xlsistemas.com.br
841445,xlsuk.com
841446,xlxsg3t.cc
841447,xm1985.com
841448,xm4q2z.com
841449,xm66.io
841450,xm7t2z.com
841451,xm9u9z.com
841452,xmaal.org
841453,xmaduras.com
841454,xmalaytv.com
841455,xman247.com
841456,xman91.com
841457,xmaza.watch
841458,xmaza2.net
841459,xmazaa.in
841460,xme.bio
841461,xmed.pk
841462,xmediasmm.in
841463,xmen.in
841464,xmfyy.com
841465,xmg2.com
841466,xmhelper.com
841467,xmidget.com
841468,xmilasik.com
841469,xml-acronym-demystifier.org
841470,xmobila.ro
841471,xmobile.lk
841472,xmoto.rs
841473,xmove.info
841474,xmpay.me
841475,xmqianyi.com
841476,xmthemes.com
841477,xmu.md
841478,xmxhty.com
841479,xmxporn.vip
841480,xmyea8.com
841481,xn-----6kcbbbzkggmd0acj7ao7b1am6kxb.xn--p1ai
841482,xn-----dlcbpbgqr8a9ao3o.org
841483,xn----7sbbaqhlkm9ah9aiq.net
841484,xn----7sbp5acdcbglem6d.net
841485,xn----dtbqigoecuc.xn--p1ai
841486,xn----ftbomobdq1b9f.xn--j1amh
841487,xn----gtb7b.xn--p1ai
841488,xn----gtbbcgk3eei.xn--p1ai
841489,xn----itbzcbbeebeq.org
841490,xn----jtbhede0biaeco.cc
841491,xn----jtbisccbfkql9b.net
841492,xn----twf6a0fxbbu.com
841493,xn---88-3ml6bqp5a9iqh.net
841494,xn---899-zeoa8qb4gtei1hwe.net
841495,xn--03ck3an.com
841496,xn--03cq4ao.com
841497,xn--07-y04c374dtms9wjkmh.com
841498,xn--1-3k1fr9j3xd8tm.com
841499,xn--1-5wf1ij2b.com
841500,xn--1-5wf2bxf3b6c4c.com
841501,xn--1-7wf1ftat9b8j.com
841502,xn--1-8xfvxs4d.com
841503,xn--1-wxfa8cq9a6ftc6c.net
841504,xn--100-1kl1e1c8a5av.net
841505,xn--100-1kl4i3a1a0a5n.xyz
841506,xn--100-3ml1bfb3b9a6f.net
841507,xn--100-3mle3c8a5a5dvn.net
841508,xn--100-7ml1b2ab5a0qtc.cc
841509,xn--100-nml0d3a1a3b2l5c.live
841510,xn--100-pkl3a7lg6a9t.com
841511,xn--100-pklp0i7bxhxi.live
841512,xn--100-pklp0i7bxhxi.net
841513,xn--1000-eho0p3b.com
841514,xn--1000-pho7b7ab9a5q0c.life
841515,xn--12c1bpbba3dcfr1jra8c9bzgl.com
841516,xn--12c1bqe6bp7cc4bxq.net
841517,xn--12c1cbax6bb2b1aa5b2rzd.com
841518,xn--12c2b2bzak7aj0a7jrc.xn--mk1bu44c
841519,xn--12c2bo1ih.net
841520,xn--12c2dtacaz7ce.com
841521,xn--12c3baq0a1alg9bwc7c6b7j2e.com
841522,xn--12c3bn5erbzfuc.com
841523,xn--12c4b8ai.net
841524,xn--12c8bgwjo1ea1oza.com
841525,xn--12cas3cda8ipa7cb5a7c1ik9o.com
841526,xn--12cfjb8g6bl2ezag5e8e9e.com
841527,xn--12cl7cd0bo9gf0s.com
841528,xn--12cl7cj4a8c1bl5l7c.tv
841529,xn--12cle9d9do0am6j1cya.net
841530,xn--12cm2bul1b3dm5bf3fwf0d.com
841531,xn--12cmb2ccf5rsb7e.net
841532,xn--12cr3ayd4cc5c1a6ccp8m.com
841533,xn--12cu3a6da8bzbn1oqa.com
841534,xn--159-fml4d5f.net
841535,xn--15qt0wu7lpv5a.com
841536,xn--168-1kla9gn5n9bwg.life
841537,xn--168-1kle9mg6a0g.com
841538,xn--168-1klzimbtj9c.tech
841539,xn--168-hklza0hvdrdtjuc.online
841540,xn--168-pklo7f3dzfm2x.xyz
841541,xn--168-vmlaqb6qse.com
841542,xn--18-3qi3czap1ixbe1f6j.com
841543,xn--1843-cs8qi32c.com
841544,xn--1lqq6xnrtyv2a.com
841545,xn--2-2x5e11dq0h44hg2f0wc.com
841546,xn--2-3k1fr9j3xd8tm.com
841547,xn--2-wxf5bbzq1f1dc2e.com
841548,xn--2-wxfa8cvioa7at.com
841549,xn--2-wxfj6bc2au8dugxb2a.com
841550,xn--22-3qi8lod.com
841551,xn--222-dkl3a0nod8a0i.com
841552,xn--22c0djhh5cxh4c.com
841553,xn--22ck7cb1jua6f.com
841554,xn--24-3qi4cxa1ivb8a.com
841555,xn--24-5qi8lod.net
841556,xn--24-6qizc3a1fyevd5a0b.online
841557,xn--24-6qizc3a2c7ab9a0h4evb6b.com
841558,xn--24-8qizc4j8c.com
841559,xn--24-oqizgj5g1b4c.com
841560,xn--24-oqizgj5g1b4c.net
841561,xn--299a27ivyvp0c5uh.com
841562,xn--2g3bo4hg5g8pi.net
841563,xn--2j1b43k3tao42a6rn.com
841564,xn--2j1bu6kf3fc4ec0cjiy44g.com
841565,xn--2o2b17hp4igtm.com
841566,xn--2q1bl84a.live
841567,xn--2q1bm5w1qdbqaq6cwvm.com
841568,xn--3-2xf6abcy3a4fvg.net
841569,xn--3-5wf2bba1ap9j6b6d2dwa2ewb.com
841570,xn--3-hyflnhvc6c.com
841571,xn--3-twfr5eca7fybuba7b1n9byb1f.com
841572,xn--3-wxfa4g3bvd6b.com
841573,xn--300bicode-t1a.vn
841574,xn--35-3qi4duf.com
841575,xn--365-dkl4f3a2qka.com
841576,xn--365-illyh3a1ap3gui.com
841577,xn--37-dlcmno3cf.xn--p1ai
841578,xn--3ck9bufp53k34z.com
841579,xn--3ck9bufx57qt3a.com
841580,xn--3e0b036btifksj.com
841581,xn--3mry9k0onggk.com
841582,xn--3x3b05w.com
841583,xn--4-zwf1dh0cwczd6f.com
841584,xn--42c4dpaaaw4fb2i.com
841585,xn--42c6auzrb5bc0fzb5hsc.com
841586,xn--42c6ba9gtd.com
841587,xn--42cf7cgd3cvc8be0ood.cc
841588,xn--42cfj6lodo.live
841589,xn--42cg6bt8aw0b4ce5a.net
841590,xn--42cgh7c4f8e.com
841591,xn--42cgh7gb8g4a5gqc.online
841592,xn--42cgh9lodj.com
841593,xn--42cl0ca2hza8i.com
841594,xn--42cl2evb9ayg.net
841595,xn--42cl4e4cwd.net
841596,xn--42cl8aa0d0a0d2cvgf2f.com
841597,xn--42cm5aa4ej0dc7e8eea6h.com
841598,xn--432-1klzimcva5a0k.net
841599,xn--432-nmlak1fya6e5kqa3b4a.net
841600,xn--43c1d.today
841601,xn--53-grizbya9cwfqfwe.net
841602,xn--6-2xf5bza7abw1ml.com
841603,xn--6-5wf7cb3evaq0ae7b1h.com
841604,xn--64-6kcadcgv0a4axp4bhes.xn--p1ai
841605,xn--678-pklo9m4a.com
841606,xn--69-uqi5m9an.com
841607,xn--7-v10fo35av1l.com
841608,xn--71-emcpla.xn--p1ai
841609,xn--72c0a2e4a3c.site
841610,xn--72c0aaavn3i1bzisa2dva.com
841611,xn--72c0be6gl2ec0g.com
841612,xn--72c0de8azcwc.com
841613,xn--72c1f6b0a.com
841614,xn--72c5al1aqj1av7b.com
841615,xn--72c6aej0bzc2b7ita3d.tv
841616,xn--72c9ah5d5a0hpc.cc
841617,xn--72c9aha0f8ad1l6bi.com
841618,xn--72c9ahmp9c1bm4lpcta.net
841619,xn--72ca2b0c1ao1f3d8c.com
841620,xn--72ca2b0c1ao1f3d8c.net
841621,xn--72cb5fo1eue.com
841622,xn--72cbb5hgv1a0f2g.com
841623,xn--72ch0adv0d1dxbn6a1jwcff.com
841624,xn--72cm8acib1i1bzb5a9h7cci.com
841625,xn--72crv9bb1acjv1hqfra.net
841626,xn--72czafr8em4c3j5c1a.com
841627,xn--72czpbj0b2dc9cd5frfre6a.com
841628,xn--72czpj4a8cd9b4d0em6dwa.cc
841629,xn--72czpjuy5c8b0b6a0h8d.com
841630,xn--789-pkl3a3g9hye2d.online
841631,xn--8-2c6ey94cplb912angi.com
841632,xn--80-lqi7kya3c.net
841633,xn--80aaagziopneizdeg1f.xn--p1ai
841634,xn--80aaahi2bjaklrrng.xn--p1ai
841635,xn--80aabfnd8aeltyug.xn--90ais
841636,xn--80aabp1a.org
841637,xn--80aaca4anio2db.xn--p1ai
841638,xn--80aakefzudug.xn--p1ai
841639,xn--80aaukc.xn--j1amh
841640,xn--80aayhhb9f.org
841641,xn--80ad6ae.xn--90ais
841642,xn--80ad6b1e.xn--j1amh
841643,xn--80addfupareb3a4oi.xn--p1ai
841644,xn--80adisc4bc1a.org
841645,xn--80adpjt8fya.xn--p1ai
841646,xn--80ahdlidrhws.xn--p1ai
841647,xn--80aikcmnyq9bye.xn--p1ai
841648,xn--80ajrjcbe1a2b.xn--j1amh
841649,xn--80akfzggd8ff.xn--90ais
841650,xn--80aneaalhfjfdkj7ah7o.xn--p1ai
841651,xn--80aodq4af.xn--90ais
841652,xn--80aqfdmgpk1i.xn--p1ai
841653,xn--80aqfgb.cc
841654,xn--80aqijcx.xn--p1ai
841655,xn--80atidehw4b.tv
841656,xn--82c3ag8aey6eth.world
841657,xn--82c4a3acitxe0e2c6d7e.net
841658,xn--82c5dra8a2c.xyz
841659,xn--82ck2dj9f3cf1d.com
841660,xn--82ck3g8b8b6ar.com
841661,xn--82ck4a2aucc6ixa1j5f.com
841662,xn--82cx3h8b.live
841663,xn--82cxp5brvqd2dzgc1m.com
841664,xn--88-3qi1el7gxb7izc.com
841665,xn--8888-fw0hc.com
841666,xn--8888-um1gc.com
841667,xn--889-dkl3a3jub9hl.live
841668,xn--899-1klt9rubk.store
841669,xn--899-1klyff2f2e3i.online
841670,xn--8idx8ayd.com
841671,xn--90aala0adcvdb6p.xn--p1ai
841672,xn--95-drizgg6c2bg.com
841673,xn--99-3qi1el7gxb7izc.com
841674,xn--999-1klea5pj6kxa9s.com
841675,xn--9dbcb2e.com
841676,xn--9i2bm5b28j1sr.com
841677,xn--9k3b21rv1k.com
841678,xn--9m1b023b.com
841679,xn--9p4bn1ysod.com
841680,xn--9w3bn72a12a32d.com
841681,xn--av-t21i858e.com
841682,xn--av-t21it41j.com
841683,xn--b1aga8bi.xn--90ais
841684,xn--b20bm22asoet3o.com
841685,xn--b3c0avqdk0gsk.live
841686,xn--b3c1cccrc3eul.net
841687,xn--b3c3ap8a0c0a.com
841688,xn--bblia-zsa.org
841689,xn--bctoto-9jb.com
841690,xn--bdka7fb.jp
841691,xn--bokstver-4za.com
841692,xn--bote--fusibles-kgb4t.com
841693,xn--c04b.com
841694,xn--c1abb1amf0j.cc
841695,xn--c3c2azatcu3mb7e.com
841696,xn--cck4d8b3009a.com
841697,xn--colegiodivinonio-lub.com
841698,xn--cw0bw33b.com
841699,xn--cw4by8v.com
841700,xn--d1aqecbkek.org
841701,xn--diariocaada-8db.com
841702,xn--e1afbimzh3a.tv
841703,xn--e1afprfv.live
841704,xn--e1alcpii.xn--p1ai
841705,xn--eckva8a8753d891ahyf.jp
841706,xn--eckvas1f0ewfnc.com
841707,xn--fckq3frd3c.com
841708,xn--fgelsng-exae.se
841709,xn--fhqz97e6j2aqxg.com
841710,xn--gdkzb6a090wkhj.com
841711,xn--grsklipparbutiken-rqb.se
841712,xn--h1aiddmc6e.xn--p1ai
841713,xn--he5b74s1ob.com
841714,xn--hhr917d3fecva.net
841715,xn--hy1ba219kba.com
841716,xn--i0yt6h0rn.tw
841717,xn--i1bj7b6b9a3bzdb2d9d3c.com
841718,xn--j9jk9cvjrdzf.com
841719,xn--js0b77vw8duzi.com
841720,xn--k3cpwcc7akh8cvb2l1d.com
841721,xn--kb-qc2i744c8kx.com
841722,xn--kck4cd0rr81nve5b.xyz
841723,xn--kigdm77-d1a13e.com
841724,xn--ktrx04c7m3a.com
841725,xn--l3c9b4ab.com
841726,xn--l3ca4b7ae4dwdvc.com
841727,xn--l3cbn7ayax1e6f7b.live
841728,xn--l8j1bc5q3j0b6aza3jveubz658g7eqi.jp
841729,xn--lamaanaonline-lkb.com.ar
841730,xn--lineid-z35ju46hhfh3i0cud3c.com
841731,xn--lintujen-net-ocba.net
841732,xn--lu5b7kx8m.kr
841733,xn--m3ca9ahb7hd7a.com
841734,xn--mandsgerpik-kgb.dk
841735,xn--mgbqq.com
841736,xn--motorsgsbutiken-mlb.se
841737,xn--n8jiej7isd4fqc3561bnnud16n0p1dju3b.com
841738,xn--ngba0a3egfs.com
841739,xn--nidbj6dyabq7kbmwt7gvagfhm.com
841740,xn--o39a11om2k31f63b.com
841741,xn--o3cd0aceu1as7dn8w.com
841742,xn--o3cdoacolg0kya1d8d8exc.online
841743,xn--ob0b92fg5miyde5grvdb2w.com
841744,xn--of0bw19bppk.com
841745,xn--ogbjjc1f.com
841746,xn--ok0bj0i6sfoyp9no.com
841747,xn--ortopediaortoespaa-30b.es
841748,xn--p8jmdw6at7eg3d3i1fyc3346kltqb.site
841749,xn--policedcriture-hkb.com
841750,xn--prssishknhinta-bib6zia.com
841751,xn--pxtr7m.link
841752,xn--q3cawb7fc6hd4de.com
841753,xn--q3cawb7fc6hd4de.net
841754,xn--q3chc1fd.com
841755,xn--qh3bm19a5ic.net
841756,xn--qunh-w25a.vn
841757,xn--r3ca8bwb1a.com
841758,xn--r3cqcoc0m0b.com
841759,xn--r3crbq1a0a2o.com
841760,xn--s39aj90b0nb2xw6xh.kr
841761,xn--stadtmhle-waldenbuch-uec.de
841762,xn--sucreasxxx-x9a.com
841763,xn--todobao-9za.es
841764,xn--toro4knyx9r3b.com
841765,xn--tv-9z9j31p.com
841766,xn--u9j5h1btf1ez99qnszei5c8ws.com
841767,xn--u9ju32nzfa40tzxc.com
841768,xn--u9jw87h6tdi4hqls.com
841769,xn--udk1b673pynnijsb3h8izqr1a.com
841770,xn--v3coi4b5e.net
841771,xn--vindn-qra.no
841772,xn--vk1bn0kvydxrlprb.com
841773,xn--vm4bp62a.com
841774,xn--vm4bv8gs4j11b.com
841775,xn--vus323aq5hpc.com
841776,xn--vus36bi1u00ebrhfqr.com
841777,xn--vus55edu0asl7a.com
841778,xn--vus595bqtd5v4b.com
841779,xn--vus92e061agih.com
841780,xn--vus92edew37f.com
841781,xn--vusp5f97ae05b.com
841782,xn--vusr04azqez2e.com
841783,xn--vusr8zrqh3jc.com
841784,xn--vustkv14dl2z.com
841785,xn--vusv20bemcy3f.com
841786,xn--vusv50b2pfxrs.com
841787,xn--vusv7ew9zzp8a.com
841788,xn--w8jya8bn.com
841789,xn--wrdle-vua.dk
841790,xn--y3cczal9b.com
841791,xn--y8jwb6b8e.tokyo
841792,xn--z3ccgfbv0e0e5e.net
841793,xn--z92bu1i0sh.kr
841794,xn158uz.com
841795,xn1b7z.com
841796,xn1o6z.com
841797,xn3y4z.com
841798,xn4q6z.com
841799,xn9h1z.com
841800,xn9r0z.com
841801,xnc8h4mc.com
841802,xneek.com
841803,xnhau.skin
841804,xnovarevolution.net
841805,xnrvjo.com
841806,xnxbhabhi.club
841807,xnxx3.us
841808,xnxxfr.org
841809,xnxxlive.org
841810,xnxxnx.info
841811,xnxxpornfuck.com
841812,xnxxsexhd.org
841813,xnxxvids.net
841814,xo268play.com
841815,xo268v3.com
841816,xo368paten.com
841817,xo4d5.space
841818,xo4s8z.com
841819,xo7.games
841820,xo7789545456.net
841821,xo7789545456.vip
841822,xo789.blog
841823,xo78945454426.com
841824,xoanstore.vn
841825,xocollection.com
841826,xodopdf.com
841827,xoflix.com
841828,xofun88.com
841829,xoi0ez.com
841830,xoilac.hot
841831,xojl898.com
841832,xomarket.com.tr
841833,xonados.net
841834,xonebetv8.com
841835,xoomia.com
841836,xorder.jp
841837,xorgasmo.org
841838,xorgasmos.net
841839,xorijdaish.uz
841840,xoso66m.com
841841,xoso66mobile.website
841842,xoso888vn.vip
841843,xosobinhduong.com.vn
841844,xosodaiiphat.com
841845,xosodt68.com
841846,xosomienbac247.tv
841847,xosomientrung.net
841848,xossipi.com
841849,xotogel.com
841850,xovic.com
841851,xowfh.com
841852,xox66v1.com
841853,xoxo.win
841854,xoxostickers.net
841855,xoxostore.pk
841856,xoxotando.com.br
841857,xp-pen.co.in
841858,xp0a7z.com
841859,xp2v3z.com
841860,xp5e6z.com
841861,xp786.com
841862,xpanas.tokyo
841863,xpanashot.pro
841864,xpand.io
841865,xpanel.live
841866,xpayin.in
841867,xpayserv-fin.com
841868,xpboost.cz
841869,xpcgamex.net
841870,xpengitalia.it
841871,xpensa.net
841872,xperiacoverstore.jp
841873,xperp.co.kr
841874,xpersonatoy.com
841875,xperta.es
841876,xphevkl.blog
841877,xphones.in
841878,xpipole.com
841879,xpips.com
841880,xpl.ph
841881,xplace.com.br
841882,xplatform.com.br
841883,xplore.net
841884,xpomarkets.co
841885,xporno.hu
841886,xposeserver.com
841887,xpossible.com
841888,xpr6nq7tka.com
841889,xpressflower.com
841890,xprime.live
841891,xprimeacademia.com.br
841892,xpronhub.com
841893,xpropanel.onl
841894,xproteineg.com
841895,xpsjobs.ph
841896,xpsusa.com
841897,xpv23.com
841898,xpvg7coc.com
841899,xq1q1z.com
841900,xq3w5z.com
841901,xq3y3z.com
841902,xq4g1z.com
841903,xq4r1z.com
841904,xq4v7z.com
841905,xq6d4z.com
841906,xq6n4z.com
841907,xq6r1z.com
841908,xq7go.com
841909,xq7m9k3a.com
841910,xq8z5z.com
841911,xqgjeyw.com
841912,xqv7nk2rza.com
841913,xqzda.com
841914,xr.ac.kr
841915,xr1c9z.com
841916,xr1f4z.com
841917,xr1g3z.com
841918,xr1h5z.com
841919,xr1k6z.com
841920,xr1m4z.com
841921,xr2b4z.com
841922,xr3e7z.com
841923,xr3r6z.com
841924,xr4e2z.com
841925,xr6g0z.com
841926,xr6k7z.com
841927,xr7m8z.com
841928,xracademy-pl.com
841929,xrares.org
841930,xred2.net
841931,xreddyanna.com
841932,xreels.it
841933,xrfcaxv5c7.com
841934,xrpfast.live
841935,xrskworld.beauty
841936,xs0p0z.com
841937,xs0q5z.com
841938,xs63a.xyz
841939,xs6m3z.com
841940,xs6m9z.com
841941,xs7.fun
841942,xs7e0z.com
841943,xscenes.top
841944,xsharing.cc
841945,xshop.md
841946,xsjtryyvue.com
841947,xskeno.net
841948,xskt.me
841949,xsl.com.br
841950,xslotpg.run
841951,xsmega645.com
841952,xsomosvirales.online
841953,xspace888.cc
841954,xspin88.casino
841955,xspin88a.com
841956,xssokk.vip
841957,xst9fz.com
841958,xstc4.com
841959,xsthm.com
841960,xstory.pl
841961,xsubtr.top
841962,xswift.biz
841963,xswiper.com
841964,xszj.tw
841965,xt0c0z.com
841966,xt3l6z.com
841967,xt3trwd.com
841968,xt446.com
841969,xt4a1z.com
841970,xt5543gi33.com
841971,xt5c7z.com
841972,xt7y6z.com
841973,xt8t3z.com
841974,xtart.com
841975,xtepindia.com
841976,xthaired.com
841977,xticket.cz
841978,xtkvnaxze7.com
841979,xtoreyvirtual.net
841980,xtorrent.com.br
841981,xtotojuara94.xyz
841982,xtra.lv
841983,xtrabet79.pro
841984,xtracking.co
841985,xtralogstools.com
841986,xtrapowertools.com
841987,xtravieso.com
841988,xtrem.cl
841989,xtremecard.com.mx
841990,xtrmworld.fr
841991,xtusubs.com
841992,xtvcms.com
841993,xtwgz.uk
841994,xu289vv35.com
841995,xu37f83vvir.com
841996,xu39fj30.com
841997,xu55bb.com
841998,xu55cc.com
841999,xu55dd.com
842000,xu55gg.com
842001,xu55nn.com
842002,xu55qq.com
842003,xu55yy.com
842004,xu5i3z.com
842005,xu6bqpew.com
842006,xu9o1z.com
842007,xuanen.com.tw
842008,xuanyantang.com
842009,xucraoboots.com.br
842010,xuetk.vip
842011,xufu789.co
842012,xuk5f.com
842013,xul3kz.com
842014,xulynuocvietphat.com
842015,xunbao178.com
842016,xundress.com
842017,xuper-tv.com
842018,xupertvcodigo.com
842019,xupingir.com
842020,xurqo.qpon
842021,xutala.com
842022,xuxlvkqfyj.com
842023,xuxumilo.site
842024,xv4k2z.com
842025,xv77vx.com
842026,xv7r5z.com
842027,xvazado.com
842028,xvgv642ea.shop
842029,xvideo-thai.com
842030,xvideo001.com
842031,xvideoindian.org
842032,xvideos18.blog.br
842033,xvideosdesi.online
842034,xvideosdownloader.net
842035,xvideoshd.blog.br
842036,xvideosporn.blog
842037,xvidey.cam
842038,xvidioporno.com
842039,xvidoes.co
842040,xview.mx
842041,xvnajd2777wamjd.com
842042,xw2yt8.com
842043,xw5e4z.com
842044,xw6n2z.com
842045,xw8d7z.com
842046,xw9e4z.com
842047,xwasdpt.com
842048,xway777.com
842049,xwcoinol.com
842050,xwin000.com
842051,xwin34.com
842052,xwin37.com
842053,xwin96.com
842054,xwine.club
842055,xwood.cam
842056,xwui893fj3.com
842057,xwxdyo.com
842058,xwy3fz.com
842059,xwzw7.com
842060,xx-zo.com
842061,xx1v0z.com
842062,xx3h0z.com
842063,xx5-in.com
842064,xx5.game
842065,xx5v0z.com
842066,xx6-in.com
842067,xx6.game
842068,xx7-in.com
842069,xx7.win
842070,xx7e8z.com
842071,xx88gift.com
842072,xx88k.com
842073,xx88note.com
842074,xx8v5.com
842075,xx8v6.com
842076,xx8v7.com
842077,xx8v8.com
842078,xx8v9.com
842079,xx99917.com
842080,xxaa.co
842081,xxav.one
842082,xxbus23.top
842083,xxc3ri123xx.space
842084,xxc3risl0txx.site
842085,xxcxubf.com
842086,xxdep.com
842087,xxgfxvi2.com
842088,xxggf2.com
842089,xxggh.com
842090,xxggz2.com
842091,xxggzq.com
842092,xxmon23.top
842093,xxn02i.com
842094,xxnx.mobi
842095,xxnxx2018.net
842096,xxnxxhindi.com
842097,xxtm4qp5.com
842098,xxvideos.xxx
842099,xxvip33.com
842100,xxx-999.net
842101,xxx-brawl.xyz
842102,xxx-game.org
842103,xxx-torrent.net
842104,xxx-videos.blog
842105,xxx.com.ro
842106,xxx.hair
842107,xxx.ht
842108,xxx.video
842109,xxx777x00.com
842110,xxx777x11.com
842111,xxx777x33.com
842112,xxxbf.com
842113,xxxchudai.icu
842114,xxxclub.me
842115,xxxcoc.com
842116,xxxdee2.me
842117,xxxdit.com
842118,xxxdominicana.com
842119,xxxdominicano.com
842120,xxxfap.cc
842121,xxxfree.app
842122,xxxgaysporno.com
842123,xxxhindi.com.co
842124,xxxhinthi.com
842125,xxxindian.org
842126,xxxjavporn.com
842127,xxxkama.com
842128,xxxlon.pro
842129,xxxmms.com
842130,xxxmmsub.com
842131,xxxmobfa.com
842132,xxxmoby.com
842133,xxxmov.co
842134,xxxn.onl
842135,xxxnxxx.org
842136,xxxpanda.com
842137,xxxsona.com
842138,xxxtik.app
842139,xxxtime.video
842140,xxxtorrent.net
842141,xxxtrungquoc.pro
842142,xxxtubeasia.com
842143,xxxvideo.vip
842144,xxxvideo18.org
842145,xxxvideos.kim
842146,xxxwis.com
842147,xy0l9z.com
842148,xy4d5z.com
842149,xy7bs.com
842150,xyab.com
842151,xyc3tq.com
842152,xyflz9.com
842153,xystcinema.com
842154,xyu365.com
842155,xyyy.live
842156,xyz33aca.com
842157,xyz388-utama.com
842158,xyzbwnn7.forum
842159,xyzcardpay2.com
842160,xyzklub.us
842161,xyzplanet.site
842162,xyzrummy.com
842163,xyzzu66.com
842164,xz0q2z.com
842165,xz1d7z.com
842166,xz2o7z.com
842167,xz3l2z.com
842168,xz5g.vip
842169,xz8b4z.com
842170,xz8c7z.com
842171,xzh8k3.com
842172,xzlsv8.com
842173,xzn2x3.com
842174,xzn6z1.com
842175,xzone.sk
842176,xzq5c6.com
842177,xzz0n6.com
842178,xzz3mvtftsa.com
844388,xofast.net
844520,xxxxselfie.com
844574,xheat.ai
844657,xiangqiclub.com
844714,xdms.co.za
844724,xn-----elcahffngcif9bjk1b7a3e8dh.xn--p1ai
844762,xn--kgbec7hm.my
844829,xraydns.top
845284,xvcuritiba.com.br
845381,xingmingzhijia.com
845435,xn----7sbfkcc2c3a.xn--p1ai
845562,xldevel.com
845648,xlrelatinamerica.com
845667,xttv.at
845883,x-trojmiasto.pl
845884,xoilaczwwz.tv
846059,xpc.edu.cn
846188,xssk.net
846260,xlcatlinmkt.co.uk
846276,xinlifilms.com
846465,xbyb.shop
846466,xdsg.shop
846467,xmcnfn.mobi
846468,xmzcnfxz.cn
846696,xlpd.us
846718,xvideogratuit.com
847145,xueanquan.com
847234,xiaoz.org
847408,xinnet.cn
847471,xn--surdurulebilirtarmsigortas-b6dj.com
847593,xlcatlin-test.com
847608,xlcatlin.tn
847616,xlinnovate-axa.info
847728,xtranet.sk
847793,xberryx.com
847841,xiaomengai.com
847861,xnxx109.com
847880,xlcatlin-underwriting-agency.net
847890,xlcatlinunderwritingagencies.com
847939,xn--yq5b.xn--3e0b707e
848076,xchange.fund
848082,xiaokudang.com
848156,xmbxg.com.cn
848198,xlcatlinasia.com
848235,xlgroupaxa.co.uk
848256,xiaoji001.com
848328,xexarivo.com
848502,xlglobalcargo.com
848515,xn----7sbxaacjcecfthkd3dca2q9b.xn--p1ai
848782,xpornitu.pro
848833,xllatinamerica.com
848848,xxxvideoskeep.com
848953,xiaoca.top
848975,xn----8sbmnfeuhiwe3n.xn--p1ai
849088,xmos.tv
849127,xburn.online
849170,xkb9t27.com
849179,xlsurety.com
849230,x3on.com
849247,xlrela.net
849649,x888url.com
849776,xeropex.com
849995,xn--9w3b21lvvn.com
850151,xxsscepxx.blog
850219,xxx4free.cc
850310,xhamster.net
850444,xlgaps.net
850649,xai-chain.net
850696,x3000.com
850730,xlenviroment.com
850845,xl-gap.com
851027,xlenv.biz
851067,xlcatlincip.com
851101,xl-fa.net
851341,xxxnanas.com
851355,xinehq.de
851516,xbloom.com
851550,xn--c1aid4a5e.xn--p1ai
851566,xn--2020-f4dsa7cb5cl7h.xn--p1ai
851726,xovi.com
851884,xorg.pl
851988,x86labs.org
852169,xjj3.cc
852205,xn----btbbc1bctice0bhec4i.xn--p1ai
852255,xinzhutids.com
852352,xlrelife.net
852456,xn----dtbb0acrfbdb4ax5czi.xn--p1ai
852473,xlre-europe.com
852556,xxxtubes.party
852610,xpart.tech
852800,xwikiplayground.org
853121,xaydung.gov.vn
853125,xogx.com
853250,xlcatlin.lt
853276,xn--73-6kcai1b3bpglb5c0gc.xn--p1ai
853372,xzxz11111.com
853394,xlser.net
853508,xn--72c0anj1fqy6jqa5cya.net
853605,xlcatlin-riskmanager.com
853816,xoilacxyw.io
854105,xs26.com
854358,xlcatlingroupltd.de
854398,xlgroupplc.bo
854413,xfollow.com
854437,xrex.io
854578,xceednet.com
854646,xenocom.com
854689,xlwi.net
854781,xena.wtf
854875,xlcatlinaxa.biz
855049,xmailserver.org
855051,xchat.life
855157,xlcatlinreamerica.com
855510,xlcatlin-underwriting-agency.com
855548,xnc.de
855662,xsextubes.com
855795,xn--hk3b17f.xn--3e0b707e
855805,xmodafinil.com
856154,xlxwindfg.com
856268,xl-catlin.com
856323,xdnsnet.com
856342,xbioo.com
856343,xfeetx.pro
856378,xlabs.ir
856470,xn--tarmtamam-xpb.com.tr
856547,xlcatlingateway.com
856925,xlre.eu
856995,xxb.mobi
857029,xiretza.xyz
857154,xchess.ru
857336,xmail.ru
857386,xlcatlin-axa.biz
857527,xn--4k0b43gkwo4gn.com
857565,xlinnovate-axa.fr
857598,xnxx-fans.rest
857672,xiguacity.cn
857690,xlgroupaxa.biz
857721,xn--90aindnfsk7h.xn--p1ai
857787,xlear.com
858111,xinyiit.com
858254,xiannitxt.com
858321,xfdu.shop
858341,x-tensive.com
858910,xtrareal.tv
858956,xxxanalweb.com
859036,xerox.fr
859227,xfinitymobile.com
859383,xi.com.au
859477,xlcatlinaxa.eu
859502,xlcatlingroupplc.in
859666,xlcatlininsurance.de
860172,xn----ftbbdqbfef1aeksimm8m.xn--p1ai
860284,xordns.net
860535,xsolox.pro
860576,xlcatlin.no
860657,xn--11b3cgab9b4bm5d.xn--h2brj9c
860690,xsalto.com
860780,xifhzu.com
860784,xiag.de
860891,xbfzb.com
860916,xn--80ajbekothchmme5j.xn--p1ai
861140,xn--tamamlayactarmsigortas-vlddj.com
861514,xboxforum.pl
861515,xheiyan.org
861516,xiamidushu.com
861517,xjweather.com
861518,xn--pe-dr6c759czfk8jxdlr.xn--fiqs8s
861663,xelecey.com
861668,xlcatlinfleetdirections.net
861773,xjoy.ai
861784,xn--80aapgyievp4gwb.xn--p1ai
861933,xenforo.cloud
862020,xonecloud.com
862072,xinfeite.com
862248,xo9rcv.vip
862275,xupsupport.com
862329,xddns.de
862393,xlfinancialproducts.com
862429,xlinsurance.co
862505,x4pcbz02.xyz
862522,xpickup.com
862757,xlenergy.com
862938,xiag.net
863011,xwinsoo.win
863297,xuhui.gov.cn
863418,xjhuazun.com
863674,xpovx.pro
863695,xxximg.art
863781,xhhm.shop
863838,xdnstatic.com
863997,x90win.com
864010,xlcatlinserv.com
864721,xpace.store
864876,xlcatlinrelatinamerica.com
864893,xn--2i0bm4p0sf2wh.store
865220,xxx-scenes.com
865408,xz7.com
865484,xiaoshuohang.com
865493,xinglinpukang.com
865508,xxbiquge.la
865535,xmlangmeng.com
865858,xs177.com
865993,xn--j1al4b.xn--p1ai
866054,xiaomistoreph.com
866071,xsbl.net
866168,xlpub.com
866173,xlcatlinaxa.net
866224,xai533k.com
866256,xh-by.com
866453,xlgroup.bo
866476,xiag.com
866493,xn--80aaathcjl1c6a5c.xn--p1ai
866565,xinfengwenxue.com
866612,xanmod.org
866680,xwinpay.top
866891,xiazaizhijia.com
866914,xn--c1aem.net
866953,xiao706.com
867036,xn--destekleyentarm-llc.com.tr
867060,x-rui.com
867120,xn--80ae9b7b.xn--p1ai
867128,xiledgaming.com
867242,xxxtube-spot.com
867339,xwin.app
867352,xlcatlinsuxs.com
867397,xllatinamerica.net
867461,xaomenlebo008.com
867545,xldp.co.uk
867572,xingyihudong.cn
867702,xevion.dev
867749,xedaptap.net
867806,xsp.com
867840,xomodz.fit
867920,xwinsj.win
868123,xwinsj.top
868130,xxxbrotube.com
868142,xnxxfree.rest
868155,xlselectpro.com
868178,xwinsj.co
868225,xwinsj.vip
868283,xwinsj.com
868387,xcheaters.com
868431,x6panel.cc
868478,xoainfo.com
868601,xlcatlinglobalservices.com
868635,xvwpa0w.com
868766,xtra1063.com
869197,xxola.com
869351,xbdns.cc
869535,xxprostx.click
869570,xiaohongshu-mycdn.com
869601,xwinpay.co
869683,xlcommercialinsurance.com
869773,xn--d1abka5acedt3kc.xn--p1ai
869776,xcalcs.com
869857,xwinpay.win
869983,xlcatlindp.co.uk
870011,xello.ru
870079,xlgroup.com.br
870221,xobin.com
870268,xupermask.com
870283,xlrelife.co.uk
870290,xfpokercheat.com
870676,x-wildnightzone.live
870738,xn----qtbenjffc7h.xn--p1ai
870872,xstreamiptv.co.uk
871057,xn--125-5cdu0cq4b.xn--p1ai
871201,xxxnotporn.pro
871317,xassx.pro
871353,xzlsnm.com
871496,xiaomagaojian.com
871528,xiaohuojian.top
871571,xxxcomicsporn.com
871715,xsportzone.com
871721,xhosting.ir
871731,xonmining.com
871890,xlgroup-axa.fr
871899,xishuta.cn
871916,xlportfolioadvisers.com
871932,xxxl.tube
871962,xxlgamer.com
872013,xprt.jobs
872181,xinshuodu.com
872235,xlca.com
872279,xn--e1afebglhi.top
872575,xlcatlininvestments.com
872647,xrpg.mobi
872746,xactus.com
872826,xtwitt.com
872979,xlcountry.com
873138,xsjphoto.com
873622,xlreinsurance.fr
873737,xytex.com
873741,xiqishuiyang.com
873816,xwg123.com
873820,xlcatlin-eng.com
873859,xlcatlinre.co
873886,xnxx.llc
873983,xinwom.com
874011,xtratuf.ca
874051,xzguandai.com
874087,xxxxsu.com
874165,xlyrica.online
874176,xydroplaq.com
874191,xuntu56.com
874388,xn--krakn29-uya.com
874399,xn--h1ae9a.xn--p1ai
874405,xyphen-it.nl
874427,xfit.su
874500,xn--d1aihcfio7a7di.top
874678,xl-axa.eu
874740,xiaoyuanjiu.com
875098,xlenviornmental.com
875242,xantomen.com
875481,xiaoniuchuxing.cn
875826,xiaomajia.com
875838,xlbond.com
875921,xjkz.gov.cn
875994,xl-innov8.com
876023,xmlbankasi.com
876047,xobni.com
876075,xn--1-8sbfmxioer8j9a.xn--p1ai
876157,xedapso.com
876233,xlgaps.com
876245,xn--80aaaavpfmetihb7a9b7j.xn--p1ai
876283,xanet.edu.cn
876313,x-art.ru
876442,xpertus-hosting.de
876515,xlasia.net
876691,xiaobiquge.com
876852,xthost.info
876915,x-t-v-6.com
877013,xlequine.biz
877165,xtviewer.com
877192,xxxfans.club
877225,xlgroup-axa.net
877534,xn--80aaieumwdryc.xn--p1ai
877571,xmtrglobal.com
877615,xxxo5.com
877790,xtremehotvideos.com
877949,xlprograms.net
878064,xlglobalins.com
878068,xn--gebhrenfrei-vhb.de
878214,xlmarineandenergy.com
878223,xn--notariat-mdling-itb.at
878404,xx77.casino
878451,xr.global
878459,xpreggos.com
878481,xlcatlin-winterthur-international.com
878624,xdlab.ru
878713,xlprofessional.net
878819,xdns.de
878887,xlcatlinaxa.fr
879045,xpertus-service.de
879066,xentrydiag.com
879140,xlinsurance.net
879696,xworld.pro
879842,xiaoludyw.com
879874,xyshnsh.com
879909,xfigura.ai
880079,xplorin.id
880128,xueshiwu.com
880238,xlcatlinaandh.com
880301,xn--b1aqlk6e.xn--p1ai
880370,xn--gerte-retter-prmie-ntbm.at
880500,xyvtc.edu.cn
880566,xxx-files.org
880582,xn---2-plc0bp9d.xn--p1ai
880616,xincailiao.com
880663,xqkjmalsx.cc
880720,xwatch.vn
880870,xn--55-9kc6ck.xn--p1ai
880914,xirmo.net
880985,xnxx107.com
881188,xlwinterthurinternational.net
881479,xxxcams.com
881503,xorgen.com
881916,xspeeder.com
881936,xlcatlinaxa.com
881954,xxrcw.cc
882100,xlinnovate-axa.biz
882131,xn--d1acvi.xn--80aswg
882258,xxxmom.pro
882364,x5.com
882507,xnxx-miss.rest
882560,xlcatlincapitalpartners.com
882578,xn--80aah3asmpi7adi5fc.xn--p1ai
882734,xporn.to
882737,x-stat.de
882914,xlcatlin-ecosse.co.uk
883165,xiadoucloud.com
883314,xn--80abm6aeoffd.xn--p1ai
883364,xpress-vpn.com
883390,xnec.cn
883392,xn--b1agpqkk.xn--p1ai
883463,xuni.com
883551,xx88.day
883618,xukln.com
883633,xbiqugex.com
883822,xidiaoyuxun.com
883831,xl-axagroup.fr
883884,xlcatlinnpd.us
883993,x2u.cz
884202,xlbonds.com
884256,xfunx.pro
884543,xza.edu.cn
884613,xdock.co
884659,xn--d1aluo.xn--p1ai
884694,x-peng.com
884750,xueweilunwen.com
884827,xdnet.be
884880,xvcai.com
884932,xcv.wiki
884980,xinzidian.com
885117,xboxheerlen.nl
885184,xn--fiz831d.com
885243,xd.email
885393,xdidc.cn
885557,xceleraterestoration.com
885559,xlreinternational.com
885629,xlglobalrisk.com
885664,xline.online
885692,xpdent.com
885710,xlcatlin.com.br
885764,xarmagedonx.one
885787,xinfodesign.com
885806,xl-underwriting.com
885945,xbox-senioren.com
885954,xiaomy.net
886012,xlgs.com
886096,xn----gtbdbnbafhyam8bnkbm.xn--p1ai
886113,xanatharsguidetoeverythingpdf.ru
886158,xlcatlinaerospace.com
886246,xpressfiber.com
886253,xysfxy.cn
886310,xn--9i2bz3bx5fu3d8q5a.com
886701,xiguashuwu4.com
886702,xnxx-sex.pro
886703,xvideo69.lol
886982,xlfin.com
887005,xn--ra2-6ua.com
887027,x-s-5-l.com
887085,xter.io
887140,x-lines.ru
887219,xxxmoviesnote.com
887345,xzn.ir
887352,xlgroupaxa.eu
887381,xs4all.net
887440,xx1998.top
887487,xn--80aaaoea1ebkq6dxec.xn--p1ai
887629,x23txt.com
887911,xlcatlinvida.com
887912,xtremewebstudio.com
888178,xoilaczffz.tv
888246,xlqeai.com
888656,xlcatlin-underwriting-agencies.com
888847,xxxtube-care.com
888851,xinhan100.com
888866,xp-antispy.org
888951,xlcatlincovered.us
889049,xlprivatecommercial.co.uk
889108,xxter.com
889167,xn--tarmdestek-zub.com
889273,x666.game
889415,xyxbounce.com
889527,xlcatlinlivestock.com
889571,xlprofessional.com
889580,xutuyen.com
889649,xn--c1arqe.xn--p1ai
889679,xmx8.com
889699,xzmu.edu.cn
889783,xpertclinics.nl
889809,xlfa.com
889810,xs0711.com
889845,xlcatlinspecialty.com
890000,xlmidoceanre.com
890009,xn--80aatg7anh1b2e.xn--p1ai
890019,xxxanaldin.video
890028,xnetpn.sk
890100,xcnamedns.com
890243,xaxfky.cn
890700,xxxloved.com
890968,xxxmeter.com
891107,xxx-rated.net
891350,xyfdmc.com
891562,xnxx-live.rest
891677,xuex.cn
891678,xlcatlinprivatecommercial.co.uk
891784,xploretv.at
891956,xyxun.com
892127,xlinitiative.bm
892204,xlcatlinfleetdirections.co.uk
892244,xl-ca.com
892301,xlcatlinagency.com
892384,xiaonvhai2.top
892422,xxnxx.world
892448,xxnxx.icu
892453,xmidbroker.website
892472,xfr.fr
892578,xbeegtube.mobi
892610,xpark100.net
892632,xn----9sbnsmbfcfrsidc.xn--p1ai
892656,xxxtubebeak.com
892681,xwinsoo.top
892786,xn--80aaem0ae9bi.xn--p1ai
892796,xn--d1acchc3adyj9k.xn--p1ai
892849,xxxxxxxxxxxxxxx.co
892874,xsblhs.com
893059,xxxdonnemature.com
893193,xinwenba.net
893321,xnxx-movie.rest
893395,xlsoft.com
893524,xp-play.fun
893559,xn--l9jzd2076a.biz
893682,xlcatlincapitalproducts.com
893791,xlcatlin-america.com
893871,xlglobalservices.com
893934,xiaoshuohu.com
894092,xruby.kg
894101,xengineering.eu
894331,xwinsoo.com
894396,xlgroupltd.bm
894775,xgnews.cn
894819,xhwheels.com
894877,xl-winterthur-international.com
894924,xlprograms.com
895006,xlreus.com
895165,xxxporno.win
895178,xn----8sbkcuahsrwv6c.xn--p1ai
895253,xyz.cn
895465,xn----ctbbdica6cvaof0p.xn--p1ai
895477,xvqz.org
895484,xn----7sbk8b6aq.xn--p1ai
895578,xlgroupltd.com
895800,xxxmoviesfap.com
895803,xl-capital.com
895814,xxxcomicsex.com
896075,xlinnovate-axa.co.uk
896122,xl-axa.info
896304,xxxjay.com
896327,xuxukang.com
896384,xeladomains.ai
896409,xr793.com
896553,xn--80ajqkkden.xn--p1ai
896564,xpertus-dynamic.de
896771,xn--80afeytbigq7i.xn--p1ai
896794,xlreamerica.com
896855,xlcatlinser.com
896911,xlaxa.co.uk
896928,xlcatlininsurancecompanyltd.com
896957,xanadugallery.com
897015,xlcatlinrela.com
897072,xn--b1afancse2ahe.xn--p1ai
897184,xuanxuanhao.com
897228,x-plose.eu
897277,xlgaps.us
897310,xn--80atred3f.xn--p1ai
897468,xn----ftbnhkhenaif4a.xn--p1ai
897473,xscript.ir
897553,xuongaogiadinh.vn
897570,x4kx.pro
897583,xiaoshuo.la
897810,xlgroup.ch
898242,xroads.net
898247,xlresucks.com
898258,xn--80alfbhsc7e.xn--p1ai
898355,xlcatlin-malaysia.com
898401,xlinsurance.co.uk
898444,xn----9sbdnncale2afxfp6g.xn--p1ai
898526,xn--90advg.xn--p1ai
898535,xn----8sbancacbdk2dpb4b3a5d.xn--p1ai
898558,xlcatlingroupltd.mx
898594,xiaobeiyangji.com
898722,xn--80aaac0ct.xn--p1ai
898842,xukei.com
899138,xn--80aesxarf7b.xn--p1acf
899146,xl-axagroup.info
899253,xlcatlinwinterthurinternational.com
899437,xrmb2.net
899494,xlamerica.net
899650,xlcatlin-b-prep.com
899720,xlinnovateaxa.net
899829,xlcatlinecosse.com
900074,xlcatlinelu.com
900115,xvideosteen.pro
900119,xl-innovate.com
900255,xvideos03.ru
900622,xlcatlin-insurance.com
900732,xlcatlings.com
900796,xinmeitulu.com
900877,xkdisplay.com
900940,xlcatlincovered.it
901098,xxxpornfucking.com
901215,xlcatlinwinterthurint.com
901287,xiaobd.com
901438,xn--80abdxm6c.xn--p1ai
901473,xn--l1abtk.xn--p1ai
901661,x10.ru
901676,xlcatlinvianetinsurance.com
901811,xlgsvcs.com
901905,xn----ctbfecatgqygb5apl.xn--p1ai
901918,xn--e1aadiah5afhema.xn--p1ai
901930,xunjk.com
902128,xxxtube-fun.com
902150,xczzs.com
902163,xeplayer.com
902175,xwinsoo.vip
902197,xqf01.com
902217,xlcatlincargo.com
902242,xzmoss.live
902252,xn--80aegpbanvh8af7exb.xn--p1ai
902294,xueweimima.com
902298,xn--80aakdqubuilw.xn--p1ai
902373,xlre.co
902404,xlcatlininsurance.co
902452,xjtc.gov.cn
902461,xperthr.co.uk
902487,xlenvironmental.net
902497,xlgroupltd.fr
902561,xsxtube.com
902588,xjboz.gov.cn
902683,xldp.com
902717,xwinsoo.co
902755,xponential.org
902818,xcockx.pro
902843,xn--2-gtbcqvcddt.xn--p1ai
903159,xn-----7kcgpnpy3bral5h.xn--p1ai
903389,xlwi.com
903508,xlprograms.biz
903797,xhorse.net.cn
903809,xlcatlin.co
904166,xowcomics.com
904361,xor.ch
904363,xl-gaponline.us
904482,xiaoqinre.com
904508,xlcatlingroup.co.uk
904614,xlreinsurance.info
904970,xr-scholar.com
905056,xciracdn.com
905158,xmladns.com
905383,xaparts.top
905405,xlcatlingroupplc.mx
905410,xn-----6kccbiqiuscefiwwb3f5e.xn--p1ai
905456,xlmidocean.com
905540,xxx-cam.ru
905894,xlcatlinportfolioadvisers.com
906068,xjavx.pro
906296,xn--eqrt2g.xn--vuq861b
906348,xr.health
906365,xlrelife.info
906401,xmmc.edu.cn
906596,xn--80aab4a4d.kz
906624,xmlvalidation.com
906639,xslvshi.top
906695,xlgroup.ie
907020,xlcatlincanada.com
907077,xlgapsonline.info
907455,xlglobalins.net
907490,xplodedthemes.com
907647,xanthinea.gr
907779,xxxhindi.lol
907875,xoilacxxt.cc
907902,xylin.com
907927,x91.in
908018,xmplus.cn
908215,xlcatlinaxa.co.uk
908240,xlcatlins.com
908449,xn--80aealal1cqdo.xn--p1ai
908452,xlcatlininsurancesucks.com
908689,xcdp.net
908704,xlcatlinenergy.com
908736,xoxide.com
908748,xlgroupltd.mobi
908761,xiaoyaoqiankun.com
908988,xhardx.pro
909412,xjrs.gov.cn
909522,xt7.pl
909628,xn----7sba5abzjxaf4cc9gya.xn--p1ai
909792,xlprevent.com
909910,xlenviro.net
909952,xlnpd.us
909954,xcgif.org
910061,xoobay.com
910131,xlfinancial.net
910326,xmocloud.com
910423,xlcatlinc.com
910521,xxx-sex-place.com
910545,xjwinpay.cc
910599,xhtree.com
910635,xsitesnetwork.com
910671,xzdw.gov.cn
910780,xn--forbruksln-95a.no
910835,xxxtubegap.com
910924,xdns.pro
911024,xlwe.net
911097,xcas.ru
911343,xcs.com.cn
911646,xnxx-ass.rest
911648,xldesignprofessional.com
911761,xbtw.com
911815,xbgqw.com
911868,xlcatlinreswitzerland.com
911891,xl-axa.co.uk
911902,xinhanxxkj.com
911923,xn--nskeskyen-k8a.dk
912016,xn--80aejtrbccjmch.xn--p1ai
912020,xlgap.us
912084,xlcongress.com
912168,xtrema.com
912462,xreactor.org
912463,xxidc.de
912834,xdvpn.com
912835,xhjjkfq.com
912836,xjnkys.com
912837,xlfc.de
912838,xn--bk1bv5q0rh.com
912839,xq7777.net
912840,xrvdhlk.asia
912841,xwv.cc
912928,xxxmovies-point.com
912998,xcor.com
913152,xn--hsch-immobilien-8sb.at
913167,xlcatlin-ecosse.com
913210,xxxtubeme.com
913310,xiguanet.com
913323,xenonpro.com
913352,xiaoyastar.com
913461,xregional.de
913592,xlgroup-axa.biz
913723,xiaoyuxiezuo.com
913727,xlfs.biz
913807,xlgroupplc.co
913907,xlcatlinprevent.com
914224,xlcatlinasiapacific.com
914245,xdi8.top
914365,xnlyfanx.com
914421,xjwin.net
914444,xnxxhub.win
914454,xn--grn-ioaaa.de
914651,xcer3dwdwe2.com
914691,xtraderalpha.co.uk
914697,xp-cloud.com
914745,xn--80adibabqpbdbcwj5bzagg1b0n.xn--p1ai
914750,xhlcloud.com
914759,xl-axagroup.com
914831,xtremeidiots.com
914863,xunison.com
914877,xmetaserver.com
914899,xngel.com
914920,xesv5.com
915074,xlcip.com
915192,xcloud9.com
915237,xiangshu.com
915350,xlcatlingroupplc.com
915463,xlcatlingroupltd.ch
915578,xinchem.com
915582,xn--80aa2apjhca.xn--p1ai
915642,xt-pcb.com
915656,xlsuxs.com
915795,xl-gapsonline.biz
915927,xlgroup-axa.eu
915940,xmomstube.com
915967,xnyy.cn
915974,xl-axagroup.biz
916040,xlcatlinfestivecard.com
916050,xdickx.pro
916119,xd-design.com
916125,xzzyy.com
916140,xnhau.hot
916419,xnxx-dev.com
916434,xlusa.net
916500,xldevel.net
916518,xnxx.click
916528,x-connect.xyz
916695,xn--80abeiejgafejid0blpls8x.xn--p1ai
916739,xlfps.com
916806,xlpoliticalrisk.com
916833,xtra.ca
916916,xn--kisnavn-p1a.fo
917041,xoceco.com.cn
917066,xanten.de
917209,xn--p1acn.xn--p1ai
917227,xjvu.edu.cn
917308,xssy88.com
917322,xn--shoppingbrse-djb.com
917440,xlgroupplc.bm
917452,xn--b1afqekfqc.xn--p1ai
917455,xxthink.com
917655,x-verleih.de
917684,xperiencedays.com
917805,xlenviromental.com
917807,xship.vn
917983,xlcatlin.gr
918024,xaraya.com
918071,xoilacky.tv
918088,xkglow.com
918122,xnxxdeutsch.net
918183,xlcatlininsurance.co.uk
918246,xyue99.com
918564,x-3-q-r.com
918648,xynet.net
918652,xztbhg.com
918671,xungou5.com
918749,xlcatlincover.co.uk
918766,xtasy-d.co.uk
918864,xinbangjs.com
919030,xuoda.com
919083,xn--80adec2ampndbs9h.xn--p1ai
919256,xendesktop.us
919483,xl-gap.biz
919804,xlfinancialassurance.com
919806,xseo.in
919820,xnxx-movs.com
919831,xendns.com
919836,xlgroupplc.cl
919971,xip.pl
920109,xn--b1aw6a.site
920113,xn--80adgocejzcbt5acq2a.xn--p1ai
920114,xlcatlinspecie.com
920407,xbkptek.com
920489,xlcatlinenvironmental.com
920592,xn-----elcddgetbiefibnp3abdvmptd.xn--p1ai
920701,xlgapsonline.com
920812,xlcatlincybersmart.com
920859,xinlishi.com.cn
920905,xporns.com
920988,xlparts.com
921223,xylover.com
921387,xiaozhoumo.com
921446,xn--destekleyentarmsigortas-1qdj.com
921476,xlwe.com
921508,xlreinsurance.biz
921522,xlcatlin-axa.net
921625,xefracert.com
921694,xn--4dbdkaanjcabpjud3bl3iims.xyz
921744,xperthr.com
921763,xn--90anlfbebar6i.xn--p1ai
921980,xlcatlinwi.com
922031,xjwmk.org
922032,xpsxs.com
922095,xn--80aafcmzc2ckm5b.xn--p1ai
922214,xn----stbeziy.xn--p1ai
922396,xtremercboats.com
922655,xlcatlingroupltd.in
922787,xinstall.top
922998,xbytesv2.li
923047,xgaming.com
923148,xir.ir
923247,xxxpornxxx.net
923270,xyvend.cn
923335,xvideos.do
923392,xenaxcloud.com
923403,xibunda.com
923469,xlinsurancesuxs.com
923701,xinxiangrcw.com
923707,xn--i20bj5cqjl1b.com
923882,xlcatlinreus.com
924016,xihang.com.cn
924088,xlenv.net
924131,xperiun.com
924218,xoilacmm.io
924260,xlfa.net
924332,xuxomllc.com
924347,xlinsurance.com
924485,xl-axa.biz
924537,xlcatlincovered.com
924590,xlenvironmentalrisk.net
924725,xseedgames.com
924754,xp56j.team
924778,xadachao.com
924981,xn--iptvsterreichpro-pwb.at
925236,xlproxy.com
925292,xn--ngbcrg3b.com
925323,xnxxx.hu
925430,xlcatlinlatinamerica.com
925604,xperiencify.com
925691,xabdxsj.com
925750,xn---1-6kca8bgsjrjhe.xn--p1ai
925773,xelians.fr
925858,xlinvestments.com
926086,xwoonsij.cc
926158,xn--allestrungen-9ib.at
926253,xlinnovateaxa.info
926269,xlcatlinaustria.com
926279,xl-gaponline.net
926292,xbabex.pro
926389,xoilac31.com
926694,xzero.co.uk
926752,xund.solutions
926890,xeskort.ge
926924,xinxiuvip.com
927118,xapping.com
927126,x-vpn.ug
927163,xiaoxiaotong.org
927180,xgayx.pro
927281,xaas-cdn.com
927499,xiazai-youdao.com.cn
927677,xero-uat.com
927742,xqhospital.com.cn
927873,xn----7sbhdegumjf0agbb9c1e.xn--p1ai
927996,xiyue.co
928292,xotel.com
928295,xycq.org.cn
928423,xlcatlin-winterthurint.com
928463,xiaoe-materials.com
928487,xinmirc.com
928615,xlcatlin.bs
928746,xq.co.nz
928873,xasfzl.com
928882,xmailcar.com
928904,xtivia.com
928989,xxxconent.biz
929017,xbox.ink
929136,xlmarine.com
929373,xsboxluqtvt.com
929417,xm252.com
929487,xsn.net
929545,xjwk.net
929566,xlcatlinfinancialassurance.com
929789,xn--62-6kca7ai1crj1c.xn--p1ai
929930,xsites.ai
930081,xmjlm.com
930133,xpiya.com
930134,xlservices.com
930197,xlcatlingraduate.com
930536,xn--10vr61a3xc5x3b.com
930604,xsexx.pro
930635,xtypos.gr
930638,xlequine.net
930652,xlcrm.ai
930673,xovox.ru
930868,xinduoad.com
930957,xroadsnetworks.com
931127,xxxtubes.club
931183,xplor.travel
931226,xlprivatecommercial.net
931238,xl-capital.net
931315,xlcatlinarate.com
931375,xpussyx.pro
931423,xn--hy1b90it0ofnk.com
931452,xn--hkleriet-j0a.dk
931489,xerispharma.com
931691,xshn.cc
931698,xn-----6kcachljgau6as3aih0aj0as0s.xn--p1ai
931843,xhbeng.com
931844,xiaocge.fun
931875,xlproductrecall.com
931898,xlinsurancesucks.com
932015,xbuysell.pl
932033,xiaper.io
932255,xnxxcomvideos.com
932275,xxx-porn-tube.com
932470,xiyousw.com
932495,xlc-bprep.com
932678,xn--80adfe5b7a9ayd.xn--80adxhks
932688,xlcatlinenviro.com
932792,xl-world-go.com
932884,xgate.online
932903,xenovaq.store
932996,xnd.casino
933008,xlinternational.com
933200,xxxindian.pro
933279,xlenvironmentla.com
933309,xquiz.com.br
933581,xmodels.com
933628,xquiz.co
933649,xhawk.ai
933652,xxx-vid.lol
933840,xsteamcommunity.com
933896,xlinternational.net
933912,xlglobalservices.net
934110,xn---12-6cd3cgeardr9aze.xn--p1ai
934188,xgirlx.pro
934237,xb2bx.com
934262,xlcatlinfinancialsolutions.com
934319,xyz323.com
934336,xn----ctbzfboapgel4j.xn--p1ai
934352,xbox-interactive.com
934368,xxx-com.pro
934533,xpmetaldetectors.com
934643,xgz1qt.com
934644,xkw3ik.com
934963,xlcatlingroup.mx
934967,xitonghe.com
935100,xn--80adbfbdc6cza3b9g.xn--p1ai
935104,xn--80adic7alej3d.xn--p1ai
935156,xzxzk.com
935159,xf4.org
935292,xsuckx.pro
935299,xoomlia.com
935323,xn--80aacgj8ai.xn--p1ai
935455,xocdia88vip.com
935537,xiantianan.cn
935573,xlgroupltd.ie
935605,xmilf.cc
935718,xiangxingnet.com
935916,x7bank.com.br
935917,xtraaa.com
936238,xlriskmanagement.net
936480,xl-winterthurinternational.com
936670,xoilaczzff.cc
936914,xlgextad01.net
937005,xlcatlin.at
937012,xhostservices.com
937127,x4zpop.com
937130,xlcatlinenv.com
937255,xn--v69ap5sduh6ve.kr
937408,xtracycle.com
937442,xuemanfen.cn
937586,xsxt2ezwt4p.com
937691,xifos.net
937724,xlgroupltd.us
937808,xbbcx.pro
937839,xtronbikewear.co.uk
937922,xiaoi.com
937979,xwifex.pro
938330,xxxtrio.net
938358,xinchenai.com
938511,xxgo.cn
938516,xlmarineandenergy.net
938592,xingumais.org.br
938619,xn--2i0b10rqve.xn--3e0b707e
938671,xanimex.pro
938838,xsbapp.com
938858,xlcatlininvestmentpartners.com
938871,xdgo.tv
938874,xlriskcontrol.net
938883,xman.net.cn
938884,xinyangmaojiantea.com
938921,xlab.si
938954,xn----7sbbobg3c8a6fva.xn--p1ai
939238,xamara.es
939280,xlproductrecall.co.uk
939310,xlfainc.com
939324,xz1998.com
939399,xylemanalytics.com
939531,xn--solitr-online-ffb.eu
939711,xn----8sbema5aioiqmeih5m.xn--p1ai
939774,xinqingdou.cc
940125,xn--80aag2cbhoc.xn--p1ai
940277,xnxxsex.club
940387,xiezuofang.com
940436,xtk-prod.de
940465,xlenv.com
940691,xlfinancialweather.net
940778,xlglobalre.com
940883,xlcatlinunderwritingagency.com
940932,xklsv.net
940941,xlgap.com
941004,xlra.com
941010,xn--e1araccdibh8b.xn--p1ai
941021,xmeeting.com
941104,xn--giadng-lq8b.vn
941122,ximellox.ru
941342,xn----7sbabht8acbnre2aueg.xn--p1ai
941461,xn--q1ab.xn--p1ai
941489,xblackx.pro
941599,xbroshost.com
941642,xvideos92.com
941714,xddxs.org
941920,xlcatlinreonline.com
941989,xl-gaponline.biz
942150,xlcatlin-iberia.com
942168,xiaoyezi.com
942209,xlcatlinfinancialservices.com
942220,xlg-prod.net
942237,xm-feedback.com
942257,xsexyx.pro
942283,xefukhsu.xyz
942339,xiezuodu.com
942351,x-carapi.ru
942426,xha0769.com
942490,xealenergy.com
942506,xxxtubegoal.com
942542,xn--72-6kciii0a8ce.xn--p1ai
942649,x-sticker.com
942744,xxxalarm.com
942779,xlresuxs.com
942849,xlcatlindev.com
942887,xlenvl.com
942960,x60x.pro
942985,xbinor.io
942990,xdplayer.tv
943170,xasmrx.pro
943267,xjapanx.pro
943358,xebialabs.com
943383,xlcatlin.gq
943426,xiumius.cn
943578,xiezuoka.com
943625,xlselectprofessional.com
943723,xzfeifan.com
943912,xlcatlin-austria.com
944027,xn----8sbokhe2ameo6c.xn--p1ai
944052,x10technologies.ca
944276,xn--l3cb1eaaa2dkbbb.net
944318,xn--116-5cdksu1cssdb.xn--p1ai
944330,xn--80aaell5bjeok6c7c.xn--p1ai
944333,xlcatlinglobalrisk.com
944339,xn--b1agisfqlc7e.xn--p1ai
944352,xlre.co.uk
944439,xpc-forum.ro
944490,xynetweb.cn
944519,xlwinterthur.net
944713,xuebapan.com
944762,xinyiglass.com
944820,xtitscams.live
944828,xl-gapsonline.us
944901,xcstats.com
944961,xlcatlin-axa.co.uk
944981,xn--80aannsgg3dua.kz
945030,xl-wi.com
945091,xlcatlinvie.com
945250,x1zy.com
945427,xn--h49al71atridzo.com
945525,xingyuhotel.com
945724,xxxcounter.com
945732,xcal.info
945756,xxxmaturemoms.com
945773,xrumer.art
945789,xala.dev
945830,xuexi199.com
946003,xlinvestmentpartners.net
946081,xncsb.cn
946148,xlprograms.us
946396,xbmc-kodi.cz
946397,xuongdogoviet.com
946420,x1ecochain.com
946499,xlcapitalpartners.com
946538,xlcatlinmkt.com
946619,xyloz.ru
946684,xlcapitalsucks.com
946803,xlcatlinlifeaandh.com
946874,xlcatlinfrance.com
946884,xl-axa.com
946975,xzmc.edu.cn
947132,xenexmedia.com.au
947212,xk15.com
947228,xn----7sbb2betozj8e.xn--p1ai
947330,xlenvironmental.biz
947348,xlgaps.biz
947444,xfsxw.com
947480,xsao.ru
947525,xxxlenka.com
947640,xabostar.com
947643,xlcatlincongress.com
947694,xn----btbklglkeftkmdu0joa.xn--p1ai
947720,xaxono.be
947753,xtreamtvplugin.com
947767,xlcatlingroup.co
947812,xastir.org
947823,xn--80ahdno4b.shop
947826,xlre.net
947829,xwin45.com
947887,xlcatlin-capital.com
948005,xlcatlinseaviewsurvey.com
948211,xd-deals.fr
948224,xpproplay.de
948254,x3dx.pro
948462,xdebug.ru
948642,xtraderhost.co.uk
948729,xxxsuply.com
948915,xn--ov7bp8e.kr
948977,xn--jobbrse-d1a.de
949074,xjzdjx.com
949162,xlreamerica.net
949188,xattract.com
949247,xlgap.info
949499,xlenvironmentalrisk.com
949503,xat.ro
949595,xfjddq.com
949717,x3somex.pro
949844,xsmarines.com
949845,xdomini.com
949849,xl-axagroup.net
949889,xiangjifanyi.com
949926,xlcainc.com
949999,xlcatlingroupltd.co.uk
950037,xeniosusa.com
950056,xagckj.com
950074,xlrelatinamerica.net
950105,xfuckx.pro
950173,xlg-prod.com
950212,xiumu.cn
950301,xlcatlinre.com
950305,xyoqxuq.in
950360,xbdsmx.pro
950426,xlcatlin.tw
950509,xlcatlin.mobi
950515,xn--72-6kci9br1ak0b.xn--p1ai
950651,xlcatlin-underwriting.com
950835,xvideosxxx.win
950954,xulonpress.com
950958,x-trans.jp
950988,xlgs.net
951198,xiidra.com
951242,xiabu.com
951263,xn--e1anb.xn--80ao21a
951332,xlcatlin-guernsey.com
951359,xyddsb.com
951548,xlcatlingroupltd.com
951698,xbitchx.pro
951754,xlprevent.net
951765,xoroglobal.com
951822,xlcatlinselectprofessional.com
951882,xyya.net
951916,xpandex.es
952042,xin-cdn.xyz
952162,xl-shop.com
952385,xsud.ru
952397,xlinnovateaxa.fr
952459,xgzgxhb.in
952521,xn--web-x83bxivb6276czr1bmx2aimi.net
952601,xn----8sbokfktgqcjmg0dp.xn--p1ai
952621,xhamstermania.com
952700,xn--e1afka0abm4b.xn--p1ai
952899,xrv.pt
952907,xindetihuiya.com
952921,xlcapital.com
953121,xlgroup.es
953171,xiujuxs.com
953189,xn---77-eddkgagrc5cdhbap.xn--p1ai
953231,xszemesbolt.hu
953271,xlfinancial.com
953276,xwetx.pro
953282,xhrey.lol
953483,xlreinsurance.net
953596,xlaxa.fr
953653,xxxdeutschvideo.com
953669,xnxx3.net
953846,xlelu.com
953984,xibo.org.uk
954015,xarabx.pro
954110,xlfinancialsolutions.com
954128,xxxmovieshub.com
954270,x-com.net.ua
954441,xc8866.com
954499,xpartsupply.com
954519,xn--e1agmmh.xn--p1ai
954579,xz.wtf
954694,xsmdy.com
954737,xlcatlinart.co.uk
954752,xlcatlin.ie
954781,xcmsolutions.com
954885,xavierbecerra2026.com
955034,x5team.ru
955088,xlcatlin.nz
955261,xleurope.net
955334,xbus.cn
955357,xitu.io
955360,xn--rofenberg-stiftung-fr-personalvorsorge-07d.li
955455,xlcatlinaustralia.com
955482,xlcatlineurope.com
955579,xlreeurope.com
955711,xn--1jqvh729avzfcy2d8ummib.com
955896,xottur.com
955913,xzhfitness.com
955940,xsex-tubes.com
955947,x-raid.de
956036,xlsbox.com
956075,x-projectlys.com
956482,xlcatlincapitalassurance.com
956792,xnxx.fail
956915,xqnetwork.ir
957073,xlcatlineducation.com
957089,xfrozenstudios.com
957145,xl-gaps.net
957153,xurros.com
957156,xn--80aphgvco4b.xn--p1ai
957331,xteamserver.com
957339,xlcatlin.pr
957516,xlcatlin.lu
957739,xxxchurch.com
957757,xnfds.com
957885,xoilacznnz.tv
958080,xlcatlin-axa.eu
958221,xiaomiadictos.com
958290,xn--9i1bv8kw7jsnma.com
958368,xlcatlincover.com
958378,xlcatlingap.com
958636,xresfo.cn
958748,xn--dnemark-wellnesss-qqb.de
958806,xlcatlinwe.com
959124,xn--e1adehe2a.net
959180,xahoi.com.vn
959219,xwords.de
959269,xlcatlinunderwritingagency.net
959313,xidc.cn
959361,xlcatlinpromos-uk.com
959504,xpdf.net
959663,xk5.com.ua
959665,xfplay.com
959891,xl-gaps.info
960085,xn--90asjdo3a.xn--p1ai
960103,xavax.eu
960342,xn--0trq88c5upeii.xn--fiqs8s
960426,xn--oj4b23hzra713b.com
960463,xaxis.com
960619,xlenergy.net
960626,xrecode.com
960640,xrg.us
960797,xlrelife.biz
960798,xeentech.com
960811,xlaxa.eu
960907,xycheck.cn
960908,xrpfaucet.site
960954,xn--gmq22ktps713c.cc
961002,xsbolin.com.cn
961167,xn--laila-kim-hfner-9vb.de
961313,x7tb4k9.com
961330,xinghejoy.com
961420,xlcatlincapital.com
961619,xwlib.com
961670,xesiso.com
961716,xn--80abkwfe9a.xn--p1ai
961795,xl-axa.fr
961987,xtxcm.com
962085,x-wing.co.kr
962175,xlwinterthurinternational.com
962267,xenical.cfd
962315,xny028cc.com
962600,xtended.fr
962903,x-future.com
962941,xiaodao360.com
963028,xn--1-wxfc3gwbi.com
963060,xlcatlinsyndicate.fr
963193,xn--tamamlayantarmsigortas-yldj.com
963196,xerte.org.uk
963325,xlcatlinglobalcargo.com
963538,xxx3dporn.com
963568,xlcatlin.us
963589,xwhyz.co.uk
963628,xoilac365.tv
963661,xlnet.ru
963702,xinhaimining.com
963902,xlcapitalassurance.net
964464,xrocket.tg
964527,xlcatlinreeurope.com
964654,xde6.net
964669,xlcatlingroupplc.fr
964758,xlcatlingroupltd.us
964796,xpeek.cam
964880,xin-88th.com
964916,xxxvideofemme.com
965032,ximagen.com
965073,xunit.net
965171,xoso66.software
965418,xpandcorp.com
965645,xtxz.com
965888,xlcatlinca.com
965994,xlgroupplc.ru
966122,xlcatlinproductrecall.com
966125,xlcatlin-australia.com
966141,xcoder.agency
966173,xtitsx.pro
966207,xlaxa.biz
966412,xinsusw.com
966419,xfog.ru
966528,xlcatlincapitalsuxs.com
966636,xlcatlin-us.com
966705,xn--80aaafp0bqweeid1o.xn--p1ai
966734,xau.ca
966782,xn--identit-hya.fr
966950,xn--80aagchp2cdn.xn--p1ai
966971,xn----8sbcccrbkpu5af3arpk.xn--p1ai
967212,xxxtube-beak.com
967221,xicgb.com
967356,xlgextad01-q.net
967368,xtremehelmets.com
967761,xxxboobsnaked.com
967767,xxx-pussies.com
967775,xn--80aao6anggb.xn--p1ai
967871,xcrypt.co.kr
967923,xlgroupltd.cl
968034,xec-ofypi.online
968077,xenodream.com
968105,xlgroupplc.com
968135,xmcimg.com
968237,xerficanal.com
968471,xn--90ale5b.xn--p1ai
968532,xorcom.com
968555,xinlangtupian.com
968697,xlcommercial.com
968725,xmom.tv
969089,xronos-kozanis.gr
969133,xlcatlinmidocean.com
969220,xindingdian.cc
969278,xlcatliniberia.com
969516,xneelo.net
969613,xxxvido.fun
969651,xxxvideoslock.com
969677,xlcatlinrelife.com
969950,xmaxix.com
970058,xn--80adjkkk3alj.xn--p1ai
970092,xlreinsurance.com
970231,xshici.com
970238,xlcatlindevel.com
970409,xmdfcd.com
970583,xnom.ru
970592,xlcatlin-gmbh.de
970967,xlcatlininsuranceaerospace.com
970985,xarif.de
971131,xfarm.ag
971153,xfs.com
971325,xaups.com
971492,xmanj.com
971528,xxxvideospro.com
971606,xoilac86bl.tv
971634,x2lab.com.sg
971696,xhdporno.mobi
971709,xlcatlinbrokerage.com
971729,xlca.net
971755,xlcatlingroupplc.de
971858,xcc.technology
971865,xthuateng.cn
971949,xlglobalinsurance.com
971987,xgram.io
972064,xn--e1aflibyb2b0b.xn--p1ai
972110,x-y-3-z.com
972132,xl-axagroup.co.uk
972307,xf.gov.cn
972384,xlcatlinweatherandenergy.com
972412,xoynq.com
972493,xn----itbmfmchld8d4bd.xn--p1ai
972597,xn--90agdanti8bgb8b6c.xn--p1ai
972619,xlselectpro.net
972730,xjwhad.com
972863,xatu.cn
973033,xtv.media
973078,xp-pen.fr
973255,xerago.com
973271,xlcatlinnews.co.uk
973308,xn--80aaprbrhndhdco4lobe.xn--p1ai
973312,xxxkernel.com
973514,xlriskcontrol.com
973556,xyranet.pro
973566,xlbrokerage.net
973602,xlfinancialassurance.net
973671,xlcatlinmarine.com
973731,xn--80aaeiengkwpz6p.xn--p1ai
973802,xuzpost.com
973846,xlcatlin.cz
973891,xbest-ai.com
974199,xlcatlinresucks.com
974224,xmail.net
974244,xlcatlin.bb
974270,xlcatlininsure.de
974273,xlcatlin-hongkong.com
974384,xn--1985-43d6eta0a4g2a.xn--p1ai
974399,xxxsexvideosasia.com
974401,xn--cachorrosparaadopcin-t8b.com
974405,xonline.co.il
974609,xl-gapsonline.com
974774,xiaomeihua-ai.cn
974775,xn--download-ne4yj89e.com
974776,xun8.cc
974777,xvjxv.com
974931,xcore.com
974932,xexz.shop
975166,xaviesteve.com
975167,xn--davidhaberthr-7ob.ch
975168,xqrcy.com
975286,xiaoshuo5000.com
975306,xinxuhg.com
975378,xkxpt55c5h8d-xsq34247.life
975448,xn--b1aaajried0aaesrdbakhq.xn--p1ai
975544,xantion.net
975608,xn--tamamlayantarm-igc.com.tr
975672,x6dh.com
975743,xn----8sbalwlcefxak4bw.xn--p1ai
975765,xlcongress.net
975889,xelements.cn
975984,xianfoods.com
976068,xlgroupplc.co.uk
976077,xcinema.ro
976128,xiaomark.com
976311,xlcatlinoceanseducation.net
976437,xfmgs.com
976522,xmao.com
976542,xlbrokerage.com
976663,xiaolujin.com
976705,xhairyx.pro
976710,xwebservers.com
976834,xlcatlingroupplc.co
976987,xlcatlinnpd.com
976999,xnxxx.rest
977131,xlre.com
977202,xlcatlin.ph
977332,xrrmrvgal.cc
977649,xlinnovate-axa.com
977664,xxxvideoshindi.com
977707,xposetv.live
977866,xn--c1aem.co
977912,xgzrs.com
977931,xwikfaboi.cc
977974,xp7emqqtf.com
978134,xn--80aaacfpel4cc2n3b.xn--80adxhks
978251,xn--e1afijda1a3cyb.xn--p1ai
978369,xcubelabs.com
978444,xxmomx.pro
978462,xinsilu.com
978565,xlcatlinukprofessions.com
978590,xlcatlinsyndicate.eu
978967,xlcatlinsyndicate.biz
979133,xpub.nl
979282,xinjianpan.com
979343,xmr3.com
979407,xxxcom.digital
979527,xn--100-8cdjbl6azck.com
979553,xl-gap.us
979601,x-film.sbs
979610,xlcatlinarcticsurvey.com
979751,xl-gaponline.com
979797,xmlpost.xyz
979963,x0pa.com
980106,xlinnovateaxa.biz
980206,xingliu.com
980291,xthaix.pro
980337,xiao688.com
980433,xfoto.vip
980527,xebotec.com
980557,xvknhjvjhewfiwkdroawcyfmpm.com
980607,xujiacm.com
980670,xueshidu.com
980705,xlcatlinavailiabilty.com
980727,xlcatlincargo.net
980766,xpbimages.com
980900,xlcatlinpoliticalrisk.com
980972,xlrelife.com
980986,xn-----6kcaidby3bevuexuip0p.xn--p1ai
981027,xlre.biz
981177,xn----btbhgbpv1d7d.xn--p1ai
981391,x3.net
981564,xamedia.com
981741,xlgroupltd.mx
981761,xlcatlin-cloudtest.com
981824,xinghewu.com
981911,xlcatlinprograms.com
981914,xlser.com
981978,xn----7sbh3awamefk.xn--p1ai
982128,xxxmoviesblock.com
982300,xlmarine-energy.net
982356,xlglobalcargo.net
982384,xyuzhaiwu.one
982681,xingyuexiezuo.com
982682,xrysoskoufaki.gr
982730,xlcatlingermany.com
982998,xlcatlinmarineandenergy.com
983058,xlcatlintest.com
983091,xx88.forex
983161,xembongda.digital
983176,xxxmoms-tube.com
983238,xlcatlinoceanseducation.com
983248,xlcatlinfa.com
983696,xlspecie.com
983698,x-level.cn
983793,xb887.com
983965,xn--d1ackdinbems.xn--p1ai
984024,xlcatlin-canada.com
984136,xinmoba.com
984249,xlcatlinvita.com
984291,xbox-gamer.net
984338,xingyunba.com
984462,xuaku.com
984498,xbbwx.pro
984641,xanh92.com
984651,xlbermuda.net
984762,xlcatlin-world-go.com
984882,xxxclub.cc
985021,xkingvpn.xyz
985028,xmwqzs.com
985117,xiingo.com
985235,xmastech.com
985313,xlcatlinenvironmentalrisk.com
985439,xn--sr8hvo.ws
985597,xunlong.tv
985621,xlcatlinlatinamericacaribbean.com
985653,xlcatlinamerica.com
985659,xlgap.biz
986019,xjd.com
986144,xeniagazette.com
986191,xpoprod.com
986198,xxxmovies-okay.com
986253,xlgroup.co
986276,xn----8sbgajpj1aasibbp4a0p.xn--p1ai
986277,xjajx.com
986331,xlcatlin-ca.com
986395,xyzjgs.com
986544,xlcatlinsuretyonline.com
986600,x855.vip
986668,xlinnovate-axa.net
986676,xn--43-6kcajs6drhiy.xn--p1ai
986754,xn--80aacn2csgej.xn--p1ai
987027,xhjfw.com
987185,xlnpd.com
987260,xlreinsurance.co.uk
987358,ximo.pt
987406,xiazaitxt.net
987445,xam.gov.cn
987452,xhornyx.pro
987481,xypatent.cn
987511,xn--b1aajtdrbac2a8e.xn--p1ai
987745,xiaoyingxiaodai.com
987830,xn--90abitcddw1c.xn--p1ai
987875,xirgoglobal.com
987960,xn--80ac9aeh6f.xn--p1ai
988085,xlcatl.in
988360,x138iff3mmu8g.com
988361,xchpel.com
988385,xvideos69.com.br
988413,xpoleuno.com
988448,xxxmoviesform.com
988619,xx88.video
988720,xlcatlinwinterthur-international.com
989063,xn----8sbggsjy0a.xn--p1ai
989089,xxxcouch.com
989291,xlcatlingroupqa.com
989394,xbiquge99.cc
989625,xlinnovate.com
989757,xmobile.ne.jp
989768,xn--l1aaedgm1f.xn--p1ai
989770,xn----etbdra6aacodma.xn--p1ai
990007,xn--f1aijeow.xn--p1ai
990011,xn--dexscreenr-76a.com
990021,xytc.edu.cn
990102,xnxxgay.xyz
990233,xchar.ai
990315,xsysrq.cn
990355,xfej.net
990406,xn--allestrungen-9ib.ch
990423,xn---107-43d3dhx2g.xn--p1ai
990571,xodusbook.com
990611,xn----7sbzhgab7ageef.xn--p1ai
990760,xn----8sbg3ate1a.xn--p1ai
990832,xuewenle.com
991133,xbanny.com
991154,x2o.de
991220,xlserv.com
991477,xlisucks.com
991484,xnxc.link
991559,xinrong.com
991572,xfree.hu
991663,xlgap.net
991829,xinyongji.com
991846,xedu.org
991981,xlgroup.mx
992279,xlivesex.cam
992285,xywav.com
992447,xn--80aeh5aeeb3a7a4f.xn--p1ai
992567,xn--krakn35-uya.com
992698,xlgroupaxa.fr
992770,xlcatlin.sg
992804,xlgapsonline.us
992806,xn--tarmdestek-zub.com.tr
992857,xc1.pw
993019,xiaoguofastener.com
993091,xlcatlin.md
993194,xpx6wr.com
993210,xbato.us
993272,xosothienphu.vn
993369,xafsdz.cn
993459,xlcatlincatwalk.com
993575,xvideo.rest
993640,xiaoxiaoyt.com
993764,xbo.com
993833,xlcatlinequine.com
994036,xlgapsonline.biz
994058,xlglobalinsurance.net
994170,xn--sgb8bg.net
994513,xbjkj.com
994535,xn.pl
994583,xlerm.net
994602,xxds777.com
994672,xolo.ru
994699,xlcatlinquickquoteprofessional.com
994742,xlgroup.jp
994754,x3os.info
994779,xruporn.com
994787,xlcatlinfin.com
995092,xanal.website
995232,xlcatlinpd.us
995395,xiaoying.com
995596,xelegram.ru
995654,xslyl.com
995662,xlscout.ai
995788,xn----7sbbnknhce3aglxfe1a.xn--p1ai
995827,xperiencepoland.com
995888,xvideos67.com
995973,xpressbd.net
996247,xemphim.site
996474,xootix.com
996559,xn--b1a3a.xn--p1ai
996574,xl-gap.info
996591,xlcatlininsurance.com
996631,xlcatlin-asia.com
996702,xlcatlindriving.com
996703,xnet.sumy.ua
996767,xiutang.net
996824,xanaduhotels.com.tr
996832,xindx.net
997036,xarvilo.com
997055,xlgroup.ru
997129,xlreonline.com
997673,x3nvz.tech
997674,xahauevernode.com
997675,xhspic.com
997676,xn--66tw07h.com
997677,xn--9kq61slq0c.com
997678,xstasy.club
997679,xza.kr
997737,xlcatlin.ec
997773,xinxinwenku.com
997856,xn--80abmbfmr5ahjlf3id.xn--p1ai
997927,x-poker.net
998415,xlsureport.com
998714,xlcatlin.la
998883,xspo.de
998904,xlgaps.info
998935,xinyupian.com
998976,xlweather.com
999042,xwolfpack.com
999132,xhedu.sh.cn
999142,xlcatlininc.com
999157,xlgroupplc.us
999199,xlgroupaxa.net
999266,xn--h1aafdd.xn--p1ai
999280,xonuox.net
999344,xpoint.de
999446,xenonserver.de
999789,xmetal.com
999804,xorgs.com
999900,xlreinternational.net
