id,domain
80,zoom.us
331,zendesk.com
647,zdnscloud.cn
680,zillow.com
761,zoom.com
809,zoho.com
961,zenecn.net
995,zhihu.com
1157,zdnscloud.com
1250,zalando.de
1389,zozo.jp
1410,zedge.net
1496,zpath.net
1669,zebawy.com
1793,zdnet.com
1929,zenlogic.net
1952,zijieapi.com
2331,zdassets.com
2398,zscaler.net
2412,zeasn.tv
2452,zend.com
2504,zee5.com
2528,zearn.org
2584,zeit.de
2676,zefrdata.com
2812,zalo.me
2851,ztomy.com
2932,zapier.com
3037,zbporn.tv
3114,zdf.de
3184,ziggo.nl
3215,zemanta.com
3280,zynga.com
3298,zscaler.com
3327,zara.com
3342,zscalertwo.net
3366,zeotap.com
3678,zhqidown.cn
3714,zscalerthree.net
3803,zscloud.net
3819,zaloapp.com
3887,zimbra.com
3891,zdxcloud.net
3947,zenodo.org
4045,zuimeitianqi.com
4076,zimperium.com
4104,zerocdn.com
4319,zlib.net
4380,zohocdn.com
4431,zetaglobal.io
4446,zenledger.io
4453,zoominfo.com
4538,zmaticoo.com
4758,zomato.com
4807,zalan.do
4834,zoho.eu
4856,zazzle.com
4867,zohopublic.com
4923,zjcdn.com
4988,zdnscloud.biz
4993,zdnscloud.net
5133,zdnscloud.info
5143,zappos.com
5172,zepto.co.in
5216,zonatelecom.ru
5290,zyxel.com
5305,ztat.net
5359,zotero.org
5384,zebra.com
5462,zoneedit.com
5552,zoopla.co.uk
5731,zopim.com
5838,ziprecruiter.com
6171,zetaglobal.net
6231,zepto.com
6488,zoho.in
6735,zol.com.cn
6774,zhangle.com
6943,zbporn.com
7002,zalando.fr
7066,zephr.com
7100,zalando.nl
7298,zus.pl
7337,zalando.pl
7528,zillowstatic.com
7552,zalando.it
7553,znews.vn
7575,zdbb.net
7603,zerozero.pt
7611,zerogpt.com
7660,zani64.com
7705,zerohedge.com
7738,zvuk.com
7822,zxcs.nl
7847,zg-api.com
8055,zalando.es
8056,zblogcn.com
8104,zeronaught.com
8155,zdn.vn
8463,zonaprop.com.ar
8473,zooplus.net
8858,zadn.vn
9051,zeturf.fr
9499,zefoy.com
9518,zone-turf.fr
9676,zazaza.me
9683,zmcyu9ypy.com
9691,zi-scripts.com
9840,zoologyfibre.com
9956,zmaal.net
9977,zellbury.com
9983,zaiim.com
10053,zd-dns.com
10056,zing.vn
10120,zzaru.com
10158,zapto.org
10377,zhaopin.com
10417,zencdn.net
10481,zabbix.com
10645,zalando.com
10668,zeffy.com
10674,zapimoveis.com.br
10738,zepp.com
10793,zdoiodhtqahjizqq.net
10815,zstaticcdn.com
10897,zadns.vn
10903,zju.edu.cn
10937,zndns.com
11192,zola.com
11457,zahid.host
11510,zoomgov.com
11549,zooplus.io
11556,zcvh.net
11805,zoznam.sk
11807,zuora.com
11873,zippia.com
11923,zoomdev.us
11934,za.com
12457,ziare.com
12486,zaq.ne.jp
12637,zoomit.ir
12727,zenno.services
12921,zeta-ai.io
13090,zhipin.com
13127,zwtianshangm.com
13259,znaki.fm
13326,z.com
13328,zr.ru
13374,ziniao.com
13398,zrrglobal.com
13425,zenon.net
13567,zakon.kz
13571,zdfheute.de
13583,zxyvrtd.com
13641,zj.gov.cn
13797,zimad.com
13940,zamcs.com
13950,zzpxy.top
14194,zone.ee
14201,zocdoc.com
14226,zdusercontent.com
14379,zalando.ch
14446,zonatmo.org
14463,zenithly.best
14709,zoon.ru
14720,zardfilm.in
14776,zbler.com
14779,z.ai
14851,zviewcloud.com
14921,zenwriting.net
14950,zippypongbee.com
14988,zingpingbees.com
15425,zenfolio.com
15591,zeiss.com
15658,zerodha.com
15671,zbiornik.com
15842,zen.co.uk
15946,zt.ru
15957,zenbox.pl
16043,zpatwo.net
16174,zalando.be
16177,zvelo.com
16182,zucks.net
16469,zalando.net
16497,zattoo.com
16588,zahs.tv
16593,zer0day.ch
16615,zprk.io
16764,zsttk.ru
16776,zerodepositcasino.co.uk
16929,zurich.com.au
16949,zattini.com.br
16966,zproxy.org
17033,zeroum.bet
17163,zenchef.com
17294,zqtk.net
17337,zohopublic.eu
17357,zoro.com
17424,zscalergov.net
17440,zeebiz.com
17629,znanylekarz.pl
17725,z-library.sk
18055,zxcvbnml.com
18065,zalando.dk
18124,zomro.com
18127,zalando.at
18244,zip.co
18308,zcool.com.cn
18344,zalando.se
18345,zalando.fi
18532,zimmo.be
18745,zenbusiness.com
18774,zvab.com
18785,zeptonow.com
18956,zol.com
19095,zippyshare.com
19104,zain.com
19144,zepeto.io
19185,zougla.gr
19215,zf.com
19337,zed.dev
19371,zdns.google
19394,ziffstatic.com
19432,zelcore.io
19506,zeustechnology.com
19513,zscalerten.net
19540,zonebourse.com
19655,zuoyebang.com
19814,zzux.com
19877,zum.de
20095,zzztube.com
20097,zurnal24.si
20122,zcache.com
20151,zomans.com
20160,zoom.earth
20161,zadarma.com
20268,zyngapoker.com
20382,zorvian.com
20515,zalora.co.id
20575,zx2c4.com
20623,zjol.com.cn
20760,zarebin.ir
20852,zangi.com
20876,zmescience.com
20963,zingmp3.vn
21030,z9cdn.com
21110,zawya.com
21239,zonealarm.com
21297,zwift.com
21316,zinio.com
21380,zacks.com
21467,zeno.fm
21762,zineone.com
21777,zello.com
22133,zaobao.com.sg
22224,zapvi.in
22429,zulipchat.com
22452,zobj.net
22481,zeturf.be
22543,zebzoub.com
22746,zimbio.com
22760,zellepay.com
22764,zhimg.com
22861,ztems.com
22971,zte.com.cn
23000,ziatogel90.com
23068,zixcorp.com
23109,zohomesh.com
23116,zamalektoday.com
23117,zozovideo.com
23156,zalora.net
23210,zmero.com
23318,zennolab.com
23360,zohopublic.in
23410,zbmath.org
23868,zerocha.jp
23958,zspeed-cdn.com
24021,zipify.com
24050,zamin.uz
24071,zipoapps.com
24224,zenoti.com
24353,zayo.com
24472,zaccodigitaltrustlabs.se
24493,zns-53.com
24515,znanija.com
24814,zwyr157wwiu6eior.com
24821,zurich.com
24883,zoosnet.net
25031,zonomi.com
25231,zcu.cz
25248,zamzar.com
25512,zenmxapps.com
25514,zakoleblo.com
25693,zg-int.net
25706,zhiye.com
25810,zthd.io
25882,zenkube.com
25913,zimaspace.com
26022,zer0day.to
26378,zara.net
26439,zohocorp.com
26724,zeekrlife.com
26758,zhandian.cn
26952,ziraatbank.com.tr
26965,zolomeds.shop
27168,zjgslb.com
27226,zengslb.com
27312,zhuqiy.com
27374,zerody.one
27398,zveno.io
27499,ztgame.com
27717,zhicyun.com
28167,zyrosite.com
28216,zrzutka.pl
28304,zhejiang.gov.cn
28459,zhibo8.com
28476,zalandoapis.com
28506,zillowgroup.com
28662,zurb.com
29111,zonasearch.com
29136,zipthelake.com
29191,zztfly.com
29209,zan.kz
29294,zergnet.com
29473,zhhainiao.com
29576,zimg.jp
29621,zotabox.com
29624,zeusslot.org
29633,zalora.sg
29744,zsttk.net
29785,zdravcity.ru
29938,zoho.com.au
29961,zatco.net
30050,zaubacorp.com
30235,zone.tc
30307,zohohost.com
30417,zenn.dev
30474,zwmss.com
30490,zigzag.kr
30556,zn.ua
30611,zmdcdn.me
30624,zen-cart.com
30632,zkcdn.net
30730,zjzdlo.com
30868,zooios.com
30873,zxinc.org
30892,zoomsvr.com
30926,zubtube.com
31100,zoominternet.net
31126,zumba.com
31163,zarplata.ru
31184,zistop.com
31308,zkillboard.com
31341,zithromax24h.sbs
31427,zscaler9.net
31672,zhedinglaw.com
31729,zbzoom.net
31864,zonakids.com
31865,zplay.bet
31902,zibll.com
31903,zdyyxnk.com
31991,zoomconnector.com
32007,zdnet.co.kr
32100,zarahome.com
32147,zonos.com
32177,zennioptical.com
32194,zhibo8.cc
32215,zmags.com
32241,zhaw.ch
32276,zooniverse.org
32451,z.fi
32473,zillow.net
32638,zds8158.com
32659,zcool.cn
32875,zalando-lounge.de
32919,zmxfybjy.com
32964,zerotier.com
33059,zhky.ru
33082,zysycp.com
33098,zaoshang.ru
33123,zamimg.com
33299,zdxgov.net
33368,zuoyebang.cc
33395,zigpoll.com
33483,zohoaccl.eu
33567,zeelool.com
33578,zpsyxx.com
33586,zaobao.com
33638,zalora.com.tw
33767,zoho.jp
33845,zpagov.net
33884,zcnotary.cn
33991,zub-tube.com
34004,zincha.net
34032,zenhabits.net
34069,zulily.com
34114,zgcxy.cn
34207,zeroweb.kr
34257,zkwl.edu.cn
34270,zpath.vip
34331,zxz.su
34414,ztna1p-msedge.net
34422,zive.cz
34438,zenlink.net
34455,zscalerone.net
34458,z3.fm
34459,zcdn.ru
34503,zpkeji.com
34538,z-lib.id
34550,zetacx.net
34605,zohocal.com
34928,zaius.com
34972,zeelandnet.nl
35089,zoll.de
35129,zumper.com
35276,zzounds.com
35424,zyukj2l.com
35436,zype.com
35470,zagreb.info
35523,zgtxyh.com
35627,zanox.com
35703,zbfcxx.cn
35844,zerochan.net
35902,zooplus.de
35917,zxxk.com
35943,zoiper.com
35980,z-9-a-b.com
36045,zghmx.cn
36090,zodalt.com
36282,zjguode.com
36311,zonerama.com
36317,zyngawithfriends.com
36460,zwilling.com
36499,zegostudio.com
36506,zexy.net
36548,zxxjscp.com
36644,zerion.io
36750,zdnet.fr
36790,zebra.engineering
36886,zjmcyz.com
37020,zonerisq.ca
37080,zalando.co.uk
37201,zhav373.net
37226,zomato.restaurant
37309,zknu.edu.cn
37324,zohohost.eu
37485,znanierussia.ru
37505,zomro.net
37556,zj-xingyi.com
37682,zinzino.com
37721,zvuch.com
37836,zengyuan.org
37855,zdxten.net
37930,zgyxlc.com
38069,zappstore.pro
38146,zhsumarc.com
38158,zong.com.pk
38257,ziggogo.tv
38498,zopegr.com
38609,zeitverschiebung.net
38843,zaonce.net
38921,zhizhiniao.net
38932,zenimpact.io
38946,zapf.in
39015,zangi.io
39018,znds.com
39037,zonexa.xyz
39087,zencare.co
39134,zlongame.com
39463,zedal.de
39572,zeropartyforms.com
39600,zakzak.co.jp
39626,zone.eu
39646,zouliangbu.com
39655,zao-agrokomplex.ru
39704,zog.link
39764,zigwheels.com
39810,zumvu.com
39871,zerigo.net
39882,zyte.com
39893,zap2it.com
40028,zyz.org.cn
40053,zety.com
40072,zephyrsgroves.com
40126,zline0.com
40277,zhangyue.com
40360,zaragoza.es
40794,zintrack.com
40846,zenit.org
40888,zenmarket.jp
40951,zephrcf.com
40952,zsw.ca
41248,zf.ro
41368,zh.ch
41709,zales.com
41713,zipow.com
41735,zalora.com.my
41737,zeldadungeon.net
41752,zolo.ca
41832,zwcloud.wang
42041,zerobytes.xyz
42144,zhiyuanyun.com
42242,zspace.link
42319,zen-sv.com
42398,zona.media
42526,zhuisuma315.com
42619,zvo.cn
42789,zbozi.cz
42864,ztna3p-msedge.net
42886,zuiqiangyingyu.net
42957,zhukao.com.cn
42966,zui.com
43104,zoominsoftware.io
43128,zenlayer.win
43141,zyuken.net
43143,zameen.com
43275,zonedns.vn
43289,zum.com
43319,znetwork.org
43473,zol-img.com.cn
43568,zhangyuyidong.cn
43691,zala.by
43952,zingplay.com
44115,znwyxswxzj.com
44137,zipair.net
44169,zapwp.com
44354,zoovu.com
44359,ztedevices.com
44369,z-dn.net
44428,zcom.it
44518,zalando.no
44664,z-lib.fm
44826,zelenaya.net
44837,zaxid.net
45005,zakaz.ua
45021,zaccodigitaltrustlabs.com
45191,zhinanbao.cn
45239,zombeek.cz
45405,zoom.com.br
45408,zaycev.net
45535,zerkalo.io
45547,zdnet.co.uk
45581,zitelia.com
45635,zeop.re
45736,znaj.ua
45780,zeczec.com
45863,zoomalia.com
45996,zalando-prive.fr
46011,zhkp.net
46060,zcb.fr
46074,zimgs.cn
46268,zolnm.com
46323,za3jjhhcc.com
46371,zdic.net
46480,zupimages.net
46545,zalando.cz
46595,zenr.io
46784,zalando.ie
47041,zongheng.com
47043,zitomedia.net
47081,zooplus.co.uk
47405,zinmanga1.com
47512,zbj.com
47570,z1cdn.com
47716,zdmimg.com
47732,zzazz.com
47745,zeenite.com
47761,zaymer.ru
47876,zoner.fi
48004,zjsn888.cn
48469,zloong.com
48550,zaptec.com
48646,zurich.com.br
48709,zaaztelecom.com.br
48759,z2u.com
48774,zomato.tw
48839,ziffdavis.com
48901,zipcar.com
49018,zaccodigitaltrustlabs.net
49120,zapsign.com.br
49226,zetacdn.net
49289,zin.ru
49309,zentrolamia.xyz
49463,zyns.com
49632,zdravcity.rocks
49661,zshare.net
49692,ze.delivery
49714,zaxbys.com
49760,zkm.de
50010,zerowire.com
50101,zappingtv.com
50299,zan.top
50423,zytor.com
50452,zohostatic.com
50485,zenithspace.net
50512,zammad.com
50537,zohocloud.ca
50543,zalando.lt
50773,zonnet.nl
50852,za.net
50882,zaimads.com
50935,zkb.ch
51238,zjnetcom.com
51271,zpagov.us
51326,zoetis.com
51530,zhejianglong.com
51563,zweirad-stadler.de
51763,zhiqi01.cn
51897,zdnsgtld.com
51948,zumiez.com
52078,zentrixads.com
52179,zalando.hu
52231,zohosites.com
52305,zoosk.com
52310,ziblogs.com
52347,zirmed.com
52353,zenloop.com
52431,zeeman.com
52671,zukizuki.org
52747,zyngagames.com
52917,zerotothree.org
52923,zybang.com
52943,zona.plus
53132,z5h64q92x9.net
53135,zscdsy.com
53235,zyfra.com
53426,zooplus.fr
53429,zare.co.uk
53482,zucchetti.com
53608,z-lib.sk
53677,zavvi.com
53770,zet-casino.io
53836,zooxwifi.com
53886,zoorix.com
53890,zooplus.es
53916,ztk5.net
54449,zooomyapps.com
54519,zazamanga.com
54615,zorgkaartnederland.nl
54644,zdesapteka.ru
54689,zhangyi123.com
54813,zijiay.cn
54998,zoomus.cn
55012,zjzwfw.gov.cn
55029,zdnet.de
55031,zalando-lounge.pl
55041,zerads.com
55243,zebline.com
55302,zohocloud.net
55324,zooplus.it
55364,zanbox.com
55394,zalora.com.ph
55455,zap-hosting.com
55483,zandahealth.com
55755,zenvico.me
55988,zap.co.il
56058,zettle.com
56143,zen-browser.app
56207,zona-militar.com
56256,zalando.ro
56258,zep.us
56286,zhdk.ch
56293,zoocdn.com
56350,zudanje.com
56451,zakupivli.pro
56631,zalando-prive.it
56666,zappos.app
56791,zhulong.com
56885,zw.cn
56896,zenutech.com
56983,zhivika.ru
57003,zsl.org
57252,zzb.bz
57341,zabka.pl
57480,zagg.com
57512,zhongsou.com
57589,zalando.pt
57760,zyzoom.net
57906,zmenu.com
57912,zvukipro.com
57917,zhongguowangshi.com
57930,zvw.de
57972,zachestnyibiznes.ru
58095,zalando-lounge.com
58242,zid.store
58253,zooplus.nl
58570,zim.com
58632,zakupka.com
58708,zzidc.com
58766,zqrb.cn
58779,zhanfubrowser.com
59147,zalando.sk
59236,zichala.com
59238,z-library.bz
59373,zenit.ru
59420,zmsfnxxx.xyz
59427,zotabetcasino.org
59499,zwdj.vip
59518,zazzle.co.uk
59519,zulip.com
59681,zabasearch.com
60050,z-lib.gd
60061,zzu.edu.cn
60190,zupyak.com
60237,zoho.com.cn
60248,zenlesszonezero.com
60361,zerobounce.net
60378,ziaruldeiasi.ro
60422,zillionkinghost.com
60444,zachleat.dev
60469,zulacasino.com
60488,zx770.com
60537,zonelabs.com
60602,zalando-prive.es
60649,zoe.com
60734,zaoitt.ru
60813,zakratheme.com
60943,za-partoi.ru
60960,zalando-lounge.nl
60993,zumub.com
61015,zksync.io
61078,zlthunder.net
61107,zadns.co.za
61306,zeemaps.com
61372,zyn.com
61517,zoko.io
61542,zolotiyvik.ua
61692,zonafilm.ru
61787,zib.de
61968,zona-leros.com
62051,zenhotels.com
62211,ziggozakelijk.nl
62278,zap.by
62335,zurich.co.jp
62608,zhanh.com
62628,z-library.im
62650,zwierciadlo.pl
62670,zdev.net
62997,zafurilo.xyz
63097,zalando.si
63108,zohorecruit.com
63124,zooplus.com
63172,zentrum-der-gesundheit.de
63196,zoho.sa
63333,zmote.io
63498,zjxxt.cn
63537,zivame.com
63632,zenga.hu
63651,zenfy.ac
63758,zooplus.pl
63784,zbioxn.com
63824,zoll-auktion.de
63982,zavamed.com
63997,zakonyprolidi.cz
64116,z8games.com
64268,zenfs.com
64358,zenkit.com
64523,zerotimeservices.com
64599,zid.com
64754,zalora.io
64887,zonapic.com
64986,zapier-deployment.com
65006,zvezdamedia.ru
65121,zzztube.tv
65285,z-z.jp
65438,zipformplus.com
65525,zillow-workspace.com
65565,zazzle.net
65614,zhaoshang.net
65810,ztv.ne.jp
66066,zepeto.me
66067,zamg.ac.at
66549,zerossl.com
66600,zaltrimondex.xyz
66735,zalando.hr
67055,zjam.org.cn
67064,zoosex.cc
67070,zoo-xvideos.com
67152,zooskoolvideos.com
67200,zoff.co.jp
67249,zencastr.com
67279,zomro.ru
67282,zuzuche.com
67314,zoho.uk
67315,zoot.jp
67346,zonacero.com
67382,zoosexfarm.com
67601,z4z8.com
67651,zenrosai.coop
67688,zoopornanimal.net
67732,zerobuff.com
67746,zoosextube.life
67838,zk1w.com
67846,zasobygwp.pl
67899,zenporn.com
68041,zwdj.top
68043,zgzcw.com
68137,zaha-hadid.com
68266,zmtcdn.com
68510,zoozhamster.com
68541,zeno.org
68573,zoo-xnxx.com
68790,zora.bg
68824,zuerich.com
68894,zeenews.com
68938,zahia.be
69126,zybooks.com
69158,zeos.online
69174,zegocloud.com
69224,zend-apps.com
69260,zoig.com
69508,zdopravy.cz
69561,zootube1.com
69570,zdg.md
69578,zyxel.eu
69724,zjcia.com.cn
69746,zoomg.ir
69794,zenmatchgame.com
69898,zeplin.io
69949,zet.net
70122,zendesk-staging.com
70224,zenefits.com
70453,zacaris.com
70454,zorin.com
70514,zone-srv.net
70525,zet-casino.com
70535,zeelproject.com
70562,zarinpal.com
70585,zoomcar.fr
70614,zeit-world.com
70731,zerotackle.com
70733,zenplanner.com
70818,zensafedns.net
70824,zmag.org
70980,ziperto.com
71119,zns-53.net
71125,zhenai.com
71155,zcasino.org
71349,zhenhunxiaoshuo.com
71580,zeiniez.com
71620,zinmanga.net
71636,zatca.gov.sa
71770,zilverenkruis.nl
71907,zoominfo.co
72002,zophar.net
72054,zeusx.com
72104,zprx.net
72131,zgzhsw.net
72306,zeendoc.com
72312,zzxxtra.com
72758,zen.com
72974,zoloftnew.com
73028,ziflow.io
73054,ztndz.com
73097,zt.hu
73218,zzprotect.com
73225,zema.com
73538,zhys.tw
73577,zha.com
73772,zimswitch.co.zw
73775,zarpanews.gr
73784,zonapagos.com
73791,zoner.com
73849,zendalibros.com
74113,zinrelo.com
74115,zaiko.io
74123,zxcs.be
74189,zoritolerimol.com
74402,zenvuedigital.com
74479,z00.rocks
74539,zositeche.com
74592,zyro.com
74652,zarbet.co.za
74688,zhilingjia.com
74828,zopa.com
74832,zalify.com
74911,zalopay.vn
75162,zra.org.zm
75200,zto.com
75231,zeiss.de
75248,zenithbank.com
75312,zlavomat.sk
75449,zight.com
75463,zharar.com
75471,zu.edu.jo
75576,zetta.so
75586,zoofilialovers.com
75590,zx3315.cn
75644,ziffmedia.app
75849,zavetrik.ru
75888,zazporn.net
75897,zakon.ru
75952,zohohost.in
75992,zipgrade.com
76017,zoogvpn.com
76021,zeelabpharmacy.com
76132,zagorje.com
76143,zxphiz.tech
76234,za-dns.com
76256,znak.com
76274,zhangyue01.com
76348,zfilm-hd.net
76349,zseek.ru
76456,zdravalt.ru
76496,zebraboss.com
76528,zizzi.dk
76608,zegna.com
76641,zoommer.ge
76817,zotac.com
76834,zerto.com
76906,ziraatyatirim.com.tr
76981,zentotem.net
77033,zombieminer.com
77054,zicp.fun
77074,zona-lagu.net
77306,zortout.com
77435,zulaoyun.com
77756,ztchina.com.cn
77765,zeit-world.co.uk
77980,zilliz.app
78052,zombipiggi.net
78117,zillionsgift.com
78120,zcfw2020.cn
78131,zhaoshang800.com
78186,zytdysyxgs.com
78198,zoox18.com
78339,zrc-sazu.si
78382,zappit.gr
78648,znzmo.com
78899,zenmate.com
79176,zloteprzeboje.pl
79183,zbiam.pl
79193,zerolifestyle.co
79197,zjtcn.com
79279,zelesta.de
79360,zttraut.com
79382,zonajobs.com.ar
79499,zuluconnect.net
79581,zakcret.gr
79678,zooporn.show
79709,zooart.com.pl
79715,zinova.co.uk
79776,zonacraft.net
79782,zhengzhou.gov.cn
80094,zapgames.io
80136,zohodesk.com
80283,zxcs.eu
80373,zubvfxqj.fit
80577,zlmxqlpp.blog
80586,zzzb.tv
80730,zohoexternal.com
80764,zjcxstwx.com
80859,zoy.org
80920,zilinak.sk
81074,zffdegsjlj.net
81106,zccxx.com
81151,zalando.gr
81321,za-internet.net
81400,zoover.nl
81525,zefame.com
81578,zohowebstatic.com
81797,zivroq.com
82019,zapdicas.com
82278,zimmermann.com
82329,zmeet.video
82396,zwbsg.com
82508,zhihuishu.com
82586,zubersoft.com
82621,zenandfe.com
82627,zivver.com
82738,zendocs.com
82741,zadig-et-voltaire.com
82746,zouk.co.in
82798,zagat.com
82810,zerodayinitiative.com
82826,zhaosw.com
82949,zeword.com
83044,zatsuneta.com
83131,zoovilleforum.net
83193,zascdn.me
83195,zhipuai.cn
83281,zipmoney.com.au
83367,zadovoljna.si
83483,zamusic.org
83567,zghyjjy.cn
83775,zerosumonline.com
83812,zamusic.co.za
83988,z99yfsoa.com
83994,zpool.ca
84004,zanaco.co.zm
84286,zomtreva.online
84344,zhswx.com
84437,ziniounlimited.com
84771,zagbijoux.fr
84772,zagruz.me
84773,zarr.com.pk
84774,zedwap.co
84775,zekamashi.net
84776,zelesta.nl
84777,zenfii.net
84778,zhomis.info
84779,zone-telechargement.org
84780,zoom.red
84781,zop.in
84980,zavtra.ru
85095,zanichelli.it
85303,zenstudio.ro
85384,zaful.com
85515,zonaepic.vip
85526,zomato.today
85830,zealy.io
85893,zaoshang.ooo
85940,zingbus.com
86145,zgqcbw.com
86387,zen-manga.com
86605,zj39vv94vp.com
86888,zzhy.org
86945,zippybus.com
87007,zanize.com
87595,zahradnictvi-spomysl.cz
87723,zetteria.jp
87747,zw-net.com
87811,zakulisi.cz
87817,zeturf.com
87819,zbloghost.cn
87890,zingtruyen.store
87933,zenoplay.to
87949,zonadinamo.com
87989,zeit-world.net
87994,zippyonline.com
88106,zul8pnf9qq.com
88277,zelo.com.br
88286,zenvia.com
88287,zaccodns.com
88349,zoomin.tv
88376,zilo.one
88440,zhenaoijr.com
89023,zenfisio.com
89024,zettai-ero.com
89025,zoofilia.us
89227,zortrax.com
89349,zo3x.online
89359,zione.com.mx
89453,zoomscores.ng
89686,zorotv.com.in
89758,zditm.szczecin.pl
89881,zalando-lounge.ch
90076,zilliqa.com
90103,zjszdsys.com
90254,zeabur.app
90261,zingtruyen.xyz
90647,zjknews.com
90702,zabedu.ru
90882,zlato.ua
90939,zorinos.com
90961,zonastat.com
91213,zc777b.com
91214,zoofiliahentai.com
91227,zload.cc
91266,zordcdn.com.br
91268,zidoo.tv
91393,zianet.com
91557,zenoonline.cc
91558,zuvio.com.tw
91579,zivarnet.top
91580,zona.com.br
91648,zdxbeta.net
91790,zhsh5000.com
91943,zippal.com
92184,zesmakiemnaty.pl
92186,zserver.cz
92220,zomato.ventures
92277,zego.im
92297,zomato.pizza
92410,zapisanisobie.pl
94868,z16bet.game
94869,zamok.mobi
94870,zapsi.net
94871,zatsubitown.com
94872,zbeng.co.il
94873,zc777a.com
94874,zcall.com.br
94875,zerakijewels.com
94876,zip-native.com
94877,zonakilat.com
94878,zonapeligro.site
94879,zonaroja.com.py
94880,zsed1je70b.com
94881,zsozirisz.hu
94882,zudio.com
94883,zvideixx.xyz
94884,zwana.io
94885,zwei.ne.jp
94917,zam.com
94958,zyfjjshs.com
94990,zipchat.ai
95110,ztv.ad.jp
95122,zhwlfw.cn
95158,zaqq.com
95435,zngfj.cn
95448,zimmerbiomet.com
95465,zenclerk.com
95556,zadns.me
95659,zonednspanel.com
95975,zma.gs
95983,zyjl.cn
96022,ziglang.org
96024,zhongbosoft.com
96116,zinnedproject.org
96206,zvochat.ru
96309,zephr.app
96423,zetaglobal.com
96492,zggqls.cn
96546,zew.de
96566,zmbl.co
96595,zil.ink
96649,znlc.online
96658,zoetispetcare.com
96751,zslogin.net
96874,zpa-app.net
97021,zcache.com.au
97072,zoochat.com
97140,zcdn.com.cn
97277,zorustech.com
97300,zovvpn.cc
97325,zipcomic.com
97468,zjsfsz.com
97714,zettlab.com
97910,zhuqiy.top
97977,zapier.app
97982,zippopotam.us
98149,zinlab.com
98283,zeitworld.com
98365,zestate.co.uk
98405,zomato.durban
98423,zcal.co
98553,zgaqyj.org.cn
98696,zs-chiko.com
98811,zhongyoute.com
98828,zipdo.co
98997,zalora.com.hk
99011,zalo.video
99026,zimcom.net
99087,zeldman.com
99088,zaraorlando.com
99188,zk71.com
99568,zsxq.com
99608,zlink7.com
99639,zionsbank.com
99781,zekond.com
99957,zohanayaan.com
100069,zoomeye.ai
100074,zkey.cc
100125,zanaflex365.com
100176,zebra-tv.ru
100206,zoomcorp.com
100540,zitro.hosting
100541,zooki.xyz
100656,zapmuse.com
100940,zarina.ru
100965,zap-srv.com
101050,zjurl.cn
101167,zonasdnsprivadas.com
101241,zonasprivadasdns.com
101287,zellowork.com
101327,ziliaocool.com
101334,zptl.biz
101390,zohoassist.com
101491,zope.org
101500,zozo.com
101569,zankhana.ltd
101600,zygart.cn
101664,zassets.com
101766,z.cash
101825,zeloru.com
101969,ziroom.com
102048,zsyingyu.com
102050,zuel.edu.cn
102134,zaafon.beauty
102161,zjgtianle.com
102307,zndsk.com
102544,zzap.ru
102549,zuuvicdn.com
102623,zgerfk.xyz
102839,zhjyok.com
102849,zhuanzhuan.com
102912,zjnu.edu.cn
103019,zdrav.ru
103097,zilore.net
103117,zvuk-b2b.com
103145,zhixinzhili.com
103191,zoomapp.cloud
103254,zatu.com
103260,zmedia.vn
103282,zeptodev.com
103286,zermatt.swiss
103305,zolla.com
103388,zhenhuadl.com
103487,zomato.vodka
103659,zermatt.ch
103723,zoll.com
103930,zeronetworks.com
104064,zfaev2940637fafa.com
104245,zjut.edu.cn
104444,zepetto.com
104477,zazzle.ca
104620,zvukino.com
104722,zionmarketresearch.com
104776,zonedata.net
104798,zenpirlanta.com
104959,zerodayromance.com
105045,zooteka.buzz
105110,zope.dev
105139,zcache.co.nz
105188,zg10069.cn
105192,zerolag.com
105308,zzz.com.ua
105334,zhyhv2940637fafa.com
105351,zondadevops.com
105496,zzphn2940637fafa.com
105532,zenvokar.xyz
105572,zjgir2940637fafa.com
105613,zhp.pl
105639,zora.co
105651,zonmw.nl
105657,zorlaxin.xyz
105822,zenfoliosite.com
105865,zattic.com
106102,zol.co.zw
106103,zoringroup.com
106178,zhschip.com
106242,zentravo.xyz
106324,zmqdez.ru
106371,zckrjx.com
106582,zdops.net
106693,z8ejh47.com
106738,zyravexo.xyz
106840,zugenyuan.com
106952,zeptolab.com
107018,zohosites.in
107022,zont.online
107136,zpe.gov.pl
107151,zxhspx.com
107199,zurichberg.com
107219,zjxstnt.com
107294,zoodfood.com
107298,zero.pl
107400,zhuoligroup.com
107560,zodiaccasinos.com
107566,zhihuiweishi.com
107619,zamnet.zm
107648,zerostani.monster
107745,zayzoon.com
107804,zeus-src.com
107864,zingmp3.app
107934,zcache.co.uk
107969,zelle.com
107975,zenleafdispensaries.com
108176,zaptrade.ru
108268,zhelicha.com
108498,zcdn.click
108517,zeenwoman.com
108619,zx2682.com
108670,zx4634.com
108733,zx2037.com
108788,zu9y65.com
108795,zinnfigur.com
108815,ztv.su
108844,zorin-os.com
109041,zaccodns.se
109141,zscomp.ru
109471,z3d9.com
109522,zioskconnect.com
109607,zalando.ee
109637,zazzle.com.au
109713,zebestof.com
109816,zkeduo.com
109851,zapsibkombank.ru
109896,zhangqiaokeyan.com
110119,zoozavr.ru
110124,zmstat.com
110167,zbio.net
110194,zevs5.ru
110277,zxigz2940637fafa.com
110278,zomato.technology
110291,zipfilmizle.com
110303,zst.com.br
110369,zhongyizhencang.com
110371,zemi.mk
110464,zgallerie.com
110467,zaqsap.org.cn
110534,zango.tech
110545,zbkb.nl
110678,zgygfsxzsyjy.com
110694,zkclouds.com
110704,zhjianxue.com
110848,znlc.jp
110877,zetta.net
110898,zooportal.pro
110969,zeldis.ru
111122,zoomengage.com
111129,zppa.org.zm
111252,zestfularcade.com
111266,zasta.de
111530,zhizhuchi.cm
111545,zespri.com
111583,zapmap.com
111591,zar-casino.io
111597,zorgwijzer.nl
111811,zerfleddert.de
111892,zenginkyo.or.jp
111922,zorf-pro.com
112468,zid.sa
112569,zohocal.in
112805,zodiacsign.com
113000,zomato.joburg
113037,zjjxzjxh.cn
113100,zooatlanta.org
113199,zoneminder.com
113320,zenmux.ai
113347,zupix.online
113559,zenomedia.com
113567,zhiweitec.com
113645,zyfira69.com
113699,zacpms.com
113801,zgjietai.com
113828,zapfibra.co.ao
114011,zelenyysalat.com
114136,zdqswy.com
114276,za.group
114396,zazazuza.ru
114602,zy-ck.com
114673,zendesk.de
114741,zamnesia.com
114885,zukaojuan.com
114948,zoho.ae
115190,z1m8x3v.com
115191,z5p3y.com
115202,zuizhong.net
115214,zborovna.sk
115221,zhangyuecdn.com
115233,zenarmor.com
115349,zozothemes.com
115465,zojirushi.co.jp
115467,zacdn.com
115503,zoom.com.cn
115526,zaclys.com
115652,zoe-ai.eu
115741,zocalo.net
115777,zippyapp.com
115948,zwave-js.io
116076,zivotvcesku.cz
116332,zohomail.com
116647,zeald.com
116788,zahav.ru
116854,zhongshengcchs.com
116876,zhenyunpan.com
116955,zi288vvu3.com
117000,zjptg.com
117034,zjstjdc.org.cn
117239,zurich.co.id
117317,zhenqing1314.com
117318,zeitpunkt.nrw
117358,zjstech.net
117483,zalando.lu
117599,zjmingzhuang.com
117613,zquan.cc
117832,zomato.com.pr
117839,zhaopin.cn
117876,ziddu.com
117936,zorotv.com.ro
117965,zgraph.net
118012,zubinovelszone.com
118247,zeekrlife-test.com
118281,zentri.com
118323,z40xmimvhbytcnppy1rs3.app
118447,ziftsolutions.com
118581,z8p3v1n6.com
118590,zeteo.com
118675,zwgou.com
118794,zupkix.cc
118875,zaba.hr
118930,zzcdn.me
119802,zamloan.com
119803,zi2890fu3v.com
119804,znohub.online
119805,zo80fi3iv.com
119806,zoneh.org
119807,zoofilia.info
119824,zyukj6l.com
119870,zia.io
119922,zaproxy.org
119947,zerophyto.fr
119952,zhaobiao.cn
120050,zalando-lounge.be
120120,zeekr.eu
120291,zjocwy.com
120340,zse.hr
120397,zencoder.com
120745,zoocasa.com
120777,zenaps.com
120908,zdnet.com.au
120911,zen.one
121026,ztinfoga.com
121099,zoop.ws
121169,zu.edu.eg
121281,zaubee.com
121335,z1motorsports.com
121354,zhanso.com.cn
121382,zalando-lounge.at
121476,zeuss.top
121561,zendate.com
121875,zaikei.co.jp
122060,zurichna.com
122083,zuowensan.com
122111,zakonrf.info
122149,zonainst.com
122280,zhidekan.ltd
122333,zamunda.rip
122386,zdesecom.ru
122458,zapbitz.com
122473,zssk.sk
122557,zumedns.com
122596,zlib.li
122620,zhuanstatic.com
122635,zigwheels.ph
122676,zintro.com
122774,ziengs.nl
122820,zjzs.net
122869,zulmari.my
122908,zastupnik.help
122937,zap.money
122960,zephyrnet.com
122979,zzlocalsquared.com
123064,zfycdn.com
123068,zbjimg.com
123128,zcsend.net
123308,zxpcloud.com
123327,zgh.cl
123453,zpabeta.net
123509,zohocdn.com.cn
123510,zanotowane.pl
123599,zkteco.com
123663,zalando.lv
123664,zfin.org
123667,ztv.one
123756,zoopt.ru
123788,zeromq.org
124038,zispa.org.zw
124052,zghygd.com
124249,zolasuite.com
124313,zenarmor.net
124394,zcubes.com
124456,zogoo-exhibition.com
124481,zdohrana.ru
124632,zelispayments.com
124645,zohoapis.com
124843,zernebok.com
124909,zinfos974.com
124981,zinghr.com
125022,zenviron.com
125089,ztv.company
125094,zhostbd.com
125220,zephyr4jiracloud.com
125266,zidianpi.com
125288,zero.kz
125443,z-tetc.cn
125452,zotan.network
125572,zeldauniverse.net
125579,zogby.com
125758,zencamcloud.com
126160,zpvisa.cn
126174,zennoh.or.jp
126212,zhcw.com
126266,zalando-lounge.cz
126360,zygjp.cn
126390,zak.edu.pl
126424,zeabur.com
126466,zoox.com
126584,zzyatu.com
126748,zentral-bank.eu
126955,zhupiter.com
126980,zoophilist.net
127123,zoejirten.cc
127130,zvonok.com
127345,zonereg.ru
127362,zoomshare.com
127408,zbase.cn
127414,zvukogram.com
127450,zoobeauval.com
127458,zxoa.net
127534,zenitmc.com
127610,ziniopro.com
127892,z299vvi2ppl.com
127893,zg38fye6663.com
127894,zu28ffrrr3.com
127971,zefrank.com
127994,zeppy.io
128211,zetadns.net
128263,zentralplus.ch
128605,zango.com.au
128779,ztupic.com
128827,zoograd.com
128905,z178fyfff3.com
128906,zu29ffu889f.com
129122,zohobookings.com
129251,zzedu.net.cn
129314,zohostatic.eu
129352,zxnic.com.cn
129469,zoop.com.br
129482,zjinnova.com
129687,zetech.ac.ke
129704,zeusadx.com
129804,zxko.org
129829,zrlssa.biz
129869,zonkafeedback.com
129872,zbstatic5.com
129886,zyiexezl.biz
129940,zyzhan.com
130039,zomato.moscow
130086,znwbniskf.biz
130089,zhuanzfx.com
130162,zgapiej.biz
130249,zvei.org
130334,zuj.edu.jo
130392,zoneofgames.ru
130419,zabbix.cloud
130475,zwire.com
130486,zpa-auth.net
130541,zetadisplay.com
131002,zb3.org
131015,zut.edu.pl
131224,zdechov.net
131283,zjhuiyun.com
131286,zilverton.com
131487,zeronorth.app
131600,zaol.hu
131678,zenlayer.net
131740,zubi.de
132034,zeromotorcycles.com
132039,zerotracmfg.com
132140,zhitomir.info
132157,zenhosting.info
132201,zimage.com
132216,zentrale.de
132273,zhuhai.gov.cn
132317,zone-secure.net
132396,zjwdhb.com
132419,zendure.tech
132441,zooxsmart.com
132469,zapp.nl
132764,zaqq.de
132791,zlatestranky.cz
132857,zhb.gov.cn
133022,zzcartoon.com
133067,zdravservice.ru
133068,zeals.ai
133097,zippo.com
133218,zb.co.zw
133396,zaruchiem.ru
133548,z2systems.com
133604,zadapps.info
133683,zetaidraulica.it
133733,zoom-x.de
133757,zebomba.ru
133834,zaojia.cn
133842,zjhzptt.net.cn
133896,zcache.ca
133907,znu.edu.ua
133947,zarium.com
134083,zellamsee-kaprun.com
134086,zrhqsz.com
134147,zhendian.net
134475,zenduty.com
134606,zsh.org
134647,zstatic.net
134665,zou.ac.zw
134671,zotiser.cn
134746,zgkqsc.cn
134850,zhonganjianli.com
134894,zahnimarkt.com
134977,zhishen.net.cn
134999,zhongxijs.com
135051,zencorehost.com
135174,zomato.cooking
135181,zgkqw.com
135299,zauba.com
135351,zhuokearts.com
135472,zhiziyun.com
135499,zk.mk
135574,zhangguisong.com
135696,zglobalhost.com
135819,zjsbmy.com
135952,zoomcar.com
136179,zurich.de
136328,zgp.info
136343,zim.vn
136371,zand.ac.ir
136492,z-gc.com
136598,zpost.com
136689,zoloto585.ru
136804,zwame.pt
136821,zjxbjslgs.com
136857,zabco.net
136887,znak.com.pl
137008,zkcyy.cn
137048,zitatel.com
137108,zinchangmanga.net
137124,zoo.org
137202,zixmail.net
137465,zhixinli.com.cn
137522,zeperfs.com
137557,zuidu.com
137579,zhigulinet.ru
137700,zazzle.de
137759,zoofilia.co
137781,zi28vvur3.com
137797,zenith-watches.com
137831,zededa.net
137856,zjymsc.com
138064,zeno.health
138106,zazoom.it
138881,z-tatar.com
138882,zatiktokgo.com
139510,z2o4x9pc.com
139511,zayaneditz.com
139512,zeus138mata.com
139513,zia88740.com
139514,zoomusers.com
139515,zt15.online
139516,zxbaji.com
139526,zs.se
139529,zabec.net
139852,zxchogklngym.com
139865,zerg.app
139882,zooplus.be
139903,zohorecruit.in
139969,zongtiku.com
140003,zzkangchenjjwx.com
140011,zonercloud.cz
140057,zywave.com
140674,zakazrf.ru
140843,zones.com
140869,zakynthoshotels.eu
140874,zak-rkp.net
140916,zippingpong.com
140972,zap-map.com
140982,zomato.paris
141009,zptl.net
141033,zomato.menu
141107,zmiii.com
141279,zelda.com
141403,zdtyg.com
141481,zigarre.de
141576,zelig.com
141606,zhixie123.com
141743,zengenti.com
141758,zooplus.ro
141835,zenoxserver.com
141980,zhcom.ru
141984,zjzjtl.net
142109,zeldawiki.wiki
142301,z00.monster
142377,zbordirect.com
142490,zonetv.cloud
142495,zinff.com
142582,zasos.fun
142784,z-ns.net
142850,zebyinbox.com
142870,zff.dev
142969,zkzam9hoby.top
143118,zeslotscasino.org
143122,zxpjl3cbea.com
143288,zooplus.hu
143361,zavidovo-dev.ru
143505,zephyrproject.org
143656,zoetisus.com
143967,z5kr8qm.com
143968,zintube.ir
144001,zg.ch
144031,zoner-inshop.cz
144078,zellis.com
144080,zegarek.net
144121,zjtianruiyeya.com
144125,zoboko.com
144246,zhongcaiguoke.com
144267,zip.net
144578,zapret.me
144579,zegoyun.com
144580,zgato.dev
144581,zhizhuip.com
144582,zrawsomble.com
144713,zone.fi
144917,zsnews.cn
144993,ziza.ru
145097,zjlanxuan.com
145170,zetaboards.com
145224,zakeke.com
145343,zoo.org.au
145346,zoneservers.net
145377,zylom.com
145520,zamokin.ru
145743,zxc.wiki
145790,zebra-group.ru
145840,zrs7b8boubf9y-b1.net
145861,zhonglianggufen.com
145865,zhuangshijz.com
146087,zcpgjg.com
146159,zegarownia.pl
146192,zajo.com
146197,zinro.net
146207,ziondaily.com
146218,zeddit.com
146248,zeit.world
146305,zs.com
146434,zstu.edu.cn
146463,zqysoft.com
146466,zalora.com
146627,zqzjs.com.cn
146659,zorgdomein.nl
146847,zoho.sg
146917,zjjfgf.cn
146965,zet-flix.online
147213,zena-in.cz
147313,zendesk.co.uk
148558,zara4d21.com
148559,zettruyen.live
148560,zettruyen.top
148561,zippay-u1.com
148562,zonapreman69.com
148563,zone-telechargement.news
148564,zone-telechargement.win
148565,zoshbase46.com
148622,zenno.net
148677,zikinf.com
148711,zhedge.com
148722,zoomlion.com
148765,zwangerschapspagina.nl
148792,zacatrus.es
148905,zeeg.me
148915,zipatlas.com
149009,zingnews.vn
149038,zoo-berlin.de
149068,zibayeman.com
149082,zhzh.info
149105,ztv.name
149226,zcode-ai.com
149557,zoomex.com
149585,zjzj.net
149617,ziprecruiter.ie
149858,zx-holdings.com
150070,zjhx.co
150075,zugspitze.de
150103,zufe.edu.cn
150300,zagreb.hr
150339,zscalerbeta.net
150392,zengw.io
150485,zabava.ru
150574,zenrows.com
150605,zettains.ru
150752,zrmxcx.cn
150860,zajenata.bg
150947,zs.gov.cn
151097,zybuluo.com
151123,zqlx168.com
151167,zomato.mobi
151203,zahraa.mr
151228,z-library.ec
151369,zonercloud.sk
151418,zenit.win
151421,zollonline.com
151455,zeroheight.com
151468,zerozero.com.mx
151520,zilek.com
151595,zjdeluo.cn
151643,zoomd.com
151694,zambianobserver.com
151711,zoomonprem.com
151821,zerodown.com
151850,zhongcai.com
151901,zocalopublicsquare.org
151910,zxq.net
151993,zgxzjk.com
152005,zoologico.com.br
152031,zeta-producer.com
152325,zoohit.cz
152407,zfyrv7gs.com
152594,zkillboard.co
152605,zopim.io
152615,zibo.gov.cn
152711,z200.net
152881,zxlgbbmhjpg.top
153070,zalljt.com
153241,zhidaosj.com
153446,zaim.net
153534,zgqfzs.com
153603,zawodtyper.pl
153706,zylb.cn
153708,zigbee2mqtt.io
154115,zcom.cz
154232,zxlgaamhjpg.top
154339,zhonggaopro.com
154395,zaq.ad.jp
154405,zinge.com.cn
154439,zol.ru
154469,zelandscaping.com
154524,zenmaid.com
154529,zlvalves.com
154623,zazzle.fr
154679,zjhnft.com.cn
154789,zomato.pr
154820,zapadnaya.ru
154837,zorgfilm.com.co
155107,zegsuapps.com
155176,zzarda.com
155224,zhenxinfb.com
155637,zohocorppublic.in
155733,zjjxzjxh.com
155924,zobodat.at
156129,zls.co
156286,zeit.co
156290,zhongyuantm.com
156320,zlibs.com
156384,zbw.eu
156423,zotiser.vip
156451,zootweb.com
156497,zework.com
156719,zjes.shop
156736,zhhefeng.com
156761,zetohosting.pl
156935,zelliey.com
156954,zfjcfj.com
157011,zauca.in
157116,zukunftsinstitut.de
157165,zenput.com
157362,zrocdn.xyz
157558,zapatopi.net
157568,zx5228.com
157698,zdrav31.ru
157972,zuhalmuzik.com
158009,zsterm.io
158067,zipcode2business.com
158311,zfilme-hd1.site
158542,zorox.sex
158593,zoneiran.com
158600,zainabchottani.com
158766,zb-gladbeck.de
158811,znu.ac.ir
158816,zatrolene-hry.cz
158879,zconf.me
158892,zyngaplay.com
159077,ztu.edu.ua
159207,zeanoelec.com
159299,zomro.su
159304,zentaku.or.jp
159379,zeltatrials.com
159524,zjgsu.edu.cn
159689,zuidnederlandpianos.nl
159760,zaijay27.xyz
159932,zessnetworks.com
159941,z-media.info
160203,z8a6l7d.com
160215,z0i0u5l.com
160254,zeneszoveg.hu
160260,zadzmo.org
160268,zhinst.com
160285,zroadster.org
160294,zolenko.com
160428,zhiqinyun.cn
160640,zapchastinki.com.ua
160753,zamsino.com
161204,zayoenterprise.net
161325,zuver.hosting
161386,zuko.io
161583,zelenka.guru
161846,zdrav10.ru
161938,zulu-wiki.win
162069,zombo.com
162102,z-fortune.cn
162280,zitmaxx.nl
162335,zsheine.com
162342,zigavn.com
162449,zazzle.es
162464,zmpt.cc
162732,zuper.ru
162738,zeeland.nl
162880,zenithgrs.com
162982,zygology.com
162987,zdoom.org
163353,zap.buzz
163523,zenithjs.ws
163590,zapsplat.com
163610,zszhynyt.com
163668,zaffari.com.br
163691,zazzle.co.jp
163695,zggqls.com
163865,zebronics.com
163892,zondervan.com
163945,zebra.lt
163984,zckrndnpo.com
164055,zfyu.com
164146,zekanen.de
164348,zakony2017.ru
164491,ziuaconstanta.ro
164717,zizzi.de
164756,zgrczp.net
164768,zbrushcentral.com
164952,zaikostore.com
165097,zippi.com.br
165225,zim-service.ru
165304,zhihaixing.com
165306,zuyushop.com
165354,zylon.net
165387,zurich.com.my
165444,zenden.ru
165446,ziff.tech
165474,zistemo.com
165659,zhideedu.com
165684,zjkqzy.com
165728,znkd.com
165730,zweisam.de
165760,zhaopn.xyz
165929,zerohanger.com
166062,zhome.ge
166106,zmyhome.com
166288,zildjian.com
166441,zlj2iov939.com
166509,zur-kazan.ru
166571,ziggeo.com
166627,zbiornik.tv
166657,zfilm-hd.org
166743,zieweh.com
166892,zvv.ch
166922,zhetysu-gazeti.kz
166974,zeita.host
167115,ziprecruiter.co.uk
167158,zancetom.com
167317,zdsys.com
167349,zoutons.com
167352,zzn.com
167400,zimmer.com
167414,zafu.edu.cn
167429,zocalo.com.mx
167770,zqt888.cn
167868,zhanauto.kz
167881,zvuk.mobi
168015,zenstudios.com
168138,zodiac-io.com
168619,zootovary.ua
169009,zoneedit.co.uk
169010,zbgalleries.com
169019,zaqa.net
169021,zona.pub
169077,zoomsupport.com
169084,zcache.es
169181,zjjianghui.com
169183,zjkqjt.com
169304,ziyu.net
169461,zefix.ch
169898,zlb.de
169909,zgzcgg.com.cn
170011,zipoo.cn
170058,znanio.ru
170127,zuldigital.com.br
170175,zoskinhealth.com
170301,zoo.zone
170420,zbcdn2.net
170541,zjnomxhcrkfc.site
170610,zeroinfy.in
170730,zune.net
170741,zorginstituutnederland.nl
170840,zdface.com
170951,zhlsdlhx.com
171057,za.pl
171141,zont-online.ru
171230,zapbl.net
171370,zaimer.kz
171504,zxlgccmhjpg.top
171784,zocbo.com
171794,zapmaildns.com
172122,zjgxpx.com
172230,zerkalo97.casino
172293,zlibrary.to
172324,zmaximum.ru
172415,zaqq.ie
173030,zendplace.pro
173070,zohopublic.com.au
173232,zoologicalco.com
173325,zjzjtl.com
173338,zimne-zajazdy.sk
173359,zoeysite.com
173414,znet.kiev.ua
173427,zelis.com
173456,znoc.net
173669,zoofiction.com
173776,zillertal.at
173817,zerkalo-cas.online
174060,zimbrotop.com
174122,zooporndogfucks.com
174131,zainmart.com
174134,zoovienna.at
174356,zeb.be
174386,zzjym2m.cn
174456,ztqwgs.cn
174548,zhaichaoben.cn
174661,zust.edu.cn
174712,zip-codes.com
174719,zumarestaurant.com
174776,zhcxkj.com
175020,z0ne.dev
175061,z57.net
175149,zero-g.co.uk
175260,zhoushan.gov.cn
175351,zpcslylw9gib.net
175355,zingoy.com
175588,zuver.net.au
175620,zeitfracht.digital
175695,zzxuex.com
175760,zvzo.shop
175842,zm100.cn
175928,zgonc.at
175946,zjgt.com
175992,zielonyogrodek.pl
176000,zhongjiankangqiao.com
176025,zomato.pub
176032,zabursaries.co.za
176151,zbcdn.net
176442,zonalconnect.com
176574,zywa.com.cn
176708,zdravlje.gov.rs
176805,zone-h.org
176891,zhongzht.com
176982,zipcon.net
177013,zaaakodpass.com
177155,zhsho.com
177257,zenphoto.org
177324,zhongliangvip.cn
177466,zonalocale.it
177475,z4-forum.com
177616,zegin.com.mk
177715,za.org
177720,zgo.at
177872,zuishulou.cc
177949,zhuisuma.net
178103,zerowasteeurope.eu
178167,zippplus.com
178206,zkgmu.kz
178425,zumtobel.com
178485,zootubenet.com
178809,z9vv3ivj5.com
178829,z39vvj4o9.com
179081,zajezdy.cz
179084,zki399vvu4l.com
179091,z3vvj93iv5.com
179092,zj39vvu4uu.com
179271,zucchetti.it
179300,zasilkovna.cz
179549,zedem.ca
179618,zuzana.ai
179715,ziplyfiber.com
179807,zarehbin.com
179869,zyteq.com.au
180070,zia38342.com
180093,zarinaescorts.com
180265,zckggf.com
180297,zenadflow.com
180495,ztszx.gov.cn
180628,zuid-holland.nl
180695,zipdatamaps.com
180736,zoomadog.co.uk
180763,zoom.nl
180778,zhongxu.group
180894,zeeland.com
180951,zb-oa.com
181046,zycrypto.com
181123,zenklub.com.br
181250,znovin.cz
181336,zambrow.org
181679,zapping.com
181699,zeelretail.com
181700,zpark.com.cn
181864,zurka.us
181873,zowellvision.net
181997,zenclass.ru
182138,ztmawucox.com
182169,zakatselangor.com.my
182170,zkzam9hoby.xyz
182217,zbdpay.com
182300,zlinkp.com
182426,zwu.edu.cn
182461,zincit.io
182473,zzshe.site
182625,zoogletools.com
182629,zon.pt
182677,zvyki.com
182689,zonecybersite.com
182800,ztehome.com.cn
182815,zupee.com
183053,zsxiaobang.com
183087,zknljwh.baby
183307,zkhz.com.cn
183353,zetrotranslation.com
183466,z.co.nz
183484,zsbcs.net
183576,zxxzsc.com
183807,zip-site.com
184099,zwoastro.com
184136,zcyxkj.com
184296,zipzap.ba
184357,zhiliangku.cn
184456,zoom24.it
184469,zoofiliavids.com
184622,zimo.fr
184718,zjtz.gov.cn
184862,zxart.cn
184903,zhundaoyun.com
184913,zybest.com
185066,zwitserleven.nl
185078,zakanyszerszamhaz.hu
185093,zljxfh.cn
185288,zutobi.com
185410,zj96596.com
185495,zhenjiang.gov.cn
185686,zeomega.com
185795,zhejiangdongshun.com
185814,ziraatkatilim.com.tr
185865,zdravica.ua
185902,zhenjinnongyinshui.cn
185916,zeusssulsel.store
186309,zelty.fr
186310,zeuscasino.fun
186311,zuiki.it
186375,zillertalarena.com
186565,zpitomnik.ru
186665,zenplus.jp
186781,zelenograd24.ru
187142,zealstudy.me
187143,zon4cero.uno
187144,zoom188dd.com
187145,zplaybet.xyz
187146,zwjate.com
187177,zhan.com
187387,zoofiliaporn.net
187567,zoot.sk
187655,zamana.kz
187719,zgsdys.cn
187739,zmail300.cn
187919,zendesk.com.br
187949,zeil.com
188009,zavastream.com
188299,zakon.hr
188462,zhuanlichaxun.net
188488,zhaokao.net
188493,zelosaustria.com
188778,zavya.co
188785,zoompo.com
188835,zeasn.com
188943,zaiwanli.com
188963,zhihuiwangzhan.com
189033,zapatos.es
189040,zapodaj.net
189164,zdescargas.org
189275,zimexapp.co.zw
189296,zytzb.gov.cn
189502,zhaoshang100.com
189504,zeftera.ru
189557,ztube.org
189558,zocks.io
189654,zenovatrix.net
189883,zerotoheroes.com
189983,zafferanoitalia.com
189987,zgreviews.com
190022,zero3games.com.br
190058,zejroleplaying.org
190064,z2t7r.com
190242,zaico.co.jp
190287,zones.sk
190400,zomato.rest
190416,zhjlw.com
190482,zarza.com
190694,zhanjiang.gov.cn
190742,zoomprospector.com
190831,znetlive.com
190834,zulusgames.com
190902,zaius.com.au
190907,zhukovsky.net
190914,zazzle.co.nz
190923,zalopay.com.vn
190965,znaki154.ru
190982,zmodo.com
191199,zoomerang.com
191220,zurich.co.uk
191566,zizzi.fi
191622,zaacool.com
191694,zhifuz10888.com
191732,zumpercdn.com
191954,zerodistance.net
191981,z4car.com
192014,zoomeyes.dad
192114,zxls.com
192184,zoosex.sbs
192192,zervant.com
192359,zzuli.edu.cn
192386,zelmorqa.forum
192524,zofim.org.il
192534,zm8ir.info
192581,zazzle.com.br
192710,zain.sd
192893,zetahosting.net
193014,zharatman-kassa.kg
193081,zhengpin.so
193110,zawodny.com
193223,zasq.net
193290,za-domain.de
193321,zyy123.com
193379,zbytb.com
193402,zzgp-pxzx.com
193478,zentral.cloud
193500,zearon.com
193503,zoombangla.com
193513,zakelijkbereikbaar.nl
193528,zhibotv.com.cn
193655,zapitv.com
193661,zvuki.ru
193665,zensar.com
193800,zebpay.com
194068,zalandolounge.org
194260,zazer.mobi
194292,zen-iot.com
194439,zetasystem.dk
194500,zaoblako.ru
194644,ziaont.com
194777,zbookmarkhub.com
194987,zbvbx6nsq.cc
195033,zeef.com
195047,zohobackstage.com
195232,zeitgeschichte-digital.de
195288,zetalink.ru
195463,zapgrafica.com.br
195506,zonaereader.com
195535,zpecloud.com
195543,zhengbaohua.cn
195727,zuankong.net
195766,zoomtventertainment.com
195797,zjnbptt.net.cn
195895,zoom-a.com
195910,zalaszam.hu
195931,zesttech.xyz
195956,zerotohundred.com
195969,zarbaha-co.ir
196004,zerodha.net
196188,zhuoyue.wang
196206,zoom.co.jp
196249,zgshuntai.com
196266,zemez.io
196284,zappa.com
196387,zhongyulian.com
196408,zlinkt.com
196480,zerofox.com
196687,zoopraha.cz
196739,ztrforum.de
196785,zdh.de
196924,zx123.cn
197085,zone-telechargement.space
197411,zvt.ru
197482,zooroyal.de
197519,zanussi.com.eg
197731,zjjenston.com
197743,zeturf.nl
197778,zapdress.com
198035,zabytek.pl
198255,zfctrack.net
198567,zenniservices.com
198580,zycus.com
198656,zioreports.com
198834,zoglo.net
198941,zdssmt.com
198955,zarahome.net
198990,zac.ai
199023,zeus138.com
199243,zilliz.com
199404,zona.im
200269,z2q8t.com
200270,z777.com
200271,zegel.edu.pe
200272,zeoniq.com
200273,zoomon.ir
200274,ztracker.cc
200275,zwwvip.com
200305,zanesvilletimesrecorder.com
200371,zarplata-online.ru
200426,zrzvviqo.cc
200585,zo.computer
200646,zetnet.co.uk
200782,zoom-wiki.win
200869,zaposli.me
201118,zetosa.com.pl
201159,zhodinofoot.com
201205,zsks.cn
201276,zp365.com
201373,zipleaf.us
201563,zytrax.com
201638,zerkalo54.casino
201810,zxcstream.xyz
201876,zsamida.com
201969,zorototo.com
202025,zolotoy.ru
202084,zomato.recipes
202094,zaozhuang.gov.cn
202119,zucchiniporn.com
202135,zeitgeistmovie.com
202206,zxcvbnmpo.com
202219,zxing.org
202267,zooparkko.com
202331,zjyulinlong.com
202429,zazzle.ch
202950,zzgo2.org
202961,zavalise.com
202999,zez.am
203007,zhongqingyuan.com.cn
203020,zeforio.com
203037,zoomhitskins.com
203039,zmctrack.net
203153,zzztrack.com
203167,zestyio.com
203185,zobazo.com
203217,zztop.com
203267,zakopane.pl
203356,zonamista.com.br
203357,zufile.com
203388,zajefajna.com
203883,z3c.net
204058,zgyscd.com
204248,zositechc.cn
204300,zentasyncb.biz
204322,zl.lv
204358,zone-telechargement.cafe
204466,zarcrom.net
204563,zapping.ec
204674,zompist.com
204725,zionfoodsmart.com
204769,zuiisezs.cc
204826,zwischengas.com
205001,zyma.com
205046,zjxyvalves.cn
205103,zipwhip.com
205410,zoot.cz
205438,zjcsb.com
205442,zgdvxacopw.net
205631,zenheart.com.tw
205635,zanalytics.vip
205670,zvedavec.news
205699,zod.dev
205788,z9h9a5.com
205789,zatunes.co.za
205855,z2fg94.com
206028,zygoshub.com
206094,zirconhost.com
206105,zorotv.ba
206120,zck.com
206124,znportal.com
206330,zcmu.edu.cn
206473,z-hosting.ch
206507,zomato.pe
206530,zpbaowenban.com
206689,zhidingwin.com
206754,zave.it
206805,zamnesia.de
206826,zivox.ru
206893,zzy.cn
207091,zopudt.com
207109,zenlite.site
207147,zettruyen.fit
207177,zappatos.ro
207178,zielony-parapet.pl
207214,zonahentaijuegos2.com
207475,zettruyen.club
207582,zebratelecom.ru
208022,zappyride.com
208100,zaphq.io
208409,zhanyezhushou.com
208647,zhihuiyaoxue.com
208745,zap82.ru
208765,zikuaiji.com
208772,zalipni.pro
208837,zemana.com
208870,zrexpress.app
208882,zabbly.com
208906,zmdosie.ru
208953,zi289fj3jv.com
209005,zzwin15.com
209122,z38749vv4.com
209258,zunmi.com
209481,zen.net.uk
209490,zavat.pw
209596,zvonoki.ru
209716,zhiyun-tech.com
209814,zataz.com
209824,zalando-lounge.ro
209905,ziarulunirea.ro
210008,zykemomo.com
210163,zjhh-pharm.com
210181,zhangzhou.gov.cn
210211,zorgfilm-8.pro
210337,zevoinsect.com
210514,zambianmusicpromos.co
210515,zanskarhealth.in
210516,zonealpha.in
210517,zzwin507.vip
210574,z2s6r.com
210681,zznews.cn
210695,zetup.se
210801,zempire.co.nz
210810,za5.casino
210934,znftz.com
211261,zsservices.com
211308,zecircle.xyz
211364,zn44.ru
211472,zojirushi.com
211547,zfu4n4kxgmx32hsqg.cc
211665,z-wave.me
211867,zedo.com
211934,zylongaming.com
212055,zydusfrontline.com
212204,zhizhiguan.com
212632,z1xw4.com
212633,zettruyen.one
212634,zi390fi3v33.com
212635,zj3vj39vi4.com
212636,zone-telechargement.tours
212828,zedinspection.com
212829,zj29gj2.com
212830,zj29gj3g.com
212831,zon.si
212832,zshhbp.com
212833,zzwin606.vip
213015,zhanggroup.org
213142,zaks.ru
213539,zalando-outlet.de
213753,zero.ad.jp
213923,zatpark.com
213962,zeit-world.org
214115,zenlayer.com
214978,zappaybd.com
214979,zeed321.ai
214980,zettruyen.today
214981,zhamroma77.com
214982,zonakenzo188.com
214983,zonawaktogel.org
214984,zorototo-mine.com
219991,z-cti.com
219992,z.net
219993,z1c7n4x.com
219994,z2g03jf.com
219995,z2n6q9x.com
219996,z2q7lk.com
219997,z3m2k8.com
219998,z5c2n7x.com
219999,z5v4x6p.com
220000,z803.com
220001,z8n2q6x.com
220002,zaaer.co
220003,zamcash.com
220004,zapatla.pk
220005,zarif.pk
220006,zaxbet.com
220007,zc777c.com
220008,zc777d.com
220009,zdmikp.bydgoszcz.pl
220010,zebricon.com
220011,zeed66b.com
220012,zeitloseliebe.de
220013,zempo.com.br
220014,zene.one
220015,zenko-sai.or.jp
220016,zenkoku-okuyami.com
220017,zenlishtoeic.vn
220018,zennx.in
220019,zenraj.net
220020,zero-1st.com
220021,zerod.ng
220022,zh88222.com
220023,zhongdingpme.com
220024,zigloi.com
220025,zikplay-ml.com
220026,zioplay.online
220027,zire20.ir
220028,zizhuren.com
220029,zl9r3ob1rv.com
220030,zodiacfortune.net
220031,zolitario.com
220032,zone-telechargement.team
220033,zontesmotos.es
220034,zooescape.com
220035,zoofilia.site
220036,zoofiliaxxx.blog
220037,zoopornstream.com
220038,zp5t8at877.com
220039,zphz8477.com
220040,zrbb4pc1.com
220041,zs777j.com
220042,zs999a.com
220043,zs999b.com
220044,zs999c.com
220045,zs999d.com
220046,zsmeili.com
220047,zsxlyyfck.com
220048,zt777a.com
220049,zt777c.com
220050,zt777e.com
220051,zt777f.com
220052,zu289ffu4tt.com
220053,zu289ffufff.com
220054,zulays.com
220055,zunamiq.com
220056,zurich.jp
220057,zust4real.in
220058,zutomayomart.net
220059,zuu378ffi3.com
220060,zuventus.com
220061,zv4mttn0g1ov.com
220062,zx5pu9.com
220063,zxcvwe.wiki
220064,zzfc001.com
220065,zzwin26.com
220066,zzwin705.com
220732,zhenru.net.cn
220755,zhemei-cn.com
220866,zoon.com.ua
220944,zanohosting.com
220991,zefirka.net.ua
221062,zsdhjc.com
221126,zscaleranalytics.net
221196,zazzle.pt
221221,zainternet.net
221366,zinkpot.com
221498,zeroone.art
221535,zhms.cn
221863,zoollna.com
222198,zurich.es
222289,zuimeng.net
222639,zilesinopti.ro
222802,zulleanrio.org
222804,zonesp.com
223050,zensupply.com
223470,zjboling.cn
223503,zhaobiaoyoudao.com
223525,zhuzhou.gov.cn
223626,zanybookmarks.com
223710,zu99.cn
223731,zeev.it
223845,zzvoepzpb.cc
223960,zehndergroup.com
223996,zhangyue.net
224034,zetabroadband.com
224082,zomato.gent
224086,zhaomi.cn
224217,zurich.ch
224271,zelaron.com
224276,zenlayer.ai
224291,zamnesia.fr
224438,zapovednik96.ru
224454,zakrademos.com
224690,zeytinburnu.cfd
224755,zabanshenas.com
224971,zebedee.io
225224,zibal.ir
225268,zhnovel.com
225438,zleague.gg
225516,zollverein.de
225595,zhpmafia.com
225699,zelt.ae
225762,zhanghao.io
225812,zenid.net
225897,zab.ru
225973,zumiky.cyou
225976,zoomifi.com
226093,zwickau.de
226205,zdfsxurol.cc
226278,zenmoney.ru
226492,zsinsikrcg.net
226519,zingserve.com
226549,z-alpha.tech
226553,zdruzenje-ns.si
226556,zupertech.com
226561,zillgo.com
226578,zoblcavrbj.net
226595,zegsu.com
226714,zonneplan.nl
226748,zachod.pl
226870,zdns.nl
226905,zigwheels.my
226932,zbcdn3.net
226961,zenhr.com
226972,zoo-sex.sbs
227091,zjwqbxg.com
227149,zfrmz.eu
227164,zvukbook.com
227235,zamix.com.br
227287,zzkchina.com
227340,zvornix.com
227728,zovo.ink
227810,zooclub.ru
227933,zoya.bg
227938,zamp.com.br
228142,zzyxyt.com
228156,zkmee.com
228265,zamorano.edu
228434,zread.ai
228635,zhizunlh.com
228667,zegarkiclub.pl
228752,zyyxy.com
228883,zhulang.com
228896,zerocoder.ru
228909,zixin.com.cn
228968,zahbgy.com
229055,zvonilka.com.ua
229104,zoollm.com
229264,zazzle.se
229306,zum.bi
229370,zian100pi.com
229413,zaffalive.com
229469,zooxapps.com
229543,zzurong.com
229596,zpwashim.in
229940,z00.kr
230046,zanducare.com
230072,zu399vvu4b.com
230138,zdrav-novgorod.ru
230434,zhongguocu.link
230543,zamren.zm
230554,zvfdqkvne.cc
230840,zilog.com
230849,zweitagapps.net
230927,zap.cloud
230932,zbnews.net
230946,zzkmdj.com
231106,zenqms.com
231143,zite.com
231389,zhivachkapro.com
231579,zapponesubarunorwich.com
231591,zxip.com
231921,zing.coach
232006,zhiding.cn
232024,zeamster.com
232050,zrcaipu.com
232099,zhuaxia.com
232151,zbkinfo.top
232198,zetatijuana.com
232214,zcygov.cn
232224,zorotraco.top
232368,zzzs.si
232538,zdrav74.ru
232543,zaojiaoguan.com
232750,zuyd.nl
232771,zuri.net
232772,zhytomyr-online.com
232811,zzrelki.top
232823,zodotire.cn
232995,zhitcollege.kz
233119,zjzjtl.cn
233120,zerophil.com
233197,zidep.com
233239,zgwuvrjkz.com
233249,zenilightidn.com
233342,zwp-online.info
233598,zdb-katalog.de
233680,znanium.ru
233764,zjsirui.cn
234002,zbtyzh.cn
234104,zenmatch.net
234125,znportal.ru
234293,zoly.tech
234546,zuitie.cn
234559,zhytomyr-future.com.ua
234678,zetachain.com
234717,zoomator.com
234720,zdorov.ru
234757,zextras.com
234760,zic-network.ch
234883,ztlwlw.com
234920,zenheart.tw
234951,zamanalwsl.net
235022,zagforward.com
235054,zaif.jp
235062,zable.co.uk
235173,zcjszx.com
235186,zrok.io
235332,zjxinzi.com
235497,zjxu.edu.cn
235516,zippyyum.com
235622,zzlh114.com
235712,zofiabutik.com
235785,zgdhy.com
235857,zbox.pro
235908,zzbh.com
236023,zroadster.com
236174,zevogo.com
236265,zurn.com
236346,zupu.cn
236367,zollhosted.com
236401,zippykid.com
236402,zone94.com
236446,zoomerang.info
236477,zetvideo.net
236581,zoo-leipzig.de
236694,zencreator.pro
236996,zua.edu.cn
237008,zephoria.org
237119,zapyamobile.com
237198,zaporizhzhia-future.com.ua
237245,ztongshuzi.com
237282,zgbfgg.com
237403,zoovet.ru
237449,zipshere.com
237856,zellerfeld.com
237935,zulong.com
237961,zenno.io
238091,zhizhuyx.com
238199,zhhbw.com
238254,zikoko.com
238332,zaslavl.ru
238347,zzoetec.com
238364,zgsj.com
238446,zincube.net
238467,zsc.edu.cn
238473,zxcnub.xyz
238524,ztdheros.com
238710,zamosc.pl
238858,zeroonemoto.com
238993,zoomin.com
239183,zqqds.cn
239250,zituxinxi.cn
239298,zapchast.com.ua
239301,zgjsks.com
239485,zone.id
239576,zyhjrpt.com
239594,zenn.studio
239725,zond.org
239808,zbord.ru
239841,zchtaczzt.cc
240097,zodiac.casino
240105,zappr.stream
240120,zastavki.com
240149,zhongshang114.com
240475,zhenidc.cn
240596,ziyemy.shop
240627,zeely.ai
240749,zfc.com
240799,ziddea.com
240809,zunsport.com
240939,zyzy-pop.online
241045,zeptomail.com
241069,zukan-bouz.com
241361,zehenspiel.de
241470,zapatosmayka.es
241616,zolshar.ru
241632,zaun-idee.de
241770,zeppelin.com
241778,zhonganpeiyou.com
241865,zone.ci
241880,zdkj.site
242052,zygorguides.com
242054,zencurity.com
242133,zeropenalty.com
242154,zslljx.cn
242160,zoot.hu
242176,zpodgroup.com
242220,zoorate.com
242328,zstream.mov
242379,ziphq.com
242530,zoxs.de
242569,zvdfsddefdfd.cn
242602,zebrix.net
242733,zgsydw.com
242863,zjqi.cn
242874,zzgjjx.cn
242979,zettacloud.com
243480,zakarpattya.net.ua
243647,zgyljgw.net
243784,zakonypreludi.sk
243830,zhixin.pro
243894,zooplus.pt
244057,zitcom.dk
244208,zhitongcaijing.com
244238,zunyi.gov.cn
244368,zaap.bio
244533,zumnorde.de
244661,zzmmj.com
244672,zyxel.ru
244678,zirvede.net
245013,zumst.com
245161,zagorje-international.hr
245224,zxqg.com
245345,zagreb-airport.hr
245548,zrelieporno.pics
245591,zipalerts.com
245639,zip.com
245834,zshysw.com
245892,zgymsjx.com
245949,zula.ir
245991,ztesmp.com
246073,zhixinxinli.cn
246142,zzyhgyl.com
246456,zakazat-prodvizhenie-sajta.ru
246555,zanverom.study
246709,zed-tv.com
246774,zbcg-js.cn
246787,zolneva.baby
246959,zootsports.com
247051,zavodrelyef.com
247107,zuqiu.cc
247117,zhengshang100.com
247174,zadanet.com.br
247212,zorpomatic.com
247214,zh-pro-5starsports.com
247316,zhongwen.com
247403,zarpo.com.br
247664,zkai.co.jp
247679,zhaopump.com
248102,zerojay.com
248113,zod.kr
248149,zilliondesigns.com
248171,zhanghao.co
248430,zarabiamy.pl
248441,zhentube.com
248494,zhaoshijiu.com
248658,zesha.net
248754,zarad.net
248816,zaoag.com
248891,zipworld.co.uk
248914,zkevm-rpc.com
248933,zeromedia.cloud
249028,zahradnictvi-flos.cz
249123,zorpilant.com
249257,zikao365.com
249342,zuxson.com
249347,zmu.onl
249362,zaycev.fm
249397,zhizhen.com
249402,zixi.com
249447,zenhosting.com.au
249501,zeevfjen.cc
249566,zwsoft.com
249568,ztgzmic.com
249614,zhupeng.com
249616,zivefirmy.cz
249621,zeroone.sk
249714,zhytomyr.name
249726,zoo.ch
249787,zohoexternal.in
249797,zernio.com
250042,zennichi.or.jp
250133,zagadala.ru
250151,zao-kes.ru
250533,zakkac.net
250561,zetcode.com
250599,zhl1iw3s.com
250604,zfilm-hd-731.online
250632,zonder-cruks.com
250672,zsi.at
250797,zdcs.link
250798,zjbiz.net
250827,zkeep.net
250841,zemoj.com
250868,zencenter.co.uk
250957,zurich-airport.com
251169,zulu.bg
251405,zm-online.de
251433,znakomstva-prosto.com
251559,ztgame.com.cn
251571,zookings.com
251625,zenya.work
251702,zopiret.my
251797,zaxaa.com
251808,zhytomyryanka.info
251857,zvl-hosting.nl
251943,zealuxmusic.com
251946,zengo.com
251974,zamtel.zm
252020,z76.casino
252081,zmina.info
252423,zooplus.ch
252438,zs9.com
252754,zxct88.com
252836,zipurl.link
252939,zuckerjagdwurst.com
252970,zenquiz.net
253322,zeusfirst.shop
253324,zconnect.cn
253516,ztj54.top
253553,zpacks.com
253554,zurimeet.com
253604,zenmark.co.uk
253606,zensho.co.jp
253729,zsuwn.info
253850,zen.ai
253883,zerolagvpn.com
253910,zepp.co.jp
253920,zaporizhzhia.name
253938,zalando-lounge.co.uk
253948,z.cn
253979,zwiftinsider.com
254080,zizzi.co.uk
254096,zixundingzhi.com
254227,zimeye.net
254235,zurbrueggen.de
254515,zurich.com.pt
254544,zkjm.shop
254570,zp.ru
254571,zaporizhanka.com.ua
254624,ziplines.com
254691,zhytomyr.one
254725,zarashahjahan.com
254747,zerocancer.org
254912,zapscript.net
255271,zawodowe.edu.pl
255368,zero.de
255417,zodiac.nl
255477,zentyo.co.uk
255605,zipscanners.com
255746,zugaina.org
255879,zip.ch
256149,zexoads.com
256304,zonedock.com
256325,zidi.in
256528,zjgxxf.com
256544,zeptonow.net
256655,zip161.ru
256662,zawil.com.sa
256694,zippoom.com
256877,zenrin.co.jp
256933,zhaket.com
256967,zaporizhzhia-yes.com.ua
256994,zehrs.ca
257143,zoomstatus.com
257361,zerolatencyvr.com
257370,zub.ru
257417,zaporizhski.info
257445,zazhipu.com
257515,zvon.org
257522,zazzle.be
257560,zsxfzhyl.com
257596,zgbfw.com
257611,zeiri4.com
257795,zohoecommerce.com
257901,zdnet.com.cn
257903,zinia.com
258232,zhytomyrski.info
258367,zujuan.com
258442,zxk8.cn
258452,zohocreatorportal.com
258555,zakonia.ru
258824,z5encrypt.com
258875,zip.com.au
258935,zaporizhzhia.one
258987,zmainframes.com
259023,zhongfeitong.com
259044,zhihuiya.com
259109,zoomcrc.com
259128,ztn.sh
259251,zyrjkj.cn
259334,zeitmechanik.net
259470,ziehl-abegg.com
259732,zaryadyepark.ru
260002,zaya.io
260125,zerkalo3.online
260197,zhongan.com
260411,zdrofit.pl
260468,zcidclink.com
260552,zcyw7mxz6r0jzuvdddrlor.net
260593,zaman.com.tr
260699,zenra.net
260776,z90.casino
260796,zylingker.com
261001,zimcompass.com
261018,zjou.edu.cn
261020,zxbmi.com
261367,zhidx.com
261440,zillymonkey.com
261496,zjjdyc.com
261537,zalando-lounge.se
261609,zivjv99i.com
261610,zu77f8fj2.com
261714,zaiwo.net
261787,zhbxjs.com
261810,zalando-lounge.dk
261826,zenscope.co.uk
261827,ziarulevenimentul.ro
261870,zewsnap.com
262104,zootubered.com
262115,zdns.cn
262132,zymcid3j.top
262139,zonacnc.com
262246,zeroturnaround.com
262323,zh-init-mgsports.com
262561,zhongnan8.com
262567,zehitomo.com
262723,zjhthome.com
262749,zoso.ro
262777,zelenograd.ru
262789,zollege.in
262894,zanity.net
262901,zolotostan.com
262920,zsupplyclothing.com
262961,zarpop.ir
262997,zvu4it.org
263053,zzrvtc.edu.cn
263226,zzpaimai.com
263707,zssi.net
263727,zxcs-klant.nl
263879,zerkalo4.online
264227,zsharego.com
264344,zootierliste.de
264345,zero.eu
264419,ztedevice.com
264459,zsdkone.net
264519,zerkalo91.casino
264689,zhue.com.cn
264699,zk021.com
264788,zipline.com
264813,zkikddjxmd.net
264909,zlin.cz
265073,zagonka.sbs
265096,zgbk.com
265111,zundert-extreme.com
265147,zoombucks.com
265166,zghyyx.com
265185,zapcontabil.chat
265214,zappsusercontent.com
265247,zonapropcdn.com
265447,zcdn.com.au
265497,zakachai1.ru
265616,zeqa.net
265637,zenamakeup.com
265790,zh-cht-857tv.com
265793,z2s.ru
265870,zerkalo102.casino
265941,zuelligpharma.com
265988,zabara.su
266204,zakupki.gov.kg
266355,zoneplan.com
266447,zenquotes.io
266489,zol.be
266534,zenzap.co
266613,zigbee.org
266751,zaujimavysvet.sk
267297,zumzum.rs
267465,zik.ua
267648,zgllfg.com
267784,zh-tv-jizhibo.com
267809,zgqsz.com
267820,zitacomics.be
268162,zbruc.eu
268330,zencartecommerce.net
268442,zedporn.com
268453,zzbind.com
268465,zwt.co
268602,zdnet.co.jp
268612,zhutibaba.com
268723,zakupki44fz.ru
268828,zusammengegencorona.de
268835,zapismedbook.ru
268852,zenfed.com
269123,z777.win
269130,zycienaobcasach.pl
269308,zomato.asia
269362,zynews.cn
269376,zoesfurniture.com
269638,zoonewengland.org
269659,zohopublic.jp
269669,zoviz.com
269675,zsqxzsvo.cc
269722,zooplus.gr
269737,zzldxny.com
269840,zywxgames.com
269900,zhagan.cfd
269961,zircuit.com
269973,zenky.io
270214,zorgfilm1.sbs
270464,z33.be
270472,zhiyingshop.com
270505,zimbra.org
270557,zjqjs.com
270681,zielonaskrzynka.pl
270886,zghncy.cn
271144,zhiyunsports.com
271298,ziwo.io
271337,zwolle.nl
271371,zceleb.org
271375,zj.com
271435,zotter.at
271475,zalesoutlet.com
271578,ziax.ltd
271601,zenithmedia.com
271670,zenskirecenziraj.com
271696,zhenyuyaoye.com
271725,zzzz2233.com
271745,zhaoonline.com
271909,zuche.com
271947,zh-trusted-178tiyu.com
272115,zbet365.net
272387,zhuyouwang.cn
272578,zpub.com
272897,zepodcast.com
272994,zapiet.com
272998,zellnerfamily.com
273142,zznews.gov.cn
273190,zuun.su
273313,zu.ac.ae
273509,zfilm-hd.com
273678,zayb.ru
273753,zghcf.com
273892,zifyapp.com
273974,zamalek.news
274158,zutom.com
274197,zerowastestore.com
274345,ziareromania.ro
274352,zzlsedu.com
274369,zohorecruit.eu
274641,zenreminder.org
274727,zeta.kz
274747,zrh.aero
274885,zamunda.net
274937,zi.ua
274976,zingtree.com
275165,zcuke.com
275227,zara.cn
275249,zendure.com
275250,zhzpump.cn
275432,zaehlerschrank24.de
275514,zhonghongwang.com
275522,zd-sensor.com
275620,zperiod.app
275790,zirveyazilim.net
276006,zamar.aero
276273,ztna3p-fallback-msedge.net
276529,zft2025.com
276664,zendesk.com.mx
276953,zdh0.com
276959,zonkpro.ru
276988,zft2000.com
277021,zvooq.com
277025,zetta.net.au
277108,zjugis.com
277132,zalando-lounge.fi
277221,zgr.im
277306,zooplus.se
277340,zolahost.com
277491,zenarena.co.uk
277500,zpsczg.cn
277582,zuxdlxvkry.net
277780,zora.energy
277855,zynex.ch
277868,zilitalk.com
277922,zsr.sk
277929,zbl.io
277989,zuiyouxi.com
278132,zenlist.com
278182,zip-corvette.com
278208,zbjzljz.com
278319,zingmyorder.com
278333,zalando-lounge.lt
278457,zabalist.com
278605,ziarullumina.ro
278672,zljsoft.com
278811,zvartnots.aero
279033,zendesk.fr
279187,zekju.io
279205,zomgmoz.tv
279208,zego.com
279245,zeely.link
279411,zipupzipper.net
279459,zoanthus.fr
279519,zayhup.com
279665,zomato.com.tw
279712,zalando-lounge.sk
279764,zuuonline.com
280030,zifty.com
280079,zweirad-store.com
280112,zihongjx.com
280376,zent-ads.com
280457,zeorouteplanner.com
280500,zydmall.com
280572,zabun.be
280686,zhuangyi.com
280939,zhgwexpouy.biz
281031,ziggytoys.com
281083,zhgc.com
281085,zetsource.su
281152,zeldapendium.de
281181,zuuvi.com
281236,zhizuowo.com
281246,zonarsystems.net
281354,zaoshanghao.su
281452,zylon.nl
281563,zeyvid.com
281881,zjsiweiwl.com
281899,zooplus.hr
281970,zihaidc.cn
281974,zosang.com
282010,zhaipeika.com
282146,z8.ru
282318,zvervpn.top
282548,zhizuohui.com
282650,zsbeike.com
282652,zhaojin.cn
282752,zjksfybjy.com
282847,zare.com
282854,zipleaf.com
282895,zhaojiao.net
282978,zmdtvw.cn
283158,zooplus.fi
283276,zenttranslate.com
283399,zee5.live
283497,zorropizza.top
283531,zaliastotele.lt
283536,zaluknij.cc
283856,zeemee.com
284016,zjlib.cn
284018,zawa.ai
284074,zomato.tips
284123,zuddl.com
284236,zzqmry.com
284342,zmio.org
284647,zenesis.net
284668,zalando-payments.com
284843,zerozero.com.ar
284897,zingle.me
284927,zimmermann-heitmann.de
285044,zipextractor.app
285187,zooplus.ie
285203,zhuangpeitu.com
285305,zarbi.uk
285501,zendrop.com
285545,zksync.dev
285730,zmanda.com
285783,zhuzaocloud.com
285813,zayavlenievsud.ru
285906,zipexpertapp.com
286031,zero.estate
286032,zlatnik.me
286067,zanimex.com
286124,zenhub.com
286177,zhcapital.cn
286190,zunbon.com
286897,zainvest.group
286898,zdf.jp
286899,zebhkws.info
286900,zeebaapps.com
286901,zegotech.cn
286902,zey.chat
286903,zhisuitech.com
286904,zk.work
286905,zngle.cf
286906,zodrki.org
286907,zoeweb.tv
286908,zongse001.top
286909,zsq1erwf.com
286910,zt2n.com
286911,zynchro.tv
286912,zzbtool.com
286913,zzjc.top
286914,zzsspnode.com
287101,zaditel.net
287245,zi-outlook.com
287320,zentrv.ru
287496,zfc.edu.cn
287803,zhagan.sbs
287810,zhangxinxu.com
287916,zambiatourism.com
288090,zp.edu.ua
288181,zapplication.org
288289,zinclabs.dev
288324,zurumsg.com
288346,zhestkoe.xyz
288383,zdapwolfo.cc
288553,zulutrade.com
288724,zerkalo99.casino
288913,zlavadna.sk
289126,ziatile.com
289142,zg163.net
289180,zotlo.com
289239,zz.mu
289384,zanmei.ai
289545,zqzx.xyz
289547,zjhpjc.com.cn
289736,zx88.live
289787,zentarahost.com
290052,zghgshop.com
290053,zi28vvuj3.com
290073,zephyr-cradle.info
290090,zoom.ph
290203,zghuaxia.org.cn
290563,zjxh120.net
290567,zebis.ch
290591,zerkalo-top.online
290762,zhanjish.com
290821,z300.net
290885,zachej.sk
291021,zhenre.com
291098,zxvideos.net
291100,zgw.com
291411,zcache.jp
291604,zdtc.app
291619,zorgvisie.nl
291681,zjjinlifu.com
291695,zukunftbau.de
291781,zerkalo55.casino
291887,zoomget.com
291910,zen-cloud.com
291973,zetamac.com
291996,zsa.io
292046,zabrze.pl
292143,zomato.gl
292221,zhenghun.com
292399,zinsen-berechnen.de
292440,zfk.de
292448,zxclan.com
292499,zamek-krolewski.pl
295632,z188.com
295633,z2899fu3y.com
295634,z289ffuu4.com
295635,z2b5h8v.com
295636,z3b922p.com
295637,z5byc.com
295638,z63lt77.com
295639,z7v4x6p.com
295640,z8r4k5.com
295641,zabyabhlcb.com
295642,zacheck.com
295643,zaydns.com
295644,zazawave.cc
295645,zeed321.cc
295646,zefoy.me
295647,zefoy.net.pk
295648,zefoy.online
295649,zeus800h.site
295650,zi288ffu1.com
295651,zigbs.in
295652,zikplay.ma
295653,zitic.ru
295654,zlx7qorva.com
295655,znajdzsingielke.com
295656,zomnrdxj.com
295657,zoniya.com
295658,zoofiliaporno.blog
295659,zoralake.com
295660,zouq.pk
295661,zs777f.com
295662,zs777h.com
295663,zs777i.com
295664,zs999e.com
295665,zs999f.com
295666,ztzt996.com
295667,zu28vvu3ii.com
295668,zu87sorl.com
295669,zukih5.com
295670,zuplay.com
295695,zajadacz.de
295763,zhyis.com
295784,zettelkasten.de
295813,zooqle.com
295836,zghsjypx.com
296001,zgdtw.cn
296040,zonadnsmanager.ru
296177,zberatel.eu
296408,zarulem.ws
296901,zakzakov.ru
296905,zigbang.com
297117,zosprp.pl
297223,z-host.com
297287,zgcl8.com
297497,zjsfbxg.com
297640,zlotorenu.pl
297707,zlib.pub
297721,zupermar.com
297792,z0r.de
297840,zhaosheng.com
297888,zeespares.in
298005,zerkalo98.casino
298007,zooplus.dk
298334,zenius-i-vanisher.com
298374,zooplus.at
298469,zal-payments.com
298694,zwickroell.com
298725,zespol.boo
298761,zhongyao360.com
298773,zmozhoafq.cc
298787,ziopietro.it
298921,zohark.com
299042,zhinengxia.com
299055,zjchuanni.com
299360,zecible.fr
299430,zalgiris.lt
299557,zolotoy-kolos-hotel.ru
299560,zory.pl
299580,zlatestranky.sk
299634,zptl.me
299845,zakazat-kuhnyu-20.ru
299960,zincwhite.info
300030,zippyvideos.com
300044,zit-rlp.de
300054,zty.pe
300069,zadkine.nl
300189,zgshige.cn
300192,zeldaspeedruns.com
300232,zmedhealth.com
300554,zhonghe520.com
300555,zo-han.com
300642,zenamoroccan.com
300729,zeneducate.com
300913,zbd.gg
300933,zala-aero.com
301140,zhuolie.cn
301170,z.wiki
301191,zlutagleadgenerationpromotion.shop
301197,zinnhub.com
301204,zpmvcr.cz
301250,zepter.ru
301459,zhiweihb.com
301595,zetes.com
301614,zestful.bond
301730,zeg-holz.de
301800,zlutaginfluencerpromotion.shop
301827,zonehaven.com
301941,zomattstartuppromotion.shop
302013,zlutageventpromotion.shop
302105,zee33abilitys.shop
302182,zlutagppcpromotion.shop
302241,zomattwebsitepromotion.shop
302491,zysj.com.cn
302629,zcache.de
302655,zhouyisuanming.net
302707,ziggodome.nl
302732,zjks.com
302917,zimagez.com
303000,zlutagonlinecoursepromotion.shop
303061,zswitch.net
303150,zingproduction.com
303166,zyetek.net
303236,zuercherportal.com
303267,zebet.com
303349,zhaoqing.gov.cn
303352,zalo.ai
303392,zomattonlinecoursepromotion.shop
303394,zenithurbanflirtatious.com
303399,zenu.com.au
303409,zomattinfluencerpromotion.shop
303463,zomattsocialmediapromotion.shop
303610,zomattpodcastpromotion.shop
303619,zjhuiyun.cn
303634,zle.com
303637,zugerzeitung.ch
303745,zcodesystem.com
303860,zohohost.com.au
303928,zlutagapppromotion.shop
303949,zee33medihs.top
304017,zg-ns.net
304038,zomattseopromotion.shop
304187,zomattservicepromotion.shop
304240,zohoinsights.com
304330,zlutagcontentpromotion.shop
304340,zomattproductpromotion.shop
304341,zlutaglocalbusinesspromotion.shop
304388,zsranliao.com
304425,zorgfilm.net
304426,zimbabwesituation.com
304528,zeonet.co.in
304574,zomattlocalbusinesspromotion.shop
304623,zptl.org
304676,zohostatic.in
304678,zu.edu.ua
304689,zahnaerzte.versicherung
304703,zyxware.com
304729,zenimax.com
304755,zlutagbrandpromotion.shop
304768,zcode-sites.com
304887,zwenchuang.com
304937,zlutagadvertisementpromotion.shop
305032,zhiliaobiaoxun.com
305043,zlutage-commercepromotion.shop
305110,ztna1p-fallback-msedge.net
305167,zlutagstartuppromotion.shop
305199,zee33adds.top
305248,zomattsalespromotion.shop
305254,zlutagproductpromotion.shop
305340,zettlr.com
305393,zhugeio.com
305419,zohocorp.eu
305427,zikodermo.pl
305436,zomattleadgenerationpromotion.shop
305437,zjc.edu.cn
305479,zestrapp.com
305573,zomattvideopromotion.shop
305610,zomattppcpromotion.shop
305665,zimres.com
305698,zentech.gr
305903,zawag.app
305992,zlutagbusinesspromotion.shop
306030,zlutagaffiliatepromotion.shop
306039,zunxoo.com
306083,zomattadvertisementpromotion.shop
306164,zomatteventpromotion.shop
306175,zyttkj.com
306298,zlutagservicepromotion.shop
306359,zlutagyoutubepromotion.shop
306380,zomattaffiliatepromotion.shop
306415,zomato.capetown
306426,zee33naturals.xyz
306489,zenfield.pro
306524,zlutagsalespromotion.shop
306572,zaxapp.com.br
306579,zomattblogpromotion.shop
306595,zomattemailpromotion.shop
306709,zazzle.nl
306726,zlutagsocialmediapromotion.shop
306760,zaius.eu
306834,zlutagdigitalmarketingpromotion.shop
306838,zvpn.online
306928,zblexpo.com
306994,zhuanfou.com
307058,zee33becomes.de
307093,zhsjtech.com
307125,znnfxzui.cc
307161,zoomcharts.com
307195,zaanstad.nl
307201,zonacraft.ru
307267,zenjob.com
307299,zambia-bettingoffersfinder.com
307380,zlutagpodcastpromotion.shop
307444,zz91.com
307486,zlutagseopromotion.shop
307508,zlutagvideopromotion.shop
307549,zlutagemailpromotion.shop
307554,zennioapps.com
307615,zev1416.ru
307694,zoo-hannover.de
307744,zadania.info
307921,zee61medihs.shop
307988,zomattyoutubepromotion.shop
308004,zomatte-commercepromotion.shop
308160,zingermans.com
308171,zg-ns.ch
308210,zonedigital.nl
308215,zooz.com
308352,zomattapppromotion.shop
308371,zombiesrungame.com
308446,zomattbusinesspromotion.shop
308550,zt68.net
308653,zlutagwebsitepromotion.shop
308802,ziga.tv
308857,zomattdigitalmarketingpromotion.shop
309002,zepz.io
309102,zomattcontentpromotion.shop
309173,zerlo.net
309209,zomattbrandpromotion.shop
309279,zkzam9hoby.com
309490,zlutagblogpromotion.shop
309531,zooantwerpen.be
309580,zee33careers.top
309787,znvcdn.com
309824,zoll-portal.de
309901,zufedfc.edu.cn
310276,zenpan-japan.com
310314,zwsoft.cn
310518,zkipster.com
310520,zbigz.com
310604,zqu.edu.cn
310762,zdrav36.ru
310793,zoarental.com
310885,zhenguanyu.com
311085,zimadgames.com
311106,zee61institutions.top
311194,zhanqi.tv
311206,zlib.bz
311368,zwickerpc.com
311396,zhld.com
311418,zuiver.com
311477,zona-masajes.com
311501,zisu.edu.cn
311820,zargan.com
311951,zee33actuallys.shop
312040,zohobookings.eu
312096,zarimpun.com
312130,zee33admits.shop
312223,ziaja.com
312341,zh-new-28loops.com
312491,zapnito.com
312543,zkxww.com
312665,zombsroyale.io
312806,zollsoft.de
312847,zee33reflects.shop
312955,zentrada.com
313031,zee33ables.shop
313033,zohosalesiq.com
313295,zylo.com
313303,zgwenku.com
313311,zykids.cn
313458,zomato.info
313711,zenobuilder.com
313764,zhipianbang.com
313779,zonnebloem.nl
313981,zx88vn.net
314004,zonanegativa.com
314006,zrqqsl.com
314052,zee33directors.xyz
314064,zsnes.com
314222,zazww.com
314233,zee33mothers.shop
314257,zdravotnickydenik.cz
314309,zenius.net
314337,zbmm2010.com
314352,zephyr-sports.io
314418,zh-home-fengniaoesport.com
314421,zman.co.il
314438,zhizhizhi.com
314571,zerkalo4.casino
314678,zhdjyun.com
314749,zee33continues.de
314800,zonenetblog.nl
314806,zeroparallel.com
314973,zetel.ru
315077,zfurniture.com
315092,zakononline.ua
315102,znanje.hr
315119,zhduni.ru
315120,zva.gov.lv
315125,zenpalace.co.uk
315219,zee33returns.xyz
315230,zigzag.am
315384,zgcwnbeal.cc
315395,zi-mannheim.de
315500,zerkalo50.casino
315507,zhalymbetov.kz
315554,zee33babyss.shop
315578,zee33ones.xyz
315599,zban-mas.info
315618,zillowhomeloans.com
315927,zambianmissionsupport.org
316024,zjjzx.cn
316089,zee33mornings.xyz
316152,zhlead.com
316180,zeecon.com
316183,zomi.net
316301,zoomarine.pt
316331,zupper.com.br
316470,zebhgws.com
316471,zenhealthharmony.com
316472,zip235671.com
316567,zee33pasts.de
316964,zhrst.com.cn
317005,z738vvu40.com
317068,zapchastrf.ru
317117,z9.game
317134,zybls.com
317492,zif.ai
317565,zzut.edu.cn
317603,zhongjingneng.com
317628,zycg.gov.cn
317961,zcommunications.org
318027,zjleasing.org
318091,zee33ones.de
318174,zapaka.co.uk
318202,zee33newss.de
318220,zentao.net
318237,zycommdns.co.uk
318331,zoevacosmetics.com
318745,zeus4dslot.org
318746,zia89958.com
318747,zs0j1y0cr.com
318748,zyleon.lol
318767,z389vv4.com
318771,zetcasino.com
318784,z389vv4ol.com
318785,zhongjinlf.com
318820,zvoove.cloud
318848,zofingertagblatt.ch
318955,zeemo.ai
319060,zh-live-ninegame.com
319066,zappi.io
319184,z7xz.com
319269,zonehub.nl
319400,zserver.eu
319441,zeeker.com
319488,z500.pl
319505,zbmed.de
319512,zeitgeistfilms.com
319565,zerkalo89.casino
319694,zhku.edu.cn
319718,zhiyinlou.com
319763,zee33particularlys.de
319767,zachhall.com
319770,zee33ass.xyz
319852,zee33nearlys.xyz
319945,zoo.dev
320058,zonka.co
320094,zqlx168.cn
320129,zxcv1.top
320150,zxcv2.top
320315,zodiark-25x-02.top
320344,zipbooks.com
320367,ztxcs.com
320427,zenvexa.cfd
320507,zifferblatt.ua
320546,zoruftuiov.com
320587,zaim-express.ru
320671,zodiark-25x-00.top
320727,zee33beyonds.de
320778,zavjcswh.biz
320817,zzdats.lv
320988,zee33boys.de
321027,zetaapps.in
321197,zhishuidaiyt.com
321240,zoloto-md.ru
321245,zwhhosting.com
321355,zee33agos.top
321450,zvanovec.net
321459,zoneplusmedia.nl
321473,zonetodayblog.nl
321550,zodiark-25x-01.top
321722,zone360blog.nl
321796,zodiark-25x-03.top
321839,z1lly.org
321856,zlstar.sbs
321890,ziplink.net
321929,zizhel.net
322079,zodiark-25x-04.top
322137,zee7groundss.top
322148,zealevince.in
322352,zapak.com
322440,zhaocailong.com
322471,zhonghuaying.com
322487,zxsdzg.com
322516,zpic.biz
322587,zomato.ly
322624,zoobudapest.com
322951,zhaba.casino
322969,zamusichub.co.za
323000,zee61powerss.xyz
323066,zee33pulls.xyz
323190,zenarenastudio.nl
323249,zuku.co.ke
323260,zenhost.net.au
323506,zeldalegends.net
323550,zyratalk.com
323596,zecken.de
323710,zenbetspace.nl
323872,zip-fm.co.jp
324008,zee7easts.top
324109,zx-pk.ru
324183,zombietime.com
324206,zakazat-cveti-moskva.ru
324209,zee61partners.shop
324277,zimorodok-hdrezka.net
324544,zangia.mn
324599,zoomcatalog.com
324655,zohopublic.ca
324789,zcache.be
324800,zee33meets.xyz
324831,zee33administrations.shop
324926,zkvtc.edu.cn
325015,zygrib.org
325100,zee33memoryss.top
325144,zuken.com
325164,zxdyw.com
325229,zenslotsplus.nl
325249,zlmicro.com
325260,zhizhiniao.com
325287,zomato.hamburg
325297,zzp-nederland.nl
325410,zmdnews.cn
325482,zuludesk.com
325503,zee33ass.de
325528,zasq.com
325545,zagranitsa.com
325569,zonalivebola.store
325595,zonepro.nl
325760,zeewaterforum.info
325781,zyros.cfd
325835,zee61schools.top
325837,zee33agencys.top
325879,zgaya.com
325991,z-it.ru
326009,zkmgdynia.pl
326027,zgnt.net
326088,zato-a.ru
326165,zenvippro.nl
326248,zee61patterns.xyz
326397,zee61newss.shop
326417,zee61questions.top
326467,zee33officers.xyz
326475,zonemodern.nl
326520,zzap.pro
326701,zoneplusblog.nl
326733,zemarotechstore.co.ke
326748,zee61industrys.top
326886,zenquantai.com
326887,zzzsoku.com
326968,zee33nones.shop
326991,zondervanacademic.com
326993,zh-now-nowscore.com
327081,zee33ones.top
327103,zhuk.ua
327251,zee33mrss.de
327436,zapping-tv.com
327504,zga.net
327555,zee61movies.xyz
327559,zee61patterns.shop
327625,zhkklppz.cc
327664,zbanx.com
327674,zyylccne.com
327681,zee61careers.de
327764,zerotomastery.io
327833,zee33backss.top
327922,zaakpay.com
328100,zwijsen.nl
328155,zaq.jp
328191,zefs-energo.ru
328203,zdnetasia.com
328231,zee61outs.xyz
328374,zeiot.top
328383,zee7childss.xyz
328532,zee61organizations.de
328813,zephyrcloud.app
328814,zee61backss.top
328843,zee33bads.top
328955,zut.edu.cn
328995,zee7means.de
329069,zbroya.info
329221,zee61thinks.top
329232,zextras.tools
329303,zacatecas.gob.mx
329357,zzdual.com
329460,zee61havess.de
329637,zee7daughters.shop
329638,zealousimage.com
329646,zerkalo94.casino
329732,zxlienwtgy.com
329783,zelenaucionica.com
329832,ziggosport.nl
329891,zhk-ambassador.ru
329917,zusammen.de
329923,zenicablog.com
330046,zee7cans.de
330059,zipari.cloud
330094,zapper.com
330270,zaringo.sbs
330310,zurich.com.hk
330480,zee61throwss.de
330486,zengamingdesk.nl
330495,zowi.gay
330567,zee33beats.shop
330641,zee33partners.shop
330735,zeppelin-rental.de
330789,zee33ats.shop
330812,zee7hes.xyz
330966,z80.it
331022,zenskisvet.com
331048,zigmund.online
331109,zmangames.com
331193,zee33necessarys.shop
331332,zee33abilitys.de
331380,zurzuvae.com
331400,zamesblack.fun
331439,zxkgsb.com
331512,zuhaowan.com
331520,zee33reflects.xyz
331536,zzc1.com
331603,zoolz.com
331672,zusapi.com
331779,zee61singles.top
331781,zarina.ua
331783,zaebalodns.com
331791,zolltarifnummern.de
331858,zee33mrss.shop
331866,zodiacsigns-horoscope.com
331982,zee33ours.shop
331987,zome.pt
332140,zee61projects.xyz
332159,zee33betweens.shop
332185,zigazoo.com
332268,zee61diseasess.xyz
332513,zoomiami.org
332519,zee33muchs.de
332557,zee33agos.shop
332577,zoneglobalblog.nl
332642,zgswcn.com
332663,zcloud.ru
332761,zee7hes.top
332799,zonehubmedia.nl
332855,zqp.de
332886,zee61marriagess.xyz
332964,zuzuhs.com
332999,zee33partners.de
333072,zee7environmentss.xyz
333107,zee61mys.shop
333170,zee33describes.shop
333357,zapizi.com.br
333358,ziicloud.com
333396,zoro.co.uk
333435,z7top.com
333511,zee33memoryss.xyz
333557,zno.com
333656,zhendeyouliao.com
333661,zee7produces.top
333906,zee7daughters.top
333930,zonenlblog.nl
333934,zee61pages.top
333935,zee61grounds.de
333951,znaytovar.ru
333976,zee33behaviors.xyz
333997,zenjackpotdesk.nl
334227,zee33reflects.de
334232,zee61bes.shop
334286,zoomquilt.org
334364,zee7banks.shop
334397,zenroulettenetwork.nl
334404,zerkalo2501.casino
334485,zdorovieinfo.ru
334509,zee61foreigns.de
334559,zerova.com
334681,zee61shes.top
334686,zandronum.com
334819,zee61movies.top
334841,zee33affects.xyz
334844,zyhhjs.cn
334919,zinref.ru
335003,zhonghuikt.com
335016,zee7finallys.shop
335059,zecpe.com
335222,zoekallehuizen.nl
335296,zee61heads.shop
335379,zee61forwards.top
335461,zxyb.com
335499,z-f-1-g.com
335597,zjlscraft.com
335612,zee61points.top
335627,zee7admits.de
335740,ziber.eu
335756,zee7hes.de
335772,zonemug.my
335840,zee7centers.shop
335855,zenreelspro.nl
335953,zee33participants.shop
335963,zee7ors.de
336223,zee33alongs.shop
336257,zee61rates.xyz
336267,zee61explains.shop
336378,zipshare.com
336487,zee61ones.de
336551,zebulon.fr
336590,zumi.pl
336701,zipmend.com
336711,zhanbuwang.com
336730,zestyhorizon.com
336733,zixcentral.com
336812,zeri.info
336815,zillionparking.com
336819,zenluckydesk.nl
336881,zoopicker.com
336943,zandri.nl
336971,zhhimg.com
337050,zee7expects.shop
337129,zhaqiu.cn
337146,zerkalo.az
337152,zee61beautifuls.xyz
337172,zoneprimeblog.nl
337232,zhuomi.net
337257,zee7groundss.shop
339095,z777.ltd
339096,z777.shop
339097,zari94513715.site
339098,zenlith.lol
339099,zevklifilmizlet.com
339100,zia86822.com
339101,zirak.fun
339102,zoguna.lol
339103,zonavitae.com
339104,zoneprada188.com
339105,zoom188bb.com
339106,zoro-easy.com
339107,zoro-import.com
339108,zoro-instan.com
339109,zoro-much.com
339110,zorobestya.com
339111,zoromorning.com
339112,zrelkiii.me
339113,zzap201.com
339123,zalipni.uno
339127,zee61parentss.shop
339156,zee33cans.shop
339209,zalora-ops.com
339212,zxlc-iso.com
339228,zee33meetings.shop
339269,z1offroad.com
339288,zee7beyonds.xyz
339355,zanostroy.ru
339374,zee7fulls.de
339385,ziprecruiter.in
339388,zhong-ren.net
339406,zee7memoryss.top
339407,zentralblatt-math.org
339419,zee61finallys.xyz
339740,zengamingexpress.nl
339743,zlmediakit.com
339865,zee7howevers.xyz
339914,zhep.com
339922,zhihuixiongdi.com
339943,zhibo8-cdn.cc
339953,zgovps.com
340003,zee61ours.de
340061,zee7acrosss.shop
340110,zanduco.com
340137,zeste.ca
340183,zulti.com
340314,zeel.com
340347,zingcdn.me
340349,zee61sures.shop
340384,zee7cancers.xyz
340430,zee61stays.de
340445,zee33abouts.top
340564,zee61follows.top
340660,zbds.top
340692,zylalabs.com
340719,zee33nones.top
340758,zamadama.de
340772,zyqc.cn
340805,zeiss.org
340824,zetapay.in
340857,zee7evidences.top
340860,zhaoxi.org
340964,zolochiv.net
340967,zee61hitss.shop
340981,zcj.ro
340985,zawayaplus.net
341024,zaodian.com
341169,zajil.net
341253,zee33ables.de
341258,zg-ap-apps.com
341358,zillehosting.com
341359,zee61thocands.top
341410,zurchers.com
341432,zee61industrys.xyz
341462,zweeler.com
341480,zxgkapp.com
341513,zhenwudadi.net
341547,zee7acrosss.top
341584,zihongfs.com
341693,zee61fishs.top
341713,zeststack.com
341732,zee7improvess.top
341733,ziaossalehin.ir
341736,zhoudu8.com
341802,zee61weights.shop
341810,zee7howevers.top
341936,zeropaid.com
341950,zee33puts.shop
341964,zachholman.com
342130,zjhwrc.com
342138,zilok.com
342237,zee61musts.de
342267,zee61fourss.xyz
342274,zee61flys.top
342339,zee61toos.xyz
342356,zee33pulls.shop
342396,zee33means.shop
342431,zug.network
342466,zee33pages.xyz
342508,zsezt.com
342533,zainzuri.com
342633,zfilm-hd.club
342642,zjklfba.com
342716,zerowastefrance.org
342719,zee33aways.de
342777,zaz-shop.com.ua
342783,zee33naturals.top
342812,zeuscdn-z.com
342897,zee61forces.de
342898,zenwagergroup.nl
342926,zee33publics.xyz
343000,zee7boxs.shop
343023,zee61beats.shop
343086,zigwheels.ae
343101,zwvg92l.com
343146,zurichkotak.com
343153,zee61variouss.xyz
343154,zee33agos.de
343266,zee61whichs.xyz
343342,zee61firstss.top
343344,zee61chancess.top
343408,zee61untils.top
343483,ze.tt
343541,zee7currents.shop
343571,zugfinder.net
343624,zencoder.ai
343802,zee61nones.top
343827,zworker18.com
343872,zecedoro.cc
343940,zenitbet.com
343950,zee33realitys.shop
343994,zutool.jp
344075,zwartecross.nl
344125,zurich.com.mx
344173,zee33comes.de
344191,zee61authors.xyz
344254,zee7discovers.de
344282,zaehlerfreunde.com
344334,zip4tools.ru
344341,zee61foreigns.top
344370,zillowmedia.com
344422,zgjsll.com
344457,zoetermeer.nl
344467,zee61views.de
344481,zee33mornings.de
344550,zee7buts.de
344610,zee33movies.top
344619,zapopen.com
344636,zee61staffs.xyz
344668,zwop.com
344757,zelmer-iva.de
344917,zee61soons.top
344935,zee33buildings.de
344951,zee33pasts.shop
344974,zee61banks.top
344976,zee61drops.shop
345008,zenwagerplus.nl
345018,zomato.coffee
345087,zee61messages.de
345095,zgacgn.com
345101,zee33pushs.shop
345124,zee7currents.xyz
345159,zenblackjacklounge.nl
345246,zarrdns.net
345320,zeiken.co.jp
345328,zee61childss.xyz
345341,zee7foreigns.shop
345349,zee61throwss.top
345360,zsro.ru
345730,zerorez.com
345817,zee33republicans.xyz
345829,zee61environmentals.top
345836,zee7hims.de
345907,zee7avoidss.xyz
345935,zee61medihs.top
345956,z6dotx17rqtu6wrngq4.com
346034,zee33borns.shop
346091,zee33projects.xyz
346101,zee33buildings.xyz
346125,zee61workers.de
346225,zurichlife.co.jp
346262,zgmanhua.com
346279,zee7executives.top
346365,zagonko.com
346382,zee33probablys.de
346487,zee61draws.de
346568,zee61fears.xyz
346589,zee61victims.de
346698,zee61daughters.shop
346734,zusi.de
346766,zhsc.cn
346778,zoogletools.net
346829,ziborainwell.com
346936,zee61underss.xyz
346969,zee7authors.top
346973,zyxelonline.com
347031,zennichi.net
347036,zirk.us
347093,ziraatmakinem.com
347094,zee61debates.de
347198,zip-2002.ru
347243,zlatovna.cz
347317,zee7churchs.de
347325,zgong.com
347360,zee7describes.de
347394,zanzahmedia.com
347433,zap4k.me
347456,zee33boys.shop
347465,zee7sides.de
347476,zooinstitutes.com
347630,zuscoffee.com
347645,zee7cancers.top
347685,zee61investments.de
347691,zwembadgigant.nl
347701,zabor.bz
347788,zee7nights.de
347831,zee61singles.xyz
347889,zee61experts.shop
347906,zee61toss.shop
347914,zee33comes.xyz
347918,zee33nevers.top
347969,zee61threess.de
347987,zee61choicess.de
347995,zyrgonwork.com
348012,zenpark.com
348033,zee7ass.shop
348037,zendesk.es
348070,zenexpert.nl
348126,zee33pushs.top
348163,zee61untils.xyz
348169,zee61exactlys.de
348228,zee61firstss.de
348267,zee7borns.shop
348283,zee7seess.de
348340,zee61betweens.shop
348382,zee33necessarys.top
348424,zen-tava.com
348434,zakazat-kuhnyu-19.ru
348460,zjwuliuyuan.com
348468,zoominsoftware.com
348512,zweisamkeit.de
348546,zielacademy.com
348685,zee61befores.xyz
348706,zee33necessarys.xyz
348789,zencardslab.nl
348821,zgierz.pl
348832,zubaidasonline.com
348874,zee7imagines.top
349026,zee61participants.shop
349121,zcache.ch
349135,zee33childss.de
349158,znuny.org
349170,zurich.it
349178,zee33republicans.de
349199,zee7availables.de
349203,zzswscw.com
349273,zfilm2000.site
349287,zee7happys.xyz
349357,zoocomplex.com.ua
349361,zenbettingworld.nl
349400,zet.hr
349405,zee7drops.de
349422,zee61personss.top
349443,zee61currents.shop
349469,zenpokerstudio.nl
349493,zanpian.tv
349611,ze-one.net
349635,zee7weights.de
349660,zee61muchs.shop
349717,zee7authorss.de
349726,zee33continues.top
349749,zee33aways.shop
349884,zorg.sh
349888,zee61troubles.xyz
349891,zonaturistica.com
349909,zhumadian.gov.cn
349919,zelpage.cz
349966,zishy.com
349967,zee7cards.top
350004,zee33reads.xyz
350015,zee61waits.de
350034,zee61generations.top
350102,zucchero.it
350129,zagruz.tv
350146,zee7hangs.xyz
350213,zibb.nl
350223,zee61leasts.top
350361,zee7mays.xyz
350367,zetronix.com
350396,zgchj.com
350399,zhuishushenqi.com
350413,zee61mys.top
350428,zee7authors.shop
350471,zakazat-cveti-moskva.online
350489,zee33movies.de
350605,zhongshixing.com
350618,zengamblenetwork.nl
350648,zerobuff.top
350655,zs-e.com
350708,zerkalo56.casino
350749,zee61puts.de
350760,zee7kills.xyz
350815,zee61hairs.top
350826,zee7underss.shop
350868,zee61wells.shop
350949,zee7agencys.xyz
350996,zee7adds.shop
351035,zee61staffs.top
351040,zee61executives.de
351074,zee33betweens.de
351172,zionvpn.store
351180,zelvia.co.jp
351187,zee61grows.xyz
351215,zulassung.de
351218,zero-ping-syndicate.net
351291,zhaolian.net
351292,zoomcamera.net
351358,zee33candidates.shop
351376,zee7executives.shop
351419,zee33powerss.top
351503,zee7betweens.de
351530,zcatt.net
351599,zee33administrations.de
351690,zox.co
351727,zhukovskiy.ru
351785,zee33simplys.xyz
351900,zonasul.com.br
351916,zee7faces.xyz
351994,zee33plants.top
351995,zrware.com
352004,zee7seess.top
352048,zone4.ca
352198,zuowenwang.net
352209,zee61hards.de
352245,zee7views.shop
352305,z2x6m1.com
352358,zviazda.by
352360,zccbule.cn
352411,zee7hangs.de
352419,zarvethion.com
352443,zzmall.com.br
352525,zee61currents.xyz
352561,zlatarnacelje.com
352604,zionprod.systems
352687,zee7plants.top
352692,zee61variouss.shop
352715,zee61yets.shop
352741,zee61designs.top
352774,zee7explains.de
352797,zync.edu.cn
352807,zluri.com
352812,zee7meetings.shop
352899,zee61groundss.de
352926,zee61mys.de
353008,zee7industrys.shop
353072,zhxdx.com
353073,zenvipmarket.nl
353167,zee61markets.top
353178,zahleb.me
353196,zee61howevers.shop
353273,zee61peoples.xyz
353317,zee61workers.xyz
353393,zee61sizes.top
353408,zyzzland.com
353431,zee7focusss.de
353451,zee61fishs.de
353474,zee7programs.top
353513,zenworld.nl
353515,zee7fourss.shop
353519,zee7ables.xyz
353570,zasnubni-prsteny.cz
353583,zee61nevers.shop
353670,zee61expects.de
353712,zositecha.com
353755,zee61similars.de
353774,zee61grows.de
353795,zee7foods.xyz
353841,zee7mentions.xyz
353855,zee61differents.de
353905,zee33cultures.top
353969,zee61newspapers.shop
354007,zee61troubles.de
354152,zee61reallysss.de
354173,zee7ours.xyz
354196,zee61debates.shop
354343,zenarenalounge.nl
354351,zee61designs.shop
354353,zee7fires.de
354475,zee61fails.xyz
354520,zurich.ie
354534,zoznamstatic.sk
354540,zsky.ai
354544,zee61participants.de
354556,zee61drives.shop
354557,zapad24.ru
354594,zee33alongs.de
354812,zee61tends.top
354817,zonenl.nl
354839,zonetoday.nl
354868,zennetwork.nl
354904,zee7hes.shop
354922,zee7betweens.shop
354947,zee61reals.xyz
355017,zeroworks.ai
355038,zooziela.com
355045,zee33pages.de
355140,zee61forwards.xyz
355166,zlwgr.com
355200,zee33actuallys.top
355202,zee7generations.de
355203,zee7chancess.de
355214,zee61hards.top
355216,zu.edu.pk
355310,zzsnqyjxh.org
355311,ztnews.net
355388,zee33nights.de
355391,zvz.be
355505,zee7backss.de
355514,zdgov.net
355566,zee7mes.de
355603,zavorcoffee.nl
355616,zee61mouths.top
355639,zalman.com
355781,zjvtit.edu.cn
355861,zhizhuip.net
355895,zee61medicals.top
355937,zee7choicess.top
356074,zee61markets.xyz
356151,zama.org
356188,zee33churchs.top
356200,zee61publics.xyz
356225,zee7mornings.shop
356227,zoohit.sk
356238,zee61personals.xyz
356241,zipy.ai
356352,zee33officers.top
356364,zinus.com
356378,zoot.de
356379,zee61simplys.de
356384,zee61throughs.de
356425,zee61yets.xyz
356443,zee7windowss.shop
356477,zebest-3000.com
356489,zerkalo7.casino
356505,zingfront.com
356536,zee7puts.xyz
356563,zicasso.com
356597,zwiesel-glas.com
356621,zee61faces.de
356661,zgys.gov.cn
356679,zee61pays.xyz
356774,zee33peoples.top
356798,zee61whiles.shop
356900,z1ownersclub.co.uk
356916,zee61medicals.de
356937,zee61peoples.shop
356955,zenluckyspace.nl
356963,znamylekar.cz
357041,zee7rates.de
357056,zee33pulls.de
357081,zahrada.online
357091,zeoworks.com
357106,zerowebhosting.net
357238,zonesuper.net
357253,zee33mothers.xyz
357369,zee33pushs.xyz
357433,zee33meets.shop
357440,zzgays.com
357460,zee33nights.top
357472,zoomit.be
357514,zazzle.at
357545,zee7diseasess.shop
357631,zjaic.gov.cn
357641,zoothailand.org
357643,zee33points.top
357653,zee33pasts.xyz
357678,zee33meetings.top
357766,zee61howevers.de
357780,zlz.casino
357810,zee61hairs.xyz
357814,zhaochips.com
357849,zbotic.in
358084,zmifi.com
358087,zee7movements.xyz
358092,zmo.ai
358126,zee33pays.shop
358151,zee61futuress.top
358246,zee61finallys.de
358261,zee7glasss.xyz
358323,zam.it
358373,zee7wheres.de
358420,zee61follows.shop
358436,zee7ranges.xyz
358440,zee7borns.top
358441,zerowastescotland.org.uk
358535,zee7hotelss.xyz
358573,zee61shes.xyz
358670,zee33particularlys.xyz
358681,zee61explains.top
358742,zarikaariindia.com
358778,zee61camerhs.xyz
358829,zee61investments.top
359026,zee61authorss.top
359032,zjbinshuiyuan.com
359036,zee61whens.de
359078,zyte.group
359098,zeacon.com
359151,zee61beautifuls.shop
359155,zydgjdinc.info
359159,zuyderland.nl
359177,zee61fields.xyz
359208,zjchanghua.com
359245,zee7officers.xyz
359294,ziaossalehin-host.ir
359338,zee7pasts.xyz
359380,zee33comes.top
359455,zee61factors.de
359528,zhongziku.cc
359529,zinpuydxe.com
359648,zee61marriagess.shop
359684,zee7foods.shop
359721,zenserviceengine.nl
359730,zhonglianzhijia.com
359929,zokaj.com
359956,zee61naturals.shop
359985,zee61workers.top
360032,zee61thinks.shop
360073,zee7passs.top
360111,zee7whichs.de
360112,zee7exactlys.shop
360139,zee61explains.xyz
360151,zee7hotelss.shop
360245,zee33races.xyz
360271,zee61underss.shop
360306,zee7taxs.de
360410,zee61stays.shop
360435,zee61havess.xyz
360444,zee7cancers.de
360453,zismo.biz
360458,zita.be
360583,z8bu.com
360601,zee33singles.top
360691,zxnic.net
360709,zee7victims.de
360749,zonta.org
360767,zee61wells.de
360784,zontian.com
360801,zee61foreigns.xyz
360865,zee61improvess.top
360869,zee61faces.shop
360874,zee61musts.shop
360876,zee61firstss.xyz
360939,zee61civils.de
360942,zaopatrzenie24.pl
361010,zee61withins.de
361064,zyrj.com.cn
361105,zee61kills.de
361117,zee7parentss.de
361131,zoneadsl.com
361144,zee61hims.top
361184,zenprimemark.nl
361268,zeeneez.com
361271,zestedesavoir.com
361285,zee33officers.de
361301,zohosites.eu
361376,zee7whens.xyz
361381,zhongkao.com
361426,zee7bes.shop
361577,zoomshift.com
361589,zee33abilitys.xyz
361592,zee61waits.shop
361704,z1v58r.com
361705,z9x1k7m.com
361734,zee61boys.xyz
361739,zee7views.de
361746,zlibraries.com
361790,zee61ours.xyz
361797,zimra.co.zw
361817,zee61chairs.de
361830,zee61fars.top
361910,zee7officers.shop
361933,zitate.net
362025,zee33participants.de
362090,zee7explains.xyz
362094,zee61choicess.top
362142,zoovy.com
362153,zubr.ru
362157,zenbettinglab.nl
362189,zurich.com.ar
362195,zee7chancess.xyz
362200,zcache.com.br
362234,zee7imagines.xyz
362320,zee7chairs.shop
362326,zee61whiles.de
362400,zee7withss.top
362410,zee61bars.shop
362411,zee61whens.shop
362497,zee61operations.de
362506,ztriviaplus.com
362523,zee61choicess.xyz
362550,zee7evidences.shop
362611,zee33boys.xyz
362625,zee7nones.top
362632,zinmanga.art
362635,zaunsystemen.at
362645,zhbk.net
362782,zadolba.li
362789,zee7modelss.de
362794,zee61placess.top
362922,zee33nices.top
362926,ziajashop.es
362942,zee61weights.de
362966,zoo24.de
362981,zee7variouss.xyz
363000,zc.ro
363006,zee61windowss.top
363019,zaim-mobile.ru
363020,zee33allows.de
363134,zoomrad.uz
363174,zee33affects.de
363181,ziaruldebacau.ro
363218,zee61similars.shop
363225,zee61hands.top
363246,zee33projects.de
363259,zee7fishs.de
363296,zee61betweens.xyz
363306,zee7ages.shop
363321,zoomtv.io
363355,zee7withins.shop
363359,zlinekitchen.com
363374,z2data.com
363388,zee33publics.shop
363389,zee7bagss.de
363443,zee61boxs.xyz
363480,zhuicu.com
363482,zee7necessarys.xyz
363490,zee7currents.top
363570,zee61boxs.shop
363633,zee61hangs.top
363725,zee33naturals.de
363750,zgk1gr.com
363759,zee33careers.xyz
363766,zee7churchs.top
363779,zee61hitss.de
363803,zee61focusss.shop
363810,zenjackpotgroup.nl
363877,zee61glasss.de
363887,zanpian.com
363901,zee61focusss.top
363917,zamzambank.com.et
364001,zee7sisters.de
364044,zee7careers.de
364121,zweiradteile.net
364154,zee33reachs.xyz
364172,zee61reallysss.xyz
364190,zee7havess.de
364208,zee61puts.shop
364234,zuifuyun.com
364277,zryc.tech
364303,zgrills.com
364341,zoosalis.lt
364420,zee33churchs.de
364470,zbapp.net
364487,zee61somebodys.top
364497,zee7reads.de
364515,zafcdn.com
364551,zhost.vn
364552,zee33candidates.xyz
364624,zee7evidences.de
364628,zee7grows.de
364714,zee61toos.de
364780,zee7fars.shop
364794,zee7finallys.de
364806,zee61beautifuls.top
364811,zee33ands.de
364848,zaams.com
364871,zee7allows.shop
364978,zee33reads.shop
364981,ztesmarthome.com
364989,zee33mys.de
364995,zee61halfs.top
364996,zee7republicans.xyz
365041,zjwzbearing.com
365127,zeta.com
365190,zakaz.global
365222,zee33cultures.de
365256,zee7troubles.top
365260,zihu.com
365262,zee33powerss.de
365281,zee61sizes.xyz
365289,zee61factors.shop
365297,zee61nearlys.top
365298,zee61fails.de
365342,zee61draws.shop
365409,zee33outs.xyz
365411,zahlmaler.de
365414,zentrend.nl
365435,zerospam.ca
365459,zee7fasts.top
365500,zo-diak.ru
365503,zee33measures.top
365505,zoo.tattoo
365522,zestypaws.com
365563,zund.com
365564,zee7pasts.top
365623,zee33movies.shop
365630,zee7lates.xyz
365682,zee61points.de
367935,z0orj3f5.com
367936,z90vvu3yy.com
367937,z920v9v94.com
367938,zaavio.co
367939,zabannavid.com
367940,zakupy-czterykaty.pl
367941,zamzamplayers.com
367942,zapcash.in
367943,zapz88.name
367944,zaqa.gov.zm
367945,zar-fam.ir
367946,zarpay24.com
367947,zerx.tv
367948,zevana.co
367949,zh88333.com
367950,zi30vv4io.com
367951,zijnmwef.com
367952,zimeg.uk
367953,ziphamster.com
367954,zippay-u2.com
367955,zona69-red.autos
367956,zonacerah.com
367957,zonaoestemais.com.br
367958,zoofilia.vip
367959,zoofiliaporno.com
367960,zoransa.fit
367961,zyka.in
368007,zee7twos.top
368012,zee7institutions.xyz
368109,zerkalo32.casino
368110,zee61chancess.shop
368135,zarges.com
368144,zierashoes.us
368236,zee7sources.top
368237,zafirocosmetics.com
368244,zee7agos.shop
368247,zee33borns.de
368325,zee33pasts.top
368382,zee7civils.top
368387,zeferperformance.com
368422,zee33pains.de
368506,zafirohotels.com
368541,zee61includes.top
368542,zachys.com
368594,zonky.cz
368613,zj-zhishuo.com
368676,zee7workers.de
368704,zee61civils.xyz
368750,zee61civils.top
368786,zee33againsts.xyz
368788,zee61tables.shop
368794,zee61simplys.xyz
368810,zee7exactlys.de
368822,zee7ages.xyz
368921,zee7buildings.top
368948,zee33ables.xyz
368957,zee61measures.xyz
368960,zee61nearlys.shop
368983,zebra.hr
368991,zee7follows.de
369012,zjsru.edu.cn
369029,zango.shop
369051,zhixingyi123.com
369075,zee7alongs.xyz
369085,zikangtang.com
369124,zfcf.de
369204,zee7fishs.shop
369251,zee61highs.xyz
369262,zee33suchs.top
369279,zee7alongs.shop
369288,zee61throughs.shop
369324,zee61uss.xyz
369342,zerkalo1202.casino
369387,zeroes.ca
369492,zee61fulls.xyz
369505,zee61beautifuls.de
369524,zenjackpotstudio.nl
369541,zee33partners.xyz
369558,zee61victims.shop
369584,zenjackpotmarket.nl
369628,zee61challenges.de
369711,zee61trades.shop
369759,zee7borns.xyz
369870,zee33afterss.xyz
369919,zee7trades.shop
370008,zee7careers.xyz
370032,zhfmjw.com
370035,zee7probablys.shop
370054,zhijiaow.com
370089,zee61steps.xyz
370100,zee61suchs.shop
370107,zee33peoples.shop
370113,zee7fathers.de
370120,zczcfiles.com.cn
370211,zcsend.eu
370223,zurl.co
370238,zenithbank.com.gh
370243,zee33cultures.shop
370245,zee61highs.shop
370549,zxcloud.ru
370657,zkysbj.cn
370687,zee61fires.de
370691,zee7beautifuls.de
370764,zee33churchs.shop
370777,zee7smalls.shop
370805,zamba.co
370830,zhuravlev-theater.ru
370839,zahntourismus-in-montenegro.com
370869,zee7peoples.xyz
370875,zenroyallab.nl
370884,zee61throwss.shop
371022,zee33pains.top
371023,zimuku.org
371033,zupo.si
371037,zarastro.art
371055,zee61fills.xyz
371079,zee33avoidss.de
371104,zeiningen.com
371108,zee33puts.top
371119,zee61trades.xyz
371155,ziarulromanesc.de
371164,zee7agains.shop
371228,zapaka.de
371247,zee61glasss.shop
371253,zee7hows.xyz
371323,zee7meets.shop
371427,zee33republicans.shop
371438,zee61medihs.xyz
371506,zee61howevers.xyz
371509,zee7variouss.de
371607,zee7similars.top
371619,zee7pages.xyz
371712,zee7sisters.xyz
371718,zentrayn.com
371854,zekkeijapan.com
371857,zee7withss.de
371863,zee61naturals.top
371893,zee61ors.xyz
371902,zee7mentions.top
371907,zee33directors.shop
371963,zee61personals.top
372050,zee33nearlys.shop
372089,zee61imagines.de
372134,zee61beats.top
372192,zinia.de
372259,zoomag.ru
372290,zarabiam.com
372338,zamoranews.com
372353,zee7measures.shop
372357,zee61glasss.top
372370,zee7rates.top
372427,zee61existss.shop
372465,zee33describes.de
372509,zee7ass.de
372511,zuehlke.com
372535,zee61stays.xyz
372559,z-lib.cx
372629,zee61staffs.de
372661,zee33particularlys.shop
372670,zxmap.net
372713,zcode18.com
372732,zee61questions.de
372844,zee7twos.shop
372854,zee61peoples.top
372883,zdbxg.net
372966,zadar-airport.hr
373137,zservey.com
373187,zee61untils.shop
373199,zreliy.ru
373234,zafemdns.net
373243,zee7focusss.top
373255,zigcdn.com
373265,zfilm-hd-1237.online
373283,zee61feelings.xyz
373289,zajezdnia.org
373322,zee61foods.xyz
373332,zee61civils.shop
373377,zenroyalplatform.nl
373413,zee33medihs.xyz
373467,zee33allows.shop
373470,zee7medicals.shop
373503,zee61questions.shop
373536,zee7trades.xyz
373569,zee7evenings.top
373610,zee7banks.de
373616,zee7factors.de
373635,zee7modelss.top
373650,zyyrcw.com
373657,zee7industrys.top
373674,zone-telechargement.expert
373676,zee7saves.xyz
373739,zee7institutions.top
373744,zee33beats.de
373822,zee7follows.xyz
373834,zee61highs.de
373840,zee33pers.top
373850,zee7beats.shop
373870,zee7heads.top
373881,zee7cultures.xyz
373894,zee61differents.shop
373966,zfsonlinux.org
374006,zee61windowss.shop
374025,zxlgddmhjpg.top
374143,zee61partners.xyz
374156,zee7churchs.shop
374213,zee7kills.top
374253,zpk.org
374275,zee33pushs.de
374350,zee61fasts.top
374354,zjbinfo.com
374398,zee33currents.shop
374431,zeranoe.com
374460,zee61betweens.top
374476,zee7toos.xyz
374488,zkoss.org
374489,zee33papers.shop
374515,zilla-networks.com
374519,zetamexdns.xyz
374545,zgt.nl
374571,zakup.by
374572,zee61twos.xyz
374762,zamilco.com
374775,zee33reallysss.shop
374779,zee61marriagess.top
374788,zhj-mg.com
374860,zxstream.pro
374940,zendure.de
374949,zee7ors.top
374976,zetapay.tech
374977,zee33meetings.xyz
374993,zuerst.net
375043,zee7ands.shop
375046,zee61pushs.top
375110,zee7institutions.shop
375133,zig.services
375134,zeit-des-gedenkens.de
375208,zee7meetings.top
375214,zzna.ru
375230,zee61debates.xyz
375237,zeppelin.net.au
375308,zee33meets.top
375314,zee61sures.xyz
375325,zee61fourss.top
375388,zee33nevers.shop
375407,zenblackjackonline.nl
375441,zondavirtual.com
375510,zaapnet.com.br
375538,zee33pays.xyz
375567,zee7stocks.top
375615,zemaonline.de
375671,zee61fills.de
375693,zee61befores.top
375697,zee61organizations.xyz
375767,zhuzichangqing.com
375775,zuto.com
375815,zagirova.design
375818,zee61befores.de
375853,zee7banks.top
375870,zee61existss.de
375875,zee7rates.shop
375886,zee61beats.xyz
375917,zee61yets.de
375952,ziphealth.co
375958,zuperpro.com
375982,zerozero.pe
375985,zee7newspapers.top
375999,zee61foods.top
376002,zfmgr.top
376011,zee7grounds.top
376012,zaui.net
376096,zdorovo365.ru
376119,zee7reals.xyz
376128,zee7papers.de
376130,zee33currents.de
376157,zhhb.net
376158,zuanshi.com
376307,zee61lates.top
376369,zee33admits.de
376377,zee61futuress.shop
376416,zee7ables.top
376431,zee61forces.xyz
376480,zebracat.ai
376489,zee7whiles.shop
376538,zaochnik.ru
376600,zhoukou.gov.cn
376605,zib.com.ua
376682,zee61forwards.shop
376883,zee7pulls.xyz
376975,zee7childss.shop
376983,zoomadrid.com
377001,zee7focusss.xyz
377109,zig365.nl
377126,zee61fingers.de
377171,zevno.space
377178,zee61powerss.top
377191,zee61heads.xyz
377239,zee33peoples.de
377260,zootattoo.com.au
377316,zee7follows.shop
377335,zee33pains.shop
377344,zee33approachs.de
377465,zjiet.edu.cn
377487,zee7factors.shop
377493,zee61pains.xyz
377497,zee61takes.shop
377604,zee61windowss.de
377620,ziroxcompany.ir
377644,zuerchertech.com
377662,zf-world.com
377669,zeitlounge.com
377672,zee7ands.xyz
377720,zee7cards.de
377865,zee7produces.shop
377892,zee7questions.xyz
377959,zee7reads.top
377971,zultys.com
377976,zee61pushs.shop
377982,zee33onlys.top
378006,zee61bests.xyz
378059,zee7modelss.xyz
378078,zplay1.in
378081,zee61naturals.xyz
378089,zee61particularlys.xyz
378106,zee61medicals.xyz
378120,zysm.net.cn
378121,zee33returns.shop
378169,zee7avoidss.shop
378241,zee61drops.de
378243,zee33pays.top
378282,zee33mornings.shop
378326,zip-servers.com
378337,zee7cans.xyz
378363,zenserviceglobal.nl
378402,zee7debates.shop
378468,zee7reads.xyz
378500,zetro.net.ar
378534,zee33memoryss.shop
378590,zee7tables.shop
378680,zee61toss.xyz
378746,zee7beyonds.shop
378838,zoff.com
378847,zee61fulls.top
378866,zamplia.com
378918,zov-bot.ru
378986,zee33churchs.xyz
378993,zorch.com
379001,zip-krd.ru
379019,zdziarski.com
379028,zee61withss.de
379038,zee33bes.de
379095,zee61hands.de
379114,zimpel.de
379149,zee7ats.shop
379166,zvet.ru
379209,znc.in
379261,zee61fathers.xyz
379316,zerowastehome.com
379423,zee7bests.de
379446,zee7centers.de
379454,zee33beyonds.shop
379490,zee61fields.de
379518,zoomer.com
379557,zee7evenings.shop
379561,zayedsustainabilityprize.com
379563,zee61finallys.top
379600,zee61newss.de
379690,zee33quicklys.xyz
379721,zee7hospitals.top
379758,zee7pains.shop
379909,zee61stars.de
379955,zee61behaviors.xyz
380015,zee33nights.xyz
380033,zee33onlys.de
380060,zee7grounds.shop
380080,zee7leasts.top
380172,zee61measures.top
380173,zee33mys.top
380259,zee61variouss.de
380263,zalil.ru
380271,zee61publics.de
380287,zee7beautifuls.shop
380313,zee7admits.shop
380347,zee7grounds.xyz
380369,zee61daughters.xyz
380379,zee33adds.shop
380446,zee61bests.shop
380455,zdi.com
380491,zipcare.in
380567,zen-nyn.com
380594,zee7wheres.xyz
380611,zee7buts.xyz
380621,zee61particularlys.shop
380625,zee33nices.de
380645,zdshop.ir
380677,zee33southerns.shop
380678,zee33centers.de
380712,zoko.com.ua
380749,zee33abouts.shop
380893,zee61highs.top
380958,zero-in.com
380978,zee61behaviors.de
380991,zerofoxtrot.com
381065,zee33ats.de
381077,zee7toos.top
381189,zee7troubles.shop
381216,zooseks.autos
381233,zmgrc.gov.cn
381254,zee61hes.xyz
381266,zee61views.shop
381273,zoyashop.gr
381293,zee7hows.de
381307,zee7means.top
381340,zee7pushs.shop
381354,zee7oils.xyz
381357,zhongjigb.com
381367,zizhuweixiu.com
381418,zhitov.com
381432,zee7songs.shop
381437,zukan.com
381461,zee33probablys.xyz
381529,zo-sex.xyz
381560,zee33newss.top
381576,zee7debates.xyz
381618,zim-wiki.org
381645,zeppelin-team.de
381695,zee7simplys.de
381726,zee7fars.xyz
381766,zee61wheres.top
381785,zenserviceinsight.nl
381793,zee61generations.shop
381810,zifeiji.com
381959,zee7rates.xyz
381965,zee33reachs.shop
381994,zujianxiedian.com
382013,zugutfuerdietonne.de
382020,zee7toss.xyz
382055,zee61kills.top
382100,zenplace.co.jp
382159,zjstv.com
382251,zee61imagines.shop
382330,zouser.com
382354,zee61drives.de
382358,zee7focusss.shop
382372,zee61himselfs.shop
382376,zee33avoidss.shop
382391,ziarecords.com
382398,zee7halfs.top
382421,zee7movements.top
382435,zee61memberss.de
382446,zee7courses.xyz
382468,zaerc.com
382628,zingchart.com
382689,zohodesk.eu
382690,zee7includes.xyz
382737,zhuisuappft.com
382739,ztcfqb.cn
382784,zee7withins.de
382813,zee7waits.xyz
382839,zee61withins.top
382847,zee61muchs.de
382879,zee7centers.xyz
382905,zee7projects.xyz
382920,zee7avoidss.de
382950,zee7pages.shop
382953,zhouyi.cc
383005,zniis.ru
383007,ziuanews.ro
383050,zee61uss.shop
383062,zee7networks.xyz
383067,zee7papers.shop
383071,zimaos.com
383081,zee61improvess.de
383126,zee61expects.shop
383133,zee33realitys.xyz
383198,zee33operations.de
383240,zee7saves.shop
383383,zixmessagecenter.com
383403,zee7publics.shop
383437,zee61pays.top
383528,zee7hands.xyz
383554,zee61investments.shop
383611,zeeboutique.co.uk
383634,zigwheels.co.id
383671,zee7expects.de
383681,zee7lates.top
383762,zssm.zp.ua
383848,zee61waits.xyz
383849,zee7improvess.xyz
383850,zee7happys.de
383858,zee61powerss.de
383869,zcoupe.co.uk
383870,zro-net.ru
383964,zimsonwatches.com
383987,zjgzf.cn
383991,zee33simplys.top
384089,zohosecurepay.com
384146,zee61quicklys.de
384155,zee7toss.de
384159,zee61stars.xyz
384161,zee7investments.xyz
384204,zealty.ca
384236,zee7ranges.shop
384287,zee7executives.xyz
384319,zee7grows.top
384328,zee7pers.de
384397,zee7sources.shop
384416,zee7personss.shop
384447,zee7somebodys.shop
384464,zee61mays.de
384523,zilahy.info
384560,zee33puts.de
384571,zak.com
384716,zety.es
384723,zhit-vmeste.ru
384725,zorgenzekerheid.nl
384732,zee33programs.xyz
384756,zoomgovdev.com
384778,zee61yets.top
384787,zee7havess.xyz
384808,zenwagerpoint.nl
384826,zt-express.com
384849,zee61mes.top
384897,zee33childss.shop
384915,zips.com
384979,zee7newss.shop
384987,zee61participants.xyz
384992,zee61shes.shop
385017,zizichat.ru
385021,zee61drops.top
385057,zx9758.com
385075,zee7evenings.de
385090,zeevee.com
385121,zee7whiles.xyz
385125,zee33nones.xyz
385190,zia.aero
385212,zanuosecurity.com
385229,zoneomics.com
385266,zee7oils.shop
385333,zee7shes.de
385367,zee7nones.de
385385,zee33programs.shop
385466,zoochic-eu.ru
385504,zuzazu.com
385506,zwick.pro
385523,zoombox.com.br
385536,zee61whens.top
385700,zee61tends.shop
385717,zabkat.com
385850,zee7factors.xyz
385944,zee7reflects.xyz
385961,z-lib.pub
385989,zee33mes.xyz
386056,zee61ats.de
386057,zooku.com
386075,zee61exactlys.xyz
386113,zee7republicans.shop
386129,zee7executives.de
386183,zee7others.shop
386198,ziarulfaclia.ro
386208,zee33onlys.xyz
386236,zoofy.nl
386342,zee61pays.de
386395,zona-satelite.es
386433,zenworldsignal.nl
386519,zee7bes.xyz
386528,zee7overs.xyz
386555,zee61childss.top
386579,zeislaw.com
386617,zee7programs.xyz
386654,zcache.com.pt
386704,zee33peoples.xyz
386796,zee61hands.xyz
386845,zee61markets.shop
386846,zee61imagines.top
386957,zoneonline.nl
386989,zee61similars.top
386991,zee7cultures.shop
387091,zee61pays.shop
387136,zee7trades.de
387183,zee7foods.de
387232,zee61chairs.xyz
387289,zee7groundss.de
387300,zxcare.com
387317,zyda.com
387422,zoilaproperties.es
387473,zakladyboleslawiec.com
387495,zolotoy-zapas.ru
387578,zee7ranges.top
387585,ziyouchi.com
387605,zee61hitss.xyz
387613,zondahome.com
387615,zee61nightss.de
387618,zhilefou.com
387780,zioset.com
387878,zee7flys.de
387882,ztktech.com
387920,zee7acrosss.xyz
388004,zee61chancess.de
388060,zee7halfs.de
388180,zee7others.top
388199,zee7sures.shop
388200,zhiliangdianzi.cn
388250,zehost.net
388310,zee33nearlys.top
388354,zblexpo.cn
388372,zilladog.net
388405,zjxyjsypx.com
388475,zeoinsight.com
388487,zee7partners.top
388575,zgshige.com
388624,zee7mays.de
388632,zee7drops.top
388671,zee7pages.top
388697,zee7marriagess.de
388716,zee7simplys.top
388746,zee7movies.top
388758,zee7untils.shop
388771,zee7sources.de
388868,zjkdy.com
388948,zee61fears.top
388962,ztqysslys.com
388973,zuidwestupdate.nl
389013,zt.gov.ua
389100,zee7uss.de
389108,zee61hims.shop
389111,zing.cz
389208,zoo.com
389227,zdjyyjy.com
389229,zee61peoples.de
389234,zee33beyonds.xyz
389437,zee61toos.shop
389455,zulkr9n.com
389506,zee7glasss.top
389654,zambiaflora.com
389668,zerspanungsbude.net
389675,zap-pro.ru
389760,zee7daughters.xyz
389835,zee33pulls.top
389842,zedaco.de
389845,zj123.com
389963,zp.gov.ua
390039,zee61steps.top
390068,zee61challenges.top
390075,zee61southerns.xyz
390100,zirco.dev
390244,zee7industrys.xyz
390245,zidc.net
390265,zee61hows.xyz
390476,zee7nightss.de
390502,zenithin.top
390556,zee61operations.top
390628,zenlayer.cn
390655,zee7publics.xyz
390714,zee7throwss.xyz
390724,zamok-rest.ru
390885,zetramedia.com
390914,zee7cards.xyz
390947,zee7fourss.top
390979,zee7pains.de
391038,zhizuoji.com
391070,zerog.aero
391146,zacatecasonline.com.mx
391177,zsyyb.cn
391219,zeeto.io
391225,zenger.news
391236,zee7proves.xyz
391392,zapaka.com
391405,zee7seess.shop
391467,zee7suchs.top
391495,zee33aways.xyz
391648,zortssports.com
391673,ziddex.com
391691,zzoomm.com
391699,zprp.pl
391729,zerkalo8796.games
391748,zbato.net
391764,zee7songs.de
391849,zaixiandianying8.com
391900,zee7underss.top
391919,zee7agencys.shop
391927,zzum.net
391959,zenportalnet.nl
392121,zachmanson.com
392210,zee7improvess.de
392219,zee7measures.xyz
392339,zee7approachs.top
392347,zachleat.com
392462,zee7behinds.xyz
392513,zee7evenings.xyz
392595,zee7behaviors.shop
392601,zhangshangzuqiu.com
392610,zuozhefuli.com
392670,zee7fires.shop
392714,zee7pulls.shop
392770,zencontrol.com
392837,zollege.com
392864,zee7songs.xyz
392904,ziye114.cn
392981,zee61hands.shop
392992,zee7childss.de
393036,zyworking.com
393078,zee7patterns.top
393108,zee7faces.de
393144,zee7havess.shop
393202,zee61projects.top
393275,zooxlabs.com
393316,zee7reflects.de
393374,zee7saves.top
393377,zee7aheads.xyz
393476,zoomdici.fr
393490,zd-lj.si
393494,zimlive.com
393525,zakupki360.ru
393562,zuttel.net.br
393665,zealand-deals.nz
393705,zee7nones.xyz
393893,zdwx.net
393961,zeck-fishing.com
394023,zabcafe.com
394169,zee61friends.de
394190,ziella.co
394194,zee7boxs.de
394264,zsvokovice.cz
394406,zelleducation.com
394418,zee7toos.de
394467,zee61friends.top
394498,zencity.io
394505,zerkalo90.casino
394626,zee61thinks.xyz
394705,zoomobileporn.com
394729,zooundco.de
394777,zhiqu.org
394822,zayttg.com
394851,znanium.com
394860,zende.sk
394893,zrelki.xyz
394903,zee61executives.xyz
394937,zenfieldglobal.nl
394993,zoomtown.com
395070,zhiltsov-group.ru
395076,zidian7.com
395100,zebi.nl
395115,zerounoweb.it
395136,zee7windowss.xyz
395178,zgjtb.com
395200,z-lib.gl
395227,zee7mornings.de
395306,zoneworldblog.nl
395349,zee61fulls.shop
395352,zenind.com
395407,zee7realitys.de
395454,zee7artists.de
395518,zee7sources.xyz
395610,zidey.fun
395682,zsu.gov.ua
395874,zee7personals.de
395877,znufe.edu.cn
395909,zgfznews.com
395936,zee7allows.xyz
395958,zoobarcelona.cat
396176,zhuangshi5.cn
396194,zoomerang.app
396234,zee7simplys.xyz
396299,zee61follows.de
396339,zpu-journal.ru
396348,zee7ass.xyz
396353,zee61newspapers.de
396388,zee7others.de
396499,zee7describes.shop
396529,zeek.org
396549,zee7markets.shop
396562,zenslotsgroup.nl
396639,zi5.net
396750,zee7twos.de
396768,zavolga.net
396806,zee7flys.shop
396891,zsw-bw.de
396933,zee61nevers.de
397030,zeus800id.com
397143,zee7flys.xyz
397283,zee7investments.top
397313,zee7taxs.shop
397541,zee7republicans.top
397549,zee7includes.top
397608,zee7radios.de
397652,zee7programs.shop
397679,zestcarrental.com
397734,zee61overs.top
397781,zee7similars.de
397799,zee7projects.shop
397813,zee61avoidss.top
397814,zee7ranges.de
397824,zalf.de
397921,zdrowystartwprzyszlosc.pl
398030,zee7questions.de
398036,zosqdyfvp.com
398056,zcwz.com
398066,zee7whens.shop
398218,zee7necessarys.top
398258,zaboo.gr
398280,zvon.top
398348,zoozoosexporn.com
398396,zoo.se
398475,zanox-affiliate.de
398492,zjfqyc.com
398539,zjksof.cn
398564,zee7sures.de
398727,zhaolight.com
398739,zdravnitza.com
398748,zee33points.shop
398804,zchocolat.com
398943,zaymigo.ru
398947,zee61hospitals.shop
398954,zee7investments.shop
398991,zee7owns.shop
399018,zee61pushs.de
399073,zee33pays.de
399227,zd4.fun
399289,zee7plants.xyz
399311,zee61southerns.shop
399391,zee7hands.de
399479,zencloudzone.nl
399553,zgc-dsa.org
399578,zee33ats.xyz
399732,zee7pulls.de
399805,zomato.yokohama
399839,zee61schools.xyz
399947,zakup-opt-mail8.ru
399982,zenconnectdirect.nl
399989,zee7puts.de
400085,zvonili.com
400156,zee7pays.top
400172,zee61includes.xyz
400367,zee61pushs.xyz
400369,z1enterprises.com
400403,zenbettinghub.nl
400438,zopedirectory.com
400539,zhangdahai.com
400544,zenb.jp
400589,zaoreactiv.ru
400620,zanolli.com
400638,zenjackpotspace.nl
400683,zee7backss.shop
400708,zhangdanyang.com
400737,zorvanta.io
400773,zee7heads.de
400849,zee61careers.xyz
400864,zee61flys.shop
400885,zenkoji.jp
401004,zee7dos.top
401009,zee7diseasess.top
401097,zee33proves.top
401106,zuizaoxs.org
401217,zee61buts.xyz
401257,zee7reals.de
401274,zeiss.com.cn
401349,z-lib.li
401364,zmfaka.cn
401513,zenportalpoint.nl
401561,zsno.ru
401658,zbyxjx.net
401708,zh-hot-dongqiudi.com
401816,zee7smalls.de
401858,zaygezunt.ru
401922,zorini.ru
401952,zgjrw.com
402127,zenconnectstudio.nl
402137,zee7cultures.de
402141,zitadel.cloud
402164,zee7republicans.de
402222,zeppelinflug.de
402352,zee7exactlys.top
402548,zooomr.com
402654,zee61uss.top
402661,zenconnectworks.nl
402664,zee61newspapers.top
402729,zvaig.com
402746,zee7weights.xyz
402750,zencloudlink.nl
402773,zee7debates.de
402783,zee7projects.top
402828,zurich.cl
402959,z-wavealliance.org
402966,zengshi.net
403052,zee61particularlys.top
403121,zee33papers.de
403129,zeru.com
403183,zonevs.eu
403272,zolahost.net
403316,zoopindia.com
403322,zimtliebe.de
403361,zee7songs.top
403414,zee7points.shop
403601,zootampa.org
403643,zhengtepcba.com
403653,zergnet.io
403683,zhongyichuan.com
403743,zee61fourss.de
403748,zwzn-tech.com
403798,zee7whichs.xyz
403853,zee33simplys.shop
403918,zee61parentss.xyz
403931,zimple-survoir.com
403948,zoroshop20.com
403954,zonafranca.mx
404091,ziola.info
404209,zextel.ru
404560,zpale.com
404576,zongyixieye.com
404661,zoneaffaire.com
404669,zebimov.cc
405031,zone360media.nl
405137,zonenlmedia.nl
405150,zzlpolitics.com
405348,zagonka.tv
405407,zhuifengzhe.top
405426,zenfieldtrend.nl
405427,zee61childss.shop
405618,zee7wells.xyz
405743,zxn.ru
405844,zoo-porno.top
405880,zafir.ru
405895,zz.com.ve
405934,zaczytaj.pl
405945,zenstat.ru
406020,zslib.com.cn
406065,zenko.io
406116,zee7publics.top
406139,zoobasel.ch
406142,zolotoyvek.ua
406175,zulubet.com
406371,zhahach.site
406486,zenvectornetwork.nl
406568,zavod.co.rs
406592,zzperformance.com
406606,zcast.com.br
406756,zolostays.com
406807,zeroluck.gg
406822,zoneas.eu
406864,zxzhijia.com
406869,zennetworkcollective.nl
406950,zipzip.ai
406995,zz.cd
407000,zooporner.com
407027,zonegfx.com
407036,zee7reads.shop
407078,zqiye.com
407088,zamnesia.nl
407175,zee7hospitals.shop
407177,zolotakraina.ua
407222,zzhuangli.com
407273,zee61fars.de
407363,zapgov.ru
407378,zagsblog.com
407403,zerane.space
407497,zee7wheres.top
407509,zsjl08.com
407592,zwemwater.nl
407649,zimoveis.com.br
407662,zee7sets.de
407697,zee33proves.xyz
407750,zabc.net
407783,zenithhub.cloud
407792,zesbee.nl
407835,zienic.com
407858,zemari.space
407882,zee61steps.de
407932,zprz.city
407995,zennetworkworld.nl
408058,zsuan.com
408113,zenfieldnetwork.nl
408237,zenfieldportal.nl
408310,zoomeye.org
408318,zztrc.edu.cn
408457,zonosistem.com
408460,zee7sides.top
408486,zee7sets.shop
408531,zenlayer.in
408534,zohovoice.com
408602,zlongame.net
408690,zerda-boutique.com
408733,zenfielddirect.nl
408809,zconnect.vn
408897,zoo2tube.com
409060,zohoapis.eu
409184,zerkalo57.casino
409201,zeenhost.com
409227,zee61tables.de
409295,zetra.pro
409324,zeninsightenterprise.nl
409343,zee33beyonds.top
409400,zee61singles.de
409536,zakupis-ekb.ru
409666,zenslotmarket.nl
409689,zoo-frankfurt.de
409846,zee7proves.shop
409879,zee7memoryss.xyz
409929,zuizhifu.com
409934,zubareva.online
409951,zavodrta.ru
409970,zznu.edu.cn
409988,zee7whichs.top
410343,zenstackportal.nl
410368,zee61similars.xyz
410371,zamg.at
410434,zongbu-jidi.com
410502,zfilm-hd-1020.online
410524,zcloud.ws
410533,zee61puts.xyz
410723,znat-audit.com
410860,zanzzea.com
410982,zee7uss.shop
410998,zzzmh.cn
411002,zonezero.com
411016,zenbasestack.nl
411151,zenfieldcentral.nl
411152,zwrotnikraka.pl
411173,zgf.com
411260,zlin.eu
411317,zzz.sk
411371,zee7owns.xyz
411644,zenluckydaily.nl
411652,zshf.shop
412088,zavidovo.com
412092,zhentun.com
412159,zaiyoo.cn
412201,zemora.space
412224,zmlearn.com
412323,zikanalytics.com
412453,zaratren.com
412470,zenbaseexpert.nl
412500,zohopublic.com.cn
412534,zoeller.com
412552,zee7proves.top
412595,zee7networks.top
412627,zappelin.nl
412815,zzz4.com
412888,zya.me
413067,zillow.help
413107,zbuef.online
413159,zengroupconnect.nl
413190,ziplocalonline.com
413228,zcache.fr
413293,zee7pushs.de
413337,zenvpn.net
413341,zennio.com
413364,zmweb.net
413372,ziwoyou.net
413405,zjhu.edu.cn
413492,zjtlcb.com
413516,zenva.com
413537,zuhad0d1d.com
413686,zavedenia.com
413746,zenlogiccore.nl
413823,zenbaseportal.nl
413964,zzl.org
413965,zhaikpress.kz
414007,zig.tickets
414044,zagonka1s.one
414132,zjhzhj.com
414162,zivpn.com
414167,zoefandb.com
414190,ziaruldevrancea.ro
414256,zee7produces.de
414350,zhixindaren.com
414412,zee61mes.de
414433,zakup-opt-mail17.ru
414616,zavodflora.com
414631,zdcst-cif.cn
414906,zenconnectnetwork.nl
415134,zenserviceconnect.nl
415201,zonitel.com
415204,zgcfw.net
415323,zackelectronics.com
415387,zadervice.com
415419,zigly.com
415509,zvukofon.com
415557,zkzn1688.com
415632,zecplus.de
415891,zfrontier.com
416089,zephoria.com
416193,zipkin.io
416211,zenconnectdrive.nl
416233,zee61hangs.shop
416412,zlo.ooo
416693,zenbridgesignal.nl
416710,zakazat-kuhnyu-10.ru
416987,zsgnxx.com
417017,zeghani.com
417190,zinzi.nl
417203,zhihecul.com
417208,zimbabweflora.co.zw
417264,zintellect.com
417297,zenportalhub.nl
417316,zenguidetrend.nl
417333,zenpalacegroup.nl
417337,zee7saves.de
417355,zcashcommunity.com
417459,zorgmail.nl
417515,zee7availables.xyz
417567,zenenginedrive.nl
417641,zengroupcollective.nl
417757,zhejiangtanjiang.cn
417785,zigath.com
417826,zee61environmentss.top
417828,zenenginelogic.nl
417844,zpowerdns.com
418142,zlk.com
418180,zionrubbers.co.in
418223,zakazat-naves.ru
418246,zkvalidator.com
418358,zurifurniture.com
418395,zpic.live
418488,zee7musts.top
418554,zugspitzarena.com
418579,zefi.ai
418587,zwei.com
418650,zmqdez.com
418714,zee7projects.de
418831,zhongkehuiying.com
418846,zwaremetalen.com
418973,zenslotspace.nl
419014,zelpac.co.zw
419081,zenportalenterprise.nl
419117,zjalufoil.com
419149,zhzh.com.ua
419319,zawl.cn
419355,zamboanga.com
419368,zapier-staging.com
419436,zenbaseguide.nl
419489,zee7operations.xyz
419502,zurrose-shop.ch
419507,zee7tables.de
419559,zenzonehub.nl
419667,zoloz.com
419686,zatiqeasy.com
419725,zas.be
419889,zbib.org
419956,zdqmarket.ru
420007,zee61generations.de
420082,zinabel.ma
420205,zmianynaziemi.pl
420254,zaask.pt
420292,ztoe.com.ua
420320,zee7smalls.xyz
420367,zenconnectpath.nl
420409,zakroot.com
420459,zaufanatrzeciastrona.pl
420488,zee7fars.top
420500,zrelie.xyz
420548,zeroum.day
420567,zikbus.de
420580,ziraatciyiz.biz
420597,zielonalinia.gov.pl
420637,zuplo.com
420695,zhengjian.org
420700,zee61fathers.top
420707,zmp.de
420771,zaxx.co.jp
420824,zenfieldmax.nl
420919,zoneoi.com
420960,zenpokerflow.nl
421023,zenglobalglobal.nl
421057,zorgvoorbeter.nl
421189,zetnet.az
421194,zed.com
421338,zfinder.de
421349,zenportalfield.nl
421437,zenfieldpro.nl
421447,zosteralatency.com
421608,zenworldfocus.nl
421629,zengroupcenter.nl
421919,z2z2.ru
421981,zencloudnetwork.nl
422037,zenstackvector.nl
422043,zee33opens.xyz
422044,zhaoyicdn.net
422050,zcimg.com
422130,zfzf444.cc
422132,zfzf444.com
422258,zfzf444.vip
422322,zynqorelia.xyz
422397,zealhost.ca
422398,zeytech.de
422507,zcsend.in
422509,zenportallab.nl
422546,zaapi.com
422641,zostel.com
422650,zoofilianet.com
422790,ztbull.com
422881,zunigame.com
423002,zooplus.no
423109,zee7newss.top
423143,zenfocussignal.nl
423144,ziina.com
423207,zenbridgeplatform.nl
423390,zee33behaviors.shop
423407,zgoldz.com
423419,zwangerenportaal.nl
423440,ziarulamprenta.ro
423482,zulaykitchen.com
423488,zengambleexpress.nl
423544,zic0.casino
423573,zee33questions.shop
423587,zusammengebaut.com
423707,zensignallogic.nl
423904,zarfilm.com
423982,zenglobalmatrix.nl
424220,zenenginehub.nl
424229,zeltser.com
424330,zaborona.com
424385,zywiec.pl
424407,zenconnectconnect.nl
424577,zdzhk.com
424629,zooypatrol.com
424781,zenluckyworld.nl
424790,zumba.media
424906,zymoresearch.com
424951,zabor.zp.ua
424957,zee7radios.xyz
424972,zenbaseglobal.nl
424995,zlhj.link
425065,zumtobelgroup.com
425207,zahid3d.com
425224,zee61mouths.xyz
425242,ziehl-abegg.de
425304,zenbasebridge.nl
425339,zsf5hqmjksyn.com
425374,ziarulprofit.ro
425413,zooming.com.br
425444,zevique.space
425616,zastatic.com
425638,zenglobalframework.nl
425752,zenslotlab.nl
425796,zabgu.ru
425843,z3sf5z6n.com
425849,zenstudioline.nl
425882,zrt.casino
425891,zulassung.digital
425962,ztonline.ch
426134,zee7careers.top
426207,zhbi247.ru
426208,zhaoshuyuan.net
426215,zlqyedu.com
426270,zagruzka.com
426371,zerohash.com
426467,zachtronics.com
426481,zenlogicbase.nl
426483,zennetworkenterprise.nl
426492,zjdpsyy.com
426666,zrsr.sk
426669,zodiaconline.com
426728,zenedge.nl
426874,zositech.com
427166,zennetworkpro.nl
427546,zentechportal.nl
427547,zhenhaocable.com
427603,zentrendscope.nl
427754,zbs-casino.online
427839,zeno.travel
427878,zoofiliataboo.com
427884,zenglobalguide.nl
427899,zurichbank.it
427936,zenbaseengine.nl
427944,zfzf222.cc
428017,zlibros.es
428070,zenprimehub.nl
428142,zenno.club
428150,zenbridgedirect.nl
428226,zawszepomorze.pl
428235,zenarena.nl
428250,z-api.io
428251,zaplookup.com
428258,zengroupmedia.nl
428310,zenbasematrix.nl
428361,zee7waits.de
428398,zengroupsignal.nl
428529,zee33ors.de
428569,zerozeroplatform.com
428603,zenportalzone.nl
428833,zionsbancorp.com
428850,zenmediamatrix.nl
428945,zapchasti-chery.com.ua
429362,zee61chairs.top
429397,zerkalo-casino.online
429427,zapcore.icu
429448,zenconnectfield.nl
429465,zensignalglobal.nl
429537,zenpokerbase.nl
429542,zumiez.ca
429549,zhongyuyaoye.com
429654,zannn.top
429896,zangakbookstore.am
429983,zuhuanhao.com
430063,zsd.co.za
430102,zjhsjzxzs.com
430115,zoda.gov.ua
430340,zzwav.com
430418,zenvault.nl
430456,zencloudmark.nl
430470,zenconnectgroup.nl
430477,zhemai.com
430653,zenconnectmedia.nl
430672,zenfieldconnect.nl
430758,zerkalo71.casino
430783,zencloudpath.nl
430856,zennetworkworks.nl
430955,ztpurpura.com.br
431031,ziemellatvija.lv
431100,zeninsightglobal.nl
431187,zengroupprime.nl
431252,zoxee.com
431333,zsbzyl.com
431401,zoosexwithanimals.net
431494,zeninsightmax.nl
431584,zenwinsworks.nl
431608,zeiss.it
431637,zusq9yc6.com
431650,zyngagame.info
431716,zeninsightdigital.nl
431729,zipforme.com
431748,zenfieldmatrix.nl
431789,zenglobalcentral.nl
431894,zonebowling.com
431927,zonemx.eu
432116,zapchasti-uaz-mayak.ru
432319,zfxlqtvg.cc
432353,zindi.africa
432495,zoursland.com
432500,zugernet.net
432876,zfarma.it
432877,zepheris.com
432921,zlinkurl.cn
432943,zbscloud.com
432973,zjj.gov.cn
433045,zenworldmatrix.nl
433100,zenworldguide.nl
433136,zetek.tv.br
433183,zhwenku.com
433239,zamnesia.es
433272,zeppelin-museum.de
433369,zvava.org
433377,zyft.com
433378,zengroupdirect.nl
433415,zydis.re
433422,zqids.com
433520,zentechmax.nl
433622,zenconnectenterprise.nl
433699,zenworldprime.nl
433760,zooborns.com
433818,zerofasting.com
433862,zooporntube.com
433987,zee7happys.shop
434109,zizzs.com
434117,zenvectorspace.nl
434305,zee7beyonds.de
434312,zhongyudiangong.com
434403,zaikai.jp
434449,zipeventapp.com
434491,zwcqxiaomian.com
434611,zf629.com
434618,zcdlgf.com
434660,zwlp.com.cn
434747,zenmatrixfocus.nl
434768,zjedz.my
434801,zensignalprime.nl
434808,zayedinternationalairport.ae
434831,zengroupworks.nl
434837,zestdent.com
434876,zbudujdobrze.pl
434911,zcyorg.cn
434974,zgeorgia1.com
435025,zee7medicals.xyz
435039,zennetworkzone.nl
435321,zenlogiccraft.nl
435387,zerkalo47.casino
435440,zamora24horas.com
435453,zee7pulls.top
435499,zqcn.com.cn
435502,zitobox.com
435508,zee7taxs.top
435549,zenportalspace.nl
435556,zhishihao.com
435579,zensignalcore.nl
435619,zeninsightgroup.nl
435802,zee61threess.shop
435847,zenzonecraft.nl
435914,zenslotpoint.nl
435923,zenzonepoint.nl
435992,zohreanaforum.com
436005,zee7trades.top
436050,znmgcvnz.cc
436067,zhubajie.com
436185,zenzoneview.nl
436390,zeige-deine-sexbilder.com
436458,zeromedia.vip
436483,zhangc.top
436489,zklockow.pl
436490,zennetworknetwork.nl
436549,zankyou.com
436664,zennetworkglobal.nl
436735,zff.com
436792,z-u-g.org
436866,zeppelin-group.com
436882,zoearcherbooks.com
436928,zenportalcenter.nl
437008,zee33describes.top
437012,zenserviceguide.nl
437017,zahnaerzte-wl.de
437091,zotadevices.ru
437144,zachl.tech
437198,zee7wells.de
437288,zaubertopf.de
437317,zengamblespace.nl
437373,zalamo.com
437453,zentrale-pruefstelle-praevention.de
437468,zync-stream.com
437522,zionspf.com
437569,zonatmo.to
437628,zee61soons.xyz
437694,zenfieldcollective.nl
437719,zbshareware.net
437721,zeusnews.it
437732,zenmatrixportal.nl
437873,zee33movements.de
437913,zaltus.net
437917,zhfszy.com
438011,zxuno.com
438041,zohranfornyc.com
438112,zeabur-dns.com
438157,zhenhuixing.com
438263,zjpfdq.com
438316,zmasti.net
438472,zao-ai-deep.com
438660,zerkalo0901.casino
439049,zee33reallysss.de
439056,zenzoneflow.nl
439110,zemoro.space
439252,zenbivy.com
439260,z6rjha.net
439345,zentechbridge.nl
439393,zee7ands.top
439425,zerobreeze.com
439437,zhifang.com
439449,zomato.com.hk
439590,zerkalorg.casino
439803,zombiemeal.com
439904,zjwqpharm.com
439910,zvi.ru
440099,zenmarketstack.nl
440160,zongcaiwenxue.org
440175,zalando-payments.net
440186,zep.com
440442,zelus.io
440473,ziarpiatraneamt.ro
440580,zee61movies.shop
440718,zenfieldplatform.nl
440880,zengroupportal.nl
440915,z3x-team.com
440987,zensignaldirect.nl
441026,ztadalafiluus.com
441204,ziuadevest.ro
441235,zeninsightpro.nl
441242,zaochnik-com.com
441255,zjtie.edu.cn
441414,zehjlesrs.com
441418,zee33memoryss.de
441618,zennetworkprime.nl
441738,zenportalcore.nl
441784,zenguide.nl
441786,zee61environmentals.de
441892,zone3.com
441904,zipnet.pl
441943,zhzmsp.com
442060,zozodirectory.com
442065,zyhfzb.com
442071,zongyangclean.com
442176,zfilm1977.site
442200,zeply.de
442227,zamania.ru
442305,zerkalo-slot24.online
442318,zuhuanwang.com
442321,zjky.cn
442337,zoznamrealit.sk
442387,zeebestmarketing.com
442457,zindicated.com
442467,zenportallogic.nl
442518,zoomalia.it
442523,zpic.st
442556,zigo.co.za
442618,zennetworkmedia.nl
442661,zenreelsonline.nl
442684,zz.lv
442761,zohoinsights-crm.com
442813,zonerantivirus.com
442855,zenportalstudio.nl
442872,zwcad.com
442933,zenzonezone.nl
443004,zable.com
443156,zenstackengine.nl
443160,zohocorpin.com
443172,zenvectorworld.nl
443187,zelani.space
443230,znctrack.net
443244,zenportalcraft.nl
443339,zennetworkgroup.nl
443427,zumperrentals.com
443435,zeninsightmark.nl
443531,zity.biz
443560,zavlab.ru
443619,zetatalk.com
443714,zlpdx.com
443892,zuczxt.cn
444348,zqf.at
444468,zerkalo2401.casino
444586,zzoptic.com
444638,zzsdesign.com
444688,zensohost.com
444701,zapretu.net
444751,zeitzmocaa.museum
444761,zapch.ru
444800,zenserviceplus.nl
445024,zenworldconnect.nl
445048,zenbridgeengine.nl
445055,zhenduoblaster.com
445100,zenlogicnet.nl
445101,zentechconnect.nl
445163,zeninsightview.nl
445268,zhiguzhan.com
445298,zenguidestack.nl
445354,zentechdigital.nl
445357,zipdx.com
445364,zenspinshouse.nl
445386,zsl-server.de
445421,zolotonosha.net
445525,zeam.com
445542,zcstrakovo.cz
445617,zixworks.com
445621,zenfocusvector.nl
445643,zenpencils.com
445686,zenithoteles.com
445729,zammit.org
445733,zee61fires.shop
445746,zee33becomes.shop
445755,zee7behaviors.de
445854,zeptomail.net
445897,zcyqf.cn
446164,zentrendspace.nl
446204,zambezimarketing.io
446213,zenbridgeguide.nl
446349,zzxingwo.com
446381,znews.gr
446409,zeroclick.ai
446415,zentrendhub.nl
446445,zorvec.top
446508,zee7easts.shop
446596,zenvectorsolutions.nl
446665,zgjmorg.com
446691,zszywacz.pl
446737,zenzonespace.nl
446813,zplatformu.com
446893,zenlogicview.nl
446991,zankap.com.au
447063,zu.ru
447067,zee33boys.top
447130,zhyk.org
447182,zenstackframework.nl
447272,zenlogicscope.nl
447281,zicoil.ru
447454,zee7hands.top
447455,zewshost.com
447592,zenlogicflow.nl
447645,zthemes.net
447679,zee7ats.top
447738,zenstackexpert.nl
447823,zenguideinsight.nl
447845,ziyang.gov.cn
447989,zincwork.com
448009,zeninsightspace.nl
448113,zhongruibao.com
448116,zgjzy.org.cn
448186,zup.me
448236,ztqft.com
448247,zoo.pt
448273,znlc.ltd
448284,zennetworkfield.nl
448548,zenvectorglobal.nl
448578,zhuge.com
448625,zjhzcc.edu.cn
448646,zhengdeyang.com
448661,zawag.org
448707,zensignalzone.nl
448827,zee7banks.xyz
448842,zenslotsexpress.nl
448934,zhanyisc.com
449000,zgfz.net
449004,zitijia.com
449014,zone.net
449024,zhidaoyan.com
449274,zilliongames.io
449276,zapchasti.lviv.ua
449282,zeninsightflow.nl
449290,zennetworksystems.nl
449297,zenmatrixbridge.nl
449339,zenglobalconnect.nl
449441,zona.ba
449503,zuihuo.net
449751,zergpool.com
449830,zepros.fr
449859,zenportalscope.nl
449871,zee61fingers.xyz
449915,zxcxcvbadsa.com
450023,zbjs.pw
450050,zoneguru.com
450068,zenvipdaily.nl
450123,zeturf.sn
450130,zeninsighthub.nl
450145,zerkalo62.casino
450172,zhgal.com
450237,zennetworkstudio.nl
450329,zensignalmax.nl
450379,zbrushcentral.jp
450628,zilliongamer.com
450688,zxdm.top
450970,zolve.com
451076,ziu.gov.pl
451102,zaubertopf-club.de
451590,zenglobalfocus.nl
451668,zenzeroshop.it
451766,zennioremote.com
451927,zee61grounds.shop
451977,zdravstvo.gov.mk
452036,zoohit.si
452037,zikg.eu
452062,zemesukis.com
452155,zfilm-hd-1954.online
452268,zerodowntimeco.com
452351,zenworldportal.nl
452573,zephyronline.com
452646,zooeb.sbs
452656,zapis.kz
452694,zagoo.vn
453055,zdorovnik.com
453073,zencloudscope.nl
453095,zanhuo.com.cn
453099,zetafonts.com
453131,zuzandra.com
453169,zonehebergement.com
453236,zekelman.com
453316,zbiotics.com
453366,zamnesia.io
453391,zee61howevers.top
453399,zemith.com
453491,zomato.is
453559,zaplata.bg
453644,zerolayer.net
453735,zahran.org
453866,zaymer.com
453873,zzuit.edu.cn
453878,zeyo.in
453918,zenitexcelencia.com
454046,zoop.lt
454047,zipmarine.pro
454097,zenvectormax.nl
454207,ztdy.cc
454209,zee7thoses.top
454236,zufang.com.sg
454446,zx7zijikxvj8.xyz
454552,zhen.si
454661,zhgl.com
454671,za-hotels.com
454778,zennetworkservices.nl
454858,zhcn-online-kanqiu.com
454864,zkcserv.com
454931,zenzonebase.nl
454983,zeekservers.co.uk
455146,zenworldbridge.nl
455302,zx11.de
455370,zajazdy.sk
455437,zonakulinara.ru
455512,zcomm.org
455676,zpath.cn
455688,zymkin.lol
455726,zulip.org
455778,zengroupplatform.nl
455840,ziyouz.com
456067,zouri.jp
456094,zjhkvgppt.cc
456275,zclub.com.tw
456318,zirvemedya.com
456385,zfilm-hd-3053.online
456552,zielonemiastopoznan.pl
456567,zenservicemax.nl
456664,zenglobaldirect.nl
456822,zeromarkets.com
456898,zentrendlogic.nl
456971,zlzggw.com
456985,zan-live.com
457033,zetetic.net
457044,zero-downtime.net
457069,zradon.com
457189,zenarenaworld.nl
457250,zaton.hr
457267,zorovids.click
457331,zenzonedrive.nl
457368,zgoperfumery.com
457382,zenglobalprime.nl
457474,zippohosting.com
457597,zenshop.cn
457731,zenstudioview.nl
457747,zenservicesignal.nl
457785,zerotofinals.com
457852,zenworldmax.nl
457870,zx3315.com.cn
457897,zengroupinsight.nl
457923,zaber.com
458040,zenserviceportal.nl
458104,zipcodes-us.com
458237,zerkalo104.casino
458302,zenportalview.nl
458352,zsthost.com
458479,zys8.cc
458616,zhumeiwang.com
459248,zad-academy.com
459280,zellij.dev
459369,zgbbs.org
459400,zee61suchs.xyz
459439,zenclubhub.nl
459453,zone-torrent.net
459575,zelytube.com
459631,zencloudcore.nl
459696,zzcbf.com
459730,zvenyhorod.org
459820,zenguidepro.nl
459874,zomato.melbourne
459884,zhuangkou.com
459970,zefiroapp.com
460106,zentechprime.nl
460240,zuiaixiaoshuo.net
460283,zurich.at
460293,zenportaldrive.nl
460314,zentechenterprise.nl
460323,zenspinlounge.nl
460446,zuqiu.life
460447,zenvectordigital.nl
460481,zhiduodev.com
460547,zkverify.io
460562,zen-on.co.jp
460577,z4host.com
460643,zensignalfield.nl
460644,zwatqtzdra.com
460660,zbwdj.com
460947,zeenea.app
460954,zandysjewelrysupply.com
461149,zenro888.online
461225,zenservicecentral.nl
461297,zipal.ru
461327,zizzi.nl
461525,zencasino.nl
461627,zx3xa.info
461794,zenmediastack.nl
461797,zzmrp.pl
461894,zwiftpower.com
461991,zenguideframework.nl
462116,zipperloft.ca
462213,zzjcdc.com
462236,zengamblestudio.nl
462381,zhuoyigaoke.com
462405,zashu.net
462526,zee33agencys.shop
462647,zoopornyou.com
462870,zdorovie-rossii.ru
462919,zookcabins.com
463175,zappiehost.com
463207,zplpyhtukw.net
463238,zv.market
463372,zemlitsa.com
463526,zarf.com
463586,zafira-forum.de
463621,z43mes2a.com
463665,zuzana.com
463699,zenportalplatform.nl
463741,zapakasa.com
463752,zenworldplus.nl
463978,zite.de
464323,zyrex.ru
464372,zero.jp
464376,zsfq-defender.sbs
464384,zee61discovers.xyz
464396,zimaletto.ru
464489,zhuchaowu.com
464666,zsmayning.com
464875,zenblackjackdaily.nl
464912,zentechstack.nl
464944,zekerhost.com
464956,zt-tuning.de
464964,zdravclinic.ru
464982,zbczce.com
465112,zoopornbestiality.autos
465259,zackzack.at
465310,zenportalflow.nl
465312,zhihuyun.vip
465338,zagranie.com
465370,zengroupplus.nl
465487,zenconnectflow.nl
465571,zeise.de
465675,zamm.ru
465801,zachteno.net
465873,zonda.onl
465925,zenworlddirect.nl
465938,zoomed.com
466068,zazuke.com
466152,znanijam.net
466192,zep-online.de
466228,zenglobalplus.nl
466256,zenblackjackpoint.nl
466278,zennetworkdrive.nl
466345,zx110.org
466359,zee7realitys.xyz
466514,zipleaf.ca
466541,zfilm-hd-2174.online
466600,zentechdirect.nl
466626,zodiac-nautic.com
466715,znetindia.com
466758,zoomtan.com
466767,zctrsy.com
466857,zeelive.com.tw
466863,z2k.space
466972,zhixuannet.com
467020,zpharmacy.gr
467073,zvray.ru
467096,zee61southerns.top
467176,zigiz.com
467206,zoelu.com
467346,zdravynakup.sk
467591,zensignalcentral.nl
467672,zs-kv-rhm.com
467739,zone.ps
467857,zorg.video
468222,zooanimalporn.autos
468272,zenworldinsight.nl
468374,zenportalworld.nl
468404,zentechsolutions.nl
468413,zaramotorslv.com
468451,zpp.de
468490,zenconnectcenter.nl
468525,zflcakuufezorln.com
468631,zeitcloud.io
468653,zug.com
468684,zucc.edu.cn
468718,zetimage.com
468730,zenreelshub.nl
468738,zstock.ru
468902,zerkalo61.casino
469103,zojoji.or.jp
469130,zenglobalservices.nl
469148,zinodavidoff.com
469175,zjnx88.com
469212,zgzzs.com.cn
469239,zerodown.online
469254,zennetworknet.nl
469296,zee33mys.xyz
469314,zeitauktion.com
469453,zeroone.net
469502,zenglobaltrend.nl
469713,zeilersforum.nl
469778,zapwp.net
469899,zfilm-hd-2466.online
469993,zohomeeting.com
470068,zee7mothers.shop
470160,zakabet.com
470182,zinggadget.com
470197,zoneworksexpress.nl
470247,zee7flys.top
470531,zhaozi.cn
470674,zpecloud.eu
470778,zingly.ai
470813,zee7suchs.de
470907,zagonkas.sbs
470910,zencloudhub.nl
471062,zee7pays.xyz
471074,zorgfilm-2.xyz
471161,zl.ru
471224,zglplt.com
471268,zoopornhd.autos
471316,zambialii.org
471347,zaisp.net
471394,zenglobalportal.nl
471524,zenvectorpro.nl
471610,zonkey.host
471714,zoorix-bundle-kit.com
471757,zdjj.net
471802,zensignalview.nl
471848,zapernik.com
471910,zecarte.fr
471951,zyivfq.com
471990,zwcpanel.com
472029,zentechsignal.nl
472058,zombie-film.live
472099,zenglobalpro.nl
472113,zenden.cloud
472159,zhile.io
472221,zabars.com
472289,zinamedia.net
472354,zoom555raja.com
472376,ziuma.com
472412,zwende.com
472474,zoloto55.ru
472591,zan.sg
472616,zweigen-kanazawa.jp
472665,zetti.com.ar
472670,zenboostlabs.id
472673,zee33mothers.de
472721,zalaris.com
472750,zentrendpoint.nl
472779,zeroservers.com
472781,zdg.de
472838,zed-directory.com
472862,zeropage.net
472982,z2znxh.com
473017,zooplus.sk
473047,zentrendview.nl
473100,z-library.la
473104,zauner.software
473112,zengroupdigital.nl
473158,zerofive.com
473194,zabotaservice.ru
473250,zooporncum.autos
473282,zidianwang.com
473316,zakazat-kuhnyu-4.ru
473329,zapop.com
473356,zee33nights.shop
473366,zenith.aero
473393,zonesoft.org
473476,zappyhire.com
473536,zitrogames.com
473650,zenstudiomark.nl
474008,zenbasefocus.nl
474035,zohohost.ca
474041,zoopornmd.com
474059,zee33adds.xyz
474271,zennetworkmax.nl
474314,zymobile.net
474449,zanoni.wien
474538,zbisq.com
474691,zhengdingqq.com
474883,zee7courses.shop
474885,zenportalgroup.nl
474914,zpierwszegotloczenia.pl
474927,zoon.kz
475136,zamilac.com
475149,zs66.cc
475201,zjff.edu.cn
475236,zapper.xyz
475387,zee61drives.xyz
475448,zenfieldsystems.nl
475521,zeobit.com
475544,zenportalpath.nl
475702,zee61grows.shop
475718,zeroeyes.com
475751,zshop.vn
475929,zl4aa.org.nz
475935,zoetis.com.br
476093,zen-lifestyle.nl
476099,zerkalo30.casino
476106,zlatemince.cz
476163,zoopornlicking.autos
476177,zensignalspace.nl
476197,zee7yets.shop
476258,zenlogicworks.nl
476259,zorrov.com
476345,zee61pages.shop
476354,zee7memoryss.shop
476376,zt-rada.gov.ua
476386,zugunder.com
476630,zenmatrixvector.nl
476638,zav-sava.si
476941,zee7underss.de
476942,zzzzpay.top
476977,zonamovie593.com
476992,zhizn.ru
477009,zafirotelecom.com
477120,zennetworkplatform.nl
477139,zee33outs.shop
477304,zuotishi.com
477321,zoorix-satc.com
477433,zenguideexpert.nl
477490,zm6p9k6f967ipth.icu
477675,zapia.com
477929,zee33movements.xyz
478297,z9x4r7k.com
478331,zohi.net
478710,zychar.pl
478803,zigotours.com
478848,zee7movies.shop
478901,zhibo.tv
478987,zhaofang.com
479066,zensignalpro.nl
479124,zerif.cloud
479195,zenitel.com
479245,zippys.com
479265,zenlogicline.nl
479363,zenpalacelab.nl
479628,zyclora.fr
479711,zeroc.com
479730,zahnarzt-notdienst.de
479866,zensignalworks.nl
480036,zegucom.com.mx
480111,zentechpro.nl
480233,zengroupenterprise.nl
480427,zagonka77s.top
480474,z-lib.by
480519,zps.si
480601,zzygnk120.com
480614,zee33mrss.xyz
480616,zired.net
480687,zap-zap.com.ua
480767,zero61.shop
480801,zorlupsm.com
480852,zengamingmarket.nl
481010,zehnagahane.ir
481070,zenconnectlab.nl
481090,zee33affects.shop
481099,zee33ass.shop
481230,zimg.cz
481340,zee61hes.de
481354,zeitform-services.de
481491,zenvectorfocus.nl
481528,zebra.cn
481652,zetadivision.com
481694,zee7operations.de
481754,zerkalo31.casino
481835,zubie.com
481858,zenluxe.jp
481868,zighang.com
482036,zee7views.top
482060,zmttz.com
482120,zongyirebang.com
482235,zvukiknig.info
482335,zemanboots.com
483896,zapatillas-minimalistas.com
483897,zapresponder.com.br
483898,zardocards.com
483899,zdorovoedvizenie.ru
483900,zeroq.cl
483901,zhabuki.net
483902,zip-rar.com
483903,zlimovel.com.br
483904,zoodex.ir
483905,zoomalia.es
483906,zoomalia.pt
483907,zoozoom.co.kr
483908,zumub.it
483909,zurichintermediary.co.uk
483910,zurichlife.ie
483911,zurichsigorta.com.tr
483912,zyros.com
483941,zazhilin.cn
483951,zimadental.com
483970,zogomedical.com
484094,zenenginemark.nl
484226,zlm.nl
484348,zoealcantuta.com
484423,zenstackguide.nl
484474,zevia.com
484475,zenproflow.id
484560,zhangye.gov.cn
484722,zee61reals.de
484763,zero-k.info
484769,zenml.io
484886,zenguidefocus.nl
484947,zoologischemededelingen.nl
485017,zenoss.com
485112,zlacnene.sk
485140,zenfieldenterprise.nl
485459,zkelectronics.com
485494,zoo.dk
485528,zaphira.games
485707,zara4dslot.com
485712,zabota.space
485785,zoopornwoman.autos
486117,zyberbooks.com
486259,zee61nearlys.xyz
486424,zipforhome.com
486469,zagorodtelecom.ru
486505,zensignallab.nl
486538,zip.dk
486567,zeraya.space
486707,zensignalmedia.nl
486782,zhutix.com
486843,zcache.se
486961,zmyweb.com
486989,ziffmedia.com
487093,zizobet.com
487169,zxaigc.com
487212,zaoud.it
487236,zaptche.com.br
487361,zano.org
489176,z39vjt4.com
489177,z3x11.ru
489178,z5v3x9t.com
489179,z6b3v8zm.com
489180,z8x1n3p.com
489181,zabisays.com
489182,zara4dspin.com
489183,zaragamers.com
489184,zarikastyle.shop
489185,zeus138hati.com
489186,zientoto5205.com
489187,zipo99wede.site
489188,zj39vvji49.com
489189,zonacherry.com
489190,zonadewe.com
489191,zonadorahoki.org
489192,zoreva.casa
489193,zoro-connect.com
489194,zoro-yellow.com
489195,zpvideclick.us
489196,zrush.ru
489197,zu889vvu.com
489198,zx88f93uv.com
489199,zz7vexo.com
489200,zzap203.com
489201,zzap204.com
489202,zzap207.com
489215,zi.tools
489401,zenlogiclink.nl
489769,zoldexlinks.shop
489810,zoutelande.info
489855,zee61fars.xyz
489870,ziekenhuisamstelland.nl
490031,zbrane-vzduchovky.cz
490083,zwz.hk
490092,zee7personals.top
490254,zenserviceprime.nl
490610,zenstacksignal.nl
490622,zhiliaojy.com
490679,zoomgirls.net
490753,zj3fhefjq6.cfd
490759,zerostudio.es
490786,zuniz.com
490910,zenbetstudio.nl
491094,zapret.wiki
491194,ztfr.eu
491395,zanycoupons.com
491411,zensignallink.nl
491513,zeeuwenzeeuw.nl
491601,zapmail.ai
491616,zbp.pl
491757,zee61wheres.shop
491758,zahnarzt-drseidel.de
491809,zeninsightplus.nl
491864,zip.org.ua
491872,zinntra.com
491930,zerotunnel.xyz
492016,zoosex.tube
492057,zeninsightmedia.nl
492257,z77.casino
492279,zee33means.top
492481,z88dk.org
492549,znpo.ru
492656,zgpingshu.com
492704,zagerguitar.com
492802,zee33returns.top
492813,zvonkodigital.ru
492894,zomato.net
493054,zjednoczenie.com
493056,zrtlab.com
493106,zenvectordirect.nl
493149,zimmers.net
493345,zyrtec.com
493374,zone.com
493433,zdf-studios.com
493638,zmingcx.com
493654,zuppler.com
493670,zengroupstudio.nl
493714,zioyou.com
493775,zappsusercontent.eu
493788,zinspector.com
493842,zs2a6zft50.cfd
493952,zennetworksolutions.nl
494062,ztpbx.ru
494101,zxonlinebd.com
494195,zhenyuwl.com
494210,zarrayon.ru
494412,z-b-r.org
494455,zgh.com
494614,zahcomputers.pk
494615,zeleris.com
494676,zqvsbfyymh.top
494818,zomuj.com
494822,zee7buildings.xyz
494931,zombie.jp
494936,zbaqchem.com
494974,zenworldengine.nl
494993,zakazat-kuhnyu-18.ru
495112,zoewarin.com
495214,ziggo.io
495240,zipmex.com
495252,zhongruihejin.com
495353,zvaigzne.lv
495392,znztv.com
495399,zykosafe.ru
495510,ze.nl
495669,zenservicevector.nl
496115,zhangyubaokuan.cn
496242,zhuque.in
496243,zihuawl.com
496244,zinoo-co.ir
496245,zquan.org
496256,ztcfqb.cfd
496317,zenlogicspace.nl
496351,zgqingyang.gov.cn
496611,zgsr.gov.cn
496628,zigwheels.co.th
496698,zht.gov.ua
496700,z2rmuo52z2.cfd
496729,z6i2l46p.com
496742,zpxioglup.cc
496984,zee33muchs.top
496998,zenmatrixguide.nl
497037,zueblin.de
497182,zfbh.ba
497193,zrelaya.website
497218,ziggiscoffee.com
497314,zuckerbroadcasting.com
497563,z04eqiu6fgqofwgoy0bt.store
497567,zotezo.com
497591,zimbramail.cl
497637,zzs7.com
497673,zjstjx.com
497703,zdrav.expert
497760,zeoseven.com
497817,zpsls.cn
497916,zbshareware.com
497945,zappysoftware.com
498015,zzmlb.com
498027,zdravlje.hr
498215,zenengineview.nl
498342,zduxkcifa.com
498350,z101digital.com
498356,zgjscyw.com
498438,ziniuradijas.lt
498451,zizaidu.com
498485,zee61fails.shop
498725,znuny.com
498758,zhixue.com
498759,zevenip.co
498768,zutto.co.jp
499091,zusje.nl
499170,zenglobaldigital.nl
499183,zenstackinsight.nl
499362,zee61backss.shop
499391,zonlihome.com
499449,zgjok.com
499519,zee7alongs.de
499651,zarekmagazine.com
499659,zeninsightpoint.nl
499728,zipzapmac.com
499744,zenchin.com
499853,zonait.ro
499889,zentrendline.nl
499891,zdalnyadmin.com.pl
499933,zenko.online
499970,zenenginepoint.nl
499979,zenservicetrend.nl
499982,zhaotiba.com
500010,zabilo.com
500035,zne.lol
500142,zeus.fun
500166,zehnder-systems.com
500175,zapretservice.ru
500294,zodia.studio
500308,zeusndione.com
500347,zuginfo.nrw
500361,zaodu8.cc
500441,zee7aheads.de
500464,zammo.ai
500498,zx6.casino
500761,zj88.com
500830,zee61tables.xyz
500878,zee7bagss.top
500879,zctkodkc.cc
500886,zl1x28x5pe.cfd
500928,zalando-prive.com
500945,zee33admits.xyz
500994,zpdb.xyz
501131,zenspinsmarket.nl
501144,zoebakes.com
501164,zeedoshop.ro
501203,zlily.com
501220,zbaseglobal.com
501267,zee61foreigns.shop
501404,zdlsjc.com
501414,zeninsightline.nl
501421,zubeeupd.com
501540,zetflix.online
501621,zdbk.shop
501647,zsufa.com
501775,zerkalo0704.best
501965,zencomex.com
502071,zivalife.com.br
502139,zenvie.xyz
502327,zerogameth.com
502343,zee33ands.shop
502541,zl7dzhuqk7.cfd
502612,zonereel.co.uk
502649,zxl.com
502725,zenvectorservices.nl
502730,zencloudflow.nl
502768,zooporn2025.autos
502782,ziffdavisinternational.com
502872,zaka-zaka.com
502891,zenbasecentral.nl
503143,zagonka-2423.site
503149,zemmaworld.com
503162,zee33bads.shop
503251,zolteh.ru
503287,zrut.ru
503300,zee7generations.top
503340,zoosexporn.autos
503385,zcsxxw.com
503541,zenith.gr
503546,zumbamboo.com
503549,zohaal.net
503592,zfa.io
503776,zicp.vip
503785,zilch.com
503827,zcebbank.com.cn
503874,zhixinwangluo.com
503946,zh-all-mk.com
503957,zurkastanie-marl.de
504147,zenirmoveis.com.br
504185,zenservicematrix.nl
504241,zonewebmaster.eu
504318,zenworldframework.nl
504342,zsz.ch
504369,zenfieldsolutions.nl
504530,zrenjaninski.com
504598,zee33suchs.xyz
504683,zendiscoveries.com
504761,zenvia.io
504808,ziisa.com
504831,zositech2.com
504856,zwerfkei.nl
505072,zaglushka.ru
505084,zestardshop.com
505087,zonavolantini.com
505137,zzgbzs.com
505152,zenserviceexpert.nl
505332,zapposforgood.com
505403,zero11.it
505529,zspace.com
505622,zee7heads.xyz
505723,zapoy.clinic
505760,zizzi.no
505777,zgsyb.com
505855,zajob.com
505858,zenmediaframework.nl
506062,ziveprenosyzdarma.cz
506111,zzzrs.net
506128,zuiderzeemuseum.nl
506183,zebrapen.com
506297,zhornyhub.com
506429,zuidazym3u8.com
506458,zbintel.com
506802,zevener-zeitung.de
506955,zollinger.bio
507017,zeldamods.org
507031,zjg1tcuer7.cfd
507067,zivamoms.com
507069,zaebca.com
507172,zonecoverage.com
507347,zlotowskie.pl
507439,zoovalley.com
507527,zaiocity.net
507528,zizzi.se
507529,zpaste.net
507577,zumbawear.com
507613,zone38.fr
507731,zalando-lounge.si
507903,zapachnisci.com.pl
508179,zgsocks.com
508259,zeuspackaging.com
508384,zenengineline.nl
508583,zenconnectcollective.nl
508638,zalman.co.kr
508639,zelcash.online
508667,zw.pl
508835,zee33nices.xyz
508866,zenservicefocus.nl
508922,zjlhsc.com
508942,zencloudline.nl
509092,zenehaza.hu
509146,zensignalinsight.nl
509177,zee61discovers.de
509515,zycon.co.uk
509566,zaytoona.com
509571,zonwering-fabriek.nl
509749,zeazoo.com
510205,zbyn.shop
510413,zjkcsy.garden
510484,zenlogicdrive.nl
510502,zrqfs0izzm.cfd
510633,zooplanckendael.be
510811,zenfieldservices.nl
510914,zetland.dk
511184,zyo.lol
511295,zee7ables.de
511298,zoo-guide.com
511379,zee61hangs.de
511413,zenpointlink.nl
511422,zsavi44oky.cfd
511561,zee7designs.shop
511600,zeina-alliances.com
511638,zmiksowani.pl
511652,zgrrt.net
511757,zenskisvijet.com
511769,zhujuba.com
511866,zahrah.com
511939,zelfbouwmarkt.be
512010,zhiqi02.cn
512015,zeposhop.com
512077,zilliant.com
512090,zradio.org
512144,zdataservices.net
512248,zentechsystems.nl
512272,zbporn.net
512508,zjtu.edu.cn
512524,z-lib.cv
512571,zenglobalengine.nl
512603,zanorg.com
512610,zilch.net
512614,zeetours.nl
512716,zcredit.co.il
512949,zerotracker.net
512955,zhuashuo.com
512980,zunft.de
513004,zellr.com
513086,zoogay.net
513116,zencartwebhosting.com
513446,zzzbx139.app
513540,zoeapp.co
513630,zsfriend.com
513633,zantel.co.tz
513906,zwembad.eu
513907,zimmersoftware.de
514043,zltty3bde6.cfd
514067,zengroupsystems.nl
514085,zierlicheladies.de
514203,zengroupnetwork.nl
514271,zappallas.com
514408,zatube.com
514555,zenmediasignal.nl
514762,zabewy.com
514845,zenbridgeportal.nl
514863,zenbridgebridge.nl
514887,zendesk.co.jp
514910,zoyya.com
514966,zib-militaria.de
515049,zieglergroup.com
515146,zdrowojemy.info
515152,zf-v2x.com
515174,zenfielddigital.nl
515294,zhujiawu.com
515312,zollmed.com
515374,zwdytech.cn
515447,zihuatanejo.net
515485,zedstore.it
515536,zerkalo-one18.online
515814,zhuangshidu.com
515918,zencoreedge.id
515929,z4h65tp6ly.cfd
515938,zauba.company
515991,zafena.se
516082,zeemo.to
516101,zvg-portal.de
516127,zagorodny.net
516251,zotuf.com
516277,zgyhsj.com
516513,zqvip8.cc
516733,zentyal.org
516847,zooma.casino
517022,zebra.co.jp
517137,zankoplus.com
517138,zlowokazje.pl
517139,zoomalia.be
517307,zenenginebase.nl
517377,zoomroom.com
517470,zonesrun.biz
517505,zamotv.cc
517590,zipwp.com
517804,zennews.co.uk
517905,zignotch.com
517932,ztt.one
517988,zebombagames.com
518040,zq2x0b75u8.com
518122,zenconnectplatform.nl
518153,zee61differents.top
518804,zoomblog.com
518877,zh-geomaterials.com
518901,zee7peoples.top
519083,zenlogiczone.nl
519103,zee7variouss.top
519140,zamokapi.com
519260,zaixian-fanyi.com
519308,zipy.to
519363,zsmu.edu.ua
519498,zemta.net
519662,znhg.net
519689,zombiepumpkins.com
519762,zenxvape.de
519794,zensimu.com
519931,zenitstm16.com
519985,zaojv.com
520109,zdrave-nohy.cz
520207,zhongguose.com
520676,znajdzksiege.pl
520708,z6yfwb77ui.cfd
520793,zxbqppacr4.cfd
520796,zaimisrochno.ru
520814,zeusporn.com
520868,zstp.edu.cn
520919,zpoqjdjym0.cfd
521003,zee33nevers.de
521145,zentralratderjuden.de
521176,zhanyimeibgyp.com
521186,zbnc.edu.cn
521291,zee33ors.xyz
521352,z-lab.com
521449,zavvi.nl
521842,znak-it.ru
521893,zgtyjc.com
521954,zoweg.nl
521972,zcjhsdk.com
522204,zzhszxyy.com
522282,zee7discovers.shop
522284,zapps.vn
522340,zhisheji.com
522360,z-it.net
522452,zto.cn
522523,zur-ufa.ru
522566,zorgempire.com
522645,zemplerbank.com
522821,zonemgmt.com
522846,zapadpribor.com
522875,zbato.org
522939,zahramediagroup.com
523004,zhangmenglong.cn
523029,zirkonzahn.com
523285,zohosecure.com
523345,zenfieldfocus.nl
523367,zusie.cloud
523375,zadarhotelspage.com
523402,zeus.com
523426,zjhuatang.com
523457,zeckoware.com
523491,zee7authorss.top
523530,zs-studio.com.ua
523547,z99.casino
523602,zaplino.com
523655,zglyrz.com
523695,zizhulian.net
523846,zuddl.io
523852,zdorovie7i.ru
523971,zoosviat.net
524186,zitty.de
524283,zencloudlogic.nl
524310,zaehlwerk.net
524494,z-lib.help
524566,zgp.org
524576,zenconnectscope.nl
524588,zenvectormark.nl
524640,zendamateur.com
524851,zendy.io
525079,zwphosting.com
525208,zeronet.io
525279,zenworldpro.nl
525330,zee33officers.shop
525805,zonaltobie.click
525812,zazitky.cz
525844,zenportalmark.nl
525923,zapiff.de
526262,zee7agains.de
526335,zoo-ostrava.cz
526366,zhayieye.com
526476,ztpy.cn
526498,zagaz.com
526549,zabihah.com
526656,zoozlin.eu
526773,zfbet559.com
526943,zgd3mwjbui.cfd
527031,zee7particularlys.top
527047,zee7pers.xyz
527291,zhealthehr.com
527350,zaslots.com
527420,zira.uz
527458,zee7follows.top
527482,zee61banks.shop
527536,zintronic.com
527666,zaycev.biz
527729,zhonguoci.cn
527732,zxe.casino
527937,zengroupmatrix.nl
527939,zoopornvideo.com
528018,zee7fasts.de
528168,zebe.ro
528216,zoo-la-fleche.com
528332,zorskieinwestycje.pl
528343,zaunfuchs.de
528524,zytranslate1.com
528803,zuckerzimtundliebe.de
528809,zarla.com
528920,zonia.ro
528923,zee61dos.de
528951,zoomarine.it
528957,zaimbee.kz
528962,zee7produces.xyz
529026,zatisa.ir
529064,zqw294.com
529074,zaochnik.com
529077,zixu.de
529079,zazachat.ru
529119,zerodhafundhouse.com
529238,zyzqvip.info
529242,zenservicedirect.nl
529290,zenbaseinsight.nl
529305,zit.edu.cn
529361,zoomify.com
529365,zionweb.com.br
529461,zincglassdime.com
529544,z3mendi.it
529572,zvezdjuchki.ru
529683,zentechcentral.nl
529784,zorgsaam.org
529834,zerk2026.casino
529866,zdcorp.com
529877,ziarulnational.md
529899,zhinengvip.com
530088,zxnyun.com
530186,zom.bi
530328,zhkj118.com
530364,zeroavia.com
530491,zee7civils.shop
530501,zeninsighttrend.nl
530569,zhonglun.com
530608,zenkoku-kikin.or.jp
530823,zepelcloud.com.br
530857,zensurfrei.net
530929,zzyzjs.com
530938,zalapaktum.hu
531044,zooknoxville.org
531169,zentangle.com
531207,znayshov.com
531313,zenguidecentral.nl
531535,zenbridgeframework.nl
531660,zvdd.de
531754,zlataky.cz
531756,zyjjw.cn
531798,zenconnectcore.nl
531815,zybzjx168.com
531839,zhermack.com
531842,zapmagazin.ru
531883,zh-us-raygaming.com
531907,zetimage.net
531968,zabros.com.ua
532103,zenbridgeexpert.nl
532187,zee61daughters.de
532278,zengrc.com
532291,zengroupmax.nl
532298,zcqtz.com
532361,zirqmacjj.com
532461,zdrav82.ru
532516,zee61thocands.xyz
532585,zxzj2025.com
532628,zander.im
532659,zebline.io
532699,zenlogiclab.nl
532720,zyrabold.one
532754,zarafaksa.com
533033,zc4xx.com
533044,zazdorovie.net
533048,zlfuji-keizai.com
533068,zhupei.me
533112,zaikoban.com
533116,zkbi9oe24c.cfd
533242,zoogalaktika.ru
533320,zaiks.org.pl
533499,zochnet.com
533523,zenmatrixengine.nl
533618,ziptoss.com
533669,zenbooker.com
533757,zoomalia.de
533809,zulenka.com
533819,zlenh.biz
533858,zaohaowu.net
533866,zehweb.jp
534130,zdk.casino
534249,zeh.media
534346,zinemaetagizaeskubideak.eus
534385,zgtools.net
534453,zlotetarasy.pl
534536,zerohalliburton.jp
534576,zeberka.pl
534611,zenbridgetrend.nl
534678,zhenfacloud.com
534878,zerkalo.casino
534955,zoobazar.by
534999,zenconnectlink.nl
535100,zhuzao.info
535108,zentechplus.nl
535154,zq88.casino
535229,zenlogicworld.nl
535345,zc-lh.com
535425,zenconnectnet.nl
535483,zaprasza.eu
535586,zenfieldplus.nl
535624,zenenginefield.nl
535716,zoom-erlebniswelt.de
535784,zooxxxporn.com
536052,zyadda.com
536100,znet.or.jp
536139,zaloplatforms.com
536227,zenlogiclogic.nl
536261,zettahost.bg
536324,zoggs.com
536358,zpr.io
536391,zuiweiwangluo.com
536412,zhjade.cn
536446,zee7mothers.de
536746,zilladog.com
536769,zenguidemax.nl
536802,zenconnectworld.nl
537074,zwillingsherz.com
537128,zenn-la.net
537142,zhuoxinshandong.com
537211,zipwpcloud.com
537261,zenconnectsystems.nl
537327,zenserviceframework.nl
537375,zee7points.xyz
537453,zencloudlab.nl
537473,zeusedit.com
537589,zhuhang05.com
537634,zhuangshiji.com
537683,zohoconference.com
537715,ziadah.app
537738,zenecn.com
537853,zajourney.com
537918,zn6amacsp.dev
538036,zuanxiao2.com
538060,zoomgov.mil
538203,zeevash.com
538204,zonawrestling.net
538281,zlibrary.pt
538456,zeet.app
538468,zz123.com
538476,zmn1nmldin.cfd
538545,zennetworkdigital.nl
538574,zcyxlw.com
538631,zohakhg.com
538673,zoogdiervereniging.nl
538851,zpxid0a4xg.cfd
538887,zlgllyw.com
539006,zzzzsj.com
539039,zip2biz.com
539106,zenpep.com
539116,zeedirectory.com
539122,zenhealthflow.id
539134,znaknazakaz.ru
539157,zipaws.com
539165,zszengliang.com
539180,zongbeijinyuan.com
539190,zenzoneline.nl
539207,zhuoshifeicui.com
539294,zln.cz
539298,zsshenjiekuaiji.com
539312,zentechframework.nl
539325,zaertlicheladies.de
539351,zuwharrie.com
539411,zzzzsj.vip
539484,zoomtanzania.net
539496,zee61particularlys.de
539531,zakonodaja.com
539609,zalando-lounge.hr
539621,zjlrh.com
539753,zebralovehost.com
540129,zenrealtyonline.com
540156,zone-game.info
540260,zootube4.com
540368,zeroto60times.com
543010,zap-express.com
543011,zaxbysdmb.com
543012,zaxbysu.com
543013,zdecnalvp.com
543014,zeanos.com
543015,zegochat.com
543016,zettabrasil.com.br
543017,zetti.dev
543018,zhduanzao.com
543019,zhikuangfuture.com
543020,zhuji.host
543021,zigcore.com.br
543022,zignage.com
543023,zimiao.icu
543024,zimquto.xyz
543025,zixiavilla.com
543026,zjepa.com.cn
543027,zjsdsrmyy.com
543028,zlinnetwork.com
543029,zlofenix.org
543030,zmengzhu.com
543031,zmxvquiyo.com
543032,zodgame.xyz
543033,zodsys.xyz
543034,zoneempire.com
543035,zou666.xyz
543036,zstat.app
543037,zsy120.com
543038,zuo.org.uk
543039,zzajzm.com
543040,zznet.fun
543041,zzyjbd.com
543082,zgtl88.cn
543171,zimmer-group.com
543219,znamlek.pl
543310,zois-berlin.de
543317,zhaojiafang.com
543344,ziggymarley.com
543483,zoomtrend.com
543600,zbaus.com
543626,zencloudspace.nl
543663,zuicq.cn
543860,zee61halfs.shop
543915,zozijn.nl
544103,za46dz6xie.cfd
544240,zg-ns.swiss
544319,zimjs.org
544349,zealousweb.com
544530,zoomia.pl
544727,zagmotors.com
544760,zamanilka.ru
545247,zenglobalbridge.nl
545290,zee7boys.shop
545296,zeus.poltava.ua
545326,zhibogouwu.com
545358,zenith-american.com
545457,zakazat-kuhnyu-2.ru
545544,zeit-verlagsgruppe.de
545554,zierfischforum.info
545555,zennetworkpath.nl
545666,zealzeal.com
545741,zengroupsolutions.nl
545785,zenzonefield.nl
546045,zalando-lounge.no
546078,zencloudbase.nl
546093,zoolandia.com.ua
546294,zefirka.club
546327,ziobici.it
546371,zenenginespace.nl
546592,zenmatrixsignal.nl
546617,zee33ours.xyz
546709,zenworldglobal.nl
546717,zee7continues.xyz
546992,zzshu.cc
547088,zygotebody.com
547207,zexmedia.co
547219,zetorzeszow.pl
547544,zenportalworks.nl
547618,zeon.com.my
547795,zenlogicgroup.nl
548106,zetanet.com.br
548250,zkscm.cn
548393,zeus.ad
548399,zee7teachers.de
548403,zenfocusengine.nl
548427,zaytuna.edu
548503,zee61sures.top
548547,zhinanwenda.com
548698,zeccecard.com
548756,zyppy.com
548761,zeninsightcraft.nl
548833,zenstudio.com.br
548867,zenfieldinsight.nl
548953,zentrendmark.nl
548984,zdcompany.com
549083,zengm.com
549085,zhuigan.cn
549120,zerogpt.net
549294,zaskin.com
549336,zilvia.net
549569,zelinhuanbao.com
549670,zarimex.eu
549747,zabornatorilon.com
550204,zeevapor.com
550234,zooporngirls.autos
550308,zzmaja.com
550390,zdoroviak.com.ua
550406,zapchastizaz.com.ua
550469,zagranica.by
550546,zmu.edu.cn
550569,zammad.org
550641,zitadel.com
550664,zenbridgeinsight.nl
550890,zeitschrift-sportmedizin.de
550922,zee61flys.xyz
550981,zeptojs.com
551072,zhoube.com
551161,zakon-guard.com
551163,zjedu.gov.cn
551219,zse.sk
551280,zencloudcraft.nl
551373,zengroupexpert.nl
551410,zee33directors.de
551432,zylex.nz
551447,zoneportalonline.nl
551490,zenvectorcore.nl
551491,zpid.de
551539,zishaart.cn
551555,zerospoker.com
551560,zgjx.cn
551654,zalaiotthonok.hu
551663,zgo.pl
551723,zakazat-kuhnyu-11.ru
551773,zhoushan.cn
551822,zee61behaviors.shop
551854,zeg.com
552094,zoofuckingporn.autos
552285,zenlogicpath.nl
552337,zurini.co.ke
552524,zenmediavector.nl
552538,zenworldtrend.nl
552682,zdravitsa.ru
552721,zenportalbase.nl
552770,zealnet.cz
552860,zbc.dk
552886,zuonline.ch
553024,zwbky.com
553161,zn.nl
553233,zenservicebridge.nl
553261,zaimstore.com
553312,zoodog.autos
553440,zenlogiccenter.nl
553497,zensignalmark.nl
553517,zsgscn.com
553653,zch-vip.com
553675,zillowdocs.com
553676,zurrose.ch
553732,zgo.de
553749,zencloudpoint.nl
553786,zsyinglong.com
553885,zawodydrwali.pl
553960,zee61messages.top
553989,zengrouppro.nl
553991,zee7meets.de
554123,zentechmedia.nl
554397,zpkhxkayc.cc
554488,zenglobalexpert.nl
554506,zironi.com
554584,zenenginelab.nl
554701,zgcvpn.ru
554770,zycxsw.com
554974,zhiji.com
555029,zhiyu.art
555050,zetsubou.org
555069,zhornsoftware.co.uk
555095,zorgring.nl
555139,zooman.ru
555143,zzbank.cn
555155,zafferanopiceno.it
555220,zgqyq.net
555295,zenglobalmax.nl
555421,zenguidevector.nl
555442,zophiel.net
555516,zwoltex.pl
555762,zapcatalao.com.br
555763,zypage.com
555798,zc.vg
555891,zee61designs.xyz
555929,zozo.gg
556032,zeit-im-blick.de
556061,zenegy.com
556083,zipcode.com.ng
556141,za8.net
556249,zee33reflects.top
556371,z108.ru
556440,zolpan.fr
556448,zenvectorplus.nl
556453,zjrc.com
556483,zhentoo.com
556511,zoomfaucet.com
556580,zbd.lol
556645,zee7puts.shop
556696,zefal.com
556823,zix.vn
556984,zennetworkcenter.nl
557017,zonautara.com
557036,zarize.com
557041,zhizuoh5.com
557075,zerkalobk.com
557185,zengroupbridge.nl
557234,zedarmc.com
557368,zamantika.com
557408,zensignalworld.nl
557426,zhilibyli.ru
557474,zootubex.tv
557688,zorikubani.ru
557754,zanylenoptical.com
557770,zelanus.com
557777,zuremod.com
557797,zapopan.gob.mx
557882,zephta.com
557892,zenmindfusion.id
558079,zee7untils.top
558101,zee7churchs.xyz
558460,zhcatv.com
558470,zee33bes.shop
558482,zrelki.online
558549,zkt100.com
558578,zap-online.ru
558607,zhongchuangtest.com
558818,zenvectorlogic.nl
558849,zee33approachs.xyz
558884,zy512.com
558899,zuuksgames.com
558939,zeeebattery.com
558947,zhensheng.vip
558951,zpeshhrl.cc
558995,zhenai.work
559015,zenstackbridge.nl
559065,zavo.mobi
559178,zelao.ru
559189,zaincash.iq
559208,zenvectorplatform.nl
559255,zpiz.si
559267,zee61fails.top
559413,zenoficial.com.br
559574,zlat-go.ru
559589,zentrynest.com
559651,zerkalo66.casino
559718,zenstudiopoint.nl
559745,zqhdya.com
559916,zso2.edu.pl
559936,zakathouse.org.kw
559961,zee7similars.shop
560012,zenconnectzone.nl
560127,zerkalo84.casino
560140,zohomail360.com
560194,zapzee.net
560356,zee61quicklys.top
560432,ziploc.com
560676,zhjsk.com
560695,zfacts.com
560798,zerkalo103.casino
560868,zombiesurvival.games
560939,zhonghegl.com
561122,zspkotla.pl
561202,zwv.cc
561349,zoomtorino.it
561438,zhuchao.net
561447,zensignaldrive.nl
561494,zensignalconnect.nl
561530,zenstackstack.nl
561556,zxt123.cn
561637,zamu.com
561857,zahrada.cz
561967,zonasatunews.com
561993,zhshoushen.com
561998,zaym-30-dney.ru
562004,zyno.cloud
562231,zuiqiangnixi.com
562237,zzy.edu.cn
562305,zfnd.org
562332,zjjdyc.cn
562528,zimalab.co
562628,zettahost.com
562639,zaframotosport.com
562669,zw50.com
562697,zorabracelets.com
562738,zoom555abadi.com
562753,zhuangshika.com
562795,zhenniubi.site
562882,zendure.fr
562948,zestfulkitchen.com
562983,zacbrownband.com
563039,zakupki.ru
563220,zeiro.com.br
563221,zirano.ir
563247,zhijiapin.com
563416,zoneforge.co.uk
563484,zee61medicals.shop
563487,zaixianwan.app
563531,zcomnetworks.com.pk
563571,zengroupworld.nl
563584,zcqgw.cn
563643,zooyuu.cn
563680,zgjssw.gov.cn
563764,zenler.com
563913,zjbwp.cn
563966,zenvectorgroup.nl
564001,zzzz.com
564075,zoosafari.it
564136,zenbridgestack.nl
564138,zvon.de
564304,zerkalo.buzz
564401,zium.co
564414,zapchasti-market.com
564429,zerkala-mag.ru
564434,zentechguide.nl
564569,zetspins.com
564634,zeta.nu
564676,zenbasetrend.nl
564857,zimmerli.com
564957,zvika.ru
564977,zo-online.ch
564987,zonov.ru
564988,zetapp.in
565013,zflix.me
565079,zozi.cash
565124,zhuibiqu.com
565221,zonesignaldenhaag.nl
565264,zentechengine.nl
565276,zeussoul.shop
565349,zhangcatherine.com
565447,zencloudview.nl
565448,zeuscompany.ir
565496,zhenyu.xin
565522,zenbasesignal.nl
565669,zonatecnologia.com
565675,zte-e-hb.cn
565719,zenfusionelite.id
565774,zeninsightfocus.nl
565866,zenfieldmedia.nl
565887,zuirebo.com
565995,zsso.ru
566154,zhijianbangong.com
566428,zsohbet.org
566430,zierkiesundsplitt.de
566464,zonehealthutrecht.nl
566563,zgkaozhengtong.com
566600,zippa-auto.ru
566613,zalando-lounge.lv
566708,zxzt123.com
566718,zabota.tech
566744,zoesky.com
566781,zengrouptrend.nl
566870,zee7easts.de
566965,zidonghua.com.cn
567470,zhiyitech.cn
567502,zee61banks.de
567610,zennetworkplus.nl
567717,zenith-strasbourg.fr
567847,zee7boys.top
567852,zengroupgroup.nl
568097,zshgw.com
568119,zengroupservices.nl
568202,znakomstva.ru
568257,zezelife.com
568318,zisha.com
568452,zareg.me
568578,zahradnejazierka.sk
568580,zeta-shoes.com
568648,zohis.com
568665,zmcbw.com
568724,zerezes.com.br
568747,zhuomatour.com
568762,zoetalentsolutions.com
568862,zenbasevector.nl
568896,zubtitle.com
569003,zonazero.com.ar
569172,zenyth.ro
569312,zxtcg.com
569322,z7g7w6a.com
569370,zalando-lounge.hu
569619,zworker10.com
569832,zzzzpay.co
569949,zap11.ru
569979,zenboostelite.id
570140,zenglobalmedia.nl
570158,zcelebs.com
570179,zoig1.com
570429,zoo-amneville.com
570466,zdriver.com
570479,zwf-hosting.nl
570494,zootracker.vip
570508,zimmerland.co.il
570519,zarobitok.online
570619,zenportalline.nl
570631,zdw128.com
570977,zoo-xxx.net
571049,zhambyl.kz
571053,zpak.net
571153,zenfusionboost.id
571158,zqyd.net
571213,zenvectorprime.nl
571237,zenfitelite.id
571252,zeniocloud.com
571551,zyciepabianic.pl
571597,zmdej.com
571608,zrxoa.org
571677,zoologo.de
571684,z0c.cn
571751,zenfieldprime.nl
571866,zakon.org
571908,zenmediabridge.nl
571976,zelan.nz
572136,zdorovi.ua
572171,zerkalo46.casino
572495,zenfitpulse.id
572666,zappa-club.co.il
572674,zachbryan.com
572689,zoo-hardcore.com
572746,zannierhotels.com
572811,zefid.fr
572831,zmcyu9jpy.com
572890,zww.cn
572979,zixmifttywhf.online
572986,zee33muchs.shop
573021,zahuu.com
573050,zdhrb60.com
573199,zeninsightlink.nl
573447,znesnaze21.cz
573660,zhuishushu.com
573717,zoobeeg.net
573757,zenlogicfield.nl
573851,zxcs.de
573874,zomasleep.com
573886,zagmir.com
573945,zonafilo.it
574038,zrl.net.br
574296,zyshow.cn
574400,zaletsi.cz
574627,zenfieldstudio.nl
574710,zeoob.com
574725,zgxiangcun.cn
574736,zoosex.autos
574835,zkh.com
574906,zengroupguide.nl
574926,zenreach.com
575108,zh-official-leisuscore.com
575335,zenith2026.online
575350,zenpath.us
575617,zaschitnikiotechestva.ru
575633,zfs.cn
575661,zhugeapi.com
575693,zee61personss.shop
575700,zuber.kz
575701,zhuzhaike.com
575751,zvetnoe.ru
575769,zetservers.com
575878,zengrid.de
575917,zorgkiezer.nl
575953,zums.ac.ir
576392,zukho.com
576412,zentechservices.nl
576517,zemlitsa.ru
576606,zctlrli.com
576692,zepfcenter.org
576737,zee61workers.shop
576762,zybrdr.com
576958,zhezhixueyuan.com
576971,zococity.es
577107,zttbuilds.com
577143,zeiss.co.in
577178,z01.online
577185,zazebok.ru
577290,zenzonescope.nl
577305,zmpeqfgr.cc
577378,zickleinundboeckchen.de
577406,zyxxkj.com
577450,zug.hu
577487,zipcom.ru
577526,zerocoda.it
577528,zenzero.co.uk
577621,zonahosting.cl
577638,zx-12r.de
577653,zxr.casino
577712,zuggsoft.com
577723,zcuhsrdd.com
577834,zonnet.be
577858,zahratalkhaleej.ae
577942,zensignalnetwork.nl
578098,zapchat.by
578152,zzpax.com
578228,zzzzgg.com
578451,zerkalo79.casino
578566,zerfoon.net
578581,zencorepro.id
578630,zonedeskdutch.nl
578652,zhushan.cn
578688,zgm.cn
578780,zetrot.com
578816,zenchefrestaurants.com
579127,zo34.nl
579177,zerotco.com
579293,zee33agos.xyz
579447,zatikov.net
579605,zlinfest.cz
579686,zweispurig.at
579712,zhbjxtm.com
579742,zenworldvector.nl
579770,zonehubsite.nl
579903,zh.gov.cn
579992,zasobovani.cz
580054,zindaa.mn
580118,zdorovushko.ru
580141,zaliafashion.com
580172,zee7hands.shop
580215,zenservicepro.nl
580364,zurrfix.ch
580934,zentechtrend.nl
581079,z51.ru
581083,zenlifepro.id
581086,zee7victims.xyz
581327,zanikleobce.cz
581336,zzife.edu.cn
581378,zodiac-horoscoop.nl
581434,zdis.de
581454,zoundhouse.de
581461,zenportallink.nl
581533,zoosexnet.com
581536,z-long.cn
581631,zennetworkcore.nl
581659,zeroprojectstudio.com
581706,zxyb8.com
581720,zurichinternationalsolutions.com
581825,zenhost.gr
581843,zetaminor.com
581854,zofratacna.com.pe
581923,zenxnet.com
582122,zlatnaribka.com
582173,zooporn.video
582229,zy223.com
582251,zestful.su
582485,zone.net.nz
582488,zaural.ru
582509,zedlabz.com
582566,zahav.net.il
582576,zhuazhou.com
582662,zodii.in
582682,zeta.nl
582737,zee61follows.xyz
582898,zerkalo83.casino
582939,zvezdniymedical.ru
582965,zsdocx.com
583056,zetdc.co.zw
583351,zoosexsite.com
583421,zentechfocus.nl
583458,zagrosdns.com
583555,zimmermannwear.com
583652,zenvectorstudio.nl
583676,zabrand.net
584163,z-library.gy
584164,z777.game
584165,zdiyjs.com
584166,zemafinanceira.com
584167,zenox.pl
584168,zi-tel.com
584169,znimovel.com.br
584194,zhouzhuange.com
584196,ziprecruiter.de
584212,zyvex.com
584421,zo-mart.ru
584542,zoo-foto.cz
584635,zenmatrixinsight.nl
584687,zillaupload.com
584909,zueb.edu.cn
584959,zengatv.com
585008,zenintcg.com
585076,zerojudge.tw
585219,zimamagazine.com
585270,zoobonus.ua
585441,zee7movies.de
585743,zenlogic.us
585750,zauberportal.com
585823,zlotynauczyciel.pl
585972,zapp-a-weasel.live
586216,zitate7.de
586501,zopper.com
586521,zenpipe.com
586525,zenenginecraft.nl
586596,zenglobalsolutions.nl
586607,zhangqianla.com
586638,zvezdaved.ru
586845,zkola.cz
586990,zyablitsev.ru
587021,zaxtechshop.com
587078,zszhiding.com
587181,zondo.hu
587204,zahironline.com
587241,zee7bests.xyz
587302,zqz5.com
587477,zon-dns.com
587529,znamost.cz
587615,zicaichemical.com
587722,zoppy.com.br
587749,zeto.ua
587779,zoon.by
587787,zeropbx.de
587837,zaritalk.com
588210,zomatobook.com
588244,zygzak.eu
588252,zolar.de
588329,zypto.com
588420,zeduva.com
588514,zimpler.com
588566,zerkalo72.casino
588625,zvu.hr
588782,zayo.us
588813,znckjd6g.com
588909,zahranicni-kasino.cz
589006,zoppa.ru
589225,zones-dns.com
589248,zu.pt
589583,zenvectorconnect.nl
589613,zeljeznice.net
589652,zatznotfunny.com
589706,zombiesiege.com
589805,zsy6688.com
589808,zeply.ru
589982,zenvectorworks.nl
590124,zhaokaoti.com
590159,zoover.com
590271,zxq.co
590284,zoldtesco.hu
590285,ztcnc.info
590617,zonazakona.ru
590678,zkc-nk.ru
590679,zenfield.de
590763,zensignalplatform.nl
590794,zbskazik.online
590795,zuqutv.cc
590802,zoofreeporn.com
590896,zangersheide.com
591056,zoo-osnabrueck.de
591148,zenportalnetwork.nl
591227,zakonbase.ru
591246,zonadepadel.es
591273,zulkiflialbakri.com
591286,zee61evidences.de
591333,zarahome.cn
591507,zoner-asiakas.fi
591662,zhenghe.biz
591710,zooku.ro
591949,zchouse.cn
591999,zerotouch.ai
592012,zieglers.com
592081,zipm.ru
592105,zoovie.cc
592150,zconf.net
592226,zj500.com
592262,zapret.app
592333,zeplinsoft.com
592423,zenit-npk.ru
592708,zenzonelab.nl
592841,zeroturnhq.com
592853,zee61dos.xyz
593016,ztec.store
593068,zondo.ro
593113,zee61questions.xyz
593243,znp.edu.pl
593423,zendesk.nl
593461,zonetech.in
593546,zvonhub.ru
593555,zyorna.ru
593775,zugetv.cc
593780,z-library.mn
593857,zogics.com
593884,zweisamkontakte.com
594116,zioncenter.today
594298,zsvangood.com
594458,zentechglobal.nl
594500,zbet.is
594506,zenview.us
594513,zusss.nl
594724,zenguidesignal.nl
594797,zenroyalpro.nl
594913,zcts.ru
594993,zofy-weji.online
595141,zone-manager.net
595174,zjk.gov.cn
595219,ziyutx.com
595276,zuru.com
595354,zenmediaengine.nl
595447,zljyfw.com
595471,zjxs.cc
595516,zenroute.us
595605,zee7puts.top
595614,zervers.net
595682,zirtual.com
595733,zinnov.com
595883,zfb-ms.de
595887,zee7hows.top
596015,zaplox.com
596064,zerkalo37.casino
596088,zaebalsya.uk
596175,zercustoms.com
596206,zhengjianzhong.com
596256,zhanglexue.com
596364,zoneservicesfinder.nl
596448,zodiac.com
596469,zurutoys.com
596665,zwbk.org
596797,zanthusonline.com.br
596906,zanzu.de
600265,zabanmaster.com
600266,zahrada.sk
600267,zaisluplaneta.lt
600268,zapyatransfer.com
600269,zarotransportation.com
600270,zdamyto.com
600271,zen-pictures.net
600272,zenbus.net
600273,zenwel.com
600274,zhaoze.net
600275,zibamatn.ir
600276,zidaho.com
600277,zigap.ir
600278,ziko.by
600279,zingproxy.com
600280,ziniboutique.com
600281,zizel.gr
600282,zizzi.be
600283,zkwu.buzz
600284,zlogin.nl
600285,zmarsa.com
600286,zmav.tv
600287,zmczu9ypy.com
600288,znube.com.ar
600289,zodchiy.org
600290,zonabarbacoa.com
600291,zonacerealista.com.br
600292,zonal-acquire.com
600293,zone-ebook.com
600294,zoo-xxx-porn.site
600295,zoomtech.org
600296,zoozooporn.com
600297,zoozootube.com
600298,zoreaksesuar.com
600299,zpleszewa.pl
600300,zqwqz.org
600301,zsg.nl
600302,zubaidas.com
600303,zuhre.com.tr
600304,zumitoon.com
600305,zvejybosreikmenys.lt
600306,zyciesokolowa.pl
600307,zzttyy.com
600423,zlk.group
600492,zipcar.io
600667,zx3q.com
600826,zmkj.cn
600829,zemli43.ru
600890,zsu.hu
600893,zerkalo2004.casino
601039,zeblog.com
601097,zu.de
601140,zwave.studio
601206,zenity.io
601231,zaborona.help
601378,zutomayo.net
601652,zeithistorische-forschungen.de
601698,zakazbiletov.kz
601840,zaidan-hakodate.com
602076,zee61havess.top
602114,zdevs.ru
602119,zip-components.ru
602215,ztbu.edu.cn
602236,zcloud.services
602298,zwijnenburgmode.nl
602450,zuzhirenshi.com
602495,zurimall.co.ke
602538,zdorovie-kavkaza.ru
602653,zenithdelille.com
602684,zencraft.nl
602714,zoo.gr
602742,zerod.live
602958,zappka.app
603101,zeppelin-cat.de
603211,zwembadstore.com
603279,zoohorse.autos
603393,zwjfsgmost.com
603458,zavod-rusich.ru
603539,zemerchai.org
603717,zenvectorpath.nl
603824,zoa.org
603881,zebrains.team
604422,zubiaga.org
604488,zoomwlb.com
604557,zaratechllc.com
604558,zoomersky.online
604569,zukunftsblick.ch
604597,zhdgps.com
604785,zyworld.com
604873,zhuzhaiwu.com
604983,zhuna.cn
605013,zhenyiwulian.com
605014,zeplingo.com
605019,zensignalcollective.nl
605020,zfrmz.com
605042,zaner-bloser.com
605058,zbs.cloud
605063,zasurgeon.com
605069,zafre.net
605131,zoozaa.com
605141,zmierzymyczas.pl
605145,zreloeporno.top
605150,zillya.com
605255,zestbenefits.com
605274,zoomix.fun
605286,ziardecluj.ro
605372,zee7officers.top
605454,zgshujiao.com
605650,zenworldexpert.nl
605872,zhuanghuangwu.com
605878,zhanguangg.top
605980,zepplingiyim.com
606026,zenguideengine.nl
606106,zone-telechargement.al
606375,zeno.ru
606452,zolucky.com
606779,ziraattimes.com
606862,zatravnovacishop.cz
606964,zlatara-as.rs
607086,zbor.md
607236,zhusuba.com
607284,zymeworks.com
607291,zenvectormedia.nl
607561,zerobit.in
607562,zh.mk
607563,zixipay.com
607564,zmqa.shop
607565,zuqu2.cc
607697,zampavacanza.it
607848,zety.de
607925,znqnronq.cc
607965,zumbawear.eu
607980,z-xenopus.click
608009,zamst-online.jp
608017,zimeo.de
608035,zenkaistreet.com
608061,zayithyogurt.com
608076,ziprof.co.ke
608204,zjylyz.com
608353,zakazat-kuhnyu-12.ru
608411,zentechexpert.nl
608452,z-cdn.me
608576,zloybrawler2016.monster
608590,zj01.com
608681,zynamics.com
608814,znojmocity.cz
609013,zonzaemgame.com
609097,zee7sisters.shop
609136,ziggyfamily.com
609316,zim.de
609385,zhibangzichan.com
609391,zando.co.za
609400,zetahosting.info
609403,zgny.com.cn
609633,zenzonemark.nl
609662,ziauddinhospital.com
609672,zee7groundss.xyz
609683,zf-web.com
609879,zwr.gg
610134,zenglobalinsight.nl
610200,zurnal.info
610325,zid.by
610326,zk27gh.com
610353,zakazat-kuhnyu-17.ru
610356,zonefamilypath.nl
610385,zeroscan.io
610432,zentrendbase.nl
610437,zhengguannews.cn
610441,z-lib.org
610516,zhi.com
610532,zafuna.com
610708,zonalibre.org
610755,zdoc.net
610815,zoopornmovies.autos
610907,zenginehq.com
610963,zakaz.md
610996,zee61republicans.xyz
611072,zjqxnfs.com
611101,zangbaowang.com
611224,zehnderamerica.com
611381,zon.it
611386,zhiai521.com
611424,zectv1.com
611691,ztc.com.tr
611766,zgdlyzc.com
611912,zpi.cx
612698,z-mall.gr
612699,zabanmehrpub.com
612700,zalonis.eu
612701,zbrojownia.pl
612702,zetor-shop.cz
612703,zpaddy.com
612704,zurmarket.co.il
612815,zsg.ch
612877,zbengfashion.co.il
612939,zhanhuigang.com
613160,zenvectorcraft.nl
613426,zenith.me
613511,zingst.de
613580,zzzz119.com
613599,zenstackmatrix.nl
613668,zuri.co.ao
613733,zwei.gmbh
613801,zir-online.com
613918,zavis.ai
613936,zgtfqs.click
613955,zavinagi.org
614069,zendrip.ir
614214,zarechnoe.ru
614218,zeirishikensaku.jp
614264,zee33babyss.top
614454,zorgdoc.nl
614551,zgfree.info
614580,zoo-info.nl
614616,zm7.cn
614804,zupport.de
614934,zanpian.org
614989,zjtvu.edu.cn
615116,zahradnictvikruh.cz
615163,zzn.de
615273,zaimlytics.ru
615280,zionbb.net
615338,zubale.com
615438,zhujuka.com
615478,zgcsb.com
615610,zareczeni.com.pl
615750,zenguideglobal.nl
615918,zzjyjvs7.com
615984,zerkalo74.casino
616066,zayithyogurts.com
616129,zenmark.de
616263,zupuyun.cn
616295,ztkt.ru
616512,zorghost.com
616548,zozila.com
616631,zjsoft321.com
616674,zi.de
616736,zoofuckporn.autos
616897,zielman.pl
616912,zuqiucctv.com
616955,zee61toss.top
617078,zronet-cloud.ru
617086,zyjg.cn
617234,zenzonelink.nl
617236,zapper.fi
617394,zelenadata.cz
617427,zomo.fyi
617515,zproserver.com
617578,zmddzsc.cn
617729,zenoah.com
618086,zetwerk.com
618114,zork.net
618141,ztylcddos.net
618165,zarbi.co.uk
618288,zakaz-narkologa.ru
618346,zedcdn.me
618617,zandyfloss.com
618897,zug.ch
618898,zagz.com
618923,zariff.com.br
618958,zee61institutions.xyz
618993,zapsurveys.dev
619199,zonagioco.it
619202,zealous.co
619293,zxctube.com
619300,zeroporno.pro
619351,zagrio.com
619353,zjzlhb.cn
619412,zee7backss.xyz
619464,zwangsversteigerung.de
619800,zxmjctbai.com
619810,zjzk.org
620049,zoholandingpage.com
620166,zee33singles.shop
620374,zeitmaschinen-shop.de
620385,zbasic.net
620443,zenguideguide.nl
620449,zavodjbi.com
620468,zhzcyll.com
620497,zee61wheres.de
620647,zolfm.com
620684,zarhosting.ir
620729,zerowastechef.com
620837,zoopornonline.autos
620852,zee33backss.de
620944,zee7expects.top
621148,zvrs.com
621151,znajdzprace.plus
621154,zknives.com
621332,zeltazivtina.lv
621384,zeale.co
621418,zingloyalty.com
621437,zohocrm.com
621451,zodiacwatches.com
621551,zeos.eu
621585,zen-it.ru
621587,zyenet.com
621626,zipdj.com
622231,zee7necessarys.shop
622446,zero.health
622698,zhshqna1205s.com
622815,zintego.com
622894,zhinews.com
622985,z00y.com
623072,zvezdaweekly.ru
623160,zerkalo1301.casino
623275,zendmin.com
623414,zlib.by
623616,zomerlust.com
623725,zth-airport.gr
623772,zq5.ir
623850,zagah.com
623944,zee61boxs.top
623945,zakazat-kuhnyu-3.ru
623993,zweibruecken.de
624046,zibosky.com
624092,zithromax15.quest
624696,zinzinotest.com
624791,zagzag.co.jp
624875,zavps.ru
625379,zahra-media.ir
625380,zishta.com
625381,zoom.lk
625553,zipper.pk
625557,zycdn.net
625578,zoomlife.ir
625627,zhaobiaoziyuan.com
625660,zszywka.pl
625672,zoo-gartenbedarf.de
626127,zoom-na.com
626196,zeiss.co.uk
626203,zhizhiwenda.com
626335,zoobank.org
626342,zeiss.fr
626362,zahid-moto.com.ua
626679,zgtsjy.com
626686,zomr.ru
626727,zigarren-sturm.de
626731,zsmk.ru
626813,zoombezibay.com
626895,zambrero.com.au
626958,zoomally.com
627054,zaplio-gook.ru
627124,zan.gov.kz
627136,zellwk.com
627181,zaitu.cn
627234,za.gl
627404,zl.diamonds
627441,zys.com.cn
627552,zjyc.edu.cn
627605,zetlinker.com
627681,zfilm.cam
627738,zorg.pro
627772,zanotta.com
627927,zumodrive.com
628017,zmhushi.com
628196,zuvy.life
628256,zyngamail.com
628464,zggtr.org
628504,zaebali.space
628567,zee33bads.de
628599,zaryargold.com
628601,zee61soons.de
628663,zenyvyrax.online
628690,zorynax62td.com
628829,zadro.co
628833,zenvectorcollective.nl
628867,zkouknout.cz
628881,zee7civils.de
628908,zcohosting.cl
628914,zi-de-zi.ro
629058,zeit-fragen.ch
629062,zerply.com
629430,z7.com
629431,zbox.vn
629432,zh88.plus
629433,zinx.ro
629434,znotes.org
629974,zeedog.com.br
629975,zondo.hr
629976,zxy.work
630127,zonakz.net
630300,zkaoy.com
630336,zqjiance.com
630519,zaoju6.com
630559,zachatie.org
630601,zrp-addons.tech
630646,zoodegranby.com
630678,zimlii.org
630762,zestifylife.com
630803,zkwp.pl
630918,zenziratours.com
631015,zbleda.com
631036,zhenyi.com
631098,zetrex.net
631316,zar.de
631391,za-specials.com
631410,zhheo.com
631486,zenedge.net
631504,zjbc.edu.cn
631568,zencatch.co.uk
631599,zapps.me
631626,zerkalo59.casino
632138,zencast.fm
632228,zeriun.cc
632229,zoneurs.net
632351,z-hq.com
632572,zerkiss.cc
632652,zica.co.zm
632728,zee61medihs.de
632780,zcmbc.com.cn
632863,zdk.de
632939,zomo.net
633001,zee61views.xyz
633012,zapisyterroru.pl
633073,zobusnet.online
633239,zenople.com
633249,zamsino.casino
633362,zbrane.cz
633390,zov.network
633393,zoop.net.br
633553,zudate.com
633623,zuisishu.com
633638,zbahis.com
633703,zamutv.cc
633886,zoma.mg
634140,zapztv.com
634152,zenbaseframework.nl
634154,zombieworldz.io
634168,zggghyy.com
634379,zorg-en-gezondheid.be
634540,zee61environmentss.shop
634754,zee33probablys.shop
634797,zlatvps.space
634853,zooglobble.com
634878,zendrive.it
635162,zambiaimmigration.gov.zm
635351,zbsrx.com
635377,ziyyara.com
635443,zamki.pl
635704,zyufl.edu.cn
635818,zoetis.jp
635874,zubrcom.net
635916,zus-nymburk.cz
635933,zvq.me
636047,zander.online
636224,znipe.tv
636260,zedality.com
636364,zorraes.com
636385,ziggit.dev
636511,zici.fr
636544,zakazat-kuhnyu-9.ru
636596,zjyydp.com
636676,zebx.org
636723,zest.ai
636772,zuegelzentrum.ch
636797,zyncweb.dev
636804,zicos.com
637022,zitec-intern.de
637026,zee7meetings.xyz
637170,zeitblueten.com
637172,zabrenkaj.si
637197,zgsfj.com
637203,zaiko.services
637322,zoll-karriere.de
637410,zeitgemaess.info
638226,zaniary.com
638227,zeroharm.in
638254,zbrain.ai
638275,zteenporn.com
638614,zebec.io
638637,zastavok.net
638746,zzzsoft.com
638854,zjfbakd.top
638934,zhaomxd.com
639196,zombor.net
639212,zubler.ch
639317,zadir.hu
639466,zignaly.com
639619,zbxu.net
639762,zc615.com
639782,zdraviemoe.ru
639915,zgwljs.com.cn
640165,zentralruf.de
640189,zerova.net
640239,zentechinsight.nl
640333,zilab.ru
640461,z399vu4u8.com
640462,zzzz112.com
640529,zerozero.com.ve
640637,zequenze.com
640645,zxkedu.com
640653,zenpig.com
640792,zenbettingpro.nl
640793,zinxcasino.net
640824,zenmark.nl
640900,zerkalo-spin.click
640926,zakatkedah.com.my
641255,zvaracky-obchod.sk
641347,zbui.ru
641650,zerkalo1801.casino
641710,zhutu.com
641784,zeroproject.org
642034,zerkalomostbett.com
642037,zenhub.it
642485,zaster.ch
642649,zelvegianbikes.gr
642777,zebrano.co.nz
642778,zh88.club
642783,zee61outs.de
642808,ziopp.ru
643266,zaridakci.cz
643357,znayu.org
643407,zestmoney.in
643464,zeith.org
643494,zolw.info
643602,zfsf.com
643643,zendframework.com
643803,zenolive.com
643926,zhongyiminghua.com
643962,zuber.com
644052,zawer.ru
644082,zcloud.systems
644444,zuoche.com
644555,zymphonies.com
644617,zuecoscomodos.com
644863,zeroisland.de
644907,zyup.com
644927,zzsqmc.edu.cn
645155,zulimov.cc
645177,zonefinancecentral.nl
645281,zenithclean.net
645489,zsapi.net
645856,zlxsw.cc
646100,zaplume.buzz
646417,zandijk.com
646569,zhmdmnkyy.com
646651,z-media.com.cn
646667,zprad.com
646779,zebrack-comic.com
646800,zepc.edu.cn
646867,zorafx.io
647015,zyshow.net
647194,zee7designs.de
647304,zhivulin.ru
647435,zyrb.com.cn
647464,zenworldcentral.nl
647577,zillner.tel
647640,zhongguoguancha.com
647846,zeroskateboards.com
647864,zvia.ru
647962,zacloud.co.za
648039,zhejiangyc.com
648101,zyx.com
648110,zener.ru
648215,zolle.ru
648275,zheyang.com.cn
648331,zonamovilidad.es
648402,zrokli.co.il
648635,zhr.pl
648827,zamojskolubaczowska.pl
648894,zjdanli.com
648906,zee7nices.top
649098,zahnarzt-dr-muth.de
649299,zzif.net
649338,zoimas.com
649569,zibgrips.com
649764,zjskylhh.com
649940,zenaapps.com
650023,zenescope.com
650034,zimmer-rohde.com
650221,z24.de
650269,zupox.ru
650346,zamik.de
650431,zeitloschoen.de
650527,zee.com
650567,zuluandzephyr.com
650581,zoodom.ua
650813,zebralabs.in
650869,zb6.fun
650955,zerodownbr.com
651056,znochikai.com
651097,zombieporn.net
651209,zipstring.com
651311,zorva.top
651379,zba.jp
651440,zeitgeschichte-online.de
651590,zerkalo80.casino
651678,zetawiki.com
651682,zhlcpa.com
651741,zendegiesalem.com
651745,zndc.co.zm
651826,zee7betweens.top
651827,z3rg.ru
651928,zaidap.com
651954,zee7troubles.xyz
652006,zalona.tv
652191,zhuzao.com
652303,zsa.ru
652385,zugejiang.com
653119,zykj.edu.cn
653256,zoomir-vsem.ru
653275,zjg.gov.cn
653360,zushealth.com
653371,zenpalace.de
653420,zynavo.ir
653515,zebra.ru
653534,zetek.ru
654035,ziton.eu
654170,zscalerportal.net
654256,zysjjy.com
654275,zoeller-group.com
654293,zoneandco.com
654374,zzcool.com
654492,zawajmsyar.com
654584,zzti.edu.cn
654592,zapmeta.com
654721,zabou.org
655083,zavonix.com
655084,zdscada.com
655085,zgarnijpremie.pl
655086,zu389vvu40.com
655087,zucuucqzfy.com
655088,zycieczestochowy.pl
655089,zzm3xqb.com
655205,zzixx.com
655225,zuivelhoeve.nl
655383,zenpath.nl
655386,zooopt.net
655460,zdravie.sk
655650,zerocoolpro.biz
655681,zehnders.com
655759,zenysro.cz
655764,zardis.net
655787,zoclouds.com
655816,z88.pro
655890,zjwjy.cn
655915,zerista.com
656072,zepeto.run
656106,zjou.net.cn
656121,zp0757.com
656124,zonabiker.com.co
656213,zvmtv.com
656337,zendeck.co.uk
656466,zhibocun.com
656467,zhidian-inc.cn
656746,zappinternet.com
656842,zhuanzhiai.com
656908,zona-mag.ru
656969,zus.com
657128,zweiggroup.com
657161,zakupywgodzine.pl
657184,zaqq.co.uk
657392,zy91.com
657489,zmyle.de
657571,zsgoodlighting.com
657686,zendesk-dev.com
657731,ziwo.ru
657741,zuschnittprofi.de
657790,zauberhogwarts.de
657876,ziarulargesul.ro
657889,zenlink.nl
657989,zensurance.com
658029,zeiss.services
658167,zoneill.com
658193,zooseti.ru
658206,zininshop.nl
658357,zee61whiles.top
658393,zuhaowan.net
658424,zaptrix.buzz
658651,zee7currents.de
658865,zonadeazar.com
658951,zonereviewzone.nl
658962,zamba.pl
659050,zizhicanmou.com
659176,zeuss.sbs
659264,zavaran.com
659281,zhipuwu.com
659355,znaimesta.ru
659356,zipyourflyer.com
659486,zbroia.com.ua
659487,zeekgps.com
659715,zerodox.link
659716,zyllem.com
659894,zooxporn.com
659946,zimran.net
659954,zvejys.lt
660119,ziyouz.uz
660153,zjrcjd.cn
660197,zaptv.com
660205,zqnf.com
660276,zierhut-networks.de
660369,zee7withss.shop
660381,ziticq.com
660577,zhongyifg.com
660698,z3874.ru
660713,zeg.de
660726,zeitstrom.com
660864,zalebs.com
660891,ziffy.ai
660896,zimtkeksundapfeltarte.com
660897,zte9.com
660911,zatonevkredit.ru
661052,zh723701.cn
661113,zoomerhost.com
661123,zidane-1x2.com
661167,zend2.com
661212,zota.ru
661331,zanamfoundation.com
661365,zszlok.com
661402,zamaha.com
661658,zthzk.info
661855,zhetysu.edu.kz
661921,zjjcxy.cn
661948,zitline.net.id
661958,zakruta.cz
662151,zilina.sk
662208,zeccombilisim.com
662462,ziggidiggy.com
662752,zhuoqi365.com
662806,zinxcasino.eu
662869,zebrainventory.com
663132,zadasas.com
663230,zee33personals.top
663337,zakazat-kuhnyu-21.ru
663373,zeitzuleben.de
663783,zegmaaryes.nl
663883,zaumstudio.com
663933,zooporno.sbs
664100,zahnmaennchen.de
664149,zee7underss.xyz
664291,zjujournals.com
664710,zipline.com.br
664735,zakazauto.kz
664940,zee33sizes.de
664963,zbmtx.com
665000,zonecareerlink.nl
665037,zrqjj.top
665119,zgxrs.com
665126,zee33befores.top
665428,zamper.cl
665446,zaubereinmaleins.de
665581,zexprwire.com
665593,zigsow.jp
665789,zhangtiku.com
665847,zerodeconduite.net
665897,zerkalo77.casino
666065,zdravoteka.sk
666087,zerkalo1712.casino
666207,zekihosting.ch
666280,zmailcloud.com
666366,zedns.ru
666376,zad.sy
666433,zoo-sex.net
666449,zcoupe.net
666631,zefirka.net
666791,zenergygame.com
666996,zootier-lexikon.org
667017,zguiy.com
667067,zotop88.one
667080,zl-safew.com.cn
667190,zee33plants.xyz
667212,zenscope.it
667316,zalagam.net
667319,zn48.ru
667336,zapp.ch
667403,zabtrans.ru
667689,zbato.com
667739,zeeve.net
667871,zscalerscm.net
667906,zaubermix.de
668058,zelnet.net
668082,zctechinfo.com
668113,zerodream.net
668149,zenproaudio.com
668615,zakavibes.com
668616,zenit-auto.com.ua
668617,zer4u.co.il
668618,zet-mobile.com
668619,zit.ng
668917,zarmod.com
668918,zimpler.net
668919,zooplus.bg
669069,zegarki.pl
669070,zenstore.it
669095,zyx8zttx.top
669121,zerocarts.com
669151,zoominsoftware.app
669276,zyqinhong.com
669342,zarya.ru
669420,zoomph.com
669486,zooporntg.autos
669584,zapzapdosexo.com
669682,zytglogge-buchhandlung.ch
669701,zzstep.com
669733,zonexzone.co.uk
669739,zonelearningranking.nl
669775,zuowen.com
669893,zookingsoft.com
669943,zeusgpt.io
669987,ztrip.com
670109,zhuolaoshi.com
670128,zielinskiandrozen.com
670188,zenbu.org
670391,zero8tech.xyz
670516,zoo-duisburg.de
670556,zjysoq.cn
670571,zipdigital.net
670636,zanzab.com
670667,zdrowe.com.pl
670778,zadroinc.com
670803,zonadns.com
671155,zilog-stock.com
671156,zweitausendeins.de
671391,zwolsetheaters.nl
671398,zimbajob.com
671404,zionism-israel.com
671538,zainabjees.com
671543,zoovideos.autos
671573,zosnow.com
671605,zorem.com
671613,zupgra1du.com
671629,zauers.lv
671697,zonazero.com.br
671789,zfire.top
671801,zaidan.info
671891,zah.nl
672107,zerkworld.com
672172,zymk.cn
672224,zihlmann.net
672382,zee7suchs.shop
672468,zzz-1.com
672484,zkteco-store.ru
672522,zee7beautifuls.top
672528,zambonpharma.com
672599,zeelandtheaters.nl
672607,zhicheng.com
672717,zhzyw.com
672815,zamateur.com
672821,zart.jp
672831,zoxxin.com
672886,zohortcplatform.com
673040,zee7approachs.xyz
673139,zerkalo2026.casino
673179,zavento.xyz
673228,zillowpro.com
673514,zencial.com.br
673515,zssambra.sk
673958,zitazi.com
673959,zoneofdeals.com
673960,zoocity.hr
673961,zoonphra.com
673962,zuzu.deals
674085,zonacristiana.org
674121,zeus.gent
674166,zinxcasino.io
674200,zoukankan.com
674201,zsjc.or.jp
674382,zonedesignbuzz.nl
674577,zite.so
674671,zilenialjateng.id
674673,zarpartners.co.za
674681,zoellerpumps.com
674692,zyte.cfd
674769,zaloznabreva.sk
674824,zambezimarketing.com
675082,zo.com
675292,zipzap.in
675461,zippoclick.com.cn
675627,zonezero.de
675751,zurich.dev
675788,zqykj.com
675958,zokei.ac.jp
675976,zeodns.com
676119,zanagar.de
676158,zee33ats.top
676263,zimplercasinos.pro
676344,zobello.com
676527,zee7nones.shop
676729,zaqq.nl
676815,zee7environmentals.xyz
676950,zd.gl
677053,zyhcar.com
677074,zyntras.top
677337,zsfanguang.com
677602,zesso.com
677638,zupmvenw.cn
677640,zib.casino
677824,zijiaoshangmao.com
677973,zykonmagazine.com
678081,zgdzdcbjb.com
678106,zzkfqxzfwzx.com
678154,zhongli-edu.com
678267,zekjur.net
678444,zhichiwangluo.com
678446,zedi.ca
678534,zenreport.de
678557,zona.music
678576,zjhadyf.com
678707,zee7nightss.xyz
678717,zerodns.net
678808,zonemetal.com
678828,zao-sdt.com
678862,zheldor.su
678888,zpcg.me
678975,zhiqingshanghai.com
679391,zz2005.com
679634,zpovednice.cz
679709,zszhili.com
679934,zooxxx.autos
680073,zipcodeapi.com
680405,zdmp.eu
680499,zootemplate.com
680835,zancangioielli.com
680849,zuocheng88.com
680883,zanrevenue.org
681410,zeedog.com
681546,zontvision.com
681594,zippypurchasing.com
681614,zoobonus.com.ua
681616,zyshibohui.com
681726,zeelo.co
681825,zone-energy.jp
681890,zzkejidasha.com
681917,zsxiangyun.com
681932,zeldachronicles.de
681964,zizhuauto.com
681987,ziyaunquan.com
682066,zingxh.site
682086,zionsbancorporation.com
682164,zzguoaodasha.com
682226,zumm.info
682230,zama.ai
682345,zithromaxeng.com
682346,zahidi.link
682350,zvukovod.com
682408,zooku.net
682422,zuoshimedia.com
682525,zycon.com
682570,zindela.properties
682713,zyhjmszypx.com
682964,zoemoda.com.ar
682978,zzhaifuxiang.com
682986,zysdsrmyy.com
683078,zwflyzyxbzz.com
683119,zerklalohc.casino
683136,zapora.buzz
683367,ziperone.com
683453,zehnder-systems.de
683481,zezobusiness.com
683491,zappaseeds.com
683535,zyctd.com
683607,zzliangyiquan.com
683646,zjzw.cn
683742,zmap.io
683852,zszjikuaidi.com
683864,zgedichte.de
683868,zakexpress.pl
683929,zer.gr
683947,zee61hes.shop
683951,zabera.ru
683965,ztnet.com
684027,zamst.us
684044,zoekratzmann.com
684079,zelluloza.ru
684315,zovps.com
684323,zifengdasha.com
684324,zoigchat.com
684381,z-7-s-h.com
684414,zalamea.ph
684512,ziosk.com
684624,zzburnnet.com
684734,zivals.com.ar
684739,zxart.ee
684805,zgnfys.com
684836,zarezervovat.cz
684981,zoomtelcom.com
685002,zxsadmin0.com
685096,zinniahealth.com
685215,ztb-cecbid.com
685251,zirju.com
685332,zm.gov.lv
685440,zxgzbctz01.com
685491,zohobackstage.eu
685518,zerouno.it
685545,zysxkj110.com
685580,zhanglonghu.cc
685609,zxlmdonnie.com
685626,z7k15jz.com
685804,zshost.pl
686015,zoo-dresden.de
686208,zap.works
686326,zspinghao.com
686328,zapchasti-remont.ru
686375,zebet.fr
686442,ztsz.net
686611,zerivox.xyz
686636,zhaopinku.cn
686644,zjtza4.app
686684,zanga.web.tr
686701,ziphearing.com
686815,zakbags.com
686878,zanash.id
686901,zeflix.online
687167,zapcount.com
687412,zouwangjiuye.com
687645,zelenfish.by
687646,zyxtea.com
687772,zonerai.com
688278,zahradnici.sk
688363,zv-brombachsee.de
688400,zgyssyw.com
688426,zkxsw.com
688745,zoo-palmyre.fr
689127,zuludns.net
689333,zedbooks.net
689654,zsmgrup.com
689662,zemos.net
689693,zjczxy.cn
689952,z-clinic.ru
689991,zoobonus.club
690034,zt.gov.cn
690060,zacjohnson.com
690124,zeroads.net
690439,zzmerpfu.cc
690700,zona.ru
690730,zema.su
690802,z-lib.sx
690851,zg008.com
690904,zlb.gov.cn
690962,zsmm.net
691004,zhuankou.com
691005,zoonova.ua
691047,zu5u.com
691094,zdomu.sk
691429,zjs.com.cn
691457,zfzf222.com
691500,zenclubspace.nl
691503,zoo-rostock.de
691506,zarinp.al
691529,zorgselect.nl
691628,zee7radios.top
691639,zebotv.online
691647,ziling.com
691648,zylor.xyz
691710,zitidao.com
691940,zavvi.de
691945,zenithwager.com
692027,zpicdn.xyz
692134,zenonline.ru
692136,zeona.space
692250,zhone.com
692344,zhengqing.net.cn
692395,zapomni.ru
692424,zime.edu.cn
692456,zkgebz.com
692596,zulfirman.com
692597,zagorz.net
693032,z-promo.com
693033,zep.ro
693034,zfsya.moe
693035,zivotopisy.cz
693039,zwayam.com
693116,zzongs.com
693151,z4a.net
693186,zaracopy.com
693238,zaxh.life
693260,zabor-profi.ru
693514,zukunft-personal.com
693693,zezegame.com
693784,zuha.gr
693785,zee7includes.de
693994,zeusbtc.com
694123,zoolemag.com
694158,zhcx-autoparts.com
694356,zvshk.de
694387,zom.net
694523,zombiehunter.net
694564,zetrix.com
694618,zeropoint.to
694712,zhuanghuangka.com
694801,zentao.pm
694938,zee7authorss.shop
695280,zaleycash.com
695295,z9057.biz
695596,zenplay168.com
695643,zhoudaosh.com
695662,zhi45.com
695707,zaneray.com
695709,zee7threess.shop
695733,zilliondesigns.co.uk
695857,zaprava.ru
695861,ziptaletv.com
696324,zasuwasportswear.com
696335,zentoto.com
696383,zpbt.uk
696588,zimoti.com
696683,zhihailib.com
696716,zfboard.de
696863,zeit-stiftung.de
697031,ztdy.shop
697032,zztop10.uk
697275,zhidaoanli.com
697276,zjej.net
697277,zxscw.cn
697377,zflix.click
697439,zininfrankrijk.nl
697688,zooxxxsexporn.red
697773,zeconfiserie.fr
697855,zyjgkj.com
697902,ztxw10.cn
697961,zeon.by
698078,zenithcore.co.uk
698102,zetagridblackjack.com
698103,zaneen.com
698188,zempirecamping.com
698233,zzhjnc.com
698283,zee33papers.top
698306,zenithshield.net
698457,zaryadyehall.ru
698550,zkat.me
698636,zooyork.cl
698683,zarkoaleksic.com
698686,zjjcytx.com
699023,zixia.com
699069,zmp8ig.com
699132,zoe.com.ua
699202,zapf-garagen.de
699211,zdfirm.com
699267,zhd.online
699326,zgorzelec.info
699384,zbudujsamdom.pl
699611,zhongyi9999.com
699734,zorgwelzijn.nl
699837,zapb.de
699850,zmnet.es
699895,zeneakademia.hu
700100,zaleprodukcija.com
700124,zerolabs.sh
700181,zh1666.com
700379,zfn.de
700864,zycie.pl
701010,zawaj.com
701110,zennetwork.ru
701287,zhwjw.net
701585,zyasa.com
701632,zinergy.net
701826,zhiyanzh.com
701860,zoobedarf-hitzegrad.de
702130,zertsoft.com
702225,zooeco.com
702240,zenithhighroller.com
702315,zgshifu.com
702439,zortam.com
702440,zoe-beauty.be
703228,z4tu.com
703229,zamonavi.tj
703230,zapadno.com
703231,zaya.ua
703232,zemmash.net
703233,zenit.games
703234,zerodegree.com.pk
703235,zitro.ir
703236,zohup.net
703237,zona-design.pl
703238,zpare.com
703933,zapsign.co
703934,zedby.com
703935,zeenow.com.br
703936,zelektro.be
703937,zendegiebartar.com
703938,zestawienie.pl
703939,zoli99.com
703940,zunogame.com
704588,zanima.me
704589,zanzibet.com
704590,zeccer.pl
704591,zhzactueel.nl
704592,zodiacool.ro
704593,zoetispets.com
704594,zoomotor.com
704595,zvireci-potreby.cz
704756,zxywv.com
704852,zarphost.net
704923,zaim-lime.ru
704939,zipnosis.com
704948,ziftone.com
704975,zpaau.com
704989,zeus.it
705087,zee61pains.top
705092,zapbabe138.com
705179,znania.ru
705278,zm.org.pl
705497,zohodesk.in
705663,zelmer.pl
705691,zee7fasts.xyz
705766,zm82urdrh6tmyg2u89zonwc.lol
705847,zorgwerk.nl
705852,zaixianjuhe.com
706006,zwchao.com
706288,zbrushcore.com
706388,zibster.com
706398,zee61ones.top
706482,zerosrv.ru
706548,zhuigan.com
706594,zee7sets.top
706715,zuglo.hu
706827,zeniflow.ru
706828,zjip.com
706832,zealdocs.org
707018,zo-wifi.com
707061,zoostatus.ru
707091,zee61leasts.shop
707099,zgcwt.com
707164,zjani-mods.com
707243,zulekhahospitals.com
707292,zfep.com
707384,zapaka.ca
707385,zapaka.fr
707386,zvytour.com
707534,zfgjj.cn
707632,zluckyless.ru
707922,zee61hangs.xyz
707939,zgdazxw.com.cn
707951,zoobrno.cz
707989,zomato.brussels
708003,zyduscadila.com
708390,zfp30.xyz
708582,zcpvnfkadooapd.co.in
708730,zrhd.org.cn
708872,zmaildirect.com
708918,zhanzhi.life
709126,zippo.de
709263,zishayy.com
709299,zpxsw.com
709377,zirafamall.mk
709392,zee61naturals.de
710784,zaparkorun.cz
710785,zapodarkom.com.ua
710786,zarandok.ma
710787,zefir.fr
710788,zeka.ba
710789,zenats.com
710790,zengroup.co.th
710791,zertek.com.tr
710792,zettahq.com
710793,zigzag.com.ua
710794,zihni.com
710795,zihulo.com
710796,zola.ro
710797,zolta.pl
710798,zoodika.com
710799,zoomagazin.eu
710800,zvw-trauer.de
710801,zwieger.pl
710901,zee7hotelss.de
710945,zee61schools.shop
710981,zeiterfassungssysteme.at
710996,zyoncore.com.br
710997,zabgc.ru
711020,zooplat.com
711059,zde.cz
711103,zntynb.com
711141,zhuishu.com
711156,zgsuixian.gov.cn
711159,zee33mes.shop
711244,zzi.si
711253,zname.com.ua
711302,zenithcardscrim.com
711371,zlxk.com
711413,zoalht.xyz
711427,zetton.co.jp
711590,zensignal.de
711773,zee61simplys.shop
711870,zabir.ru
712004,zigbeealliance.org
712043,zhiduobang.xyz
712062,zee7movies.xyz
712082,zee33rates.shop
712272,zee61experts.de
712530,zweb-apps.xyz
712592,zhongjie51.com
712754,zary.pl
712777,zahnheitlich-pohl.de
712877,zee33becomes.top
712948,zoxpo.site
713088,zerkalo82.casino
713267,zpec.com
713280,zswu.net
713419,zewa.net
713439,zhalantun.gov.cn
713617,zyncxx.com
713673,zorkanews.by
713715,zxmarkzhang.com
713859,zakwaterowaniewchorwacji.pl
713863,zee33discovers.shop
714047,zelouffabrics.com
714055,zhenyuanhydraulic.com
714074,zritter.com
714101,zeminboyamasistemleri.com
714342,zb800.com
714343,zontadistrict22.org
714403,zeetaminds.com
714404,zipfm.net
714405,zxi5.com
714426,zerkalo65.casino
714428,zerkalo78.casino
714544,zofire.com
714609,zeb-it.de
714615,ziegler.de
714702,zoppoth.net
714765,zaozige.com
714782,zhurnalko.net
714822,zfx.com
714944,zs2lubin.pl
714945,zinnia.com
715117,zm1718.com
715134,zeusintl.com
715176,zgig.ir
715182,zhfc16.com
715311,zero-network.net
715499,zionistarchives.org.il
715611,zip-search.com
715734,zynthrahost.com
715744,zawoja.pl
715757,zupulu.com
715775,zee7publics.de
715844,zacisze-agroturystyka.pl
715856,zxpgw.com
715883,zee61reals.shop
715964,zibocademy.com
715981,zvc.com.ua
715992,zbruigang.com
715997,zarb.org
716097,zairaku.site
716105,zichen.com
716136,zachstronaut.com
716169,zhxia.net
716328,zavod-dverimontazh.moscow
716334,zucks.co.jp
716694,zurnal.rs
716707,zeal.com
716800,zarino-originals.com
716873,zpos.co.uk
717008,zdrav76.ru
717053,z1mac.com
717183,zappyrent.com
717215,zeybekmarket.com
717231,zonecityranking.nl
717434,zoechip.click
717467,zarapharm.com
717600,zarazaex.xyz
717617,zeon.co.jp
717674,zunkei.com
718230,zfort.com
718523,zerkalo87.casino
718606,ztgame.shop
718719,zti.hu
718836,zee7parentss.shop
719002,zemereshet.co.il
719003,zee61patterns.top
719039,zma15.casino
719255,zh-live-hthtiyu.com
719376,zayednationalmuseum.ae
719486,zyxsuntech.com
719908,zycoo.com
719925,zerosix.com
719930,ziksir.com
720032,zreloeporno.guru
720067,zetaparlay.com
720226,zee33ass.top
720243,zef.de
720376,zoopornrussia.autos
720434,zepter.kz
720446,zatorland.pl
720468,zerkalo0502.casino
720503,zh-hans-kanqiutv.com
720615,zackacademy.com
720760,zmdjalk.com
720768,zzjinchengguomao.com
721039,ziglar.com
721153,zhidetong.com
721175,zitate.eu
721284,zentrointernet.com
721308,zayoom.com
721555,zenithgameverse.com
721625,zonacomics.com
721719,zeusonline.net
721831,zeptometrix.com
722122,zg.gov.cn
722280,zee7friends.shop
722462,zardyplants.com
722508,zenmoney.app
722513,zitate.de
722558,zltest.com.tw
722849,zpackmax.com
722852,zithromaxl.online
722888,zaizai.net
723156,zeledria.it
723170,zapiks.fr
723378,ziflow.com
723574,zuowenying.com
723821,zippo.com.tr
724008,zcache.at
724092,zisson.se
724172,zeitklicks.de
724321,zehabesha.com
724370,zanora.lol
724728,zielonalazienka.pl
724733,z-webserver.ru
724761,zhschip.cn
724898,zotabet.com
724983,zippyframes.com
725136,zscans.com
725313,zimple.cloud
725348,zehraogretmen.com
725487,zzw.net.cn
725490,zacvf.com
725537,zhsaudyfjms.com
725538,zedload.com
725574,zixportal.com
725736,ziegler-naturfutter.com
725741,zentail.com
725752,zv.hr
725839,zahnarzt-arztsuche.de
726050,zanies.com
726075,zapclinic.com
726243,zusms.com
727909,z2m9k8.com
727910,z9r3x2.com
727911,zaadmehr.ir
727912,zaks.hr
727913,zamowposilek.pl
727914,zapaka.pt
727915,zazabella.fi
727916,zeesy.pk
727917,zerocinquantuno.it
727918,zeroxgames.gg
727919,zeuscasino.biz
727920,zf78fy3yrrr.com
727921,zj3998b4u.com
727922,zlanwqwazp.com
727923,zlot.mx
727924,zoohun.com
727925,zoulovits.com
727926,zoyaonline.co.il
727927,zu89ff39v.com
727928,zume-n.com
727929,zw0i5r94.com
727930,zx35n7n0.com
727931,zz7.bet
728185,zee33babyss.de
728250,zuciwang.com
728269,zerkalo29.casino
728274,zdravd.kz
728466,zoneoffroad.com
728701,zimvie.com
728795,zhiboz.com
728959,zakononline.com.ua
728986,zyner.org
729095,zencenter.ca
729198,zee61hows.shop
729220,zoneukblog.uk
729279,zebco.com
729283,zixijm.com
729395,zarinhome.com
729423,zoechip.onl
729534,zzn.net
729587,ziidey.fun
729599,z-lib.do
729768,zetag.ru
729824,zeitzeugenbuero.de
729942,zambianhome.com
730290,zhongxianjob.com
730487,zanshinwado.co.uk
730698,zanajira.go.tz
730702,zhuangxiuji.com
730764,zenzuri.com
730846,zavtra.com.ua
730860,zhsfsmz.go.tz
730996,zh-ch-9game.com
731063,zcmima.cn
731296,zqwerty.ru
731358,zeltespezialist.de
731422,zhuanzhi.ai
731438,zmega.com
731444,zarabotok24skachat.ru
731486,zjo.mobi
731714,zjhcqx.cn
731733,zonemaison.com
731750,zartsa.go.tz
731782,z29vv39fu22.com
731783,zi29ffu498.com
731824,zxmr168.com
731931,zcpkrdeal.bond
731932,zvdoanything.bond
732029,zooma.de
732177,zee7meets.top
732194,zerobyw33.com
732248,zg-raiffeisen.de
732375,zertfragen.com
732655,zzzzoss.co
732671,zjtt.cn
732783,znak-tech.ru
732955,zwerg-schnauzer.info
733081,zddl.net
733123,zmhcl.com
733392,zuixinys.top
733439,zakaz.market
733473,zappatos.gr
733646,zonelife.uk
733679,zimamoto.go.tz
733802,zapokupkami.com
733827,zuihouyizhan.com
733872,zszqll.com
733882,zbudujmy.to
734240,zipdoc.ru
734433,zoosk.app
734508,z4.by
734592,zdrive.to
734594,ziqige6.com
734636,zerkalo1601.casino
734651,ziebart.com
734653,ziemianski.com.pl
734720,ztcarfilm.com
734736,zilmoney.com
734831,zee7ours.shop
734921,zellic.io
734960,zpravynova.cz
735059,zsujob.com
735119,zeitjung.de
735124,zuiho.jp
735168,znaniyamarket.com
735263,zensho-web.jp
735511,zaibas.lt
735535,zevioo.com
735541,ziewnic.com
735562,zy3zdyiu.com
735736,zoro-auto.com
735746,zppda.go.tz
735811,zrkvardar.com
735846,zooguadalajara.com.mx
735891,zweisamfinden.com
735893,zhihua12366.com
735912,zcnk50.vip
736018,ztsfc.net
736080,zophop.com
736100,zoskinhealth.ca
736165,zzzcg.me
736317,zonapagos.net
736364,zee33points.xyz
736474,zyncrender.com
736478,zailaboratory.com
736494,zssunfair.com
736513,zeloswatches.com
736694,zuuksgames.net
736722,zadvizhka-30s41nzh.ru
736730,zdnet.com.pl
736779,zordoc.uz
736806,zz3r0.com
736808,zagardi.com
736889,zenexnetwork.com
736890,zm-420.com
737964,zapisp.com.br
737965,zicardapi.com.br
737966,zoomalia.nl
737967,zoopat.gr
737968,zorgverband.nl
737969,zyght.com
737970,zyprus.com
738055,zwaneberg.be
738060,zapretanet.fun
738143,zna.be
738161,zagonkaone.top
738213,zanettishop.com
738251,ziggyrecords.com
738366,zteusa.com
738399,zohocreator.com
738459,zenleafy.com
738476,zascogps.store
738623,zensus2022.de
738756,zenith-dijon.fr
738895,zee7adds.xyz
738936,ziekenhuis.nl
738967,zety.fr
739046,zhaopinweb.cn
739242,zee61toos.top
739339,zenithianzephyr.space
739504,zee7availables.shop
739668,zushi.lg.jp
739673,zcy.dev
739830,znetlive.in
740028,zhivano.com
740304,zap-shop.ru
740321,zmist.pl.ua
740384,zetacad.com
740476,zolitron.com
740556,zjzipper.cn
740587,zenscope.ca
740625,zladatingnormul.fun
740638,zhibojiancai.com
740642,zee7fathers.xyz
740655,zsense.net
740786,zigol.site
740821,zaix.ru
740830,zoneplanetdutch.nl
740842,zbirna.com
741009,zavvy.io
741018,zzzb.co
741178,zoneculture.uk
741252,zee7chairs.de
741254,zuoy.net
741264,zoonar.com
741513,zoophilia.club
741609,zhihutruyen.site
741860,zoosafrica.com
741893,zdx.com.br
741969,zanysafeer.monster
742083,zeitakademie.de
742239,zecar.com
742256,zonasporta.com
742295,zonaeduca.com.mx
742319,zona.co.il
742433,zva.be
742636,zeinaskitchen.se
742651,zerois.net
742661,zumo.us
742774,zlatograd.net
742814,zamaaero.com
742833,zeep.ly
742893,zastavaarmsusa.com
742930,zelok.fr
743031,zenline.ca
743102,zee7challenges.de
743116,zubon.com.cn
743225,zhongjie.com
743268,zyprexainfo.com
743870,zinggame.net
743987,zetfix.online
744055,zone.services
744073,zurweb.net
744128,zams.com
744133,zjbolong.com
744215,zsarozaniec.pl
744228,zolotye90e.ru
744372,zvonko.link
744453,zyplus.com
744739,zmbox.it
744779,zilox-it.de
744802,zlm4.com
744825,zirak.ca
744910,zohocreatorportal.eu
745049,zz410.com
745344,zumpe.net
745450,ziachfuchs.com
745679,zdwl.com
745707,zolotoy-standart.com.ua
745745,zfm.com.uy
745747,zamkidveri.com
745767,zs-eg.com
745794,zscav.com
746069,zartoshtpharmacy.com
746300,zapskimboards.com
746306,zapov2.xyz
746375,zimtland.de
746461,zebrus.ru
843247,z-9001.com
843248,z-father.co.jp
843249,z-navi.com
843250,z000pf39g.com
843251,z002ovivr3.com
843252,z0f3h.com
843253,z0n1c2q.com
843254,z0w102p.com
843255,z0xqo.com
843256,z16.ai
843257,z16.global
843258,z16.io
843259,z1622.com
843260,z16222.com
843261,z16ba.com
843262,z16bp.com
843263,z16service.com
843264,z16th.city
843265,z1l3z2.com
843266,z1n8x.com
843267,z1o1a8u.com
843268,z1shop.com
843269,z1t0o8s.com
843270,z1t6n7x.com
843271,z1t8pnjw.com
843272,z1x3m5k.com
843273,z21solution.com
843274,z258ty30p.com
843275,z265e8.com
843276,z277fyf3u.com
843277,z2788fu3j3.com
843278,z2789f83u1.com
843279,z288f83jv1.com
843280,z2890vvein3.com
843281,z289fu3v0.com
843282,z289vvu4.com
843283,z289vvul.com
843284,z290b84uu66.com
843285,z2fghg93.com
843286,z2fj49g4.com
843287,z2hg83jg5.com
843288,z2p3dt.com
843289,z2performance.com
843290,z2q6x9k.com
843291,z2q9r6x.com
843292,z2ury668k.com
843293,z378fy9l.com
843294,z38vvbi4l.com
843295,z3a4.online
843296,z3b34a6.top
843297,z3k2x5.com
843298,z3m6q8.com
843299,z3t6m2.com
843300,z3vvvhvh66.com
843301,z3x5v4r6.com
843302,z4a8x3.com
843303,z4h5n1j.com
843304,z4m6k5.com
843305,z4m9r6k3.com
843306,z4n8q2x.com
843307,z4p6m9vx.com
843308,z4r345p.com
843309,z4r7m9k2.com
843310,z4rd9ksr.com
843311,z50001.com
843312,z50002.com
843313,z50005.com
843314,z52r-hm7c3-e8qx.com
843315,z5d1s4.com
843316,z5f7z8l.com
843317,z5m1x8q.com
843318,z5n8m4.com
843319,z5q2vk.com
843320,z5q6zz.com
843321,z5r3k9t.com
843322,z5wkd7.com
843323,z5x9q4k.com
843324,z5z501p.com
843325,z66.cc
843326,z6c1w9.com
843327,z6k4tr.com
843328,z6k9lmn.com
843329,z6m1rq.com
843330,z6m2c5r.com
843331,z6m4k9.com
843332,z6pqta7.com
843333,z6qmzmxn.com
843334,z6v8l7.com
843335,z6x7c7am.com
843336,z726ns.com
843337,z72nvl.com
843338,z777.app
843339,z79vvu3j1.com
843340,z7bmw.com
843341,z7k2m5.com
843342,z7m1q8v.com
843343,z7q4x6k.com
843344,z7vip.vip
843345,z7x2c9.com
843346,z7x3m2.com
843347,z8.com
843348,z8.nl
843349,z8289v731.com
843350,z8289vvijrr.com
843351,z83yy5.com
843352,z8f.app
843353,z8f2k9d.com
843354,z8k3x1.com
843355,z8m2v4k.com
843356,z8m3lo.com
843357,z8p3r.com
843358,z8p5yv.com
843359,z8q2v6x.com
843360,z8w8z7.com
843361,z8x3q2k.com
843362,z8x5n1q.com
843363,z9200vvo3l0.com
843364,z93yy5.com
843365,z9c2e4g.com
843366,z9h9q1.com
843367,z9kdc3.com
843368,z9l5r4.com
843369,z9m3t7.com
843370,z9p3m5l.com
843371,z9star.co.kr
843372,z9v4p2k.com
843373,z9y3opq.com
843374,za88.com
843375,za9bo.com
843376,zaadrooz.com
843377,zaazaturf.com
843378,zaban.shop
843379,zabangostar.com
843380,zabantak.com
843381,zaborv.com
843382,zabstore.com
843383,zabtu.com
843384,zabytki.in.ua
843385,zadvinskislaw.com
843386,zae.com.br
843387,zaffarinet.com.br
843388,zafido-eshop.cz
843389,zafiradeluxe.store
843390,zafirosoft.com
843391,zafo-forum.sk
843392,zag66.com
843393,zaga.co.il
843394,zagajsek.si
843395,zagocalcados.com.br
843396,zagrajsam.pl
843397,zagroo.store
843398,zaha.gov.jo
843399,zaha.pk
843400,zaharacannabis.com
843401,zaharo.bg
843402,zahidenotes.com
843403,zahidkurort.com.ua
843404,zahidnotes.com
843405,zahirepastanesi.com
843406,zahori.sk
843407,zahra-group.ps
843408,zahrada-plantex.sk
843409,zahradnictvi-montano.cz
843410,zahradnictviweiss.cz
843411,zahradnictvobrozany.sk
843412,zahradnictvospomysl.sk
843413,zahradnynabytok.org
843414,zahranstores.com
843415,zahrastores.pk
843416,zaiax.com
843417,zaibonline.com
843418,zaidattarwale.com
843419,zaiencrystal.com
843420,zaiho.jp
843421,zaimdz.com
843422,zaimis.by
843423,zaimoo.mx
843424,zainaofficial.com
843425,zairahmr.com
843426,zaiseki.jp
843427,zaisu-seikatsu.com
843428,zaitakukanri.co.jp
843429,zak24.eu
843430,zakarpatzbut.energy
843431,zakat2u.com.my
843432,zakazanamilosc.com
843433,zakdjf5666kwiad.com
843434,zakhrafah.com
843435,zakjewelrytools.com
843436,zakka-mart.com
843437,zakmav.com
843438,zakoba.jp
843439,zakrolyup.com
843440,zakrooly.com
843441,zakroshoes.gr
843442,zalekkermzansi.com
843443,zalithlauncher.com
843444,zalithlauncher.net
843445,zalithlauncher2.com
843446,zalp.ch
843447,zalpars.ir
843448,zalsqa.eu
843449,zaluzie-vs.cz
843450,zaluzieee.cz
843451,zaluzieweb.cz
843452,zaluzieweb.sk
843453,zaluzjeonline.pl
843454,zamanigallery.com
843455,zamanmart.com
843456,zamaschool.pk
843457,zamatura.eu
843458,zamayl.com
843459,zamba55.plus
843460,zamek.malbork.pl
843461,zamels.com.au
843462,zamin.gov.ir
843463,zaminbaz.com
843464,zamki.mobi
843465,zammler.kz
843466,zammsawms.co.zm
843467,zamportal.gov.zm
843468,zamyra.hu
843469,zamzam.work
843470,zanamotorcycles.com
843471,zancasonne.dk
843472,zanchetta.com.br
843473,zandonatti.it
843474,zanetastore.com
843475,zannejoias.com.br
843476,zanoone.ir
843477,zanywholesaleshub.com
843478,zanza.tv
843479,zap39.ru
843480,zap69s1.com
843481,zapa.fr
843482,zapateriafebo.com
843483,zapateriaguido.com
843484,zapatillaspuro.com.ar
843485,zapato.com.pl
843486,zapatoferoz.es
843487,zapatos.bg
843488,zapatos.cl
843489,zapatos.hr
843490,zapatos.hu
843491,zapatos.pl
843492,zapatos.sk
843493,zapatosbaratos-lowcost.com
843494,zapatoscarla.com
843495,zapatosvas.com
843496,zapb10.com
843497,zapbytes.in
843498,zapcharge.io
843499,zapchasty.com.ua
843500,zapermenu.com.br
843501,zapfigurinhas.com
843502,zapmart.live
843503,zapoznalnik.com
843504,zappa.cl
843505,zappatos.it
843506,zapping.com.br
843507,zapploans.com
843508,zappspin88.com
843509,zappy.com.py
843510,zapspremium.com
843511,zara4dbet.org
843512,zaraban.ir
843513,zarafza.com
843514,zaragoza.com.ua
843515,zaragoza69.com
843516,zaraish.com
843517,zarasbharatanatyam.com
843518,zarasoft.xyz
843519,zarasoftbd.com
843520,zarbeebd.com
843521,zarejestrowani.pl
843522,zarfstudios.com
843523,zargame.ir
843524,zargo.com.br
843525,zariknyaa.com
843526,zarimysore.co
843527,zarinama.com
843528,zarinbano.com
843529,zarine.ir
843530,zarintar.top
843531,zariracollection.shop
843532,zarkan.co
843533,zarmilkas.com
843534,zaro.ar
843535,zaropo.com
843536,zarpaditos.com
843537,zarsaland.ir
843538,zarsam.com
843539,zarul-auto.kz
843540,zarul.kz
843541,zarvaz.top
843542,zasynai.online
843543,zasz.su
843544,zatpermit.com
843545,zatsuzen.com
843546,zattacalcados.com.br
843547,zauru.com
843548,zavanna.no
843549,zavas.si
843550,zavatty.com
843551,zavodnice.cz
843552,zavonzo.fun
843553,zavzip.com
843554,zawawahoge.com
843555,zawgyi9.net
843556,zawia360.com
843557,zaxy.id
843558,zaxy.pl
843559,zazume.com
843560,zazza.sk
843561,zbaokingdom.com
843562,zbet24.com
843563,zbh7k.net
843564,zbilk.szczecin.pl
843565,zbju49gj3.com
843566,zbmgebhcoq.com
843567,zbouw.be
843568,zbozibox.com
843569,zbrane-kspol.cz
843570,zbroja.com.ua
843571,zbutenergo.kharkov.ua
843572,zbzb01.com
843573,zbzb02.com
843574,zbzb03.com
843575,zbzb04.com
843576,zc2z5zf.com
843577,zc777.org.pk
843578,zcsa-ji1dsa8-da2.com
843579,zcsazzurro.com
843580,zd-999.com
843581,zd-mb.si
843582,zd1fxgd.com
843583,zd22login.com
843584,zd4yq3.com
843585,zd5nf6vm.com
843586,zdajlicencje.pl
843587,zde3r35.com
843588,zdm.waw.pl
843589,zdnemnarodzhennia.com.ua
843590,zdorovoshop.com
843591,zdravekomunity.sk
843592,zdravieonline.sk
843593,zdravobudi.hr
843594,zdravopedia.sk
843595,zdravybatoh.cz
843596,zdravysvet.sk
843597,zdrowyporanek.pl
843598,zdv7cg.com
843599,ze-qqreg.baby
843600,ze.md
843601,ze3vn9.com
843602,zeankickoff2.com
843603,zebawysex.com
843604,zeblomarket.ir
843605,zebracross.id
843606,zebradex.fr
843607,zebranomobilya.com.tr
843608,zebrasisi.com
843609,zebrata.in
843610,zebratur.md
843611,zebraweb.org
843612,zecadobicho.com
843613,zecanka.com
843614,zed.com.pk
843615,zeddv.com
843616,zededji.com
843617,zedhitspromoss.com
843618,zedlatestmusic.com
843619,zee-official.com
843620,zeeaquarium-winkel.nl
843621,zeechat.net
843622,zeeconvert.com
843623,zeeds777s.net
843624,zeeeshop.ir
843625,zeeexch.com
843626,zeefliz.cv
843627,zeefliz18.lol
843628,zeegame168.site
843629,zeegame448.site
843630,zeegame78.biz
843631,zeekr-see.eu
843632,zeelabgpt.com
843633,zeelabpharmacy.in
843634,zeeplive.live
843635,zeerucci.com.br
843636,zeeshopgaming.net
843637,zeetben77.com
843638,zeetius.com
843639,zeev.live
843640,zeewholesale.com
843641,zefat.ac.il
843642,zegarki.zgora.pl
843643,zegluj.pl
843644,zeharmaal.com
843645,zehnemovafagh.com
843646,zein-store.com
843647,zeissone.com.br
843648,zekatestimerkezi.com
843649,zekkouchou.com
843650,zela.pw
843651,zelart.com.ua
843652,zelcocvr.com
843653,zeldom.kz
843654,zelen-store.com.ua
843655,zelen.bg
843656,zelenetehnologije.hr
843657,zelenilo.hr
843658,zelenisvet.com
843659,zeleno.com.ua
843660,zelenysport.cz
843661,zelesta.fr
843662,zelgavan.by
843663,zelioebikes.com
843664,zelixautomotives.in
843665,zemesgramata.lv
843666,zeminboyasi.com
843667,zemliak.com
843668,zemods.ru
843669,zemunskevesti.rs
843670,zemyd74177.com
843671,zena.online
843672,zenbi.dk
843673,zencabs.in
843674,zencheck.com.br
843675,zenclass.in
843676,zendesign.com.br
843677,zene.download
843678,zenedu.io
843679,zenet-shop.com
843680,zenettia.com
843681,zenexah.com
843682,zengardentr.com
843683,zenggames.com
843684,zengroup.co.in
843685,zenido.nl
843686,zenin.co.in
843687,zenit.uy
843688,zenith-de-rouen.com
843689,zenith-nantesmetropole.com
843690,zenithbroking.in
843691,zenithpms.net
843692,zenix.best
843693,zenkenkyo.net
843694,zenkouritsuten.jp
843695,zenlifemag.com
843696,zenman.ro
843697,zenmine.io
843698,zenmo.shop
843699,zennihonbudougu.com
843700,zeno555.com
843701,zenobis.ch
843702,zenomarketing.cc
843703,zenoras.com
843704,zenoxerp.com
843705,zenplus.in
843706,zentenkara.com
843707,zentrade.co.kr
843708,zentraintl.com
843709,zentrale.events
843710,zentro-health.com
843711,zentrofly.com
843712,zenviorary.life
843713,zenvirala.com
843714,zenygame.com
843715,zenzperfumes.com.mx
843716,zeoniq.store
843717,zeost.jp
843718,zephyr.ma
843719,zepirates.com
843720,zeplincar.com
843721,zepline.in.ua
843722,zepro.pro
843723,zeraki.co.ke
843724,zercode.com
843725,zero-standard.co.kr
843726,zero-to-zenith.com
843727,zero1.sg
843728,zero7.com.br
843729,zerobywai.com
843730,zerodhacapital.com
843731,zeroduvidas.com.br
843732,zeroinai.com
843733,zeromass.in
843734,zeronexts.click
843735,zeroni.fi
843736,zerosec999.com
843737,zerotouchecosoft.com
843738,zerovape.store
843739,zerozone.in
843740,zes5b.com
843741,zest.jp
843742,zestforliving-nursys.jp
843743,zestimawellness.com
843744,zesz.hu
843745,zet.zp.ua
843746,zetas.se
843747,zetasoftware.com
843748,zetheta.com
843749,zeti.co
843750,zetpartner.in
843751,zett.co.jp
843752,zetto.io
843753,zeturf.es
843754,zeus-vip.com
843755,zeus.go.kr
843756,zeus138permata.com
843757,zeus200resmi.com
843758,zeus58.pro
843759,zeus66v2.ink
843760,zeus69.com
843761,zeus711hq508.com
843762,zeusbet.site
843763,zeuscasino.vip
843764,zeusport.it
843765,zeuzwins.com
843766,zevklifilm.com
843767,zewlpr4c0.com
843768,zexionpro.com
843769,zexo.games
843770,zexpense.dk
843771,zeyainvitation.com
843772,zezo.org
843773,zf2jf0p.com
843774,zf74h5.com
843775,zfarm.mobi
843776,zfc.in.ua
843777,zfilmeonline.ro
843778,zfitnesseg.com
843779,zfj8utu5.com
843780,zflixbd.com
843781,zfont.app
843782,zfunds.in
843783,zgamesandroid.com
843784,zgboil.com
843785,zgogc.com
843786,zh88.co
843787,zh88000.com
843788,zh88111.com
843789,zh88444.com
843790,zh888.com.pk
843791,zh888.vip
843792,zh88apps.com
843793,zh88web.com
843794,zh8g.com
843795,zhanhuakaisuo.com
843796,zhaoyewj.com
843797,zharok.com.ua
843798,zhej7vrb.com
843799,zhenbuchuo.top
843800,zhestmode.com
843801,zheta.net
843802,zhikanwomen.com
843803,zhikgold.ir
843804,zhinus.shop
843805,zhipai88.com
843806,zhis.com
843807,zhlcrb.by
843808,zhs-8s98d-skj.com
843809,zhulian.in.th
843810,zhy829jfh3.com
843811,zi278f93u.com
843812,zi288f7414.com
843813,zi288f947v.com
843814,zi288vvru33.com
843815,zi289f74uv.com
843816,zi289fu38fu.com
843817,zi29cij5.com
843818,zi29fuf39v4.com
843819,zi29v8vr43.com
843820,zi29vvu3jv4.com
843821,zi8289vvj1.com
843822,zi920vovru3.com
843823,zia83900.com
843824,zia84259.com
843825,zia86754.com
843826,ziatogel70.com
843827,zibashoooshop.com
843828,zickku.com
843829,zidanclub.ru
843830,zielarniawarminska.pl
843831,zielonaesencja.pl
843832,zielonapara.pl
843833,zieloneimperium.pl
843834,zielonyexpert.pl
843835,zierashoes.com.au
843836,zig-zag.co.il
843837,zigkvsqocq.com
843838,zigma69.info
843839,zigma789.net
843840,zigonline.com.br
843841,zigota.co.il
843842,zigtal.ai
843843,zigzag.lk
843844,zigzag.lt
843845,zigzagdress.com
843846,ziicanvalee.com
843847,ziimania.com
843848,zikplay-bf.com
843849,zikplay-ci.com
843850,zikr.az
843851,zikura.edu.mv
843852,zilanonline.ro
843853,ziledoviz.com.tr
843854,zilkahodinky.cz
843855,zilliononline.co.za
843856,zillionsgift.ca
843857,zilmor.com
843858,zilsoft.net
843859,zilsoft.xyz
843860,zimalbyjunaida.com
843861,zimauto.co.zw
843862,zimba.io
843863,zimbamusic.co.zw
843864,zimbi.co.za
843865,zimbolivenews.com
843866,zimele.co.ke
843867,zimiecms.org.zw
843868,zimloan.com
843869,zimmoneyapp.com
843870,zimou.express
843871,zimplu.com
843872,zimsec.co.zw
843873,zimslupsk.pl
843874,zinabet.com
843875,zinceuro.sk
843876,zinecultural.com
843877,zing.pk
843878,zinklondon.in
843879,zinus.co.kr
843880,zinzane.com.br
843881,zinzov.com
843882,ziolowyzakatek.sklep.pl
843883,zioncenter.name
843884,ziongroup.net
843885,zipclub.dev
843886,ziperdrop.com
843887,ziperp.net
843888,zipgameonline.com
843889,zipkidz.ru
843890,zipmeledak.com
843891,zipnach.com
843892,zipnet.co.il
843893,zipnova.com.ar
843894,ziponline.ir
843895,zippay.wiki
843896,zippo.net.ua
843897,zipsale.co.uk
843898,zipsfa.com
843899,zipypost.com
843900,zirhlitoptanmarket.com
843901,ziriuz.com
843902,zishop.app
843903,zismed.com
843904,zitask.com
843905,zitounapay.com
843906,zitronenbande.de
843907,zivada.hr
843908,zivanche.com
843909,zivarafashion.com
843910,zivastats.com
843911,ziveboty.cz
843912,zivex.si
843913,zivifashion.com
843914,zivina.cz
843915,zivo.bet
843916,zivotsgarminem.cz
843917,zivtool.ro
843918,zixuff.top
843919,ziz.cl
843920,ziziyuyu.com
843921,zj19fh55o.com
843922,zj20540.com
843923,zj20g03.com
843924,zj20gj66.com
843925,zj2904ugj.com
843926,zj292302.com
843927,zj29fj45.com
843928,zj29fjt.com
843929,zj2gj441.com
843930,zj2j993i.com
843931,zj2kadh39j.com
843932,zj3979.net
843933,zj39gj40.com
843934,zj7v9vu3h.com
843935,zj9j394.com
843936,zjhf93j6.com
843937,zjjv92jfh3.com
843938,zjr29f45.com
843939,zjs29fu56.com
843940,zjtdgm.com
843941,zju289gi3.com
843942,zjufy291.com
843943,zjzjfc.com
843944,zjzwiv893.com
843945,zk-777.com
843946,zk02skq.com
843947,zk2kyosai.jp
843948,zk781.com
843949,zk988s.com
843950,zkdoverie.com
843951,zkkd0.com
843952,zkkm.pl
843953,zkrainynba.com
843954,zksjjd3666kbkie.com
843955,zkvjj4777wajjjf.com
843956,zkw29f9ej3.com
843957,zkxsifnmcd.com
843958,zlata.ws
843959,zlatarapanic.rs
843960,zlatarna-dodic.hr
843961,zlatnakopacka.mk
843962,zlaton.cz
843963,zlgoon.com
843964,zlobek.online
843965,zlotxo68.net
843966,zltdx.com
843967,zlubaczowa.pl
843968,zluvfrcq4zf3i79zj2oq.com
843969,zm-chicken.click
843970,zm-coptic.com
843971,zm33.sk
843972,zmajevakugla.rs
843973,zmajevi.ba
843974,zmeare.com
843975,zmj3uf92.com
843976,zmj9f363.com
843977,zms-hessen.de
843978,zmuesli.si
843979,zmz0qfw.com
843980,znajdzlowisko.pl
843981,znakomka.in.ua
843982,zneoj2430-dao243.com
843983,znf190582374.com
843984,znocm304.com
843985,znova168.info
843986,znsj882-al2438xsa.com
843987,znudzone.pl
843988,znx351478209.com
843989,znzlibrary.com
843990,zo-apps.org
843991,zo29d2.com
843992,zo91isw.com
843993,zoalna.sd
843994,zocivoci.com
843995,zoconut.com
843996,zocotolas.com
843997,zodiac-horoscope.club
843998,zodiacsignks.com
843999,zodirune.site
844000,zoewellness.co.in
844001,zoey.in
844002,zofia.com.mx
844003,zofod.com
844004,zohastyle.ir
844005,zohiol.com
844006,zohosecurepay.in
844007,zojirushi-direct.com
844008,zojirushi-parts-direct.com
844009,zoldbolt.hu
844010,zolo99.app
844011,zolorealty.ca
844012,zolotakoroleva.ua
844013,zolvers.com
844014,zomhom.site
844015,zomka.net
844016,zomoky.shop
844017,zona-hohotglseen.com
844018,zona66a22.lol
844019,zona69ofc.icu
844020,zonaaps.com
844021,zonacodot.top
844022,zonadejuego.com
844023,zonadigitalsv.com
844024,zonaescorts.cl
844025,zonaestudiantes.cl
844026,zonafit.co
844027,zonafunal.live
844028,zonafutbolgt.com
844029,zonagayhot.com
844030,zonagayweb.com
844031,zonagoles.cl
844032,zonahobby.com
844033,zonamain.com
844034,zonaplay.xyz
844035,zonapostas.com
844036,zonaprivadax.com
844037,zonarelx.com
844038,zonas.mobi
844039,zonascans.com
844040,zonatactica.es
844041,zonatechgroup.com
844042,zonatecno.com.uy
844043,zonatri.hr
844044,zone911.com
844045,zonebox.com.ec
844046,zonegold.co.ao
844047,zonegold.com
844048,zonenet.ca
844049,zoneoffuture.cc
844050,zonesms.net
844051,zonezplay.com
844052,zongbet.com
844053,zonic24.club
844054,zonko.com
844055,zonsebet.com
844056,zontes.co.th
844057,zontes.eu
844058,zontes.fr
844059,zontes.gr
844060,zontesmexico.com
844061,zontesmotos.com.br
844062,zoo.waw.pl
844063,zoo.wroclaw.pl
844064,zooapteka.kiev.ua
844065,zooasis.org
844066,zoobooksystems.com
844067,zoodbezood.com
844068,zoodpack.com
844069,zoodvape24.com
844070,zooeasyonline.com
844071,zooexpress.pl
844072,zoofilia.club
844073,zoofilia.pro
844074,zooflits.nl
844075,zookaralyste.lt
844076,zookzon24hr.com
844077,zoologistperfumes.com
844078,zoom-world.tw
844079,zoom444.com
844080,zoom4dpro3.cc
844081,zoombers.com
844082,zoombutik.com
844083,zoomcaradmin.com
844084,zoomcod.com
844085,zoomconvert.com
844086,zoomcrm.co
844087,zoomilf.com
844088,zoomintv.online
844089,zoomkesht.com
844090,zoomsters.in
844091,zoomtech.lk
844092,zoomtopup.com
844093,zoop.plus
844094,zoopay.in
844095,zoopoint.ro
844096,zooporn.net
844097,zooporn.pics
844098,zooqi.by
844099,zooseyo.com
844100,zooshopxxl.cz
844101,zooshopxxl.de
844102,zootopia.click
844103,zooxvideos.blog
844104,zoozooenglish.net
844105,zopmira.com
844106,zora-ads.live
844107,zorali.com
844108,zoran.bet
844109,zorasystems.com
844110,zorcha.com
844111,zorenza-store.com
844112,zoreonx.com
844113,zorgboodschap.nl
844114,zorgeloos-studeren.nl
844115,zorgvooruitvaart.be
844116,zorinamast.com
844117,zoro77.com
844118,zoro77aq.com
844119,zorocloud.com
844120,zoromia.com
844121,zoroto.se
844122,zorotv.ing
844123,zorro4dae.com
844124,zorroabarrotero.com.mx
844125,zorrotecno.com
844126,zorzxt.com
844127,zotel.ai
844128,zouhyitao.com
844129,zouraofficial.com
844130,zowin.cat
844131,zoy.mx
844132,zoznamka50.sk
844133,zpbattlezone.com
844134,zpdy9543.com
844135,zpeed.in
844136,zpep.com.ua
844137,zpgxqy.com
844138,zphcstore.com
844139,zplacer.xyz
844140,zplay88.com
844141,zplayzone.com
844142,zpn7rk2qva.com
844143,zpolis.com.ua
844144,zpooyan.com
844145,zpq3zhkyw7c.com
844146,zpziqm.com
844147,zpzshoes.com.br
844148,zq2talg.com
844149,zqeeaev7.com
844150,zqq8dzjgy7.com
844151,zqzaf15q.com
844152,zr3kh.com
844153,zralalaska.cz
844154,zraleflirty.com
844155,zraxff.com
844156,zreleflirty.com
844157,zrelki.pro
844158,zrhc22e3.com
844159,zrhz2d.com
844160,zrls2lm6.com
844161,zrobank.com.br
844162,zry174z3f.com
844163,zs-999.com.pk
844164,zs1560.jp
844165,zs777a.com
844166,zs777b.com
844167,zs777c.com
844168,zs777d.com
844169,zs777e.com
844170,zs777g.com
844171,zs999g.com
844172,zs999h.com
844173,zsazsazsu.com.tr
844174,zsdfd3999jrygrgf.com
844175,zsf829sal-jksn89a.com
844176,zsgajdosova.cz
844177,zslux.be
844178,zss.edu.rs
844179,zstzrz7k.com
844180,zt777b.com
844181,zt777d.com
844182,zt777g.com
844183,zt777h.com
844184,zt9tv.com
844185,ztesolutions.com
844186,zthf3l.com
844187,ztm.waw.pl
844188,ztoek.com.ua
844189,ztsvjr.com
844190,ztv.tw
844191,ztzt990.com
844192,ztzt997.com
844193,ztzt998.com
844194,ztzt999.com
844195,zu289fft4.com
844196,zuashop.com
844197,zubalero.com
844198,zuccaradio.com
844199,zucchettihc.it
844200,zudlux.com
844201,zue1emlp.com
844202,zueb.edu.pk
844203,zufallspokemon.de
844204,zugo.live
844205,zuhanykabinpont.hu
844206,zui6hsnd.com
844207,zuidwestwonen.nl
844208,zuka66.info
844209,zukafun.site
844210,zuko.in
844211,zukureview.com
844212,zultv.net
844213,zuma78.ink
844214,zumaiaguka.eus
844215,zumpago.cl
844216,zumr.om
844217,zumraesarptesettur.com
844218,zumrutkuyumcu.com.tr
844219,zun.com.ua
844220,zunaishacollections.com
844221,zunjarneta.com
844222,zunko.biz
844223,zunytube.com
844224,zupermart.shop
844225,zuqo.shop
844226,zuragt.mn
844227,zurichbilling.com
844228,zurichdigital.com.br
844229,zurna.net
844230,zuruj.com
844231,zushi-kaisei-port.net
844232,zutto-sports.com
844233,zuumbet.com
844234,zuumonline.com
844235,zuvio.mx
844236,zuwad-academy.com
844237,zuzelend.com
844238,zuziagorska.pl
844239,zvejogidas.lt
844240,zvezdev.com
844241,zvigyvss.com
844242,zvk4f.com
844243,zvkov.gov.rs
844244,zvona.net
844245,zvonook.ru
844246,zvukitop.com
844247,zwdiasimera.gr
844248,zwielkopolski24.pl
844249,zwjg404.com
844250,zx8egvkx.com
844251,zxcvbnm1.shop
844252,zxmoto.com
844253,zxvbkcs7.com
844254,zxwb1q35.com
844255,zyam.es
844256,zyaon.com
844257,zybbo.com
844258,zycto.com
844259,zydushospitals.com
844260,zygo.co.il
844261,zyhia.xyz
844262,zykrr.com
844263,zyn.com.ua
844264,zyo.se
844265,zyone.com.br
844266,zypit.in
844267,zypp.app
844268,zyra789.xyz
844269,zyromod.com
844270,zyzio-and-zuzia.pl
844271,zyzjjx.com
844272,zyzzmods.com.br
844273,zz66.com
844274,zz770011.com
844275,zz829vrjm2.com
844276,zz9.bot
844277,zz9.one
844278,zzang33.com
844279,zzg3f5.com
844280,zzgh5.com
844281,zzgreen.com
844282,zzhdglnr.com
844283,zzkeqi.com
844284,zzmxfs.com
844285,zznet.com.br
844286,zzqq886.com
844287,zzqq887.com
844288,zzqq888.com
844289,zzt-hk.com
844290,zztna.com
844291,zzw1p8.com
844292,zzwyhg.com
844293,zzx9b5.com
844294,zzxx44a.com
844295,zzxx888.com
844296,zzz9a.com
844297,zzzscore.com
844298,zzzsystem.com
844299,zzzxxxx33.com
844300,zzzz2.com
844307,zee7exactlys.xyz
844348,zenjoy.eu
844699,zyccu.com
844810,zimuz.net
844842,zgzyz.org.cn
845210,zerkalo17.casino
845290,zee61personss.xyz
845363,zamstudios.com
845448,zuckd.com
845643,zkteco.eu
845723,zene.hu
845822,zaytung.com
845929,zominshifo.uz
846065,zdxiahong.com
846138,zhonga.ru
846140,zulpiya.asia
846154,zee7hospitals.de
846355,ztgrowth.com.br
846373,zee7seess.xyz
846472,zpklrmnjt.com
846473,zzzzc.cn
846647,zdorovkino.ru
846648,zenitnow549.top
846682,zapnet-isp.net
846714,zugaina.com
846852,zegal.com
846965,zee61wells.xyz
847251,ziperone.com.ua
847497,zimaohr.com
847746,zw.com.pl
847764,zimmer.co.il
847804,zengaming.ca
847832,zeit-sprachen.de
847874,zfs123.com
847951,zbeng.net
847966,zoosextaboo.com
848063,zeeuwsarchief.nl
848112,zetajackpotgg.com
848151,zenclutchhq.com
848194,zirca.com.ua
848296,zee61avoidss.xyz
848298,zhenskoe-mnenie.ru
848358,zenspincenter.ca
848396,zuckerschnuetchen.de
848491,z-s-p-5.com
848496,zybcbrake.com
848685,zenitheco.ca
848826,zumanutrition.com
848980,zee7onlys.shop
849041,zirvedonusum.com
849135,zetam.org
849278,zee61backss.xyz
849287,ztime.ru
849380,zhu.codes
849420,zeropark.com
849436,zula.sg
849491,zh-smartpower.com
849495,zoombookdirect.com
849516,zenobserver.de
849592,zeus4d.asia
849595,zemax.com
849835,zaberi-ultu.ru
849960,zgjzy.org
849998,zugspitze.at
850169,zzbaike.com
850271,zohousercontent.com
850286,zencasinoworld.ca
850449,zeist.nl
850461,zhiyiwu.com
850528,zatymenka.net
850535,zerkalo11.site
850769,z-lib.io
850825,ziaristii.com
850939,zg-nadbiskupija.hr
850948,zashiki.com
851007,zenvibe.au
851059,zveh.de
851188,zenopa.com
851304,zamericanenglish.net
851307,zitcha.app
851417,zzzrb.com
851452,zooprinting.com
851513,zhodnoceni-penez.cz
851535,zenjournal.de
851568,zitidi.com
851604,zonafilm.life
851608,zelfmoord1813.be
851729,zzzkan.com
851929,zuper.co
851963,zerkalo-casino1.top
852153,zee61institutions.shop
852193,zgwzdq.com
852221,zhanjie.com.cn
852254,zhonzhuan.com
852355,zswjzp.com
852625,zyywenxue.com
852785,zjaibjzsu.cc
852837,zeriamerikes.com
852967,zgsxlc.com
853100,zrelka.click
853114,zharafm.ru
853160,zooporn.autos
853444,zee61trades.top
853524,zisops.com
853623,zee7nevers.xyz
853630,zanetti1965.com
853656,zodiacbet.com
853960,zoekidsworld.com
854045,zenworld.us
854110,zhfo.net
854127,zazezi.net
854336,zaday-vopros.ru
854341,zakat.ru
854353,zincdrive.com
854391,zerorestriction.com
854582,zielonozakreceni.pl
854637,zonaeuropa.com
854792,zlovedoll.com
854795,znamenskaia.ru
854843,zenpulse.nl
854879,zerynth.com
854971,zh-front-9you.com
855256,z-wave.com
855353,zeraki.app
855408,zonarutoppuden.net
855518,zigpop.com
855574,zavu.dev
855693,zenoxo.be
855694,zee7mothers.top
855704,zww.me
855728,zdesmetrika.ru
855912,zephyrcove.com
856354,zoonoz.space
856422,zonesocietyblog.uk
856531,zjyundu.com
856534,zippypixels.com
856582,zillblanco.cfd
856639,zenblackjackgalaxyprime.com
856742,zappar.com
856804,zimite.com
856956,zoxnimining.cloud
857072,zapp.red
857106,zssq8.com
857190,zarea.net
857260,ztbl.com.pk
857321,zmonline.com
857348,zannai.com
857410,zo-nws.nl
857432,zetastreammetaprime.com
857433,zootubex.us
857585,zankyou.fr
857680,zetaconsolepro.com
857838,zaguben.net
857860,zb.com
857941,zarnews.uz
858042,zio.com
858223,zoya.com
858484,zenbets.ca
858504,zynki.com.br
858535,zkzlemc.com
858603,zakupkikomos.ru
858609,zmnvest.ru
858681,zzzzpay.app
858725,zinhome.com
858774,zirvemotor.com
858824,zymichost.com
858857,zowin.ca
858861,ziedot.lv
858890,zdnmanager.com
858969,ziffit.com
859000,zuidas.nl
859181,z90win.com
859277,zorginzicht.nl
859369,zagrebhotels24.com
859393,zzzzpay.com
859452,zenrollhq.com
859467,zesty.ai
859618,zzyixun.cn
859778,zup.com.br
859784,zooamerica.com
859838,zkhskj.cn
859961,zdclassified.com
860244,zzzzsj.top
860397,zee61trades.de
860422,zarijaipur.com
860449,zuimei.app
860496,zhejianglab.com
860502,zenithmetacove.com
860524,zenk-security.com
860678,zh-vip-bifa.com
860687,zamberlan.com
860697,zamashops.com
860698,zworker19.com
860707,zls315.com
860837,zenithjackpotcove.com
860854,zmi.global
860866,zawagmsyar.com
860883,zzzzsj.co
860956,zerkalo81.buzz
860977,zoneposthaarlem.nl
861019,zerkalo35.casino
861215,zenglobal.au
861522,zcycdn.com
861523,zqy.com
861524,zxpv.shop
861525,zyphi.co
861631,zalapao.net
861675,znet.hr
861721,zambianfootball.co.zm
861730,zerkalocazino.buzz
861874,zlatolit-ural.ru
861877,zis.gov.rs
862023,zigzag.com
862025,zenithofzircon.space
862469,zje.net.cn
862578,zxy.jp
862641,zee61beats.de
862766,zertpruefung.ch
862862,zerkalo.lat
862891,zhitu66.com
863009,zee33placess.top
863139,zumi.media
863221,zippo.co.uk
863434,zee33pers.xyz
863509,zemtex.com
863550,zacc.jp
863591,zonedigital.uk
863594,ziyonet.uz
863815,zhitomir-online.com
863825,zenbase.us
863891,zabota-tatar.ru
863941,zenyzenam.cz
864009,zbulldozearch.com
864218,zjer.cn
864286,zidisha.org
864520,zetadome247.com
864585,zlrmdl.com
864631,zemos98.org
864855,zateckygus.ru
864974,zenesa.de
865043,zooporncom.autos
865101,zalicz.net
865325,zgoda.net
865326,zonammorpg.com
865392,zhixiny.cn
865399,zigt.nl
865477,zbuyer.com
865498,zeleze.org
865507,zingermansdeli.com
865526,zala-soft.com
865671,zdravnsk.ru
865843,zenspinonline.ca
865876,zuanke8.com
865973,zhenxingjituan.net
866225,zabunj.com
866296,zodynas.lt
866540,zencasino.com
866806,zs8ffttu.us
866878,zdswlt.com
866896,zonewatchselect.nl
866902,zukko.ai
867025,zabavix.com
867186,zori-rossii.su
867227,zonemediadenhaag.nl
867232,zjwst.gov.cn
867293,zauberatelier.at
867524,zhk-prigorod-lesnoe.ru
867540,zeria.co.jp
867665,zamworg.com
867687,zyrhires.com
867842,zooom.sk
867937,zainabcollection.com
867945,zh-site-28circle.com
868010,zee61somebodys.shop
868208,zekicetasarim.com
868275,zonexcollective.co.uk
868320,zpx.dk
868365,zplay.cn
868405,zzam.be
868446,zonebase.cz
868506,zimyo.com
868553,zonecultureblog.uk
868577,zip-pro-sto.ru
868656,zooporntorrent.autos
868697,zukunftzahn.de
868723,zonecasinonow.com
868988,zonevoicestory.nl
869002,zota.us
869243,zatnoh.com
869318,zifgxserve.bond
869353,zpspx.com
869399,zmdok.com
869524,zbitcloud.com
869622,zzmarts.com
869719,ziontechgroup.com
869765,zx-10r.net
869815,zohostratus.in
869843,zcwx.org
869863,zonebrit.uk
869872,zszkdl.com
869996,zoekvinden.nl
870036,zmtssh.com
870142,zigzag-24.ru
870451,zenpalace.ca
870535,zavod-pt.ru
870759,zv-kisa.de
870841,zee7markets.top
870861,zerodrifts.com
870954,zhixintex-zj.com
871272,znakj.com
871390,zentelecom.com.br
871461,zuntzu.com
871634,zkts8.com
871833,zonnepaneelconcurrent.nl
872049,zixter.srv.br
872139,zand.ae
872232,zee61ons.de
872251,zero-skill.net
872414,zzhtedu.com
872420,zoodseo.com
872493,zollsoft.net
872518,zone-10.com
872576,zahrine.com
872648,zavaz.net.br
872714,zuixiangwu.com
872852,zma14.casino
872883,zhongyingtougu.com
872898,zentyal.com
872931,zekalogic.com
873087,zkshu.cc
873088,zenfinder.de
873292,zzm.vn
873326,zithromaxotc.com
873362,zpravaklik.cz
873538,zdi-staldveri.ru
873567,zoomto.net
873578,zigesee.com
873629,zenithclubarcade.com
873784,zenparlay.com
874043,zeusland.ir
874067,zagonbrand.com
874142,zoomcare.com
874199,zwitserseapotheek.com
874203,zxwsoft.com
874215,zsank.com
874220,zerkalo0704.casino
874236,zagonka.icu
874253,zhongkaowu.com
874255,zesthosting.com.au
874615,zaqq.es
874697,zntx.cc
874892,zita-group.com
874928,zenoro.be
874989,zucchiniservice.store
875009,zagonka.biz
875064,zie.nl
875163,zcar.com
875346,zzbndl.com
875489,zee33agencys.xyz
875528,ze-kuaimiao.com.cn
875577,zhanpinyun.com
875603,zgames.ae
875626,zdwx.com
875642,zsymmetry.com
875724,zoechicco.com
875793,zenbet.ca
875909,zlinkcorp.net.br
876306,zonexsystems.co.uk
876381,zb-xpr-quickq.com.cn
876486,zmi.ck.ua
876698,zinko.com.ng
876728,zabawajudo.pl
876751,zetflix-online.skin
876900,zhil-uyut.ru
876918,zonesofregulation.com
876952,zoomnews.es
877113,zockify.com
877115,zenbethub.ca
877150,zencasinocenter.ca
877255,zhuwang.cc
877280,zhizig.com
877291,zakyiv.com
877311,ziepod.com
877347,zolrus.ru
877427,zhanghaodaren.com
877477,zagonka-1368.site
877717,zenslotonline.ca
877813,zvka.ru
877858,zksync.network
878035,zisson.com
878096,zozkosz.com
878098,zefie.net
878150,zenslots.ca
878300,zrdtest.ru
878356,zkb-ent.com
878373,zixsmbhosted.com
878375,zenroom.ca
878380,zqbvuh.cn
878602,zimin-magazin.ru
878669,zendigest.de
878671,zee61whiles.xyz
878818,zipa.com
878913,z-lib.blog
878955,zencasinoonline.ca
878979,zia-deutschland.de
879154,zero.govt.nz
879609,zavodteplic.ru
879699,zi0.cc
879759,zmovies.org
879817,zebrabi.com
879948,zyduslife.com
879957,zionfelix.net
880127,zamaka.com.pk
880134,zlinkn.com
880169,zzzpch.com
880364,zyan.cc
880377,zaramis.se
880403,zaukcloud.com
880705,zijinmining.com
880712,zhongdacloud.com
880908,zaplatkalabel.ru
880968,zias-aic-fdb.de
881007,zmn.cn
881098,zonainst.xyz
881108,zzyuancheng.com
881152,zoca.com
881319,zhong.team
881357,zenkeijikyo.or.jp
881367,zona593movie.com
881413,zee7victims.shop
881422,zaimi-bystro.ru
881543,zddgame.com
881547,zapcricketnepal.com
881779,zamenapp.com
881948,zoophil.club
881958,zaciuw.com
882163,zimerguz.net
882178,znaturalfoods.com
882492,zenjinkai-recruit.net
882512,zt-home.hu
882573,zh-hz.com
882702,zwiz.app
882871,zenleagueworldmax.com
882932,zeala.link
882980,zelfinlijsten.nl
883031,zeniaboulevard.es
883042,zalon.com
883157,zjsu.edu.cn
883175,zekasoft.com.tr
883533,zestapexbooks.com
883769,zithropak.com
883952,zmtech.bz
883982,zetabookiepeak.com
883984,zee7finallys.top
884034,zsbch.com
884059,zenber.jp
884327,zeph.pm
884346,z2comics.com
884466,zma16.casino
884492,zongcaixiaoshuo.com
884518,zdorovie.ru
884524,zomro.run
884531,zfgzbg.com
884573,za-letistem.cz
884620,zbdcme.com
884642,z00.world
884888,zjicm.edu.cn
884905,zerocarbon-analytics.org
884974,zonedigitalblog.uk
885047,zombdrive.com
885072,zerkalo-casino5.top
885146,zenbundle.com
885225,zh-winrar.com.cn
885235,zavgar.online
885241,zenworldspins.com
885351,zerobug.au
885376,zaoe.de
885394,zaoxingbang.com
885432,z24.nl
885434,zdro-vita.pl
885528,zc.gov.cn
885608,zero20kids.com
885848,zabshosting.com
885880,zonesun.com
886034,zoomradar.net
886108,zezeya.com
886155,zzzzoss.app
886228,zymak.com.bd
886229,zamsport9.shop
886313,zmo.de
886324,zamnesia.co.uk
886362,zakon-pmr.com
886392,zipwater.com
886708,zalo.solutions
886709,zwembad.shop
886710,zwemindex.nl
886720,zelpo.sk
886721,ztwx2.cc
886794,zhangyue02.com
886813,zhenkongjizu.net
886828,z.lighting
886876,zent.net
886892,ziwipets.com
887010,zee7wells.shop
887217,zoektaste.nl
887420,zozozon.com
887621,zurrieq.com
887709,zfilm-hd-2315.online
887733,zurbagan.tv
887737,zhongheco.app
887840,zfilm-hd-2117.online
887942,zetter-zeroday.com
887966,zeck.app
888023,zghzp.com
888072,zaia.app
888174,zyg666.com
888251,zee7views.xyz
888330,zapposinsights.com
888366,zakarpatpost.net
888537,zaisubao.com
888639,zap.co.ao
888670,zenithlabretro.com
888774,ziraidepo.com
888812,zonexclub.co.uk
888871,zenithlines.com
888904,zepi.services
888974,zcpvnfkadooapd.cloud
888975,zott-dairy.com
889109,zongyigame.com
889505,zg-lib.org
889539,zipato.com
889654,zee61feelings.top
889659,zfilm-hd-2439.online
889701,zhiyanxuan.com
889745,zapnews.ru
889868,zee33careers.de
890080,zaansmedischcentrum.nl
890093,zelena-apoteka.com
890109,zetabookiecorner.com
890111,zfilm-hd-253.online
890234,zzweien.com
890685,zuho.net
890762,zcmail.net
890796,zzlanqi.com
891010,zdhycn.com
891043,zhongheqq.com
891076,zettalane.com
891080,zewailcity.edu.eg
891181,zen-walk.de
891183,zwaluwhoeve.nl
891206,zuid-holland-hotels.com
891545,zm.com.br
891551,zx9302.com
891720,zabidat.ir
891745,ziarulmetropolis.ro
891847,ztshjcb.com
891892,zsk-vmp.ru
891990,zolgensmacopayassist.com
892078,zapchasti62.ru
892129,zevtechnologies.com
892176,zee61personals.shop
892228,zee7yets.de
892544,zukimania.org
892587,zinniasbagnes.cyou
892679,zyqcs.com
892759,zitian.net.cn
892818,zjcm.edu.cn
892917,ztztechnology.com
893011,zeta.inc
893233,zlo.one
893245,zionssecurity.com
893248,zpravda.ru
893293,zas.media
893324,zenithretropulse.com
893358,zee61quicklys.shop
893568,zoomone.com
893759,zygonjournal.org
893869,zhengdayc.com
894135,zekur.nl
894617,znix.xyz
894626,zooliberec.cz
894834,zentaryovorvrybhstazvran.com
894851,zoneportalholland.nl
894878,zipstore.ru
894897,zoot.hr
894902,zenslothub.ca
894904,zhk-sochi-svetskiy-les.ru
895142,zee7glasss.shop
895215,zareefgaming.com
895397,zetaodds.com
895444,zee33sizes.shop
895463,zerochomeurdelongueduree.org
895534,zauo.com
895598,zerkalo080426.casino
895677,zolotnuk.ru
895710,zonesimple.uk
895720,zesunsub.com
895750,zonetake.sbs
896077,zzzzpay.cc
896153,zidobre.com
896160,zhuchaoa.cn
896208,zonexservices.co.uk
896267,zeitenschrift.com
896497,z0fhl8.click
896519,zenpit.co.uk
896727,zdn.nz
896786,zaime.ru
896791,zooma37.casino
896797,zvonobot.ru
897054,zzzzoss.top
897094,zenwagerroulette.com
897199,zzzzoss.vip
897303,ze-7zip.com.cn
897364,zonepublic.uk
897420,zaribanaras.com
897575,ziyomusic.net
897624,zenscope.us
897759,zedwellhotels.com
897761,zhanluegong.com
897947,zoomquilt2.com
897986,zuperdns.net
898055,zarcoecstar.com
898073,zigzagisland.fr
898397,zehllaw.com
898442,zenyaku.co.jp
898515,zerkalnye-prava.com
898540,zzcyip.com
898596,zee61placess.shop
898772,zonesmart.uk
898778,zulex.de
898970,zamenaspb.ru
899088,zen-energy.gr
899187,zhongmengwy.com
899403,zhongyiju360.com
899415,znak-auction.ru
899464,zonequest.de
899569,zerkalo85.buzz
899590,zanzibarhistory.org
899725,zhestko.xyz
899748,zee61stars.shop
899809,zpravynet.cz
899824,zoupang.com
899847,zaborkin.ru
899858,zhongguojie.org
899886,zurbazar.ru
900077,zjhwjq.com
900212,zodiac-poolcare.fr
900484,zuva.jp
900559,zeb.de
900685,zakazaka.ru
900993,zetafactorygo.com
901066,zonelifeblog.uk
901069,zhongtianinfo.com
901170,z93j.com
901212,zisoo.net
901299,zerkalo-leonbk.ru
901335,z2p9vn.com
901374,zazhi.com.cn
901483,zodiacpark.ru
901618,zhinka.tv
902023,zenithpulsewager.com
902029,zenithflushgames.com
902484,zvornicki.ba
902486,zyue.com
902635,zendaily.de
902869,zootropic.se
902888,zil157.ru
903032,zuplo.app
903100,zuiaixs.net
903103,zaapi.co
903138,zwivel.com
903169,zreloeporno.fun
903229,zoosos.gr
903286,zetabarber.it
903287,zulas.pl
903382,zergaw.com
903428,zoukgrouplv.com
903455,zakvaski.com
903586,zee7continues.top
903618,zhuangfangba.com
903678,zagonka.net
903730,zlinskykraj.cz
903912,z8g.buzz
903984,zerkalo38.casino
904024,zomi.watch
904176,zoink2000.com
904328,zee33allows.xyz
904344,zenskyweb.sk
904426,zhendiya.com
904433,zhasylzher.kz
904514,zoonovosib.ru
904548,zetastudioprime.com
904569,zebralution.it
904605,zzart.me
904709,zeekr-astana.kz
904972,zarmember.net
904973,zibalife.ir
905086,zdet.shop
905087,zxwd.shop
905127,zenithstake247.com
905177,zknic.cn
905209,zonefinderdenhaag.nl
905350,zonecurrent.uk
905435,zerozero.cn
905479,zee33describes.xyz
905531,zenworksvip.com
905688,zzap64.co.uk
905726,zetawager.com
905811,zayoeu.net
905816,zonexroom.co.uk
906049,zenupdate.de
906119,zkp.com
906204,zonexglobal.co.uk
906273,zimchina.com
906317,zzxfi.com
906343,zadar.travel
906395,zag1.de
906559,zonecreativeblog.uk
906603,zoneadvisorbreda.nl
906713,zelenayarosha.ru
906971,zenmark.it
906999,zenclub.ca
907136,zigzag.global
907389,zenslotworld.ca
907493,zenggx.com
907506,zonepageranking.nl
907578,zaity.tv
907734,zap-webspace.com
907813,zelenydom.com
907859,zloadr.com
907900,zaiho-med.com
907986,z78d.cn
908004,zoryve.com
908076,zyrardow.pl
908201,zenlink.it
908480,zwergensache.com
908580,zjjzzs.cn
908811,zenplatform.ca
908903,zajmitenge.kz
908926,zonebyteslink.nl
909031,zombit.info
909279,zagonka.online
909300,zoneprimeblog.uk
909321,zenarate.com
909383,zostanzolnierzem.pl
909392,zqgame.com
909444,zee61lates.de
909931,zipwp.link
909964,zonebright.uk
909978,zetbet.com
910355,zysk.com.pl
910376,zozofit.com
910525,zvedavec.org
910747,zenpost.us
911041,zee61bes.top
911094,zipconomy.nl
911095,zappenin.com
911146,zpravyexpress.cz
911231,zeeve.io
911532,zupas.net
911542,zonebracket.com
911549,zee61chancess.xyz
911651,zgddyy.com.cn
911701,zavod1530.ru
911879,znakomstvadonetsk.ru
911960,zohostratus.eu
912027,zurich-datacenter.net
912031,zonecurrentblog.uk
912037,zapways.com
912150,zdarns.cz
912324,zcohosting.net
912411,zeromesh.net
912412,zuoy.co.uk
912849,zoarah.com
912850,zonpral.my
912851,zuhonpower.com
912852,zxmvnzmxvnqe.top
912853,zoneeducationeindhoven.nl
913017,zhipuba.com
913659,zoneparlay.com
913747,zping.in
913790,zednet.lv
913878,zisternenprofi.de
913897,zhuozhouxinfang.com
913918,zhiqianglin.com
914032,zetadojo.com
914179,zapeljiva.si
914210,zandri.de
914355,zogbyanalytics.com
914410,zaifa.com.cn
914456,zonexonline.co.uk
914734,zarplata-client-2023.ru
914741,zeppycert.com
914834,zhongkefu.com.cn
914852,zinpro.com
914912,zenslotzone.ca
915153,zhangyue03.com
915160,zhtv.net
915209,zooku.eu
915309,zovofficial.com
915395,zanchigroup.com
915580,zenvorixa.xyz
915651,zeitbox.app
915707,zenithpixelsworld.com
915714,zenmedia.com
915747,zapsign.io
915851,zsl-bw.de
915928,zee7bests.shop
915945,zjc.gov.cn
915956,zyphorith.com
915982,zoopornanal.autos
916008,zafira.id
916075,zhev.com.cn
916170,zflixtv.com
916244,zmanfishing.com
916247,zbcwjy.com
916384,zee7bes.de
916445,zhurnal.mk
916490,zenithscrimstation.com
916513,zjzxjx.cn
916574,ziki.com
916981,zc.bz
917038,zhangyu.tv
917039,zebnet.de
917082,zgycgc.com
917140,zhujiwu.com
917164,zodiacsecret.com
917444,zhongyaoworld.com
917448,zukunftigerreichtum.com
917518,zhufushequ.com
917562,zonghe888.com
917590,zimozw.com
917610,zxx.bet
917713,zhhsw.com
917746,zncdn.ir
917810,zlimplimpiezas.com
917864,zenithclubggprime.com
917879,zeroto1.co
917933,zoidtriks.com
917974,zargalisolitaire.com
918098,zjsjw.gov.cn
918273,zee7questions.top
918315,zhongfanghui.com
918330,zahnaerztekammernordrhein.de
918353,ztn.cn
918759,zubrit.com
918786,zoo-am-meer-bremerhaven.de
918859,zochrot.org
918967,zhujiaka.com
919050,z-library.ms
919073,zhangzhongyun.com
919098,zentroblog.com
919453,ziv.com.tw
919560,zyoptics.net
919569,zenroot.net
919700,zorozworld.com
919796,zgqylm.com
919893,zenyvmeste.sk
920038,zyclora.it
920150,zokb.org.ua
920273,zjhlxc.com
920325,zuuks.com
920337,zee61victims.xyz
920339,zener.es
920366,zk789.net
920410,zntu.edu.ua
920602,ziosting.cloud
920614,zetaarena247.com
920637,zimplynatural.com
920673,zipnet.us
920732,zvrkur.ru
920867,zetflix.zone
920883,zydskf.com
920991,z-oleg.com
921031,zerique.space
921098,zenrus.ru
921154,zenithjackpotprox.com
921178,zidianya.com
921184,zast.org.cn
921186,ztbyhqz.cn
921449,zoxvpn.site
921451,zoopornsonya.autos
921499,zahrada-cs.com
921526,zgcbb.com
921570,zejing.com
921828,zithrozpack.com
921857,zohoinsights.eu
922086,zenit-kmz.ru
922173,zeusvshades250.com
922177,zeusmonitor.com
922184,zensho.or.jp
922243,zoo.com.sg
922244,zhishiq.com
922439,zhixingbang.cn
922660,zuov.gov.rs
922703,zetaarcadebank.com
922741,zevs.tv
922749,zee7mes.xyz
922768,zwiz.ai
922800,zee61grows.top
922999,zhanghaoya.com
923095,zeropath.com
923167,zamliytcg.com
923234,zee61ons.top
923451,zakat.org
923562,zenjournal.us
923799,zaryaguest.ru
923970,ztwiremesh.com
924175,zuckerberg.net
924178,zilinskyvecernik.sk
924186,zeroparking.com
924261,zjtongji.edu.cn
924457,zerobin.net
924522,zee61ors.de
924773,zaoric.com
924806,zgroup.xyz
924999,zqkt2.top
925253,zenithfragcorner.com
925307,zhuxiaole.org
925365,zerkalo68.casino
925378,zonedns.com
925511,zenprime.co.uk
925628,zap-internet.com
925716,zorin.be
925787,zidian3.com
925876,zhipin.cc
925897,zgrep.org
926006,zhuanmenmian.com
926016,zybervr.com
926024,zerkalo67.casino
926056,ziti163.com
926167,zippergifts.com
926382,zajmyonlajnnakartu.ru
926398,zenithhubcasino.com
926434,zona-films.video
926512,zerkalo64.casino
926588,zooplzen.cz
926621,zhongnanhaicn.com
926764,zombicide.com
926772,zidi-allsports.de
926800,zoocoop.com
926957,zee61muchs.top
927092,zarghamportal.ir
927100,zirodi.net
927145,zapupdate.com
927151,zieglercomputing.com
927156,zeroenergy-cluster.eu
927295,zurichmaratobarcelona.es
927438,zend.is
927462,zhpg.net
927525,zenithkingcasino.com
927613,zwevegem.be
927697,zero11.net
928017,zesty-career.com
928190,zukz.ru
928277,zgncpw.com
928391,znull.in
928649,zizhupark.com
928755,zonefutureblog.uk
928827,zhongziso.com
928921,zona.best
929082,zaccounting.co.uk
929349,zap96.ru
929445,zetacasinohouse.com
929471,zanlink.com
929494,zbet.ws
929753,zaozaochuguo.com
929844,zhiyin.cn
929963,zenbetonline.ca
929982,zweb.com.au
929987,zenglobal.co.uk
930065,zenreview.us
930102,zippserver.com.au
930184,zee7twos.xyz
930290,zee61befores.shop
930440,zede-paris.com
930488,zammit.shop
930489,zeiss.com.br
930490,zeuserp.tech
930633,zopogames.com
930687,zwin.be
930688,zonadmr.cl
930753,zthotels.com
930837,zhenzhi.com
930961,zoo-mulhouse.com
931081,zrelieporno.live
931194,zjwater.gov.cn
931217,zenithgamewave.com
931270,znjj.tv
931554,zumo-international.com
931651,zubrcommerce.com
931850,zjscgm.net
931851,zlaant.com
931852,zxjcss.top
931865,zello.io
931999,zkavto.ru
932117,ziatogel.net
932335,zonexexchange.co.uk
932426,zfbsbet.com
932528,zjbpaao.biz
932662,zhaopin0431.com
932698,zenez.com
932742,zoolakki.ru
932798,zenvipbay.com
932873,zgec-power.com
933064,zhyww.cn
933358,zee61fishs.xyz
933382,zabbet.com
933422,zahradkari.cz
933527,ztilb.eu
933532,zalv444.net
933544,zerodh.co.kr
933556,zimpler-casinos.fi
933576,zee33pains.xyz
933596,zmodeler3.com
933610,zcrmportals.com
933704,zzxiaoshuo.org
934222,zov-home.ru
934246,zzsycrm.cn
934314,zoidial.com
934325,zhixuedoc.com
934338,zonepixel.de
934428,zerys.com
934439,zcg.io
934571,zhel.city
934709,zoohub.ua
934835,zzzhuyan.com
934869,zetalevelupmax.com
934971,zobyconsulting.com
935165,zzyedu.cn
935211,zerogravitymarketing.com
935262,zdhxh.com
935398,zbjinnuo.com
935629,zipongo.com
935641,zgjzmq.com
935920,zagonel.com.br
936039,zavvi.com.au
936271,zos-v.ru
936343,zynthian.org
936496,zhongchenginfo.com
936520,znanie.info
936936,zen2bswa.info
937069,zenmark.ca
937177,zeroqode.com
937231,zijinguangchang.com
937275,znojemskabeseda.cz
937368,zee33movements.shop
937498,zelenoeyabloko.ru
937530,zigzag.cl
937544,zerobyte-software.com
937721,zixuexi.com
937785,zdwords.com
937984,zee7workers.top
938083,zeilhofer.co.at
938169,zee33participants.top
938194,zieglercat.com
938248,zoneprime.uk
938258,zenithfactorybaccarat.com
938263,zoneglobalblog.uk
938287,zavodradan.ru
938342,znamkaluga.ru
938454,zmarksthespot.com
938572,zee33bagss.shop
938744,zshopp.com
938920,zenmobilevault.com
938983,zipzapslotvip.hair
939040,zookomplekt.ru
939184,zatista.com
939219,zone47.com
939250,zdjecianagichdziewczyn.com
939291,zzxtfc.cn
939306,zapwebhosting.com.au
939311,zennetwork.de
939323,zhanshishop.cn
939347,ztgd.com
939473,zvsuw.org
939505,zoikdns.com
939725,zeiahaesthetics.com
939943,zealandpharma.com
940226,zb12343.com
940240,zsceall.com
940361,zoobaly.co.kr
940383,zee61whichs.de
940419,zhipuge.com
940654,zone-securisee.com
940804,zdravmedinform.ru
940814,zenexchange.co.uk
940857,zeinie.com
940954,zwizwa.be
941108,zejicert.com
941310,zonesimpleonline.fr
941526,zambianmusicblog.co
941789,zonexsolutions.co.uk
941870,zelenyweb.cz
942014,zeleni.cz
942061,zagdaily.com
942340,zenstream.us
942483,zetastake.com
942716,zweifel.ch
942739,zcswet.com
942743,zentrierring.shop
942874,zx.net.nz
942875,zyto.com
943062,zentracker.de
943158,zgcy.gov.cn
943181,zcache.nl
943234,zwsudi.cn
943303,zorinaq.com
943390,zkzcpv.com
943391,zootsports.eu
943591,zaimoshop.ru
943671,zjitc.net
944104,zaklepka-vytyazhnaya.ru
944124,z-active.ru
944183,zent.ne.jp
944198,zhiyuxs.cc
944410,zollernalbkreis.de
944630,zakole.pl
944674,zibbet.com
944784,zee33administrations.xyz
944805,zenithspinmobileprox.com
944882,zoesky.cn
944925,zipistanbul.com
945097,zurna.ai
945130,zenwagergames.com
945223,zeroroot.com
945284,zlatnistandard.rs
945394,zavattishop.com
945395,zoodkomak.com
945564,zma9.casino
945571,zuendapp-aichner.de
945689,zfbs888.com
945888,zfilm-hd-2013.online
945988,zoot.bg
946181,zuevia.com
946187,zuxus.in
946238,z1s0o.top
946433,zi.media
946440,zassigsgdd.com
946543,zproxy.cam
946572,zzboyaxun.com
946646,zoneclearblog.uk
946692,z-7.ch
947029,zee7standards.top
947160,zibero.ru
947357,zenjackpotpro.com
947365,zmonei.com
947398,zenbridge.io
947586,zee61focusss.xyz
947627,zgkdb.com
947881,zed.city
947888,zz3557.com
947947,zhuishuyun.com
947974,zhgm3krpi5sz-1qegt6h5h.xyz
948059,zarulem-shop.ru
948118,zoaclachan.cyou
948244,zoomcats.com
948259,zrpress.ru
948287,zbzob.com
948337,zee7hotelss.top
948390,zbird.com
948413,zowoyoo.com
948460,zwia.org
948686,ziyanex.com
948717,zw3rk.com
948858,zjtietong.com
948904,zjjnews.cn
948908,zukunftsblog.at
949337,zee61tables.top
949342,zoneglobal.uk
949383,zxmzkgdu.com
949432,zflprojekte.de
949542,zykezix.com
949564,zcorum.com
949910,zohostatic.com.au
949924,zryhyy.com.cn
949927,zerkalnye-pravaa.site
949955,zebrabingo.org
950091,zfhda5m3n5r.com
950129,zive.net
950320,zhong5.cn
950339,zerkalo1101.casino
950518,zydusahl.com
950616,zjsgfm.com
950738,zeleyoniy-ugolok.icu
950938,zenfield.us
950999,zomedica.com
951283,zetaggflow.com
951311,ziyimall.com
951344,zurichus.com
951452,zapret-tg.ru
951520,zenslotsworksmax.com
951541,zhanwang.cn
951708,zelenka.ru
951770,zee7points.top
952081,zarya-egorlik.ru
952088,znate.ru
952180,zkqgjs.com
952375,ziyaraat.net
952406,zj130.cn
952496,zjfq.shop
952517,zverina.cz
952551,zhongguotv.com
952654,zerkalo1812.casino
952832,zcsxtyy.com
952885,zooma17.online
953070,zhaodehealth.com
953206,zetatower.com
953219,zarvagroup.com
953227,zexly.net
953335,zee61executives.shop
953408,zapavto.by
953425,zenithspinsport.com
953457,ziarulprahova.ro
953498,zamekryn.pl
953664,zee33candidates.top
953697,zhuoku.com
953712,zee7halfs.shop
953787,zionenterprises.com
953788,zgcqxs.net
953842,zee61cards.de
953992,zma11.casino
954209,zitzschennet.de
954250,zyxel.box
954443,zeroroleplay.it
954569,zenlane.co.uk
954636,zenvoices.com
954786,zl-oa.com
954787,zyno.lat
954793,zb-shuikongtiao.com
954800,zazumi.cz
954881,zen-dns.de
954892,zee7mentions.de
954972,zhcn-frontpage-kaiyun.com
955072,zmlii.com
955094,zenika.com
955165,zjkbolikj.com
955283,zee33mrss.top
955364,zarkuio.com
955801,zefiropiscine.it
955968,zetanet.net.br
956062,zensai.com
956129,zugspitz-region.de
956227,zhadan.life
956253,zempire.co.uk
956284,zennestmetapro.com
956513,zerocalcare.net
956608,zaun24.de
956829,zolimacitymag.com
956863,zggxzs.com
956970,zblogowani.pl
956992,zonehobby.com
957048,ziekenhuisrivierenland.nl
957219,zooland-varna.com
957313,zhaoguang.com
957340,zendepot.de
957440,zeni.ai
957449,zstandart.ru
957505,z2963.biz
957567,zetagamessuitex.com
957735,zadar.net
957836,zenmonitor.de
957924,zouqil.com
957943,zmdk.xyz
957956,zapolarye.ru
958207,zenacego.com
958249,zenbetcenter.ca
958306,zedshaw.com
958371,zh685638.cn
958464,zennetwork.us
958986,zdevice.ru
959203,zur-irkutsk.ru
959347,zlphretort.com
959455,zeusslotmachine.net
959472,zlk0ru8w2r86jprv0qvmw-qn0uf4.live
959476,zps33.ru
959726,zoodmall.uz
959761,zone.ne.jp
959762,zg66.ru
959807,ziosuite.com
960078,zounokuni.com
960138,zergportal.de
960170,zuu.co.jp
960173,zhenyuanlx.com
960220,zapaka.com.au
960344,zentralbahn.ch
960552,zigzagdigital.com
960729,zonexventures.co.uk
960745,zyx.de
961202,zfilm-hd-zerkalo.site
961216,zjcrea.com
961218,zukunft-mobilitaet.net
961371,zyfra-mining.com
961387,zazitkyzde.cz
961708,zipcube.com
961723,zhengxingzhijia.com
961867,zjtoyn.com
961895,znahidka.com.ua
961947,zeo.org
962105,zinfi.com
962194,zxklyh.cn
962220,zeropin.co.kr
962303,zdb.de
962427,zenspinhub.ca
962706,zepter.com
962800,zaslushaem.ru
963041,zoroboak.com
963077,zurv.com
963145,zenwagerhq.com
963293,zegama-aizkorri.com
963295,zuowenka.com
963380,zj48.net
964075,zahradajezek.cz
964076,zavanas.com
964077,zizzi.pl
964117,zerris.hu
964134,zambawin.biz
964281,zaktalk.com
964487,ziplist.com
964542,zooinform.ru
964627,zma12.casino
964790,zee7differents.de
965170,zis-insbud.com.pl
965219,zhongmaodao.com
965251,zixma.co
965314,zaimmagaz.ru
965775,za43.top
965936,zee7southerns.shop
965952,zjkedun.com
965997,zena-onylu.store
966177,zgmyfz.com
966208,zagonkastv.top
966219,zip.org
966509,zapplicants.com
966945,zillionit.com
967163,zoom.bh
967364,zw.lt
967370,z4dwcn.cn
967373,zyx523.net
967461,zorraquino.es
967578,zet-casino-ca.com
967717,zonemodernblog.uk
967825,zlink0.com
967928,zahl.wiki
968200,zogouds.nl
968277,zee61bagss.shop
968432,zoneactuel.fr
968474,zhrzsoft-cxpt.com
968491,zc.guru
968562,zencrewroulette.com
968695,zezo2.xyz
968784,zhuzaoguolvwang.cn
968800,ziye001.com
968827,zjyingtuo.com
968924,zucks.jp
969115,zjzjxh.com
969151,zorome-server.com
969188,zoodecin.cz
969383,zahoo.com
969500,zofraninfo.com
969532,zee61twos.shop
969597,zadipro.com
969616,zesty.dev
969653,zitomer.com
969741,zendaya.com
969792,zhoukan.cc
969903,zoom555ratu.com
969914,zbet.soy
969935,zivid.com
970068,zam.net
970114,zonesmartblog.uk
970130,zdimensions.app
970235,zeitview.com
970354,zanderins.com
970389,zenworks.ca
970547,zamtech.com.br
970668,zjusy.com
970715,zenvault.ca
970834,ztkchina.com
971028,zee7boxs.top
971180,zumimall.com
971329,zhiwwl.com
971626,zyuan100.cn
971812,zmotoryzowani.com
971904,zxzj.run
972095,zd3sj4j5d.com
972232,zg.org.cn
972297,zerkalocasino.online
972300,zorgdomein.com
972460,zetacrewgg.com
972468,zengameland.com
972483,zp-news.ru
972529,zetabazaargo.com
972611,zigzag777.com
972666,zurichinvest.ch
972669,zakka.com
972937,zenmartialartselp.com
972987,zhituibang.com
973151,zhuichaguoji.org
973191,zorgcomm.nl
973221,zcaijing.com
973400,zencard.be
973409,zun-kholba.ru
973470,zma10.casino
973561,zagonkatv.com
973734,zerphia.com
973793,zhjingfeng.com
974014,zhejiangrc.com
974074,zavod.ru
974154,ze.net
974193,z133.net
974377,zibiwx.cc
974433,zinc.cash
974566,zqwnet.com
974620,zbllatowing.com
974781,zachava.com
974782,zgbanyou.com
974783,zoftwarehub.com
974784,zykd07.cn
974935,zeptrcodehouse.com
974936,zsglgg.com
975171,zhbfc.com
975172,zuidunderwear.nl
975206,znanija.site
975335,zolotoloto.com
975356,zenloungespread.com
975376,zee7medicals.de
975390,zorpia.com
975549,zencornerbookie.com
975826,zenhubbet.com
975902,zee7ours.de
975996,zaf.ca
976000,zeuswebsitehost.com
976332,zioncloud.icu
976395,zepter-moscow.ru
976440,zee33backss.shop
976506,zonared.com
976568,zetacrewprox.com
976590,zhaotu.com
976686,zorglivrybhsmbovikravex.com
976687,zoomoutmagnifier.info
976775,zeze-hospi.org
976780,znsbahamas.com
977014,znpsb.com
977034,zerkalo73.casino
977170,zefon.com
977193,zingala.com
977197,zouyin.cn
977237,zerk.click
977331,zohi.tv
977349,zpsh.com.cn
977360,zertifikatecheck.de
977514,zerozero.cl
977676,zaap.ch
977792,zoya.in
978017,zaglebie.eu
978112,zaci9.com
978202,zddc.com.cn
978325,zero-books.net
978326,zldcccrjzcjfxoq.com
978356,zonexplatform.co.uk
978459,zerkalo34.casino
978654,zespolmaxdance.pl
978674,zhihuahr.com
978675,zombie.studio
978684,zonebrightblog.uk
978891,zenresources.de
979021,zertpruefung.de
979315,zett.jp
979388,zerince.com
979453,zee7ats.de
979494,zagonka.xyz
979777,zellatech.com
979822,zeeb-hosting.de
979831,zoundream-api.com
979932,z1511.top
979966,zohoaccl.com
979972,zuu.tools
980042,zennationnow.com
980045,z1077fm.com
980262,zerkon.beer
980502,zlordfilm.pro
980516,zmddoor.ru
980556,zenovra.website
980659,zoooptimum.com
980792,zhifazhifa.com
980840,zarmoney.com
980862,zaifer-ro.com
980868,zilyus.com
980875,znakplus.net
980907,zerkalo.xyz
980923,zxp.nl
981101,zonevipnow.com
981561,zoneguidenetwork.nl
981592,zetahubbracketprox.com
981782,zoekbox.nl
981862,zentis.de
981871,zlnk.ru
982017,zxslk.com
982227,zkh360.com
982337,zero52.net
982345,ztiannet.com
982515,zweb.com.br
982683,zendiamond.com
982684,zent.kr
982685,zoona.pl
982728,zegarkicentrum.pl
982768,zxlfgwds.cc
982776,zjxlib.cn
982884,zombiemyco.com
982918,zapfanlagendoktor.de
982929,zti.ru
983082,zzytkcy.com
983163,zenparlaymax.com
983212,zusidatenbank.de
983249,zhaodll.co
983321,zeto.bialystok.pl
983334,zebrasports.com
983382,zjhrss.gov.cn
983450,zooroyal.at
983540,zonahost.es
983624,ziwanxs.cc
983689,zerkalo45.casino
983763,zmo172eo9phnktf1pf.xyz
984002,zebramailboxes.com
984050,zetaarenaarenamax.com
984081,zopimlive.com
984163,zerkalo88.casino
984172,zml3onikjft.info
984199,zee61bagss.de
984270,zhijiu393.com
984282,zfbs.shop
984399,zeaids.com
984487,zxkao.com
984523,zenithroulette.com
984537,zglww.net
984551,zaojudu.com
984585,zipcodezoo.com
984883,zhicayfoods.com
984884,zipay.io
984919,zonadengi.ru
985062,zutphen.nl
985131,zamankurs.com
985274,zenithtrustcorp.net
985349,zapoy.su
985521,zefix.pl
985573,zinniabridal.com.au
985634,zhidaohui.com
985746,zenoarte.it
985756,zelman.ee
985786,zonenetlink.com
985828,z-market.by
985862,ztasks.app
985971,zp9o7fqxfv3m.lat
985974,zynorix.com
986090,zone-sexe.com
986356,zeerawireless.com
986469,zarebasystems.com
986591,zuomod.com
986991,z8y4b5bhg.com
987016,zee61placess.de
987055,zcom.com
987070,zibakade.com
987093,zoopet.com
987113,zuzuscupcakes.ch
987315,zh-canon.com
987631,zenogroup.com
987639,zebrabingo.nl
987777,ztnjcc.com
987821,ziyexing.com
987987,zanroo.com
988013,zensical.org
988366,z4x3t8.com
988367,zspdvh.com
988478,zagonk.com
988503,zooplusstore.com
988673,zphib1920.org
988682,zizzifashion.com
988696,zeals.co.jp
988775,zelengiding.ir
988797,zonexspins.co.uk
988951,zicev.org.tr
989211,zjmksb.cn
989402,ziwaw.com
989403,zhuangjiba.com
989407,zullihomedesign.com
989463,zee7choicess.xyz
989471,zyludnwl.cc
989492,zizix.fr
989526,zjyfwy.com
989562,zoneurban.uk
989934,zjgwy.org
990054,zbt.com
990546,zap.ru
990594,zealoptics.com
990772,zimadental.co
990844,zacuto.com
990857,zinc.org
990870,zlabz.io
990904,zee61memberss.top
990953,zephyrandzealot.website
991478,zenview.ca
991987,zdz.katowice.pl
992050,zandstuve.nl
992076,ztu.edu.cn
992178,zae.me
992294,zdravljenjealkoholizma.com
992310,zipdns.net
992411,zom.su
992451,zenithstudioprox.com
992621,zajazdszalas.pl
992642,zazz.io
992679,zzzagros.com
992773,zetaacebracketpro.com
992821,zzrrv.com
992856,zambia.co.zm
992869,zumaia.eus
993117,zalivcasino.top
993146,zee33organizations.xyz
993275,zincirlikuyu.eu
993357,zeytinburnu.istanbul
993463,zzrs.org
993518,zatocsi.cz
993668,zimmersms.com
993899,zenmetarise.com
994040,zentowerblackjackmax.com
994090,zee7leasts.xyz
994095,zukunftsimpulse.at
994152,zsimplants.com
994297,zadowolenie.pl
994306,zonedaily.uk
994362,zerara.com
994373,zoneopenblog.uk
994398,zee7environmentals.de
994401,zibkoe.ru
994496,zjlottery.com
994581,zootzone.com
994625,zwembadenwebshop.nl
994738,zhixiaodao.com
994756,zanotta.it
994843,zipcushions.com
994958,zenusmed.com.hk
995105,zuwa.co.kr
995246,znakomstvalugansk.ru
995265,zootils.com
995274,zaojiaoziliao.com
995382,zombiearmy.com
995509,zucheltd.com
995541,zenlounge360.com
995676,zabradli-znerezu.cz
995938,zhongzidi.com
995945,zhscwl.com
995980,zzzyk.com
995982,zabudowa-agd.pl
996031,zorlu.com
996177,zontaaw.cn
996401,zininmeer.be
996415,zublink.com
996470,zbvc.edu.cn
996608,zdushi.com
996632,zerodeposit.com
996730,zoni.edu
996777,zigchain.com
996792,zeusdenemebonustr.vip
996969,zhibit.org
997009,zole-hosting.net
997037,zhuanshutupian458.com
997092,zseft-zundapp.com
997687,zae.cc
997688,zhongmihui.com
997689,zjhsgf.com
997690,zkjgeigjs.fit
997691,zlkjgejgegy.fit
997692,ztedus.com
997693,zuznow.com
997760,zalozna.sk
997804,zebraclub.store
998036,zenith.co.uk
998115,zoebaby.com
998118,zhigushe.com
998162,zerodium.com
998237,zo13iqj.com
998350,zhilploschady.ru
998577,zcshipinjixie.com
998859,zoomsoon.com.cn
999079,zenvyvault.com
999118,zentmeyergenealogy.com
999151,zver-vnutri-test.ru
999180,z4isp.com
999222,zionshipping.com
999242,zhigulu.com
999323,zee61stars.top
999359,zc1988.cn
999536,zaglebie.com
999608,zerano.space
999666,zapovednoe.ru
999738,zpv.solar
999754,zvetki.ru
999842,zhaodanji.com
999854,zetcom.app
999871,zbsig.com
